state,district,market,commodity,variety,grade,arrival_date,min_price,max_price,modal_price
Tamil Nadu,Coimbatore,Singanallur(Uzhavar Sandhai ),Pumpkin,Pumpkin,Local,10/08/2026,1800,2200,2000
Tamil Nadu,Coimbatore,Singanallur(Uzhavar Sandhai ),Banana - Green,Banana - Green,Local,10/08/2026,3400,4000,3700
Tamil Nadu,Coimbatore,Singanallur(Uzhavar Sandhai ),Cabbage,Cabbage,Local,10/08/2026,2600,3000,2800
Tamil Nadu,Coimbatore,Singanallur(Uzhavar Sandhai ),Snakeguard,Snakeguard,Local,10/08/2026,3000,3500,3250
Tamil Nadu,Coimbatore,Singanallur(Uzhavar Sandhai ),Ridgeguard(Tori),Ridgeguard(Tori),Local,10/08/2026,4400,5000,4700
Tamil Nadu,Coimbatore,Singanallur(Uzhavar Sandhai ),Lemon,Lemon,Local,10/08/2026,9000,10000,9500
Gujarat,Dahod,Dahod APMC,Maize,White (SAFED),Local,10/08/2026,2250,2750,2425
Gujarat,Dahod,Dahod APMC,Soyabean,Soyabeen,Local,10/08/2026,6650,6850,6800
Gujarat,Dahod,Dahod APMC,Black Gram(Urd Beans)(Whole),Black Gram (Whole),Non-FAQ,10/08/2026,7500,8500,8150
Gujarat,Dahod,Dahod APMC,Rice,Lashkari,FAQ,10/08/2026,5200,6500,5665
Gujarat,Banaskanth,Deesa APMC,Bajra(Pearl Millet/Cumbu),Bold,FAQ,10/08/2026,2250,2585,2375
Gujarat,Rajkot,Rajkot(Veg.Sub Yard) APMC,Bhindi(Ladies Finger),Bhindi,FAQ,10/08/2026,4050,6135,5090
Gujarat,Rajkot,Rajkot(Veg.Sub Yard) APMC,Tomato,Tomato,FAQ,10/08/2026,1125,2595,1860
Andhra Pradesh,Guntur,Guntur APMC,Dry Chillies,Red,FAQ,10/08/2026,14000,21000,20000
Tamil Nadu,Coimbatore,Pollachi(Uzhavar Sandhai ),Cowpea(Veg),Cowpea (Veg),Local,10/08/2026,3500,4000,3750
Tamil Nadu,Coimbatore,Pollachi(Uzhavar Sandhai ),Coconut,Coconut,Local,10/08/2026,5500,6000,5750
Tamil Nadu,Coimbatore,Pollachi(Uzhavar Sandhai ),Beetroot,Beetroot,Local,10/08/2026,5000,8000,6500
Tamil Nadu,Coimbatore,Pollachi(Uzhavar Sandhai ),Thondekai,Thondekai,Local,10/08/2026,4500,5000,4750
Tamil Nadu,Coimbatore,Pollachi(Uzhavar Sandhai ),Tender Coconut,Tender Coconut,Local,10/08/2026,3500,4000,3750
Tamil Nadu,Coimbatore,Pollachi(Uzhavar Sandhai ),Amla(Nelli Kai),Amla,Local,10/08/2026,7000,8000,7500
Uttar Pradesh,Bijnor,Haldaur APMC,Wheat,Medium,FAQ,10/08/2026,2625,2700,2632.5
Andhra Pradesh,Chittor,V. Kota Sub-yard of AMC Palamaneru,Tomato,Other,FAQ,10/08/2026,900,1200,1000
Himachal Pradesh,Una,PMY Una,Pear(Marasebu),Babbugosha,Grade A,10/08/2026,7000,12000,10000
Himachal Pradesh,Una,PMY Una,Brinjal,Brinjal,Local,10/08/2026,1500,2200,1800
Himachal Pradesh,Una,PMY Una,Bitter gourd,Bitter Gourd,Local,10/08/2026,1500,2000,1800
Himachal Pradesh,Una,PMY Una,Green Chilli,Green Chilly,FAQ,10/08/2026,5000,6000,5500
Himachal Pradesh,Una,PMY Una,Potato,Potato,FAQ,10/08/2026,800,1000,900
Himachal Pradesh,Una,PMY Una,Raddish,Raddish,Local,10/08/2026,2700,2700,2700
Himachal Pradesh,Una,PMY Una,Tomato,Tomato,Local,10/08/2026,2800,3500,3200
Uttar Pradesh,Mahoba,Charkhari APMC,Barley(Jau),Other,FAQ,10/08/2026,2600,2600,2600
Uttar Pradesh,Hamirpur,Raath APMC,Wheat,Medium,FAQ,10/08/2026,2400,2500,2454.59
Uttar Pradesh,Hamirpur,Raath APMC,Mustard,Other,FAQ,10/08/2026,6000,6000,6000
Uttar Pradesh,Shahjahanpur,Jalalabad APMC,Wood,Other,FAQ,10/08/2026,900,900,900
Uttar Pradesh,Lucknow,Banthara APMC,Pegeon Pea(Arhar Fali),Other,FAQ,10/08/2026,8000,8000,8000
Telangana,Hyderabad,"Alwal,RBZ",Bhindi(Ladies Finger),Bhindi,FAQ,10/08/2026,3500,3500,3500
Telangana,Hyderabad,"Alwal,RBZ",Little gourd(Kundru),Other,FAQ,10/08/2026,2800,2800,2800
Uttar Pradesh,Shamli,Kairana APMC,Guava,Guava,Medium,10/08/2026,2300,2400,2350
Uttar Pradesh,Shamli,Kairana APMC,Lemon,Lemon,FAQ,10/08/2026,3900,4000,3950
Uttar Pradesh,Shamli,Kairana APMC,Tomato,Other,FAQ,10/08/2026,1800,1800,1800
Keralam,Idukki,Thodupuzha Market,Cardamom,Other,Grade Range-1,10/08/2026,312200,312400,312400
Keralam,Idukki,Thodupuzha Market,Ginger(Dry),Dry,Grade Range-1,10/08/2026,12300,12500,12500
Keralam,Idukki,Thodupuzha Market,Ginger(Dry),Unbleached,Grade Range-1,10/08/2026,11800,12000,12000
Keralam,Idukki,Thodupuzha Market,Coconut,Other,Grade Range-1,10/08/2026,5600,5800,5800
Keralam,Idukki,Thodupuzha Market,Turmeric,Dry,Grade Range-1,10/08/2026,18800,19000,19000
Keralam,Idukki,Thodupuzha Market,Turmeric,Other,Grade Range-1,10/08/2026,14100,14300,14300
Odisha,Bargarh,Bargarh(Barapalli) APMC,Brinjal,Brinjal,Medium,10/08/2026,3000,4000,3500
Andhra Pradesh,Vijayanagaram,Vijayanagaram APMC,Maize,Local,Local,10/08/2026,2400,2400,2400
Uttar Pradesh,Agra,Samsabad APMC,Tomato,Hybrid,Local,10/08/2026,1400,1600,1500
Uttar Pradesh,Agra,Samsabad APMC,Potato,Local,Local,10/08/2026,450,600,500
Odisha,Bolangir,Tusura APMC,Cauliflower,Other,Medium,10/08/2026,5200,6000,5600
Odisha,Bolangir,Tusura APMC,Brinjal,Other,Local,10/08/2026,1800,2400,2200
Odisha,Bolangir,Tusura APMC,Tomato,Other,Local,10/08/2026,1800,2200,2000
Odisha,Bolangir,Tusura APMC,Green Chilli,Other,Local,10/08/2026,9000,10000,9500
Telangana,Ranga Reddy,L B Nagar APMC,Field Pea,Field Pea,Medium,10/08/2026,3000,4000,3500
Telangana,Ranga Reddy,L B Nagar APMC,Cucumbar(Kheera),Cucumbar,Medium,10/08/2026,1000,1500,1200
Telangana,Ranga Reddy,L B Nagar APMC,Drumstick,Drumstick,Medium,10/08/2026,2000,3000,2500
Telangana,Ranga Reddy,L B Nagar APMC,Potato,Potato,Medium,10/08/2026,1000,1500,1250
Telangana,Ranga Reddy,L B Nagar APMC,Bhindi(Ladies Finger),Bhindi,Medium,10/08/2026,1000,2000,1500
Odisha,Rayagada,Rayagada(Muniguda) APMC,Cauliflower,Cauliflower,Grade B,10/08/2026,2700,3450,2900
Telangana,Siddipet,Siddipet(Rythu Bazar) ,Bhindi(Ladies Finger),Bhindi,Grade A,10/08/2026,2000,2800,2400
Telangana,Siddipet,Siddipet(Rythu Bazar) ,Cucumbar(Kheera),Cucumbar,Grade A,10/08/2026,1000,2000,1500
Telangana,Siddipet,Siddipet(Rythu Bazar) ,Potato,Red Nanital,Grade A,10/08/2026,1500,2400,2000
Uttar Pradesh,Farukhabad,Kamlaganj APMC,Maize,Other,FAQ,10/08/2026,2000,2200,2085.61
Uttar Pradesh,Amroha,Dhanaura APMC,Brinjal,Brinjal,Medium,10/08/2026,1480,1550,1500
Telangana,Ranga Reddy,"Vanasthalipuram,RBZ ",Cabbage,Cabbage,Grade A,10/08/2026,1600,1600,1600
Telangana,Ranga Reddy,"Vanasthalipuram,RBZ ",Colacasia,Colacasia,Grade A,10/08/2026,2600,2600,2600
Telangana,Ranga Reddy,"Vanasthalipuram,RBZ ",Snakeguard,Snakeguard,Grade A,10/08/2026,2300,2300,2300
Telangana,Ranga Reddy,"Vanasthalipuram,RBZ ",Beetroot,Beetroot,Grade A,10/08/2026,3200,3200,3200
Telangana,Ranga Reddy,"Vanasthalipuram,RBZ ",Onion,Onion,Grade A,10/08/2026,3000,3000,3000
Telangana,Ranga Reddy,"Vanasthalipuram,RBZ ",Other green and fresh vegetables,Other,Grade A,10/08/2026,2000,2000,2000
Odisha,Nayagarh,Sarankul APMC,Brinjal,Round,Grade Range-2,10/08/2026,3900,4100,4000
Odisha,Nayagarh,Sarankul APMC,Cabbage,Other,Grade Range-2,10/08/2026,2100,2300,2200
West Bengal,Coochbehar,Baxirhat APMC,Rice,Common,FAQ,10/08/2026,3900,4100,4000
Tamil Nadu,Karur,Karur(Uzhavar Sandhai ),Green Chilli,Green Chilly,Local,10/08/2026,3000,4000,3500
Tamil Nadu,Karur,Karur(Uzhavar Sandhai ),Coconut,Coconut,Local,10/08/2026,5500,6000,5750
Tamil Nadu,Karur,Karur(Uzhavar Sandhai ),Ginger(Green),Green Ginger,Local,10/08/2026,19500,20000,19750
Tamil Nadu,Karur,Karur(Uzhavar Sandhai ),Snakeguard,Snakeguard,Local,10/08/2026,3500,4000,3750
Tamil Nadu,Karur,Karur(Uzhavar Sandhai ),Raddish,Raddish,Local,10/08/2026,2500,3000,2750
Tamil Nadu,Karur,Karur(Uzhavar Sandhai ),Thondekai,Thondekai,Local,10/08/2026,4500,5000,4750
Tamil Nadu,Karur,Karur(Uzhavar Sandhai ),Green Avare(W),Other,Local,10/08/2026,7000,8000,7500
Tamil Nadu,Karur,Karur(Uzhavar Sandhai ),Drumstick,Drumstick,Local,10/08/2026,2500,3000,2750
Tamil Nadu,Karur,Karur(Uzhavar Sandhai ),Amla(Nelli Kai),Amla,Local,10/08/2026,7500,8000,7750
Tripura,North Tripura,Kadamtala,Tomato,Tomato,FAQ,10/08/2026,4500,6000,5000
Tripura,Unokoti,Machmara,Brinjal,Round/Long,Grade A,10/08/2026,4700,4700,4700
Tripura,Unokoti,Machmara,Onion,Nasik,Grade A,10/08/2026,3200,3200,3200
Tripura,Unokoti,Panichowki,Brinjal,Brinjal,Medium,10/08/2026,2600,2600,2600
Assam,Kamrup,Pamohi(Garchuk) APMC,Corriander seed,Coriander Seed,FAQ,10/08/2026,8000,9000,8500
Assam,Kamrup,Pamohi(Garchuk) APMC,Ginger(Green),Green Ginger,FAQ,10/08/2026,11000,13000,12000
Assam,Kamrup,Pamohi(Garchuk) APMC,Garlic,Garlic,FAQ,10/08/2026,12000,14000,13000
Assam,Kamrup,Pamohi(Garchuk) APMC,Onion,Local,FAQ,10/08/2026,3500,4000,3600
Assam,Kamrup,Pamohi(Garchuk) APMC,Potato,Potato,FAQ,10/08/2026,1000,1600,1100
Tamil Nadu,Coimbatore,Kurichi(Uzhavar Sandhai ),Papaya,Papaya,Local,10/08/2026,4000,4500,4250
Tamil Nadu,Coimbatore,Kurichi(Uzhavar Sandhai ),Tomato,Local,Local,10/08/2026,1400,1600,1500
Tamil Nadu,Coimbatore,Kurichi(Uzhavar Sandhai ),Green Chilli,Green Chilly,Local,10/08/2026,4500,5000,4750
Tamil Nadu,Coimbatore,Kurichi(Uzhavar Sandhai ),Banana - Green,Banana - Green,Local,10/08/2026,3500,4000,3750
Tamil Nadu,Coimbatore,Kurichi(Uzhavar Sandhai ),Sweet Potato,Hosur Red,Local,10/08/2026,4000,4500,4250
Tamil Nadu,Coimbatore,Kurichi(Uzhavar Sandhai ),Ridgeguard(Tori),Ridgeguard(Tori),Local,10/08/2026,4500,5000,4750
Tamil Nadu,Coimbatore,Kurichi(Uzhavar Sandhai ),Mango(Raw-Ripe),Mango - Raw-Ripe,Local,10/08/2026,7500,8000,7750
Tamil Nadu,Coimbatore,Kurichi(Uzhavar Sandhai ),Mint(Pudina),Mint(Pudina),Local,10/08/2026,4500,5000,4750
Madhya Pradesh,Shivpuri,Barad APMC,Wheat,Wheat,FAQ,10/08/2026,2500,2500,2500
Madhya Pradesh,Jabalpur,Paatan APMC,Bengal Gram(Gram)(Whole),Gram,Non-FAQ,10/08/2026,5850,5850,5850
Madhya Pradesh,Jabalpur,Paatan APMC,Green Peas,Pea,Non-FAQ,10/08/2026,2070,2070,2070
Madhya Pradesh,Jabalpur,Paatan APMC,Black Gram(Urd Beans)(Whole),Urda/Urd,FAQ,10/08/2026,7500,8515,8515
Maharashtra,Yavatmal,"Shekari Krushi Khajgi Bazar, Arni, Dist Yavatmal",Red gram/Arhar/Tur(whole),Other,Local,10/08/2026,7300,7513,7480
Maharashtra,Yavatmal,"Shekari Krushi Khajgi Bazar, Arni, Dist Yavatmal",Jowar(Sorghum),Other,Local,10/08/2026,2151,2151,2151
Maharashtra,Yavatmal,"Mahesh Krushi Utpanna Bazar, Digras, Dist Yeotmal",Wheat,Other,Local,10/08/2026,1700,2600,2377
Tamil Nadu,Cuddalore,Chidambaram(Uzhavar Sandhai ),Brinjal,Round,Local,10/08/2026,5000,6000,5500
Tamil Nadu,Cuddalore,Chidambaram(Uzhavar Sandhai ),Bhindi(Ladies Finger),Bhindi,Local,10/08/2026,3500,3500,3500
Tamil Nadu,Cuddalore,Cuddalore(Uzhavar Sandhai ),Bottle gourd,Bottle Gourd,Local,10/08/2026,2000,2500,2250
Tamil Nadu,Cuddalore,Cuddalore(Uzhavar Sandhai ),Ashgourd,Gouard,Local,10/08/2026,4000,4000,4000
Tamil Nadu,Cuddalore,Cuddalore(Uzhavar Sandhai ),Tapioca,Tapioca,Local,10/08/2026,4000,5000,4500
Tamil Nadu,Cuddalore,Cuddalore(Uzhavar Sandhai ),Chow Chow,Chow Chow,Local,10/08/2026,3500,4000,3750
Tamil Nadu,Cuddalore,Cuddalore(Uzhavar Sandhai ),Drumstick,Drumstick,Local,10/08/2026,4000,5000,4500
Tamil Nadu,Cuddalore,Cuddalore(Uzhavar Sandhai ),Knool Khol,Knool Khol,Local,10/08/2026,4000,4000,4000
Tamil Nadu,Cuddalore,Cuddalore(Uzhavar Sandhai ),Lemon,Lemon,Local,10/08/2026,6000,8000,7000
Madhya Pradesh,Shivpuri,Magroni(F&V) APMC,Cucumbar(Kheera),Cucumbar,Grade A,10/08/2026,300,750,500
Madhya Pradesh,Ujjain,Ujjain APMC,Potato,Potato,FAQ,10/08/2026,757.73,800,800
Madhya Pradesh,Panna,Panna APMC,Wheat,Mill Quality,Non-FAQ,10/08/2026,2340,2565,2465
Madhya Pradesh,Panna,Panna APMC,Wheat,Mill Quality,FAQ,10/08/2026,2505,2522,2515
Rajasthan,Jaipur,Bassi APMC,Bajra(Pearl Millet/Cumbu),Other,Local,10/08/2026,2190,2190,2190
Rajasthan,Jaipur,Bassi APMC,Mustard,Other,Local,10/08/2026,7641,7790,7715
Tamil Nadu,Chengalpattu,Thirukalukundram(Uzhavar Sandhai ),Potato,Other,Local,10/08/2026,2500,3000,2750
Madhya Pradesh,Ashoknagar,Ashoknagar APMC,Mustard,Mustard,FAQ,10/08/2026,7300,7300,7300
Madhya Pradesh,Ashoknagar,Ashoknagar APMC,Soyabean,Soyabeen,FAQ,10/08/2026,5411,6775,6590
Chattisgarh,Dhamtari,Dhamtari APMC,Paddy(Common),Om 3,FAQ,10/08/2026,3100,3150,3145
Madhya Pradesh,Indore,Indore APMC,Maize,Local,FAQ,10/08/2026,2340,2401,2340
Madhya Pradesh,Indore,Indore APMC,Potato,Local,FAQ,10/08/2026,750,750,750
Madhya Pradesh,Indore,Indore APMC,French Beans(Frasbean),French Beans (Frasbean),FAQ,10/08/2026,6680,6680,6680
Madhya Pradesh,Indore,Indore APMC,Wheat,Malwa Shakti,Non-FAQ,10/08/2026,2670,2670,2670
Madhya Pradesh,Indore,Indore APMC,Green Gram(Moong)(Whole),Green (Whole),FAQ,10/08/2026,2500,6755,6755
Karnataka,Bengaluru,Bengaluru APMC,Bengal Gram(Gram)(Whole),Average (Whole),FAQ,10/08/2026,7200,8000,7600
Karnataka,Bengaluru,Bengaluru APMC,Black Gram(Urd Beans)(Whole),Black Gram (Whole),FAQ,10/08/2026,11500,13000,12250
Karnataka,Bengaluru,Bengaluru APMC,Turmeric,Turmeric Stick,Medium,10/08/2026,19000,23000,21000
Karnataka,Bengaluru,Bengaluru APMC,Tamarind Fruit,Tamarind Fruit,Medium,10/08/2026,7000,11500,9250
Karnataka,Bengaluru,Binny Mill (FF&V) Bengaluru APMC,Banana,Pachha Bale,Local,10/08/2026,600,2900,1750
Karnataka,Bengaluru,Binny Mill (FF&V) Bengaluru APMC,Banana,Nendra Bale,Local,10/08/2026,1000,3100,2050
Karnataka,Bengaluru,Binny Mill (FF&V) Bengaluru APMC,Water Melon,Water Melon,Local,10/08/2026,800,1400,1200
Karnataka,Bengaluru,Binny Mill (FF&V) Bengaluru APMC,Mousambi(Sweet Lime),Mousambi,Large,10/08/2026,3000,4000,3500
Karnataka,Bengaluru,Binny Mill (FF&V) Bengaluru APMC,Beans,Beans (Whole),Local,10/08/2026,5700,6700,6200
Karnataka,Bengaluru,Binny Mill (FF&V) Bengaluru APMC,Ginger(Green),Green Ginger,Local,10/08/2026,15000,17000,16000
Karnataka,Bengaluru,Binny Mill (FF&V) Bengaluru APMC,Sweet Potato,Sweet Potato,Local,10/08/2026,3000,3200,3100
Karnataka,Bengaluru,Binny Mill (FF&V) Bengaluru APMC,Snakeguard,Snakeguard,Local,10/08/2026,2000,2200,2100
Karnataka,Bengaluru,Binny Mill (FF&V) Bengaluru APMC,Beetroot,Beetroot,Local,10/08/2026,2800,3400,3100
Karnataka,Bengaluru,Binny Mill (FF&V) Bengaluru APMC,White Pumpkin,White Pumpkin,Local,10/08/2026,2000,2200,2100
Karnataka,Bengaluru,Binny Mill (FF&V) Bengaluru APMC,Peas Wet,Peas Wet,Local,10/08/2026,12000,14000,13000
Karnataka,Bengaluru,Binny Mill (FF&V) Bengaluru APMC,Pomegranate,Pomogranate,Large,10/08/2026,10000,16000,14000
Karnataka,Bengaluru,Binny Mill (FF&V) Bengaluru APMC,Bunch Beans,Bunch Beans,Local,10/08/2026,4000,5200,4600
Madhya Pradesh,Bhopal,Bhopal APMC,Groundnut,Groundnut seed,FAQ,10/08/2026,13601.25,13601.25,13601.25
Madhya Pradesh,Neemuch,Neemuch APMC,Garlic,Average,Non-FAQ,10/08/2026,3700,12001,12001
Madhya Pradesh,Neemuch,Neemuch APMC,Isabgul(Psyllium),Isabgol,FAQ,10/08/2026,9250,10850,9500
Madhya Pradesh,Neemuch,Neemuch APMC,Maize,Local,FAQ,10/08/2026,1491,2600,2600
Madhya Pradesh,Neemuch,Neemuch APMC,Barley(Jau),Barley,Non-FAQ,10/08/2026,2679,2700,2700
Madhya Pradesh,Neemuch,Neemuch APMC,Quinoa,Quinoa,FAQ,10/08/2026,3999,4370,4370
Madhya Pradesh,Neemuch,Neemuch APMC,Kabuli Chana(Chickpeas-White),Dollar Gram,FAQ,10/08/2026,5451,7900,7000
Madhya Pradesh,Neemuch,Neemuch APMC,Chiaseeds,Chiaseeds,Non-FAQ,10/08/2026,17500,19351,18800
Madhya Pradesh,Neemuch,Neemuch APMC,Asparagus,Asparagus,FAQ,10/08/2026,4100,28401,28401
Madhya Pradesh,Neemuch,Neemuch APMC,Isabgul(Psyllium),Isabgol,Non-FAQ,10/08/2026,9900,13251,13251
Madhya Pradesh,Neemuch,Neemuch APMC,Green Gram(Moong)(Whole),Green (Whole),FAQ,10/08/2026,6699,6899,6899
Madhya Pradesh,Gwalior,Dabra APMC,Red gram/Arhar/Tur(whole),Arhar Dal(Tur),FAQ,10/08/2026,5825,5900,5900
Madhya Pradesh,Satna,Satna APMC,Mustard,Mustard,FAQ,10/08/2026,6899,7920,7905
Madhya Pradesh,Satna,Satna APMC,Green Peas,Pea,FAQ,10/08/2026,3100,3950,3100
Madhya Pradesh,Satna,Satna APMC,Black Gram(Urd Beans)(Whole),Urda/Urd,FAQ,10/08/2026,3200,8800,8305
Madhya Pradesh,Satna,Satna APMC,Soyabean,Soyabeen,FAQ,10/08/2026,6464,6900,6900
Madhya Pradesh,Satna,Satna APMC,Kodo Millet(Varagu),Kondo,FAQ,10/08/2026,2300,2300,2300
Tamil Nadu,Tuticorin,Tuticorin(Uzhavar Sandhai ),Onion,Bellary,Local,10/08/2026,4000,4500,4250
Tamil Nadu,Tuticorin,Tuticorin(Uzhavar Sandhai ),Brinjal,Round,Local,10/08/2026,4000,4500,4250
Tamil Nadu,Tuticorin,Tuticorin(Uzhavar Sandhai ),Banana,Besrai,Local,10/08/2026,2500,3000,2750
Tamil Nadu,Tuticorin,Tuticorin(Uzhavar Sandhai ),Tomato,Local,Local,10/08/2026,2000,2500,2250
Tamil Nadu,Tuticorin,Tuticorin(Uzhavar Sandhai ),Banana - Green,Banana - Green,Local,10/08/2026,2500,3000,2750
Tamil Nadu,Tuticorin,Tuticorin(Uzhavar Sandhai ),Snakeguard,Snakeguard,Local,10/08/2026,3500,4000,3750
Tamil Nadu,Tuticorin,Tuticorin(Uzhavar Sandhai ),Guava,Guava Allahabad,Local,10/08/2026,5000,6000,5500
Tamil Nadu,Tuticorin,Tuticorin(Uzhavar Sandhai ),Lemon,Lemon,Local,10/08/2026,7000,8000,7500
Tamil Nadu,Tuticorin,Tuticorin(Uzhavar Sandhai ),Onion Green,Onion Green,Local,10/08/2026,6500,7000,6750
Tamil Nadu,Tuticorin,Tuticorin(Uzhavar Sandhai ),Mint(Pudina),Mint(Pudina),Local,10/08/2026,4000,4500,4250
Madhya Pradesh,Vidisha,Ganjbasoda APMC,Bengal Gram(Gram)(Whole),Gram,FAQ,10/08/2026,5950,5981,5981
Madhya Pradesh,Vidisha,Vidisha APMC,Wheat,Wheat,FAQ,10/08/2026,2501,2892,2750
Madhya Pradesh,Vidisha,Vidisha APMC,Bengal Gram(Gram)(Whole),Gram,FAQ,10/08/2026,5350,6420,6115
Madhya Pradesh,Katni,Katni APMC,Linseed,Flaxseed,Non-FAQ,10/08/2026,8590,8710,8710
Madhya Pradesh,Katni,Katni APMC,Paddy(Common),Dhan,FAQ,10/08/2026,2050,2181,2181
Madhya Pradesh,Katni,Katni APMC,Black Gram(Urd Beans)(Whole),Urda/Urd,FAQ,10/08/2026,4000,8626,8626
Madhya Pradesh,Katni,Katni APMC,Lentil(Masur)(Whole),Masur Dal,Non-FAQ,10/08/2026,3500,9000,6151
Madhya Pradesh,Katni,Katni APMC,Bengal Gram(Gram)(Whole),Gram,Non-FAQ,10/08/2026,4700,6302,6200
Madhya Pradesh,Katni,Katni APMC,Wheat,Wheat,Non-FAQ,10/08/2026,2370,2621,2570
Karnataka,Haveri,Byadagi APMC,Dry Chillies,Guntur,Medium,10/08/2026,1809,23009,13509
Madhya Pradesh,Betul,Betul APMC,Bengal Gram(Gram)(Whole),Gram,Non-FAQ,10/08/2026,5000,5000,5000
Assam,Tinsukia,Tinsukia Market,French Beans(Frasbean),Other,FAQ,10/08/2026,7000,9000,8000
Assam,Tinsukia,Tinsukia Market,Ginger(Green),Green Ginger,FAQ,10/08/2026,6000,8000,7000
Bihar,Saharsa,Saharsa APMC,Potato,Local,FAQ,10/08/2026,1000,1100,1050
Madhya Pradesh,Morena,Morena APMC,Bottle gourd,Bottle Gourd,Non-FAQ,10/08/2026,300,1000,1000
Madhya Pradesh,Morena,Morena APMC,Other green and fresh vegetables,Other green and fresh vegetables,Non-FAQ,10/08/2026,600,2000,2000
Madhya Pradesh,Morena,Morena APMC,Green Gram(Moong)(Whole),Green (Whole),Non-FAQ,10/08/2026,6730,6790,6790
Madhya Pradesh,Sehore,Ashta APMC,Bengal Gram(Gram)(Whole),Gram,FAQ,10/08/2026,2801,6914,6914
Madhya Pradesh,Sehore,Sehore APMC,Wheat,Mill Quality,FAQ,10/08/2026,2575,2586,2586
Madhya Pradesh,Sehore,Sehore APMC,Mustard,Sarson(Black),FAQ,10/08/2026,7700,7700,7700
Madhya Pradesh,Sehore,Sehore APMC,Garlic,Garlic,FAQ,10/08/2026,11000,15600,11000
Madhya Pradesh,Dhar,Dhar APMC,Soyabean,Soyabeen,FAQ,10/08/2026,1650,6900,6752
Madhya Pradesh,Khargone,Khargone APMC,Wheat,Wheat,FAQ,10/08/2026,2451,2756,2718
Tamil Nadu,Nagercoil (Kannyiakumari),Vadaseri APMC,Potato,Red Nanital,Local,10/08/2026,4300,4800,4550
Tamil Nadu,Nagercoil (Kannyiakumari),Vadaseri APMC,Tomato,Local,Local,10/08/2026,2500,2800,2650
Tamil Nadu,Nagercoil (Kannyiakumari),Vadaseri APMC,Ashgourd,Gouard,Local,10/08/2026,2700,3000,2850
Tamil Nadu,Nagercoil (Kannyiakumari),Vadaseri APMC,Tapioca,Tapioca,Local,10/08/2026,3500,4000,3750
Tamil Nadu,Nagercoil (Kannyiakumari),Vadaseri APMC,Green Avare(W),Green Avare (W),Local,10/08/2026,4300,4800,4550
Tamil Nadu,Nagercoil (Kannyiakumari),Vadaseri APMC,Mango(Raw-Ripe),Mango - Raw-Ripe,Local,10/08/2026,5500,6000,5750
Tamil Nadu,Nagercoil (Kannyiakumari),Vadaseri APMC,Jack Fruit(Ripe),Jack Fruit,Local,10/08/2026,3000,3500,3250
Tamil Nadu,Nagercoil (Kannyiakumari),Vadaseri APMC,Lime,Lime,Local,10/08/2026,4500,5000,4750
Tamil Nadu,Nagercoil (Kannyiakumari),Vadaseri APMC,Elephant Yam(Suran)/Amorphophallus,Elephant Yam (Suran),Local,10/08/2026,5000,5500,5250
Tamil Nadu,Nagercoil (Kannyiakumari),Vadaseri APMC,Colacasia,Colacasia,Local,10/08/2026,8500,9000,8750
Karnataka,Gadag,Mundaragi APMC,Sunflower/Sunflower Seed,Sunflower,Non-FAQ,10/08/2026,7399,8002,7780
Madhya Pradesh,Khandwa,Khandwa APMC,Kabuli Chana(Chickpeas-White),Dollar Gram,FAQ,10/08/2026,6500,6500,6500
Madhya Pradesh,Khandwa,Khandwa APMC,Green Gram(Moong)(Whole),Green (Whole),FAQ,10/08/2026,6200,6751,6751
Madhya Pradesh,Mandsaur,Mandsaur APMC,Quinoa,Quinoa,Non-FAQ,10/08/2026,2870,6050,6050
Madhya Pradesh,Mandsaur,Mandsaur APMC,Soyabean,Soyabeen,Non-FAQ,10/08/2026,1818,6872,6600
Madhya Pradesh,Mandsaur,Mandsaur APMC,Maize,Local,Non-FAQ,10/08/2026,2235,2350,2350
Madhya Pradesh,Mandsaur,Mandsaur APMC,Barley(Jau),Barley,Non-FAQ,10/08/2026,2722,2951,2951
Madhya Pradesh,Mandsaur,Mandsaur APMC,Quinoa,Quinoa,FAQ,10/08/2026,4200,4200,4200
Madhya Pradesh,Mandsaur,Mandsaur APMC,Coriander(Leaves),Coriander,Non-FAQ,10/08/2026,12300,15000,15000
Madhya Pradesh,Mandsaur,Mandsaur APMC,nigella seeds,Kalonji/Nigella,Non-FAQ,10/08/2026,2500,18300,18300
Karnataka,Belagavi,Kudchi APMC,Maize,Hybrid/Local,Local,10/08/2026,2600,2690,2620
Tamil Nadu,Pudukkottai,Karambakkudi(Uzhavar Sandhai ),Onion,Bellary,Local,10/08/2026,4500,5000,4750
Tamil Nadu,Pudukkottai,Karambakkudi(Uzhavar Sandhai ),Ashgourd,Gouard,Local,10/08/2026,1000,1500,1250
Tamil Nadu,Pudukkottai,Karambakkudi(Uzhavar Sandhai ),Bhindi(Ladies Finger),Bhindi,Local,10/08/2026,4000,4500,4250
Tamil Nadu,Pudukkottai,Karambakkudi(Uzhavar Sandhai ),Raddish,Raddish,Local,10/08/2026,3500,4000,3750
Madhya Pradesh,Dindori,Dindori APMC,gulli,Gulli,Non-FAQ,10/08/2026,5000,5000,5000
Tamil Nadu,Villupuram,Kallakurichi APMC,Bajra(Pearl Millet/Cumbu),Other,Local,10/08/2026,2709,2709,2709
Madhya Pradesh,Burhanpur,Burhanpur APMC,Kabuli Chana(Chickpeas-White),Dollar Gram,FAQ,10/08/2026,7200,7200,7200
Madhya Pradesh,Rewa,Baikunthpur APMC,dried mango,Amacaria,FAQ,10/08/2026,4400,4410,4410
Madhya Pradesh,Umariya,Umariya APMC,Wheat,Mill Quality,Non-FAQ,10/08/2026,2400,2450,2400
Madhya Pradesh,Bhind,Mehgaon APMC,Mustard,Mustard,FAQ,10/08/2026,7490,7520,7520
Maharashtra,Raigad,Pen APMC,Bhindi(Ladies Finger),Other,Local,10/08/2026,4200,4400,4200
Maharashtra,Raigad,Pen APMC,Cucumbar(Kheera),Other,Local,10/08/2026,3200,3400,3200
Maharashtra,Raigad,Pen APMC,Brinjal,Other,Local,10/08/2026,3600,3800,3600
Meghalaya,East Khasi Hills,Shillong APMC,Banana,Other,FAQ,10/08/2026,3000,5000,4000
Meghalaya,East Khasi Hills,Shillong APMC,Pumpkin,Other,FAQ,10/08/2026,2700,2900,2800
Meghalaya,East Khasi Hills,Shillong APMC,Cucumbar(Kheera),Malini,FAQ,10/08/2026,1300,1500,1400
Meghalaya,East Khasi Hills,Shillong APMC,Capsicum,California Wonder,FAQ,10/08/2026,3500,5500,4500
Maharashtra,Ahilyanagar,Rahata APMC,Soyabean,Other,Local,10/08/2026,6000,6000,6000
Madhya Pradesh,Morena,Kailaras APMC,Wheat,Wheat,FAQ,10/08/2026,2558,2592,2592
Madhya Pradesh,Morena,Kailaras APMC,Tomato,Other,FAQ,10/08/2026,1800,2000,2000
Madhya Pradesh,Chhatarpur,Chhatarpur APMC,Barley(Jau),Barley,Non-FAQ,10/08/2026,2490,2500,2500
Madhya Pradesh,Chhatarpur,Chhatarpur APMC,"Sesamum(Sesame,Gingelly,Til)",Sesame,Non-FAQ,10/08/2026,11000,11300,11300
Madhya Pradesh,Chhatarpur,Chhatarpur APMC,Mustard,Sarson(Black),FAQ,10/08/2026,7500,7500,7500
Madhya Pradesh,Mandla,Mandla APMC,Kutki,Kutki,FAQ,10/08/2026,8040,8040,8040
Madhya Pradesh,Hoshangabad,Banapura APMC,Wheat,Local,FAQ,10/08/2026,2231,2621,2605
Madhya Pradesh,Hoshangabad,Banapura APMC,Green Gram(Moong)(Whole),Green (Whole),FAQ,10/08/2026,900,7400,6799
Madhya Pradesh,Hoshangabad,Banapura APMC,Maize,Yellow,FAQ,10/08/2026,1951,2075,2075
Madhya Pradesh,Indore,Gautampura APMC,Onion,Onion,FAQ,10/08/2026,575,2300,1000
Madhya Pradesh,Neemuch,Manasa APMC,Ajwan,Celery-Organic,FAQ,10/08/2026,19600,19600,19600
Madhya Pradesh,Neemuch,Manasa APMC,Soyabean,Soyabeen,FAQ,10/08/2026,2080,6851,6700
Madhya Pradesh,Neemuch,Manasa APMC,Chiaseeds,Chiaseeds,FAQ,10/08/2026,13000,18900,18900
Madhya Pradesh,Neemuch,Manasa APMC,Garlic,Garlic,FAQ,10/08/2026,1100,16100,7600
Madhya Pradesh,Neemuch,Manasa APMC,Bengal Gram(Gram)(Whole),Gram,FAQ,10/08/2026,4401,6061,5900
Madhya Pradesh,Morena,Sabalgarh APMC,Wheat,Mill Quality,Non-FAQ,10/08/2026,2531,2589,2589
Madhya Pradesh,Sagar,Garhakota APMC,Black Gram(Urd Beans)(Whole),Urda/Urd,Non-FAQ,10/08/2026,4700,4700,4700
Madhya Pradesh,Raisen,Bareli APMC,Wheat,Mill Quality,FAQ,10/08/2026,2351,2591,2575
Madhya Pradesh,Raisen,Bareli APMC,Lak(Teora),Tiwada,FAQ,10/08/2026,3175,3175,3175
Madhya Pradesh,Bhopal,Berasia APMC,Soyabean,Yellow,FAQ,10/08/2026,6505,6860,6860
Madhya Pradesh,Bhopal,Berasia APMC,Mustard,Mustard,FAQ,10/08/2026,5280,7405,7405
Madhya Pradesh,Harda,Harda APMC,Mustard,Mustard,FAQ,10/08/2026,7100,7100,7100
Madhya Pradesh,Harda,Harda APMC,Bengal Gram(Gram)(Whole),Desi (F.A.Q. Split),FAQ,10/08/2026,5751,6150,6150
Madhya Pradesh,Dewas,Khategaon APMC,Bengal Gram(Gram)(Whole),Gram,FAQ,10/08/2026,5750,5900,5900
Madhya Pradesh,Dewas,Sonkatch APMC,Wheat,Wheat,FAQ,10/08/2026,2528,2700,2700
Madhya Pradesh,Shajapur,Agar APMC,Garlic,Garlic,FAQ,10/08/2026,3701,3701,3701
Madhya Pradesh,Shajapur,Agar APMC,Wheat,Wheat,FAQ,10/08/2026,2520,2664,2631
Madhya Pradesh,Shajapur,Agar APMC,Coriander(Leaves),Coriander,FAQ,10/08/2026,13690,15191,15191
Madhya Pradesh,Bhind,Gohad APMC,Barley(Jau),Barley,FAQ,10/08/2026,2200,2200,2200
Madhya Pradesh,Bhind,Gohad APMC,Wheat,Wheat,FAQ,10/08/2026,2570,2600,2585
Madhya Pradesh,Bhind,Gohad APMC,Mustard,Mustard,FAQ,10/08/2026,7595,8080,7725
Madhya Pradesh,Sagar,Khurai APMC,Bengal Gram(Gram)(Whole),Gram,FAQ,10/08/2026,5550,6296,5550
Madhya Pradesh,Damoh,Patharia APMC,Mustard,Mustard,FAQ,10/08/2026,7205,7205,7205
Madhya Pradesh,Damoh,Patharia APMC,Red gram/Arhar/Tur(whole),Arhar Dal(Tur),FAQ,10/08/2026,6325,6410,6410
Madhya Pradesh,Damoh,Patharia APMC,Soyabean,Soyabeen,FAQ,10/08/2026,5900,8010,8010
Madhya Pradesh,Sagar,Rehli APMC,Wheat,Wheat,Non-FAQ,10/08/2026,2485,2609,2510
Madhya Pradesh,Chhatarpur,Badamalhera APMC,Bengal Gram(Gram)(Whole),Gram,Non-FAQ,10/08/2026,4800,5200,4900
Madhya Pradesh,Chhatarpur,Badamalhera APMC,Mustard,Mustard,Non-FAQ,10/08/2026,7200,7300,7250
Madhya Pradesh,Sehore,Rehati APMC,Wheat,Wheat,FAQ,10/08/2026,2400,2596,2596
Madhya Pradesh,Satna,Amarpatan APMC,Wheat,Wheat,FAQ,10/08/2026,2500,2540,2540
Chattisgarh,Jashpur,Pathalgaon APMC,Wheat,Hybrid,Non-FAQ,10/08/2026,2100,2100,2100
Tamil Nadu,Vellore,Thirupathur APMC,Cluster beans,Cluster Beans,Local,10/08/2026,5000,5000,5000
Tamil Nadu,Vellore,Thirupathur APMC,Ashgourd,Gouard,Local,10/08/2026,2000,2000,2000
Tamil Nadu,Vellore,Thirupathur APMC,Ginger(Green),Green Ginger,Local,10/08/2026,20000,20000,20000
Tamil Nadu,Vellore,Thirupathur APMC,Carrot,Pusakesar,Local,10/08/2026,7600,7600,7600
Tamil Nadu,Vellore,Thirupathur APMC,Ridgeguard(Tori),Ridgeguard(Tori),Local,10/08/2026,5000,5000,5000
Tamil Nadu,Vellore,Thirupathur APMC,Knool Khol,Knool Khol,Local,10/08/2026,4500,4500,4500
Tamil Nadu,Vellore,Thirupathur APMC,Tender Coconut,Tender Coconut,Local,10/08/2026,3000,3000,3000
Tamil Nadu,Vellore,Thirupathur APMC,Lemon,Lemon,Local,10/08/2026,5000,5000,5000
Tamil Nadu,Vellore,Vellore APMC,Onion,Bellary,Local,10/08/2026,3600,3600,3600
Tamil Nadu,Vellore,Vellore APMC,Cauliflower,Ranchi,Local,10/08/2026,3000,3000,3000
Tamil Nadu,Vellore,Vellore APMC,Groundnut,Big (With Shell),Local,10/08/2026,8500,8500,8500
Tamil Nadu,Vellore,Vellore APMC,Tomato,Deshi,Local,10/08/2026,2000,2000,2000
Tamil Nadu,Vellore,Vellore APMC,Ashgourd,Gouard,Local,10/08/2026,3000,3000,3000
Tamil Nadu,Vellore,Vellore APMC,Bhindi(Ladies Finger),Bhindi,Local,10/08/2026,3200,3200,3200
Tamil Nadu,Vellore,Vellore APMC,Amaranthus,Amaranthus,Local,10/08/2026,4000,4000,4000
Tamil Nadu,Vellore,Vellore APMC,Sweet Potato,Hosur Red,Local,10/08/2026,3600,3600,3600
Tamil Nadu,Vellore,Vellore APMC,Knool Khol,Knool Khol,Local,10/08/2026,3000,3000,3000
Tamil Nadu,Vellore,Vellore APMC,Guava,Guava Allahabad,Local,10/08/2026,4500,4500,4500
Tamil Nadu,Vellore,Vellore APMC,Pomegranate,Pomogranate,Local,10/08/2026,20000,20000,20000
Tamil Nadu,Vellore,Vellore APMC,Tender Coconut,Tender Coconut,Local,10/08/2026,3500,3500,3500
Tamil Nadu,Vellore,Vellore APMC,Lemon,Lemon,Local,10/08/2026,8000,8000,8000
Tamil Nadu,Vellore,Vellore APMC,Custard Apple(Sharifa),Custard Apple(Sharifa),Local,10/08/2026,4500,4500,4500
Tamil Nadu,Vellore,Vellore APMC,Sweet Corn ,Sweet Corn ,Local,10/08/2026,3000,3000,3000
Madhya Pradesh,Hoshangabad,Hoshangabad APMC,Wheat,Mill Quality,Non-FAQ,10/08/2026,2525,2525,2525
Bihar,Kishanganj,Bahadurganj APMC,Maize,Deshi Red,FAQ,10/08/2026,2150,2325,2225
Bihar,Supaul,Birpur APMC,Cucumbar(Kheera),Cucumbar,Grade A,10/08/2026,3000,3500,3200
Bihar,Sheikhpura,Shekhpura APMC,Bitter gourd,Bitter Gourd,FAQ,10/08/2026,3310,3470,3380
Madhya Pradesh,Betul,Bhensdehi APMC,Bengal Gram(Gram)(Whole),Gram,Non-FAQ,10/08/2026,4950,5000,5000
Bihar,East Champaran/ Motihari,Chakia APMC,Pointed gourd(Parval),Other,Grade A,10/08/2026,2300,2500,2400
Bihar,East Champaran/ Motihari,Chakia APMC,Onion,1st Sort,Grade A,10/08/2026,2300,2500,2400
Madhya Pradesh,Seoni,Barghat APMC,Linseed,Flaxseed,FAQ,10/08/2026,9550,9650,9650
Haryana,Faridabad,Faridabad APMC,Mousambi(Sweet Lime),Other,Grade B,10/08/2026,2800,2800,2800
Haryana,Faridabad,Faridabad APMC,Apple,Apple,Grade B,10/08/2026,12000,12000,12000
Haryana,Faridabad,Faridabad APMC,Pomegranate,Pomogranate,Grade B,10/08/2026,12000,12000,12000
Haryana,Faridabad,Faridabad APMC,Bitter gourd,Other,Local,10/08/2026,1500,1500,1500
Haryana,Faridabad,Faridabad APMC,Cauliflower,Cauliflower,Grade B,10/08/2026,3500,3500,3500
Bihar,Supaul,Triveniganj APMC,Potato,Red Nanital,Grade A,10/08/2026,1400,1400,1400
Madhya Pradesh,Balaghat,Mohgaon APMC,Paddy(Common),Common,FAQ,10/08/2026,2370,2372,2370
Tamil Nadu,Dharmapuri,Harur(Uzhavar Sandhai ),Onion,Bellary,Local,10/08/2026,3500,3800,3650
Tamil Nadu,Dharmapuri,Harur(Uzhavar Sandhai ),Banana,Besrai,Local,10/08/2026,4000,6000,5000
Tamil Nadu,Dharmapuri,Harur(Uzhavar Sandhai ),Cluster beans,Cluster Beans,Local,10/08/2026,3500,4000,3750
Tamil Nadu,Dharmapuri,Harur(Uzhavar Sandhai ),Bitter gourd,Bitter Gourd,Local,10/08/2026,4500,5000,4750
Tamil Nadu,Dharmapuri,Harur(Uzhavar Sandhai ),Banana - Green,Banana - Green,Local,10/08/2026,2000,2500,2250
Tamil Nadu,Dharmapuri,Harur(Uzhavar Sandhai ),Cucumbar(Kheera),Cucumbar,Local,10/08/2026,4000,5000,4500
Tamil Nadu,Krishnagiri,Kaveripattinam(Uzhavar Sandhai ),Cluster beans,Cluster Beans,Local,10/08/2026,4000,4000,4000
Tamil Nadu,Krishnagiri,Kaveripattinam(Uzhavar Sandhai ),Beans,Beans (Whole),Local,10/08/2026,8000,8000,8000
Tamil Nadu,Krishnagiri,Kaveripattinam(Uzhavar Sandhai ),Raddish,Raddish,Local,10/08/2026,3000,3000,3000
Tamil Nadu,The Nilgiris,Coonoor(Uzhavar Sandhai ),Onion,Bellary,Local,10/08/2026,4000,4400,4200
Tamil Nadu,The Nilgiris,Coonoor(Uzhavar Sandhai ),Potato,Other,Local,10/08/2026,6000,6500,6250
Tamil Nadu,The Nilgiris,Coonoor(Uzhavar Sandhai ),Garlic,Garlic,Local,10/08/2026,18000,21000,19500
Tamil Nadu,The Nilgiris,Coonoor(Uzhavar Sandhai ),Cluster beans,Cluster Beans,Local,10/08/2026,4500,5000,4750
Tamil Nadu,The Nilgiris,Coonoor(Uzhavar Sandhai ),Amaranthus,Amaranthus,Local,10/08/2026,5000,6000,5500
Tamil Nadu,The Nilgiris,Coonoor(Uzhavar Sandhai ),Banana - Green,Banana - Green,Local,10/08/2026,4500,5000,4750
Tamil Nadu,The Nilgiris,Coonoor(Uzhavar Sandhai ),Carrot,Pusakesar,Local,10/08/2026,6000,7000,6500
Tamil Nadu,The Nilgiris,Coonoor(Uzhavar Sandhai ),Cabbage,Cabbage,Local,10/08/2026,3000,3500,3250
Tamil Nadu,The Nilgiris,Coonoor(Uzhavar Sandhai ),Thondekai,Thondekai,Local,10/08/2026,4500,5000,4750
Tamil Nadu,The Nilgiris,Coonoor(Uzhavar Sandhai ),Green Avare(W),Green Avare (W),Local,10/08/2026,6500,7000,6750
Tamil Nadu,The Nilgiris,Gudalur(Uzhavar Sandhai ),Brinjal,Other,Local,10/08/2026,4000,4300,4150
Tamil Nadu,The Nilgiris,Gudalur(Uzhavar Sandhai ),Ashgourd,Gouard,Local,10/08/2026,1500,2000,1750
Tamil Nadu,The Nilgiris,Gudalur(Uzhavar Sandhai ),Green Chilli,Green Chilly,Local,10/08/2026,5000,5500,5250
Tamil Nadu,The Nilgiris,Gudalur(Uzhavar Sandhai ),Beans,Beans (Whole),Local,10/08/2026,7000,8000,7500
Tamil Nadu,The Nilgiris,Gudalur(Uzhavar Sandhai ),Tapioca,Tapioca,Local,10/08/2026,3500,4000,3750
Tamil Nadu,The Nilgiris,Gudalur(Uzhavar Sandhai ),Cucumbar(Kheera),Cucumbar,Local,10/08/2026,4000,4500,4250
Tamil Nadu,The Nilgiris,Gudalur(Uzhavar Sandhai ),Lemon,Lemon,Local,10/08/2026,8000,9000,8500
Haryana,Kurukshetra,Pehowa APMC,Bhindi(Ladies Finger),Other,Medium,10/08/2026,1600,1900,1800
Odisha,Angul,Angul APMC,Onion,Other,Grade B,10/08/2026,3500,3500,3500
Odisha,Bargarh,Attabira APMC,Brinjal,Other,Local,10/08/2026,1800,2200,2000
Odisha,Bargarh,Attabira APMC,Tomato,Other,Local,10/08/2026,1600,2000,1800
Odisha,Bargarh,Bargarh APMC,Cauliflower,Cauliflower,Small,10/08/2026,4500,5500,5000
Tripura,Khowai,Teliamura APMC,Potato,Jalander,Medium,10/08/2026,1200,1400,1300
Tripura,Khowai,Teliamura APMC,Onion,Nasik,Medium,10/08/2026,3000,3200,3100
Telangana,Ranga Reddy,Gaddiannaram APMC,Mango,Neelam,Medium,10/08/2026,7500.06,14444.56,11111.2
Telangana,Ranga Reddy,Gaddiannaram APMC,Mousambi(Sweet Lime),Mousambi,Medium,10/08/2026,900,2900,1600
Telangana,Ranga Reddy,Gaddiannaram APMC,Grapes,Other,Medium,10/08/2026,20000,40000,24000
Telangana,Ranga Reddy,Gaddiannaram APMC,Papaya,Papaya,Medium,10/08/2026,2400,4800,2500
Telangana,Ranga Reddy,Gaddiannaram APMC,Litchi,Litchi,Medium,10/08/2026,18750,33750,25000
Telangana,Ranga Reddy,Gaddiannaram APMC,Guava,Guava,Medium,10/08/2026,1250,5000,2000
Telangana,Ranga Reddy,Gaddiannaram APMC,Water Melon,Water Melon,Medium,10/08/2026,200,800,400
Uttarakhand,Dehradoon,Dehradoon APMC,Mango,Other,Grade B,10/08/2026,1850,3000,2500
Uttarakhand,Dehradoon,Dehradoon APMC,Pineapple,Other,Grade B,10/08/2026,3000,4500,3500
Himachal Pradesh,Chamba,PMY Chamba,Papaya,Papaya,Medium,10/08/2026,5000,5500,5250
Himachal Pradesh,Chamba,PMY Chamba,Bhindi(Ladies Finger),Bhindi,Medium,10/08/2026,3500,4000,3750
Manipur,Imphal West,Imphal APMC,Rice,Other,Local,10/08/2026,5100,5100,5100
Himachal Pradesh,Hamirpur,PMY Hamirpur,Cauliflower,Cauliflower,Grade B,10/08/2026,5500,6000,5750
Himachal Pradesh,Hamirpur,PMY Hamirpur,Lemon,Lemon,Grade B,10/08/2026,9000,10000,9500
Himachal Pradesh,Hamirpur,PMY Hamirpur,Cucumbar(Kheera),Cucumbar,Grade B,10/08/2026,2500,3500,3000
Himachal Pradesh,Hamirpur,PMY Hamirpur,Plum,Other,Grade B,10/08/2026,8000,8500,8250
Himachal Pradesh,Hamirpur,PMY Hamirpur,Pineapple,Pine Apple,Grade B,10/08/2026,4500,5000,4750
Himachal Pradesh,Hamirpur,PMY Hamirpur,Mango,Other,Grade B,10/08/2026,11000,12000,11500
Himachal Pradesh,Kullu,SMY Bhuntar,Cabbage,Other,FAQ,10/08/2026,1800,2000,1900
Himachal Pradesh,Kullu,SMY Bhuntar,Cauliflower,Other,FAQ,10/08/2026,1200,3800,3000
Himachal Pradesh,Kullu,SMY Bhuntar,Spinach,Other,FAQ,10/08/2026,1500,2000,1800
Himachal Pradesh,Kullu,SMY Bhuntar,Raddish,Other,FAQ,10/08/2026,1000,1500,1300
Himachal Pradesh,Kullu,SMY Bhuntar,Carrot,Other,FAQ,10/08/2026,3000,3500,3300
Himachal Pradesh,Kullu,SMY Bhuntar,Banana,Other,Medium,10/08/2026,3300,3800,3500
Himachal Pradesh,Kullu,SMY Bhuntar,Papaya,Other,Medium,10/08/2026,5500,6000,5800
Himachal Pradesh,Mandi,SMY Dhanotu,Capsicum,Capsicum,FAQ,10/08/2026,3000,6000,4500
Himachal Pradesh,Mandi,SMY Dhanotu,French Beans(Frasbean),French Beans (Frasbean),FAQ,10/08/2026,2000,5000,3550
Himachal Pradesh,Mandi,SMY Dhanotu,Coriander(Leaves),Coriander,FAQ,10/08/2026,5000,10000,7500
Himachal Pradesh,Mandi,SMY Dhanotu,Brinjal,Brinjal,FAQ,10/08/2026,2000,3000,2500
Himachal Pradesh,Mandi,SMY Dhanotu,Cabbage,Cabbage,FAQ,10/08/2026,1500,2200,1850
Himachal Pradesh,Mandi,SMY Dhanotu,Garlic,Garlic,FAQ,10/08/2026,5000,8000,6500
Himachal Pradesh,Mandi,SMY Dhanotu,Spinach,Spinach,FAQ,10/08/2026,3000,3500,3250
Himachal Pradesh,Mandi,SMY Dhanotu,Apple,Apple,Medium,10/08/2026,4000,25000,14500
Himachal Pradesh,Kangra,SMY Palampur,Pear(Marasebu),Other,Medium,10/08/2026,6000,14000,10000
Himachal Pradesh,Kangra,SMY Palampur,Mango,Other,Medium,10/08/2026,8000,12000,10000
Himachal Pradesh,Kangra,SMY Palampur,Beetroot,Beetroot,FAQ,10/08/2026,4800,5000,4900
Himachal Pradesh,Kangra,SMY Palampur,Capsicum,Capsicum,FAQ,10/08/2026,4500,5000,4800
Himachal Pradesh,Kangra,SMY Palampur,Pineapple,Pine Apple,Medium,10/08/2026,4800,5000,4900
Himachal Pradesh,Kangra,SMY Palampur,Onion,Onion,FAQ,10/08/2026,3000,3500,3200
Himachal Pradesh,Kangra,SMY Palampur,Papaya,Papaya,Medium,10/08/2026,4500,5500,5000
Himachal Pradesh,Kangra,SMY Palampur,Lemon,Other,FAQ,10/08/2026,7500,8000,7800
Himachal Pradesh,Kangra,SMY Palampur,Bhindi(Ladies Finger),Bhindi,FAQ,10/08/2026,3500,4000,3800
Himachal Pradesh,Kangra,SMY Palampur,Plum,Other,Medium,10/08/2026,6000,7000,6500
Himachal Pradesh,Kangra,SMY Palampur,Garlic,Average,FAQ,10/08/2026,15000,19000,17000
Odisha,Koraput,Koraput APMC,Bhindi(Ladies Finger),Other,Grade B,10/08/2026,2800,3600,3400
Odisha,Koraput,Koraput APMC,Tomato,Local,Grade B,10/08/2026,2500,3200,3000
Maharashtra,Solapur,SHRI.SIDDHESHWAR  APMC,Guar,Other,Local,10/08/2026,3000,6000,4000
Maharashtra,Solapur,SHRI.SIDDHESHWAR  APMC,Beans,Other,Local,10/08/2026,2500,4000,3000
Maharashtra,Solapur,SHRI.SIDDHESHWAR  APMC,Onion Green,Other,Local,10/08/2026,700,800,700
Maharashtra,Solapur,SHRI.SIDDHESHWAR  APMC,Methi(Leaves),Other,Local,10/08/2026,300,700,500
Maharashtra,Solapur,SHRI.SIDDHESHWAR  APMC,Tomato,Other,Local,10/08/2026,200,1800,1300
Maharashtra,Buldhana,Malkapur APMC,Bengal Gram(Gram)(Whole),Average (Whole),Non-FAQ,10/08/2026,5150,5650,5500
Maharashtra,Buldhana,Malkapur APMC,Red gram/Arhar/Tur(whole),Other,Non-FAQ,10/08/2026,7075,7825,7800
Uttar Pradesh,Etah,Etah APMC,Wood,Other,FAQ,10/08/2026,790,790,790
Maharashtra,Beed,Majalgaon APMC,Wheat,Other,FAQ,10/08/2026,2590,2651,2601
Maharashtra,Beed,Majalgaon APMC,Red gram/Arhar/Tur(whole),Other,FAQ,10/08/2026,8001,8051,8031
Maharashtra,Beed,Majalgaon APMC,Soyabean,Other,Local,10/08/2026,5000,6825,6600
Maharashtra,Amarawati,Achalpur APMC,Jowar(Sorghum),Other,Local,10/08/2026,1800,1900,1850
Maharashtra,Amarawati,Achalpur APMC,Soyabean,Other,Local,10/08/2026,6500,6600,6550
Maharashtra,Hingoli,Hingoli APMC,Soyabean,Other,Local,10/08/2026,6345,6900,6622
Keralam,Malappuram,Thirurrangadi Market,Capsicum,Capsicum,FAQ,10/08/2026,6500,6500,6500
Keralam,Malappuram,Thirurrangadi Market,Onion,Other,FAQ,10/08/2026,2000,2200,2100
Keralam,Malappuram,Thirurrangadi Market,Cucumbar(Kheera),Other,FAQ,10/08/2026,2000,2100,2100
Keralam,Malappuram,Thirurrangadi Market,Cabbage,Other,FAQ,10/08/2026,2500,2500,2500
Maharashtra,Buldhana,Nandura APMC,Maize,Other,Non-FAQ,10/08/2026,2000,2270,2270
Maharashtra,Jalna,Mantha APMC,Soyabean,Yellow,FAQ,10/08/2026,5700,6700,6600
Maharashtra,Jalgaon,APMC CHOPADA,Soyabean,Other,Local,10/08/2026,6776,6800,6776
Maharashtra,Jalgaon,APMC PACHORA,Bengal Gram(Gram)(Whole),Other,Non-FAQ,10/08/2026,4950,4950,4950
Maharashtra,Jalgaon,APMC PACHORA,Bengal Gram(Gram)(Whole),Average (Whole),FAQ,10/08/2026,5900,5900,5900
Maharashtra,Latur,Nilanga APMC,Soyabean,Yellow,FAQ,10/08/2026,6000,7001,6700
Maharashtra,Latur,APMC Latur,Red gram/Arhar/Tur(whole),Other,Non-FAQ,10/08/2026,6000,7999,7900
Maharashtra,Latur,APMC Latur,Safflower,Other,Non-FAQ,10/08/2026,4500,5500,5400
Maharashtra,Latur,Latur(Murud) APMC,Wheat,Maharashtra 2189,Non-FAQ,10/08/2026,2200,2501,2400
Maharashtra,Latur,Ahmedpur APMC,Soyabean,Yellow,FAQ,10/08/2026,5328,6962,6145
Maharashtra,Latur,Ahmedpur APMC,Mustard,Other,FAQ,10/08/2026,7500,7660,7580
Maharashtra,Latur,Ausa APMC,Wheat,Maharashtra 2189,Non-FAQ,10/08/2026,2352,2352,2352
Maharashtra,Nagpur,Kamthi APMC,Bitter gourd,Other,Local,10/08/2026,2040,2540,2290
Maharashtra,Nagpur,Kamthi APMC,Coriander(Leaves),Other,Local,10/08/2026,2060,2560,2310
Maharashtra,Nagpur,Kamthi APMC,Garlic,Other,Local,10/08/2026,20040,21040,20540
Maharashtra,Nagpur,Kamthi APMC,Chilly Capsicum,Other,Local,10/08/2026,4070,4570,4320
Maharashtra,Nagpur,Kamthi APMC,Brinjal,Other,Local,10/08/2026,3040,3540,3290
Chattisgarh,Narayanpur,Narayanpur APMC,Paddy(Common),Basmati 1509,Non-FAQ,10/08/2026,1800,1900,1850
Karnataka,Bengaluru Rural,Doddaballapur APMC,Banana - Green,Banana - Green,Medium,10/08/2026,4000,5000,4500
Karnataka,Bengaluru Rural,Doddaballapur APMC,Rice,Other,Medium,10/08/2026,5499,5499,5499
Karnataka,Bengaluru Rural,Doddaballapur APMC,Onion,Onion,Medium,10/08/2026,2000,3000,2500
Karnataka,Bengaluru Rural,Doddaballapur APMC,Beans,Beans (Whole),Medium,10/08/2026,6000,7000,6500
Karnataka,Bengaluru Rural,Doddaballapur APMC,Ginger(Green),Green Ginger,Medium,10/08/2026,12000,16000,14000
Karnataka,Bengaluru Rural,Doddaballapur APMC,Cucumbar(Kheera),Cucumbar,Medium,10/08/2026,2000,2500,2200
Karnataka,Bengaluru Rural,Doddaballapur APMC,Knool Khol,Knool Khol,Medium,10/08/2026,2500,3100,2800
Maharashtra,Mumbai,Mumbai APMC,Peas Wet,Other,Local,10/08/2026,8000,10000,9000
Maharashtra,Mumbai,Mumbai APMC,Corriander seed,Other,Local,10/08/2026,20000,25000,22500
Maharashtra,Mumbai,Mumbai APMC,Cashewnuts,Other,Local,10/08/2026,78000,130000,104000
Maharashtra,Mumbai,Mumbai APMC,Black pepper,Other,Local,10/08/2026,60000,85000,72500
Maharashtra,Mumbai,Mumbai APMC,Cowpea(Lobia/Karamani),Other,Local,10/08/2026,7300,9400,8400
Maharashtra,Mumbai,Mumbai APMC,Bengal Gram(Gram)(Whole),Other,FAQ,10/08/2026,6800,7900,7400
Maharashtra,Mumbai,Mumbai APMC,Bengal Gram Dal(Chana Dal),Other,Local,10/08/2026,7300,8000,7600
Maharashtra,Mumbai,Mumbai APMC,Green Peas,White Fozi,Local,10/08/2026,4000,7000,5800
Maharashtra,Mumbai,Mumbai APMC,Coconut,Other,FAQ,10/08/2026,3020,4200,3610
Maharashtra,Mumbai,Mumbai APMC,Sugar,Other,Local,10/08/2026,4100,4850,4475
Maharashtra,Mumbai,Mumbai APMC,Lime,Other,Local,10/08/2026,1500,2500,2000
Maharashtra,Nagpur,Savner APMC,Jowar(Sorghum),Other,Local,10/08/2026,2115,2115,2115
Maharashtra,Nashik,Devala APMC,Bajra(Pearl Millet/Cumbu),Other,Non-FAQ,10/08/2026,2335,2500,2490
Maharashtra,Nashik,Devala APMC,Maize,Yellow,Non-FAQ,10/08/2026,2245,2245,2245
Maharashtra,Mumbai,Mumbai- Fruit Market APMC,Pineapple,Other,Local,10/08/2026,2500,7000,4750
Maharashtra,Mumbai,Mumbai- Fruit Market APMC,Mousambi(Sweet Lime),Other,Local,10/08/2026,2500,5000,3750
Maharashtra,Nashik,Nasik APMC,Guava,Other,Local,10/08/2026,2000,6000,4500
Maharashtra,Nashik,Nasik APMC,Potato,Other,Local,10/08/2026,600,1300,800
Maharashtra,Nashik,Nasik APMC,Sweet Pumpkin,Other,Local,10/08/2026,1000,1400,1200
Maharashtra,Nashik,Nasik APMC,Brinjal,Other,Local,10/08/2026,4000,6500,4800
Keralam,Palakad,Vadakkenchery Market,Drumstick,Drumstick,FAQ,10/08/2026,7500,8000,8000
Keralam,Palakad,Vadakkenchery Market,Cluster beans,Cluster Beans,FAQ,10/08/2026,5500,6000,6000
Keralam,Palakad,Vadakkenchery Market,Bottle gourd,Bottle Gourd,FAQ,10/08/2026,4500,5000,5000
Keralam,Palakad,Vadakkenchery Market,Banana,Nendra Bale,Local,10/08/2026,6500,7000,7000
Keralam,Palakad,Vadakkenchery Market,Beetroot,Beetroot,FAQ,10/08/2026,7000,10000,7000
Maharashtra,Parbhani,Pathari APMC,Soyabean,Yellow,FAQ,10/08/2026,6000,6000,6000
Maharashtra,Parbhani,Tadkalas APMC,Soyabean,Other,Local,10/08/2026,6200,7950,6500
Maharashtra,Pune,Baramati APMC,Maize,Other,FAQ,10/08/2026,2600,2600,2600
Maharashtra,Pune,Khed APMC,Chilly Capsicum,Other,Local,10/08/2026,2000,4000,3000
Maharashtra,Pune,Khed APMC,Tomato,Local,Local,10/08/2026,500,2500,1500
Maharashtra,Ratnagiri,Ratnagiri (Nachane) APMC,Ginger(Green),Other,Local,10/08/2026,10000,15000,13000
Maharashtra,Ratnagiri,Ratnagiri (Nachane) APMC,Bhindi(Ladies Finger),Other,Local,10/08/2026,2500,3000,2800
Maharashtra,Ratnagiri,Ratnagiri (Nachane) APMC,Cauliflower,Other,Local,10/08/2026,3000,3500,3200
Maharashtra,Ratnagiri,Ratnagiri (Nachane) APMC,Guar,Other,Local,10/08/2026,5000,6000,5500
Maharashtra,Pune,Pune(Khadiki) APMC,Carrot,Other,Local,10/08/2026,1200,1700,1450
Maharashtra,Pune,Pune(Khadiki) APMC,Coriander(Leaves),Other,Local,10/08/2026,3,5,4
Maharashtra,Pune,Pune(Khadiki) APMC,Green Chilli,Other,Local,10/08/2026,2300,3000,2650
Maharashtra,Pune,Pune APMC,Bajra(Pearl Millet/Cumbu),Other,FAQ,10/08/2026,3600,4000,3800
Maharashtra,Pune,Pune APMC,Black Gram(Urd Beans)(Whole),Other,FAQ,10/08/2026,9200,10500,9850
Maharashtra,Pune,Pune APMC,Green Peas,Other,Local,10/08/2026,7100,7800,7450
Maharashtra,Pune,Pune APMC,Banana,Other,Local,10/08/2026,1000,2000,1500
Maharashtra,Pune,Pune APMC,Mousambi(Sweet Lime),Other,Local,10/08/2026,3000,5000,4000
Maharashtra,Pune,Pune APMC,Plum,Other,Local,10/08/2026,4000,10000,7000
Maharashtra,Pune,Pune APMC,Seetapal,Other,Local,10/08/2026,2000,8000,5000
Maharashtra,Pune,Pune APMC,Potato,Local,Local,10/08/2026,800,1500,1150
Maharashtra,Pune,Pune APMC,Carrot,Other,Local,10/08/2026,1000,2000,1500
Maharashtra,Pune,Pune APMC,Methi(Leaves),Other,Local,10/08/2026,5,10,7
Maharashtra,Pune,Pune APMC,Raddish,Other,Local,10/08/2026,10,25,17
Maharashtra,Pune,Pune APMC,Pointed gourd(Parval),Other,Local,10/08/2026,3500,4500,3750
Maharashtra,Pune,Pune APMC,Sweet Potato,Other,Local,10/08/2026,2000,4000,3000
Maharashtra,Pune,Pune APMC,Peas Wet,Other,Local,10/08/2026,4500,8000,6250
Maharashtra,Pune,Pune(Moshi) APMC,Pomegranate,Other,Local,10/08/2026,8000,10000,9000
Maharashtra,Pune,Pune(Moshi) APMC,Papaya,Other,Local,10/08/2026,3000,3000,3000
Maharashtra,Pune,Pune(Moshi) APMC,Ginger(Green),Other,Local,10/08/2026,6000,7000,6500
Maharashtra,Pune,Pune(Moshi) APMC,Potato,Local,Local,10/08/2026,900,1400,1150
Maharashtra,Pune,Pune(Moshi) APMC,Beetroot,Other,Local,10/08/2026,2000,3000,2500
Maharashtra,Pune,Pune(Moshi) APMC,Onion,Local,Local,10/08/2026,1000,2400,1700
Maharashtra,Pune,Pune(Moshi) APMC,Coriander(Leaves),Other,Local,10/08/2026,5,7,6
Maharashtra,Pune,Pune(Moshi) APMC,Methi(Leaves),Other,Local,10/08/2026,15,20,18
Uttar Pradesh,Etah,Aliganj APMC,Firewood,Firewood,FAQ,10/08/2026,340,340,340
Maharashtra,Raigad,Panvel APMC,Tomato,Other,Local,10/08/2026,3000,4000,3500
Maharashtra,Pune,Pune(Manjri) APMC,Onion,Local,Local,10/08/2026,1300,2200,1800
Maharashtra,Pune,Pune(Manjri) APMC,Bitter gourd,Other,Local,10/08/2026,3000,5500,4000
Maharashtra,Pune,Pune(Manjri) APMC,Cabbage,Other,Local,10/08/2026,1100,1600,1400
Maharashtra,Pune,Pune(Manjri) APMC,Methi(Leaves),Other,Local,10/08/2026,5,12,7
Maharashtra,Pune,Pune(Manjri) APMC,Chilly Capsicum,Other,Local,10/08/2026,2000,3500,2500
Maharashtra,Pune,Pune(Manjri) APMC,Raddish,Other,Local,10/08/2026,5,25,15
Maharashtra,Pune,Junnar(Otur) APMC,Beetroot,Other,Local,10/08/2026,1000,3510,2500
Maharashtra,Pune,Junnar(Otur) APMC,Bhindi(Ladies Finger),Other,Local,10/08/2026,2000,5000,4000
Maharashtra,Pune,Junnar(Otur) APMC,Bottle gourd,Other,Local,10/08/2026,1000,2500,2000
Maharashtra,Pune,Junnar(Otur) APMC,Cabbage,Other,Local,10/08/2026,500,1600,1200
Maharashtra,Satara,Karad APMC,Onion,Halva,Local,10/08/2026,500,1800,1800
Maharashtra,Satara,Karad APMC,Chilly Capsicum,Other,Local,10/08/2026,1500,2000,2000
Maharashtra,Satara,Karad APMC,Drumstick,Other,Local,10/08/2026,3000,4500,4500
Maharashtra,Solapur,Barshi(Vairag) APMC,Jowar(Sorghum),Other,Local,10/08/2026,2700,4500,3601
Maharashtra,Satara,Satara APMC,Ginger(Green),Other,Local,10/08/2026,4000,9000,6500
Maharashtra,Satara,Satara APMC,Bottle gourd,Other,Local,10/08/2026,2000,2500,2200
Maharashtra,Satara,Satara APMC,Cauliflower,Other,Local,10/08/2026,2000,3000,2500
Maharashtra,Satara,Satara APMC,Carrot,Other,Local,10/08/2026,2000,3000,2500
Maharashtra,Satara,Satara APMC,Brinjal,Other,Local,10/08/2026,3000,4500,3500
Maharashtra,Solapur,Dudhani APMC,Wheat,Maharashtra 2189,Non-FAQ,10/08/2026,2400,2400,2400
Maharashtra,Solapur,Dudhani APMC,Jowar(Sorghum),Jowar ( White),Local,10/08/2026,2700,4130,3472
Maharashtra,Solapur,Karmala APMC,Maize,Other,Non-FAQ,10/08/2026,2300,2300,2300
Maharashtra,Solapur,Karmala APMC,Red gram/Arhar/Tur(whole),Other,Non-FAQ,10/08/2026,6000,6000,6000
Maharashtra,Solapur,Karmala APMC,Black Gram(Urd Beans)(Whole),Other,Non-FAQ,10/08/2026,6401,7501,7000
Maharashtra,Solapur,Barshi APMC,Wheat,Other,FAQ,10/08/2026,2600,3000,2600
Maharashtra,Solapur,Barshi APMC,Bengal Gram(Gram)(Whole),Other,FAQ,10/08/2026,6000,6000,6000
Maharashtra,Solapur,Barshi APMC,Red gram/Arhar/Tur(whole),Other,Non-FAQ,10/08/2026,7000,7400,7000
Maharashtra,Solapur,Kurdwadi(Modnimb) APMC,Maize,Deshi Red,FAQ,10/08/2026,2495,2586,2550
Maharashtra,Satara,Vaduj APMC,Green Chilli,Other,Local,10/08/2026,4000,5000,4500
Maharashtra,Washim,Washim(Ansing) APMC,Bengal Gram(Gram)(Whole),Average (Whole),FAQ,10/08/2026,5875,5900,5880
Maharashtra,Solapur,Pandharpur APMC,Tomato,Other,Local,10/08/2026,500,1500,1000
Uttar Pradesh,Auraiya,Achalda APMC,Wheat,Dara,FAQ,10/08/2026,2400,2400,2400
Uttar Pradesh,Agra,Achnera APMC,Mustard,Other,FAQ,10/08/2026,7000,7000,7000
Maharashtra,Solapur,Mangal Wedha APMC,Jowar(Sorghum),Other,FAQ,10/08/2026,4000,5300,4400
Maharashtra,Solapur,Mangal Wedha APMC,Bitter gourd,Other,Local,10/08/2026,2500,4800,3600
Telangana,Suryapet,Neredcherla APMC,Paddy(Common),B P T,Local,10/08/2026,2400,2400,2400
Maharashtra,Washim,Karanja APMC,Groundnut,Other,FAQ,10/08/2026,7310,8210,7880
Maharashtra,Washim,Karanja APMC,"Sesamum(Sesame,Gingelly,Til)",Other,FAQ,10/08/2026,11400,11500,11400
Maharashtra,Wardha,Hinganghat APMC,Green Gram(Moong)(Whole),Green (Whole),Non-FAQ,10/08/2026,5200,6290,5800
Uttar Pradesh,Mirzapur,Ahirora APMC,Rice,Common,FAQ,10/08/2026,3500,3500,3500
Uttar Pradesh,Mirzapur,Ahirora APMC,Green Chilli,Other,FAQ,10/08/2026,2000,2000,2000
Keralam,Kollam,Kadakkal  VFPCK Market,Banana,Palayamthodan,Grade A,10/08/2026,4000,4000,4000
Maharashtra,Jalna,Jalana APMC,Soyabean,Yellow,FAQ,10/08/2026,5500,6700,6600
West Bengal,Kolkata,Mechua APMC,Mousambi(Sweet Lime),Other,Grade A,10/08/2026,4600,7300,5600
Maharashtra,Beed,Kille Dharur APMC,Soyabean,Yellow,FAQ,10/08/2026,6500,6766,6700
Rajasthan,Jhalawar,Bhawani Mandi APMC,Bengal Gram(Gram)(Whole),Other,Local,10/08/2026,5460,5770,5615
Maharashtra,Yavatmal,Umarked(Danki) APMC,Wheat,Other,Non-FAQ,10/08/2026,2200,2350,2300
Uttar Pradesh,Jalaun (Orai),Orai APMC,Tomato,Other,FAQ,10/08/2026,1600,1600,1600
Uttar Pradesh,Jalaun (Orai),Orai APMC,Peas(Dry),Other,FAQ,10/08/2026,2300,2300,2300
Tripura,West District,Champaknagar APMC,Brinjal,Round/Long,FAQ,10/08/2026,4100,4300,4200
Tripura,West District,Champaknagar APMC,Green Chilli,Green Chilly,FAQ,10/08/2026,12000,14000,13000
Tripura,West District,Champaknagar APMC,"Spiny Gourd / Kartali(Kantola)
",Kartali (Kantola),FAQ,10/08/2026,4200,4400,4300
Tripura,West District,Champaknagar APMC,Potato,F.A.Q.,FAQ,10/08/2026,1900,2100,2000
Uttar Pradesh,Fatehpur,Fatehpur APMC,Potato,Other,FAQ,10/08/2026,800,820,805.32
Maharashtra,Nashik,Nandgaon APMC,Groundnut,Other,FAQ,10/08/2026,7263,7900,7850
Uttar Pradesh,Aligarh,Aligarh APMC,Wheat,Dara,FAQ,10/08/2026,2500,2520,2502.75
Uttar Pradesh,Aligarh,Aligarh APMC,Garlic,Other,FAQ,10/08/2026,6100,6100,6100
Uttar Pradesh,Chitrakut,Karvi APMC,Mustard,Other,FAQ,10/08/2026,7450,7500,7484.45
Uttar Pradesh,Chitrakut,Karvi APMC,Gram Raw(Chholia),Other,FAQ,10/08/2026,5900,5900,5900
Uttar Pradesh,Aligarh,Atrauli APMC,Potato,Other,FAQ,10/08/2026,700,700,700
Uttar Pradesh,Badaun,Babrala APMC,Maize,Other,FAQ,10/08/2026,1850,1850,1850
Uttar Pradesh,Farukhabad,Farukhabad APMC,Pomegranate,Pomogranate,Grade A,10/08/2026,3000,5000,3500
Uttar Pradesh,Farukhabad,Farukhabad APMC,Potato,Other,FAQ,10/08/2026,600,601,600.02
Uttar Pradesh,Lakhimpur,Golagokarnath APMC,Potato,Other,FAQ,10/08/2026,700,700,700
Uttar Pradesh,Jhansi,Jhansi APMC,Tomato,Other,FAQ,10/08/2026,1500,1500,1500
Uttar Pradesh,Jhansi,Jhansi APMC,gulli,Other,FAQ,10/08/2026,4600,4700,4634.02
Uttar Pradesh,Jhansi,Jhansi APMC,Garlic,Other,FAQ,10/08/2026,9000,9000,9000
Uttar Pradesh,Jhansi,Jhansi APMC,Green Chilli,Other,FAQ,10/08/2026,2500,2800,2650
Uttar Pradesh,Jhansi,Jhansi APMC,Fish,Other,FAQ,10/08/2026,8000,8000,8000
Uttar Pradesh,Jhansi,Jhansi APMC,Wheat,Dara Mill Quality,FAQ,10/08/2026,2360,2360,2360
Uttar Pradesh,Kanpur Dehat,Jhijhank APMC,Wheat,Medium,FAQ,10/08/2026,2550,2550,2550
Uttar Pradesh,Kasganj,Kasganj APMC,Wood,Other,FAQ,10/08/2026,640,640,640
Uttar Pradesh,Kasganj,Kasganj APMC,Maize,Other,FAQ,10/08/2026,1850,2150,1987.23
Uttar Pradesh,Kasganj,Kasganj APMC,Potato,Other,FAQ,10/08/2026,600,900,678.21
Uttar Pradesh,Kasganj,Kasganj APMC,Firewood,Firewood,FAQ,10/08/2026,450,450,450
Uttar Pradesh,Aligarh,Khair APMC,Green Chilli,Other,FAQ,10/08/2026,2000,2000,2000
Uttar Pradesh,Aligarh,Khair APMC,Wheat,Other,FAQ,10/08/2026,2500,2500.01,2500
Uttar Pradesh,Aligarh,Khair APMC,Bajra(Pearl Millet/Cumbu),Other,FAQ,10/08/2026,2000,2000,2000
Madhya Pradesh,Rajgarh,Narsinghgarh APMC,Onion,Onion,FAQ,10/08/2026,500,2550,2430
Madhya Pradesh,Khandwa,Harsood APMC,Red gram/Arhar/Tur(whole),Arhar Dal(Tur),FAQ,10/08/2026,6401,6401,6401
Madhya Pradesh,Khandwa,Harsood APMC,Wheat,Wheat,FAQ,10/08/2026,2530,2582,2565
Madhya Pradesh,Dewas,Haatpipliya APMC,Bengal Gram(Gram)(Whole),Gram,Non-FAQ,10/08/2026,4001,4001,4001
Madhya Pradesh,Mandsaur,Piplya APMC,Linseed,Flaxseed,FAQ,10/08/2026,9200,9200,9200
Madhya Pradesh,Mandsaur,Piplya APMC,Wheat,Lokwan,FAQ,10/08/2026,2590,2711,2711
Madhya Pradesh,Mandsaur,Shamgarh APMC,Mustard,Mustard,Non-FAQ,10/08/2026,7571,7571,7571
Madhya Pradesh,Ratlam,Ratlam APMC,Bengal Gram(Gram)(Whole),Gram,FAQ,10/08/2026,5770,6200,6200
Madhya Pradesh,Ratlam,Sailana APMC,Garlic,Garlic,FAQ,10/08/2026,2956,14550,5700
Madhya Pradesh,Shivpuri,Pohari APMC,Wheat,Wheat,Non-FAQ,10/08/2026,2520,2520,2520
Madhya Pradesh,Shivpuri,Pohari APMC,Bengal Gram(Gram)(Whole),Gram,Non-FAQ,10/08/2026,5695,5695,5695
Madhya Pradesh,Shivpuri,Pohari APMC,Wheat,Mill Quality,Non-FAQ,10/08/2026,2500,2500,2500
Madhya Pradesh,Bhind,Lahar APMC,Wheat,Wheat,FAQ,10/08/2026,2555,2559,2559
Madhya Pradesh,Sheopur,Sheopurkalan APMC,Wheat,Wheat,FAQ,10/08/2026,2475,2650,2500
Madhya Pradesh,Sagar,Sagar APMC,Red gram/Arhar/Tur(whole),Arhar Dal(Tur),FAQ,10/08/2026,6760,8086,8086
Madhya Pradesh,Sagar,Bina APMC,Wheat,Wheat,FAQ,10/08/2026,2550,5215,2600
Madhya Pradesh,Jabalpur,Jabalpur APMC,Bengal Gram(Gram)(Whole),Gram,FAQ,10/08/2026,4895,6070,6070
Madhya Pradesh,Sagar,Deori APMC,Bengal Gram(Gram)(Whole),Gram,FAQ,10/08/2026,5700,5750,5750
Madhya Pradesh,Damoh,Hata APMC,Wheat,Wheat,Non-FAQ,10/08/2026,2500,2500,2500
Madhya Pradesh,Chhatarpur,Harpalpur APMC,Wheat,Wheat,FAQ,10/08/2026,2515,2632,2599
Madhya Pradesh,Chhatarpur,LavKush Nagar(Laundi) APMC,gulli,Gulli,Non-FAQ,10/08/2026,4550,4650,4650
Madhya Pradesh,Panna,Ajaygarh APMC,Wheat,Mill Quality,FAQ,10/08/2026,2500,2560,2560
Madhya Pradesh,Panna,Devandranagar APMC,Bengal Gram(Gram)(Whole),Gram,Non-FAQ,10/08/2026,5580,5620,5620
Madhya Pradesh,Tikamgarh,Tikamgarh APMC,Mustard,Mustard,FAQ,10/08/2026,7305,7325,7325
Madhya Pradesh,Tikamgarh,Tikamgarh APMC,Black Gram(Urd Beans)(Whole),Urda/Urd,FAQ,10/08/2026,7500,7500,7500
Madhya Pradesh,Tikamgarh,Jatara APMC,Wheat,Mill Quality,Non-FAQ,10/08/2026,2480,2522,2515
Uttar Pradesh,Hamirpur,Maudaha APMC,Rice,Other,FAQ,10/08/2026,2500,2500,2500
Madhya Pradesh,Chhatarpur,Rajnagar APMC,Mustard,Mustard,FAQ,10/08/2026,7030,7330,7330
Madhya Pradesh,Chhatarpur,Rajnagar APMC,gulli,Gulli,FAQ,10/08/2026,2650,3000,3000
Madhya Pradesh,Chhindwara,Chhindwara APMC,Wheat,Wheat,FAQ,10/08/2026,2571,2957,2647
Madhya Pradesh,Dindori,Gorakhpur APMC,buttery,Buttery,FAQ,10/08/2026,3000,3010,3010
Madhya Pradesh,Narsinghpur,Gadarwada APMC,Bengal Gram(Gram)(Whole),Gram,FAQ,10/08/2026,5700,6200,5900
Madhya Pradesh,Narsinghpur,Kareli APMC,buttery,Buttery,FAQ,10/08/2026,3800,4501,4501
Madhya Pradesh,Narsinghpur,Kareli APMC,Wheat,Wheat,FAQ,10/08/2026,2000,2633,2571
Madhya Pradesh,Narsinghpur,Kareli APMC,Black Gram(Urd Beans)(Whole),Urda/Urd,FAQ,10/08/2026,6000,8701,8701
Madhya Pradesh,Narsinghpur,Narsinghpur APMC,Bengal Gram(Gram)(Whole),Desi (F.A.Q. Split),FAQ,10/08/2026,5910,6261,5941
Madhya Pradesh,Seoni,Ghansour APMC,Wheat,Mill Quality,FAQ,10/08/2026,2280,2300,2300
Madhya Pradesh,Rewa,Rewa APMC,Kodo Millet(Varagu),Kondo,FAQ,10/08/2026,2800,2800,2800
Madhya Pradesh,Rewa,Chaakghat APMC,Wheat,Mill Quality,FAQ,10/08/2026,2525,2550,2525
Madhya Pradesh,Rewa,Chaakghat APMC,Mustard,Sarson(Black),FAQ,10/08/2026,7050,7100,7100
Madhya Pradesh,Satna,Nagod APMC,Wheat,Wheat,FAQ,10/08/2026,2511,2580,2560
Madhya Pradesh,Shehdol,Shahdol APMC,Wheat,Wheat,Non-FAQ,10/08/2026,2350,2400,2400
Madhya Pradesh,Shehdol,Shahdol APMC,Red gram/Arhar/Tur(whole),Arhar Dal(Tur),Non-FAQ,10/08/2026,6400,6400,6400
Madhya Pradesh,Shehdol,Beohari APMC,Wheat,Mill Quality,FAQ,10/08/2026,2465,2480,2470
Madhya Pradesh,Shehdol,Budhar APMC,gulli,Gulli,Non-FAQ,10/08/2026,4800,5100,5100
Gujarat,Navsari,Navsari APMC,Potato,Potato,Grade A,10/08/2026,600,1900,1250
Gujarat,Navsari,Navsari APMC,Onion,Onion,Grade A,10/08/2026,2000,3000,2500
Gujarat,Navsari,Navsari APMC,Carrot,Carrot,Local,10/08/2026,2500,3000,2750
Gujarat,Navsari,Navsari APMC,Coriander(Leaves),Coriander,Local,10/08/2026,3000,4000,3500
Gujarat,Banaskanth,Tharad APMC,Bajra(Pearl Millet/Cumbu),Other,Local,10/08/2026,2150,2600,2375
Gujarat,Surat,Songadh APMC,Bhindi(Ladies Finger),Bhindi,FAQ,10/08/2026,1500,3500,2500
Gujarat,Gandhinagar,"Kalol(Veg,Market,Kalol) APMC",Tomato,Other,Local,10/08/2026,2750,4750,4000
Karnataka,Chitradurga,Hiriyur APMC,Ground Nut Seed,Ground Nut Seed,Medium,10/08/2026,10200,11500,11050
Gujarat,Dahod,Dahod(Veg. Market) APMC,Carrot,Carrot,Local,10/08/2026,2500,4000,3000
Gujarat,Dahod,Dahod(Veg. Market) APMC,Coriander(Leaves),Coriander,Local,10/08/2026,1000,3500,2200
Gujarat,Sabarkantha,Himatnagar(Veg.Market Himatnagar) APMC,Guar,Gwar,Local,10/08/2026,10000,10500,10355
Gujarat,Sabarkantha,Himatnagar(Veg.Market Himatnagar) APMC,Lemon,Other,Local,10/08/2026,4500,5000,4920
Gujarat,Sabarkantha,Himatnagar(Veg.Market Himatnagar) APMC,Onion,Onion,Local,10/08/2026,2000,2500,2480
Gujarat,Kheda,Nadiyad(Chaklasi) APMC,Coriander(Leaves),Coriander,FAQ,10/08/2026,2300,2500,2400
Gujarat,Kheda,Nadiyad(Chaklasi) APMC,Potato,Potato,FAQ,10/08/2026,1400,1500,1450
Gujarat,Anand,"Anand(Veg,Yard,Anand) APMC",Bottle gourd,Bottle Gourd,Grade B,10/08/2026,1500,2000,1750
Gujarat,Anand,"Anand(Veg,Yard,Anand) APMC",Cabbage,Cabbage,Grade B,10/08/2026,1500,2000,1750
Gujarat,Anand,"Anand(Veg,Yard,Anand) APMC",Cauliflower,Cauliflower,Grade B,10/08/2026,2500,3000,2750
Gujarat,Anand,Khambhat(Veg Yard Khambhat) APMC,Guar,Other,Local,10/08/2026,9000,10000,9500
Gujarat,Anand,Khambhat(Veg Yard Khambhat) APMC,Methi(Leaves),Methi,Local,10/08/2026,3000,5000,4000
Gujarat,Anand,Khambhat(Veg Yard Khambhat) APMC,Tinda,Other,Local,10/08/2026,5000,8500,6500
Gujarat,Valsad,Chikli(Khorgam) APMC,Tinda,Other,FAQ,10/08/2026,9500,10000,9750
Gujarat,Gandhinagar,Mansa(Manas Veg Yard) APMC,Bitter gourd,Other,Local,10/08/2026,3500,3500,3500
Gujarat,Gandhinagar,Mansa(Manas Veg Yard) APMC,Lemon,Other,Local,10/08/2026,5000,5000,5000
Gujarat,Dahod,Zalod(Sanjeli) APMC,Bajra(Pearl Millet/Cumbu),Other,Grade Range-2,10/08/2026,2300,2300,2300
Gujarat,Dahod,Zalod(Sanjeli) APMC,Paddy(Common),Other,Grade Range-2,10/08/2026,2700,2700,2700
Gujarat,Sabarkantha,Modasa(Tintoi) APMC,Wheat,Lokwan,FAQ,10/08/2026,2500,2555,2555
Gujarat,Surat,Bardoli(Kadod) APMC,Brinjal,Other,Local,10/08/2026,2100,3700,2850
West Bengal,Medinipur(W),Medinipur(West) APMC,Brinjal,Brinjal,FAQ,10/08/2026,3400,3600,3500
West Bengal,Medinipur(W),Medinipur(West) APMC,Garlic,Garlic,FAQ,10/08/2026,15500,16500,16000
Gujarat,Sabarkantha,Prantij(Salala) APMC,Paddy(Common),Other,Local,10/08/2026,2400,2750,2575
Keralam,Kasargod,Manjeswaram Market,Arecanut(Betelnut/Supari),Other,FAQ,10/08/2026,47500,47700,47600
Keralam,Kasargod,Manjeswaram Market,Bhindi(Ladies Finger),Bhindi,FAQ,10/08/2026,8000,10000,9000
Keralam,Kasargod,Manjeswaram Market,Bitter gourd,Bitter Gourd,FAQ,10/08/2026,7000,8000,7500
Keralam,Kasargod,Manjeswaram Market,Cabbage,Cabbage,FAQ,10/08/2026,4000,5000,4500
Uttar Pradesh,Jhansi,Mauranipur APMC,Firewood,Firewood,FAQ,10/08/2026,350,465,361.28
Uttar Pradesh,Jhansi,Mauranipur APMC,Wood,Other,FAQ,10/08/2026,600,600,600
Gujarat,Mehsana,Mehsana(Mehsana Veg) APMC,Lime,Other,Local,10/08/2026,2800,3500,3200
Gujarat,Mehsana,Mehsana(Mehsana Veg) APMC,Cabbage,Cabbage,Local,10/08/2026,500,3000,2000
Gujarat,Mehsana,Mehsana(Mehsana Veg) APMC,Onion,Onion,Local,10/08/2026,1800,2500,2150
Gujarat,Mehsana,Mehsana(Mehsana Veg) APMC,Potato,Potato,Local,10/08/2026,500,3700,1150
Gujarat,Banaskanth,Deesa(Deesa Veg Yard) APMC,Cucumbar(Kheera),Other,FAQ,10/08/2026,4000,7000,5500
Gujarat,Banaskanth,Deesa(Deesa Veg Yard) APMC,Tinda,Other,FAQ,10/08/2026,1500,4000,2750
Gujarat,Banaskanth,Deesa(Deesa Veg Yard) APMC,Ginger(Green),Other,FAQ,10/08/2026,4000,7000,5500
Gujarat,Banaskanth,Deesa(Deesa Veg Yard) APMC,Tender Coconut,Other,Medium,10/08/2026,4000,5000,4500
Gujarat,Banaskanth,Deesa(Deesa Veg Yard) APMC,Potato,Other,FAQ,10/08/2026,700,1400,1050
Gujarat,Banaskanth,Thara(Shihori) APMC,Wheat,Other,FAQ,10/08/2026,2460,2625,2542.5
Gujarat,Rajkot,Rajkot APMC,Soyabean,Soyabeen,FAQ,10/08/2026,6000,6705,6500
Gujarat,Rajkot,Rajkot APMC,Black Gram(Urd Beans)(Whole),Black Gram (Whole),FAQ,10/08/2026,6565,9295,8400
Gujarat,Rajkot,Rajkot APMC,Corriander seed,Coriander Seed,FAQ,10/08/2026,13600,14950,14400
Maharashtra,Solapur,Mohol APMC,Maize,Deshi Red,Non-FAQ,10/08/2026,2000,2200,2100
Gujarat,Morbi,Morbi APMC,Jowar(Sorghum),Jowar ( White),FAQ,10/08/2026,2250,6620,4435
Gujarat,Morbi,Morbi APMC,Green Chilli,Green Chilly,FAQ,10/08/2026,3000,5000,4000
Gujarat,Morbi,Morbi APMC,Onion,Onion,FAQ,10/08/2026,1300,2700,2000
Gujarat,Surendranagar,Vadhvan APMC,Lemon,Lemon,Medium,10/08/2026,2000,2500,2250
Gujarat,Surendranagar,Vadhvan APMC,Cucumbar(Kheera),Cucumbar,Medium,10/08/2026,3500,4000,3750
Gujarat,Surendranagar,Vadhvan APMC,Peas Wet,Peas Wet,Medium,10/08/2026,11000,11500,11250
Gujarat,Surendranagar,Vadhvan APMC,Spinach,Spinach,Medium,10/08/2026,3500,4500,4000
Gujarat,Jamnagar,Jamnagar APMC,Bajra(Pearl Millet/Cumbu),Other,Local,10/08/2026,2000,2325,2325
Gujarat,Jamnagar,Jamnagar APMC,Wheat,Other,Local,10/08/2026,2225,2745,2575
Gujarat,Jamnagar,Jamnagar APMC,Other Pulses,Other,Local,10/08/2026,2000,2500,2500
Gujarat,Jamnagar,Jamnagar APMC,Black Gram(Urd Beans)(Whole),Other,Local,10/08/2026,5500,7475,6475
Gujarat,Junagarh,Junagadh APMC,Bajra(Pearl Millet/Cumbu),Local,FAQ,10/08/2026,2350,2350,2350
Gujarat,Junagarh,Junagadh APMC,"Sesamum(Sesame,Gingelly,Til)",Black,FAQ,10/08/2026,12500,17875,15500
Gujarat,Junagarh,Junagadh APMC,"Sesamum(Sesame,Gingelly,Til)",White,FAQ,10/08/2026,11000,12980,12100
Gujarat,Junagarh,Junagadh APMC,Soyabean,Soyabeen,FAQ,10/08/2026,6000,6810,6600
Gujarat,Junagarh,Junagadh APMC,Red gram/Arhar/Tur(whole),Arhar (Whole),FAQ,10/08/2026,6000,7705,7250
Gujarat,Rajkot,Dhoraji APMC,Red gram/Arhar/Tur(whole),Local,Non-FAQ,10/08/2026,5005,7105,6930
Gujarat,Botad,Botad APMC,Mustard,Other,Local,10/08/2026,7500,8400,8000
Gujarat,Botad,Botad APMC,Soanf,Other,Local,10/08/2026,7500,8650,8125
Gujarat,Jamnagar,Kalawad APMC,Corriander seed,Other,Local,10/08/2026,12525,15000,14200
Gujarat,Amreli,Babra APMC,Cotton,Shanker 6 (B) 30mm FIne,FAQ,10/08/2026,8700,9400,9050
Gujarat,Amreli,Rajula APMC,Green Gram(Moong)(Whole),Local,Local,10/08/2026,6510,7500,7005
Keralam,Kollam,Veliyam  VFPCK Market,Banana,Nendra Bale,Grade A,10/08/2026,6900,6900,6900
Gujarat,Amreli,Damnagar APMC,Bottle gourd,Bottle Gourd,Local,10/08/2026,4500,4500,4500
Gujarat,Amreli,Damnagar APMC,Cabbage,Cabbage,Local,10/08/2026,3000,3000,3000
Gujarat,Rajkot,Gondal(Veg.market Gondal) APMC,Guava,Guava,Local,10/08/2026,5000,7000,6000
Gujarat,Rajkot,Gondal(Veg.market Gondal) APMC,Mousambi(Sweet Lime),Mousambi,Local,10/08/2026,1500,3000,2250
Gujarat,Rajkot,Gondal(Veg.market Gondal) APMC,Cucumbar(Kheera),Cucumbar,Local,10/08/2026,1000,5000,3000
Gujarat,Rajkot,Gondal(Veg.market Gondal) APMC,Green Chilli,Green Chilly,Local,10/08/2026,1000,9000,5000
Gujarat,Rajkot,Gondal(Veg.market Gondal) APMC,Potato,Potato,Local,10/08/2026,750,1250,1000
Gujarat,Botad,Botad(Haddad) APMC,Cotton,Cotton (Unginned),Local,10/08/2026,8680,9430,9105
Karnataka,Raichur,Sindhanur APMC,Paddy(Common),Paddy RNR Old,FAQ,10/08/2026,3200,4140,3850
Karnataka,Raichur,Sindhanur APMC,Rice,Medium,FAQ,10/08/2026,4099,5600,5100
Karnataka,Raichur,Sindhanur APMC,Foxtail Millet(Navane),Navane Hybrid,FAQ,10/08/2026,3920,3970,3950
Karnataka,Raichur,Sindhanur APMC,Dry Chillies,Local,FAQ,10/08/2026,4400,4400,4400
Karnataka,Koppal,Gangavathi APMC,Paddy(Common),Sona Masuri (OLD),Non-FAQ,10/08/2026,3540,3650,3600
Karnataka,Koppal,Gangavathi APMC,Maize,Local,Non-FAQ,10/08/2026,2250,2260,2260
Karnataka,Koppal,Gangavathi APMC,Rice,Other,Small,10/08/2026,2300,3045,2600
Tamil Nadu,Madurai,Chokkikulam(Uzhavar Sandhai ),Potato,Red Nanital,Local,10/08/2026,2400,6500,4450
Tamil Nadu,Madurai,Chokkikulam(Uzhavar Sandhai ),Mousambi(Sweet Lime),Mousambi,Local,10/08/2026,7000,8000,7500
Tamil Nadu,Madurai,Chokkikulam(Uzhavar Sandhai ),Banana,Besrai,Local,10/08/2026,4000,5000,4500
Tamil Nadu,Madurai,Chokkikulam(Uzhavar Sandhai ),Bitter gourd,Bitter Gourd,Local,10/08/2026,6500,7000,6750
Tamil Nadu,Madurai,Chokkikulam(Uzhavar Sandhai ),Ginger(Green),Green Ginger,Local,10/08/2026,14000,22000,18000
Tamil Nadu,Madurai,Chokkikulam(Uzhavar Sandhai ),Coconut,Coconut,Local,10/08/2026,6000,6800,6400
Tamil Nadu,Madurai,Chokkikulam(Uzhavar Sandhai ),Carrot,Pusakesar,Local,10/08/2026,6000,8000,7000
Tamil Nadu,Madurai,Chokkikulam(Uzhavar Sandhai ),Cabbage,Cabbage,Local,10/08/2026,3000,3600,3300
Tamil Nadu,Madurai,Chokkikulam(Uzhavar Sandhai ),Snakeguard,Snakeguard,Local,10/08/2026,3600,4000,3800
Tamil Nadu,Madurai,Chokkikulam(Uzhavar Sandhai ),Green Avare(W),Green Avare (W),Local,10/08/2026,7000,10000,8500
Tamil Nadu,Madurai,Chokkikulam(Uzhavar Sandhai ),Chow Chow,Chow Chow,Local,10/08/2026,2500,3000,2750
Tamil Nadu,Madurai,Chokkikulam(Uzhavar Sandhai ),Knool Khol,Knool Khol,Local,10/08/2026,5000,6000,5500
Tamil Nadu,Madurai,Chokkikulam(Uzhavar Sandhai ),Lime,Lime,Local,10/08/2026,3600,4000,3800
Tamil Nadu,Madurai,Chokkikulam(Uzhavar Sandhai ),Pomegranate,Pomogranate,Local,10/08/2026,18000,22000,20000
Tamil Nadu,Madurai,Chokkikulam(Uzhavar Sandhai ),Custard Apple(Sharifa),Custard Apple(Sharifa),Local,10/08/2026,5500,6000,5750
Tamil Nadu,Madurai,Chokkikulam(Uzhavar Sandhai ),Onion Green,Onion Green,Local,10/08/2026,6500,7000,6750
Karnataka,Haveri,Ranebennur APMC,Green Chilli,Green Chilly,Medium,10/08/2026,1000,3000,2000
Karnataka,Chikkaballapur,Gauribidanur APMC,Bottle gourd,Bottle Gourd,Local,10/08/2026,1500,2500,2000
Karnataka,Chikkaballapur,Gauribidanur APMC,Cucumbar(Kheera),Cucumbar,Local,10/08/2026,1000,2000,1500
Karnataka,Kolar,Malur APMC,Beans,Beans (Whole),Local,10/08/2026,7000,9000,8000
Karnataka,Mysuru,Mysuru APMC,Brinjal,Round,Medium,10/08/2026,1300,1500,1400
Karnataka,Mysuru,Mysuru APMC,Drumstick,Drumstick,Medium,10/08/2026,1800,2000,1900
Karnataka,Mysuru,Mysuru APMC,Ginger(Green),Green Ginger,Medium,10/08/2026,12000,12500,12300
Karnataka,Mysuru,Mysuru APMC,Carrot,Carrot,Medium,10/08/2026,4800,5000,4900
Karnataka,Mysuru,Mysuru APMC,Snakeguard,Snakeguard,Medium,10/08/2026,1800,2000,1900
Karnataka,Mysuru,Mysuru APMC,Capsicum,Capsicum,Medium,10/08/2026,3600,3800,3700
Karnataka,Tumakuru,Turvekere APMC,Copra,Copra,Grade Range-1,10/08/2026,30000,30700,30500
Maharashtra,Palghar,Kalyan APMC,Ridgeguard(Tori),Other,Local,10/08/2026,4000,6000,5000
Maharashtra,Palghar,Kalyan APMC,Brinjal,Other,Local,10/08/2026,3000,4000,3500
Maharashtra,Palghar,Kalyan APMC,Green Chilli,Other,Local,10/08/2026,4000,6000,5000
Maharashtra,Palghar,Kalyan APMC,Bajra(Pearl Millet/Cumbu),Other,FAQ,10/08/2026,2800,3200,3000
Maharashtra,Palghar,Kalyan APMC,Mousambi(Sweet Lime),Other,Local,10/08/2026,4000,6000,5000
Maharashtra,Palghar,Kalyan APMC,Potato,Other,Local,10/08/2026,800,1300,1050
Maharashtra,Palghar,Kalyan APMC,Bhindi(Ladies Finger),Other,Local,10/08/2026,2500,4000,3250
Maharashtra,Palghar,Kalyan APMC,French Beans(Frasbean),Other,Local,10/08/2026,5000,7000,6000
Maharashtra,Palghar,Kalyan APMC,Cauliflower,Other,Local,10/08/2026,2000,3000,2500
Maharashtra,Palghar,Kalyan APMC,Carrot,Other,Local,10/08/2026,2500,4000,3250
Karnataka,Vijayapura,Talikot APMC,Safflower,Safflower,FAQ,10/08/2026,5355,5375,5369
Karnataka,Bidar,Basava Kalayana APMC,Jowar(Sorghum),Jowar ( White),FAQ,10/08/2026,2100,3600,2800
Keralam,Kottayam,Kurichy VFPCK Market,Banana,Nendra Bale,Grade A,10/08/2026,6500,7000,7000
Gujarat,Amreli,The Agricultural Produce Market Committee-Amreli,Groundnut(Split),Groundnut(Split),FAQ,10/08/2026,6000,10500,10250
Gujarat,Amreli,The Agricultural Produce Market Committee-Amreli,"Sesamum(Sesame,Gingelly,Til)",Red,FAQ,10/08/2026,10550,11350,11350
Karnataka,Dakshina Kannada,Sulya APMC,Arecanut(Betelnut/Supari),Cqca,Local,10/08/2026,20000,35000,28000
Uttar Pradesh,Hardoi,Sandi APMC,Wood,Other,FAQ,10/08/2026,700,700,700
Karnataka,Chitradurga,Chitradurga APMC,Groundnut,Natte,Local,10/08/2026,7525,7525,7525
Karnataka,Gadag,Gadag APMC,Maize,Local,FAQ,10/08/2026,2202,2202,2202
Karnataka,Gadag,Gadag APMC,Mustard,Other,FAQ,10/08/2026,4069,4069,4069
Karnataka,Gadag,Gadag APMC,Red gram/Arhar/Tur(whole),Arhar (Whole),FAQ,10/08/2026,4044,4044,4044
Karnataka,Hassan,Arasikere APMC,Coconut,Medium,Medium,10/08/2026,28000,35000,30000
Karnataka,Mandya,Mandya APMC,Tender Coconut,Tender Coconut,Local,10/08/2026,15,30,20
Karnataka,Kolar,Bangarpet APMC,Onion,Onion,Local,10/08/2026,2300,2700,2500
Karnataka,Kolar,Bangarpet APMC,Green Chilli,Green Chilly,Local,10/08/2026,1500,2300,2000
Karnataka,Kolar,Bangarpet APMC,Beetroot,Beetroot,Local,10/08/2026,1500,2500,2000
Uttar Pradesh,Hardoi,Shahabad(New Mandi) APMC,Potato,Other,FAQ,10/08/2026,550,550,550
Karnataka,Uttara Kannada,Sirsi APMC,Arecanut(Betelnut/Supari),Rashi,Local,10/08/2026,51909,52699,52202
Karnataka,Bidar,Bidar APMC,Black Gram(Urd Beans)(Whole),Black Gram (Whole),Non-FAQ,10/08/2026,5068,7777,6701
Maharashtra,Jalgaon,Jalgaon APMC,Black Gram(Urd Beans)(Whole),Other,Non-FAQ,10/08/2026,4300,4300,4300
Maharashtra,Jalgaon,Jalgaon APMC,Ginger(Green),Other,Local,10/08/2026,10000,15000,12500
Haryana,Kaithal,Siwan APMC,Potato,Other,Grade A,10/08/2026,1400,1600,1500
Haryana,Kaithal,Siwan APMC,Ridgeguard(Tori),Other,FAQ,10/08/2026,3000,3200,3100
Haryana,Fatehabad,Ratia APMC,Guava,Other,Grade A,10/08/2026,2000,2500,2200
Haryana,Fatehabad,Ratia APMC,Tomato,Other,Grade A,10/08/2026,2500,3000,2700
Tamil Nadu,Ramanathapuram,Ramanathapuram APMC,Paddy(Common),Other,Local,10/08/2026,1818,2424,2121
Telangana,Hyderabad,Bowenpally APMC,Cabbage,Cabbage,FAQ,10/08/2026,600,1300,1000
Telangana,Hyderabad,Bowenpally APMC,Onion,Onion,FAQ,10/08/2026,1600,3000,2600
Telangana,Hyderabad,Bowenpally APMC,Onion Green,Onion Green,FAQ,10/08/2026,1500,4000,3000
Telangana,Hyderabad,Bowenpally APMC,Snakeguard,Snakeguard,FAQ,10/08/2026,500,2000,1800
Telangana,Hyderabad,Bowenpally APMC,Mango(Raw-Ripe),Mango - Raw-Ripe,FAQ,10/08/2026,1200,3600,3000
Telangana,Hyderabad,Bowenpally APMC,Ridgeguard(Tori),Ridgeguard(Tori),FAQ,10/08/2026,500,1600,1400
Tripura,South Tripura,Barpathari APMC,Ginger(Green),Green Ginger,Medium,10/08/2026,15500,16500,16000
Tripura,South Tripura,Barpathari APMC,Pointed gourd(Parval),Pointed gourd (Parval),Local,10/08/2026,5900,6100,6000
Tripura,South Tripura,Barpathari APMC,Brinjal,Round/Long,Local,10/08/2026,4900,5100,5000
Tamil Nadu,Thiruvannamalai,Desur APMC,Paddy(Common),Ponni,Local,10/08/2026,2695,2880,2787.5
West Bengal,Medinipur(E),Egra/contai APMC,Green Chilli,Green Chilly,FAQ,10/08/2026,5000,5200,5100
West Bengal,Medinipur(E),Egra/contai APMC,Sweet Pumpkin,Sweet Pumpkin,FAQ,10/08/2026,2000,2200,2100
Punjab,Jalandhar,Jalandhar City(Jalandhar) APMC,Papaya,Papaya,Medium,10/08/2026,1100,2100,1400
Punjab,Jalandhar,Jalandhar City(Jalandhar) APMC,Plum,Plum,Medium,10/08/2026,2000,5800,4200
Punjab,Jalandhar,Jalandhar City(Jalandhar) APMC,Karbuja(Musk Melon),Karbhuja,Medium,10/08/2026,2000,4000,2800
Punjab,Jalandhar,Jalandhar City(Jalandhar) APMC,Tender Coconut,Tender Coconut,Medium,10/08/2026,1800,3200,2400
Punjab,Jalandhar,Jalandhar City(Jalandhar) APMC,Pineapple,Other,Medium,10/08/2026,1500,3000,2500
Punjab,Jalandhar,Jalandhar City(Jalandhar) APMC,Water Melon,Water Melon,Medium,10/08/2026,800,2500,1800
Punjab,Jalandhar,Jalandhar City(Jalandhar) APMC,Cabbage,Cabbage,FAQ,10/08/2026,800,1600,1200
Punjab,Jalandhar,Jalandhar City(Jalandhar) APMC,Banana - Green,Banana - Green,FAQ,10/08/2026,1000,1700,1300
Punjab,Jalandhar,Jalandhar City(Jalandhar) APMC,Capsicum,Capsicum,FAQ,10/08/2026,1500,2500,2000
Punjab,Jalandhar,Jalandhar City(Jalandhar) APMC,Cauliflower,Cauliflower,FAQ,10/08/2026,1000,3000,2000
Punjab,Jalandhar,Jalandhar City(Jalandhar) APMC,Coriander(Leaves),Coriander,FAQ,10/08/2026,2000,4000,3000
Punjab,Jalandhar,Jalandhar City(Jalandhar) APMC,Ginger(Green),Green Ginger,FAQ,10/08/2026,3500,6000,4700
Punjab,Jalandhar,Jalandhar City(Jalandhar) APMC,Tomato,Tomato,FAQ,10/08/2026,600,2000,1300
Punjab,Jalandhar,Jalandhar City(Jalandhar) APMC,Tinda,Tinda,FAQ,10/08/2026,2000,3000,2500
Tamil Nadu,Coimbatore,Udumalpet APMC,Tomato,Deshi,Local,10/08/2026,1200,1700,1450
Tamil Nadu,Coimbatore,Udumalpet APMC,Potato,Red Nanital,Local,10/08/2026,3500,4400,3950
Tamil Nadu,Coimbatore,Udumalpet APMC,Coriander(Leaves),I Sort,Local,10/08/2026,6000,7000,6500
Tamil Nadu,Coimbatore,Udumalpet APMC,Bitter gourd,Bitter Gourd,Local,10/08/2026,5000,6000,5500
Tamil Nadu,Coimbatore,Udumalpet APMC,Bhindi(Ladies Finger),Bhindi,Local,10/08/2026,4500,5000,4750
Tamil Nadu,Coimbatore,Udumalpet APMC,Cowpea(Veg),Cowpea (Veg),Local,10/08/2026,3000,3500,3250
Tamil Nadu,Coimbatore,Udumalpet APMC,Tapioca,Tapioca,Local,10/08/2026,3500,4000,3750
Tamil Nadu,Coimbatore,Udumalpet APMC,Ginger(Green),Green Ginger,Local,10/08/2026,18000,20000,19000
Tamil Nadu,Coimbatore,Udumalpet APMC,Coconut,Coconut,Local,10/08/2026,5000,6000,5500
Tamil Nadu,Coimbatore,Udumalpet APMC,Cabbage,Cabbage,Local,10/08/2026,3000,3700,3350
Tamil Nadu,Coimbatore,Udumalpet APMC,Beetroot,Beetroot,Local,10/08/2026,4000,8500,6250
Tamil Nadu,Coimbatore,Udumalpet APMC,Raddish,Raddish,Local,10/08/2026,2500,3000,2750
Tamil Nadu,Coimbatore,Udumalpet APMC,Chow Chow,Chow Chow,Local,10/08/2026,3500,4400,3950
Tamil Nadu,Coimbatore,Udumalpet APMC,Mango(Raw-Ripe),Mango - Raw-Ripe,Local,10/08/2026,4000,5000,4500
Tamil Nadu,Coimbatore,Udumalpet APMC,Guava,Guava Allahabad,Local,10/08/2026,5000,5800,5400
Tamil Nadu,Coimbatore,Udumalpet APMC,Elephant Yam(Suran)/Amorphophallus,Elephant Yam (Suran),Local,10/08/2026,5500,7000,6250
Andhra Pradesh,Kakinada,Karapa APMC,Paddy(Common),1001,FAQ,10/08/2026,2363,2369,2365
Madhya Pradesh,Harda,Timarni APMC,Bengal Gram(Gram)(Whole),Gram,FAQ,10/08/2026,2300,6114,6114
Madhya Pradesh,Harda,Khirakiya APMC,Wheat,Wheat,Non-FAQ,10/08/2026,2596,2620,2620
Madhya Pradesh,Hoshangabad,Pipariya APMC,Paddy(Common),1886,FAQ,10/08/2026,4450,4450,4450
Madhya Pradesh,Hoshangabad,Pipariya APMC,Bengal Gram(Gram)(Whole),Gram,FAQ,10/08/2026,5200,6260,5900
Himachal Pradesh,Hamirpur,SMY Nadaun,Mousambi(Sweet Lime),Other,Grade B,10/08/2026,8000,8200,8100
Himachal Pradesh,Hamirpur,SMY Nadaun,Pomegranate,Pomogranate,Grade B,10/08/2026,14000,16000,15000
Himachal Pradesh,Hamirpur,SMY Nadaun,Pear(Marasebu),Other,Grade B,10/08/2026,12000,14000,13000
Himachal Pradesh,Hamirpur,SMY Nadaun,Pumpkin,Pumpkin,Grade B,10/08/2026,2400,2500,2450
Himachal Pradesh,Hamirpur,SMY Nadaun,Bottle gourd,Other,Grade B,10/08/2026,4100,4300,4200
Himachal Pradesh,Hamirpur,SMY Nadaun,Cabbage,Other,Grade B,10/08/2026,2800,3000,2900
Himachal Pradesh,Kangra,SMY Jassur,Bitter gourd,Other,FAQ,10/08/2026,1500,2000,1700
Himachal Pradesh,Kangra,SMY Jassur,Cucumbar(Kheera),Other,FAQ,10/08/2026,1500,2200,1800
Madhya Pradesh,Harda,Sirali APMC,Wheat,Mill Quality,FAQ,10/08/2026,2580,2618,2600
Himachal Pradesh,Kangra,SMY Nagrota Bagwan,Papaya,Papaya,Medium,10/08/2026,4000,4500,4200
Himachal Pradesh,Kangra,SMY Nagrota Bagwan,Banana,Other,Medium,10/08/2026,4500,5500,5000
Himachal Pradesh,Kangra,SMY Nagrota Bagwan,Bitter gourd,Bitter Gourd,FAQ,10/08/2026,1800,2800,2300
Himachal Pradesh,Kangra,SMY Nagrota Bagwan,Pomegranate,Pomogranate,Medium,10/08/2026,10000,13000,11500
Himachal Pradesh,Kangra,SMY Nagrota Bagwan,Bottle gourd,Bottle Gourd,FAQ,10/08/2026,3000,4000,3500
Himachal Pradesh,Kangra,SMY Nagrota Bagwan,Tomato,Tomato,FAQ,10/08/2026,2200,3000,2600
Himachal Pradesh,Kullu,SMY Chauri Bihal,Tomato,Other,Grade Range-1,10/08/2026,700,2100,1600
Himachal Pradesh,Mandi,SMY Takoli,Apple,Other,Medium,10/08/2026,2000,10300,6500
Himachal Pradesh,Mandi,SMY Takoli,Peas Wet,Other,Medium,10/08/2026,2000,5000,3500
Himachal Pradesh,Mandi,SMY Takoli,French Beans(Frasbean),Other,Medium,10/08/2026,3000,5000,4000
Himachal Pradesh,Shimla,SMY Rampur,Garlic,Other,Local,10/08/2026,10000,10500,10200
Himachal Pradesh,Shimla,SMY Theog,Apple,Apple,Grade A,10/08/2026,2500,10000,7000
Maharashtra,Buldhana,Deoulgaon Raja APMC,Bajra(Pearl Millet/Cumbu),Other,Non-FAQ,10/08/2026,2400,2400,2400
Maharashtra,Buldhana,Deoulgaon Raja APMC,Wheat,Other,FAQ,10/08/2026,2601,2601,2601
Maharashtra,Buldhana,Deoulgaon Raja APMC,Soyabean,Yellow,FAQ,10/08/2026,6000,6507,6480
Madhya Pradesh,Dhar,Badnawar APMC,Green Peas,Pea,FAQ,10/08/2026,2550,2700,2700
Madhya Pradesh,Dhar,Badnawar APMC,Wheat,Wheat,FAQ,10/08/2026,2105,2805,2750
Madhya Pradesh,Dhar,Badnawar APMC,Onion,Onion,Non-FAQ,10/08/2026,500,2125,1400
Madhya Pradesh,Dhar,Manawar APMC,Wheat,Wheat,FAQ,10/08/2026,2640,2710,2685
Madhya Pradesh,Dhar,Rajgarh APMC,Wheat,Wheat,FAQ,10/08/2026,2475,2750,2700
Madhya Pradesh,Dhar,Rajgarh APMC,Wheat,Lokwan,FAQ,10/08/2026,2525,2600,2600
Madhya Pradesh,Alirajpur,Alirajpur APMC,Soyabean,Soyabeen,FAQ,10/08/2026,3878.79,6800,6800
West Bengal,Darjeeling,Siliguri APMC,Ginger(Green),Green Ginger,FAQ,10/08/2026,11000,12000,11500
West Bengal,Darjeeling,Siliguri APMC,Squash(Chappal Kadoo),Other,FAQ,10/08/2026,1700,1900,1800
Madhya Pradesh,Khargone,Sanawad APMC,Wheat,Wheat,FAQ,10/08/2026,2500,2678,2674
Madhya Pradesh,Khargone,Bhikangaon APMC,Bengal Gram(Gram)(Whole),Gram,FAQ,10/08/2026,5105,5105,5105
Madhya Pradesh,Khargone,Bhikangaon APMC,Green Gram(Moong)(Whole),Green (Whole),FAQ,10/08/2026,6505,6505,6505
Madhya Pradesh,Alirajpur,Jobat APMC,Wheat,Wheat,FAQ,10/08/2026,2491,2550,2550
Madhya Pradesh,Khargone,Kasrawad APMC,Wheat,Wheat,FAQ,10/08/2026,2630,2760,2700
Uttar Pradesh,Gorakhpur,Gorakhpur APMC,Rice,Other,FAQ,10/08/2026,5140.75,5140.75,5140.75
Uttar Pradesh,Gorakhpur,Gorakhpur APMC,Masur Dal,Other,FAQ,10/08/2026,6800,6800,6800
Uttar Pradesh,Gorakhpur,Gorakhpur APMC,Tobacco,Other,FAQ,10/08/2026,3000,3000,3000
West Bengal,Puruliya,Balarampur APMC,Bhindi(Ladies Finger),Other,Local,10/08/2026,2500,3000,2700
West Bengal,Murshidabad,Beldanga APMC,Potato,Jyoti,FAQ,10/08/2026,650,750,700
Himachal Pradesh,Kullu,SMY Bandrol,Garlic,Other,FAQ,10/08/2026,6000,16000,11000
Tamil Nadu,Erode,Gobichettipalayam(Uzhavar Sandhai ),Groundnut,Big (With Shell),Local,10/08/2026,4500,5000,4750
Tamil Nadu,Erode,Gobichettipalayam(Uzhavar Sandhai ),Potato,Red Nanital,Local,10/08/2026,3400,3600,3500
Tamil Nadu,Erode,Gobichettipalayam(Uzhavar Sandhai ),Ginger(Green),Green Ginger,Local,10/08/2026,16500,17000,16750
Tamil Nadu,Erode,Gobichettipalayam(Uzhavar Sandhai ),Coconut,Coconut,Local,10/08/2026,5200,5500,5350
Tamil Nadu,Erode,Gobichettipalayam(Uzhavar Sandhai ),Tender Coconut,Tender Coconut,Local,10/08/2026,3000,3500,3250
Tamil Nadu,Erode,Gobichettipalayam(Uzhavar Sandhai ),Onion Green,Onion Green,Local,10/08/2026,5500,6000,5750
Uttar Pradesh,Kannuj,Kannauj APMC,Maize,Other,FAQ,10/08/2026,2000,2100,2005.47
Tamil Nadu,Erode,Sampath Nagar(Uzhavar Sandhai ),Mousambi(Sweet Lime),Mousambi,Local,10/08/2026,5500,6000,5750
Tamil Nadu,Erode,Sampath Nagar(Uzhavar Sandhai ),Bottle gourd,Bottle Gourd,Local,10/08/2026,1500,2000,1750
Tamil Nadu,Erode,Sampath Nagar(Uzhavar Sandhai ),Cabbage,Cabbage,Local,10/08/2026,2000,2400,2200
Tamil Nadu,Erode,Sampath Nagar(Uzhavar Sandhai ),Beetroot,Beetroot,Local,10/08/2026,8000,8500,8250
Tamil Nadu,Erode,Sampath Nagar(Uzhavar Sandhai ),Mango(Raw-Ripe),Mango - Raw-Ripe,Local,10/08/2026,3600,4000,3800
Tamil Nadu,Erode,Sampath Nagar(Uzhavar Sandhai ),Elephant Yam(Suran)/Amorphophallus,Elephant Yam (Suran),Local,10/08/2026,2600,3000,2800
Tamil Nadu,Erode,Sampath Nagar(Uzhavar Sandhai ),Pear(Marasebu),Pears,Local,10/08/2026,10000,11000,10500
Madhya Pradesh,Shajapur,Kalapipal APMC,Lentil(Masur)(Whole),Masur Dal,FAQ,10/08/2026,5800,5800,5800
Madhya Pradesh,Shajapur,Kalapipal APMC,Onion,Onion,FAQ,10/08/2026,700,2450,2271
Madhya Pradesh,Shajapur,Kalapipal APMC,Soyabean,Yellow,FAQ,10/08/2026,6700,6700,6700
Himachal Pradesh,Shimla,SMY Rohroo,Cauliflower,Cauliflower,Grade B,10/08/2026,3000,4000,3500
Himachal Pradesh,Una,SMY Santoshgarh,Potato,Jyoti,FAQ,10/08/2026,900,1100,1000
Himachal Pradesh,Una,SMY Santoshgarh,Cauliflower,Cauliflower,FAQ,10/08/2026,5000,5000,5000
Himachal Pradesh,Una,SMY Santoshgarh,Onion,Onion,FAQ,10/08/2026,2500,3200,2850
Himachal Pradesh,Una,SMY Santoshgarh,Colacasia,Other,FAQ,10/08/2026,2000,2000,2000
Rajasthan,Sikar,Sikar APMC,Potato,Other,FAQ,10/08/2026,700,800,750
Punjab,Jalandhar,Phillaur(Apra Mandi) APMC,Green Chilli,Other,FAQ,10/08/2026,3000,3000,3000
Madhya Pradesh,Datia,Sevda APMC,Bengal Gram(Gram)(Whole),Gram,FAQ,10/08/2026,5790,5940,5940
Madhya Pradesh,Datia,Sevda APMC,Wheat,Mill Quality,FAQ,10/08/2026,2533,2599,2574
Madhya Pradesh,Guna,Guna APMC,Green Gram(Moong)(Whole),Green (Whole),FAQ,10/08/2026,5510,7070,7070
Madhya Pradesh,Guna,Maksudangarh APMC,Wheat,Wheat,FAQ,10/08/2026,2451,2580,2540
West Bengal,Jhargram,Jhargram APMC,Brinjal,Other,FAQ,10/08/2026,4400,4800,4600
West Bengal,Jhargram,Jhargram APMC,Carrot,Other,FAQ,10/08/2026,3300,3700,3500
West Bengal,Jhargram,Jhargram APMC,Green Chilli,Other,FAQ,10/08/2026,10500,11500,11000
West Bengal,Jhargram,Jhargram APMC,Ladies Finger,Other,FAQ,10/08/2026,3600,4000,3800
West Bengal,Jhargram,Jhargram APMC,Sweet Pumpkin,Other,FAQ,10/08/2026,2300,2700,2500
Madhya Pradesh,Satna,Mehar APMC,Mustard,Mustard,Non-FAQ,10/08/2026,6800,6800,6800
Madhya Pradesh,Satna,Mehar APMC,Wheat,Local,FAQ,10/08/2026,2500,2502,2502
Uttar Pradesh,Etawah,Jasvantnagar APMC,Bitter gourd,Bitter Gourd,Medium,10/08/2026,2210,2310,2260
Tripura,Khowai,Kalyanpur APMC,Ridgeguard(Tori),Ridgeguard(Tori),FAQ,10/08/2026,6000,6200,6100
Chattisgarh,Bijapur,Bhopalpattnam APMC,Mahua,Mahua,Non-FAQ,10/08/2026,2500,3600,3000
Punjab,Jalandhar,Mehatpur APMC,Green Chilli,Green Chilly,Local,10/08/2026,2800,3000,2900
Madhya Pradesh,Ashoknagar,Chanderi APMC,Wheat,Wheat,FAQ,10/08/2026,2506,2580,2580
Madhya Pradesh,Damoh,Damoh APMC,Wheat,Mill Quality,Non-FAQ,10/08/2026,2300,2300,2300
Madhya Pradesh,Damoh,Damoh APMC,Red gram/Arhar/Tur(whole),Arhar Dal(Tur),FAQ,10/08/2026,3810,6750,6750
Madhya Pradesh,Damoh,Damoh APMC,Black Gram(Urd Beans)(Whole),Urda/Urd,FAQ,10/08/2026,6010,8360,8360
Madhya Pradesh,Narsinghpur,Gotegaon APMC,Green Gram(Moong)(Whole),Green (Whole),Non-FAQ,10/08/2026,3000,4500,4500
Madhya Pradesh,Narsinghpur,Gotegaon APMC,Green Gram(Moong)(Whole),Green (Whole),FAQ,10/08/2026,5500,6510,6510
Madhya Pradesh,Narsinghpur,Tendukheda APMC,Lentil(Masur)(Whole),Masur Dal,FAQ,10/08/2026,6175,6191,6191
Madhya Pradesh,Seoni,Seoni APMC,Wheat,Local,FAQ,10/08/2026,2590,2620,2610
Tamil Nadu,Vellore,Pallikonda(Uzhavar Sandhai),Onion,Bellary,Local,10/08/2026,3600,3600,3600
Tamil Nadu,Vellore,Pallikonda(Uzhavar Sandhai),Garlic,Garlic,Local,10/08/2026,21000,21000,21000
Tamil Nadu,Vellore,Pallikonda(Uzhavar Sandhai),Tomato,Deshi,Local,10/08/2026,1500,2000,1750
Tamil Nadu,Vellore,Pallikonda(Uzhavar Sandhai),Banana,Other,Local,10/08/2026,6000,6000,6000
Tamil Nadu,Vellore,Pallikonda(Uzhavar Sandhai),Banana - Green,Banana - Green,Local,10/08/2026,3000,3000,3000
Tamil Nadu,Vellore,Pallikonda(Uzhavar Sandhai),Ginger(Green),Green Ginger,Local,10/08/2026,17000,17000,17000
Tamil Nadu,Vellore,Pallikonda(Uzhavar Sandhai),Carrot,Pusakesar,Local,10/08/2026,6000,6000,6000
Tamil Nadu,Vellore,Pallikonda(Uzhavar Sandhai),Guava,Guava Allahabad,Local,10/08/2026,4000,4500,4250
Tamil Nadu,Vellore,Pallikonda(Uzhavar Sandhai),Tender Coconut,Tender Coconut,Local,10/08/2026,3000,3500,3250
Karnataka,Haveri,Haveri APMC,Soyabean,Soyabeen,FAQ,10/08/2026,6700,6700,6700
Karnataka,Dharwad,APMC Hubballi,Bengal Gram(Gram)(Whole),Jawari/Local,Local,10/08/2026,2529,6586,5531
Tamil Nadu,Pudukkottai,Ponnamaravathi(Uzhavar Sandhai),Mango,Safeda,Local,10/08/2026,5500,6000,5750
Tamil Nadu,Pudukkottai,Ponnamaravathi(Uzhavar Sandhai),Brinjal,Round,Local,10/08/2026,7500,8000,7750
Tamil Nadu,Pudukkottai,Ponnamaravathi(Uzhavar Sandhai),Banana,Besrai,Local,10/08/2026,6500,7000,6750
Tamil Nadu,Pudukkottai,Ponnamaravathi(Uzhavar Sandhai),Bottle gourd,Bottle Gourd,Local,10/08/2026,2000,2500,2250
Tamil Nadu,Pudukkottai,Ponnamaravathi(Uzhavar Sandhai),Amaranthus,Amaranthus,Local,10/08/2026,1500,2000,1750
Tamil Nadu,Pudukkottai,Ponnamaravathi(Uzhavar Sandhai),Snakeguard,Snakeguard,Local,10/08/2026,3500,4000,3750
Tamil Nadu,Pudukkottai,Ponnamaravathi(Uzhavar Sandhai),Guava,Guava Allahabad,Local,10/08/2026,7500,8000,7750
Tamil Nadu,Pudukkottai,Ponnamaravathi(Uzhavar Sandhai),Mint(Pudina),Mint(Pudina),Local,10/08/2026,4500,5000,4750
Karnataka,Raichur,Devadurga APMC,Bajra(Pearl Millet/Cumbu),Local,FAQ,10/08/2026,2250,2400,2300
Chattisgarh,Janjgeer-Champa,Akaltara APMC,Paddy(Common),MTU-1010,FAQ,10/08/2026,1900,1900,1900
Keralam,Malappuram,Manjeri Market,Grapes,Other,Local,10/08/2026,4450,4550,4500
Keralam,Malappuram,Manjeri Market,Banana,Other,Local,10/08/2026,4750,4850,4800
Keralam,Malappuram,Manjeri Market,Mango,Other,Local,10/08/2026,4950,5050,5000
Keralam,Malappuram,Manjeri Market,Garlic,Other,Local,10/08/2026,19950,20050,20000
Keralam,Malappuram,Manjeri Market,Long Melon(Kakri),Other,Local,10/08/2026,4450,4550,4500
Keralam,Malappuram,Manjeri Market,Water Melon,Other,Local,10/08/2026,1150,1250,1200
Odisha,Kendrapara,Kendrapara APMC,Brinjal,Brinjal,Grade B,10/08/2026,7000,7000,7000
Keralam,Palakad,Palakkad Market,Banana,Poovan,Medium,10/08/2026,7000,8000,7600
Keralam,Palakad,Palakkad Market,Pineapple,Pine Apple,Large,10/08/2026,6500,7500,7100
Keralam,Palakad,Palakkad Market,Lime,Other,Medium,10/08/2026,7000,8000,7600
Keralam,Palakad,Palakkad Market,Bengal Gram(Gram)(Whole),Average (Whole),FAQ,10/08/2026,8200,10000,9200
Keralam,Palakad,Palakkad Market,Chili Red,Red,FAQ,10/08/2026,27000,29000,28100
Keralam,Palakad,Palakkad Market,Coconut,Coconut,FAQ,10/08/2026,5900,6200,6100
Keralam,Palakad,Palakkad Market,Garlic,Garlic,FAQ,10/08/2026,21000,23000,22100
Keralam,Palakad,Palakkad Market,Ginger(Green),Green Ginger,FAQ,10/08/2026,6500,7500,7100
Keralam,Palakad,Palakkad Market,Green Avare(W),Green Avare (W),FAQ,10/08/2026,6500,7500,7100
Keralam,Palakad,Palakkad Market,Cabbage,Cabbage,FAQ,10/08/2026,2300,3000,2700
Keralam,Palakad,Palakkad Market,Brinjal,Brinjal,FAQ,10/08/2026,2800,3500,3200
Keralam,Palakad,Palakkad Market,Elephant Yam(Suran)/Amorphophallus,Other,FAQ,10/08/2026,2900,4000,3500
Keralam,Palakad,Palakkad Market,Sweet Potato,Sweet Potato,FAQ,10/08/2026,5000,6000,5600
Keralam,Palakad,Palakkad Market,Potato,Potato,FAQ,10/08/2026,3000,4000,3600
Keralam,Palakad,Palakkad Market,Snakeguard,Snakeguard,FAQ,10/08/2026,3300,4000,3700
Keralam,Palakad,Koduvayoor Market,Coconut,Big,FAQ,10/08/2026,6000,6400,6200
Keralam,Palakad,Koduvayoor Market,Beetroot,Beetroot,Medium,10/08/2026,4800,5200,5000
Keralam,Palakad,Koduvayoor Market,Bitter gourd,Bitter Gourd,Medium,10/08/2026,6000,6400,6200
Keralam,Palakad,Koduvayoor Market,Bottle gourd,Bottle Gourd,Medium,10/08/2026,3400,3800,3600
Keralam,Palakad,Koduvayoor Market,French Beans(Frasbean),Other,Medium,10/08/2026,7500,7900,7700
Keralam,Palakad,Koduvayoor Market,Onion,Big,Medium,10/08/2026,3200,3600,3400
Keralam,Palakad,Koduvayoor Market,Raddish,Other,Medium,10/08/2026,3200,3600,3400
Keralam,Palakad,Koduvayoor Market,Snakeguard,Snakeguard,Medium,10/08/2026,3200,3600,3400
Keralam,Palakad,Koduvayoor Market,Tomato,Tomato,Medium,10/08/2026,1800,2200,2000
Punjab,Muktsar,Muktsar APMC,Guava,Guava,Medium,10/08/2026,2000,4000,3000
Andhra Pradesh,Kurnool,Kurnool APMC,Groundnut,Local,FAQ,10/08/2026,5375,8726,7600
Andhra Pradesh,Kurnool,Kurnool APMC,Onion,Local,FAQ,10/08/2026,1167,2289,2013
Tamil Nadu,Nagapattinam,Mayiladuthurai(Uzhavar Sandhai ),Bhindi(Ladies Finger),Bhindi,Local,10/08/2026,4500,5000,4750
Tamil Nadu,Nagapattinam,Mayiladuthurai(Uzhavar Sandhai ),Amaranthus,Amaranthus,Local,10/08/2026,1500,2000,1750
Tamil Nadu,Nagapattinam,Mayiladuthurai(Uzhavar Sandhai ),Banana - Green,Banana - Green,Local,10/08/2026,3500,4000,3750
Tamil Nadu,Nagapattinam,Mayiladuthurai(Uzhavar Sandhai ),Beetroot,Beetroot,Local,10/08/2026,5000,5000,5000
Rajasthan,Pratapgarh,Pratapgarh APMC,Maize,Other,FAQ,10/08/2026,2590,2675,2650
Rajasthan,Pratapgarh,Pratapgarh APMC,Big Gram,Other,FAQ,10/08/2026,5300,5900,5600
Rajasthan,Pratapgarh,Pratapgarh APMC,Lentil(Masur)(Whole),Other,FAQ,10/08/2026,6200,6460,6330
Rajasthan,Pratapgarh,Pratapgarh APMC,Soyabean,Other,FAQ,10/08/2026,6000,6890,6400
Rajasthan,Pratapgarh,Pratapgarh APMC,Garlic,Other,FAQ,10/08/2026,4500,14500,6800
Rajasthan,Pratapgarh,Pratapgarh APMC,Onion,Other,FAQ,10/08/2026,900,2420,2080
Uttar Pradesh,Hardoi,Hardoi APMC,Paddy(Common),Other,FAQ,10/08/2026,1600,1600,1600
Uttar Pradesh,Hardoi,Hardoi APMC,Rice,Common,FAQ,10/08/2026,2550,2550,2550
Uttar Pradesh,Hardoi,Hardoi APMC,Potato,Other,FAQ,10/08/2026,600,600,600
Uttar Pradesh,Lucknow,Lucknow APMC,Wheat,Local,FAQ,10/08/2026,2560,2560,2560
Uttar Pradesh,Lucknow,Lucknow APMC,Wheat,Medium,FAQ,10/08/2026,2400,2400,2400
Uttar Pradesh,Lucknow,Lucknow APMC,Fish,Other,FAQ,10/08/2026,6000,6000,6000
Uttar Pradesh,Lucknow,Lucknow APMC,Potato,Other,FAQ,10/08/2026,700,700,700
Uttar Pradesh,Lucknow,Lucknow APMC,Wheat,Medium Fine,FAQ,10/08/2026,2400,2400,2400
Uttar Pradesh,Lucknow,Lucknow APMC,Capsicum,Other,FAQ,10/08/2026,2500,2500,2500
Uttar Pradesh,Mainpuri,Mainpuri APMC,Wheat,Sharbati,FAQ,10/08/2026,2400,2400,2400
Uttar Pradesh,Mainpuri,Mainpuri APMC,Paddy(Common),Other,FAQ,10/08/2026,4100,4200,4127.59
Tamil Nadu,Pudukkottai,Viralimalai(Uzhavar Sandhai ),Banana,Red Banana,Local,10/08/2026,7000,8000,7500
Tamil Nadu,Pudukkottai,Viralimalai(Uzhavar Sandhai ),Ashgourd,Gouard,Local,10/08/2026,1000,1500,1250
Tamil Nadu,Pudukkottai,Viralimalai(Uzhavar Sandhai ),Bhindi(Ladies Finger),Bhindi,Local,10/08/2026,4500,5000,4750
Tamil Nadu,Pudukkottai,Viralimalai(Uzhavar Sandhai ),Bottle gourd,Bottle Gourd,Local,10/08/2026,2500,3000,2750
Tamil Nadu,Pudukkottai,Viralimalai(Uzhavar Sandhai ),Snakeguard,Snakeguard,Local,10/08/2026,3500,4000,3750
Tamil Nadu,Ramanathapuram,Kamuthi(Uzhavar Sandhai ),Banana - Green,Banana - Green,Local,10/08/2026,2500,3000,2750
Rajasthan,Jodhpur,Osiyan Mathania APMC,Wheat,Local,Local,10/08/2026,2400,2500,2450
Tamil Nadu,Ramanathapuram,Paramakudi(Uzhavar Sandhai ),Soyabean,Local,Local,10/08/2026,9000,10000,9500
Tamil Nadu,Ramanathapuram,Paramakudi(Uzhavar Sandhai ),Pumpkin,Pumpkin,Local,10/08/2026,2200,2500,2350
Tamil Nadu,Ramanathapuram,Paramakudi(Uzhavar Sandhai ),Bhindi(Ladies Finger),Bhindi,Local,10/08/2026,4000,4500,4250
Tamil Nadu,Ramanathapuram,Paramakudi(Uzhavar Sandhai ),Cabbage,Cabbage,Local,10/08/2026,4000,4500,4250
Tamil Nadu,Ramanathapuram,Paramakudi(Uzhavar Sandhai ),Snakeguard,Snakeguard,Local,10/08/2026,4500,5000,4750
Tamil Nadu,Ramanathapuram,Paramakudi(Uzhavar Sandhai ),Yam(Ratalu),Yam (Ratalu),Local,10/08/2026,6000,6500,6250
Tamil Nadu,Ramanathapuram,Paramakudi(Uzhavar Sandhai ),Onion Green,Onion Green,Local,10/08/2026,5500,6000,5750
Tamil Nadu,Ramanathapuram,Ramanathapuram(Uzhavar Sandhai ),Potato,Red Nanital,Local,10/08/2026,5000,5500,5250
Tamil Nadu,Ramanathapuram,Ramanathapuram(Uzhavar Sandhai ),Banana,Besrai,Local,10/08/2026,5000,5500,5250
Tamil Nadu,Ramanathapuram,Ramanathapuram(Uzhavar Sandhai ),Banana - Green,Banana - Green,Local,10/08/2026,3500,3800,3650
Tamil Nadu,Ramanathapuram,Ramanathapuram(Uzhavar Sandhai ),Beans,Beans (Whole),Local,10/08/2026,9000,9500,9250
Tamil Nadu,Ramanathapuram,Ramanathapuram(Uzhavar Sandhai ),Ridgeguard(Tori),Ridgeguard(Tori),Local,10/08/2026,6000,6500,6250
Tamil Nadu,Ramanathapuram,Ramanathapuram(Uzhavar Sandhai ),Chow Chow,Chow Chow,Local,10/08/2026,4200,4500,4350
Tamil Nadu,Ramanathapuram,Ramanathapuram(Uzhavar Sandhai ),Kakada,Kakada,Local,10/08/2026,45000,50000,47500
Tamil Nadu,Ramanathapuram,Ramanathapuram(Uzhavar Sandhai ),Marigold(Calcutta),Marigold(Calcutta),Local,10/08/2026,10000,10500,10250
Tamil Nadu,Ramanathapuram,Ramanathapuram(Uzhavar Sandhai ),Lemon,Lemon,Local,10/08/2026,9500,10000,9750
Tamil Nadu,Ramanathapuram,Ramanathapuram(Uzhavar Sandhai ),Colacasia,Colacasia,Local,10/08/2026,7000,7500,7250
Tamil Nadu,Ramanathapuram,Ramanathapuram(Uzhavar Sandhai ),Mint(Pudina),Mint(Pudina),Local,10/08/2026,7500,8000,7750
Tamil Nadu,Pudukkottai,Alangudi(Uzhavar Sandhai ),Brinjal,Other,Local,10/08/2026,6000,7000,6500
Tamil Nadu,Pudukkottai,Alangudi(Uzhavar Sandhai ),Papaya,Papaya,Local,10/08/2026,2500,3000,2750
Tamil Nadu,Pudukkottai,Alangudi(Uzhavar Sandhai ),Ashgourd,Gouard,Local,10/08/2026,1000,1500,1250
Tamil Nadu,Pudukkottai,Alangudi(Uzhavar Sandhai ),Snakeguard,Snakeguard,Local,10/08/2026,3500,4000,3750
Tamil Nadu,Pudukkottai,Alangudi(Uzhavar Sandhai ),Lemon,Lemon,Local,10/08/2026,5000,6000,5500
Tamil Nadu,Thiruvannamalai,Arani(Uzhavar Sandhai ),Brinjal,Round,Local,10/08/2026,5000,6000,5500
Tamil Nadu,Thiruvannamalai,Arani(Uzhavar Sandhai ),Bottle gourd,Bottle Gourd,Local,10/08/2026,2000,2400,2200
Tamil Nadu,Thiruvannamalai,Arani(Uzhavar Sandhai ),Ashgourd,Gouard,Local,10/08/2026,2000,2500,2250
Tamil Nadu,Thiruvannamalai,Arani(Uzhavar Sandhai ),Yam(Ratalu),Yam (Ratalu),Local,10/08/2026,5000,6000,5500
Tamil Nadu,Thiruvannamalai,Polur(Uzhavar Sandhai ),Potato,Red Nanital,Local,10/08/2026,3300,4000,3650
Tamil Nadu,Thiruvannamalai,Polur(Uzhavar Sandhai ),Garlic,Garlic,Local,10/08/2026,20000,24000,22000
Tamil Nadu,Thiruvannamalai,Polur(Uzhavar Sandhai ),Bitter gourd,Bitter Gourd,Local,10/08/2026,4000,4800,4400
Tamil Nadu,Thiruvannamalai,Polur(Uzhavar Sandhai ),Pumpkin,Pumpkin,Local,10/08/2026,1600,2000,1800
Tamil Nadu,Thiruvannamalai,Polur(Uzhavar Sandhai ),Raddish,Raddish,Local,10/08/2026,2500,3000,2750
Tamil Nadu,Thiruvannamalai,Polur(Uzhavar Sandhai ),Lemon,Lemon,Local,10/08/2026,5000,6000,5500
Tamil Nadu,Thiruvannamalai,Tiruvannamalai(Uzhavar Sandhai ),Groundnut,Big (With Shell),Local,10/08/2026,7000,8000,7500
Tamil Nadu,Thiruvannamalai,Tiruvannamalai(Uzhavar Sandhai ),Garlic,Garlic,Local,10/08/2026,25000,28000,26500
Tamil Nadu,Thiruvannamalai,Tiruvannamalai(Uzhavar Sandhai ),Brinjal,Round,Local,10/08/2026,6400,7200,6800
Tamil Nadu,Thiruvannamalai,Tiruvannamalai(Uzhavar Sandhai ),Apple,American,Local,10/08/2026,20000,24000,22000
Tamil Nadu,Thiruvannamalai,Tiruvannamalai(Uzhavar Sandhai ),Orange,Darjeeling,Local,10/08/2026,14000,16000,15000
Tamil Nadu,Thiruvannamalai,Tiruvannamalai(Uzhavar Sandhai ),Snakeguard,Snakeguard,Local,10/08/2026,3500,4000,3750
Tamil Nadu,Thiruvannamalai,Tiruvannamalai(Uzhavar Sandhai ),Ridgeguard(Tori),Ridgeguard(Tori),Local,10/08/2026,5000,6000,5500
Tamil Nadu,Thiruvannamalai,Tiruvannamalai(Uzhavar Sandhai ),Chow Chow,Chow Chow,Local,10/08/2026,3500,4000,3750
Tamil Nadu,Thiruvannamalai,Tiruvannamalai(Uzhavar Sandhai ),Drumstick,Drumstick,Local,10/08/2026,5000,6000,5500
Tamil Nadu,Thiruvannamalai,Tiruvannamalai(Uzhavar Sandhai ),Cucumbar(Kheera),Cucumbar,Local,10/08/2026,3500,4000,3750
Tamil Nadu,Thiruvannamalai,Tiruvannamalai(Uzhavar Sandhai ),Onion Green,Onion Green,Local,10/08/2026,7000,8000,7500
Tamil Nadu,Thiruvarur,Mannargudi I(Uzhavar Sandhai ),Onion,Bellary,Local,10/08/2026,3800,3800,3800
Tamil Nadu,Thiruvarur,Mannargudi I(Uzhavar Sandhai ),Pumpkin,Pumpkin,Local,10/08/2026,2600,2600,2600
Tamil Nadu,Thiruvarur,Mannargudi I(Uzhavar Sandhai ),Beans,Beans (Whole),Local,10/08/2026,10000,10000,10000
Tamil Nadu,Thiruvarur,Mannargudi I(Uzhavar Sandhai ),Green Chilli,Green Chilly,Local,10/08/2026,5200,5200,5200
Tamil Nadu,Thiruvarur,Mannargudi I(Uzhavar Sandhai ),Carrot,Pusakesar,Local,10/08/2026,9000,9000,9000
Tamil Nadu,Thiruvarur,Mannargudi I(Uzhavar Sandhai ),Beetroot,Beetroot,Local,10/08/2026,5400,5400,5400
Tamil Nadu,Thiruvarur,Mannargudi I(Uzhavar Sandhai ),Raddish,Raddish,Local,10/08/2026,3600,3600,3600
Tamil Nadu,Thiruvarur,Mannargudi I(Uzhavar Sandhai ),Lime,Lime,Local,10/08/2026,3000,3000,3000
Tamil Nadu,Thiruvarur,Mannargudi I(Uzhavar Sandhai ),Lemon,Lemon,Local,10/08/2026,7600,7600,7600
Tamil Nadu,Thiruvarur,Mannargudi II(Uzhavar Sandhai ),Amaranthus,Amaranthus,Local,10/08/2026,2000,2000,2000
Tamil Nadu,Thiruvarur,Mannargudi II(Uzhavar Sandhai ),Banana - Green,Banana - Green,Local,10/08/2026,4400,4400,4400
Tamil Nadu,Thiruvarur,Mannargudi II(Uzhavar Sandhai ),Ginger(Green),Green Ginger,Local,10/08/2026,20000,20000,20000
Tamil Nadu,Thiruvarur,Mannargudi II(Uzhavar Sandhai ),Cabbage,Cabbage,Local,10/08/2026,4400,4400,4400
Tamil Nadu,Thiruvarur,Mannargudi II(Uzhavar Sandhai ),Ridgeguard(Tori),Ridgeguard(Tori),Local,10/08/2026,5000,5000,5000
Tamil Nadu,Thiruvarur,Mannargudi II(Uzhavar Sandhai ),Lime,Lime,Local,10/08/2026,3000,3000,3000
Tamil Nadu,Thiruvarur,Tiruthuraipoondi(Uzhavar Sandhai ),Cluster beans,Cluster Beans,Local,10/08/2026,4400,4400,4400
Tamil Nadu,Thiruvarur,Tiruthuraipoondi(Uzhavar Sandhai ),Bitter gourd,Bitter Gourd,Local,10/08/2026,6000,6000,6000
Tamil Nadu,Thiruvarur,Tiruthuraipoondi(Uzhavar Sandhai ),Ashgourd,Gouard,Local,10/08/2026,3000,3000,3000
Tamil Nadu,Thiruvarur,Tiruthuraipoondi(Uzhavar Sandhai ),Coconut,Coconut,Local,10/08/2026,4500,4500,4500
Tamil Nadu,Thiruvellore,Ambattur(Uzhavar Sandhai ),Amaranthus,Amaranthus,Local,10/08/2026,3000,3000,3000
Tamil Nadu,Thiruvellore,Naravarikuppam(Uzhavar Sandhai ),Coconut,Coconut,Local,10/08/2026,6000,6000,6000
Tamil Nadu,Thiruvellore,Naravarikuppam(Uzhavar Sandhai ),Ridgeguard(Tori),Ridgeguard(Tori),Local,10/08/2026,5000,5000,5000
Tamil Nadu,Thiruvellore,Naravarikuppam(Uzhavar Sandhai ),Rose(Local),Rose (Local),Local,10/08/2026,12000,12000,12000
Tamil Nadu,Thiruvellore,Paruthipattu(Uzhavar Sandhai ),Onion,Bellary,Local,10/08/2026,2500,2500,2500
Tamil Nadu,Thiruvellore,Paruthipattu(Uzhavar Sandhai ),Capsicum,Capsicum,Local,10/08/2026,4000,4000,4000
Tamil Nadu,Thiruvellore,Paruthipattu(Uzhavar Sandhai ),Raddish,Raddish,Local,10/08/2026,4000,4000,4000
Tamil Nadu,Thiruvellore,Paruthipattu(Uzhavar Sandhai ),Thondekai,Thondekai,Local,10/08/2026,5000,5000,5000
Tamil Nadu,Thiruvellore,Paruthipattu(Uzhavar Sandhai ),Mint(Pudina),Mint(Pudina),Local,10/08/2026,4000,4000,4000
Tamil Nadu,Thiruvellore,Perambakkam(Uzhavar Sandhai ),Brinjal,Round,Local,10/08/2026,5000,5000,5000
Tamil Nadu,Thiruvellore,Perambakkam(Uzhavar Sandhai ),Ridgeguard(Tori),Ridgeguard(Tori),Local,10/08/2026,4500,4500,4500
Tamil Nadu,Tuticorin,Kovilpatti(Uzhavar Sandhai ),Onion,Bellary,Local,10/08/2026,4000,4500,4250
Tamil Nadu,Tuticorin,Kovilpatti(Uzhavar Sandhai ),Coriander(Leaves),I Sort,Local,10/08/2026,4000,4500,4250
Tamil Nadu,Tuticorin,Kovilpatti(Uzhavar Sandhai ),Guava,Guava Allahabad,Local,10/08/2026,5000,5500,5250
Tamil Nadu,Vellore,Gudiyatham(Uzhavar Sandhai ),Amaranthus,Amaranthus,Local,10/08/2026,4000,4000,4000
Tamil Nadu,Vellore,Gudiyatham(Uzhavar Sandhai ),Onion,Bellary,Local,10/08/2026,4000,4000,4000
Tamil Nadu,Vellore,Gudiyatham(Uzhavar Sandhai ),Garlic,Garlic,Local,10/08/2026,22000,22000,22000
Tamil Nadu,Vellore,Gudiyatham(Uzhavar Sandhai ),Banana,Red Banana,Local,10/08/2026,8000,8000,8000
Tamil Nadu,Vellore,Gudiyatham(Uzhavar Sandhai ),Bottle gourd,Bottle Gourd,Local,10/08/2026,2000,2000,2000
Tamil Nadu,Vellore,Gudiyatham(Uzhavar Sandhai ),Bhindi(Ladies Finger),Bhindi,Local,10/08/2026,2400,2400,2400
Tamil Nadu,Vellore,Gudiyatham(Uzhavar Sandhai ),Ginger(Green),Green Ginger,Local,10/08/2026,20000,20000,20000
Tamil Nadu,Vellore,Gudiyatham(Uzhavar Sandhai ),Sweet Potato,Hosur Red,Local,10/08/2026,3600,3600,3600
Tamil Nadu,Vellore,Gudiyatham(Uzhavar Sandhai ),Carrot,Pusakesar,Local,10/08/2026,7600,7600,7600
Tamil Nadu,Vellore,Gudiyatham(Uzhavar Sandhai ),Mango(Raw-Ripe),Mango - Raw-Ripe,Local,10/08/2026,5000,5000,5000
Tamil Nadu,Vellore,Gudiyatham(Uzhavar Sandhai ),Knool Khol,Knool Khol,Local,10/08/2026,4000,4000,4000
Tamil Nadu,Vellore,Gudiyatham(Uzhavar Sandhai ),Cucumbar(Kheera),Cucumbar,Local,10/08/2026,4000,4000,4000
Tamil Nadu,Vellore,Kahithapattarai(Uzhavar Sandhai ),Garlic,Garlic,Local,10/08/2026,21000,21000,21000
Tamil Nadu,Vellore,Kahithapattarai(Uzhavar Sandhai ),Chili Red,Bold,Local,10/08/2026,20000,20000,20000
Tamil Nadu,Vellore,Kahithapattarai(Uzhavar Sandhai ),Coriander(Leaves),I Sort,Local,10/08/2026,3500,3500,3500
Tamil Nadu,Vellore,Kahithapattarai(Uzhavar Sandhai ),Papaya,Papaya,Local,10/08/2026,4000,4000,4000
Tamil Nadu,Vellore,Kahithapattarai(Uzhavar Sandhai ),Mango,Neelam,Local,10/08/2026,5000,6000,5500
Tamil Nadu,Vellore,Kahithapattarai(Uzhavar Sandhai ),Green Chilli,Green Chilly,Local,10/08/2026,4600,4600,4600
Tamil Nadu,Vellore,Kahithapattarai(Uzhavar Sandhai ),Bhindi(Ladies Finger),Bhindi,Local,10/08/2026,3500,3500,3500
Tamil Nadu,Vellore,Kahithapattarai(Uzhavar Sandhai ),Banana - Green,Banana - Green,Local,10/08/2026,5000,5000,5000
Tamil Nadu,Vellore,Kahithapattarai(Uzhavar Sandhai ),Beetroot,Beetroot,Local,10/08/2026,4800,4800,4800
Tamil Nadu,Vellore,Kahithapattarai(Uzhavar Sandhai ),Chow Chow,Chow Chow,Local,10/08/2026,4000,4000,4000
Tamil Nadu,Vellore,Kahithapattarai(Uzhavar Sandhai ),Drumstick,Drumstick,Local,10/08/2026,3500,3500,3500
Tamil Nadu,Vellore,Kahithapattarai(Uzhavar Sandhai ),Guava,Guava Allahabad,Local,10/08/2026,4000,4000,4000
Tamil Nadu,Vellore,Kahithapattarai(Uzhavar Sandhai ),Onion Green,Onion Green,Local,10/08/2026,4500,4500,4500
Tamil Nadu,Vellore,Kahithapattarai(Uzhavar Sandhai ),Rose(Local),Rose (Local),Local,10/08/2026,9000,12000,10500
Tamil Nadu,Villupuram,Villupuram(Uzhavar Sandhai ),Brinjal,Round,Local,10/08/2026,4000,6500,5250
Tamil Nadu,Villupuram,Villupuram(Uzhavar Sandhai ),Banana,Besrai,Local,10/08/2026,4000,10000,7000
Tamil Nadu,Villupuram,Villupuram(Uzhavar Sandhai ),Tomato,Deshi,Local,10/08/2026,2000,2000,2000
Tamil Nadu,Villupuram,Villupuram(Uzhavar Sandhai ),Bitter gourd,Bitter Gourd,Local,10/08/2026,6000,8000,7000
Tamil Nadu,Villupuram,Villupuram(Uzhavar Sandhai ),Pumpkin,Pumpkin,Local,10/08/2026,2000,2000,2000
Tamil Nadu,Villupuram,Villupuram(Uzhavar Sandhai ),Bhindi(Ladies Finger),Bhindi,Local,10/08/2026,4000,4000,4000
Tamil Nadu,Villupuram,Villupuram(Uzhavar Sandhai ),Beans,Beans (Whole),Local,10/08/2026,7500,7500,7500
Tamil Nadu,Villupuram,Villupuram(Uzhavar Sandhai ),Beetroot,Beetroot,Local,10/08/2026,5000,5000,5000
Tamil Nadu,Villupuram,Villupuram(Uzhavar Sandhai ),Cucumbar(Kheera),Cucumbar,Local,10/08/2026,4000,8000,6000
Tamil Nadu,Villupuram,Villupuram(Uzhavar Sandhai ),Thondekai,Thondekai,Local,10/08/2026,4000,4000,4000
Andhra Pradesh,Chittor,Palamaner APMC,Cabbage,Cabbage,FAQ,10/08/2026,1100,1500,1300
Andhra Pradesh,Chittor,Palamaner APMC,Cluster beans,Cluster Beans,FAQ,10/08/2026,3000,5000,4000
Andhra Pradesh,Chittor,Palamaner APMC,Ridgeguard(Tori),Ridgeguard(Tori),FAQ,10/08/2026,1500,2500,2000
Andhra Pradesh,Palnadu,Chilakaluripet APMC,Cotton,Mungari  (Ginned),Local,10/08/2026,7000,8300,7500
Andhra Pradesh,Krishna,Gudlavalleru APMC,Black Gram Dal(Urd Dal),Black Gram Dal,FAQ,10/08/2026,9500,9500,9500
Andhra Pradesh,SPSR Nellore,Atmakur (SPSR Nellore District) APMC,Paddy(Common),Nellore Sanna,FAQ,10/08/2026,2300,2400,2369
Andhra Pradesh,Sri Sathya Sai,Penukonda APMC,Maize,Hybrid/Local,FAQ,10/08/2026,2400,2500,2450
Haryana,Rohtak,Rohtak APMC,Potato,Other,Medium,10/08/2026,600,1000,800
Jammu and Kashmir,Rajouri,Rajouri (Phaliana) (F&V),Apple,Apple,Grade B,10/08/2026,3000,3000,3000
Jammu and Kashmir,Rajouri,Rajouri (Phaliana) (F&V),Capsicum,Capsicum,Grade B,10/08/2026,5000,5000,5000
Himachal Pradesh,Solan,PMY Kather Solan,Mango,Other,Medium,10/08/2026,5500,10000,9000
Himachal Pradesh,Solan,PMY Kather Solan,Kiwi Fruit,Kiwi,Grade B,10/08/2026,30000,32000,30000
Himachal Pradesh,Solan,PMY Kather Solan,Papaya,Other,Medium,10/08/2026,4000,4500,4200
Himachal Pradesh,Solan,PMY Kather Solan,Garlic,Garlic,Local,10/08/2026,7000,16000,12000
Haryana,Jhajar,Jhajjar APMC,Potato,Other,Medium,10/08/2026,1100,1100,1100
Punjab,Ferozpur,Firozepur City APMC,Pineapple,Pine Apple,Grade A,10/08/2026,4500,4500,4500
Punjab,Ferozpur,Firozepur City APMC,Pear(Marasebu),Other,Grade A,10/08/2026,9000,9000,9000
Punjab,Ferozpur,Firozepur City APMC,Green Chilli,Green Chilly,Grade A,10/08/2026,3500,3500,3500
Punjab,Ferozpur,Firozepur City APMC,Ginger(Green),Green Ginger,Grade A,10/08/2026,16000,16000,16000
Punjab,Ferozpur,Firozepur City APMC,Potato,Potato,Grade A,10/08/2026,1000,1000,1000
Punjab,Ferozpur,Firozepur City APMC,Onion,Other,Grade A,10/08/2026,2300,2300,2300
Punjab,Ferozpur,Firozepur City APMC,Guar,Gwar,Grade A,10/08/2026,4000,4000,4000
Punjab,Ferozpur,Firozepur City APMC,Plum,Other,Grade A,10/08/2026,5000,6000,5500
Punjab,Hoshiarpur,Mukerian APMC,Tomato,Tomato,Grade B,10/08/2026,1500,2500,2000
Odisha,Balasore,Nilagiri APMC,Pumpkin,Other,Local,10/08/2026,1550,1600,1600
Haryana,Kaithal,Pundri APMC,Onion,Other,FAQ,10/08/2026,2400,2600,2500
Rajasthan,Churu,Churu APMC,Potato,Red Nanital,FAQ,10/08/2026,900,1000,950
Rajasthan,Kota,Ramganjmandi APMC,Wheat,Other,Local,10/08/2026,2540,2730,2618
Tripura,Sepahijala,Melaghar APMC,Bitter gourd,Bitter Gourd,Local,10/08/2026,6800,7500,7000
Tripura,Sepahijala,Melaghar APMC,Ridgeguard(Tori),Other,Local,10/08/2026,3500,4500,4000
Tripura,Sepahijala,Melaghar APMC,Pointed gourd(Parval),Other,Local,10/08/2026,4800,5200,5000
Tripura,Sepahijala,Jampuijala APMC,Potato,Jalander,Medium,10/08/2026,3800,4000,3900
Tripura,Sepahijala,Jampuijala APMC,Onion,Other,Medium,10/08/2026,4800,5000,4900
Tripura,Sepahijala,Jampuijala APMC,Green Chilli,Green Chilly,Local,10/08/2026,9000,11000,10000
Tripura,Unokoti,Pabiacherra APMC,Bottle gourd,Bottle Gourd,Grade A,10/08/2026,2900,2900,2900
Punjab,Ludhiana,Ludhiana APMC,Pomegranate,Other,Medium,10/08/2026,2000,5500,3000
Punjab,Ludhiana,Ludhiana APMC,Guava,Other,Medium,10/08/2026,2000,6000,3000
Punjab,Ludhiana,Ludhiana APMC,Pear(Marasebu),Other,Medium,10/08/2026,2000,6000,4000
Punjab,Ludhiana,Ludhiana APMC,Ridgeguard(Tori),Other,FAQ,10/08/2026,1200,1800,1400
Punjab,Ludhiana,Ludhiana APMC,Carrot,Other,FAQ,10/08/2026,800,1500,1200
Punjab,Ludhiana,Ludhiana APMC,Onion,Other,FAQ,10/08/2026,1000,2600,1700
Punjab,Ludhiana,Ludhiana APMC,Pumpkin,Other,FAQ,10/08/2026,600,900,700
Punjab,Ludhiana,Ludhiana APMC,Coriander(Leaves),Other,FAQ,10/08/2026,2500,3500,3000
Punjab,Ludhiana,Ludhiana APMC,French Beans(Frasbean),Other,FAQ,10/08/2026,2000,3000,2500
Punjab,Ludhiana,Ludhiana APMC,Beetroot,Other,FAQ,10/08/2026,1000,1800,1300
West Bengal,Purba Bardhaman,Burdwan APMC,Rice,Common,FAQ,10/08/2026,3300,3450,3350
West Bengal,Purba Bardhaman,Burdwan APMC,Cucumbar(Kheera),Cucumbar,FAQ,10/08/2026,2500,2800,2700
West Bengal,Purba Bardhaman,Burdwan APMC,Green Chilli,Green Chilly,FAQ,10/08/2026,6000,6500,6200
Odisha,Dhenkanal,Hindol APMC,Onion,Other,Grade B,10/08/2026,2800,3200,3000
Uttar Pradesh,Firozabad,Firozabad APMC,Potato,Other,FAQ,10/08/2026,500,500,500
Uttar Pradesh,Firozabad,Firozabad APMC,Bajra(Pearl Millet/Cumbu),Other,FAQ,10/08/2026,2000,2000,2000
Uttarakhand,Udhamsinghnagar,Khateema APMC,Guava,Other,Grade B,10/08/2026,2000,2600,2400
Uttarakhand,Udhamsinghnagar,Khateema APMC,Pumpkin,Other,Grade B,10/08/2026,1000,1200,1100
Uttarakhand,Udhamsinghnagar,Khateema APMC,Bhindi(Ladies Finger),Other,Grade B,10/08/2026,2000,3000,2500
Uttarakhand,Udhamsinghnagar,Khateema APMC,Cucumbar(Kheera),Cucumbar,Grade B,10/08/2026,1300,1500,1400
West Bengal,Nadia,Nadia APMC,Mustard,Yellow (Black),Local,10/08/2026,7000,7200,7100
West Bengal,Nadia,Nadia APMC,Brinjal,Other,FAQ,10/08/2026,6200,6400,6300
West Bengal,Jalpaiguri,Jalpaiguri Sadar APMC,Green Chilli,Other,FAQ,10/08/2026,6700,6900,6800
Uttar Pradesh,Gonda,Gonda APMC,Wood,Other,FAQ,10/08/2026,100,525,365.09
Uttar Pradesh,Gonda,Gonda APMC,Wheat,Dara,FAQ,10/08/2026,2500,2500,2500
West Bengal,Kalimpong,Kalimpong APMC,Squash(Chappal Kadoo),Other,Local,10/08/2026,3000,3200,3100
West Bengal,Hooghly,Kalipur APMC,Onion,Nasik,FAQ,10/08/2026,2500,2600,2600
West Bengal,Hooghly,Kalipur APMC,Rice,Common,FAQ,10/08/2026,3160,3200,3180
West Bengal,Hooghly,Kalipur APMC,Ridgeguard(Tori),Ridgeguard(Tori),FAQ,10/08/2026,4000,4200,4200
West Bengal,Medinipur(W),Garbeta(Medinipur) APMC,Bhindi(Ladies Finger),Bhindi,FAQ,10/08/2026,3000,3400,3200
Tamil Nadu,Virudhunagar,Rajapalayam(Uzhavar Sandhai ),Bhindi(Ladies Finger),Bhindi,Local,10/08/2026,3500,4000,3750
Tamil Nadu,Virudhunagar,Rajapalayam(Uzhavar Sandhai ),Beans,Beans (Whole),Local,10/08/2026,9000,10000,9500
Tamil Nadu,Virudhunagar,Rajapalayam(Uzhavar Sandhai ),Carrot,Pusakesar,Local,10/08/2026,7000,8000,7500
Tamil Nadu,Virudhunagar,Rajapalayam(Uzhavar Sandhai ),Beetroot,Beetroot,Local,10/08/2026,5000,5500,5250
Tamil Nadu,Virudhunagar,Rajapalayam(Uzhavar Sandhai ),Raddish,Raddish,Local,10/08/2026,3000,3600,3300
Tamil Nadu,Virudhunagar,Rajapalayam(Uzhavar Sandhai ),Chow Chow,Chow Chow,Local,10/08/2026,3500,3800,3650
Tamil Nadu,Virudhunagar,Rajapalayam(Uzhavar Sandhai ),Knool Khol,Knool Khol,Local,10/08/2026,6000,7000,6500
Tamil Nadu,Virudhunagar,Rajapalayam(Uzhavar Sandhai ),Yam(Ratalu),Yam (Ratalu),Local,10/08/2026,9000,10000,9500
Tamil Nadu,Virudhunagar,Sathur(Uzhavar Sandhai ),Bhindi(Ladies Finger),Bhindi,Local,10/08/2026,3500,4000,3750
Tamil Nadu,Virudhunagar,Sathur(Uzhavar Sandhai ),Carrot,Pusakesar,Local,10/08/2026,5500,6000,5750
Tamil Nadu,Virudhunagar,Sathur(Uzhavar Sandhai ),Beetroot,Beetroot,Local,10/08/2026,4500,5000,4750
Tamil Nadu,Virudhunagar,Sathur(Uzhavar Sandhai ),Green Avare(W),Green Avare (W),Local,10/08/2026,9000,10000,9500
Tamil Nadu,Virudhunagar,Sathur(Uzhavar Sandhai ),Drumstick,Drumstick,Local,10/08/2026,4500,5000,4750
Tamil Nadu,Virudhunagar,Sathur(Uzhavar Sandhai ),Lemon,Lemon,Local,10/08/2026,7500,8000,7750
Tamil Nadu,Virudhunagar,Sathur(Uzhavar Sandhai ),Onion Green,Onion Green,Local,10/08/2026,6500,7000,6750
Tamil Nadu,Virudhunagar,Sivakasi(Uzhavar Sandhai ),Coconut,Coconut,Local,10/08/2026,5500,6000,5750
Tamil Nadu,Virudhunagar,Sivakasi(Uzhavar Sandhai ),Beetroot,Beetroot,Local,10/08/2026,4500,5000,4750
Tamil Nadu,Virudhunagar,Sivakasi(Uzhavar Sandhai ),Elephant Yam(Suran)/Amorphophallus,Elephant Yam (Suran),Local,10/08/2026,4500,5000,4750
Tamil Nadu,Virudhunagar,Thalavaipuram(Uzhavar Sandhai ),Onion,Bellary,Local,10/08/2026,3500,4000,3750
Tamil Nadu,Virudhunagar,Thalavaipuram(Uzhavar Sandhai ),Coriander(Leaves),I Sort,Local,10/08/2026,5000,6000,5500
Tamil Nadu,Virudhunagar,Thalavaipuram(Uzhavar Sandhai ),Pumpkin,Pumpkin,Local,10/08/2026,2500,3000,2750
Tamil Nadu,Virudhunagar,Thalavaipuram(Uzhavar Sandhai ),Bhindi(Ladies Finger),Bhindi,Local,10/08/2026,3500,4000,3750
Tamil Nadu,Virudhunagar,Thalavaipuram(Uzhavar Sandhai ),Ginger(Green),Green Ginger,Local,10/08/2026,18000,20000,19000
Tamil Nadu,Virudhunagar,Thalavaipuram(Uzhavar Sandhai ),Beetroot,Beetroot,Local,10/08/2026,4500,5500,5000
Tamil Nadu,Virudhunagar,Thalavaipuram(Uzhavar Sandhai ),Green Avare(W),Green Avare (W),Local,10/08/2026,10000,11000,10500
Tamil Nadu,Virudhunagar,Thalavaipuram(Uzhavar Sandhai ),Chow Chow,Chow Chow,Local,10/08/2026,3000,3800,3400
Tamil Nadu,Virudhunagar,Thalavaipuram(Uzhavar Sandhai ),Yam(Ratalu),Yam (Ratalu),Local,10/08/2026,8000,10000,9000
Tamil Nadu,Virudhunagar,Thalavaipuram(Uzhavar Sandhai ),Onion Green,Onion Green,Local,10/08/2026,6000,7000,6500
Tamil Nadu,Virudhunagar,Virudhunagar(Uzhavar Sandhai ),Bhindi(Ladies Finger),Bhindi,Local,10/08/2026,3400,3500,3450
Tamil Nadu,Virudhunagar,Virudhunagar(Uzhavar Sandhai ),Beetroot,Beetroot,Local,10/08/2026,4300,4400,4350
Tamil Nadu,Virudhunagar,Virudhunagar(Uzhavar Sandhai ),Chow Chow,Chow Chow,Local,10/08/2026,3300,3500,3400
Tamil Nadu,Chengalpattu,Chengalpet(Uzhavar Sandhai ),Onion,Bellary,Local,10/08/2026,3500,4000,3750
Tamil Nadu,Chengalpattu,Chengalpet(Uzhavar Sandhai ),Coconut,Coconut,Local,10/08/2026,6000,7000,6500
Tamil Nadu,Chengalpattu,Chengalpet(Uzhavar Sandhai ),Carrot,Pusakesar,Local,10/08/2026,9000,10000,9500
Tamil Nadu,Chengalpattu,Chengalpet(Uzhavar Sandhai ),Capsicum,Capsicum,Local,10/08/2026,6000,7000,6500
Tamil Nadu,Chengalpattu,Madhuranthagam(Uzhavar Sandhai ),Potato,Red Nanital,Local,10/08/2026,4000,4000,4000
Tamil Nadu,Chengalpattu,Medavakkam(Uzhavar Sandhai ),Brinjal,Round,Local,10/08/2026,4000,4000,4000
Tamil Nadu,Chengalpattu,Medavakkam(Uzhavar Sandhai ),Tomato,Other,Local,10/08/2026,2500,2500,2500
Tamil Nadu,Chengalpattu,Medavakkam(Uzhavar Sandhai ),Bhindi(Ladies Finger),Bhindi,Local,10/08/2026,5000,5000,5000
Tamil Nadu,Chengalpattu,Medavakkam(Uzhavar Sandhai ),Amaranthus,Amaranthus,Local,10/08/2026,2000,2000,2000
Tamil Nadu,Chengalpattu,Medavakkam(Uzhavar Sandhai ),Green Chilli,Green Chilly,Local,10/08/2026,6000,6000,6000
Tamil Nadu,Chengalpattu,Medavakkam(Uzhavar Sandhai ),Marigold(Calcutta),Marigold(Calcutta),Local,10/08/2026,15000,15000,15000
Tamil Nadu,Chengalpattu,Nanganallur(Uzhavar Sandhai ),Cluster beans,Cluster Beans,Local,10/08/2026,5500,6000,5750
Tamil Nadu,Chengalpattu,Nanganallur(Uzhavar Sandhai ),Orange,Darjeeling,Local,10/08/2026,12000,14000,13000
Tamil Nadu,Chengalpattu,Nanganallur(Uzhavar Sandhai ),Amaranthus,Amaranthus,Local,10/08/2026,2000,2500,2250
Tamil Nadu,Chengalpattu,Nanganallur(Uzhavar Sandhai ),Coconut,Coconut,Local,10/08/2026,5000,6000,5500
Tamil Nadu,Chengalpattu,Nanganallur(Uzhavar Sandhai ),Green Avare(W),Green Avare (W),Local,10/08/2026,7500,8000,7750
Tamil Nadu,Chengalpattu,Nanganallur(Uzhavar Sandhai ),Jasmine,Jasmine,Local,10/08/2026,28000,30000,29000
Tamil Nadu,Chengalpattu,Nanganallur(Uzhavar Sandhai ),Onion Green,Onion Green,Local,10/08/2026,9000,10000,9500
Tamil Nadu,Chengalpattu,Pallavaram(Uzhavar Sandhai ),Onion,Bellary,Local,10/08/2026,3500,4000,3750
Tamil Nadu,Chengalpattu,Pallavaram(Uzhavar Sandhai ),Brinjal,Round,Local,10/08/2026,3500,4000,3750
Tamil Nadu,Chengalpattu,Pallavaram(Uzhavar Sandhai ),Bottle gourd,Bottle Gourd,Local,10/08/2026,3500,4000,3750
Tamil Nadu,Chengalpattu,Pallavaram(Uzhavar Sandhai ),Green Chilli,Green Chilly,Local,10/08/2026,6000,7000,6500
Tamil Nadu,Chengalpattu,Pallavaram(Uzhavar Sandhai ),Cowpea(Veg),Cowpea (Veg),Local,10/08/2026,6000,7000,6500
Tamil Nadu,Chengalpattu,Pallavaram(Uzhavar Sandhai ),Coconut,Coconut,Local,10/08/2026,6000,7000,6500
Tamil Nadu,Chengalpattu,Pallavaram(Uzhavar Sandhai ),Snakeguard,Snakeguard,Local,10/08/2026,4000,5000,4500
Tamil Nadu,Chengalpattu,Pallavaram(Uzhavar Sandhai ),Drumstick,Drumstick,Local,10/08/2026,5000,6000,5500
Tamil Nadu,Chengalpattu,Pallavaram(Uzhavar Sandhai ),Colacasia,Colacasia,Local,10/08/2026,5000,6000,5500
Tamil Nadu,Chengalpattu,Pallavaram(Uzhavar Sandhai ),Onion Green,Onion Green,Local,10/08/2026,6000,7000,6500
Tamil Nadu,Nagercoil (Kannyiakumari),Myladi(Uzhavar Sandhai ),Brinjal,Round,Local,10/08/2026,4500,5000,4750
Tamil Nadu,Nagercoil (Kannyiakumari),Myladi(Uzhavar Sandhai ),Banana,Besrai,Local,10/08/2026,6000,7000,6500
Tamil Nadu,Nagercoil (Kannyiakumari),Myladi(Uzhavar Sandhai ),Bitter gourd,Bitter Gourd,Local,10/08/2026,5500,6000,5750
Tamil Nadu,Nagercoil (Kannyiakumari),Myladi(Uzhavar Sandhai ),Ashgourd,Gouard,Local,10/08/2026,2500,3000,2750
Tamil Nadu,Nagercoil (Kannyiakumari),Myladi(Uzhavar Sandhai ),Banana - Green,Banana - Green,Local,10/08/2026,5500,6000,5750
Tamil Nadu,Nagercoil (Kannyiakumari),Myladi(Uzhavar Sandhai ),Raddish,Raddish,Local,10/08/2026,4500,5000,4750
Tamil Nadu,Nagercoil (Kannyiakumari),Myladi(Uzhavar Sandhai ),Mango(Raw-Ripe),Mango - Raw-Ripe,Local,10/08/2026,5500,6000,5750
Tamil Nadu,Chengalpattu,Jameenrayapettai(Uzhavar Sandhai ),Papaya,Papaya,Local,10/08/2026,4000,5000,4500
Tamil Nadu,Chengalpattu,Jameenrayapettai(Uzhavar Sandhai ),Grapes,Annabesahai,Local,10/08/2026,11000,12000,11500
Tamil Nadu,Chengalpattu,Jameenrayapettai(Uzhavar Sandhai ),Apple,American,Local,10/08/2026,25000,27000,26000
Tamil Nadu,Chengalpattu,Jameenrayapettai(Uzhavar Sandhai ),Tomato,Other,Local,10/08/2026,2000,2500,2250
Tamil Nadu,Chengalpattu,Jameenrayapettai(Uzhavar Sandhai ),Bitter gourd,Bitter Gourd,Local,10/08/2026,6000,7000,6500
Tamil Nadu,Chengalpattu,Jameenrayapettai(Uzhavar Sandhai ),Bhindi(Ladies Finger),Bhindi,Local,10/08/2026,4000,5000,4500
Tamil Nadu,Chengalpattu,Jameenrayapettai(Uzhavar Sandhai ),Raddish,Raddish,Local,10/08/2026,3500,4000,3750
Tamil Nadu,Chengalpattu,Jameenrayapettai(Uzhavar Sandhai ),Thondekai,Thondekai,Local,10/08/2026,4000,5000,4500
Tamil Nadu,Chengalpattu,Jameenrayapettai(Uzhavar Sandhai ),Capsicum,Capsicum,Local,10/08/2026,6000,7000,6500
Tamil Nadu,Chengalpattu,Jameenrayapettai(Uzhavar Sandhai ),Green Avare(W),Other,Local,10/08/2026,7000,8000,7500
Tamil Nadu,Chengalpattu,Jameenrayapettai(Uzhavar Sandhai ),Colacasia,Colacasia,Local,10/08/2026,5000,6000,5500
Tamil Nadu,Chengalpattu,Guduvancheri(Uzhavar Sandhai ),Apple,American,Local,10/08/2026,25000,27000,26000
Tamil Nadu,Chengalpattu,Guduvancheri(Uzhavar Sandhai ),Banana,Red Banana,Local,10/08/2026,8000,9000,8500
Tamil Nadu,Chengalpattu,Guduvancheri(Uzhavar Sandhai ),Bitter gourd,Other,Local,10/08/2026,6000,7000,6500
Tamil Nadu,Chengalpattu,Guduvancheri(Uzhavar Sandhai ),Papaya,Papaya,Local,10/08/2026,4000,5000,4500
Tamil Nadu,Chengalpattu,Guduvancheri(Uzhavar Sandhai ),Banana - Green,Banana - Green,Local,10/08/2026,3500,4000,3750
Tamil Nadu,Chengalpattu,Guduvancheri(Uzhavar Sandhai ),Green Chilli,Green Chilly,Local,10/08/2026,6000,7000,6500
Tamil Nadu,Chengalpattu,Guduvancheri(Uzhavar Sandhai ),Snakeguard,Snakeguard,Local,10/08/2026,4000,5000,4500
Tamil Nadu,Chengalpattu,Guduvancheri(Uzhavar Sandhai ),Ridgeguard(Tori),Ridgeguard(Tori),Local,10/08/2026,6000,7000,6500
Tamil Nadu,Chengalpattu,Guduvancheri(Uzhavar Sandhai ),Raddish,Raddish,Local,10/08/2026,3500,4000,3750
Tamil Nadu,Chengalpattu,Guduvancheri(Uzhavar Sandhai ),Drumstick,Drumstick,Local,10/08/2026,5000,6000,5500
Tamil Nadu,Chengalpattu,Guduvancheri(Uzhavar Sandhai ),Pomegranate,Pomogranate,Local,10/08/2026,15000,17000,16000
Tamil Nadu,Chengalpattu,Guduvancheri(Uzhavar Sandhai ),Amla(Nelli Kai),Amla,Local,10/08/2026,10000,12000,11000
Tamil Nadu,Chengalpattu,Guduvancheri(Uzhavar Sandhai ),Rose(Local),Rose (Local),Local,10/08/2026,11000,12000,11500
Tamil Nadu,Thirupathur,Vaniyampadi(Uzhavar Sandhai ),Potato,Red Nanital,Local,10/08/2026,3000,3000,3000
Tamil Nadu,Thirupathur,Vaniyampadi(Uzhavar Sandhai ),Groundnut,Big (With Shell),Local,10/08/2026,6000,6000,6000
Tamil Nadu,Thirupathur,Vaniyampadi(Uzhavar Sandhai ),Tomato,Deshi,Local,10/08/2026,2000,2000,2000
Tamil Nadu,Thirupathur,Vaniyampadi(Uzhavar Sandhai ),Banana,Besrai,Local,10/08/2026,4000,4000,4000
Tamil Nadu,Thirupathur,Vaniyampadi(Uzhavar Sandhai ),Papaya,Papaya,Local,10/08/2026,4000,4000,4000
Tamil Nadu,Thirupathur,Vaniyampadi(Uzhavar Sandhai ),Pumpkin,Pumpkin,Local,10/08/2026,3000,3000,3000
Tamil Nadu,Thirupathur,Vaniyampadi(Uzhavar Sandhai ),Green Chilli,Green Chilly,Local,10/08/2026,8000,8000,8000
Tamil Nadu,Thirupathur,Vaniyampadi(Uzhavar Sandhai ),Beans,Beans (Whole),Local,10/08/2026,10000,10000,10000
Tamil Nadu,Thirupathur,Vaniyampadi(Uzhavar Sandhai ),Coconut,Coconut,Local,10/08/2026,2000,2000,2000
Tamil Nadu,Thirupathur,Vaniyampadi(Uzhavar Sandhai ),Sweet Potato,Hosur Red,Local,10/08/2026,3000,3000,3000
Tamil Nadu,Thirupathur,Vaniyampadi(Uzhavar Sandhai ),Cabbage,Cabbage,Local,10/08/2026,5000,5000,5000
Tamil Nadu,Thirupathur,Vaniyampadi(Uzhavar Sandhai ),Yam(Ratalu),Yam (Ratalu),Local,10/08/2026,5000,5000,5000
Tamil Nadu,Thirupathur,Vaniyampadi(Uzhavar Sandhai ),Custard Apple(Sharifa),Custard Apple(Sharifa),Local,10/08/2026,4000,4000,4000
Tamil Nadu,Thirupur,Dharapuram(Uzhavar Sandhai ),Coriander(Leaves),I Sort,Local,10/08/2026,3500,4000,3750
Tamil Nadu,Thirupur,Dharapuram(Uzhavar Sandhai ),Tomato,Deshi,Local,10/08/2026,1500,1800,1650
Tamil Nadu,Thirupur,Dharapuram(Uzhavar Sandhai ),Amaranthus,Amaranthus,Local,10/08/2026,2500,3000,2750
Tamil Nadu,Thirupur,Dharapuram(Uzhavar Sandhai ),Green Chilli,Green Chilly,Local,10/08/2026,3500,4000,3750
Tamil Nadu,Thirupur,Dharapuram(Uzhavar Sandhai ),Cowpea(Veg),Cowpea (Veg),Local,10/08/2026,3500,4000,3750
Tamil Nadu,Thirupur,Dharapuram(Uzhavar Sandhai ),Green Avare(W),Green Avare (W),Local,10/08/2026,5000,6000,5500
Tamil Nadu,Thirupur,Dharapuram(Uzhavar Sandhai ),Drumstick,Drumstick,Local,10/08/2026,3500,4000,3750
Tamil Nadu,Thirupur,Palladam(Uzhavar Sandhai ),Papaya,Papaya,Local,10/08/2026,2000,2500,2250
Tamil Nadu,Thirupur,Palladam(Uzhavar Sandhai ),Tomato,Local,Local,10/08/2026,1300,1600,1450
Tamil Nadu,Thirupur,Palladam(Uzhavar Sandhai ),Cluster beans,Cluster Beans,Local,10/08/2026,3500,4000,3750
Tamil Nadu,Thirupur,Palladam(Uzhavar Sandhai ),Coriander(Leaves),I Sort,Local,10/08/2026,3500,4000,3750
Tamil Nadu,Thirupur,Palladam(Uzhavar Sandhai ),Coconut,Coconut,Local,10/08/2026,5000,5500,5250
Tamil Nadu,Thirupur,Palladam(Uzhavar Sandhai ),Cabbage,Cabbage,Local,10/08/2026,2500,3000,2750
Tamil Nadu,Thirupur,Palladam(Uzhavar Sandhai ),Snakeguard,Snakeguard,Local,10/08/2026,3500,4000,3750
Tamil Nadu,Thirupur,Palladam(Uzhavar Sandhai ),Thondekai,Thondekai,Local,10/08/2026,3500,4000,3750
Tamil Nadu,Thirupur,Palladam(Uzhavar Sandhai ),Chow Chow,Chow Chow,Local,10/08/2026,2500,3000,2750
Tamil Nadu,Thirupur,Palladam(Uzhavar Sandhai ),Drumstick,Drumstick,Local,10/08/2026,3500,4000,3750
Tamil Nadu,Thirupur,Palladam(Uzhavar Sandhai ),Guava,Guava Allahabad,Local,10/08/2026,4000,5000,4500
Tamil Nadu,Thirupur,Palladam(Uzhavar Sandhai ),Mint(Pudina),Mint(Pudina),Local,10/08/2026,2500,3000,2750
Telangana,Ranga Reddy,"Saroornagar,RBZ",Bhindi(Ladies Finger),Other,Medium,10/08/2026,3500,3500,3500
Telangana,Ranga Reddy,"Saroornagar,RBZ",Ridgeguard(Tori),Other,Medium,10/08/2026,3700,3700,3700
Telangana,Ranga Reddy,"Saroornagar,RBZ",Onion,Other,Medium,10/08/2026,3000,3000,3000
Uttar Pradesh,Hathras,Haathras APMC,Potato,Other,FAQ,10/08/2026,500,1100,576.73
Uttar Pradesh,Hathras,Haathras APMC,Wheat,Medium,FAQ,10/08/2026,2500,2535,2512.48
Uttar Pradesh,Amethi,Jafarganj APMC,Rice,Common,FAQ,10/08/2026,2649.89,2660,2653.49
Uttar Pradesh,Fatehpur,Jahanabad APMC,Wheat,Dara,FAQ,10/08/2026,2450,2500,2465.85
Uttar Pradesh,Raebarelli,Jayas APMC,Onion,Other,FAQ,10/08/2026,1200,1200,1200
Uttar Pradesh,Jalaun (Orai),Jalaun APMC,Brinjal,Round/Long,FAQ,10/08/2026,1300,1400,1400
Uttar Pradesh,Jalaun (Orai),Jalaun APMC,Cabbage,Cabbage,FAQ,10/08/2026,2000,2000,2000
Uttar Pradesh,Jalaun (Orai),Jalaun APMC,Colacasia,Arabi,FAQ,10/08/2026,1600,1600,1600
Uttar Pradesh,Jalaun (Orai),Jalaun APMC,Wood,Other,FAQ,10/08/2026,500,500,500
Uttar Pradesh,Jalaun (Orai),Jalaun APMC,Firewood,Firewood,FAQ,10/08/2026,500,500,500
Uttar Pradesh,Ghazipur,Jangipura APMC,Paddy(Common),Common,FAQ,10/08/2026,2600,2800,2702.74
Uttar Pradesh,Mathura,Kosikalan APMC,Wheat,Super Fine,FAQ,10/08/2026,2430,2430,2430
Uttar Pradesh,Baghpat,Khekda APMC,Tomato,Other,FAQ,10/08/2026,1900,2000,1971.43
Uttar Pradesh,Baghpat,Khekda APMC,Wheat,Mill Quality,FAQ,10/08/2026,2600,2600,2600
Uttar Pradesh,Baghpat,Khekda APMC,Wheat,Dara Mill Quality,FAQ,10/08/2026,2600,2600,2600
Uttar Pradesh,Bulandshahar,Khurja APMC,Potato,Other,FAQ,10/08/2026,550,550,550
Uttar Pradesh,Bijnor,Kiratpur APMC,Potato,Other,FAQ,10/08/2026,800,800,800
Uttar Pradesh,Jalaun (Orai),Konch APMC,Wheat,Dara Mill Quality,FAQ,10/08/2026,2320,2320,2320
Uttar Pradesh,Jalaun (Orai),Konch APMC,Brinjal,Other,FAQ,10/08/2026,900,1100,1000
Uttar Pradesh,Kaushambi,Manjhanpur APMC,Wheat,Other,FAQ,10/08/2026,2400,2400,2400
Uttar Pradesh,Hardoi,Madhoganj APMC,Mentha Oil,Other,FAQ,10/08/2026,125000,125000,125000
Uttar Pradesh,Hardoi,Madhoganj APMC,Maize,Other,FAQ,10/08/2026,2000,2000,2000
Uttar Pradesh,Mathura,Mathura APMC,Wheat,Other,FAQ,10/08/2026,2471,2580,2560.68
Uttar Pradesh,Mathura,Mathura APMC,Wheat,Dara,FAQ,10/08/2026,2450,2600,2546.4
Bihar,Muzaffarpur,Bhagwanpur Mandi APMC,Onion,Medium,FAQ,10/08/2026,2650,2650,2650
Tamil Nadu,Kallakuruchi,Kallakurichi(Uzhavar Sandhai ),Cauliflower,Ranchi,Local,10/08/2026,3000,3000,3000
Tamil Nadu,Kallakuruchi,Kallakurichi(Uzhavar Sandhai ),Pumpkin,Pumpkin,Local,10/08/2026,2500,2500,2500
Tamil Nadu,Kallakuruchi,Kallakurichi(Uzhavar Sandhai ),Bhindi(Ladies Finger),Bhindi,Local,10/08/2026,4000,4000,4000
Tamil Nadu,Kallakuruchi,Kallakurichi(Uzhavar Sandhai ),Drumstick,Drumstick,Local,10/08/2026,5000,5000,5000
Tamil Nadu,Kallakuruchi,Kallakurichi(Uzhavar Sandhai ),Mango(Raw-Ripe),Mango - Raw-Ripe,Local,10/08/2026,3000,3000,3000
Tamil Nadu,Kallakuruchi,Kallakurichi(Uzhavar Sandhai ),Mashrooms,Mashrooms,Local,10/08/2026,22500,22500,22500
Tamil Nadu,Kallakuruchi,Kallakurichi(Uzhavar Sandhai ),Onion Green,Onion Green,Local,10/08/2026,5000,5000,5000
Haryana,Panipat,Panipat APMC,Apple,Other,Local,10/08/2026,5000,15000,10000
Haryana,Panipat,Panipat APMC,Guava,Other,Local,10/08/2026,2000,3000,2500
Haryana,Panipat,Panipat APMC,Mango,Other,Local,10/08/2026,5000,10000,7500
Haryana,Panipat,Panipat APMC,Brinjal,Other,Local,10/08/2026,800,2000,1400
Haryana,Panipat,Panipat APMC,Potato,Potato,Local,10/08/2026,800,1400,1100
Andhra Pradesh,Sri Sathya Sai,Dharmavaram APMC,Paddy(Common),B P T,FAQ,10/08/2026,2000,2200,2100
Punjab,Gurdaspur,Gurdaspur APMC,Mousambi(Sweet Lime),Other,Grade A,10/08/2026,3750,3750,3750
Punjab,Gurdaspur,Gurdaspur APMC,Bottle gourd,Other,Grade A,10/08/2026,2000,2000,2000
Punjab,Gurdaspur,Gurdaspur APMC,Carrot,Other,Grade A,10/08/2026,2800,2800,2800
Punjab,Gurdaspur,Gurdaspur APMC,Capsicum,Other,Grade A,10/08/2026,3100,3100,3100
Punjab,Gurdaspur,Gurdaspur APMC,Garlic,Other,Grade Range-2,10/08/2026,8200,8200,8200
Punjab,Gurdaspur,Gurdaspur APMC,Mango,Other,Grade A,10/08/2026,4000,4000,4000
Punjab,Gurdaspur,Gurdaspur APMC,Guava,Other,Grade A,10/08/2026,3800,3800,3800
Gujarat,Bharuch,Ankleshwar APMC,Green Chilli,Green Chilly,Grade A,10/08/2026,2000,4000,3000
Andhra Pradesh,Eluru,Kaikaluru APMC,Paddy(Common),MTU-1001,Local,10/08/2026,2440,2440,2440
Himachal Pradesh,Kullu,PMY Kullu,Bottle gourd,Other,FAQ,10/08/2026,2500,3000,2800
Himachal Pradesh,Kullu,PMY Kullu,French Beans(Frasbean),Other,FAQ,10/08/2026,5500,6000,5800
Himachal Pradesh,Kullu,PMY Kullu,Colacasia,Colacasia,FAQ,10/08/2026,2500,3000,2800
Himachal Pradesh,Kullu,PMY Kullu,Mango,Other,Medium,10/08/2026,7000,9000,8000
Himachal Pradesh,Kullu,PMY Kullu,Guava,Other,Medium,10/08/2026,8000,9000,8500
Himachal Pradesh,Kullu,PMY Kullu,Karbuja(Musk Melon),Other,Medium,10/08/2026,6000,7000,6500
Himachal Pradesh,Kullu,PMY Kullu,Raddish,Other,FAQ,10/08/2026,2000,2500,2200
Himachal Pradesh,Kullu,PMY Kullu,Pumpkin,Other,FAQ,10/08/2026,3000,3500,3200
Himachal Pradesh,Kullu,PMY Kullu,Pomegranate,Other,Medium,10/08/2026,11000,14000,12000
Andhra Pradesh,Palnadu,Gurazala APMC,Chili Red,Red,Grade Range-1,10/08/2026,17000,28000,24500
Tamil Nadu,Thirupathur,Natrampalli(Uzhavar Sandhai ),Mango,Safeda,Local,10/08/2026,4000,5000,4500
Tamil Nadu,Thirupathur,Natrampalli(Uzhavar Sandhai ),Tomato,Deshi,Local,10/08/2026,1500,2000,1750
Tamil Nadu,Thirupathur,Natrampalli(Uzhavar Sandhai ),Ridgeguard(Tori),Ridgeguard(Tori),Local,10/08/2026,3000,4000,3500
Tamil Nadu,Thirupathur,Natrampalli(Uzhavar Sandhai ),Lemon,Lemon,Local,10/08/2026,5000,6000,5500
Tamil Nadu,Thirupathur,Natrampalli(Uzhavar Sandhai ),Mint(Pudina),Mint(Pudina),Local,10/08/2026,3000,4000,3500
Punjab,Bhatinda,Bathinda APMC,Banana,Other,Grade B,10/08/2026,1500,1700,1600
Punjab,Bhatinda,Bathinda APMC,Papaya,Papaya,Grade B,10/08/2026,1600,1800,1700
Punjab,Bhatinda,Bathinda APMC,Potato,Other,Grade B,10/08/2026,750,800,750
Andhra Pradesh,Vijayanagaram,Gajapathinagaram APMC,Maize,Local,Local,10/08/2026,2400,2400,2400
Andhra Pradesh,Srikakulam,Hiramandalam APMC,Paddy(Common),Masuri,Local,10/08/2026,2400,2400,2400
Uttar Pradesh,Jaunpur,Mugrabaadshahpur APMC,Wheat,Medium,FAQ,10/08/2026,2425,2425,2425
Andhra Pradesh,NTR,Kanchekacherla APMC,Maize,Hybrid,FAQ,10/08/2026,2400,2400,2400
Andhra Pradesh,Dr.B.R.A.Konaseema,Ravulapalem (Kothapeta APMC),Banana,Chakkarakeli(Red),Local,10/08/2026,4400,4900,4700
Andhra Pradesh,Dr.B.R.A.Konaseema,Ravulapalem (Kothapeta APMC),Banana,Chakkarakeli(White),Local,10/08/2026,2700,3700,3400
Andhra Pradesh,Guntur,Mangalagiri APMC,Paddy(Common),B P T,FAQ,10/08/2026,2480,2480,2480
Andhra Pradesh,Guntur,Mangalagiri APMC,Maize,Fine,FAQ,10/08/2026,2450,2450,2450
Andhra Pradesh,Krishna,Machilipatnam APMC,Paddy(Common),B P T,Local,10/08/2026,2733.33265,2999.99925,2906.66594
Uttar Pradesh,Sonbhadra,Dudhi APMC,Wood,Other,FAQ,10/08/2026,500,500,500
Uttar Pradesh,Maharajganj,Nautnava APMC,Wheat,Wheat-Organic,FAQ,10/08/2026,2400,2400,2400
Andhra Pradesh,East Godavari,Kovvur APMC,Paddy(Common),MTU-1010,Grade Range-2,10/08/2026,2441,2441,2441
Andhra Pradesh,Parvathipuram Manyam,Palakonda APMC,Maize,Medium,FAQ,10/08/2026,1700,1700,1700
Andhra Pradesh,Parvathipuram Manyam,Palakonda APMC,Green Gram(Moong)(Whole),Green (Whole),FAQ,10/08/2026,6000,6000,6000
Uttar Pradesh,Gonda,Nawabganj APMC,Wood,Other,FAQ,10/08/2026,400,400,400
Andhra Pradesh,Anakapally,Payakaraopeta APMC,Banana,Karpura,Local,10/08/2026,1700,1900,1800
Andhra Pradesh,Krishna,Pedana APMC,Black Gram(Urd Beans)(Whole),Local,Local,10/08/2026,7800,8000,7950
Andhra Pradesh,Anakapally,Narsipatnam APMC,Paddy(Common),1001,Local,10/08/2026,2390,2450,2400
Andhra Pradesh,Eluru,Ungatur APMC,Maize,Local,Local,10/08/2026,2410,2410,2410
Andhra Pradesh,Guntur,Phirangipuram APMC,Cotton,Cotton (Unginned),Local,10/08/2026,7500,8600,8100
Andhra Pradesh,NTR,Tiruvuru APMC,Maize,Hybrid,Local,10/08/2026,2400,2400,2400
Andhra Pradesh,Guntur,Tadikonda APMC,Bengal Gram(Gram)(Whole),Average (Whole),Grade Range-1,10/08/2026,5670,5670,5670
Tripura,South Tripura,Kalsi APMC,Cowpea(Veg),Cowpea (Veg),FAQ,10/08/2026,3000,3120,3050
Haryana,Mahendragarh-Narnaul,Mohindergarh APMC,Pumpkin,Pumpkin,FAQ,10/08/2026,800,1000,1000
Haryana,Mahendragarh-Narnaul,Mohindergarh APMC,Bitter gourd,Bitter Gourd,FAQ,10/08/2026,1000,1800,1800
Haryana,Mahendragarh-Narnaul,Mohindergarh APMC,Banana,Banana - Ripe,Medium,10/08/2026,2250,2250,2250
Haryana,Mahendragarh-Narnaul,Mohindergarh APMC,Green Chilli,Green Chilly,FAQ,10/08/2026,1000,2500,2000
Haryana,Mahendragarh-Narnaul,Mohindergarh APMC,Bhindi(Ladies Finger),Bhindi,FAQ,10/08/2026,1000,1500,1200
Haryana,Mahendragarh-Narnaul,Mohindergarh APMC,Raddish,Raddish,FAQ,10/08/2026,800,1500,1000
Haryana,Mahendragarh-Narnaul,Mohindergarh APMC,Cluster beans,Cluster Beans,FAQ,10/08/2026,3000,3000,3000
Odisha,Khurda,Jatni APMC,Bitter gourd,Other,Grade B,10/08/2026,4250,4350,4250
Odisha,Khurda,Jatni APMC,Pointed gourd(Parval),Pointed gourd (Parval),Grade B,10/08/2026,3950,4050,3950
Andhra Pradesh,Guntur,Prathipadu APMC,Cotton,Bramha,Grade Range-1,10/08/2026,8500,9600,9000
Uttar Pradesh,Pratapgarh,Pratapgarh APMC,Wood,Other,FAQ,10/08/2026,300,900,512.12
Uttar Pradesh,Pratapgarh,Pratapgarh APMC,Wheat,Hybrid,FAQ,10/08/2026,2400,2400,2400
Tamil Nadu,Salem,Athur(Uzhavar Sandhai ),Ginger(Green),Green Ginger,Local,10/08/2026,13000,19000,16000
Tamil Nadu,Salem,Athur(Uzhavar Sandhai ),Cabbage,Cabbage,Local,10/08/2026,3500,4000,3750
Tamil Nadu,Salem,Athur(Uzhavar Sandhai ),Snakeguard,Snakeguard,Local,10/08/2026,3000,3500,3250
Tamil Nadu,Salem,Athur(Uzhavar Sandhai ),Cucumbar(Kheera),Cucumbar,Local,10/08/2026,7000,8000,7500
Tamil Nadu,Salem,Athur(Uzhavar Sandhai ),Raddish,Raddish,Local,10/08/2026,2500,3000,2750
Tamil Nadu,Salem,Athur(Uzhavar Sandhai ),Mango(Raw-Ripe),Mango - Raw-Ripe,Local,10/08/2026,3500,4000,3750
Tamil Nadu,Salem,Athur(Uzhavar Sandhai ),Custard Apple(Sharifa),Custard Apple(Sharifa),Local,10/08/2026,3500,4000,3750
Tamil Nadu,Theni,Periyakulam(Uzhavar Sandhai ),Bottle gourd,Bottle Gourd,Local,10/08/2026,1800,2000,1900
Tamil Nadu,Theni,Periyakulam(Uzhavar Sandhai ),Amaranthus,Amaranthus,Local,10/08/2026,2000,2500,2250
Tamil Nadu,Theni,Periyakulam(Uzhavar Sandhai ),Beans,Beans (Whole),Local,10/08/2026,8600,9000,8800
Tamil Nadu,Theni,Periyakulam(Uzhavar Sandhai ),Ridgeguard(Tori),Ridgeguard(Tori),Local,10/08/2026,4000,4200,4100
Tamil Nadu,Theni,Periyakulam(Uzhavar Sandhai ),Green Avare(W),Other,Local,10/08/2026,6800,7000,6900
Tamil Nadu,Theni,Periyakulam(Uzhavar Sandhai ),Chow Chow,Chow Chow,Local,10/08/2026,2200,2400,2300
Tamil Nadu,Theni,Periyakulam(Uzhavar Sandhai ),Lemon,Lemon,Local,10/08/2026,5500,6000,5750
Tamil Nadu,Virudhunagar,Srivilliputhur(Uzhavar Sandhai ),Onion,Bellary,Local,10/08/2026,3500,4000,3750
Tamil Nadu,Virudhunagar,Srivilliputhur(Uzhavar Sandhai ),Chikoos(Sapota),Sapota,Local,10/08/2026,3500,4000,3750
Tamil Nadu,Virudhunagar,Srivilliputhur(Uzhavar Sandhai ),Banana - Green,Banana - Green,Local,10/08/2026,2500,3000,2750
Tamil Nadu,Virudhunagar,Srivilliputhur(Uzhavar Sandhai ),Drumstick,Drumstick,Local,10/08/2026,4500,5000,4750
Tamil Nadu,Virudhunagar,Srivilliputhur(Uzhavar Sandhai ),Guava,Guava Allahabad,Local,10/08/2026,4500,5000,4750
Tamil Nadu,Virudhunagar,Srivilliputhur(Uzhavar Sandhai ),Yam(Ratalu),Yam (Ratalu),Local,10/08/2026,8000,9000,8500
Punjab,Ludhiana,Machhiwara APMC,Potato,Local,FAQ,10/08/2026,600,800,700
Uttar Pradesh,Kanpur Dehat,Rura APMC,Wood,Other,FAQ,10/08/2026,575,610,591.37
Uttar Pradesh,Kanpur Dehat,Rura APMC,Potato,Other,FAQ,10/08/2026,700,700,700
Uttar Pradesh,Prayagraj,Prayagraj APMC,Wheat,Other,FAQ,10/08/2026,2525,2525,2525
Uttar Pradesh,Pillibhit,Puranpur APMC,Paddy(Common),Common,FAQ,10/08/2026,1800,2500,1921.53
Uttar Pradesh,Raebarelli,Raibareilly APMC,Wood,Other,FAQ,10/08/2026,450,550,487.61
Uttar Pradesh,Raebarelli,Raibareilly APMC,Potato,Other,FAQ,10/08/2026,700,700,700
Uttar Pradesh,Raebarelli,Raibareilly APMC,Paddy(Common),Common,FAQ,10/08/2026,2590,3000,2797.21
Uttar Pradesh,Rampur,Rampur APMC,Firewood,Firewood,FAQ,10/08/2026,400,510,407.57
Uttar Pradesh,Badaun,Shahaswan APMC,Maize,Other,FAQ,10/08/2026,2050,2050,2050
Uttar Pradesh,Sonbhadra,Robertsganj APMC,Wheat,Other,FAQ,10/08/2026,2500,2500.9,2500.09
Uttar Pradesh,Sonbhadra,Robertsganj APMC,Green Chilli,Other,FAQ,10/08/2026,2500,2500,2500
Uttar Pradesh,Ayodhya,Rudauli APMC,Onion,Other,FAQ,10/08/2026,1200,1200,1200
Uttar Pradesh,Hathras,Shadabad APMC,Brinjal,Brinjal,Small,10/08/2026,800,900,850
Uttar Pradesh,Hathras,Shadabad APMC,Bottle gourd,Bottle Gourd,Small,10/08/2026,800,900,850
Uttar Pradesh,Barabanki,Safdarganj APMC,Mentha Oil,Other,FAQ,10/08/2026,129500,135000,131177.02
Uttar Pradesh,Barabanki,Safdarganj APMC,Wood,Other,FAQ,10/08/2026,250,638,326.51
Uttar Pradesh,Barabanki,Safdarganj APMC,Wood,Eucalyptus,FAQ,10/08/2026,600,600,600
Uttar Pradesh,Barabanki,Safdarganj APMC,Firewood,Firewood,FAQ,10/08/2026,350,350,350
Uttar Pradesh,Barabanki,Safdarganj APMC,Tomato,Other,FAQ,10/08/2026,1000,1000,1000
Uttar Pradesh,Siddharth Nagar,Sahiyapur APMC,Paddy(Common),Red,FAQ,10/08/2026,3100,3100,3100
Uttar Pradesh,Siddharth Nagar,Sahiyapur APMC,Rice,Other,FAQ,10/08/2026,2550,2550,2550
Punjab,Bhatinda,Maur APMC,Potato,Other,Grade B,10/08/2026,700,800,750
Uttar Pradesh,Prayagraj,Sirsa APMC,Wheat,Other,FAQ,10/08/2026,2500,2600,2585
Uttar Pradesh,Jaunpur,Shahganj APMC,Wheat,Dara,FAQ,10/08/2026,2400,2670,2529.35
Rajasthan,Udaipur,Fatehnagar APMC,Maize,Hybrid,FAQ,10/08/2026,2100,2116,2100
Uttar Pradesh,Shamli,Shamli APMC,Garlic,Other,FAQ,10/08/2026,8000,8000,8000
Uttar Pradesh,Shamli,Shamli APMC,Lemon,Other,FAQ,10/08/2026,6500,7000,6750
Uttar Pradesh,Shamli,Shamli APMC,Ginger(Green),Other,FAQ,10/08/2026,7000,8000,7333.33
Uttar Pradesh,Firozabad,Shikohabad APMC,Maize,Other,FAQ,10/08/2026,1975,2110,2057.94
Uttar Pradesh,Firozabad,Sirsaganj APMC,Green Gram(Moong)(Whole),Other,FAQ,10/08/2026,6200,8768,8522.79
Uttar Pradesh,Firozabad,Sirsaganj APMC,Maize,Other,FAQ,10/08/2026,1950,2225,2063.09
Odisha,Deogarh,Deogarh APMC,Papaya(Raw),Other,Grade A,10/08/2026,2000,2500,2200
Odisha,Khurda,Balugaon APMC,Bitter gourd,Other,Grade A,10/08/2026,5200,5200,5200
Odisha,Khurda,Balugaon APMC,Cauliflower,Other,Grade A,10/08/2026,4500,4500,4500
Odisha,Dhenkanal,Kamakhyanagar APMC,Cucumbar(Kheera),Cucumbar,Grade A,10/08/2026,4000,4000,4000
Odisha,Dhenkanal,Kamakhyanagar APMC,Pumpkin,Pumpkin,Grade A,10/08/2026,2500,2500,2500
Odisha,Dhenkanal,Kamakhyanagar APMC,Tomato,Tomato,Grade A,10/08/2026,3000,3000,3000
Uttar Pradesh,Shahjahanpur,Tilhar APMC,Firewood,Firewood,FAQ,10/08/2026,500,500,500
Uttar Pradesh,Ambedkarnagar,Tanda Akbarpur APMC,Wood,Other,FAQ,10/08/2026,550,550,550
Uttar Pradesh,Firozabad,Tundla APMC,Potato,Other,FAQ,10/08/2026,500,500,500
Uttar Pradesh,Ghazipur,Yusufpur APMC,Potato,Other,FAQ,10/08/2026,600,600,600
Uttar Pradesh,Hardoi,Sandila APMC,Wood,Other,FAQ,10/08/2026,450,935,501.64
Tripura,Sepahijala,Sonamura APMC,Ginger(Green),Green Ginger,Medium,10/08/2026,9000,9500,9200
Tripura,Sepahijala,Sonamura APMC,Brinjal,Round/Long,Medium,10/08/2026,4000,4200,4100
Tripura,Sepahijala,Sonamura APMC,Cucumbar(Kheera),Cucumbar,Medium,10/08/2026,3700,4000,3800
Tripura,Sepahijala,Sonamura APMC,Green Chilli,Green Chilly,Medium,10/08/2026,14000,16000,15000
Assam,Sonitpur,Dhekiajuli APMC,Capsicum,Capsicum,FAQ,10/08/2026,5200,5600,5400
Assam,Sonitpur,Dhekiajuli APMC,Pumpkin,Pumpkin,FAQ,10/08/2026,1800,1900,1900
Nagaland,Wokha,Wokha Town APMC,Banana,Other,Local,10/08/2026,3400,3800,3650
Punjab,Ferozpur,Zira APMC,Apple,Other,Local,10/08/2026,8500,8500,8500
Punjab,Ferozpur,Zira APMC,Ginger(Green),Other,Local,10/08/2026,10000,10000,10000
West Bengal,Kolkata,Sealdah Koley Market APMC,Brinjal,Other,FAQ,10/08/2026,6000,7000,6000
West Bengal,Kolkata,Sealdah Koley Market APMC,Cucumbar(Kheera),Other,FAQ,10/08/2026,3000,3500,3000
West Bengal,Kolkata,Sealdah Koley Market APMC,Pointed gourd(Parval),Other,FAQ,10/08/2026,3600,4000,4000
West Bengal,Kolkata,Sealdah Koley Market APMC,Ridgeguard(Tori),Other,FAQ,10/08/2026,4000,5000,4000
Uttar Pradesh,Sambhal,Bhehjoi APMC,Paddy(Basmati),Basmati,Local,10/08/2026,2000,2200,2100
Odisha,Sonepur,Birmaharajpur APMC,Tomato,Local,Local,10/08/2026,2600,2850,2750
Odisha,Sonepur,Birmaharajpur APMC,Pumpkin,Other,Local,10/08/2026,1100,1400,1200
Punjab,Sangrur,Bhawanigarh APMC,Papaya,Other,Medium,10/08/2026,2600,3000,2750
Punjab,Sangrur,Bhawanigarh APMC,Bottle gourd,Other,Medium,10/08/2026,1700,1800,1750
Punjab,Sangrur,Bhawanigarh APMC,Capsicum,Other,Medium,10/08/2026,4000,4500,4250
Punjab,Sangrur,Bhawanigarh APMC,Carrot,Other,Medium,10/08/2026,2600,2800,2700
Punjab,Sangrur,Bhawanigarh APMC,Cauliflower,Other,Medium,10/08/2026,2500,2700,2600
Punjab,Sangrur,Bhawanigarh APMC,Garlic,Other,Grade Range-2,10/08/2026,10000,11000,10500
Punjab,Sangrur,Bhawanigarh APMC,Potato,Other,Local,10/08/2026,600,700,650
Punjab,Sangrur,Bhawanigarh APMC,Pumpkin,Other,Medium,10/08/2026,1800,2000,1950
West Bengal,North 24 Parganas,Habra APMC,Green Chilli,Green Chilly,FAQ,10/08/2026,6000,6000,6000
West Bengal,Murshidabad,Jangipur APMC,Maize,Other,FAQ,10/08/2026,2500,2600,2550
West Bengal,Murshidabad,Jangipur APMC,Garlic,Other,FAQ,10/08/2026,8550,8750,8650
West Bengal,Murshidabad,Jangipur APMC,Paddy(Common),I.R. 36,FAQ,10/08/2026,2450,2600,2525
West Bengal,Murshidabad,Jangipur APMC,Green Chilli,Other,FAQ,10/08/2026,8100,8300,8200
West Bengal,Murshidabad,Jangipur APMC,Potato,Jyoti,FAQ,10/08/2026,1300,1400,1350
Rajasthan,Ajmer,Ajmer(F&V) APMC,Garlic,Other,Local,10/08/2026,7000,23000,16000
Rajasthan,Ajmer,Ajmer(F&V) APMC,Brinjal,Other,Medium,10/08/2026,800,2200,1600
Rajasthan,Ajmer,Ajmer(F&V) APMC,Onion,Other,Medium,10/08/2026,700,2500,2000
Rajasthan,Ajmer,Ajmer(F&V) APMC,Pumpkin,Other,Medium,10/08/2026,800,1800,1400
Rajasthan,Ajmer,Ajmer(F&V) APMC,Tomato,Other,Medium,10/08/2026,800,2400,1800
Rajasthan,Ajmer,Ajmer(F&V) APMC,Tinda,Other,Medium,10/08/2026,1400,5000,3200
Rajasthan,Ajmer,Ajmer(F&V) APMC,Water Melon,Other,Medium,10/08/2026,1200,2000,1700
Rajasthan,Ajmer,Ajmer(F&V) APMC,Banana,Other,Medium,10/08/2026,2000,2600,2300
West Bengal,Bankura,Khatra APMC,Cucumbar(Kheera),Cucumbar,FAQ,10/08/2026,1800,2400,2000
West Bengal,Bankura,Khatra APMC,Potato,Jyoti,FAQ,10/08/2026,620,670,650
West Bengal,Bankura,Khatra APMC,Brinjal,Round/Long,FAQ,10/08/2026,3600,4500,4000
West Bengal,Paschim Bardhaman,Durgapur APMC,Brinjal,Other,FAQ,10/08/2026,3550,3850,3675
West Bengal,Paschim Bardhaman,Durgapur APMC,Tomato,Hybrid,FAQ,10/08/2026,2650,2800,2750
Tripura,North Tripura,Dasda APMC,Brinjal,Round/Long,FAQ,10/08/2026,2650,2650,2650
Gujarat,Morbi,Vankaner APMC,Wheat,Lokwan,FAQ,10/08/2026,2300,2680,2575
Gujarat,Morbi,Vankaner APMC,Cummin Seed(Jeera),Cummin Seed(Jeera),FAQ,10/08/2026,16500,19325,18000
Uttar Pradesh,Kanpur,Baripaal APMC,Raddish,Raddish,Medium,10/08/2026,1600,1800,1700
Uttar Pradesh,Kanpur,Baripaal APMC,Guava,Guava,Medium,10/08/2026,1800,2000,1900
Uttar Pradesh,Kanpur,Baripaal APMC,Banana,Banana - Ripe,Medium,10/08/2026,2200,2600,2400
Uttar Pradesh,Kanpur,Baripaal APMC,Cucumbar(Kheera),Cucumbar,Medium,10/08/2026,1600,1900,1700
Uttar Pradesh,Kanpur,Baripaal APMC,Pumpkin,Pumpkin,Medium,10/08/2026,1400,1800,1600
Maharashtra,Beed,Kaij APMC,Jowar(Sorghum),Red,Local,10/08/2026,2900,3501,3400
Maharashtra,Beed,Kaij APMC,Soyabean,Yellow,FAQ,10/08/2026,6650,6900,6801
Nagaland,Kohima,Kohima APMC,Tomato,Tomato,Local,10/08/2026,4000,4000,4000
Tripura,Sepahijala,Boxonagar,Tomato,Hybrid,Medium,10/08/2026,4200,4600,4300
Tripura,Sepahijala,Boxonagar,Cucumbar(Kheera),Cucumbar,Medium,10/08/2026,4300,4500,4400
Tripura,Sepahijala,Boxonagar,Fish,Rahu(Local),Local,10/08/2026,23000,25000,24000
Uttar Pradesh,Shahjahanpur,Powayan APMC,Wood,Other,FAQ,10/08/2026,500,600,527.37
Tamil Nadu,Coimbatore,Vadavalli(Uzhavar Sandhai ),Cauliflower,Ranchi,Local,10/08/2026,4200,4800,4500
Tamil Nadu,Coimbatore,Vadavalli(Uzhavar Sandhai ),Bitter gourd,Other,Local,10/08/2026,5000,5600,5300
Tamil Nadu,Coimbatore,Vadavalli(Uzhavar Sandhai ),Banana - Green,Banana - Green,Local,10/08/2026,3500,4000,3750
Tamil Nadu,Coimbatore,Vadavalli(Uzhavar Sandhai ),Yam(Ratalu),Yam (Ratalu),Local,10/08/2026,9000,9600,9300
Tamil Nadu,Coimbatore,Vadavalli(Uzhavar Sandhai ),Amla(Nelli Kai),Amla,Local,10/08/2026,7500,8500,8000
Tamil Nadu,Coimbatore,Vadavalli(Uzhavar Sandhai ),Mint(Pudina),Mint(Pudina),Local,10/08/2026,4500,5000,4750
Tripura,Gomati,Nutanbazar APMC,Tomato,Hybrid,FAQ,10/08/2026,5850,6000,5950
Tripura,Gomati,Nutanbazar APMC,Potato,Other,FAQ,10/08/2026,2250,2500,2350
Tripura,Gomati,Nutanbazar APMC,Ridgeguard(Tori),Ridgeguard(Tori),FAQ,10/08/2026,4850,5000,4950
Gujarat,Rajkot,Jetpur(Dist.Rajkot) APMC,Green Gram(Moong)(Whole),Green (Whole),FAQ,10/08/2026,5705,8455,7500
Gujarat,Rajkot,Jetpur(Dist.Rajkot) APMC,Corriander seed,Coriander Seed,FAQ,10/08/2026,9055,15080,14805
Gujarat,Rajkot,Jetpur(Dist.Rajkot) APMC,Garlic,Garlic,FAQ,10/08/2026,5005,11405,9255
Gujarat,Rajkot,Jetpur(Dist.Rajkot) APMC,Onion,Onion,FAQ,10/08/2026,400,1905,1505
Keralam,Wayanad,Pulpally Market,Cocoa,Cocoa,Local,10/08/2026,15600,15800,15700
Keralam,Wayanad,Pulpally Market,Banana,Other,Medium,10/08/2026,4400,4600,4500
West Bengal,Darjeeling,Karsiyang(Matigara) APMC,Carrot,Other,FAQ,10/08/2026,3100,3300,3200
West Bengal,Darjeeling,Darjeeling APMC,Ginger(Green),Other,FAQ,10/08/2026,9000,9200,9100
West Bengal,Darjeeling,Darjeeling APMC,Raddish,Raddish,FAQ,10/08/2026,3100,3300,3200
Himachal Pradesh,Mandi,PMY Kangni Mandi,Papaya,Papaya,Grade B,10/08/2026,3700,5500,4500
Himachal Pradesh,Mandi,PMY Kangni Mandi,Bitter gourd,Bitter Gourd,Grade B,10/08/2026,800,1500,1200
Himachal Pradesh,Mandi,PMY Kangni Mandi,Cauliflower,Cauliflower,Grade B,10/08/2026,3500,5000,4000
Himachal Pradesh,Mandi,PMY Kangni Mandi,Cucumbar(Kheera),Cucumbar,Grade B,10/08/2026,1500,2500,2000
Himachal Pradesh,Mandi,PMY Kangni Mandi,Peas Wet,Peas Wet,Grade B,10/08/2026,6000,10000,8000
Himachal Pradesh,Mandi,PMY Kangni Mandi,Sponge gourd,Sponge gourd,Grade B,10/08/2026,1000,3000,2000
Himachal Pradesh,Mandi,PMY Kangni Mandi,Spinach,Spinach,Grade B,10/08/2026,3000,4000,3500
Uttar Pradesh,Kaushambi,Bharwari APMC,Wheat,Other,FAQ,10/08/2026,2400,2400,2400
Uttar Pradesh,Kaushambi,Bharwari APMC,Wheat,Dara,FAQ,10/08/2026,2400,2400,2400
Meghalaya,West Jaintia Hills,Jowai APMC,Tomato,017,Local,10/08/2026,3000,4000,3500
Meghalaya,West Jaintia Hills,Jowai APMC,Cabbage,MH-139,Local,10/08/2026,2000,3000,2500
Meghalaya,West Jaintia Hills,Jowai APMC,Cucumbar(Kheera),Malini,Local,10/08/2026,1500,2000,1750
Tamil Nadu,Dindigul,Vedasanthur(Uzhavar Sandhai ),Banana,Karpura,Local,10/08/2026,5000,6000,5500
Tamil Nadu,Dindigul,Vedasanthur(Uzhavar Sandhai ),Onion Green,Onion Green,Local,10/08/2026,5000,6000,5500
Haryana,Ambala,Shahzadpur APMC,Pumpkin,Pumpkin,Local,10/08/2026,1500,1500,1500
Haryana,Yamuna Nagar,Jagadhri APMC,Bitter gourd,Bitter Gourd,Medium,10/08/2026,1500,2300,2000
Haryana,Yamuna Nagar,Jagadhri APMC,Bottle gourd,Bottle Gourd,Medium,10/08/2026,500,700,600
Haryana,Yamuna Nagar,Jagadhri APMC,Lemon,Other,Medium,10/08/2026,4000,5000,5000
Haryana,Yamuna Nagar,Jagadhri APMC,Green Chilli,Green Chilly,Medium,10/08/2026,3200,5000,3700
Haryana,Yamuna Nagar,Jagadhri APMC,Water Melon,Water Melon,Medium,10/08/2026,1500,2000,1900
Haryana,Yamuna Nagar,Jagadhri APMC,Mango,Other,Medium,10/08/2026,5000,9000,6000
Haryana,Yamuna Nagar,Mustafabad APMC,Tomato,Other,FAQ,10/08/2026,2400,2500,2500
Haryana,Yamuna Nagar,Mustafabad APMC,Brinjal,Other,FAQ,10/08/2026,1500,1600,1600
Haryana,Yamuna Nagar,Mustafabad APMC,Bottle gourd,Bottle Gourd,FAQ,10/08/2026,1700,1800,1700
Haryana,Yamuna Nagar,Sadhaura APMC,Colacasia,Colacasia,Local,10/08/2026,1600,1800,1700
Haryana,Yamuna Nagar,Sadhaura APMC,Tomato,Tomato,Local,10/08/2026,1400,1600,1500
Haryana,Yamuna Nagar,Sadhaura APMC,Cabbage,Cabbage,Local,10/08/2026,1600,2000,1800
Haryana,Yamuna Nagar,Sadhaura APMC,Chilly Capsicum,Other,Local,10/08/2026,3000,3400,3200
Haryana,Palwal,Hassanpur APMC,Cucumbar(Kheera),Cucumbar,Local,10/08/2026,1400,1400,1400
Haryana,Gurgaon,Farukh Nagar APMC,Onion,Other,Medium,10/08/2026,2100,2800,2500
Haryana,Gurgaon,Farukh Nagar APMC,Tomato,Other,Medium,10/08/2026,1800,2500,2200
Haryana,Gurgaon,Pataudi APMC,Brinjal,Other,Grade B,10/08/2026,1500,2000,1800
Haryana,Hissar,Barwala(Hisar) APMC,Cucumbar(Kheera),Cucumbar,Local,10/08/2026,1500,1800,1700
Haryana,Hissar,Barwala(Hisar) APMC,Bhindi(Ladies Finger),Bhindi,Local,10/08/2026,2500,3000,2800
Haryana,Hissar,Barwala(Hisar) APMC,Mango,Other,Local,10/08/2026,8000,10000,9000
Haryana,Hissar,Barwala(Hisar) APMC,Plum,Other,Local,10/08/2026,4000,6000,5000
Haryana,Hissar,Uklana APMC,Potato,Potato,Medium,10/08/2026,700,800,800
Haryana,Hissar,Uklana APMC,Mousambi(Sweet Lime),Mousambi,Medium,10/08/2026,4000,4000,4000
West Bengal,Medinipur(W),Garbeta(Medinipur) APMC,Onion,Onion,FAQ,10/08/2026,2600,2800,2700
West Bengal,Sounth 24 Parganas,Diamond Harbour(South 24-pgs) APMC,Cucumbar(Kheera),Cucumbar,FAQ,10/08/2026,2600,2800,2700
West Bengal,Sounth 24 Parganas,Diamond Harbour(South 24-pgs) APMC,Potato,Jyoti,FAQ,10/08/2026,820,860,840
West Bengal,Sounth 24 Parganas,Diamond Harbour(South 24-pgs) APMC,Tomato,Tomato,FAQ,10/08/2026,2600,2800,2700
Andaman and Nicobar,North and Middle Andaman ,Mayabander Vegetable Market,Coriander(Leaves),Coriander,FAQ,10/08/2026,6000,8000,7000
Pondicherry,Karaikal,Karaikal APMC,Cotton,Other,FAQ,10/08/2026,9209,9439,9312
Madhya Pradesh,Harda,Harda(F&V) APMC,Pomegranate,Pomogranate,Medium,10/08/2026,8000,9500,9000
Madhya Pradesh,Harda,Harda(F&V) APMC,Apple,Apple,Medium,10/08/2026,12000,14000,13500
Keralam,Kottayam,Pampady Market,Banana - Green,Banana - Green,FAQ,10/08/2026,5500,7000,6000
Keralam,Kottayam,Pampady Market,Tapioca,Tapioca,FAQ,10/08/2026,2500,3500,3000
Keralam,Kottayam,Pampady Market,Cauliflower,Cauliflower,FAQ,10/08/2026,5500,6500,6000
Keralam,Kottayam,Pampady Market,Drumstick,Drumstick,FAQ,10/08/2026,5000,6000,5500
West Bengal,Coochbehar,Toofanganj APMC,Rice,Common,FAQ,10/08/2026,3900,4100,4000
Andhra Pradesh,Dr.B.R.A.Konaseema,Alamuru APMC,Paddy(Common),Paddy,FAQ,10/08/2026,2369,2389,2369
Andhra Pradesh,Dr.B.R.A.Konaseema,Ambajipeta APMC,Banana,Banana - Ripe,Medium,10/08/2026,1040,2800,1920
Tamil Nadu,Thiruvannamalai,Cheyyar(Uzhavar Sandhai ),Tomato,Local,Local,10/08/2026,1200,1500,1350
Tamil Nadu,Thiruvannamalai,Cheyyar(Uzhavar Sandhai ),Bitter gourd,Other,Local,10/08/2026,3500,4000,3750
Tamil Nadu,Thiruvannamalai,Cheyyar(Uzhavar Sandhai ),Amaranthus,Amaranthus,Local,10/08/2026,2500,3000,2750
Tamil Nadu,Thiruvannamalai,Cheyyar(Uzhavar Sandhai ),Green Chilli,Green Chilly,Local,10/08/2026,5000,6000,5500
Tamil Nadu,Thiruvannamalai,Cheyyar(Uzhavar Sandhai ),Coconut,Coconut,Local,10/08/2026,3500,4000,3750
Tamil Nadu,Thiruvannamalai,Cheyyar(Uzhavar Sandhai ),Lemon,Lemon,Local,10/08/2026,7000,8000,7500
Tamil Nadu,Thiruvannamalai,Cheyyar(Uzhavar Sandhai ),Onion Green,Onion Green,Local,10/08/2026,5000,6000,5500
Andhra Pradesh,Krishna,Gannavaram APMC,Paddy(Common),1001,Local,10/08/2026,2400,2400,2400
Haryana,Bhiwani,Bhiwani APMC,Bhindi(Ladies Finger),Bhindi,Grade B,10/08/2026,2240,2989,2565
Uttar Pradesh,Badaun,Islam Nagar APMC,Wood,Other,FAQ,10/08/2026,600,600,600
Uttar Pradesh,Badaun,Islam Nagar APMC,Wheat,Medium,FAQ,10/08/2026,2450,2450,2450
Andhra Pradesh,Sri Sathya Sai,Madakasira APMC,Groundnut,Local,FAQ,10/08/2026,7300,7300,7300
Karnataka,Chikkaballapur,Bagepalli APMC,Bitter gourd,Bitter Gourd,Small,10/08/2026,2000,3000,2500
Karnataka,Chikkaballapur,Bagepalli APMC,Cauliflower,Cauliflower,Small,10/08/2026,600,1000,900
Karnataka,Chikkaballapur,Bagepalli APMC,Raddish,Raddish,Small,10/08/2026,2000,3000,2500
Maharashtra,Ahilyanagar,Shevgaon APMC,Bengal Gram(Gram)(Whole),Other,Non-FAQ,10/08/2026,5000,5000,5000
Uttar Pradesh,Ballia,Chitwadagaon APMC,Cucumbar(Kheera),Cucumbar,FAQ,10/08/2026,810,890,850
Uttar Pradesh,Ballia,Chitwadagaon APMC,Raddish,Raddish,FAQ,10/08/2026,1240,1320,1280
Haryana,Ambala,Naraingarh APMC,Coriander(Leaves),Coriander,Medium,10/08/2026,3000,5000,4000
Haryana,Ambala,Naraingarh APMC,Bitter gourd,Bitter Gourd,Medium,10/08/2026,900,1500,1100
Haryana,Ambala,Naraingarh APMC,Ridgeguard(Tori),Ridgeguard(Tori),Medium,10/08/2026,800,1500,1300
Haryana,Ambala,Naraingarh APMC,Banana,Banana - Ripe,Medium,10/08/2026,1700,3500,3000
Haryana,Ambala,Naraingarh APMC,Potato,Potato,Medium,10/08/2026,400,1000,800
Andhra Pradesh,Dr.B.R.A.Konaseema,Mummidivaram APMC,Prawn,Prawn-White Prawn,FAQ,10/08/2026,20000,21000,20000
Andhra Pradesh,Kurnool,Pattikonda APMC,Tomato,Local,FAQ,10/08/2026,1000,1500,1200
Telangana,Sangareddy,APMC PATANCHERU,Onion,Onion,Local,10/08/2026,2500,3000,2800
Andhra Pradesh,Vijayanagaram,Pusapatirega APMC,Maize,Local,FAQ,10/08/2026,4800,4800,4800
Andhra Pradesh,SPSR Nellore,Rapur APMC,Wood,Eucalyptus,Local,10/08/2026,5400,5800,5600
Tamil Nadu,Thanjavur,Papanasam(Uzhavar Sandhai ),Cauliflower,Ranchi,Local,10/08/2026,4800,4800,4800
Tamil Nadu,Thanjavur,Papanasam(Uzhavar Sandhai ),Coriander(Leaves),I Sort,Local,10/08/2026,4800,4800,4800
Tamil Nadu,Thanjavur,Papanasam(Uzhavar Sandhai ),Banana,Besrai,Local,10/08/2026,4000,6000,5000
Tamil Nadu,Thanjavur,Papanasam(Uzhavar Sandhai ),Coconut,Coconut,Local,10/08/2026,6000,6000,6000
Tamil Nadu,Thanjavur,Papanasam(Uzhavar Sandhai ),Carrot,Pusakesar,Local,10/08/2026,7200,9600,8400
Punjab,Fatehgarh,Sirhind APMC,Mango,Dusheri,Medium,10/08/2026,5000,7000,6000
Punjab,Fatehgarh,Sirhind APMC,Carrot,Other,FAQ,10/08/2026,2500,3000,2700
Punjab,Fatehgarh,Sirhind APMC,Ginger(Green),Other,FAQ,10/08/2026,6500,8000,7500
Punjab,Fatehgarh,Sirhind APMC,Cucumbar(Kheera),Other,FAQ,10/08/2026,2000,3000,2500
Punjab,Fatehgarh,Sirhind APMC,Potato,Other,Local,10/08/2026,750,1000,850
Punjab,Fatehgarh,Sirhind APMC,Pumpkin,Other,FAQ,10/08/2026,800,1000,900
Himachal Pradesh,Shimla,PMY Dhalli Shimla,Colacasia,Colacasia,Grade A,10/08/2026,2000,2500,2000
Himachal Pradesh,Shimla,PMY Dhalli Shimla,Cauliflower,Cauliflower,Grade A,10/08/2026,4000,5000,4000
Himachal Pradesh,Shimla,PMY Dhalli Shimla,Raddish,Other,Grade A,10/08/2026,2000,2500,2000
Himachal Pradesh,Shimla,PMY Dhalli Shimla,Turnip,Other,Grade A,10/08/2026,2500,3000,2500
Himachal Pradesh,Shimla,PMY Dhalli Shimla,Mousambi(Sweet Lime),Mousambi,Grade A,10/08/2026,5000,6000,5000
Himachal Pradesh,Shimla,PMY Dhalli Shimla,Pear(Marasebu),Other,Grade A,10/08/2026,8000,15000,10000
Himachal Pradesh,Shimla,PMY Dhalli Shimla,Mango,Other,Grade A,10/08/2026,10000,14000,10000
Odisha,Sundergarh,Panposh APMC,Cabbage,Cabbage,FAQ,10/08/2026,2000,3000,2500
Madhya Pradesh,Dewas,Dewas(F&V) APMC,Garlic,Other,FAQ,10/08/2026,3000,10000,4000
Madhya Pradesh,Burhanpur,Burhanpur(F&V) APMC,Bitter gourd,Bitter Gourd,Local,10/08/2026,1600,2200,2000
Madhya Pradesh,Burhanpur,Burhanpur(F&V) APMC,Bottle gourd,Bottle Gourd,Local,10/08/2026,500,1300,1200
Madhya Pradesh,Burhanpur,Burhanpur(F&V) APMC,Tomato,Other,Local,10/08/2026,1000,2000,1600
Madhya Pradesh,Mandsaur,Mandsaur(F&V) APMC,Cabbage,Cabbage,Grade A,10/08/2026,700,1550,1250
Madhya Pradesh,Khandwa,Khandwa(F&V) APMC,Bhindi(Ladies Finger),Bhindi,FAQ,10/08/2026,800,2200,1200
Madhya Pradesh,Khandwa,Khandwa(F&V) APMC,Brinjal,Brinjal,FAQ,10/08/2026,500,1000,650
Madhya Pradesh,Khandwa,Khandwa(F&V) APMC,Capsicum,Capsicum,FAQ,10/08/2026,1000,3000,1650
Madhya Pradesh,Khandwa,Khandwa(F&V) APMC,Pumpkin,Pumpkin,FAQ,10/08/2026,300,500,400
Maharashtra,Wardha,APMC SINDI BRANCH SELOO,Soyabean,Yellow,FAQ,10/08/2026,6050,6600,6350
Maharashtra,Wardha,APMC SINDI BRANCH SELOO,Wheat,Other,Non-FAQ,10/08/2026,2400,2580,2500
Tamil Nadu,Ariyalur,Ariyalur(Uzhavar Sandhai),Brinjal,Round,Local,10/08/2026,4500,5000,4750
Tamil Nadu,Ariyalur,Ariyalur(Uzhavar Sandhai),Coriander(Leaves),I Sort,Local,10/08/2026,3500,4500,4000
Tamil Nadu,Ariyalur,Ariyalur(Uzhavar Sandhai),Tomato,Deshi,Local,10/08/2026,1800,2200,2000
Tamil Nadu,Ariyalur,Ariyalur(Uzhavar Sandhai),Bhindi(Ladies Finger),Bhindi,Local,10/08/2026,3000,3500,3250
Tamil Nadu,Ariyalur,Ariyalur(Uzhavar Sandhai),Onion Green,Onion Green,Local,10/08/2026,6000,6500,6250
Manipur,Thoubal,Thoubal APMC,Paddy(Common),Other,Local,10/08/2026,3000,3000,3000
Uttarakhand,Udhamsinghnagar,Bazpur APMC,Rice,Common,FAQ,10/08/2026,2000,3850,2910
Uttarakhand,Nanital,Haldwani APMC,Potato,Other,FAQ,10/08/2026,800,1400,1000
Uttarakhand,Nanital,Haldwani APMC,Banana,Other,Grade A,10/08/2026,800,1200,1000
Uttarakhand,Garhwal (Pauri),Kotadwara APMC,Mousambi(Sweet Lime),Mousambi,Medium,10/08/2026,3200,3200,3200
Uttarakhand,Nanital,Ramnagar APMC,Bhindi(Ladies Finger),Other,Local,10/08/2026,2000,3000,2500
Uttarakhand,Udhamsinghnagar,Gadarpur APMC,Paddy(Common),Other,Local,10/08/2026,1900,1900,1900
Gujarat,Mehsana,Vijapur APMC,Castor Seed,Other,Grade Range-1,10/08/2026,7000,7100,7060
Andhra Pradesh,Palnadu,Rompicherla APMC,Maize,Hybrid/Local,FAQ,10/08/2026,2300,2400,2350
Gujarat,Bharuch,Bharuch APMC,Cabbage,Other,Local,10/08/2026,1500,2000,1800
Gujarat,Bharuch,Bharuch APMC,Cauliflower,Other,Local,10/08/2026,1500,2500,2000
Gujarat,Bharuch,Bharuch APMC,Onion,Other,Local,10/08/2026,1200,2200,1800
Gujarat,Bharuch,Bharuch APMC,Tomato,Other,Local,10/08/2026,1500,2200,1800
Gujarat,Kheda,Nadiad APMC,Potato,Potato,FAQ,10/08/2026,1400,1700,1600
Rajasthan,Beawar,Beawar APMC,Taramira,Other,Local,10/08/2026,6015,6015,6015
Gujarat,Mehsana,Visnagar APMC,Wheat,Other,Local,10/08/2026,2250,2655,2452
Gujarat,Bhavnagar,Mahuva(Station Road) APMC,Bengal Gram(Gram)(Whole),Other,FAQ,10/08/2026,5105,6310,5708
Gujarat,Bhavnagar,Mahuva(Station Road) APMC,Onion,Red,FAQ,10/08/2026,405,2625,1515
Haryana,Mahendragarh-Narnaul,Narnaul APMC,Cauliflower,Cauliflower,Medium,10/08/2026,5000,6500,6000
Haryana,Mahendragarh-Narnaul,Narnaul APMC,Bottle gourd,Bottle Gourd,Medium,10/08/2026,800,1500,1000
Haryana,Mahendragarh-Narnaul,Narnaul APMC,Onion,Onion,Medium,10/08/2026,2000,2800,2500
Haryana,Mahendragarh-Narnaul,Narnaul APMC,Potato,Potato,Medium,10/08/2026,800,1000,900
Haryana,Mahendragarh-Narnaul,Narnaul APMC,Banana,Banana - Ripe,Medium,10/08/2026,4000,6000,5000
Odisha,Cuttack,Banki APMC,Pointed gourd(Parval),Other,Medium,10/08/2026,3500,4500,4000
Odisha,Cuttack,Banki APMC,Pumpkin,Other,Medium,10/08/2026,1200,2000,1500
Himachal Pradesh,Kangra,PMY Kangra,Pineapple,Other,Medium,10/08/2026,3300,4000,3750
Himachal Pradesh,Kangra,PMY Kangra,Mango,Totapuri,Medium,10/08/2026,7000,11000,9500
Himachal Pradesh,Kangra,PMY Kangra,Plum,Other,Medium,10/08/2026,5000,7000,6000
Himachal Pradesh,Kangra,PMY Kangra,Capsicum,Capsicum,FAQ,10/08/2026,5000,5200,5100
Uttar Pradesh,Gorakhpur,Sehjanwa APMC,Maize,Other,FAQ,10/08/2026,2430,2430,2430
Uttar Pradesh,Gorakhpur,Sehjanwa APMC,Wheat,Dara,FAQ,10/08/2026,2575,2769,2714.7
Rajasthan,Ganganagar,Gharsana APMC,Wheat,Other,FAQ,10/08/2026,2580,2665,2650
Uttar Pradesh,Amroha,Amroha APMC,Tomato,Other,FAQ,10/08/2026,1700,1700,1700
Chattisgarh,Bilaspur,Tiphra APMC,Lemon,Lemon,Grade B,10/08/2026,7000,7200,7100
Chattisgarh,Bilaspur,Tiphra APMC,Green Chilli,Green Chilly,Grade B,10/08/2026,4500,4700,4600
Chattisgarh,Bilaspur,Tiphra APMC,Pomegranate,Pomogranate,Grade B,10/08/2026,14000,14200,14100
Chattisgarh,Bilaspur,Tiphra APMC,Little gourd(Kundru),Little gourd (Kundru),Grade B,10/08/2026,1400,1600,1500
Chattisgarh,Bilaspur,Tiphra APMC,Potato,Local,Grade B,10/08/2026,3000,3200,3100
Chattisgarh,Bilaspur,Tiphra APMC,Tomato,Local,Grade B,10/08/2026,800,1000,900
Karnataka,Bellary,Kampli APMC,Rice,Medium,Local,10/08/2026,4920,6340,5630
Uttar Pradesh,Raebarelli,Lalganj APMC,Ridgeguard(Tori),Ridgeguard(Tori),FAQ,10/08/2026,1400,1600,1500
Uttar Pradesh,Raebarelli,Lalganj APMC,Pointed gourd(Parval),Pointed gourd (Parval),FAQ,10/08/2026,2100,2300,2200
Uttar Pradesh,Raebarelli,Lalganj APMC,Wood,Eucalyptus,FAQ,10/08/2026,590,670,612.05
Uttar Pradesh,Kasganj,Ganj Dundwara APMC,Chicory(Chikori/Kasni),Other,FAQ,10/08/2026,3000,3000,3000
Uttar Pradesh,Kasganj,Ganj Dundwara APMC,Wheat,Dara,FAQ,10/08/2026,2500,2500,2500
Uttarakhand,Udhamsinghnagar,Sitarganj APMC,Potato,Kufri Giriraj,Grade B,10/08/2026,800,2000,1200
Uttarakhand,Udhamsinghnagar,Sitarganj APMC,Apple,Other,Grade B,10/08/2026,11000,18000,13000
Uttar Pradesh,Jalaun (Orai),Madhogarh APMC,Peas(Dry),Other,FAQ,10/08/2026,4000,4000,4000
Rajasthan,Bharatpur,Bayana APMC,Onion,Onion,Local,10/08/2026,2000,2000,2000
Punjab,Gurdaspur,Sri Har Gobindpur APMC,Onion,Other,Grade A,10/08/2026,3000,3000,3000
Punjab,Hoshiarpur,Dasuya APMC,Bhindi(Ladies Finger),Bhindi,FAQ,10/08/2026,3000,3000,3000
Punjab,Hoshiarpur,Dasuya APMC,Bottle gourd,Bottle Gourd,FAQ,10/08/2026,1700,1700,1700
Punjab,Hoshiarpur,Dasuya APMC,Capsicum,Capsicum,FAQ,10/08/2026,4500,4500,4500
Punjab,Hoshiarpur,Dasuya APMC,Field Pea,Field Pea,FAQ,10/08/2026,6500,6500,6500
Punjab,Hoshiarpur,Dasuya APMC,Ginger(Green),Other,FAQ,10/08/2026,13000,13000,13000
Punjab,Hoshiarpur,Garh Shankar APMC,Banana,Other,Medium,10/08/2026,3000,3000,3000
Punjab,Hoshiarpur,Garh Shankar APMC,Plum,Other,Medium,10/08/2026,4000,4000,4000
Punjab,Hoshiarpur,Garh Shankar APMC,Bhindi(Ladies Finger),Bhindi,FAQ,10/08/2026,2500,2500,2500
Punjab,Hoshiarpur,Garh Shankar APMC,Field Pea,Field Pea,FAQ,10/08/2026,7000,7000,7000
Punjab,Hoshiarpur,Tanda Urmur APMC,Potato,Local,Grade A,10/08/2026,1200,1400,1300
Punjab,Hoshiarpur,Tanda Urmur APMC,Tinda,Tinda,Grade A,10/08/2026,3000,3500,3200
Punjab,Hoshiarpur,Tanda Urmur APMC,Brinjal,Brinjal,Grade A,10/08/2026,3000,4000,3500
Punjab,Hoshiarpur,Tanda Urmur APMC,Cabbage,Cabbage,Grade A,10/08/2026,2200,3000,2500
Punjab,Hoshiarpur,Tanda Urmur APMC,Capsicum,Capsicum,Grade A,10/08/2026,5000,6000,5500
Punjab,Hoshiarpur,Tanda Urmur APMC,Lemon,Other,Grade A,10/08/2026,6000,7000,6500
Punjab,Hoshiarpur,Tanda Urmur APMC,Tomato,Tomato,Grade A,10/08/2026,2600,3000,2800
Punjab,Jalandhar,Goraya APMC,Brinjal,Other,Local,10/08/2026,1900,1900,1900
Punjab,Kapurthala,Bhulath APMC,Brinjal,Round/Long,Local,10/08/2026,850,900,900
Punjab,Kapurthala,Bhulath APMC,Capsicum,Capsicum,Local,10/08/2026,550,650,600
Punjab,Ludhiana,Doraha APMC,Peas Wet,Other,Local,10/08/2026,7000,8500,8000
Punjab,Ludhiana,Doraha APMC,Ginger(Green),Green Ginger,Local,10/08/2026,9000,11000,10000
Punjab,Ludhiana,Doraha APMC,Garlic,Average,Local,10/08/2026,9000,11000,10000
Punjab,Ludhiana,Doraha APMC,Brinjal,Other,Local,10/08/2026,1200,2200,2000
Punjab,Ludhiana,Doraha APMC,Squash(Chappal Kadoo),Other,Local,10/08/2026,600,1200,1000
Haryana,Panchkula,Barwala APMC,Bhindi(Ladies Finger),Bhindi,FAQ,10/08/2026,1500,2000,1750
Haryana,Panchkula,Barwala APMC,Bottle gourd,Bottle Gourd,FAQ,10/08/2026,1000,1500,1250
Haryana,Panchkula,Barwala APMC,Onion,Onion,FAQ,10/08/2026,2500,2500,2500
Chattisgarh,Kanker,Sarona APMC,Paddy(Common),I.R. 64,Non-FAQ,10/08/2026,1800,1800,1800
Chattisgarh,Kanker,Dudhawa APMC,Paddy(Common),I.R. 64,Non-FAQ,10/08/2026,1800,1800,1800
Chattisgarh,Kanker,Bardewri APMC,Paddy(Common),I.R. 64,Non-FAQ,10/08/2026,1800,1800,1800
Chattisgarh,Kanker,Lakhanpuri APMC,Paddy(Common),I.R. 64,Non-FAQ,10/08/2026,1900,1900,1900
Uttar Pradesh,Gautam Budh Nagar,Jewar APMC,Wheat,Dara,FAQ,10/08/2026,2650,2650,2650
Punjab,Moga,Nihal Singh Wala APMC,Tomato,Other,FAQ,10/08/2026,2800,2800,2800
Punjab,Mohali,Kurali APMC,Green Chilli,Other,Medium,10/08/2026,3500,4000,3800
Punjab,Mohali,Kurali APMC,Bhindi(Ladies Finger),Bhindi,Medium,10/08/2026,2800,3000,2900
Odisha,Boudh,Boudh APMC,Bitter gourd,Other,Local,10/08/2026,4000,5000,4500
Odisha,Sundergarh,Sargipali APMC,Potato,Other,FAQ,10/08/2026,900,1200,1000
Odisha,Mayurbhanja,Udala APMC,Ridgeguard(Tori),Ridgeguard(Tori),FAQ,10/08/2026,2000,3000,2500
Odisha,Mayurbhanja,Betnoti APMC,Papaya(Raw),Other,FAQ,10/08/2026,2500,2900,2700
Odisha,Keonjhar,Keonjhar APMC,Bitter gourd,Other,Local,10/08/2026,5000,5500,5500
Keralam,Thiruvananthapuram,Pappanchani VFPCK Market,Snakeguard,Other,Grade A,10/08/2026,3000,3000,3000
Keralam,Kollam,Puthur VFPCK Market,Bitter gourd,Bitter Gourd,Local,10/08/2026,8500,10000,8800
Keralam,Kollam,Kalluvathukkal VFPCK Market,Banana,Nendra Bale,Grade A,10/08/2026,6700,6700,6700
Haryana,Fatehabad,Jakhal APMC,Cauliflower,Other,Local,10/08/2026,4000,4000,4000
Haryana,Fatehabad,Jakhal APMC,Tomato,Tomato,Non-FAQ,10/08/2026,2400,2400,2400
Haryana,Jhajar,Bahadurgarh APMC,Bottle gourd,Other,Medium,10/08/2026,1000,1500,1200
Haryana,Jhajar,Bahadurgarh APMC,Bhindi(Ladies Finger),Other,Medium,10/08/2026,2500,3000,2800
Keralam,Kasargod,Neeleswaram Market,Banana,Nendra Bale,Grade A,10/08/2026,6200,6600,6400
Keralam,Kasargod,Neeleswaram Market,Coconut Oil,Copra Oil,FAQ,10/08/2026,30000,32000,31000
Keralam,Kasargod,Neeleswaram Market,Bhindi(Ladies Finger),Bhindi,FAQ,10/08/2026,5800,6200,6000
Keralam,Kasargod,Neeleswaram Market,Drumstick,Other,FAQ,10/08/2026,7600,8000,7800
Keralam,Alappuzha,Aroor Market,Cauliflower,Other,FAQ,10/08/2026,5200,5400,5300
Keralam,Alappuzha,Aroor Market,French Beans(Frasbean),Other,FAQ,10/08/2026,7000,7200,7100
Keralam,Alappuzha,Aroor Market,Snakeguard,Other,FAQ,10/08/2026,5000,5200,5100
Keralam,Ernakulam,Angamaly Market,Pineapple,Pine Apple,Grade A,10/08/2026,6000,7000,6500
Keralam,Ernakulam,Angamaly Market,Beetroot,Beetroot,FAQ,10/08/2026,6500,8000,7300
Keralam,Ernakulam,Angamaly Market,Bitter gourd,Bitter Gourd,FAQ,10/08/2026,6400,8000,7200
Keralam,Ernakulam,Angamaly Market,Ginger(Green),Green Ginger,FAQ,10/08/2026,19500,30000,25000
Keralam,Ernakulam,Angamaly Market,Brinjal,Brinjal,FAQ,10/08/2026,4000,5000,4500
Keralam,Ernakulam,Angamaly Market,Cabbage,Cabbage,FAQ,10/08/2026,4500,6500,5500
Keralam,Ernakulam,Angamaly Market,Elephant Yam(Suran)/Amorphophallus,Amorphophallus,FAQ,10/08/2026,5000,7000,6000
Keralam,Ernakulam,Angamaly Market,Potato,Potato,FAQ,10/08/2026,3700,4500,4100
Keralam,Ernakulam,Angamaly Market,Snakeguard,Snakeguard,FAQ,10/08/2026,4000,6000,5000
Keralam,Ernakulam,Angamaly Market,Pumpkin,Pumpkin,FAQ,10/08/2026,2500,4000,3300
Keralam,Alappuzha,Chengannur Market,Coconut,Big,FAQ,10/08/2026,5900,6200,6000
Keralam,Alappuzha,Chengannur Market,Brinjal,Brinjal,FAQ,10/08/2026,4300,4600,4500
Keralam,Alappuzha,Chengannur Market,Bitter gourd,Other,FAQ,10/08/2026,4900,5200,5000
Keralam,Alappuzha,Chengannur Market,Colacasia,Colacasia,FAQ,10/08/2026,7400,7800,7500
Keralam,Alappuzha,Chengannur Market,Cowpea(Veg),Cowpea (Veg),FAQ,10/08/2026,5200,5500,5300
Keralam,Alappuzha,Chengannur Market,Ginger(Green),Green Ginger,FAQ,10/08/2026,9600,10200,10000
Keralam,Alappuzha,Chengannur Market,Cucumbar(Kheera),Other,FAQ,10/08/2026,1900,2200,2000
Keralam,Alappuzha,Chengannur Market,Mango(Raw-Ripe),Mango - Raw-Ripe,FAQ,10/08/2026,4800,5100,5000
Keralam,Alappuzha,Chengannur Market,Onion,Small,FAQ,10/08/2026,6900,7200,7000
Haryana,Gurgaon,Gurgaon APMC,Potato,Other,Grade B,10/08/2026,800,1000,900
Haryana,Gurgaon,Gurgaon APMC,Cabbage,Other,Grade B,10/08/2026,800,1200,1000
Haryana,Gurgaon,Gurgaon APMC,Capsicum,Other,Grade B,10/08/2026,3000,5000,4000
Haryana,Gurgaon,Gurgaon APMC,Onion,Other,Grade B,10/08/2026,2000,3000,2500
Haryana,Gurgaon,Gurgaon APMC,Guava,Other,Grade B,10/08/2026,2000,3000,2500
Andhra Pradesh,Visakhapatnam,Pendurthi APMC,Bajra(Pearl Millet/Cumbu),Local,Local,10/08/2026,2700,2700,2700
Tamil Nadu,Coimbatore,Sundarapuram(Uzhavar Sandhai ),Onion,Bellary,Local,10/08/2026,3400,3800,3600
Tamil Nadu,Coimbatore,Sundarapuram(Uzhavar Sandhai ),Potato,Other,Local,10/08/2026,6500,7000,6750
Tamil Nadu,Coimbatore,Sundarapuram(Uzhavar Sandhai ),Coriander(Leaves),I Sort,Local,10/08/2026,4500,5000,4750
Tamil Nadu,Coimbatore,Sundarapuram(Uzhavar Sandhai ),Bitter gourd,Other,Local,10/08/2026,5500,6000,5750
Tamil Nadu,Coimbatore,Sundarapuram(Uzhavar Sandhai ),Ashgourd,Gouard,Local,10/08/2026,1800,2000,1900
Tamil Nadu,Coimbatore,Sundarapuram(Uzhavar Sandhai ),Cabbage,Cabbage,Local,10/08/2026,3000,3500,3250
Tamil Nadu,Coimbatore,Sundarapuram(Uzhavar Sandhai ),Capsicum,Capsicum,Local,10/08/2026,5500,6000,5750
Tamil Nadu,Coimbatore,Sundarapuram(Uzhavar Sandhai ),Chow Chow,Chow Chow,Local,10/08/2026,2500,3000,2750
Tamil Nadu,Coimbatore,Sundarapuram(Uzhavar Sandhai ),Drumstick,Drumstick,Local,10/08/2026,3500,4000,3750
Haryana,Rohtak,Meham APMC,Mousambi(Sweet Lime),Mousambi,Medium,10/08/2026,2500,2500,2500
Jammu and Kashmir,Kathua,Kathua (F&V),Mousambi(Sweet Lime),Other,Grade B,10/08/2026,4500,5000,4750
Jammu and Kashmir,Kathua,Kathua (F&V),Pear(Marasebu),Other,Grade B,10/08/2026,4000,7000,5500
Jammu and Kashmir,Kathua,Kathua (F&V),Banana,Other,Grade B,10/08/2026,5000,5500,5250
Jammu and Kashmir,Kathua,Kathua (F&V),Bitter gourd,Other,FAQ,10/08/2026,1500,2000,1750
Jammu and Kashmir,Kathua,Kathua (F&V),Brinjal,Round/Long,FAQ,10/08/2026,2500,3000,2750
Jammu and Kashmir,Kathua,Kathua (F&V),Capsicum,Capsicum,FAQ,10/08/2026,4000,5000,4500
Keralam,Alappuzha,Kayamkulam Market,Cabbage,Other,FAQ,10/08/2026,3100,3300,3200
Keralam,Alappuzha,Kayamkulam Market,Onion,Big,FAQ,10/08/2026,3400,3600,3500
Keralam,Alappuzha,Kayamkulam Market,Pumpkin,Other,FAQ,10/08/2026,1200,1400,1300
Keralam,Alappuzha,Kayamkulam Market,Banana,Nendra Bale,Grade A,10/08/2026,5600,5800,5700
Keralam,Alappuzha,Kayamkulam Market,Amaranthus,Other,FAQ,10/08/2026,3100,3300,3200
Keralam,Alappuzha,Thamarakkulam VFPCK Market,Banana,Palayamthodan,Grade A,10/08/2026,1500,2000,1800
Uttar Pradesh,Siddharth Nagar,Bansi APMC,Wheat,Dara,FAQ,10/08/2026,2500,2500,2500
Uttar Pradesh,Siddharth Nagar,Bansi APMC,Wood,Other,FAQ,10/08/2026,550,550,550
Odisha,Mayurbhanja,Karanjia APMC,Brinjal,Brinjal,Local,10/08/2026,4560,5020,4620
Odisha,Mayurbhanja,Karanjia APMC,Cucumbar(Kheera),Cucumbar,Local,10/08/2026,2260,2330,2320
Odisha,Mayurbhanja,Karanjia APMC,Tomato,Local,Local,10/08/2026,3080,3205,3140
Punjab,Amritsar,Majitha APMC,Bhindi(Ladies Finger),Bhindi,Local,10/08/2026,1100,1100,1100
West Bengal,Nadia,Kalyani APMC,Rice,Masuri,Local,10/08/2026,3300,3500,3400
West Bengal,Howrah,Uluberia APMC,Potato,Jyoti,FAQ,10/08/2026,830,860,840
Haryana,Sonipat,Sonepat(Kharkhoda) APMC,Potato,Other,FAQ,10/08/2026,1000,1200,1100
Gujarat,Kheda,Nadiyad(Piplag) APMC,Bhindi(Ladies Finger),Bhindi,FAQ,10/08/2026,1550,1700,1600
Gujarat,Kheda,Nadiyad(Piplag) APMC,Cabbage,Cabbage,FAQ,10/08/2026,1300,1400,1350
Gujarat,Kheda,Nadiyad(Piplag) APMC,Bottle gourd,Bottle Gourd,FAQ,10/08/2026,1200,1400,1300
Gujarat,Kheda,Nadiyad(Piplag) APMC,Ginger(Green),Green Ginger,FAQ,10/08/2026,6000,7000,6500
Gujarat,Kheda,Nadiyad(Piplag) APMC,Pea Pod/Pea Cod/हरी मटर,Peas cod,FAQ,10/08/2026,6000,7000,6500
Andhra Pradesh,YSR Kadapa,Kamalapuram APMC,Groundnut,Local,Local,10/08/2026,7500,7500,7500
Uttar Pradesh,Khiri (Lakhimpur),Maigalganj APMC,Brinjal,Round/Long,FAQ,10/08/2026,1160,1200,1180
Uttar Pradesh,Khiri (Lakhimpur),Maigalganj APMC,Cucumbar(Kheera),Cucumbar,FAQ,10/08/2026,860,900,880
Uttar Pradesh,Khiri (Lakhimpur),Maigalganj APMC,Bottle gourd,Bottle Gourd,FAQ,10/08/2026,1060,1100,1080
Punjab,Amritsar,Amritsar(Amritsar Mewa Mandi) APMC,Bitter gourd,Bitter Gourd,Grade A,10/08/2026,1000,1000,1000
West Bengal,Coochbehar,Mathabhanga APMC,Rice,Common,FAQ,10/08/2026,3900,4100,4000
Punjab,Tarntaran,Khadur Sahib(Fetehabad) APMC,Bhindi(Ladies Finger),Other,Grade B,10/08/2026,1800,1800,1800
Punjab,Tarntaran,Khadur Sahib(Fetehabad) APMC,Round gourd,Other,Grade B,10/08/2026,1300,1300,1300
Keralam,Ernakulam,North Paravur Market,Green Chilli,Green Chilly,Medium,10/08/2026,5500,6000,5800
Keralam,Ernakulam,North Paravur Market,Snakeguard,Other,Medium,10/08/2026,3500,4000,3800
Keralam,Ernakulam,North Paravur Market,Alsandikai,Alsandikai,Medium,10/08/2026,3500,4500,4000
Keralam,Ernakulam,North Paravur Market,Bitter gourd,Bitter Gourd,Medium,10/08/2026,6500,7500,7000
Keralam,Ernakulam,North Paravur Market,Capsicum,Capsicum,FAQ,10/08/2026,6000,7000,6500
Himachal Pradesh,Solan,SMY Nalagarh,Green Chilli,Other,Medium,10/08/2026,2000,5000,3500
Himachal Pradesh,Solan,SMY Nalagarh,Banana,Other,Medium,10/08/2026,2700,3500,3100
Himachal Pradesh,Solan,SMY Nalagarh,Onion,Other,Medium,10/08/2026,1600,3000,2300
Punjab,Bhatinda,Rampuraphul(Nabha Mandi) APMC,Green Chilli,Green Chilly,Grade A,10/08/2026,2500,3500,3000
Punjab,Hoshiarpur,Mukerian(Talwara) APMC,Cauliflower,Cauliflower,FAQ,10/08/2026,3000,4000,3500
Punjab,Hoshiarpur,Mukerian(Talwara) APMC,Tomato,Tomato,FAQ,10/08/2026,2500,3500,3000
Odisha,Balasore,Jaleswar APMC,Pointed gourd(Parval),Other,Medium,10/08/2026,4500,4800,4700
Himachal Pradesh,Kangra,SMY Baijnath,Cabbage,Cabbage,Grade B,10/08/2026,2500,3500,3000
Himachal Pradesh,Kangra,SMY Baijnath,Green Chilli,Green Chilly,Grade B,10/08/2026,5000,5500,5200
Himachal Pradesh,Kangra,SMY Jaisinghpur,Pomegranate,Other,Medium,10/08/2026,11000,16000,13000
Himachal Pradesh,Kangra,SMY Jaisinghpur,Mango,Other,Medium,10/08/2026,9000,12500,11000
Himachal Pradesh,Kangra,SMY Jaisinghpur,Guava,Guava,Medium,10/08/2026,9000,11000,10000
Himachal Pradesh,Kangra,SMY Jaisinghpur,Apple,Kullu Delicious,Medium,10/08/2026,9000,11000,10000
Himachal Pradesh,Kangra,SMY Jaisinghpur,Lemon,Lemon,FAQ,10/08/2026,8000,9000,8500
Himachal Pradesh,Kangra,SMY Jaisinghpur,Pumpkin,Pumpkin,FAQ,10/08/2026,2200,2300,2250
Himachal Pradesh,Kangra,SMY Jaisinghpur,Raddish,Raddish,FAQ,10/08/2026,2200,2800,2500
Himachal Pradesh,Kangra,SMY Jaisinghpur,Tomato,Tomato,FAQ,10/08/2026,2200,3200,2600
Himachal Pradesh,Kangra,SMY Jaisinghpur,Potato,Potato,FAQ,10/08/2026,1200,2400,1800
Himachal Pradesh,Kangra,SMY Jaisinghpur,Ginger(Green),Green Ginger,FAQ,10/08/2026,16000,18000,17000
Himachal Pradesh,Kangra,SMY Jaisinghpur,Capsicum,Capsicum,FAQ,10/08/2026,4800,5500,5200
Himachal Pradesh,Kangra,SMY Jaisinghpur,Cucumbar(Kheera),Cucumbar,FAQ,10/08/2026,2800,4500,3600
Himachal Pradesh,Kangra,SMY Jaisinghpur,Colacasia,Colacasia,FAQ,10/08/2026,3000,3500,3200
Himachal Pradesh,Kangra,SMY Jaisinghpur,Green Chilli,Green Chilly,FAQ,10/08/2026,4800,5200,5000
Odisha,Kendrapara,Gopa APMC,Bhindi(Ladies Finger),Bhindi,Grade B,10/08/2026,6000,6000,6000
Telangana,Hanumakonda,"Excise Colony,RBZ ",Carrot,Other,Grade A,10/08/2026,6000,6000,6000
Telangana,Hanumakonda,"Excise Colony,RBZ ",Potato,Other,Grade A,10/08/2026,3000,3000,3000
Keralam,Kannur,Taliparamba Market,Brinjal,Brinjal,FAQ,10/08/2026,3900,4100,4000
Punjab,Jalandhar,Jalandhar City(Kartar Pur Dana mandi) APMC,Maize,Other,FAQ,10/08/2026,2239,2239,2239
Keralam,Kozhikode(Calicut),Thamarassery Market,Drumstick,Other,FAQ,10/08/2026,3500,3600,3600
Keralam,Kozhikode(Calicut),Thamarassery Market,Elephant Yam(Suran)/Amorphophallus,Other,FAQ,10/08/2026,4600,4600,4600
Keralam,Kozhikode(Calicut),Thamarassery Market,Ashgourd,Other,FAQ,10/08/2026,1200,1200,1200
Keralam,Kozhikode(Calicut),Thamarassery Market,Bitter gourd,Other,FAQ,10/08/2026,5700,5700,5700
Keralam,Kozhikode(Calicut),Quilandy Market,Ashgourd,Other,FAQ,10/08/2026,1900,2000,2000
Keralam,Kozhikode(Calicut),Quilandy Market,Bhindi(Ladies Finger),Other,FAQ,10/08/2026,3700,4000,3800
Keralam,Kozhikode(Calicut),Quilandy Market,Cauliflower,Other,FAQ,10/08/2026,3800,4000,4000
Keralam,Kozhikode(Calicut),Quilandy Market,Coriander(Leaves),Other,FAQ,10/08/2026,7800,8000,8000
Keralam,Kozhikode(Calicut),Quilandy Market,Green Chilli,Other,FAQ,10/08/2026,4800,5300,5000
Keralam,Kozhikode(Calicut),Quilandy Market,Pumpkin,Other,FAQ,10/08/2026,1900,2000,2000
Keralam,Kozhikode(Calicut),Quilandy Market,Snakeguard,Other,FAQ,10/08/2026,3900,4200,4000
Uttar Pradesh,Rampur,Milak APMC,Wood,Eucalyptus,FAQ,10/08/2026,660,680,666.65
Uttar Pradesh,Rampur,Milak APMC,Wood,Other,FAQ,10/08/2026,500,500,500
Tamil Nadu,Erode,Sathiyamagalam(Uzhavar Sandhai ),Coriander(Leaves),I Sort,Local,10/08/2026,4500,5000,4750
Tamil Nadu,Erode,Sathiyamagalam(Uzhavar Sandhai ),Papaya,Papaya,Local,10/08/2026,2000,2300,2150
Tamil Nadu,Erode,Sathiyamagalam(Uzhavar Sandhai ),Carrot,Pusakesar,Local,10/08/2026,9000,9600,9300
Tamil Nadu,Erode,Sathiyamagalam(Uzhavar Sandhai ),Raddish,Raddish,Local,10/08/2026,2500,3000,2750
Tamil Nadu,Erode,Sathiyamagalam(Uzhavar Sandhai ),Ridgeguard(Tori),Ridgeguard(Tori),Local,10/08/2026,3500,4000,3750
Tamil Nadu,Erode,Sathiyamagalam(Uzhavar Sandhai ),Mint(Pudina),Mint(Pudina),Local,10/08/2026,4500,5000,4750
Uttar Pradesh,Unnao,Purwa APMC,Wood,Eucalyptus,FAQ,10/08/2026,550,550,550
Uttar Pradesh,Unnao,Purwa APMC,Firewood,Firewood,FAQ,10/08/2026,450,450,450
Tamil Nadu,Coimbatore,Mettupalayam(Uzhavar Sandhai ),Brinjal,Round,Local,10/08/2026,3000,3500,3250
Tamil Nadu,Coimbatore,Mettupalayam(Uzhavar Sandhai ),Pumpkin,Pumpkin,Local,10/08/2026,1500,2000,1750
Tamil Nadu,Coimbatore,Mettupalayam(Uzhavar Sandhai ),Green Chilli,Green Chilly,Local,10/08/2026,3500,4000,3750
Tamil Nadu,Coimbatore,Mettupalayam(Uzhavar Sandhai ),Bhindi(Ladies Finger),Bhindi,Local,10/08/2026,3000,3500,3250
Tamil Nadu,Coimbatore,Mettupalayam(Uzhavar Sandhai ),Carrot,Pusakesar,Local,10/08/2026,8000,9500,8750
Tamil Nadu,Coimbatore,Mettupalayam(Uzhavar Sandhai ),Cabbage,Cabbage,Local,10/08/2026,3000,3500,3250
Tamil Nadu,Coimbatore,Mettupalayam(Uzhavar Sandhai ),Capsicum,Capsicum,Local,10/08/2026,6500,7000,6750
Tamil Nadu,Coimbatore,Mettupalayam(Uzhavar Sandhai ),Green Avare(W),Green Avare (W),Local,10/08/2026,7000,7400,7200
Tamil Nadu,Coimbatore,Mettupalayam(Uzhavar Sandhai ),Lime,Lime,Local,10/08/2026,12000,14000,13000
Tamil Nadu,Coimbatore,Mettupalayam(Uzhavar Sandhai ),Jack Fruit(Ripe),Jack Fruit,Local,10/08/2026,3500,4000,3750
Tamil Nadu,Coimbatore,Mettupalayam(Uzhavar Sandhai ),Guava,Guava Allahabad,Local,10/08/2026,5000,6000,5500
Tamil Nadu,Coimbatore,Mettupalayam(Uzhavar Sandhai ),Onion Green,Onion Green,Local,10/08/2026,6500,7600,7050
Odisha,Nuapada,Khariar APMC,Pointed gourd(Parval),Other,Grade A,10/08/2026,8000,8000,8000
Odisha,Nuapada,Khariar APMC,Drumstick,Other,Grade A,10/08/2026,10000,10000,10000
Telangana,Hyderabad,RYTHU BAZAR MEHDIPATNAM,Bitter gourd,Bitter Gourd,Grade A,10/08/2026,3100,3100,3100
Telangana,Hyderabad,RYTHU BAZAR MEHDIPATNAM,Bottle gourd,Bottle Gourd,Grade A,10/08/2026,900,900,900
Telangana,Hyderabad,RYTHU BAZAR MEHDIPATNAM,French Beans(Frasbean),French Beans (Frasbean),Grade A,10/08/2026,7500,7500,7500
Telangana,Hyderabad,RYTHU BAZAR MEHDIPATNAM,Other green and fresh vegetables,Other,Grade A,10/08/2026,2000,2000,2000
Telangana,Hyderabad,RYTHU BAZAR MEHDIPATNAM,Ridgeguard(Tori),Other,Grade A,10/08/2026,3700,3700,3700
Telangana,Hyderabad,RYTHU BAZAR MEHDIPATNAM,Leafy Vegetable,Leafy Vegetables,Grade A,10/08/2026,3000,3000,3000
Odisha,Koraput,Koraput(Semilguda) APMC,Bitter gourd,Other,Grade A,10/08/2026,3000,4000,3500
Uttar Pradesh,Sant Kabir Nagar,Khalilabad APMC,Wood,Eucalyptus,FAQ,10/08/2026,450,450,450
Uttar Pradesh,Kanpur Dehat,Pukharayan APMC,Wheat,Dara,FAQ,10/08/2026,2500,2600,2548.38
Punjab,Ludhiana,Raikot APMC,Apple,Apple,Grade A,10/08/2026,7350,7350,7350
Punjab,Ludhiana,Raikot APMC,Guava,Other,Grade A,10/08/2026,3390,3390,3390
Punjab,Ludhiana,Raikot APMC,Cauliflower,Cauliflower,Grade A,10/08/2026,3780,3780,3780
Punjab,Ludhiana,Raikot APMC,Cucumbar(Kheera),Cucumbar,Grade A,10/08/2026,2450,2450,2450
Uttar Pradesh,Auraiya,Dibiapur APMC,Wheat,Dara,FAQ,10/08/2026,2400,2500,2432.89
Uttar Pradesh,Auraiya,Dibiapur APMC,Firewood,Firewood,FAQ,10/08/2026,450,450,450
Telangana,Mahbubnagar,Mahabubnagar(Rythu Bazar),Leafy Vegetable,Leafy Vegetables,Local,10/08/2026,5000,5000,5000
Telangana,Mahbubnagar,Mahabubnagar(Rythu Bazar),Indian Beans(Seam),Indian Beans (Seam),Local,10/08/2026,6000,6000,6000
Uttar Pradesh,Bijnor,Najibabad APMC,Ginger(Green),Other,FAQ,10/08/2026,4000,4500,4285.71
Uttar Pradesh,Bijnor,Najibabad APMC,Onion,Other,FAQ,10/08/2026,1100,1150,1110.22
Uttar Pradesh,Bijnor,Najibabad APMC,Green Chilli,Other,FAQ,10/08/2026,2500,2600,2533.33
Haryana,Panipat,Samalkha APMC,Cauliflower,Cauliflower,FAQ,10/08/2026,2000,2500,2300
Haryana,Panipat,Samalkha APMC,Bhindi(Ladies Finger),Bhindi,FAQ,10/08/2026,2000,2000,2000
Haryana,Panipat,Samalkha APMC,Carrot,Carrot,FAQ,10/08/2026,4000,4000,4000
Haryana,Panipat,Samalkha APMC,Brinjal,Brinjal,FAQ,10/08/2026,2000,2000,2000
Haryana,Panipat,Samalkha APMC,Tinda,Tinda,FAQ,10/08/2026,5000,5000,5000
Haryana,Panipat,Samalkha APMC,Guava,Guava,Grade A,10/08/2026,1500,1500,1500
Tamil Nadu,Namakkal,Tiruchengode APMC,Chikoos(Sapota),Sapota,Local,10/08/2026,4000,4500,4250
Tamil Nadu,Namakkal,Tiruchengode APMC,Cluster beans,Cluster Beans,Local,10/08/2026,4200,4800,4500
Tamil Nadu,Namakkal,Tiruchengode APMC,Green Chilli,Green Chilly,Local,10/08/2026,4500,5000,4750
Tamil Nadu,Namakkal,Tiruchengode APMC,Cabbage,Cabbage,Local,10/08/2026,3000,3500,3250
Tamil Nadu,Namakkal,Tiruchengode APMC,Cucumbar(Kheera),Cucumbar,Local,10/08/2026,8000,9000,8500
Telangana,Siddipet,Vantamamidi APMC,Field Pea,Field Pea,Local,10/08/2026,1000,1500,1250
Telangana,Siddipet,Vantamamidi APMC,Bottle gourd,Bottle Gourd,Local,10/08/2026,500,500,500
Punjab,Kapurthala,Bhulath (Nadala) APMC,Bhindi(Ladies Finger),Bhindi,Local,10/08/2026,1250,1300,1300
Uttar Pradesh,Badaun,Dataganj APMC,Wheat,PBW-343,FAQ,10/08/2026,2451,2451,2451
Uttar Pradesh,Rampur,Bilaspur APMC,Wood,Eucalyptus,FAQ,10/08/2026,1000,1000,1000
Uttar Pradesh,Rampur,Bilaspur APMC,Paddy(Common),Sarvati,FAQ,10/08/2026,2200,2200,2200
Uttar Pradesh,Shamli,Khandhla APMC,Bitter gourd,Bitter Gourd,FAQ,10/08/2026,2600,2620,2610
Uttar Pradesh,Shamli,Khandhla APMC,Mango,Chausa,Medium,10/08/2026,5100,5140,5120
Uttar Pradesh,Shamli,Khandhla APMC,Cucumbar(Kheera),Cucumbar,FAQ,10/08/2026,400,420,410
Uttar Pradesh,Shamli,Khandhla APMC,Onion,Other,FAQ,10/08/2026,2000,2000,2000
Uttar Pradesh,Siddharth Nagar,Naugarh APMC,Papaya,Papaya,Grade A,10/08/2026,3150,3180,3160
Telangana,Hyderabad,RYTHU BAZAR ERRAGADDA,Potato,Potato,Grade A,10/08/2026,1600,1600,1600
Telangana,Hyderabad,RYTHU BAZAR ERRAGADDA,Tinda,Tinda,Grade A,10/08/2026,28,28,28
Telangana,Hyderabad,RYTHU BAZAR ERRAGADDA,Cucumbar(Kheera),Cucumbar,Grade A,10/08/2026,1800,1800,1800
Telangana,Hyderabad,RYTHU BAZAR ERRAGADDA,Other green and fresh vegetables,Other,Grade A,10/08/2026,1500,1500,1500
Bihar,Gaya,Gaya APMC,Cucumbar(Kheera),Cucumbar,FAQ,10/08/2026,3150,3550,3350
Tamil Nadu,Coimbatore,RSPuram(Uzhavar Sandhai ),Orange,Darjeeling,Local,10/08/2026,8000,14000,11000
Tamil Nadu,Coimbatore,RSPuram(Uzhavar Sandhai ),Bottle gourd,Bottle Gourd,Local,10/08/2026,2400,2800,2600
Tamil Nadu,Coimbatore,RSPuram(Uzhavar Sandhai ),Coconut,Coconut,Local,10/08/2026,5600,6000,5800
Tamil Nadu,Coimbatore,RSPuram(Uzhavar Sandhai ),Cucumbar(Kheera),Cucumbar,Local,10/08/2026,3200,3600,3400
Tamil Nadu,Coimbatore,RSPuram(Uzhavar Sandhai ),Thondekai,Thondekai,Local,10/08/2026,4000,4600,4300
Tamil Nadu,Coimbatore,RSPuram(Uzhavar Sandhai ),Green Avare(W),Other,Local,10/08/2026,6200,6800,6500
Tamil Nadu,Coimbatore,RSPuram(Uzhavar Sandhai ),Karbuja(Musk Melon),Karbhuja,Local,10/08/2026,3200,3600,3400
Tamil Nadu,Coimbatore,RSPuram(Uzhavar Sandhai ),Indian Beans(Seam),Indian Beans (Seam),Local,10/08/2026,6500,7500,7000
Tamil Nadu,Coimbatore,RSPuram(Uzhavar Sandhai ),Lemon,Lemon,Local,10/08/2026,8000,8500,8250
Tamil Nadu,Coimbatore,RSPuram(Uzhavar Sandhai ),Mashrooms,Mashrooms,Local,10/08/2026,20000,25000,22500
Tamil Nadu,Coimbatore,RSPuram(Uzhavar Sandhai ),Custard Apple(Sharifa),Custard Apple(Sharifa),Local,10/08/2026,5000,6000,5500
Tamil Nadu,Coimbatore,RSPuram(Uzhavar Sandhai ),Amla(Nelli Kai),Amla,Local,10/08/2026,7500,8500,8000
Tamil Nadu,Coimbatore,RSPuram(Uzhavar Sandhai ),Sweet Corn ,Sweet Corn ,Local,10/08/2026,3500,4000,3750
Madhya Pradesh,Sagar,Sagar(F&V) APMC,Papaya,Papaya,Local,10/08/2026,1200,1600,1400
Madhya Pradesh,Shivpuri,Shivpuri(F&V) APMC,Cucumbar(Kheera),Cucumbar,Grade B,10/08/2026,700,700,700
Madhya Pradesh,Shivpuri,Shivpuri(F&V) APMC,Green Chilli,Other,Grade B,10/08/2026,2600,2600,2600
Madhya Pradesh,Shivpuri,Shivpuri(F&V) APMC,Ginger(Green),Green Ginger,Grade B,10/08/2026,4000,4000,4000
Madhya Pradesh,Morena,Morena(F&V) APMC,Bottle gourd,Bottle Gourd,Grade C,10/08/2026,300,1000,1000
Tamil Nadu,Coimbatore,Singanallur(Uzhavar Sandhai ),Papaya,Papaya,Local,10/08/2026,4000,4400,4200
Tamil Nadu,Villupuram,Gingee(Uzhavar Sandhai ),Thondekai,Thondekai,Local,10/08/2026,3000,3000,3000
Tamil Nadu,Villupuram,Gingee(Uzhavar Sandhai ),Colacasia,Colacasia,Local,10/08/2026,6000,6000,6000
Tamil Nadu,Villupuram,Gingee(Uzhavar Sandhai ),Onion Green,Onion Green,Local,10/08/2026,7000,7000,7000
Uttar Pradesh,Basti,Basti APMC,Wheat,Other,FAQ,10/08/2026,2450,2450,2450
Uttar Pradesh,Basti,Basti APMC,Wheat,Dara,FAQ,10/08/2026,2450,2550,2483.49
Uttar Pradesh,Hamirpur,Bharuasumerpur APMC,Wheat,Medium,FAQ,10/08/2026,2500,2520,2501.18
Uttar Pradesh,Hamirpur,Bharuasumerpur APMC,Wheat,Dara,FAQ,10/08/2026,2500,2500,2500
Uttar Pradesh,Hamirpur,Bharuasumerpur APMC,Gram Raw(Chholia),Other,FAQ,10/08/2026,5700,6500,6113.72
Uttar Pradesh,Hamirpur,Bharuasumerpur APMC,Peas(Dry),Other,FAQ,10/08/2026,3500,4100,3734.2
Uttar Pradesh,Hamirpur,Bharuasumerpur APMC,Firewood,Firewood,FAQ,10/08/2026,430,430,430
Uttar Pradesh,Fatehpur,Bindki APMC,Wheat,Dara,FAQ,10/08/2026,2400,2455,2421.76
Uttar Pradesh,Fatehpur,Bindki APMC,Wheat,Other,FAQ,10/08/2026,2400,2425,2403.25
Uttar Pradesh,Fatehpur,Bindki APMC,Gur(Jaggery),Other,FAQ,10/08/2026,4100,4100,4100
Tamil Nadu,Thiruvarur,Valangaiman APMC,Coconut,Coconut,Local,10/08/2026,4000,4000,4000
Tamil Nadu,Thiruvarur,Valangaiman APMC,Ridgeguard(Tori),Ridgeguard(Tori),Local,10/08/2026,4000,4000,4000
Tamil Nadu,Thiruvarur,Valangaiman APMC,Onion Green,Onion Green,Local,10/08/2026,7000,7000,7000
Tamil Nadu,Thiruvellore,Tiruthani(Uzhavar Sandhai ),Cauliflower,Ranchi,Local,10/08/2026,5000,5000,5000
Tamil Nadu,Thiruvellore,Tiruthani(Uzhavar Sandhai ),Brinjal,Round,Local,10/08/2026,5000,5000,5000
Tamil Nadu,Thiruvellore,Tiruthani(Uzhavar Sandhai ),Cluster beans,Cluster Beans,Local,10/08/2026,5000,5000,5000
Tamil Nadu,Thiruvellore,Tiruthani(Uzhavar Sandhai ),Bottle gourd,Bottle Gourd,Local,10/08/2026,3000,3000,3000
Tamil Nadu,Thiruvellore,Tiruthani(Uzhavar Sandhai ),Cabbage,Cabbage,Local,10/08/2026,4000,4000,4000
Tamil Nadu,Thiruvellore,Tiruthani(Uzhavar Sandhai ),Ridgeguard(Tori),Ridgeguard(Tori),Local,10/08/2026,5000,5000,5000
Tamil Nadu,Thiruvellore,Tiruthani(Uzhavar Sandhai ),Green Avare(W),Green Avare (W),Local,10/08/2026,6000,6000,6000
Tamil Nadu,Thiruvellore,Tiruthani(Uzhavar Sandhai ),Mango(Raw-Ripe),Mango - Raw-Ripe,Local,10/08/2026,2000,2000,2000
Tamil Nadu,Thiruvellore,Tiruthani(Uzhavar Sandhai ),Lemon,Lemon,Local,10/08/2026,7000,7000,7000
Uttar Pradesh,Sitapur,Viswan APMC,Wheat,Mill Quality,FAQ,10/08/2026,2400,2400,2400
Uttar Pradesh,Sitapur,Viswan APMC,Green Chilli,Other,FAQ,10/08/2026,1950,1950,1950
Uttar Pradesh,Sambhal,Chandausi APMC,Gur(Jaggery),Other,FAQ,10/08/2026,3500,3500,3500
Uttar Pradesh,Kanpur,Choubepur APMC,Wheat,Other,FAQ,10/08/2026,2400,2400,2400
Uttar Pradesh,Kanpur,Choubepur APMC,Paddy(Common),Common,FAQ,10/08/2026,2050,2050,2050
Uttar Pradesh,Aligarh,Charra APMC,Potato,Other,FAQ,10/08/2026,700,700,700
Uttar Pradesh,Saharanpur,Chutmalpur APMC,Lemon,Other,FAQ,10/08/2026,2500,2600,2575
Uttar Pradesh,Saharanpur,Chutmalpur APMC,Bhindi(Ladies Finger),Bhindi,Local,10/08/2026,1000,1300,1100
Uttar Pradesh,Saharanpur,Chutmalpur APMC,Mango(Raw-Ripe),Mango - Raw-Ripe,Local,10/08/2026,2850,3120,2954
Uttar Pradesh,Saharanpur,Chutmalpur APMC,Pumpkin,Pumpkin,Local,10/08/2026,900,1200,1000
Uttar Pradesh,Saharanpur,Chutmalpur APMC,Capsicum,Other,FAQ,10/08/2026,2200,2200,2200
Uttar Pradesh,Jhansi,Chirgaon APMC,Green Gram(Moong)(Whole),Other,FAQ,10/08/2026,8768,8768,8768
Tamil Nadu,Virudhunagar,Kariyapatti(Uzhavar Sandhai ),Chikoos(Sapota),Sapota,Local,10/08/2026,3500,4000,3750
Tamil Nadu,Virudhunagar,Kariyapatti(Uzhavar Sandhai ),Banana,Besrai,Local,10/08/2026,3500,4000,3750
Tamil Nadu,Virudhunagar,Kariyapatti(Uzhavar Sandhai ),Tomato,Deshi,Local,10/08/2026,1800,2000,1900
Tamil Nadu,Virudhunagar,Kariyapatti(Uzhavar Sandhai ),Papaya,Papaya,Local,10/08/2026,3000,3500,3250
Tamil Nadu,Virudhunagar,Kariyapatti(Uzhavar Sandhai ),Bottle gourd,Bottle Gourd,Local,10/08/2026,1800,2000,1900
Tamil Nadu,Virudhunagar,Kariyapatti(Uzhavar Sandhai ),Pumpkin,Pumpkin,Local,10/08/2026,2500,3000,2750
Tamil Nadu,Virudhunagar,Kariyapatti(Uzhavar Sandhai ),Bhindi(Ladies Finger),Bhindi,Local,10/08/2026,3500,4000,3750
Tamil Nadu,Virudhunagar,Kariyapatti(Uzhavar Sandhai ),Green Chilli,Green Chilly,Local,10/08/2026,5500,6000,5750
Tamil Nadu,Virudhunagar,Kariyapatti(Uzhavar Sandhai ),Beans,Beans (Whole),Local,10/08/2026,9500,10000,9750
Tamil Nadu,Virudhunagar,Kariyapatti(Uzhavar Sandhai ),Carrot,Pusakesar,Local,10/08/2026,9500,10000,9750
Tamil Nadu,Virudhunagar,Kariyapatti(Uzhavar Sandhai ),Cabbage,Cabbage,Local,10/08/2026,4500,5000,4750
Tamil Nadu,Virudhunagar,Kariyapatti(Uzhavar Sandhai ),Drumstick,Drumstick,Local,10/08/2026,3500,4000,3750
Tamil Nadu,Virudhunagar,Kariyapatti(Uzhavar Sandhai ),Lime,Lime,Local,10/08/2026,17000,18000,17500
Tamil Nadu,Virudhunagar,Kariyapatti(Uzhavar Sandhai ),Elephant Yam(Suran)/Amorphophallus,Elephant Yam (Suran),Local,10/08/2026,4500,5000,4750
Tamil Nadu,Virudhunagar,Kariyapatti(Uzhavar Sandhai ),Lemon,Lemon,Local,10/08/2026,7500,8000,7750
Maharashtra,Ahilyanagar,Kopargaon APMC,Wheat,Other,FAQ,10/08/2026,2586,2726,2670
Maharashtra,Ahilyanagar,Kopargaon APMC,Onion,Unhali,Local,10/08/2026,800,2700,2275
Uttar Pradesh,Deoria,Devariya APMC,Paddy(Common),Common,FAQ,10/08/2026,2200,2200,2200
Uttar Pradesh,Deoria,Devariya APMC,Wheat,Dara,FAQ,10/08/2026,2460,2685.16,2490.44
Uttar Pradesh,Deoria,Devariya APMC,Wheat,Sharbati,FAQ,10/08/2026,2673.88,2685.45,2683.1
Uttar Pradesh,Gonda,Colonelganj APMC,Wood,Other,FAQ,10/08/2026,445,600,508.21
Uttar Pradesh,Gonda,Colonelganj APMC,Firewood,Firewood,FAQ,10/08/2026,250,250,250
Uttar Pradesh,Mau(Maunathbhanjan),Doharighat APMC,Rice,Common,FAQ,10/08/2026,2500,2500,2500
Maharashtra,Akola,Akola APMC,Jowar(Sorghum),Other,Non-FAQ,10/08/2026,2305,2750,2370
Maharashtra,Akola,Akola APMC,Green Gram(Moong)(Whole),Green (Whole),Non-FAQ,10/08/2026,7000,7000,7000
Maharashtra,Akola,Murtizapur APMC,Red gram/Arhar/Tur(whole),Other,Non-FAQ,10/08/2026,7000,7875,7440
Maharashtra,Ahilyanagar,Shrirampur APMC,Pomegranate,Other,Local,10/08/2026,2000,17500,9800
Maharashtra,Ahilyanagar,Shrirampur APMC,Water Melon,Other,Local,10/08/2026,800,1000,900
Maharashtra,Ahilyanagar,Shrirampur APMC,Chilly Capsicum,Other,Local,10/08/2026,2000,3000,2500
Maharashtra,Ahilyanagar,Shrirampur APMC,Spinach,Other,Local,10/08/2026,4,6,5
Maharashtra,Ahilyanagar,Shrirampur APMC,Ridgeguard(Tori),Other,Local,10/08/2026,3000,4000,3500
Tamil Nadu,Thiruvellore,Tiruvallur(Uzhavar Sandhai ),Cluster beans,Cluster Beans,Local,10/08/2026,5000,5000,5000
Tamil Nadu,Thiruvellore,Tiruvallur(Uzhavar Sandhai ),Green Chilli,Green Chilly,Local,10/08/2026,5000,5000,5000
Tamil Nadu,Thiruvellore,Tiruvallur(Uzhavar Sandhai ),Banana - Green,Banana - Green,Local,10/08/2026,4000,4000,4000
Tamil Nadu,Thiruvellore,Tiruvallur(Uzhavar Sandhai ),Snakeguard,Snakeguard,Local,10/08/2026,5000,5000,5000
Tamil Nadu,Thiruvellore,Tiruvallur(Uzhavar Sandhai ),Lemon,Lemon,Local,10/08/2026,9000,9000,9000
Madhya Pradesh,Hoshangabad,Hoshangabad(F&V) APMC,Capsicum,Capsicum,FAQ,10/08/2026,2500,4150,2700
Madhya Pradesh,Hoshangabad,Hoshangabad(F&V) APMC,Bottle gourd,Bottle Gourd,FAQ,10/08/2026,750,1470,830
Madhya Pradesh,Hoshangabad,Hoshangabad(F&V) APMC,Papaya,Papaya,Grade A,10/08/2026,2400,3180,2820
Keralam,Palakad,Kadambazhi puram  VFPCK Market,Banana,Nendra Bale,Grade A,10/08/2026,4900,5300,5100
Madhya Pradesh,Shivpuri,Karera(F&V) APMC,Potato,Potato,Local,10/08/2026,500,1400,800
Madhya Pradesh,Dhar,Manawar(F&V) APMC,Coriander(Leaves),Coriander,Grade B,10/08/2026,2400,2800,2500
Madhya Pradesh,Dhar,Manawar(F&V) APMC,Bottle gourd,Bottle Gourd,Grade B,10/08/2026,1200,1400,1250
Madhya Pradesh,Dhar,Manawar(F&V) APMC,Pumpkin,Pumpkin,Grade B,10/08/2026,650,800,714
Madhya Pradesh,Dhar,Manawar(F&V) APMC,Spinach,Spinach,Grade B,10/08/2026,900,1200,1000
Madhya Pradesh,Hoshangabad,Pipariya(F&V) APMC,Bottle gourd,Bottle Gourd,Local,10/08/2026,500,1450,1000
Madhya Pradesh,Sehore,Sehore(F&V) APMC,Bitter gourd,Bitter Gourd,Grade Range-1,10/08/2026,1500,2500,2000
Madhya Pradesh,Sehore,Sehore(F&V) APMC,Cucumbar(Kheera),Cucumbar,Grade Range-1,10/08/2026,600,1000,800
Madhya Pradesh,Khandwa,Sanawad(F&V) APMC,Onion,Onion,Medium,10/08/2026,1500,2000,1800
Madhya Pradesh,Khandwa,Sanawad(F&V) APMC,Potato,Desi,Medium,10/08/2026,800,1000,900
Tamil Nadu,Vellore,Katpadi (Uzhavar Sandhai ),Tomato,Deshi,Local,10/08/2026,2000,2200,2100
Tamil Nadu,Vellore,Katpadi (Uzhavar Sandhai ),Cauliflower,Ranchi,Local,10/08/2026,2500,3000,2750
Tamil Nadu,Vellore,Katpadi (Uzhavar Sandhai ),Mousambi(Sweet Lime),Mousambi,Local,10/08/2026,15000,15000,15000
Tamil Nadu,Vellore,Katpadi (Uzhavar Sandhai ),Banana,Besrai,Local,10/08/2026,5000,6000,5500
Tamil Nadu,Vellore,Katpadi (Uzhavar Sandhai ),Mango,Safeda,Local,10/08/2026,5000,6000,5500
Tamil Nadu,Vellore,Katpadi (Uzhavar Sandhai ),Ashgourd,Gouard,Local,10/08/2026,3000,3000,3000
Tamil Nadu,Vellore,Katpadi (Uzhavar Sandhai ),Pumpkin,Pumpkin,Local,10/08/2026,3000,3000,3000
Tamil Nadu,Vellore,Katpadi (Uzhavar Sandhai ),Green Chilli,Green Chilly,Local,10/08/2026,4000,5000,4500
Tamil Nadu,Vellore,Katpadi (Uzhavar Sandhai ),Ginger(Green),Green Ginger,Local,10/08/2026,18000,18000,18000
Tamil Nadu,Vellore,Katpadi (Uzhavar Sandhai ),Coconut,Coconut,Local,10/08/2026,3000,3500,3250
Tamil Nadu,Vellore,Katpadi (Uzhavar Sandhai ),Marigold(Calcutta),Marigold(Calcutta),Local,10/08/2026,22000,22000,22000
Tamil Nadu,Vellore,Katpadi (Uzhavar Sandhai ),Elephant Yam(Suran)/Amorphophallus,Elephant Yam (Suran),Local,10/08/2026,5500,5500,5500
Madhya Pradesh,Khandwa,Badwah(F&V) APMC,Sponge gourd,Sponge gourd,Grade A,10/08/2026,975,1450,1100
Madhya Pradesh,Khandwa,Badwah(F&V) APMC,Pumpkin,Other,Grade A,10/08/2026,800,1050,900
Madhya Pradesh,Khandwa,Badwah(F&V) APMC,Coriander(Leaves),Coriander,Grade A,10/08/2026,950,2000,1500
Madhya Pradesh,Khandwa,Badwah(F&V) APMC,Onion,1st Sort,Grade A,10/08/2026,1800,2600,2000
Madhya Pradesh,Khandwa,Badwah(F&V) APMC,Tomato,Deshi,Grade A,10/08/2026,1550,2300,1800
Maharashtra,Chandrapur,Chandrapur(Ganjwad) APMC,Potato,Other,Local,10/08/2026,1200,1350,1300
Tamil Nadu,Villupuram,Manalurpet APMC,Maize,Other,Local,10/08/2026,2178,2525,2351.5
Assam,Cachar,Fatakbazar APMC,Tomato,Tomato,FAQ,10/08/2026,3000,3500,3200
Maharashtra,Dhule,Dhule APMC,Red gram/Arhar/Tur(whole),Other,Non-FAQ,10/08/2026,2400,6400,6400
Maharashtra,Chandrapur,Mul APMC,Paddy(Common),Other,FAQ,10/08/2026,3600,4010,3850
Andhra Pradesh,Kakinada,Peddapuram APMC,Paddy(Common),1001,FAQ,10/08/2026,2369,2389,2369
West Bengal,Uttar Dinajpur,Kaliaganj APMC,Potato,Other,FAQ,10/08/2026,690,710,700
Karnataka,Koppal,Kanakagiri APMC,Paddy(Common),Sona,Non-FAQ,10/08/2026,3600,3600,3600
Karnataka,Koppal,Kanakagiri APMC,Sunflower/Sunflower Seed,Sunflower,Non-FAQ,10/08/2026,8200,8300,8200
Tamil Nadu,Madurai,Thirumangalam(Uzhavar Sandhai ),Brinjal,Round,Local,10/08/2026,4500,5000,4750
Tamil Nadu,Madurai,Thirumangalam(Uzhavar Sandhai ),Bitter gourd,Bitter Gourd,Local,10/08/2026,5000,6500,5750
Tamil Nadu,Madurai,Thirumangalam(Uzhavar Sandhai ),Bottle gourd,Bottle Gourd,Local,10/08/2026,2500,3000,2750
Tamil Nadu,Madurai,Thirumangalam(Uzhavar Sandhai ),Ashgourd,Gouard,Local,10/08/2026,1800,2000,1900
Tamil Nadu,Madurai,Thirumangalam(Uzhavar Sandhai ),Elephant Yam(Suran)/Amorphophallus,Elephant Yam (Suran),Local,10/08/2026,4000,4500,4250
Madhya Pradesh,Sagar,Khurai(F&V) APMC,Brinjal,Brinjal,Local,10/08/2026,700,900,800
Madhya Pradesh,Sagar,Khurai(F&V) APMC,Bottle gourd,Bottle Gourd,Local,10/08/2026,600,1000,800
Madhya Pradesh,Chhatarpur,Bijawar APMC,Green Peas,Pea,Non-FAQ,10/08/2026,3720,3750,3750
Madhya Pradesh,Chhatarpur,Naugaon APMC,Barley(Jau),Barley,Non-FAQ,10/08/2026,2575,2650,2635
Madhya Pradesh,Panna,Simariya APMC,Bengal Gram(Gram)(Whole),Gram,FAQ,10/08/2026,5890,5910,5910
Madhya Pradesh,Tikamgarh,Khargapur APMC,Wheat,Mill Quality,Non-FAQ,10/08/2026,2400,2400,2400
Tamil Nadu,Madurai,Melur(Uzhavar Sandhai ),Banana,Besrai,Local,10/08/2026,4000,5000,4500
Tamil Nadu,Madurai,Melur(Uzhavar Sandhai ),Tomato,Deshi,Local,10/08/2026,2200,2400,2300
Tamil Nadu,Madurai,Melur(Uzhavar Sandhai ),Bottle gourd,Bottle Gourd,Local,10/08/2026,2500,3000,2750
Tamil Nadu,Madurai,Melur(Uzhavar Sandhai ),Papaya,Papaya,Local,10/08/2026,4000,4500,4250
Tamil Nadu,Madurai,Melur(Uzhavar Sandhai ),Guava,Guava Allahabad,Local,10/08/2026,7000,8000,7500
Tamil Nadu,Madurai,Melur(Uzhavar Sandhai ),Yam(Ratalu),Yam (Ratalu),Local,10/08/2026,8000,9000,8500
Tamil Nadu,Madurai,Melur(Uzhavar Sandhai ),Lemon,Lemon,Local,10/08/2026,8000,9000,8500
Karnataka,Koppal,Koppal APMC,Maize,Yellow,Non-FAQ,10/08/2026,2340,2440,2431
Karnataka,Koppal,Koppal APMC,Black Gram(Urd Beans)(Whole),Black Gram (Whole),Non-FAQ,10/08/2026,6560,8710,7635
Karnataka,Bengaluru South,Ramanagara APMC,Bitter gourd,Bitter Gourd,Local,10/08/2026,3000,4000,3600
Karnataka,Bengaluru South,Ramanagara APMC,Chilly Capsicum,Chilly Capsicum,Local,10/08/2026,4000,6000,5200
Karnataka,Bengaluru South,Ramanagara APMC,Beans,Beans (Whole),Local,10/08/2026,4000,6000,5000
Karnataka,Bengaluru South,Ramanagara APMC,Ginger(Green),Green Ginger,Local,10/08/2026,7000,14000,12000
Karnataka,Bengaluru South,Ramanagara APMC,Cabbage,Cabbage,Local,10/08/2026,1000,1600,1200
Karnataka,Bengaluru South,Ramanagara APMC,Ladies Finger,Ladies Finger,Local,10/08/2026,2000,3000,2400
Karnataka,Bengaluru South,Ramanagara APMC,Cucumbar(Kheera),Cucumbar,Local,10/08/2026,2000,2600,2400
Karnataka,Bengaluru South,Ramanagara APMC,Ridgeguard(Tori),Ridgeguard(Tori),Local,10/08/2026,2000,3200,2400
Karnataka,Bengaluru South,Ramanagara APMC,Raddish,Raddish,Local,10/08/2026,1600,2400,2000
Keralam,Kottayam,Thrikkodithanam  VFPCK Market,Cowpea(Veg),Cowpea (Veg),Grade A,10/08/2026,7000,7500,7500
Tamil Nadu,Salem,Vazhapadi(Uzhavar Sandhai),Onion,Bellary,Local,10/08/2026,3500,4000,3750
Tamil Nadu,Salem,Vazhapadi(Uzhavar Sandhai),Banana,Red Banana,Local,10/08/2026,6500,7000,6750
Tamil Nadu,Salem,Vazhapadi(Uzhavar Sandhai),Bottle gourd,Bottle Gourd,Local,10/08/2026,1300,2000,1650
Tamil Nadu,Salem,Vazhapadi(Uzhavar Sandhai),Carrot,Pusakesar,Local,10/08/2026,8000,8500,8250
Tamil Nadu,Salem,Vazhapadi(Uzhavar Sandhai),Cabbage,Cabbage,Local,10/08/2026,3200,4000,3600
Tamil Nadu,Salem,Vazhapadi(Uzhavar Sandhai),Beetroot,Beetroot,Local,10/08/2026,4500,5500,5000
Tamil Nadu,Salem,Vazhapadi(Uzhavar Sandhai),Elephant Yam(Suran)/Amorphophallus,Elephant Yam (Suran),Local,10/08/2026,2000,2500,2250
Tamil Nadu,Karur,Gandhigramam(Uzhavar Sandhai),Mango,Neelam,Local,10/08/2026,5000,8000,6500
Tamil Nadu,Karur,Gandhigramam(Uzhavar Sandhai),Potato,Other,Local,10/08/2026,4000,7000,5500
Tamil Nadu,Karur,Gandhigramam(Uzhavar Sandhai),Coriander(Leaves),I Sort,Local,10/08/2026,6500,7000,6750
Tamil Nadu,Karur,Gandhigramam(Uzhavar Sandhai),Tomato,Other,Local,10/08/2026,1800,2000,1900
Tamil Nadu,Karur,Gandhigramam(Uzhavar Sandhai),Banana,Other,Local,10/08/2026,5000,6000,5500
Tamil Nadu,Karur,Gandhigramam(Uzhavar Sandhai),Bhindi(Ladies Finger),Bhindi,Local,10/08/2026,3500,4000,3750
Tamil Nadu,Karur,Gandhigramam(Uzhavar Sandhai),Thondekai,Thondekai,Local,10/08/2026,5000,5500,5250
Tamil Nadu,Karur,Gandhigramam(Uzhavar Sandhai),Chow Chow,Chow Chow,Local,10/08/2026,3000,3500,3250
Tamil Nadu,Karur,Gandhigramam(Uzhavar Sandhai),Guava,Guava Allahabad,Local,10/08/2026,5000,6000,5500
Tamil Nadu,Karur,Gandhigramam(Uzhavar Sandhai),Amla(Nelli Kai),Amla,Local,10/08/2026,7000,8000,7500
Tamil Nadu,Pudukkottai,Aranthangi(Uzhavar Sandhai ),Banana,Karpura,Local,10/08/2026,5000,6000,5500
Tamil Nadu,Pudukkottai,Aranthangi(Uzhavar Sandhai ),Tomato,Other,Local,10/08/2026,2000,2500,2250
Tamil Nadu,Pudukkottai,Aranthangi(Uzhavar Sandhai ),Bitter gourd,Other,Local,10/08/2026,7000,8000,7500
Tamil Nadu,Pudukkottai,Aranthangi(Uzhavar Sandhai ),Ashgourd,Gouard,Local,10/08/2026,1000,1500,1250
Tamil Nadu,Pudukkottai,Aranthangi(Uzhavar Sandhai ),Bhindi(Ladies Finger),Bhindi,Local,10/08/2026,3500,4000,3750
Tamil Nadu,Pudukkottai,Aranthangi(Uzhavar Sandhai ),Green Chilli,Green Chilly,Local,10/08/2026,4500,5000,4750
Tamil Nadu,Pudukkottai,Aranthangi(Uzhavar Sandhai ),Raddish,Raddish,Local,10/08/2026,3500,4000,3750
Tamil Nadu,Pudukkottai,Aranthangi(Uzhavar Sandhai ),Green Avare(W),Other,Local,10/08/2026,6000,7000,6500
Tamil Nadu,Pudukkottai,Aranthangi(Uzhavar Sandhai ),Drumstick,Drumstick,Local,10/08/2026,5000,6000,5500
Tamil Nadu,Pudukkottai,Aranthangi(Uzhavar Sandhai ),Onion Green,Onion Green,Local,10/08/2026,6000,7000,6500
Tamil Nadu,Coimbatore,Sulur(Uzhavar Sandhai ),Bitter gourd,Bitter Gourd,Local,10/08/2026,5400,6000,5700
Tamil Nadu,Coimbatore,Sulur(Uzhavar Sandhai ),Pumpkin,Pumpkin,Local,10/08/2026,1800,2200,2000
Tamil Nadu,Coimbatore,Sulur(Uzhavar Sandhai ),Amaranthus,Amaranthus,Local,10/08/2026,4000,5000,4500
Tamil Nadu,Coimbatore,Sulur(Uzhavar Sandhai ),Tapioca,Tapioca,Local,10/08/2026,3200,3600,3400
Tamil Nadu,Coimbatore,Sulur(Uzhavar Sandhai ),Coconut,Coconut,Local,10/08/2026,5600,6000,5800
Tamil Nadu,Coimbatore,Sulur(Uzhavar Sandhai ),Thondekai,Thondekai,Local,10/08/2026,5000,5400,5200
Tamil Nadu,Pudukkottai,Gandarvakottai(Uzhavar Sandhai ),Cluster beans,Cluster Beans,Local,10/08/2026,4000,5000,4500
Tamil Nadu,Pudukkottai,Gandarvakottai(Uzhavar Sandhai ),Pumpkin,Pumpkin,Local,10/08/2026,1000,1000,1000
Tamil Nadu,Pudukkottai,Gandarvakottai(Uzhavar Sandhai ),Amaranthus,Amaranthus,Local,10/08/2026,1000,1500,1250
Tamil Nadu,Pudukkottai,Gandarvakottai(Uzhavar Sandhai ),Ridgeguard(Tori),Ridgeguard(Tori),Local,10/08/2026,5500,6000,5750
Tamil Nadu,Cuddalore,Panruti(Uzhavar Sandhai ),Bitter gourd,Bitter Gourd,Local,10/08/2026,6000,6000,6000
Tamil Nadu,Cuddalore,Panruti(Uzhavar Sandhai ),Cluster beans,Cluster Beans,Local,10/08/2026,4000,4000,4000
Tamil Nadu,Cuddalore,Panruti(Uzhavar Sandhai ),Green Chilli,Green Chilly,Local,10/08/2026,5000,5000,5000
Tamil Nadu,Cuddalore,Panruti(Uzhavar Sandhai ),Banana - Green,Banana - Green,Local,10/08/2026,2500,2500,2500
Tamil Nadu,Cuddalore,Panruti(Uzhavar Sandhai ),Coconut,Coconut,Local,10/08/2026,5000,6000,5500
Tamil Nadu,Cuddalore,Panruti(Uzhavar Sandhai ),Lemon,Lemon,Local,10/08/2026,6000,6000,6000
Tamil Nadu,Cuddalore,Panruti(Uzhavar Sandhai ),Mint(Pudina),Mint(Pudina),Local,10/08/2026,6000,6000,6000
Tamil Nadu,Cuddalore,Vadalur(Uzhavar Sandhai ),Potato,Other,Local,10/08/2026,3000,4000,3500
Tamil Nadu,Cuddalore,Vadalur(Uzhavar Sandhai ),Pumpkin,Pumpkin,Local,10/08/2026,3000,3000,3000
Tamil Nadu,Cuddalore,Vadalur(Uzhavar Sandhai ),Amaranthus,Amaranthus,Local,10/08/2026,3000,3500,3250
Tamil Nadu,Cuddalore,Vadalur(Uzhavar Sandhai ),Raddish,Raddish,Local,10/08/2026,3000,3000,3000
Tamil Nadu,Cuddalore,Vadalur(Uzhavar Sandhai ),Lemon,Lemon,Local,10/08/2026,5000,6000,5500
Tamil Nadu,Cuddalore,Vadalur(Uzhavar Sandhai ),Onion Green,Onion Green,Local,10/08/2026,6000,7000,6500
Tamil Nadu,Cuddalore,Vadalur(Uzhavar Sandhai ),Mint(Pudina),Mint(Pudina),Local,10/08/2026,5000,5000,5000
Keralam,Thiruvananthapuram,Mudakkal VFPCK Market,Banana,Nendra Bale,Grade A,10/08/2026,6100,6500,6300
Tamil Nadu,Dharmapuri,AJattihalli(Uzhavar Sandhai ),Coriander(Leaves),I Sort,Local,10/08/2026,5000,6000,5500
Tamil Nadu,Dharmapuri,AJattihalli(Uzhavar Sandhai ),Cluster beans,Cluster Beans,Local,10/08/2026,3600,3600,3600
Tamil Nadu,Dharmapuri,AJattihalli(Uzhavar Sandhai ),Ginger(Green),Green Ginger,Local,10/08/2026,20000,23600,21800
Tamil Nadu,Dharmapuri,AJattihalli(Uzhavar Sandhai ),Carrot,Pusakesar,Local,10/08/2026,8000,8000,8000
Tamil Nadu,Dharmapuri,AJattihalli(Uzhavar Sandhai ),Cucumbar(Kheera),Cucumbar,Local,10/08/2026,4800,4800,4800
Tamil Nadu,Dharmapuri,AJattihalli(Uzhavar Sandhai ),Raddish,Raddish,Local,10/08/2026,1600,1600,1600
Tamil Nadu,Dharmapuri,AJattihalli(Uzhavar Sandhai ),Capsicum,Capsicum,Local,10/08/2026,8400,8400,8400
Tamil Nadu,Dharmapuri,AJattihalli(Uzhavar Sandhai ),Mango(Raw-Ripe),Mango - Raw-Ripe,Local,10/08/2026,8000,8000,8000
Tamil Nadu,Dharmapuri,AJattihalli(Uzhavar Sandhai ),Mint(Pudina),Mint(Pudina),Local,10/08/2026,7000,8000,7500
Keralam,Thirssur,Chelakkara VFPCK Market,Cowpea(Veg),Other,Grade A,10/08/2026,5500,6000,6000
Keralam,Thiruvananthapuram,Vellanad VFPCK Market,Banana,Nendra Bale,Grade A,10/08/2026,6300,6800,6500
Madhya Pradesh,Badwani,Badwani(F&V) APMC,Tomato,Tomato,Local,10/08/2026,1200,1200,1200
Karnataka,Bengaluru Rural,Hoskote APMC,Raddish,Raddish,Local,10/08/2026,2500,2700,2600
Andhra Pradesh,Annamayya,B.Kothakota H/Q Angallu,Tomato,Local,FAQ,10/08/2026,1000,1300,1200
Tamil Nadu,Nagapattinam,Vedaranyam(Uzhavar Sandhai),Brinjal,Round,Local,10/08/2026,4500,5000,4750
Tamil Nadu,Nagapattinam,Vedaranyam(Uzhavar Sandhai),Bitter gourd,Bitter Gourd,Local,10/08/2026,4200,4200,4200
Tamil Nadu,Nagapattinam,Vedaranyam(Uzhavar Sandhai),Bottle gourd,Bottle Gourd,Local,10/08/2026,3000,3000,3000
Tamil Nadu,Nagapattinam,Vedaranyam(Uzhavar Sandhai),Coriander(Leaves),I Sort,Local,10/08/2026,4500,4500,4500
Tamil Nadu,Nagapattinam,Vedaranyam(Uzhavar Sandhai),Amaranthus,Amaranthus,Local,10/08/2026,2000,2500,2250
Tamil Nadu,Nagapattinam,Vedaranyam(Uzhavar Sandhai),Ginger(Green),Green Ginger,Local,10/08/2026,15000,17000,16000
Tamil Nadu,Nagapattinam,Vedaranyam(Uzhavar Sandhai),Green Avare(W),Green Avare (W),Local,10/08/2026,6500,7000,6750
Tamil Nadu,Nagapattinam,Vedaranyam(Uzhavar Sandhai),Chow Chow,Chow Chow,Local,10/08/2026,2400,2400,2400
Tamil Nadu,Nagapattinam,Vedaranyam(Uzhavar Sandhai),Drumstick,Drumstick,Local,10/08/2026,4000,4500,4250
Tamil Nadu,Nagapattinam,Vedaranyam(Uzhavar Sandhai),Yam(Ratalu),Yam (Ratalu),Local,10/08/2026,6500,7000,6750
Uttar Pradesh,Ayodhya,Ayodhya APMC,Ginger(Green),Other,FAQ,10/08/2026,4000,4000,4000
Uttar Pradesh,Ayodhya,Ayodhya APMC,Wood,Other,FAQ,10/08/2026,350,400,370.06
Tamil Nadu,Vellore,Perampet(Uzhavar Sandhai),Potato,Red Nanital,Local,10/08/2026,3000,3000,3000
Tamil Nadu,Vellore,Perampet(Uzhavar Sandhai),Tomato,Deshi,Local,10/08/2026,1400,1800,1600
Tamil Nadu,Vellore,Perampet(Uzhavar Sandhai),Bitter gourd,Bitter Gourd,Local,10/08/2026,5000,5000,5000
Tamil Nadu,Vellore,Perampet(Uzhavar Sandhai),Green Chilli,Green Chilly,Local,10/08/2026,6000,6000,6000
Tamil Nadu,Vellore,Perampet(Uzhavar Sandhai),Beetroot,Beetroot,Local,10/08/2026,5600,5600,5600
Tamil Nadu,Vellore,Perampet(Uzhavar Sandhai),Green Avare(W),Green Avare (W),Local,10/08/2026,6500,7000,6750
Tamil Nadu,Vellore,Perampet(Uzhavar Sandhai),Mango(Raw-Ripe),Mango - Raw-Ripe,Local,10/08/2026,4000,4600,4300
Tamil Nadu,Vellore,Perampet(Uzhavar Sandhai),Elephant Yam(Suran)/Amorphophallus,Elephant Yam (Suran),Local,10/08/2026,6000,6600,6300
Tamil Nadu,Vellore,Perampet(Uzhavar Sandhai),Onion Green,Onion Green,Local,10/08/2026,6000,6000,6000
Tamil Nadu,Vellore,Perampet(Uzhavar Sandhai),Mint(Pudina),Mint(Pudina),Local,10/08/2026,4000,4000,4000
Tamil Nadu,Thanjavur,Peravurani(Uzhavar Sandhai),Tomato,Deshi,Local,10/08/2026,2000,2000,2000
Tamil Nadu,Thanjavur,Peravurani(Uzhavar Sandhai),Tapioca,Tapioca,Local,10/08/2026,3000,3000,3000
Tamil Nadu,Thanjavur,Peravurani(Uzhavar Sandhai),Snakeguard,Snakeguard,Local,10/08/2026,4000,4000,4000
Tamil Nadu,Thanjavur,Peravurani(Uzhavar Sandhai),Onion Green,Onion Green,Local,10/08/2026,5000,5000,5000
Maharashtra,Pune,Pune(Pimpri) APMC,Bhindi(Ladies Finger),Other,Local,10/08/2026,4500,4500,4500
Maharashtra,Pune,Pune(Pimpri) APMC,Onion,Local,Local,10/08/2026,1500,2500,2000
Tamil Nadu,Karur,Kulithalai(Uzhavar Sandhai ),Tomato,Deshi,Local,10/08/2026,1600,2000,1800
Tamil Nadu,Karur,Kulithalai(Uzhavar Sandhai ),Cluster beans,Cluster Beans,Local,10/08/2026,3600,4000,3800
Tamil Nadu,Karur,Kulithalai(Uzhavar Sandhai ),Cauliflower,Ranchi,Local,10/08/2026,4000,4500,4250
Tamil Nadu,Karur,Kulithalai(Uzhavar Sandhai ),Amaranthus,Amaranthus,Local,10/08/2026,2000,3000,2500
Tamil Nadu,Karur,Kulithalai(Uzhavar Sandhai ),Ginger(Green),Green Ginger,Local,10/08/2026,19500,20000,19750
Tamil Nadu,Karur,Kulithalai(Uzhavar Sandhai ),Beetroot,Beetroot,Local,10/08/2026,4400,5000,4700
Tamil Nadu,Karur,Kulithalai(Uzhavar Sandhai ),Drumstick,Drumstick,Local,10/08/2026,2500,3000,2750
Tamil Nadu,Karur,Kulithalai(Uzhavar Sandhai ),Mango(Raw-Ripe),Mango - Raw-Ripe,Local,10/08/2026,3000,4000,3500
Tamil Nadu,Karur,Kulithalai(Uzhavar Sandhai ),Knool Khol,Knool Khol,Local,10/08/2026,4500,5000,4750
Tamil Nadu,Karur,Kulithalai(Uzhavar Sandhai ),Yam(Ratalu),Yam (Ratalu),Local,10/08/2026,7000,8000,7500
Tamil Nadu,Karur,Pallapatti (Uzhavar Sandhai ),Tomato,Other,Local,10/08/2026,1800,2000,1900
Tamil Nadu,Karur,Pallapatti (Uzhavar Sandhai ),Cluster beans,Cluster Beans,Local,10/08/2026,3500,4000,3750
Tamil Nadu,Karur,Pallapatti (Uzhavar Sandhai ),Brinjal,Other,Local,10/08/2026,5000,6000,5500
Tamil Nadu,Karur,Pallapatti (Uzhavar Sandhai ),Chikoos(Sapota),Sapota,Local,10/08/2026,3500,4000,3750
Tamil Nadu,Karur,Pallapatti (Uzhavar Sandhai ),Ashgourd,Gouard,Local,10/08/2026,2000,2500,2250
Tamil Nadu,Karur,Pallapatti (Uzhavar Sandhai ),Bhindi(Ladies Finger),Bhindi,Local,10/08/2026,3500,4000,3750
Tamil Nadu,Karur,Pallapatti (Uzhavar Sandhai ),Tapioca,Tapioca,Local,10/08/2026,2500,3000,2750
Tamil Nadu,Karur,Pallapatti (Uzhavar Sandhai ),Coconut,Coconut,Local,10/08/2026,5500,6000,5750
Tamil Nadu,Karur,Pallapatti (Uzhavar Sandhai ),Green Avare(W),Other,Local,10/08/2026,8000,9000,8500
Tamil Nadu,Karur,Pallapatti (Uzhavar Sandhai ),Lemon,Lemon,Local,10/08/2026,5500,6000,5750
Tamil Nadu,Karur,Pallapatti (Uzhavar Sandhai ),Amla(Nelli Kai),Amla,Local,10/08/2026,6500,7000,6750
Tamil Nadu,Karur,Pallapatti (Uzhavar Sandhai ),Mint(Pudina),Mint(Pudina),Local,10/08/2026,4500,5000,4750
Tamil Nadu,Karur,Velayuthampalayam(Uzhavar Sandhai ),Tomato,Other,Local,10/08/2026,1600,2000,1800
Tamil Nadu,Karur,Velayuthampalayam(Uzhavar Sandhai ),Coriander(Leaves),I Sort,Local,10/08/2026,6000,7000,6500
Tamil Nadu,Karur,Velayuthampalayam(Uzhavar Sandhai ),Bottle gourd,Bottle Gourd,Local,10/08/2026,2400,3000,2700
Tamil Nadu,Karur,Velayuthampalayam(Uzhavar Sandhai ),Onion Green,Onion Green,Local,10/08/2026,6400,7500,6950
Tamil Nadu,Karur,Vengamedu(Uzhavar Sandhai ),Banana,Red Banana,Local,10/08/2026,5000,6000,5500
Tamil Nadu,Karur,Vengamedu(Uzhavar Sandhai ),Drumstick,Drumstick,Local,10/08/2026,2500,3000,2750
Tamil Nadu,Karur,Vengamedu(Uzhavar Sandhai ),Lemon,Lemon,Local,10/08/2026,7500,8000,7750
Tamil Nadu,Karur,Vengamedu(Uzhavar Sandhai ),Onion Green,Onion Green,Local,10/08/2026,7000,7500,7250
Tamil Nadu,Theni,Devaram(Uzhavar Sandhai ),Banana,Besrai,Local,10/08/2026,3000,6000,4500
Tamil Nadu,Theni,Devaram(Uzhavar Sandhai ),Bottle gourd,Bottle Gourd,Local,10/08/2026,1200,1600,1400
Tamil Nadu,Theni,Devaram(Uzhavar Sandhai ),Green Chilli,Green Chilly,Local,10/08/2026,4000,4500,4250
Tamil Nadu,Theni,Devaram(Uzhavar Sandhai ),Tapioca,Tapioca,Local,10/08/2026,3000,3000,3000
Tamil Nadu,Theni,Devaram(Uzhavar Sandhai ),Beetroot,Beetroot,Local,10/08/2026,4000,4200,4100
Tamil Nadu,Theni,Devaram(Uzhavar Sandhai ),Amla(Nelli Kai),Amla,Local,10/08/2026,5000,6000,5500
Tamil Nadu,Theni,Devaram(Uzhavar Sandhai ),Mint(Pudina),Mint(Pudina),Local,10/08/2026,4500,4800,4650
Tamil Nadu,Salem,Attayampatti(Uzhavar Sandhai ),Coriander(Leaves),I Sort,Local,10/08/2026,3000,3400,3200
Tamil Nadu,Salem,Attayampatti(Uzhavar Sandhai ),Tomato,Deshi,Local,10/08/2026,1500,1800,1650
Tamil Nadu,Salem,Attayampatti(Uzhavar Sandhai ),Green Chilli,Green Chilly,Local,10/08/2026,4400,5000,4700
Tamil Nadu,Salem,Attayampatti(Uzhavar Sandhai ),Banana - Green,Banana - Green,Local,10/08/2026,2400,2800,2600
Tamil Nadu,Salem,Attayampatti(Uzhavar Sandhai ),Tapioca,Tapioca,Local,10/08/2026,3000,3000,3000
Tamil Nadu,Salem,Attayampatti(Uzhavar Sandhai ),Ridgeguard(Tori),Ridgeguard(Tori),Local,10/08/2026,4400,4800,4600
Tamil Nadu,Salem,Attayampatti(Uzhavar Sandhai ),Raddish,Raddish,Local,10/08/2026,3000,3400,3200
Tamil Nadu,Salem,Attayampatti(Uzhavar Sandhai ),Elephant Yam(Suran)/Amorphophallus,Elephant Yam (Suran),Local,10/08/2026,5000,5000,5000
Tamil Nadu,Sivaganga,Sivagangai (Uzhavar Sandhai ),Brinjal,Other,Local,10/08/2026,4600,5200,4900
Tamil Nadu,Sivaganga,Sivagangai (Uzhavar Sandhai ),Bitter gourd,Other,Local,10/08/2026,5200,6600,5900
Tamil Nadu,Sivaganga,Sivagangai (Uzhavar Sandhai ),Coriander(Leaves),I Sort,Local,10/08/2026,5200,5600,5400
Tamil Nadu,Sivaganga,Sivagangai (Uzhavar Sandhai ),Ginger(Green),Green Ginger,Local,10/08/2026,15000,15000,15000
Tamil Nadu,Sivaganga,Sivagangai (Uzhavar Sandhai ),Coconut,Coconut,Local,10/08/2026,6200,7000,6600
Tamil Nadu,Sivaganga,Sivagangai (Uzhavar Sandhai ),Green Avare(W),Other,Local,10/08/2026,6200,7200,6700
Tamil Nadu,Sivaganga,Sivagangai (Uzhavar Sandhai ),Knool Khol,Knool Khol,Local,10/08/2026,5200,6200,5700
Tamil Nadu,Sivaganga,Sivagangai (Uzhavar Sandhai ),Elephant Yam(Suran)/Amorphophallus,Elephant Yam (Suran),Local,10/08/2026,4200,4600,4400
Tamil Nadu,Sivaganga,Sivagangai (Uzhavar Sandhai ),Indian Beans(Seam),Indian Beans (Seam),Local,10/08/2026,5200,5200,5200
Tamil Nadu,Sivaganga,Sivagangai (Uzhavar Sandhai ),Onion Green,Onion Green,Local,10/08/2026,6600,7200,6900
Tamil Nadu,Sivaganga,Devakottai (Uzhavar Sandhai ),Onion,Bellary,Local,10/08/2026,2800,3400,3100
Tamil Nadu,Sivaganga,Devakottai (Uzhavar Sandhai ),Chikoos(Sapota),Sapota,Local,10/08/2026,4400,6200,5300
Tamil Nadu,Sivaganga,Devakottai (Uzhavar Sandhai ),Ashgourd,Gouard,Local,10/08/2026,2200,2400,2300
Tamil Nadu,Sivaganga,Devakottai (Uzhavar Sandhai ),Ridgeguard(Tori),Ridgeguard(Tori),Local,10/08/2026,4400,5200,4800
Tamil Nadu,Sivaganga,Devakottai (Uzhavar Sandhai ),Green Avare(W),Other,Local,10/08/2026,6200,7400,6800
Tamil Nadu,Salem,Edapadi (Uzhavar Sandhai ),Green Chilli,Green Chilly,Local,10/08/2026,4400,4800,4600
Tamil Nadu,Salem,Edapadi (Uzhavar Sandhai ),Cabbage,Cabbage,Local,10/08/2026,3000,3500,3250
Tamil Nadu,Salem,Edapadi (Uzhavar Sandhai ),Raddish,Raddish,Local,10/08/2026,2500,3000,2750
Tamil Nadu,Salem,Elampillai(Uzhavar Sandhai ),Groundnut,Big (With Shell),Local,10/08/2026,6500,7000,6750
Tamil Nadu,Salem,Elampillai(Uzhavar Sandhai ),Coriander(Leaves),I Sort,Local,10/08/2026,3000,4000,3500
Tamil Nadu,Salem,Elampillai(Uzhavar Sandhai ),Tomato,Other,Local,10/08/2026,1600,2200,1900
Tamil Nadu,Salem,Elampillai(Uzhavar Sandhai ),Cluster beans,Cluster Beans,Local,10/08/2026,2500,3000,2750
Tamil Nadu,Salem,Elampillai(Uzhavar Sandhai ),Bitter gourd,Other,Local,10/08/2026,4500,5000,4750
Tamil Nadu,Salem,Elampillai(Uzhavar Sandhai ),Bottle gourd,Bottle Gourd,Local,10/08/2026,2000,2500,2250
Tamil Nadu,Salem,Elampillai(Uzhavar Sandhai ),Ashgourd,Gouard,Local,10/08/2026,2000,2600,2300
Tamil Nadu,Salem,Elampillai(Uzhavar Sandhai ),Beans,Beans (Whole),Local,10/08/2026,10000,10500,10250
Tamil Nadu,Salem,Elampillai(Uzhavar Sandhai ),Green Chilli,Green Chilly,Local,10/08/2026,4500,5000,4750
Tamil Nadu,Salem,Elampillai(Uzhavar Sandhai ),Capsicum,Capsicum,Local,10/08/2026,5500,6000,5750
Tamil Nadu,Salem,Elampillai(Uzhavar Sandhai ),Drumstick,Drumstick,Local,10/08/2026,3000,3500,3250
Tamil Nadu,Salem,Elampillai(Uzhavar Sandhai ),Marigold(Calcutta),Marigold(Calcutta),Local,10/08/2026,13000,14000,13500
Tamil Nadu,Salem,Hasthampatti(Uzhavar Sandhai ),Groundnut,Big (With Shell),Local,10/08/2026,7000,7500,7250
Tamil Nadu,Salem,Hasthampatti(Uzhavar Sandhai ),Grapes,Annabesahai,Local,10/08/2026,7000,8000,7500
Tamil Nadu,Salem,Hasthampatti(Uzhavar Sandhai ),Brinjal,Round,Local,10/08/2026,4000,4500,4250
Tamil Nadu,Salem,Hasthampatti(Uzhavar Sandhai ),Papaya,Papaya,Local,10/08/2026,3000,3500,3250
Tamil Nadu,Salem,Hasthampatti(Uzhavar Sandhai ),Banana,Red Banana,Local,10/08/2026,7000,7500,7250
Tamil Nadu,Salem,Hasthampatti(Uzhavar Sandhai ),Ashgourd,Gouard,Local,10/08/2026,2000,2600,2300
Tamil Nadu,Salem,Hasthampatti(Uzhavar Sandhai ),Coconut,Coconut,Local,10/08/2026,5500,6000,5750
Tamil Nadu,Salem,Hasthampatti(Uzhavar Sandhai ),Raddish,Raddish,Local,10/08/2026,2600,2800,2700
Tamil Nadu,Salem,Hasthampatti(Uzhavar Sandhai ),Thondekai,Thondekai,Local,10/08/2026,4500,5000,4750
Tamil Nadu,Salem,Hasthampatti(Uzhavar Sandhai ),Green Avare(W),Other,Local,10/08/2026,6500,7000,6750
Tamil Nadu,Salem,Hasthampatti(Uzhavar Sandhai ),Beetroot,Beetroot,Local,10/08/2026,6000,6400,6200
Tamil Nadu,Salem,Hasthampatti(Uzhavar Sandhai ),Chow Chow,Chow Chow,Local,10/08/2026,3500,4000,3750
Tamil Nadu,Salem,Jalagandapuram(Uzhavar Sandhai ),Potato,Other,Local,10/08/2026,2600,2800,2700
Tamil Nadu,Salem,Jalagandapuram(Uzhavar Sandhai ),Cluster beans,Cluster Beans,Local,10/08/2026,3000,3400,3200
Tamil Nadu,Salem,Jalagandapuram(Uzhavar Sandhai ),Pumpkin,Pumpkin,Local,10/08/2026,2000,2200,2100
Tamil Nadu,Salem,Jalagandapuram(Uzhavar Sandhai ),Amaranthus,Amaranthus,Local,10/08/2026,2000,2400,2200
Tamil Nadu,Salem,Jalagandapuram(Uzhavar Sandhai ),Snakeguard,Snakeguard,Local,10/08/2026,3500,3800,3650
Tamil Nadu,Salem,Jalagandapuram(Uzhavar Sandhai ),Beetroot,Beetroot,Local,10/08/2026,5000,6000,5500
Tamil Nadu,Salem,Jalagandapuram(Uzhavar Sandhai ),Capsicum,Capsicum,Local,10/08/2026,6500,7000,6750
Tamil Nadu,Salem,Jalagandapuram(Uzhavar Sandhai ),Lemon,Lemon,Local,10/08/2026,5000,6000,5500
Tamil Nadu,Sivaganga,Singampunari(Uzhavar Sandhai ),Mango,Other,Local,10/08/2026,5000,5500,5250
Tamil Nadu,Sivaganga,Singampunari(Uzhavar Sandhai ),Brinjal,Other,Local,10/08/2026,4600,5200,4900
Tamil Nadu,Sivaganga,Singampunari(Uzhavar Sandhai ),Papaya,Papaya,Local,10/08/2026,4200,4600,4400
Tamil Nadu,Sivaganga,Singampunari(Uzhavar Sandhai ),Amaranthus,Amaranthus,Local,10/08/2026,3000,4000,3500
Tamil Nadu,Sivaganga,Singampunari(Uzhavar Sandhai ),Banana - Green,Banana - Green,Local,10/08/2026,2500,3000,2750
Tamil Nadu,Sivaganga,Singampunari(Uzhavar Sandhai ),Beans,Beans (Whole),Local,10/08/2026,9400,10200,9800
Tamil Nadu,Sivaganga,Singampunari(Uzhavar Sandhai ),Knool Khol,Knool Khol,Local,10/08/2026,5200,6200,5700
Tamil Nadu,Sivaganga,Singampunari(Uzhavar Sandhai ),Guava,Guava Allahabad,Local,10/08/2026,7000,8000,7500
Tamil Nadu,Sivaganga,Singampunari(Uzhavar Sandhai ),Onion Green,Onion Green,Local,10/08/2026,6600,7200,6900
Tamil Nadu,Sivaganga,Karaikudi(Uzhavar Sandhai ),Cauliflower,Ranchi,Local,10/08/2026,3600,4000,3800
Tamil Nadu,Sivaganga,Karaikudi(Uzhavar Sandhai ),Banana,Besrai,Local,10/08/2026,3500,4500,4000
Tamil Nadu,Sivaganga,Karaikudi(Uzhavar Sandhai ),Amaranthus,Amaranthus,Local,10/08/2026,3600,4400,4000
Tamil Nadu,Sivaganga,Karaikudi(Uzhavar Sandhai ),Beans,Beans (Whole),Local,10/08/2026,9500,10500,10000
Tamil Nadu,Sivaganga,Karaikudi(Uzhavar Sandhai ),Onion Green,Onion Green,Local,10/08/2026,6500,7500,7000
Tamil Nadu,Sivaganga,Tirupatthur(Uzhavar Sandhai ),Cauliflower,Ranchi,Local,10/08/2026,3500,4000,3750
Tamil Nadu,Sivaganga,Tirupatthur(Uzhavar Sandhai ),Bitter gourd,Bitter Gourd,Local,10/08/2026,5500,7000,6250
Tamil Nadu,Sivaganga,Tirupatthur(Uzhavar Sandhai ),Ridgeguard(Tori),Ridgeguard(Tori),Local,10/08/2026,4400,5500,4950
Tamil Nadu,Sivaganga,Tirupatthur(Uzhavar Sandhai ),Yam(Ratalu),Yam (Ratalu),Local,10/08/2026,8400,9500,8950
Tamil Nadu,Sivaganga,Tirupatthur(Uzhavar Sandhai ),Lemon,Lemon,Local,10/08/2026,8400,9500,8950
Tamil Nadu,Thanjavur,Pattukottai(Uzhavar Sandhai ),Cluster beans,Cluster Beans,Local,10/08/2026,4000,4000,4000
Tamil Nadu,Thanjavur,Pattukottai(Uzhavar Sandhai ),Cauliflower,Ranchi,Local,10/08/2026,4800,4800,4800
Tamil Nadu,Thanjavur,Pattukottai(Uzhavar Sandhai ),Bottle gourd,Bottle Gourd,Local,10/08/2026,2600,2600,2600
Tamil Nadu,Thanjavur,Pattukottai(Uzhavar Sandhai ),Amaranthus,Amaranthus,Local,10/08/2026,2000,2000,2000
Tamil Nadu,Thanjavur,Pattukottai(Uzhavar Sandhai ),Banana - Green,Banana - Green,Local,10/08/2026,3000,3000,3000
Tamil Nadu,Thanjavur,Pattukottai(Uzhavar Sandhai ),Green Chilli,Green Chilly,Local,10/08/2026,5800,5800,5800
Tamil Nadu,Thanjavur,Pattukottai(Uzhavar Sandhai ),Capsicum,Capsicum,Local,10/08/2026,6000,6000,6000
Tamil Nadu,Thanjavur,Thanjavur(Uzhavar Sandhai ),Potato,Red Nanital,Local,10/08/2026,3000,3000,3000
Tamil Nadu,Thanjavur,Thanjavur(Uzhavar Sandhai ),Garlic,Garlic,Local,10/08/2026,21000,21000,21000
Tamil Nadu,Thanjavur,Thanjavur(Uzhavar Sandhai ),Bitter gourd,Bitter Gourd,Local,10/08/2026,5000,8800,6900
Tamil Nadu,Thanjavur,Thanjavur(Uzhavar Sandhai ),Banana - Green,Banana - Green,Local,10/08/2026,4000,4000,4000
Tamil Nadu,Thanjavur,Thanjavur(Uzhavar Sandhai ),Beans,Beans (Whole),Local,10/08/2026,9600,9600,9600
Tamil Nadu,Thanjavur,Thanjavur(Uzhavar Sandhai ),Carrot,Pusakesar,Local,10/08/2026,9600,9600,9600
Tamil Nadu,Thanjavur,Thanjavur(Uzhavar Sandhai ),Thondekai,Thondekai,Local,10/08/2026,4800,4800,4800
Tamil Nadu,Thanjavur,Thanjavur(Uzhavar Sandhai ),Capsicum,Capsicum,Local,10/08/2026,7600,7600,7600
Tamil Nadu,Thanjavur,Thanjavur(Uzhavar Sandhai ),Green Avare(W),Green Avare (W),Local,10/08/2026,7600,9600,8600
Tamil Nadu,Thanjavur,Thanjavur(Uzhavar Sandhai ),Chow Chow,Chow Chow,Local,10/08/2026,3400,3400,3400
Tamil Nadu,Thanjavur,Thanjavur(Uzhavar Sandhai ),Guava,Guava Allahabad,Local,10/08/2026,8000,8000,8000
Tamil Nadu,Thanjavur,Thanjavur(Uzhavar Sandhai ),Indian Beans(Seam),Indian Beans (Seam),Local,10/08/2026,7000,7000,7000
Tamil Nadu,Thiruchirappalli,KKNagar(Uzhavar Sandhai ),Green Peas,Green Peas,Local,10/08/2026,14000,14000,14000
Tamil Nadu,Thiruchirappalli,KKNagar(Uzhavar Sandhai ),Cluster beans,Cluster Beans,Local,10/08/2026,4000,4000,4000
Tamil Nadu,Thiruchirappalli,KKNagar(Uzhavar Sandhai ),Grapes,Annabesahai,Local,10/08/2026,12000,12000,12000
Tamil Nadu,Thiruchirappalli,KKNagar(Uzhavar Sandhai ),Mousambi(Sweet Lime),Mousambi,Local,10/08/2026,9000,9000,9000
Tamil Nadu,Thiruchirappalli,KKNagar(Uzhavar Sandhai ),Tomato,Deshi,Local,10/08/2026,2000,2200,2100
Tamil Nadu,Thiruchirappalli,KKNagar(Uzhavar Sandhai ),Ashgourd,Gouard,Local,10/08/2026,2600,2600,2600
Tamil Nadu,Thiruchirappalli,KKNagar(Uzhavar Sandhai ),Cowpea(Veg),Cowpea (Veg),Local,10/08/2026,4000,4000,4000
Tamil Nadu,Thiruchirappalli,KKNagar(Uzhavar Sandhai ),Betal Leaves,Mysore,Local,10/08/2026,10000,12000,11000
Tamil Nadu,Thiruchirappalli,KKNagar(Uzhavar Sandhai ),Snakeguard,Snakeguard,Local,10/08/2026,4000,5000,4500
Tamil Nadu,Thiruchirappalli,KKNagar(Uzhavar Sandhai ),Knool Khol,Knool Khol,Local,10/08/2026,4000,4000,4000
Tamil Nadu,Thiruchirappalli,KKNagar(Uzhavar Sandhai ),Pomegranate,Pomogranate,Local,10/08/2026,24000,24000,24000
Tamil Nadu,Thiruchirappalli,KKNagar(Uzhavar Sandhai ),Sweet Corn ,Sweet Corn ,Local,10/08/2026,3000,3000,3000
Tamil Nadu,Thiruchirappalli,Lalgudi(Uzhavar Sandhai ),Tomato,Local,Local,10/08/2026,2400,2400,2400
Tamil Nadu,Thiruchirappalli,Lalgudi(Uzhavar Sandhai ),Brinjal,Other,Local,10/08/2026,8000,8000,8000
Tamil Nadu,Thiruchirappalli,Lalgudi(Uzhavar Sandhai ),Amaranthus,Amaranthus,Local,10/08/2026,1500,1500,1500
Tamil Nadu,Thiruchirappalli,Lalgudi(Uzhavar Sandhai ),Cowpea(Veg),Cowpea (Veg),Local,10/08/2026,4600,4600,4600
Tamil Nadu,Thiruchirappalli,Lalgudi(Uzhavar Sandhai ),Beans,Beans (Whole),Local,10/08/2026,11000,11000,11000
Tamil Nadu,Thiruchirappalli,Lalgudi(Uzhavar Sandhai ),Sweet Potato,Hosur Red,Local,10/08/2026,5000,5000,5000
Tamil Nadu,Thiruchirappalli,Lalgudi(Uzhavar Sandhai ),Carrot,Pusakesar,Local,10/08/2026,9400,9400,9400
Tamil Nadu,Thiruchirappalli,Lalgudi(Uzhavar Sandhai ),Snakeguard,Snakeguard,Local,10/08/2026,5000,5000,5000
Tamil Nadu,Thiruchirappalli,Lalgudi(Uzhavar Sandhai ),Ridgeguard(Tori),Ridgeguard(Tori),Local,10/08/2026,6600,6600,6600
Tamil Nadu,Thiruchirappalli,Lalgudi(Uzhavar Sandhai ),Indian Beans(Seam),Indian Beans (Seam),Local,10/08/2026,7000,7000,7000
Tamil Nadu,Thiruchirappalli,Lalgudi(Uzhavar Sandhai ),Mint(Pudina),Mint(Pudina),Local,10/08/2026,4600,4600,4600
Tamil Nadu,Thiruchirappalli,Manachanallur(Uzhavar Sandhai ),Tomato,Other,Local,10/08/2026,2400,2400,2400
Tamil Nadu,Thiruchirappalli,Manachanallur(Uzhavar Sandhai ),Bottle gourd,Bottle Gourd,Local,10/08/2026,3000,3000,3000
Tamil Nadu,Thiruchirappalli,Manachanallur(Uzhavar Sandhai ),Cowpea(Veg),Cowpea (Veg),Local,10/08/2026,4000,4000,4000
Tamil Nadu,Thiruchirappalli,Manachanallur(Uzhavar Sandhai ),Mint(Pudina),Mint(Pudina),Local,10/08/2026,4500,4500,4500
Tamil Nadu,Thiruchirappalli,Manapparai(Uzhavar Sandhai ),Onion,Bellary,Local,10/08/2026,4000,4000,4000
Tamil Nadu,Thiruchirappalli,Manapparai(Uzhavar Sandhai ),Chikoos(Sapota),Sapota,Local,10/08/2026,4000,4000,4000
Tamil Nadu,Thiruchirappalli,Manapparai(Uzhavar Sandhai ),Banana,Poovan,Local,10/08/2026,4000,5000,4500
Tamil Nadu,Thiruchirappalli,Manapparai(Uzhavar Sandhai ),Banana - Green,Banana - Green,Local,10/08/2026,3000,3000,3000
Tamil Nadu,Thiruchirappalli,Manapparai(Uzhavar Sandhai ),Green Avare(W),Other,Local,10/08/2026,7000,7000,7000
Tamil Nadu,Thiruchirappalli,Musiri(Uzhavar Sandhai ),Cluster beans,Cluster Beans,Local,10/08/2026,3000,3600,3300
Tamil Nadu,Thiruchirappalli,Musiri(Uzhavar Sandhai ),Banana,Other,Local,10/08/2026,4000,5000,4500
Tamil Nadu,Thiruchirappalli,Musiri(Uzhavar Sandhai ),Bhindi(Ladies Finger),Bhindi,Local,10/08/2026,3600,4000,3800
Tamil Nadu,Thiruchirappalli,Musiri(Uzhavar Sandhai ),Amaranthus,Amaranthus,Local,10/08/2026,2000,2000,2000
Tamil Nadu,Thiruchirappalli,Musiri(Uzhavar Sandhai ),Ginger(Green),Green Ginger,Local,10/08/2026,16000,17500,16750
Tamil Nadu,Thiruchirappalli,Musiri(Uzhavar Sandhai ),Carrot,Pusakesar,Local,10/08/2026,9000,9500,9250
Tamil Nadu,Thiruchirappalli,Musiri(Uzhavar Sandhai ),Ridgeguard(Tori),Ridgeguard(Tori),Local,10/08/2026,5000,6000,5500
Tamil Nadu,Thiruchirappalli,Musiri(Uzhavar Sandhai ),Raddish,Raddish,Local,10/08/2026,3000,3600,3300
Tamil Nadu,Thiruchirappalli,Musiri(Uzhavar Sandhai ),Capsicum,Capsicum,Local,10/08/2026,5000,5500,5250
Tamil Nadu,Thiruchirappalli,Musiri(Uzhavar Sandhai ),Green Avare(W),Green Avare (W),Local,10/08/2026,6000,7000,6500
Tamil Nadu,Thiruchirappalli,Musiri(Uzhavar Sandhai ),Knool Khol,Knool Khol,Local,10/08/2026,3000,3500,3250
Tamil Nadu,Thiruchirappalli,Musiri(Uzhavar Sandhai ),Yam(Ratalu),Yam (Ratalu),Local,10/08/2026,8000,8500,8250
Tamil Nadu,Thiruchirappalli,Musiri(Uzhavar Sandhai ),Indian Beans(Seam),Indian Beans (Seam),Local,10/08/2026,6000,7000,6500
Tamil Nadu,Thiruchirappalli,Musiri(Uzhavar Sandhai ),Amla(Nelli Kai),Amla,Local,10/08/2026,6000,7000,6500
Tamil Nadu,Thiruchirappalli,Musiri(Uzhavar Sandhai ),Mint(Pudina),Mint(Pudina),Local,10/08/2026,4000,4500,4250
Tamil Nadu,Thiruchirappalli,Musiri(Uzhavar Sandhai ),Sweet Corn ,Sweet Corn ,Local,10/08/2026,2500,3000,2750
Tamil Nadu,Thiruchirappalli,Thiruverumbur(Uzhavar Sandhai ),Pumpkin,Pumpkin,Local,10/08/2026,2400,2400,2400
Tamil Nadu,Thiruchirappalli,Thiruverumbur(Uzhavar Sandhai ),Ginger(Green),Green Ginger,Local,10/08/2026,20000,20000,20000
Tamil Nadu,Thiruchirappalli,Thiruverumbur(Uzhavar Sandhai ),Beetroot,Beetroot,Local,10/08/2026,5400,6600,6000
Tamil Nadu,Thiruchirappalli,Thiruverumbur(Uzhavar Sandhai ),Raddish,Raddish,Local,10/08/2026,4000,4000,4000
Tamil Nadu,Thiruchirappalli,Thiruverumbur(Uzhavar Sandhai ),Chow Chow,Chow Chow,Local,10/08/2026,3600,3600,3600
Tamil Nadu,Thiruchirappalli,Thiruverumbur(Uzhavar Sandhai ),Onion Green,Onion Green,Local,10/08/2026,7000,7000,7000
Tamil Nadu,Virudhunagar,Rajapalayam(Uzhavar Sandhai ),Cluster beans,Cluster Beans,Local,10/08/2026,3500,4000,3750
Tamil Nadu,Virudhunagar,Rajapalayam(Uzhavar Sandhai ),Brinjal,Round,Local,10/08/2026,3500,4000,3750
Goa,North Goa,Valpoi APMC,Arecanut(Betelnut/Supari),Red,Local,10/08/2026,36300,36300,36300
Odisha,Mayurbhanja,Baripada APMC,Bhindi(Ladies Finger),Bhindi,Medium,10/08/2026,4000,5000,4500
Andhra Pradesh,Prakasam,Maddipadu APMC,Paddy(Common),B P T,FAQ,10/08/2026,2500,2500,2500
Keralam,Kozhikode(Calicut),Mukkom Market,Amaranthus,Amaranthus,FAQ,10/08/2026,3000,3300,3100
Keralam,Kozhikode(Calicut),Mukkom Market,Cowpea(Veg),Cowpea (Veg),FAQ,10/08/2026,5400,6200,5800
Keralam,Kozhikode(Calicut),Mukkom Market,Banana,Other,Large,10/08/2026,6000,6400,6200
Keralam,Kozhikode(Calicut),Mukkom Market,Brinjal,Brinjal,FAQ,10/08/2026,4000,4400,4200
Keralam,Kozhikode(Calicut),Mukkom Market,Grapes,Other,Large,10/08/2026,8500,9000,8800
Tamil Nadu,Thirupur,Tiruppur (South) (Uzhavar Sandhai ),Garlic,Garlic,Local,10/08/2026,20000,22000,21000
Tamil Nadu,Thirupur,Tiruppur (South) (Uzhavar Sandhai ),Brinjal,Other,Local,10/08/2026,6000,7000,6500
Tamil Nadu,Thirupur,Tiruppur (South) (Uzhavar Sandhai ),Water Melon,Water Melon,Local,10/08/2026,500,1000,750
Tamil Nadu,Thirupur,Tiruppur (South) (Uzhavar Sandhai ),Bitter gourd,Other,Local,10/08/2026,5000,6000,5500
Tamil Nadu,Thirupur,Tiruppur (South) (Uzhavar Sandhai ),Beans,Beans (Whole),Local,10/08/2026,8000,10000,9000
Tamil Nadu,Thirupur,Tiruppur (South) (Uzhavar Sandhai ),Cabbage,Cabbage,Local,10/08/2026,1500,2000,1750
Tamil Nadu,Thirupur,Tiruppur (South) (Uzhavar Sandhai ),Raddish,Raddish,Local,10/08/2026,2500,3000,2750
Tamil Nadu,Thirupur,Tiruppur (South) (Uzhavar Sandhai ),Amla(Nelli Kai),Amla,Local,10/08/2026,5000,6000,5500
Keralam,Kozhikode(Calicut),Perambra Market,Beetroot,Other,FAQ,10/08/2026,5500,6500,6000
Keralam,Kozhikode(Calicut),Perambra Market,Elephant Yam(Suran)/Amorphophallus,Amorphophallus,FAQ,10/08/2026,4900,5000,5000
Keralam,Kozhikode(Calicut),Perambra Market,Tomato,Tomato,FAQ,10/08/2026,1800,2000,1900
Gujarat,Rajkot,Jasdan APMC,Wheat,2189 No. 2,FAQ,10/08/2026,2555,2805,2625
Gujarat,Rajkot,Jasdan APMC,Ground Nut Seed,Ground Nut Seed,FAQ,10/08/2026,6750,9755,9250
Gujarat,Rajkot,Jasdan APMC,Groundnut,G20,FAQ,10/08/2026,3500,7300,6500
Keralam,Kottayam,Kanjirappally Market,Amaranthus,Other,FAQ,10/08/2026,6500,7000,6800
Keralam,Kottayam,Kanjirappally Market,Potato,Potato,FAQ,10/08/2026,3500,4000,3800
Keralam,Kottayam,Kanjirappally Market,Ginger(Green),Green Ginger,FAQ,10/08/2026,15000,16000,15800
Keralam,Kottayam,Kanjirappally Market,Pumpkin,Pumpkin,FAQ,10/08/2026,3500,4000,3800
Uttar Pradesh,Banda,Banda APMC,Wheat,Other,FAQ,10/08/2026,2550,2550,2550
Odisha,Rayagada,Gunpur APMC,Brinjal,Brinjal,Grade B,10/08/2026,3250,3450,3350
Odisha,Rayagada,Gunpur APMC,Tomato,Hybrid,Grade B,10/08/2026,1500,2150,1650
Odisha,Rayagada,Gunpur APMC,Cabbage,Cabbage,Grade B,10/08/2026,3450,3900,3550
Odisha,Kalahandi,Kesinga APMC,Cabbage,Other,Grade B,10/08/2026,3200,3600,3400
Maharashtra,Parbhani,"Shree Salasar Krushi Bazar, Dist Parbhani",Soyabean,Other,Local,10/08/2026,6000,6600,6600
Maharashtra,Buldhana,Lonar APMC,Jowar(Sorghum),Other,Non-FAQ,10/08/2026,2200,2400,2300
Karnataka,Davangere,Davangere APMC,Rice,Broken Rice,Local,10/08/2026,2500,2500,2500
Karnataka,Davangere,Davangere APMC,Garlic,Garlic,Local,10/08/2026,11000,13900,13000
Karnataka,Davangere,Davangere APMC,Water Melon,Water Melon,Local,10/08/2026,1000,2000,1500
Karnataka,Davangere,Davangere APMC,Copra,Copra,Local,10/08/2026,5000,13800,9443
Karnataka,Davangere,Davangere APMC,Arecanut(Betelnut/Supari),Sippegotu,Local,10/08/2026,12000,13000,12578
Keralam,Pathanamthitta,Kuttoor Market,Banana,Nendra Bale,Local,10/08/2026,7600,8000,7800
Keralam,Pathanamthitta,Kuttoor Market,Coconut Seed,Other,Local,10/08/2026,8200,8600,8400
Keralam,Pathanamthitta,Kuttoor Market,Amaranthus,Amaranthus,Local,10/08/2026,5600,6000,5800
Keralam,Pathanamthitta,Kuttoor Market,Bitter gourd,Bitter Gourd,Local,10/08/2026,11800,12200,12000
Keralam,Pathanamthitta,Kuttoor Market,Ginger(Green),Green Ginger,Local,10/08/2026,29600,30000,29800
Maharashtra,Sangli,Vita APMC,Brinjal,Other,Local,10/08/2026,2000,2500,2200
Keralam,Alappuzha,Cherthala Market,Bhindi(Ladies Finger),Bhindi,FAQ,10/08/2026,4000,4200,4100
Keralam,Alappuzha,Cherthala Market,Cauliflower,Cauliflower,FAQ,10/08/2026,3800,4100,4000
Keralam,Ernakulam,Thrippunithura Market,Bitter gourd,Bitter Gourd,Medium,10/08/2026,8000,8500,8200
Keralam,Ernakulam,Thrippunithura Market,Carrot,Carrot,Medium,10/08/2026,11000,11500,11200
Keralam,Ernakulam,Thrippunithura Market,Little gourd(Kundru),Other,Medium,10/08/2026,7300,8000,7500
Keralam,Ernakulam,Thrippunithura Market,Onion,Big,Medium,10/08/2026,3400,4000,3400
Keralam,Ernakulam,Thrippunithura Market,Pineapple,Pine Apple,Medium,10/08/2026,8300,9000,8500
Keralam,Kannur,Thalasserry Market,Snakeguard,Other,FAQ,10/08/2026,3000,4000,3500
Keralam,Palakad,Kollengode Market,Cauliflower,Cauliflower,FAQ,10/08/2026,2500,2900,2700
Keralam,Palakad,Kollengode Market,Ashgourd,Ashgourd,FAQ,10/08/2026,1600,2000,1800
Keralam,Palakad,Kollengode Market,Bottle gourd,Bottle Gourd,FAQ,10/08/2026,2000,2400,2200
Keralam,Palakad,Kollengode Market,Tomato,Tomato,FAQ,10/08/2026,2000,2400,2200
Keralam,Palakad,Kollengode Market,Banana,Nendra Bale,Grade B,10/08/2026,4500,4900,4700
Keralam,Idukki,Kattappana Market,Apple,Other,Grade A,10/08/2026,32000,34500,33000
Keralam,Idukki,Kattappana Market,Banana,Robusta,Medium,10/08/2026,1900,2300,2100
Keralam,Idukki,Kattappana Market,Coconut,Big,Local,10/08/2026,5500,5800,5800
Keralam,Idukki,Kattappana Market,Banana - Green,Other,Medium,10/08/2026,4000,4500,4200
Keralam,Idukki,Kattappana Market,Banana - Green,Other,Small,10/08/2026,3000,3500,3200
Keralam,Idukki,Kattappana Market,Bitter gourd,Other,Medium,10/08/2026,3800,4800,4500
Keralam,Idukki,Kattappana Market,Colacasia,Other,Medium,10/08/2026,5500,6000,5800
Keralam,Idukki,Kattappana Market,Cauliflower,Other,Medium,10/08/2026,4800,5500,5400
Keralam,Idukki,Kattappana Market,Cucumbar(Kheera),Other,Medium,10/08/2026,3200,3500,3400
Keralam,Idukki,Kattappana Market,Ginger(Green),Other,Medium,10/08/2026,12000,15000,14000
Keralam,Idukki,Kattappana Market,Drumstick,Other,Medium,10/08/2026,5500,6000,5800
Punjab,Faridkot,Faridkot APMC,Mango,Chausa,Grade B,10/08/2026,7500,7500,7500
Punjab,Faridkot,Faridkot APMC,Cabbage,Cabbage,Grade A,10/08/2026,2500,2500,2500
Punjab,Faridkot,Faridkot APMC,Lemon,Other,Grade B,10/08/2026,4000,4000,4000
Punjab,Faridkot,Faridkot APMC,Tomato,Other,Grade A,10/08/2026,2800,2800,2800
Punjab,Faridkot,Faridkot APMC,Onion,Other,Grade B,10/08/2026,2000,2000,2000
Punjab,Faridkot,Faridkot APMC,Banana,Medium,Grade B,10/08/2026,3000,3000,3000
Gujarat,Sabarkantha,Himatnagar APMC,Wheat,Sonalika,Local,10/08/2026,2650,2790,2700
Keralam,Kannur,Irikkur Market,Arecanut(Betelnut/Supari),Other,Local,10/08/2026,38800,39000,38900
Punjab,Fazilka,Fazilka APMC,Cauliflower,Cauliflower,FAQ,10/08/2026,6000,6000,6000
Punjab,Fazilka,Fazilka APMC,Potato,Potato,FAQ,10/08/2026,900,900,900
Punjab,Fazilka,Fazilka APMC,Ginger(Green),Other,FAQ,10/08/2026,20000,20000,20000
Punjab,Fazilka,Fazilka APMC,Bhindi(Ladies Finger),Bhindi,FAQ,10/08/2026,4000,4000,4000
Haryana,Yamuna Nagar,Radaur APMC,Tomato,Other,Medium,10/08/2026,4000,4500,4250
Haryana,Yamuna Nagar,Radaur APMC,Onion,Nasik,Medium,10/08/2026,1250,1450,1350
Haryana,Panipat,Madlauda APMC,Potato,Potato,FAQ,10/08/2026,800,800,800
Haryana,Panipat,Madlauda APMC,Tomato,Tomato,FAQ,10/08/2026,1500,2000,1750
Haryana,Rohtak,Sampla APMC,Banana,Other,Local,10/08/2026,2500,2500,2500
Haryana,Rohtak,Sampla APMC,Bhindi(Ladies Finger),Other,Local,10/08/2026,2100,2500,2100
Haryana,Kaithal,Cheeka APMC,Potato,Other,FAQ,10/08/2026,800,900,850
Haryana,Kurukshetra,Ladwa APMC,Pomegranate,Pomogranate,Medium,10/08/2026,7500,12000,9000
Haryana,Kurukshetra,Ladwa APMC,Potato,Red Nanital,Non-FAQ,10/08/2026,1800,3000,2800
Haryana,Kurukshetra,Ladwa APMC,Lemon,Lemon,Medium,10/08/2026,9000,10000,10000
Haryana,Kurukshetra,Ladwa APMC,Cabbage,Cabbage,Medium,10/08/2026,2000,3500,3000
Haryana,Kurukshetra,Ladwa APMC,Carrot,Carrot,Medium,10/08/2026,4500,5000,5000
Haryana,Kurukshetra,Ladwa APMC,Brinjal,Brinjal,Medium,10/08/2026,1500,3000,2000
Haryana,Kurukshetra,Ladwa APMC,Cauliflower,Cauliflower,Medium,10/08/2026,3500,4000,4000
Haryana,Kurukshetra,Ladwa APMC,Bhindi(Ladies Finger),Bhindi,Medium,10/08/2026,2000,4000,3500
Haryana,Kurukshetra,Shahabad APMC,Pomegranate,Pomogranate,Medium,10/08/2026,8000,10870,9000
Haryana,Kurukshetra,Shahabad APMC,Brinjal,Brinjal,Medium,10/08/2026,1200,2000,1600
Haryana,Kurukshetra,Shahabad APMC,Ginger(Dry),Vegitable-fresh,Local,10/08/2026,8000,8500,8200
Haryana,Kurukshetra,Shahabad APMC,Bhindi(Ladies Finger),Bhindi,Medium,10/08/2026,1300,2000,1600
Haryana,Kurukshetra,Shahabad APMC,Sponge gourd,Other,Medium,10/08/2026,1200,1800,1500
Haryana,Kurukshetra,Shahabad APMC,Spinach,Spinach,Medium,10/08/2026,1500,2000,1800
Haryana,Kurukshetra,Shahabad APMC,Peas Wet,Peas Wet,Medium,10/08/2026,6000,9000,8000
Haryana,Sirsa,Ellanabad APMC,Mustard,Mustard,FAQ,10/08/2026,7762,7762,7762
Haryana,Sirsa,Ellanabad APMC,Bengal Gram(Gram)(Whole),Desi (Whole),FAQ,10/08/2026,5800,5880,5800
Maharashtra,Solapur,Akluj APMC,Beans,Other,Local,10/08/2026,1800,3200,2500
Maharashtra,Solapur,Akluj APMC,Cabbage,Other,Local,10/08/2026,1000,1500,1300
Maharashtra,Solapur,Akluj APMC,Methi(Leaves),Other,Local,10/08/2026,6,9,8
Maharashtra,Solapur,Akluj APMC,Drumstick,Other,Local,10/08/2026,3000,4200,3500
Haryana,Mewat,FerozpurZirkha(Nagina) APMC,Tomato,Other,Local,10/08/2026,2000,2400,2200
Punjab,Gurdaspur,Quadian APMC,Potato,Other,Grade A,10/08/2026,800,1000,900
Punjab,Gurdaspur,Quadian APMC,Ginger(Green),Other,Grade A,10/08/2026,7800,8000,7900
Punjab,Jalandhar,Nakodar APMC,Maize,Other,Local,10/08/2026,2013,2013,2013
Punjab,Ludhiana,Jagraon APMC,Apple,Apple,Grade A,10/08/2026,8300,8300,8300
Punjab,Ludhiana,Jagraon APMC,Cucumbar(Kheera),Other,FAQ,10/08/2026,520,520,520
Punjab,Ludhiana,Jagraon APMC,Ginger(Green),Other,FAQ,10/08/2026,5200,5200,5200
Keralam,Kollam,Anchal Market,Ashgourd,Ashgourd,Local,10/08/2026,6500,6500,6500
Keralam,Kollam,Anchal Market,Brinjal,Brinjal,Local,10/08/2026,4700,4700,4700
Keralam,Kollam,Anchal Market,Carrot,Carrot,Local,10/08/2026,5400,5400,5400
Keralam,Kollam,Anchal Market,Onion,Small,Local,10/08/2026,4200,4200,4200
Keralam,Kollam,Anchal Market,Tapioca,Other,Local,10/08/2026,3200,3200,3200
Rajasthan,Ganganagar,Sriganganagar (F&V) APMC,Apple,Apple,Grade B,10/08/2026,9300,9700,9500
Rajasthan,Ganganagar,Sriganganagar (F&V) APMC,Plum,Other,Grade B,10/08/2026,5800,6200,6000
Rajasthan,Ganganagar,Sriganganagar (F&V) APMC,Guava,Guava,Grade A,10/08/2026,2700,3100,2900
Rajasthan,Ganganagar,Sriganganagar (F&V) APMC,Water Melon,Water Melon,Grade C,10/08/2026,2100,2500,2300
Rajasthan,Ganganagar,Sriganganagar (F&V) APMC,Garlic,Garlic,Grade Range-3,10/08/2026,11800,12200,12000
Rajasthan,Ganganagar,Sriganganagar (F&V) APMC,Cabbage,Cabbage,Grade A,10/08/2026,1700,2100,1900
Rajasthan,Ganganagar,Sriganganagar (F&V) APMC,Capsicum,Capsicum,Grade B,10/08/2026,3600,4000,3800
Rajasthan,Ganganagar,Sriganganagar (F&V) APMC,Onion,Onion,Grade C,10/08/2026,2300,2700,2500
Rajasthan,Ganganagar,Sriganganagar (F&V) APMC,Cauliflower,Cauliflower,Grade B,10/08/2026,4300,4700,4500
Rajasthan,Ganganagar,Sriganganagar (F&V) APMC,Pointed gourd(Parval),Pointed gourd (Parval),Grade A,10/08/2026,1800,2200,2000
Rajasthan,Baran,Baran APMC,Potato,Other,Local,10/08/2026,600,700,650
Rajasthan,Bhilwara,Bhilwara APMC,Potato,Other,FAQ,10/08/2026,1100,1200,1150
Rajasthan,Chittorgarh,Nimbahera APMC,Groundnut,Other,FAQ,10/08/2026,6600,8150,7375
Rajasthan,Jaipur,Jaipur (F&V) APMC,Potato,Other,FAQ,10/08/2026,400,800,600
Rajasthan,Jaipur,Jaipur (F&V) APMC,Bottle gourd,Bottle Gourd,FAQ,10/08/2026,700,1500,1100
Rajasthan,Jaipur,Jaipur (F&V) APMC,Cabbage,Cabbage,FAQ,10/08/2026,2200,2300,2250
Rajasthan,Jaipur,Jaipur (F&V) APMC,Guava,Guava,Medium,10/08/2026,3500,7500,5500
Rajasthan,Jaipur,Jaipur (F&V) APMC,Apple,Other,Medium,10/08/2026,5000,25000,15000
Rajasthan,Jaipur,Jaipur (F&V) APMC,Chikoos(Sapota),Other,Medium,10/08/2026,3500,6500,5000
Rajasthan,Hanumangarh,Goluwala APMC,Bengal Gram(Gram)(Whole),Other,Non-FAQ,10/08/2026,5680,5811,5811
Rajasthan,Hanumangarh,Goluwala APMC,Green Gram(Moong)(Whole),Other,Non-FAQ,10/08/2026,5525,6050,5950
Rajasthan,Hanumangarh,Rawatsar APMC,Potato,Red Nanital,FAQ,10/08/2026,600,900,700
Rajasthan,Ganganagar,Sadulshahar APMC,Guar Seed(Cluster Beans Seed),Other,FAQ,10/08/2026,5591,5600,5595
Maharashtra,Nashik,Malegaon APMC,Jowar(Sorghum),Jowar ( White),Local,10/08/2026,1100,4276,2451
Maharashtra,Nashik,Malegaon APMC,Bengal Gram(Gram)(Whole),Other,Non-FAQ,10/08/2026,4980,5874,5600
Maharashtra,Nashik,Malegaon APMC,Red gram/Arhar/Tur(whole),Other,Non-FAQ,10/08/2026,4900,7000,7000
Rajasthan,Jhalawar,Khanpur APMC,Wheat,Other,FAQ,10/08/2026,2600,2800,2710
Rajasthan,Ganganagar,Gajsinghpur APMC,Javi,Javi,Local,10/08/2026,3400,3400,3400
Rajasthan,Ganganagar,Gajsinghpur APMC,Mustard,Other,Local,10/08/2026,7565,8045,7708
Rajasthan,Jalore,Jalore APMC,Lemon,Other,Local,10/08/2026,1800,2000,1900
Rajasthan,Jalore,Jalore APMC,Ridgeguard(Tori),Other,Local,10/08/2026,2000,2500,2300
Rajasthan,Jalore,Jalore APMC,Ginger(Green),Other,Local,10/08/2026,4500,5000,4800
Rajasthan,Jalore,Jalore APMC,Tinda,Tinda,Local,10/08/2026,1000,1200,1100
Punjab,Ludhiana,Khanna APMC,Guava,Guava,Grade A,10/08/2026,3000,3000,3000
Punjab,Ludhiana,Khanna APMC,Ginger(Green),Green Ginger,Grade A,10/08/2026,5000,5000,5000
Punjab,Ludhiana,Khanna APMC,Bitter gourd,Bitter Gourd,Grade A,10/08/2026,2000,2000,2000
Keralam,Kannur,Kuthuparambu Market,Coconut Seed,Other,FAQ,10/08/2026,6000,6500,6300
Keralam,Kannur,Kuthuparambu Market,Tomato,Tomato,FAQ,10/08/2026,1600,2000,1800
Keralam,Kottayam,Pala Market,Beetroot,Beetroot,FAQ,10/08/2026,7200,7600,7400
Keralam,Kottayam,Pala Market,Bhindi(Ladies Finger),Bhindi,FAQ,10/08/2026,3000,3400,3200
Keralam,Kottayam,Pala Market,Brinjal,Brinjal,FAQ,10/08/2026,4200,4400,4300
Keralam,Kottayam,Pala Market,Cowpea(Veg),Cowpea (Veg),FAQ,10/08/2026,5200,6400,5800
Keralam,Kottayam,Pala Market,Cluster beans,Cluster Beans,FAQ,10/08/2026,5600,6800,6200
Keralam,Kottayam,Pala Market,Tomato,Other,FAQ,10/08/2026,4000,4800,4400
Jammu and Kashmir,Baramulla,Sopore (Nowpora) (F&V),Apple,Rizakwadi,Grade A,10/08/2026,2600,2600,2600
Jammu and Kashmir,Kulgam,Kulgam (F&V),Apple,Other,Grade A,10/08/2026,8500,10500,9500
Maharashtra,Nashik,Sinner APMC,Bajra(Pearl Millet/Cumbu),Other,FAQ,10/08/2026,2775,2865,2800
Maharashtra,Nashik,Sinner APMC,Red gram/Arhar/Tur(whole),Other,Non-FAQ,10/08/2026,6685,6685,6685
Keralam,Kollam,Sasthamkotta Market,Cucumbar(Kheera),Other,Local,10/08/2026,3000,3000,3000
Keralam,Kollam,Sasthamkotta Market,Sweet Potato,Other,Local,10/08/2026,3500,3500,3500
Keralam,Kollam,Sasthamkotta Market,Bitter gourd,Other,Local,10/08/2026,6000,6000,6000
Maharashtra,Nagpur,Nagpur APMC,Bengal Gram(Gram)(Whole),Other,FAQ,10/08/2026,5875,6230,6208
Maharashtra,Nagpur,Nagpur APMC,Apple,Other,Local,10/08/2026,11000,13000,12500
Maharashtra,Nagpur,Nagpur APMC,Carrot,Other,Local,10/08/2026,1200,1500,1425
Maharashtra,Nagpur,Nagpur APMC,Pointed gourd(Parval),Other,Local,10/08/2026,3000,3500,3375
Maharashtra,Nagpur,Nagpur APMC,Little gourd(Kundru),Other,Local,10/08/2026,2000,3000,2750
Keralam,Kottayam,Ramapuram VFPCK Market,Banana,Nendra Bale,Grade A,10/08/2026,6500,6700,6600
Keralam,Kottayam,Thalayolaparambu Market,Lemon,Other,FAQ,10/08/2026,7000,7400,7200
Keralam,Kottayam,Thalayolaparambu Market,Little gourd(Kundru),Other,FAQ,10/08/2026,4700,5000,4800
Keralam,Kottayam,Thalayolaparambu Market,Onion,Big,FAQ,10/08/2026,3200,3500,3300
Keralam,Kottayam,Thalayolaparambu Market,Tapioca,Tapioca,FAQ,10/08/2026,2700,3000,2800
Keralam,Kottayam,Thalayolaparambu Market,Snakeguard,Snakeguard,FAQ,10/08/2026,3800,4200,4000
Keralam,Kottayam,Thalayolaparambu Market,Banana,Poovan,Medium,10/08/2026,5600,6000,5700
Keralam,Kottayam,Thalayolaparambu Market,Ashgourd,Ashgourd,FAQ,10/08/2026,1400,1700,1500
Keralam,Kottayam,Thalayolaparambu Market,Beetroot,Beetroot,FAQ,10/08/2026,5400,5700,5500
Keralam,Kottayam,Thalayolaparambu Market,Brinjal,Brinjal,FAQ,10/08/2026,3800,4100,3900
Keralam,Kottayam,Thalayolaparambu Market,Colacasia,Other,FAQ,10/08/2026,7400,7700,7500
Keralam,Kozhikode(Calicut),Kallachi Market,Bottle gourd,Bottle Gourd,FAQ,10/08/2026,3300,3700,3500
Keralam,Kozhikode(Calicut),Kallachi Market,Bitter gourd,Bitter Gourd,FAQ,10/08/2026,5300,5700,5500
Keralam,Kozhikode(Calicut),Kallachi Market,Potato,Other,FAQ,10/08/2026,2200,2600,2400
Keralam,Kozhikode(Calicut),Kallachi Market,Snakeguard,Snakeguard,FAQ,10/08/2026,3800,4200,4000
Andhra Pradesh,Tirupathi,Puttur APMC,Mango,Other,Local,10/08/2026,1100,1200,1150
Keralam,Alappuzha,Harippad Market,Beetroot,Beetroot,FAQ,10/08/2026,6000,6500,6000
Keralam,Alappuzha,Harippad Market,Bottle gourd,Other,FAQ,10/08/2026,2000,2500,2000
Keralam,Alappuzha,Harippad Market,Capsicum,Capsicum,FAQ,10/08/2026,9000,9500,9000
Keralam,Alappuzha,Harippad Market,Banana - Green,Other,FAQ,10/08/2026,6500,7000,6500
Keralam,Alappuzha,Harippad Market,Bhindi(Ladies Finger),Other,FAQ,10/08/2026,4000,4500,4000
Keralam,Alappuzha,Harippad Market,Bitter gourd,Other,FAQ,10/08/2026,6000,6500,6000
Keralam,Alappuzha,Mannar Market,Bhindi(Ladies Finger),Bhindi,FAQ,10/08/2026,3200,3400,3300
Keralam,Alappuzha,Mannar Market,Beetroot,Other,FAQ,10/08/2026,4000,4200,4100
Keralam,Alappuzha,Mannar Market,Ashgourd,Other,FAQ,10/08/2026,2500,2700,2600
Andhra Pradesh,Nandyal,Nandyal APMC,Maize,Other,Local,10/08/2026,2420,2420,2420
Jammu and Kashmir,Jammu,MAC F&V Market Narwal Jammu,Plum,Plum,Medium,10/08/2026,10000,11000,10500
Jammu and Kashmir,Jammu,MAC F&V Market Narwal Jammu,Cucumbar(Kheera),Cucumbar,FAQ,10/08/2026,1800,2000,1900
Jammu and Kashmir,Jammu,MAC F&V Market Narwal Jammu,Garlic,New Medium,FAQ,10/08/2026,15000,20000,17500
Jammu and Kashmir,Jammu,MAC F&V Market Narwal Jammu,Ginger(Green),Green Ginger,FAQ,10/08/2026,8000,10000,9000
Jammu and Kashmir,Jammu,MAC F&V Market Narwal Jammu,Bhindi(Ladies Finger),Bhindi,FAQ,10/08/2026,2000,2500,2250
Jammu and Kashmir,Jammu,MAC F&V Market Narwal Jammu,Lemon,Other,FAQ,10/08/2026,5000,6500,5750
Jammu and Kashmir,Jammu,MAC F&V Market Narwal Jammu,Tomato,Tomato,FAQ,10/08/2026,3200,3400,3300
Keralam,Alappuzha,Cheriyanadu  VFPCK Market,Cowpea(Veg),Cowpea (Veg),Grade A,10/08/2026,8000,8000,8000
Keralam,Alappuzha,Cheriyanadu  VFPCK Market,Bitter gourd,Bitter Gourd,Grade A,10/08/2026,7500,7500,7500
Keralam,Thiruvananthapuram,Neyyatinkara Market,Amaranthus,Amaranthus,FAQ,10/08/2026,3400,4000,3600
Keralam,Thiruvananthapuram,Neyyatinkara Market,Colacasia,Colacasia,FAQ,10/08/2026,5400,6000,5600
Keralam,Thiruvananthapuram,Neyyatinkara Market,Pumpkin,Other,FAQ,10/08/2026,2300,3000,2500
Punjab,Moga,Baghapurana APMC,Potato,Potato,Grade B,10/08/2026,700,900,800
Punjab,Moga,Baghapurana APMC,Tomato,Tomato,Grade B,10/08/2026,3000,4000,3500
Gujarat,Mehsana,Vijapur(Gojjariya) APMC,Castor Seed,Other,Grade Range-1,10/08/2026,6910,7030,7000
Punjab,Mohali,Dera Bassi APMC,Tomato,Other,Local,10/08/2026,2100,2100,2100
Punjab,Mohali,Dera Bassi APMC,Bottle gourd,Bottle Gourd,Local,10/08/2026,2500,2500,2500
Punjab,Muktsar,Malout APMC,Cauliflower,Cauliflower,FAQ,10/08/2026,4800,4800,4800
Punjab,Muktsar,Malout APMC,Colacasia,Colacasia,FAQ,10/08/2026,1800,1800,1800
Punjab,Muktsar,Malout APMC,Cabbage,Cabbage,FAQ,10/08/2026,3200,3200,3200
Punjab,Muktsar,Malout APMC,Pear(Marasebu),Other,Grade A,10/08/2026,5400,5400,5400
Punjab,Muktsar,Malout APMC,Pineapple,Pine Apple,Grade A,10/08/2026,5500,5500,5500
Punjab,Patiala,Ghanaur APMC,Tomato,Other,FAQ,10/08/2026,1500,1700,1600
Punjab,Patiala,Nabha APMC,Brinjal,Other,Grade C,10/08/2026,1200,2000,1600
Punjab,Patiala,Nabha APMC,Bitter gourd,Other,Grade C,10/08/2026,2000,3000,2500
Punjab,Patiala,Nabha APMC,Potato,Other,Grade C,10/08/2026,350,700,500
Punjab,Patiala,Nabha APMC,Onion,Other,Grade C,10/08/2026,2000,2700,2400
Punjab,Patiala,Nabha APMC,Ginger(Green),Other,Grade C,10/08/2026,4000,7000,5700
Punjab,Patiala,Patiala APMC,Carrot,Carrot,Grade A,10/08/2026,700,900,800
Punjab,Patiala,Patiala APMC,Mint(Pudina),Mint(Pudina),Grade B,10/08/2026,1700,1900,1800
Punjab,Patiala,Patiala APMC,Pumpkin,Other,Grade A,10/08/2026,100,300,200
Punjab,Patiala,Patran APMC,Banana,Other,Grade A,10/08/2026,2800,2800,2800
Punjab,Patiala,Patran APMC,Mousambi(Sweet Lime),Mousambi,Grade A,10/08/2026,2870,2870,2870
Punjab,Patiala,Patran APMC,French Beans(Frasbean),French Beans (Frasbean),Grade A,10/08/2026,3200,3200,3200
Punjab,Patiala,Patran APMC,Cauliflower,Other,Grade A,10/08/2026,3640,3640,3640
Punjab,Patiala,Patran APMC,Garlic,Average,Grade Range-1,10/08/2026,10770,10770,10770
Punjab,Patiala,Patran APMC,Ginger(Green),Other,Grade A,10/08/2026,6060,6060,6060
Punjab,Patiala,Patran APMC,Bottle gourd,Other,Grade A,10/08/2026,1430,1430,1430
Punjab,Patiala,Samana APMC,Apple,Apple,Grade B,10/08/2026,13000,23000,20000
Punjab,Patiala,Samana APMC,Tomato,Tomato,Local,10/08/2026,1800,2600,2000
Punjab,Patiala,Samana APMC,Green Chilli,Green Chilly,Local,10/08/2026,3500,4500,3700
Punjab,Patiala,Samana APMC,Potato,Potato,Local,10/08/2026,600,800,700
Punjab,Patiala,Samana APMC,Coriander(Leaves),Coriander,Grade Range-2,10/08/2026,7000,8500,8000
Punjab,Patiala,Samana APMC,Cabbage,Cabbage,Grade B,10/08/2026,800,1500,900
Punjab,Patiala,Samana APMC,Bhindi(Ladies Finger),Bhindi,Local,10/08/2026,5300,5700,5500
Keralam,Ernakulam,Perumbavoor Market,Bitter gourd,Bitter Gourd,Medium,10/08/2026,4500,5500,5000
Keralam,Ernakulam,Perumbavoor Market,Cabbage,Cabbage,Medium,10/08/2026,3500,4500,4000
Keralam,Ernakulam,Perumbavoor Market,Carrot,Carrot,Medium,10/08/2026,7000,8000,7500
Keralam,Ernakulam,Perumbavoor Market,Cauliflower,Cauliflower,Large,10/08/2026,2500,3500,3000
Keralam,Ernakulam,Perumbavoor Market,Drumstick,Drumstick,Medium,10/08/2026,5200,5800,5400
Keralam,Ernakulam,Perumbavoor Market,Lemon,Lemon,Medium,10/08/2026,5500,6500,6000
Keralam,Ernakulam,Perumbavoor Market,Snakeguard,Snakeguard,Large,10/08/2026,3500,4500,4000
Keralam,Ernakulam,Perumbavoor Market,Pineapple,Pine Apple,Medium,10/08/2026,5000,6000,5500
Punjab,Ropar (Rupnagar),Ropar APMC,Green Peas,Other,FAQ,10/08/2026,9000,9500,9200
Punjab,Ropar (Rupnagar),Ropar APMC,Pineapple,Pine Apple,Medium,10/08/2026,4200,4600,4400
Punjab,Ropar (Rupnagar),Ropar APMC,Tomato,Other,Non-FAQ,10/08/2026,2600,3000,2800
Keralam,Palakad,Pattambi Market,Brinjal,Brinjal,FAQ,10/08/2026,4000,4500,4200
Keralam,Palakad,Pattambi Market,Drumstick,Drumstick,FAQ,10/08/2026,4000,5000,4200
Keralam,Palakad,Pattambi Market,Tapioca,Tapioca,FAQ,10/08/2026,2500,3000,2800
Keralam,Kottayam,Ettumanoor Market,Cauliflower,Cauliflower,FAQ,10/08/2026,4000,4400,4200
Punjab,Sangrur,Dhuri APMC,Pumpkin,Other,Medium,10/08/2026,1500,1800,1700
Punjab,Sangrur,Dhuri APMC,Onion,Other,Medium,10/08/2026,2500,2800,2600
Punjab,Sangrur,Dhuri APMC,Tomato,Other,Medium,10/08/2026,2200,2400,2300
Punjab,Sangrur,Malerkotla APMC,Green Chilli,Green Chilly,Local,10/08/2026,1500,3000,2000
Punjab,Sangrur,Malerkotla APMC,Pumpkin,Other,Local,10/08/2026,1200,2000,1800
Punjab,Sangrur,Malerkotla APMC,Guava,Guava,Local,10/08/2026,1000,3000,2000
Punjab,Sangrur,Malerkotla APMC,Mango,Other,Local,10/08/2026,2500,6000,5000
Keralam,Ernakulam,Piravam Market,Sweet Potato,Sweet Potato,Local,10/08/2026,6000,7000,6500
Keralam,Ernakulam,Piravam Market,Bitter gourd,Bitter Gourd,Local,10/08/2026,7000,9000,8000
Keralam,Ernakulam,Piravam Market,Cauliflower,Cauliflower,Local,10/08/2026,6000,7000,6500
Keralam,Ernakulam,Piravam Market,Colacasia,Other,Local,10/08/2026,4000,5000,4500
Keralam,Ernakulam,Piravam Market,Pumpkin,Pumpkin,Local,10/08/2026,4000,5000,4500
Keralam,Ernakulam,Piravam Market,Tomato,Tomato,Local,10/08/2026,4000,6000,5000
Maharashtra,Nashik,Satana APMC,Onion,Unhali,Local,10/08/2026,500,2870,2160
Karnataka,Kalaburagi,Kalaburagi APMC,Black Gram(Urd Beans)(Whole),Black Gram (Whole),Non-FAQ,10/08/2026,5000,7400,6000
Karnataka,Kalaburagi,Kalaburagi APMC,"Sesamum(Sesame,Gingelly,Til)",White,Non-FAQ,10/08/2026,8900,11500,10000
Karnataka,Kalaburagi,Kalaburagi APMC,Bengal Gram(Gram)(Whole),Average (Whole),Local,10/08/2026,5300,6400,6000
Karnataka,Kalaburagi,Kalaburagi APMC,Brinjal,Brinjal,Local,10/08/2026,1400,2200,1800
Karnataka,Kalaburagi,Kalaburagi APMC,Chikoos(Sapota),Sapota,Local,10/08/2026,1000,3000,2000
Karnataka,Kalaburagi,Kalaburagi APMC,Ladies Finger,Ladies Finger,Local,10/08/2026,1000,1400,1200
Punjab,Tarntaran,Harike APMC,Round gourd,Round gourd,FAQ,10/08/2026,700,800,750
Punjab,Tarntaran,Tarantaran APMC,Cauliflower,Other,Local,10/08/2026,3200,3200,3200
Punjab,Tarntaran,Tarantaran APMC,Brinjal,Other,Local,10/08/2026,2200,2200,2200
Punjab,Tarntaran,Tarantaran APMC,Potato,Other,Local,10/08/2026,900,900,900
Karnataka,Bagalkot,Bagalkot APMC,Groundnut,Gejje,Local,10/08/2026,8051,8051,8051
Karnataka,Chikkaballapur,Chintamani APMC,Green Chilli,Green Chilly,Local,10/08/2026,2500,4500,3000
Karnataka,Chikkaballapur,Chintamani APMC,Beetroot,Beetroot,Local,10/08/2026,1000,2000,1500
Karnataka,Chikkaballapur,Chintamani APMC,Capsicum,Capsicum,Local,10/08/2026,2000,3000,2500
Gujarat,Porbandar,Porbandar APMC,Groundnut,Bold,Non-FAQ,10/08/2026,6000,6000,6000
Gujarat,Porbandar,Porbandar APMC,Coriander(Leaves),Coriander,Local,10/08/2026,6000,8000,7000
Gujarat,Porbandar,Porbandar APMC,Banana,Amruthapani,Grade A,10/08/2026,2500,3500,3000
Gujarat,Porbandar,Porbandar APMC,Orange,Darjeeling,Grade A,10/08/2026,10000,11000,10500
Keralam,Pathanamthitta,Parakkodu Market,Amaranthus,Amaranthus,FAQ,10/08/2026,2000,2500,2200
Karnataka,Vijayanagara,Hospet APMC,Ladies Finger,Ladies Finger,Local,10/08/2026,2000,2600,2500
Karnataka,Vijayanagara,Hospet APMC,Ridgeguard(Tori),Ridgeguard(Tori),Local,10/08/2026,2000,2500,2300
Andhra Pradesh,East Godavari,Anaparthy APMC,Paddy(Common),Paddy,FAQ,10/08/2026,2369,2460,2369
Tamil Nadu,Erode,Alangeyam APMC,Maize,Other,Local,10/08/2026,2830,2839,2834.5
Madhya Pradesh,Jhabua,Petlawad(F&V) APMC,Bhindi(Ladies Finger),Bhindi,Grade A,10/08/2026,1000,1200,1015
Madhya Pradesh,Jhabua,Petlawad(F&V) APMC,Bottle gourd,Bottle Gourd,Grade A,10/08/2026,800,1000,827
Keralam,Thirssur,Karuvannur VFPCK Market,Banana,Nendra Bale,Grade A,10/08/2026,4600,6200,5800
Keralam,Malappuram,Kottakkal Market,Capsicum,Other,Local,10/08/2026,4800,5000,4900
Keralam,Malappuram,Kottakkal Market,Amranthas Red,Chawli Lal,Local,10/08/2026,2300,2500,2400
Keralam,Malappuram,Kottakkal Market,Ashgourd,Other,Local,10/08/2026,1300,1500,1400
Madhya Pradesh,Indore,Indore(F&V) APMC,Mango,Other,Local,10/08/2026,3000,7000,5000
Madhya Pradesh,Indore,Indore(F&V) APMC,Spinach,Spinach,Local,10/08/2026,200,600,400
Madhya Pradesh,Indore,Indore(F&V) APMC,Bitter gourd,Bitter Gourd,Local,10/08/2026,1000,2500,1600
Tamil Nadu,Thanjavur,Tirukattupalli(Uzhavar Sandhai ),Potato,Red Nanital,Local,10/08/2026,3000,3000,3000
Tamil Nadu,Thanjavur,Tirukattupalli(Uzhavar Sandhai ),Carrot,Pusakesar,Local,10/08/2026,9600,9600,9600
Tamil Nadu,Thiruchirappalli,Thuraiyur APMC,Papaya,Papaya,Local,10/08/2026,3000,4000,3500
Tamil Nadu,Thiruchirappalli,Thuraiyur APMC,Bhindi(Ladies Finger),Bhindi,Local,10/08/2026,4000,4500,4250
Tamil Nadu,Thiruchirappalli,Thuraiyur APMC,Banana - Green,Banana - Green,Local,10/08/2026,2000,2500,2250
Tamil Nadu,Thiruchirappalli,Thuraiyur APMC,Raddish,Raddish,Local,10/08/2026,3500,4000,3750
Tamil Nadu,Thiruchirappalli,Thuraiyur APMC,Chow Chow,Chow Chow,Local,10/08/2026,3000,3500,3250
Tamil Nadu,Thiruchirappalli,Thuraiyur APMC,Elephant Yam(Suran)/Amorphophallus,Elephant Yam (Suran),Local,10/08/2026,3500,4000,3750
Tamil Nadu,Thiruchirappalli,Thuraiyur APMC,Yam(Ratalu),Yam (Ratalu),Local,10/08/2026,7000,8000,7500
Maharashtra,Solapur,"Perfect Krushi Market Yard, Tal Madha, Dist Solapur",Pomegranate,Other,Local,10/08/2026,1725,14850,9450
Maharashtra,Sangli,"Sangli(Phale, Bhajipala Market) APMC",Mousambi(Sweet Lime),Other,Local,10/08/2026,2000,5000,3500
Maharashtra,Sangli,"Sangli(Phale, Bhajipala Market) APMC",Orange,Other,Local,10/08/2026,4000,8000,6000
Maharashtra,Sangli,"Sangli(Phale, Bhajipala Market) APMC",Seetapal,Other,Local,10/08/2026,1500,4000,2750
Maharashtra,Sangli,"Sangli(Phale, Bhajipala Market) APMC",Onion,Local,Local,10/08/2026,1000,2800,1900
Maharashtra,Sangli,"Sangli(Phale, Bhajipala Market) APMC",Garlic,Other,Local,10/08/2026,8000,18000,13000
Keralam,Idukki,Kodikulam  VFPCK Market,Banana,Nendra Bale,Large,10/08/2026,6000,6500,6300
Keralam,Malappuram,Parappanangadi Market,Amaranthus,Amaranth Greens-Organic,FAQ,10/08/2026,2900,3100,3000
Keralam,Malappuram,Parappanangadi Market,Beetroot,Other,Local,10/08/2026,4400,4600,4500
Karnataka,Koppal,Kustagi APMC,Green Gram(Moong)(Whole),Local,FAQ,10/08/2026,8800,9200,9038
Keralam,Ernakulam,Thiruvaniyoor  VFPCK Market,Ashgourd,Ashgourd,Grade A,10/08/2026,800,2500,1400
Keralam,Ernakulam,Thiruvaniyoor  VFPCK Market,Cucumbar(Kheera),Cucumbar,Grade A,10/08/2026,800,1300,1200
Maharashtra,Chattrapati Sambhajinagar,Agricultural Produce Market Committee Sillod,Maize,Yellow,Non-FAQ,10/08/2026,2200,2380,2300
Tamil Nadu,Vellore,Ammoor APMC,Paddy(Common),Other,Local,10/08/2026,1532,3749,2640.5
Keralam,Idukki,Rajakkad  VFPCK Market,Banana,Nendra Bale,Large,10/08/2026,5000,5500,5300
Gujarat,Banaskanth,Diyodar APMC,Mustard,Mustard,Local,10/08/2026,7455,7575,7515
Tamil Nadu,Villupuram,Avalurpet APMC,Ragi(Finger Millet),Other,Local,10/08/2026,3445,3445,3445
Maharashtra,Ahilyanagar,Newasa(Ghodegaon) APMC,Onion,Unhali,Local,10/08/2026,1000,3000,2500
Tamil Nadu,Villupuram,Tindivanam APMC,Cluster beans,Cluster Beans,Local,10/08/2026,4500,4500,4500
Tamil Nadu,Villupuram,Tindivanam APMC,Coriander(Leaves),I Sort,Local,10/08/2026,4000,4000,4000
Tamil Nadu,Villupuram,Tindivanam APMC,Ashgourd,Gouard,Local,10/08/2026,1500,1500,1500
Tamil Nadu,Villupuram,Tindivanam APMC,Amaranthus,Amaranthus,Local,10/08/2026,4000,4000,4000
Tamil Nadu,Villupuram,Tindivanam APMC,Green Chilli,Green Chilly,Local,10/08/2026,6000,6000,6000
Tamil Nadu,Villupuram,Tindivanam APMC,Banana - Green,Banana - Green,Local,10/08/2026,5000,5000,5000
Tamil Nadu,Villupuram,Tindivanam APMC,Tapioca,Tapioca,Local,10/08/2026,4500,4500,4500
Tamil Nadu,Villupuram,Tindivanam APMC,Guava,Guava Allahabad,Local,10/08/2026,5000,5000,5000
Tamil Nadu,Villupuram,Tindivanam APMC,Yam(Ratalu),Yam (Ratalu),Local,10/08/2026,6000,6000,6000
Tamil Nadu,Villupuram,Tindivanam APMC,Lemon,Lemon,Local,10/08/2026,8000,9500,8750
Tamil Nadu,Villupuram,Tindivanam APMC,Rose(Local),Rose (Local),Local,10/08/2026,30000,30000,30000
Tamil Nadu,Villupuram,Ulundurpettai APMC,Potato,Red Nanital,Local,10/08/2026,4000,4000,4000
Tamil Nadu,Villupuram,Ulundurpettai APMC,Papaya,Papaya,Local,10/08/2026,2500,2500,2500
Tamil Nadu,Villupuram,Ulundurpettai APMC,Banana - Green,Banana - Green,Local,10/08/2026,3000,3000,3000
Tamil Nadu,Villupuram,Ulundurpettai APMC,Ridgeguard(Tori),Ridgeguard(Tori),Local,10/08/2026,6000,6000,6000
Tamil Nadu,Villupuram,Ulundurpettai APMC,Drumstick,Drumstick,Local,10/08/2026,6000,6000,6000
Tamil Nadu,Villupuram,Ulundurpettai APMC,Guava,Guava Allahabad,Local,10/08/2026,5000,5000,5000
Tamil Nadu,Villupuram,Ulundurpettai APMC,Elephant Yam(Suran)/Amorphophallus,Elephant Yam (Suran),Local,10/08/2026,6000,6000,6000
Tamil Nadu,Villupuram,Ulundurpettai APMC,Yam(Ratalu),Yam (Ratalu),Local,10/08/2026,3000,3000,3000
Chattisgarh,Raigarh,Kharsiya APMC,Paddy(Common),MTU-1010,Non-FAQ,10/08/2026,1850,1860,1850
Karnataka,Vijayanagara,Hoovinahadagali APMC,Maize,Local,Non-FAQ,10/08/2026,2400,2400,2400
Maharashtra,Amarawati,Amarawati APMC,Bengal Gram(Gram)(Whole),Other,FAQ,10/08/2026,5875,6200,6037
Maharashtra,Amarawati,Amarawati APMC,Soyabean,Other,Local,10/08/2026,6400,6800,6600
Maharashtra,Chattrapati Sambhajinagar,Chattrapati Sambhajinagar APMC,Cauliflower,Other,Local,10/08/2026,1200,1600,1400
Maharashtra,Chattrapati Sambhajinagar,Chattrapati Sambhajinagar APMC,Cucumbar(Kheera),Other,Local,10/08/2026,1000,1500,1250
Maharashtra,Chattrapati Sambhajinagar,Chattrapati Sambhajinagar APMC,Methi(Leaves),Other,Local,10/08/2026,800,1000,900
Maharashtra,Chattrapati Sambhajinagar,Lasur Station APMC,Jowar(Sorghum),Other,Local,10/08/2026,2700,4500,3200
Maharashtra,Chattrapati Sambhajinagar,Lasur Station APMC,Bengal Gram(Gram)(Whole),Other,Non-FAQ,10/08/2026,5000,5700,5500
Maharashtra,Amarawati,Amrawati(Frui & Veg. Market) APMC,Cabbage,Other,Local,10/08/2026,1500,2000,1750
Maharashtra,Solapur,SHRI.SIDDHESHWAR  APMC,Pomegranate,Other,Local,10/08/2026,1000,12000,4000
Maharashtra,Solapur,SHRI.SIDDHESHWAR  APMC,Guava,Other,Local,10/08/2026,1000,8000,4000
Maharashtra,Solapur,SHRI.SIDDHESHWAR  APMC,Beetroot,Other,Local,10/08/2026,1000,2000,1800
Maharashtra,Jalgaon,Jalgaon APMC,Cauliflower,Other,Local,10/08/2026,2000,3000,2500
Maharashtra,Jalgaon,Jalgaon APMC,Cabbage,Other,Local,10/08/2026,1800,2000,1900
Maharashtra,Jalgaon,Jalgaon APMC,Raddish,Other,Local,10/08/2026,3500,3500,3500
Gujarat,Surat,Surat APMC,Beetroot,Other,FAQ,10/08/2026,1400,2600,2000
Gujarat,Surat,Surat APMC,Carrot,Carrot,FAQ,10/08/2026,1000,2500,1750
Gujarat,Surat,Surat APMC,Sponge gourd,Other,FAQ,10/08/2026,2000,4800,3400
Gujarat,Surat,Surat APMC,Lemon,Other,FAQ,10/08/2026,1000,4500,2750
Gujarat,Surat,Surat APMC,Little gourd(Kundru),Other,FAQ,10/08/2026,5000,13000,9000
Gujarat,Surat,Surat APMC,Pointed gourd(Parval),Other,FAQ,10/08/2026,5500,7000,6250
Gujarat,Surat,Surat APMC,Pumpkin,Other,FAQ,10/08/2026,700,1500,1100
Gujarat,Surat,Surat APMC,Surat Beans(Papadi),Other,FAQ,10/08/2026,4000,12000,8000
Maharashtra,Nanded,Loha APMC,Bengal Gram(Gram)(Whole),Other,Non-FAQ,10/08/2026,5600,5751,5600
Maharashtra,Nanded,Loha APMC,Turmeric,Rajapuri,Local,10/08/2026,13351,15577,14000
Keralam,Ernakulam,Mookkannur  VFPCK Market,Banana,Nendra Bale,Grade A,10/08/2026,5100,6200,5900
Keralam,Malappuram,Elamkulam VFPCK Market,Banana,Nendra Bale,Local,10/08/2026,4200,4600,4300
Andhra Pradesh,NTR,Mylavaram APMC,Paddy(Common),1001,FAQ,10/08/2026,2369,2369,2369
Uttar Pradesh,Saharanpur,Saharanpur APMC,Potato,Other,FAQ,10/08/2026,500,700,591.77
Uttar Pradesh,Saharanpur,Saharanpur APMC,Green Chilli,Other,FAQ,10/08/2026,2800,4000,3106.53
Chattisgarh,Mahasamund,Basana APMC,Paddy(Common),1001,Non-FAQ,10/08/2026,1840,2010,2000
Uttar Pradesh,Ambedkarnagar,Akbarpur APMC,Wheat,Medium Fine,FAQ,10/08/2026,2450,2450,2450
Telangana,Ranga Reddy,Shadnagar APMC,Brinjal,Brinjal,Local,10/08/2026,1200,1400,1300
Telangana,Ranga Reddy,Shadnagar APMC,Cluster beans,Cluster Beans,Local,10/08/2026,1800,2600,2200
Telangana,Warangal,Warangal APMC,Carrot,Carrot,FAQ,10/08/2026,4000,4500,4250
Telangana,Warangal,Warangal APMC,French Beans(Frasbean),French Beans (Frasbean),FAQ,10/08/2026,9500,10000,9750
Telangana,Warangal,Warangal APMC,Guava,Guava,Large,10/08/2026,4000,4000,4000
Telangana,Warangal,Warangal APMC,Plum,Plum,Large,10/08/2026,10000,10000,10000
Uttar Pradesh,Bulandshahar,Sikanderabad APMC,Wheat,Dara,FAQ,10/08/2026,2530,2600,2594.84
Uttar Pradesh,Bulandshahar,Sikanderabad APMC,Lemon,Other,FAQ,10/08/2026,3500,4000,3807.69
Uttar Pradesh,Bulandshahar,Sikanderabad APMC,Potato,Other,FAQ,10/08/2026,800,1000,882.73
Uttar Pradesh,Bulandshahar,Sikanderabad APMC,Wheat,Medium,FAQ,10/08/2026,2585,2585,2585
Gujarat,Panchmahals,Godhra APMC,Wheat,Local,Local,10/08/2026,2525,2590,2570
Telangana,Bhadradri Kothagudem,Bhadrachalam APMC,Paddy(Common),Samba Masuri,FAQ,10/08/2026,2389,2389,2389
Keralam,Malappuram,Angadippuram VFPCK Market,Banana,Nendra Bale,Local,10/08/2026,4200,4600,4300
Andhra Pradesh,Tirupathi,Nagalapuram APMC,Paddy(Common),Paddy,Local,10/08/2026,2312.5,2337.5,2325
Tripura,Khowai,Bachaibari APMC,Potato,Other,Medium,10/08/2026,1300,1400,1350
Karnataka,Koppal,Yalburga APMC,Bengal Gram(Gram)(Whole),Average (Whole),Non-FAQ,10/08/2026,6000,6000,6000
Karnataka,Koppal,Yalburga APMC,Sunflower/Sunflower Seed,Sunflower,Non-FAQ,10/08/2026,7791,7791,7791
Andhra Pradesh,Bapatla,Bapatla APMC,Paddy(Common),B P T,Local,10/08/2026,3000,3200,3100
Andhra Pradesh,Bapatla,Bapatla APMC,Maize,Local,Local,10/08/2026,2300,2500,2400
Andhra Pradesh,Prakasam,Ongole APMC,Paddy(Common),B P T,Local,10/08/2026,2500,2500,2500
Uttar Pradesh,Bareilly,Baheri APMC,Wood,Other,FAQ,10/08/2026,450,505,473.22
Keralam,Palakad,vadakarapathy Market,Cluster beans,Cluster Beans,FAQ,10/08/2026,3000,3500,3300
Keralam,Palakad,vadakarapathy Market,Bottle gourd,Bottle Gourd,FAQ,10/08/2026,2500,3000,2700
Keralam,Palakad,vadakarapathy Market,Green Chilli,Green Chilly,FAQ,10/08/2026,3000,3500,3300
Keralam,Kozhikode(Calicut),Vengeri(Kozhikode) Market,Snakeguard,Snakeguard,FAQ,10/08/2026,3000,3300,3300
Keralam,Kozhikode(Calicut),Vengeri(Kozhikode) Market,Amaranthus,Amaranthus,FAQ,10/08/2026,2500,2800,2800
Keralam,Kozhikode(Calicut),Vengeri(Kozhikode) Market,Bottle gourd,Bottle Gourd,FAQ,10/08/2026,2800,3100,3100
Keralam,Kozhikode(Calicut),Vengeri(Kozhikode) Market,Bitter gourd,Bitter Gourd,FAQ,10/08/2026,5000,5300,5300
Uttar Pradesh,Maharajganj,Gadaura APMC,Tobacco,Other,FAQ,10/08/2026,6200,6200,6200
Odisha,Rayagada,Rayagada APMC,Cabbage,Cabbage,Local,10/08/2026,2900,3000,3000
Odisha,Rayagada,Rayagada APMC,Carrot,Other,Local,10/08/2026,3400,3500,3500
Odisha,Puri,Sakhigopal APMC,Coconut,Coconut,Local,10/08/2026,13000,23000,20000
Uttar Pradesh,Agra,Jagnair APMC,Mustard,Other,FAQ,10/08/2026,7900,8100,8017.93
Karnataka,Gadag,Laxmeshwar APMC,Mataki,Mataki (W),Small,10/08/2026,3188,14000,6446
Karnataka,Gadag,Laxmeshwar APMC,Kulthi(Horse Gram),Horse gram (Whole),Small,10/08/2026,4215,5050,4777
Uttar Pradesh,Bareilly,Anwala APMC,Bhindi(Ladies Finger),Bhindi,FAQ,10/08/2026,1200,1500,1400
Uttar Pradesh,Bareilly,Anwala APMC,Colacasia,Colacasia,FAQ,10/08/2026,1000,1500,1200
Keralam,Thirssur,Pariyaram VFPCK Market,Banana,Nendra Bale,Grade A,10/08/2026,4500,6200,5500
Keralam,Thiruvananthapuram,Attingal Market,Brinjal,Other,Local,10/08/2026,5500,6500,6000
Keralam,Thiruvananthapuram,Attingal Market,Snakeguard,Other,Local,10/08/2026,3700,4300,4000
Keralam,Thirssur,Chelakkara Market,Bitter gourd,Bitter Gourd,FAQ,10/08/2026,3800,4000,3900
Keralam,Thirssur,Chelakkara Market,Cabbage,Cabbage,FAQ,10/08/2026,3200,3500,3300
Keralam,Thirssur,Chelakkara Market,Carrot,Carrot,FAQ,10/08/2026,7500,7800,7600
Keralam,Thirssur,Chelakkara Market,Drumstick,Drumstick,FAQ,10/08/2026,7000,7500,7200
Andhra Pradesh,Nandyal,Banaganapalli APMC,Paddy(Common),Sona Mahsuri,FAQ,10/08/2026,2100,2350,2200
Keralam,Thirssur,Chavakkad Market,Elephant Yam(Suran)/Amorphophallus,Other,FAQ,10/08/2026,4000,4800,4800
Keralam,Thirssur,Chavakkad Market,Banana - Green,Banana - Green,FAQ,10/08/2026,6200,7000,7000
Keralam,Thirssur,Chavakkad Market,Cluster beans,Cluster Beans,FAQ,10/08/2026,6800,8000,8000
Keralam,Thirssur,Chavakkad Market,Garlic,Other,FAQ,10/08/2026,17000,20000,20000
Keralam,Thirssur,Chavakkad Market,Pumpkin,Pumpkin,FAQ,10/08/2026,1400,2800,2800
Karnataka,Shivamogga,Shimoga APMC,Sweet Pumpkin,Sweet Pumpkin,Local,10/08/2026,600,1200,900
Karnataka,Shivamogga,Shimoga APMC,Cucumbar(Kheera),Cucumbar,Local,10/08/2026,1600,2000,1800
Keralam,Thirssur,Chalakudy Market,Ashgourd,Ashgourd,FAQ,10/08/2026,2400,3300,3300
Andhra Pradesh,Ananthapuramu,Anantapur APMC,Mousambi(Sweet Lime),Mousambi,Grade B,10/08/2026,700,1500,1200
Keralam,Thiruvananthapuram,Aralamoodu Market,Drumstick,Drumstick,FAQ,10/08/2026,5000,7000,7000
Uttar Pradesh,Bijnor,Chaandpur APMC,Wood,Other,FAQ,10/08/2026,650,720,702.2
Uttar Pradesh,Saharanpur,Deoband APMC,Rice,Other,FAQ,10/08/2026,3500,3650,3580.36
Uttar Pradesh,Etawah,Etawah APMC,Green Chilli,Other,FAQ,10/08/2026,1500,1500,1500
Uttar Pradesh,Ghaziabad,Ghaziabad APMC,Lemon,Other,FAQ,10/08/2026,3500,3600,3548.99
Uttar Pradesh,Kanpur,Kanpur(Grain) APMC,Turmeric,Other,FAQ,10/08/2026,9000,20790.32,15869.54
Uttar Pradesh,Kanpur,Kanpur(Grain) APMC,Potato,Other,FAQ,10/08/2026,600,600,600
Uttar Pradesh,Kanpur,Kanpur(Grain) APMC,Wheat,Hybrid,FAQ,10/08/2026,2610,2610,2610
Uttar Pradesh,Kanpur,Kanpur(Grain) APMC,Makhana(Foxnut),Other,FAQ,10/08/2026,41578.8,42576.16,42144.73
Tripura,Dhalai,Chowmanu APMC,Potato,Jyoti,Local,10/08/2026,1800,2000,1900
Tripura,Dhalai,Chowmanu APMC,Bhindi(Ladies Finger),Bhindi,Local,10/08/2026,6000,7000,6500
Maharashtra,Amarawati,Dhamngaon-Railway APMC,Red gram/Arhar/Tur(whole),Other,Non-FAQ,10/08/2026,5100,5900,5500
Maharashtra,Nashik,Lasalgaon APMC,Maize,Other,Non-FAQ,10/08/2026,1001,2350,2300
Uttar Pradesh,Lakhimpur,Lakhimpur APMC,Maize,Other,FAQ,10/08/2026,2000,2000,2000
Uttar Pradesh,Lakhimpur,Lakhimpur APMC,Firewood,Firewood,FAQ,10/08/2026,400,400,400
Uttar Pradesh,Lakhimpur,Lakhimpur APMC,Wood,Other,FAQ,10/08/2026,600,600,600
Uttar Pradesh,Lakhimpur,Lakhimpur APMC,Wheat,Dara,FAQ,10/08/2026,2400,2410,2402.01
Uttar Pradesh,Lakhimpur,Lakhimpur APMC,Potato,Other,FAQ,10/08/2026,1160,1160,1160
Uttar Pradesh,Lakhimpur,Lakhimpur APMC,Green Chilli,Other,FAQ,10/08/2026,1850,1850,1850
Uttar Pradesh,Lalitpur,Lalitpur APMC,Mahua Seed(Hippe seed),Other,FAQ,10/08/2026,4800,4870,4840.33
Uttar Pradesh,Lalitpur,Lalitpur APMC,Wheat,Dara,FAQ,10/08/2026,2350,4052,2532.25
Uttar Pradesh,Lalitpur,Lalitpur APMC,Peas(Dry),Other,FAQ,10/08/2026,3250,4230,3787.71
Uttar Pradesh,Lalitpur,Lalitpur APMC,Wheat,Medium,FAQ,10/08/2026,2351,2400,2356.96
Uttar Pradesh,Lalitpur,Lalitpur APMC,Pea Pod/Pea Cod/हरी मटर,Other,FAQ,10/08/2026,3500,3500,3500
Uttar Pradesh,Sambhal,Muradabad APMC,Wood,Other,FAQ,10/08/2026,500,5066.88,2989.15
Uttar Pradesh,Sambhal,Muradabad APMC,Tomato,Other,FAQ,10/08/2026,2000,2000,2000
West Bengal,Bankura,Bankura Sadar APMC,Rice,Common,FAQ,10/08/2026,3050,3150,3100
West Bengal,Bankura,Bankura Sadar APMC,Paddy(Common),Common,FAQ,10/08/2026,1975,2400,2369
West Bengal,Bankura,Bankura Sadar APMC,Onion,Nasik,FAQ,10/08/2026,2600,2850,2750
West Bengal,Bankura,Bankura Sadar APMC,Masur Dal,Masur Dal,FAQ,10/08/2026,9725,10250,9970
West Bengal,North 24 Parganas,Barasat APMC,Onion,Other,FAQ,10/08/2026,3000,3000,3000
West Bengal,North 24 Parganas,Barasat APMC,Pumpkin,Other,FAQ,10/08/2026,2000,2000,2000
West Bengal,North 24 Parganas,Barasat APMC,Potato,Jyoti,FAQ,10/08/2026,1000,1000,1000
West Bengal,Purba Bardhaman,Kalna APMC,Sweet Pumpkin,Sweet Pumpkin,FAQ,10/08/2026,1600,1700,1600
West Bengal,Purba Bardhaman,Kalna APMC,Onion,Local,FAQ,10/08/2026,2500,2600,2600
Uttarakhand,Udhamsinghnagar,Kashipur APMC,Jack Fruit(Ripe),Other,Local,10/08/2026,1600,1600,1600
Uttarakhand,Udhamsinghnagar,Kashipur APMC,Cauliflower,Other,Local,10/08/2026,2500,2500,2500
Uttarakhand,Udhamsinghnagar,Kashipur APMC,Green Chilli,Green Chilly,Local,10/08/2026,2200,2200,2200
Uttarakhand,Udhamsinghnagar,Kashipur APMC,Bhindi(Ladies Finger),Other,Local,10/08/2026,700,800,750
Uttarakhand,Udhamsinghnagar,Kicchha APMC,Tomato,Hybrid,Non-FAQ,10/08/2026,1700,1800,1740
Uttar Pradesh,Pillibhit,Pilibhit APMC,Mustard,Other,FAQ,10/08/2026,7000,7000,7000
Uttar Pradesh,Shahjahanpur,Shahjahanpur APMC,Green Chilli,Other,FAQ,10/08/2026,1800,1800,1800
Uttar Pradesh,Shahjahanpur,Shahjahanpur APMC,Potato,Other,FAQ,10/08/2026,600,600,600
Uttar Pradesh,Shahjahanpur,Shahjahanpur APMC,Wheat,Dara,FAQ,10/08/2026,2475,2600,2482.36
Uttar Pradesh,Sitapur,Sitapur APMC,Paddy(Common),Common,FAQ,10/08/2026,1860,2031,1985.02
Uttar Pradesh,Sitapur,Sitapur APMC,Wheat,Other,FAQ,10/08/2026,2450,2450,2450
Uttar Pradesh,Varanasi,Varanasi APMC,Rice,Other,FAQ,10/08/2026,5350,5350,5350
Uttar Pradesh,Varanasi,Varanasi APMC,Groundnut,Other,FAQ,10/08/2026,9800,9800,9800
Uttar Pradesh,Varanasi,Varanasi APMC,Potato,Other,FAQ,10/08/2026,800,800,800
Uttar Pradesh,Varanasi,Varanasi APMC,Green Gram(Moong)(Whole),Other,FAQ,10/08/2026,9230,9230,9230
Tripura,Dhalai,Gondatwisa APMC,Bitter gourd,Bitter Gourd,FAQ,10/08/2026,5500,6000,5800
Maharashtra,Nagpur,HINGNA - APMC,Carrot,Other,Local,10/08/2026,2000,3000,2500
Maharashtra,Nagpur,HINGNA - APMC,Pumpkin,Other,Local,10/08/2026,1800,2000,1933
Maharashtra,Nagpur,HINGNA - APMC,Chilly Capsicum,Other,Local,10/08/2026,1500,4000,3157
Maharashtra,Nagpur,HINGNA - APMC,Little gourd(Kundru),Other,Local,10/08/2026,2800,4000,3400
Gujarat,Banaskanth,Vadgam APMC,Bajra(Pearl Millet/Cumbu),Bold,FAQ,10/08/2026,2250,2300,2275
Karnataka,Udupi,Udupi APMC,Onion,Onion,Local,10/08/2026,2200,2300,2300
Karnataka,Udupi,Udupi APMC,Sweet Potato,Sweet Potato,Local,10/08/2026,2900,3000,3000
Rajasthan,Jodhpur,Jodhpur (F&V) APMC,Papaya,Papaya,Medium,10/08/2026,800,2000,1400
Rajasthan,Jodhpur,Jodhpur (F&V) APMC,Beetroot,Other,Medium,10/08/2026,1500,3500,2500
Rajasthan,Jodhpur,Jodhpur (F&V) APMC,Cauliflower,Other,Medium,10/08/2026,1000,2000,1500
Rajasthan,Jodhpur,Jodhpur (F&V) APMC,Green Chilli,Other,Medium,10/08/2026,1000,3000,2000
Rajasthan,Jodhpur,Jodhpur (F&V) APMC,Raddish,Other,Medium,10/08/2026,800,1200,1000
Rajasthan,Jodhpur,Jodhpur (F&V) APMC,Round gourd,Other,Medium,10/08/2026,300,1500,800
Rajasthan,Jodhpur,Jodhpur (F&V) APMC,Tomato,Other,Medium,10/08/2026,1000,3000,2000
Rajasthan,Jodhpur,Jodhpur (F&V) APMC,Custard Apple(Sharifa),Other,Medium,10/08/2026,1000,2000,1500
Keralam,Thiruvananthapuram,Parassala Market,Carrot,Carrot,Local,10/08/2026,3800,4200,4000
Keralam,Thiruvananthapuram,Parassala Market,Amaranthus,Amaranthus,Local,10/08/2026,6500,7000,6800
Keralam,Thiruvananthapuram,Parassala Market,Snakeguard,Snakeguard,Local,10/08/2026,2800,3200,3000
Keralam,Thiruvananthapuram,Parassala Market,Cluster beans,Cluster Beans,Local,10/08/2026,4800,5200,5000
Keralam,Thiruvananthapuram,Parassala Market,Banana,Robusta,Local,10/08/2026,2800,3200,3000
Gujarat,Mehsana,Mehsana APMC,Mustard,Mustard,Local,10/08/2026,1470,7450,7400
Uttarakhand,Haridwar,Roorkee APMC,Bottle gourd,Other,Local,10/08/2026,650,850,750
Uttarakhand,Haridwar,Roorkee APMC,Potato,Other,Medium,10/08/2026,800,1200,1000
Karnataka,Mandya,K.R. Pet APMC,Coconut,Small,Local,10/08/2026,20000,27500,25000
Karnataka,Mandya,K.R. Pet APMC,"Sesamum(Sesame,Gingelly,Til)",Black,Local,10/08/2026,13500,13500,13500
Keralam,Wayanad,Kalpetta Market,Cowpea(Veg),Other,FAQ,10/08/2026,2900,3100,3000
Keralam,Wayanad,Kalpetta Market,Rubber,RSS-4,FAQ,10/08/2026,26000,26200,26100
Keralam,Wayanad,Kalpetta Market,Banana - Green,Other,FAQ,10/08/2026,4300,4500,4400
Keralam,Wayanad,Kalpetta Market,Snakeguard,Other,FAQ,10/08/2026,2800,3000,2900
Keralam,Wayanad,Kalpetta Market,Elephant Yam(Suran)/Amorphophallus,Other,FAQ,10/08/2026,2700,2900,2800
Keralam,Kannur,Kannur Market,Cucumbar(Kheera),Cucumbar,Grade A,10/08/2026,4000,4400,4200
Keralam,Kannur,Kannur Market,Bitter gourd,Bitter Gourd,Grade A,10/08/2026,7000,7600,7300
Keralam,Kannur,Kannur Market,Cowpea(Veg),Cowpea (Veg),Grade A,10/08/2026,6700,7000,6800
Keralam,Kannur,Payyannur Market,Arecanut(Betelnut/Supari),Other,Local,10/08/2026,40000,42000,41000
Keralam,Kannur,Payyannur Market,Coconut Seed,Other,Local,10/08/2026,4900,5100,5000
Keralam,Kannur,Payyannur Market,Copra,Other,Local,10/08/2026,13400,13600,13500
Keralam,Thirssur,Kodungalloor Market,Pumpkin,Pumpkin,Grade A,10/08/2026,1800,1800,1800
Karnataka,Davangere,Honnali APMC,Cabbage,Cabbage,Medium,10/08/2026,800,900,850
Karnataka,Davangere,Honnali APMC,Coconut,Small,Medium,10/08/2026,15000,27000,23750
Maharashtra,Ahilyanagar,Ahilyanagar APMC,Orange,Other,Local,10/08/2026,1500,7100,4300
Maharashtra,Jalgaon,Chalisgaon APMC,Bajra(Pearl Millet/Cumbu),Other,Non-FAQ,10/08/2026,1800,2501,2352
Chattisgarh,Khairagarh Chhuikhadan Gandai,Gandai APMC,White Muesli,Safed Musli-Organic,Grade B,10/08/2026,4000,5000,4500
Maharashtra,Yavatmal,Yavatmal APMC,Soyabean,Yellow,FAQ,10/08/2026,6905,6905,6905
Assam,Darrang,Balugaon APMC,Bhindi(Ladies Finger),Bhindi,Local,10/08/2026,1500,1700,1600
Assam,Darrang,Balugaon APMC,Ginger(Green),Green Ginger,Local,10/08/2026,9000,10000,9500
Assam,Darrang,Besimari APMC,Pumpkin,Pumpkin,Local,10/08/2026,1700,1900,1800
Tamil Nadu,Erode,Thalavadi(Uzhavar Sandhai ),Pumpkin,Pumpkin,Local,10/08/2026,1200,1500,1350
Tamil Nadu,Erode,Thalavadi(Uzhavar Sandhai ),Beans,Beans (Whole),Local,10/08/2026,8000,9000,8500
Tamil Nadu,Erode,Thalavadi(Uzhavar Sandhai ),Snakeguard,Snakeguard,Local,10/08/2026,3000,3500,3250
Tamil Nadu,Erode,Thalavadi(Uzhavar Sandhai ),Cucumbar(Kheera),Cucumbar,Local,10/08/2026,3000,3500,3250
Tamil Nadu,Erode,Thalavadi(Uzhavar Sandhai ),Ridgeguard(Tori),Ridgeguard(Tori),Local,10/08/2026,3000,3600,3300
Tamil Nadu,Erode,Thalavadi(Uzhavar Sandhai ),Chow Chow,Chow Chow,Local,10/08/2026,2400,3000,2700
Tamil Nadu,Erode,Perundurai(Uzhavar Sandhai ),Potato,Other,Local,10/08/2026,3200,3600,3400
Tamil Nadu,Erode,Perundurai(Uzhavar Sandhai ),Brinjal,Round,Local,10/08/2026,3500,4000,3750
Tamil Nadu,Erode,Perundurai(Uzhavar Sandhai ),Coriander(Leaves),I Sort,Local,10/08/2026,4500,4800,4650
Tamil Nadu,Erode,Perundurai(Uzhavar Sandhai ),Amaranthus,Amaranthus,Local,10/08/2026,4000,4400,4200
Tamil Nadu,Erode,Perundurai(Uzhavar Sandhai ),Green Chilli,Green Chilly,Local,10/08/2026,4500,5000,4750
Tamil Nadu,Erode,Perundurai(Uzhavar Sandhai ),Chow Chow,Chow Chow,Local,10/08/2026,3200,3500,3350
Karnataka,Chamarajanagar,Gundlupet APMC,Jowar(Sorghum),Jowar Hybrid,Local,10/08/2026,1700,2500,2300
Karnataka,Chamarajanagar,Gundlupet APMC,Kulthi(Horse Gram),Horse gram (Whole),Local,10/08/2026,4900,4900,4900
Tamil Nadu,Coimbatore,Pethappampatti APMC,Maize,Other,Local,10/08/2026,2200,2700,2450
Maharashtra,Buldhana,Mehekar APMC,Bengal Gram(Gram)(Whole),Other,Non-FAQ,10/08/2026,5300,5870,5750
Tamil Nadu,Cuddalore,Viruthachalam(Uzhavar Sandhai ),Bitter gourd,Bitter Gourd,Local,10/08/2026,6000,6000,6000
Tamil Nadu,Cuddalore,Viruthachalam(Uzhavar Sandhai ),Potato,Red Nanital,Local,10/08/2026,4000,4000,4000
Tamil Nadu,Cuddalore,Viruthachalam(Uzhavar Sandhai ),Amaranthus,Amaranthus,Local,10/08/2026,2000,2500,2250
Tamil Nadu,Cuddalore,Viruthachalam(Uzhavar Sandhai ),Banana - Green,Banana - Green,Local,10/08/2026,2500,2500,2500
Tamil Nadu,Cuddalore,Viruthachalam(Uzhavar Sandhai ),Beetroot,Beetroot,Local,10/08/2026,6000,6000,6000
Tamil Nadu,Cuddalore,Viruthachalam(Uzhavar Sandhai ),Mint(Pudina),Mint(Pudina),Local,10/08/2026,5000,5000,5000
Tamil Nadu,Dharmapuri,Dharmapuri(Uzhavar Sandhai ),Mango,Safeda,Local,10/08/2026,4600,5000,4800
Tamil Nadu,Dharmapuri,Dharmapuri(Uzhavar Sandhai ),Cauliflower,Ranchi,Local,10/08/2026,3300,3500,3400
Tamil Nadu,Dharmapuri,Dharmapuri(Uzhavar Sandhai ),Green Peas,Green Peas,Local,10/08/2026,14700,15500,15100
Tamil Nadu,Dharmapuri,Dharmapuri(Uzhavar Sandhai ),Cluster beans,Cluster Beans,Local,10/08/2026,3300,3600,3450
Tamil Nadu,Dharmapuri,Dharmapuri(Uzhavar Sandhai ),Pumpkin,Pumpkin,Local,10/08/2026,1500,1600,1550
Tamil Nadu,Dharmapuri,Dharmapuri(Uzhavar Sandhai ),Coconut,Coconut,Local,10/08/2026,6600,7000,6800
Tamil Nadu,Dharmapuri,Dharmapuri(Uzhavar Sandhai ),Snakeguard,Snakeguard,Local,10/08/2026,2400,2600,2500
Tamil Nadu,Dharmapuri,Dharmapuri(Uzhavar Sandhai ),Raddish,Raddish,Local,10/08/2026,1500,1600,1550
Tamil Nadu,Dharmapuri,Dharmapuri(Uzhavar Sandhai ),Green Avare(W),Green Avare (W),Local,10/08/2026,6200,6500,6350
Tamil Nadu,Dharmapuri,Dharmapuri(Uzhavar Sandhai ),Elephant Yam(Suran)/Amorphophallus,Elephant Yam (Suran),Local,10/08/2026,6200,6500,6350
Tamil Nadu,Dharmapuri,Dharmapuri(Uzhavar Sandhai ),Sweet Corn ,Sweet Corn ,Local,10/08/2026,2400,2500,2450
Tamil Nadu,Dharmapuri,Palacode(Uzhavar Sandhai ),Garlic,Garlic,Local,10/08/2026,17500,18000,17750
Tamil Nadu,Dharmapuri,Palacode(Uzhavar Sandhai ),Coriander(Leaves),I Sort,Local,10/08/2026,5600,6000,5800
Tamil Nadu,Dharmapuri,Palacode(Uzhavar Sandhai ),Coconut,Coconut,Local,10/08/2026,6500,7000,6750
Tamil Nadu,Dharmapuri,Palacode(Uzhavar Sandhai ),Raddish,Raddish,Local,10/08/2026,1500,1800,1650
Tamil Nadu,Dharmapuri,Pennagaram(Uzhavar Sandhai ),Mango,Safeda,Local,10/08/2026,2800,3000,2900
Tamil Nadu,Dharmapuri,Pennagaram(Uzhavar Sandhai ),Coriander(Leaves),I Sort,Local,10/08/2026,5500,6000,5750
Tamil Nadu,Dharmapuri,Pennagaram(Uzhavar Sandhai ),Bhindi(Ladies Finger),Bhindi,Local,10/08/2026,2800,3000,2900
Tamil Nadu,Dharmapuri,Pennagaram(Uzhavar Sandhai ),Banana - Green,Banana - Green,Local,10/08/2026,2800,3000,2900
Tamil Nadu,Dharmapuri,Pennagaram(Uzhavar Sandhai ),Coconut,Coconut,Local,10/08/2026,4600,5000,4800
Tamil Nadu,Dharmapuri,Pennagaram(Uzhavar Sandhai ),Cabbage,Cabbage,Local,10/08/2026,4200,4500,4350
Tamil Nadu,Dharmapuri,Pennagaram(Uzhavar Sandhai ),Snakeguard,Snakeguard,Local,10/08/2026,3300,3500,3400
Tamil Nadu,Dharmapuri,Pennagaram(Uzhavar Sandhai ),Knool Khol,Knool Khol,Local,10/08/2026,4600,5000,4800
Tamil Nadu,Dharmapuri,Pennagaram(Uzhavar Sandhai ),Capsicum,Capsicum,Local,10/08/2026,6600,7000,6800
Tamil Nadu,Dindigul,Chinnalapatti(Uzhavar Sandhai ),Bottle gourd,Bottle Gourd,Local,10/08/2026,2500,3000,2750
Tamil Nadu,Dindigul,Chinnalapatti(Uzhavar Sandhai ),Green Chilli,Green Chilly,Local,10/08/2026,5000,6000,5500
Tamil Nadu,Dindigul,Chinnalapatti(Uzhavar Sandhai ),Bhindi(Ladies Finger),Bhindi,Local,10/08/2026,3600,4000,3800
Tamil Nadu,Dindigul,Chinnalapatti(Uzhavar Sandhai ),Banana - Green,Banana - Green,Local,10/08/2026,2500,3000,2750
Tamil Nadu,Dindigul,Chinnalapatti(Uzhavar Sandhai ),Chow Chow,Chow Chow,Local,10/08/2026,3000,3600,3300
Tamil Nadu,Dindigul,Chinnalapatti(Uzhavar Sandhai ),Indian Beans(Seam),Indian Beans (Seam),Local,10/08/2026,5600,6000,5800
Tamil Nadu,Dindigul,Chinnalapatti(Uzhavar Sandhai ),Lemon,Lemon,Local,10/08/2026,4000,5000,4500
Tamil Nadu,Dindigul,Chinnalapatti(Uzhavar Sandhai ),Onion Green,Onion Green,Local,10/08/2026,5000,6000,5500
Tamil Nadu,Dindigul,Chinnalapatti(Uzhavar Sandhai ),Mint(Pudina),Mint(Pudina),Local,10/08/2026,3500,4000,3750
Tamil Nadu,Dindigul,Dindigul(Uzhavar Sandhai ),Tomato,Deshi,Local,10/08/2026,1600,2000,1800
Tamil Nadu,Dindigul,Dindigul(Uzhavar Sandhai ),Cluster beans,Cluster Beans,Local,10/08/2026,3000,4000,3500
Tamil Nadu,Dindigul,Dindigul(Uzhavar Sandhai ),Bottle gourd,Bottle Gourd,Local,10/08/2026,2500,3000,2750
Tamil Nadu,Dindigul,Dindigul(Uzhavar Sandhai ),Ashgourd,Gouard,Local,10/08/2026,2500,3000,2750
Tamil Nadu,Dindigul,Dindigul(Uzhavar Sandhai ),Capsicum,Capsicum,Local,10/08/2026,6000,8000,7000
Tamil Nadu,Dindigul,Dindigul(Uzhavar Sandhai ),Chow Chow,Chow Chow,Local,10/08/2026,3000,3600,3300
Tamil Nadu,Dindigul,Dindigul(Uzhavar Sandhai ),Knool Khol,Knool Khol,Local,10/08/2026,5000,6000,5500
Tamil Nadu,Dindigul,Dindigul(Uzhavar Sandhai ),Mashrooms,Mashrooms,Local,10/08/2026,18000,22500,20250
Tamil Nadu,Dindigul,Dindigul(Uzhavar Sandhai ),Amla(Nelli Kai),Amla,Local,10/08/2026,5000,6000,5500
Tamil Nadu,Dindigul,Dindigul(Uzhavar Sandhai ),Onion Green,Onion Green,Local,10/08/2026,5000,6000,5500
Tamil Nadu,Dindigul,Palani(Uzhavar Sandhai ),Onion,Bellary,Local,10/08/2026,3000,4000,3500
Tamil Nadu,Dindigul,Palani(Uzhavar Sandhai ),Pumpkin,Pumpkin,Local,10/08/2026,1500,2000,1750
Tamil Nadu,Dindigul,Palani(Uzhavar Sandhai ),Guava,Guava Allahabad,Local,10/08/2026,3000,4000,3500
Tamil Nadu,Erode,Periyar Nagar(Uzhavar Sandhai ),Tomato,Other,Local,10/08/2026,1500,1800,1650
Tamil Nadu,Erode,Periyar Nagar(Uzhavar Sandhai ),Banana,Besrai,Local,10/08/2026,2400,2800,2600
Tamil Nadu,Erode,Periyar Nagar(Uzhavar Sandhai ),Cluster beans,Cluster Beans,Local,10/08/2026,3000,3200,3100
Tamil Nadu,Erode,Periyar Nagar(Uzhavar Sandhai ),Pumpkin,Pumpkin,Local,10/08/2026,2000,2200,2100
Tamil Nadu,Erode,Periyar Nagar(Uzhavar Sandhai ),Guava,Guava Allahabad,Local,10/08/2026,4600,5000,4800
Tamil Nadu,Kallakuruchi,Sankarapuram(Uzhavar Sandhai ),Banana - Green,Banana - Green,Local,10/08/2026,3000,3000,3000
Tamil Nadu,Kallakuruchi,Sankarapuram(Uzhavar Sandhai ),Sweet Potato,Hosur Red,Local,10/08/2026,6000,6000,6000
Tamil Nadu,Kallakuruchi,Sankarapuram(Uzhavar Sandhai ),Elephant Yam(Suran)/Amorphophallus,Elephant Yam (Suran),Local,10/08/2026,6000,6000,6000
Tamil Nadu,Kallakuruchi,Sankarapuram(Uzhavar Sandhai ),Yam(Ratalu),Yam (Ratalu),Local,10/08/2026,3000,3000,3000
Tamil Nadu,Kallakuruchi,Sankarapuram(Uzhavar Sandhai ),Custard Apple(Sharifa),Custard Apple(Sharifa),Local,10/08/2026,5000,5000,5000
Tamil Nadu,Kancheepuram,Kancheepuram(Uzhavar Sandhai ),Cauliflower,Ranchi,Local,10/08/2026,3000,4000,3500
Tamil Nadu,Kancheepuram,Kancheepuram(Uzhavar Sandhai ),Amaranthus,Amaranthus,Local,10/08/2026,3500,4000,3750
Tamil Nadu,Kancheepuram,Kancheepuram(Uzhavar Sandhai ),Coconut,Coconut,Local,10/08/2026,5500,6000,5750
Tamil Nadu,Kancheepuram,Kancheepuram(Uzhavar Sandhai ),Cucumbar(Kheera),Cucumbar,Local,10/08/2026,3000,3500,3250
Tamil Nadu,Kancheepuram,Kancheepuram(Uzhavar Sandhai ),Tender Coconut,Tender Coconut,Local,10/08/2026,2200,2800,2500
Tamil Nadu,Kancheepuram,Kancheepuram(Uzhavar Sandhai ),Amla(Nelli Kai),Amla,Local,10/08/2026,8000,11000,9500
Tamil Nadu,Kancheepuram,Kundrathur(Uzhavar Sandhai ),Cauliflower,Ranchi,Local,10/08/2026,3000,3500,3250
Tamil Nadu,Kancheepuram,Kundrathur(Uzhavar Sandhai ),Brinjal,Other,Local,10/08/2026,3500,4000,3750
Tamil Nadu,Kancheepuram,Kundrathur(Uzhavar Sandhai ),Ashgourd,Gouard,Local,10/08/2026,2000,2000,2000
Tamil Nadu,Kancheepuram,Kundrathur(Uzhavar Sandhai ),Bhindi(Ladies Finger),Bhindi,Local,10/08/2026,3000,3000,3000
Tamil Nadu,Kancheepuram,Kundrathur(Uzhavar Sandhai ),Beans,Beans (Whole),Local,10/08/2026,7000,7000,7000
Tamil Nadu,Kancheepuram,Kundrathur(Uzhavar Sandhai ),Beetroot,Beetroot,Local,10/08/2026,3500,4000,3750
Tamil Nadu,Kancheepuram,Padappai(Uzhavar Sandhai ),Cauliflower,Ranchi,Local,10/08/2026,3000,3500,3250
Tamil Nadu,Kancheepuram,Padappai(Uzhavar Sandhai ),Brinjal,Other,Local,10/08/2026,2500,3000,2750
Tamil Nadu,Kancheepuram,Padappai(Uzhavar Sandhai ),Tomato,Local,Local,10/08/2026,1600,2400,2000
Tamil Nadu,Kancheepuram,Padappai(Uzhavar Sandhai ),Ashgourd,Gouard,Local,10/08/2026,2200,2800,2500
Tamil Nadu,Kancheepuram,Padappai(Uzhavar Sandhai ),Pumpkin,Pumpkin,Local,10/08/2026,2000,2500,2250
Tamil Nadu,Kancheepuram,Padappai(Uzhavar Sandhai ),Bhindi(Ladies Finger),Bhindi,Local,10/08/2026,3000,3500,3250
Tamil Nadu,Kancheepuram,Padappai(Uzhavar Sandhai ),Green Chilli,Green Chilly,Local,10/08/2026,5000,5500,5250
Tamil Nadu,Kancheepuram,Padappai(Uzhavar Sandhai ),Coconut,Coconut,Local,10/08/2026,5500,6000,5750
Tamil Nadu,Kancheepuram,Padappai(Uzhavar Sandhai ),Green Avare(W),Other,Local,10/08/2026,5000,6000,5500
Tamil Nadu,Kancheepuram,Padappai(Uzhavar Sandhai ),Guava,Guava Allahabad,Local,10/08/2026,4000,5000,4500
Tamil Nadu,Kancheepuram,Padappai(Uzhavar Sandhai ),Mashrooms,Mashrooms,Local,10/08/2026,22000,28000,25000
Tamil Nadu,Kancheepuram,Sunguvarchatram(Uzhavar Sandhai ),Banana,Red Banana,Local,10/08/2026,7000,8000,7500
Tamil Nadu,Kancheepuram,Sunguvarchatram(Uzhavar Sandhai ),Amaranthus,Amaranthus,Local,10/08/2026,3000,3000,3000
Tamil Nadu,Krishnagiri,Avallapalli(Uzhavar Sandhai ),Cluster beans,Cluster Beans,Local,10/08/2026,3500,4000,3750
Tamil Nadu,Krishnagiri,Avallapalli(Uzhavar Sandhai ),Garlic,Garlic,Local,10/08/2026,22000,24000,23000
Tamil Nadu,Krishnagiri,Avallapalli(Uzhavar Sandhai ),Brinjal,Round,Local,10/08/2026,3500,4000,3750
Tamil Nadu,Krishnagiri,Avallapalli(Uzhavar Sandhai ),Tomato,Deshi,Local,10/08/2026,1200,1500,1350
Tamil Nadu,Krishnagiri,Avallapalli(Uzhavar Sandhai ),Bhindi(Ladies Finger),Bhindi,Local,10/08/2026,3500,4000,3750
Tamil Nadu,Krishnagiri,Avallapalli(Uzhavar Sandhai ),Amaranthus,Amaranthus,Local,10/08/2026,5500,6000,5750
Tamil Nadu,Krishnagiri,Avallapalli(Uzhavar Sandhai ),Banana - Green,Banana - Green,Local,10/08/2026,3500,4000,3750
Tamil Nadu,Krishnagiri,Avallapalli(Uzhavar Sandhai ),Tapioca,Tapioca,Local,10/08/2026,3500,4000,3750
Tamil Nadu,Krishnagiri,Avallapalli(Uzhavar Sandhai ),Ginger(Green),Green Ginger,Local,10/08/2026,16000,18000,17000
Tamil Nadu,Krishnagiri,Avallapalli(Uzhavar Sandhai ),Sweet Potato,Hosur Red,Local,10/08/2026,4500,5000,4750
Tamil Nadu,Krishnagiri,Avallapalli(Uzhavar Sandhai ),Carrot,Pusakesar,Local,10/08/2026,6000,6500,6250
Tamil Nadu,Krishnagiri,Avallapalli(Uzhavar Sandhai ),Thondekai,Thondekai,Local,10/08/2026,3000,3500,3250
Tamil Nadu,Krishnagiri,Avallapalli(Uzhavar Sandhai ),Tamarind Fruit,Tamarind Fruit,Local,10/08/2026,9000,10000,9500
Tamil Nadu,Dharmapuri,Karimangalam(Uzhavar Sandhai),Cauliflower,Ranchi,Local,10/08/2026,3800,4000,3900
Tamil Nadu,Dharmapuri,Karimangalam(Uzhavar Sandhai),Green Peas,Green Peas,Local,10/08/2026,15000,16000,15500
Tamil Nadu,Dharmapuri,Karimangalam(Uzhavar Sandhai),Tomato,Local,Local,10/08/2026,1800,2000,1900
Tamil Nadu,Dharmapuri,Karimangalam(Uzhavar Sandhai),Cluster beans,Cluster Beans,Local,10/08/2026,3800,4000,3900
Tamil Nadu,Dharmapuri,Karimangalam(Uzhavar Sandhai),Bitter gourd,Other,Local,10/08/2026,4500,5000,4750
Tamil Nadu,Dharmapuri,Karimangalam(Uzhavar Sandhai),Bottle gourd,Bottle Gourd,Local,10/08/2026,2300,2500,2400
Tamil Nadu,Dharmapuri,Karimangalam(Uzhavar Sandhai),Tapioca,Tapioca,Local,10/08/2026,2300,2500,2400
Tamil Nadu,Dharmapuri,Karimangalam(Uzhavar Sandhai),Beetroot,Beetroot,Local,10/08/2026,5400,5800,5600
Tamil Nadu,Dharmapuri,Karimangalam(Uzhavar Sandhai),Green Avare(W),Other,Local,10/08/2026,6000,6500,6250
Tamil Nadu,Dharmapuri,Karimangalam(Uzhavar Sandhai),Drumstick,Drumstick,Local,10/08/2026,4500,5000,4750
Tamil Nadu,Dharmapuri,Karimangalam(Uzhavar Sandhai),Amla(Nelli Kai),Amla,Local,10/08/2026,5500,6000,5750
Tamil Nadu,Dharmapuri,Karimangalam(Uzhavar Sandhai),Onion Green,Onion Green,Local,10/08/2026,5000,5500,5250
Tamil Nadu,Dharmapuri,Karimangalam(Uzhavar Sandhai),Mint(Pudina),Mint(Pudina),Local,10/08/2026,7500,8000,7750
Tamil Nadu,Krishnagiri,Denkanikottai(Uzhavar Sandhai ),Onion,Bellary,Local,10/08/2026,3500,4000,3750
Tamil Nadu,Krishnagiri,Denkanikottai(Uzhavar Sandhai ),Coriander(Leaves),I Sort,Local,10/08/2026,5000,6000,5500
Tamil Nadu,Krishnagiri,Denkanikottai(Uzhavar Sandhai ),Cabbage,Cabbage,Local,10/08/2026,1500,2000,1750
Tamil Nadu,Krishnagiri,Denkanikottai(Uzhavar Sandhai ),Snakeguard,Snakeguard,Local,10/08/2026,2500,3000,2750
Tamil Nadu,Krishnagiri,Denkanikottai(Uzhavar Sandhai ),Elephant Yam(Suran)/Amorphophallus,Elephant Yam (Suran),Local,10/08/2026,4500,5000,4750
Tamil Nadu,Krishnagiri,Hosur(Uzhavar Sandhai ),Tomato,Deshi,Local,10/08/2026,1000,1500,1250
Tamil Nadu,Krishnagiri,Hosur(Uzhavar Sandhai ),Cluster beans,Cluster Beans,Local,10/08/2026,3500,4000,3750
Tamil Nadu,Krishnagiri,Hosur(Uzhavar Sandhai ),Potato,Red Nanital,Local,10/08/2026,2000,2500,2250
Tamil Nadu,Krishnagiri,Hosur(Uzhavar Sandhai ),Apple,American,Local,10/08/2026,18000,20000,19000
Tamil Nadu,Krishnagiri,Hosur(Uzhavar Sandhai ),Bhindi(Ladies Finger),Bhindi,Local,10/08/2026,2500,3000,2750
Tamil Nadu,Krishnagiri,Hosur(Uzhavar Sandhai ),Thondekai,Thondekai,Local,10/08/2026,3000,3500,3250
Tamil Nadu,Krishnagiri,Hosur(Uzhavar Sandhai ),Beetroot,Beetroot,Local,10/08/2026,4000,4500,4250
Tamil Nadu,Krishnagiri,Hosur(Uzhavar Sandhai ),Tube Flower,Tube Flower,Local,10/08/2026,55000,60000,57500
Tamil Nadu,Krishnagiri,Hosur(Uzhavar Sandhai ),Yam(Ratalu),Yam (Ratalu),Local,10/08/2026,4500,5000,4750
Tamil Nadu,Krishnagiri,Hosur(Uzhavar Sandhai ),Lemon,Lemon,Local,10/08/2026,8000,10000,9000
Tamil Nadu,Krishnagiri,Hosur(Uzhavar Sandhai ),Mashrooms,Mashrooms,Local,10/08/2026,16000,20000,18000
Tamil Nadu,Krishnagiri,Hosur(Uzhavar Sandhai ),Onion Green,Onion Green,Local,10/08/2026,8000,9000,8500
Tamil Nadu,Krishnagiri,Hosur(Uzhavar Sandhai ),Sweet Corn ,Sweet Corn ,Local,10/08/2026,2500,3000,2750
Assam,Nagaon,Dhing APMC,Green Chilli,Green Chilly,FAQ,10/08/2026,4500,4700,4600
Tamil Nadu,Krishnagiri,Krishnagiri(Uzhavar Sandhai ),Onion,Bellary,Local,10/08/2026,3000,3500,3250
Tamil Nadu,Krishnagiri,Krishnagiri(Uzhavar Sandhai ),Garlic,Garlic,Local,10/08/2026,23000,24000,23500
Tamil Nadu,Krishnagiri,Krishnagiri(Uzhavar Sandhai ),Papaya,Papaya,Local,10/08/2026,2500,3000,2750
Tamil Nadu,Krishnagiri,Krishnagiri(Uzhavar Sandhai ),Banana,Besrai,Local,10/08/2026,6000,6500,6250
Tamil Nadu,Krishnagiri,Krishnagiri(Uzhavar Sandhai ),Bitter gourd,Bitter Gourd,Local,10/08/2026,4000,4400,4200
Tamil Nadu,Krishnagiri,Krishnagiri(Uzhavar Sandhai ),Sweet Potato,Hosur Red,Local,10/08/2026,2500,2800,2650
Tamil Nadu,Krishnagiri,Krishnagiri(Uzhavar Sandhai ),Ridgeguard(Tori),Ridgeguard(Tori),Local,10/08/2026,3000,3400,3200
Tamil Nadu,Krishnagiri,Krishnagiri(Uzhavar Sandhai ),Raddish,Raddish,Local,10/08/2026,2500,3000,2750
Tamil Nadu,Krishnagiri,Krishnagiri(Uzhavar Sandhai ),Thondekai,Thondekai,Local,10/08/2026,4000,5000,4500
Tamil Nadu,Krishnagiri,Krishnagiri(Uzhavar Sandhai ),Tamarind Fruit,Tamarind Fruit,Local,10/08/2026,10000,12000,11000
Tamil Nadu,Krishnagiri,Krishnagiri(Uzhavar Sandhai ),Indian Beans(Seam),Indian Beans (Seam),Local,10/08/2026,4000,4400,4200
Tamil Nadu,Madurai,Anaiyur(Uzhavar Sandhai ),Cluster beans,Cluster Beans,Local,10/08/2026,3600,4000,3800
Tamil Nadu,Madurai,Anaiyur(Uzhavar Sandhai ),Cauliflower,Ranchi,Local,10/08/2026,3000,3500,3250
Tamil Nadu,Madurai,Anaiyur(Uzhavar Sandhai ),Soyabean,Local,Local,10/08/2026,9000,10000,9500
Tamil Nadu,Madurai,Anaiyur(Uzhavar Sandhai ),Amaranthus,Amaranthus,Local,10/08/2026,3000,3600,3300
Tamil Nadu,Madurai,Anaiyur(Uzhavar Sandhai ),Tapioca,Tapioca,Local,10/08/2026,3600,4000,3800
Tamil Nadu,Madurai,Anaiyur(Uzhavar Sandhai ),Carrot,Pusakesar,Local,10/08/2026,5000,8000,6500
Tamil Nadu,Madurai,Anaiyur(Uzhavar Sandhai ),Snakeguard,Snakeguard,Local,10/08/2026,3000,4000,3500
Tamil Nadu,Madurai,Anaiyur(Uzhavar Sandhai ),Capsicum,Capsicum,Local,10/08/2026,7000,8000,7500
Tamil Nadu,Madurai,Anaiyur(Uzhavar Sandhai ),Elephant Yam(Suran)/Amorphophallus,Elephant Yam (Suran),Local,10/08/2026,4000,5500,4750
Tamil Nadu,Madurai,Anaiyur(Uzhavar Sandhai ),Yam(Ratalu),Yam (Ratalu),Local,10/08/2026,8000,9000,8500
Tamil Nadu,Madurai,Anaiyur(Uzhavar Sandhai ),Indian Beans(Seam),Indian Beans (Seam),Local,10/08/2026,4000,5000,4500
Tamil Nadu,Madurai,Anaiyur(Uzhavar Sandhai ),Amla(Nelli Kai),Amla,Local,10/08/2026,6500,7000,6750
Tamil Nadu,Madurai,Usilampatti(Uzhavar Sandhai ),Coriander(Leaves),I Sort,Local,10/08/2026,5000,5500,5250
Tamil Nadu,Madurai,Usilampatti(Uzhavar Sandhai ),Ashgourd,Gouard,Local,10/08/2026,1800,2000,1900
Tamil Nadu,Madurai,Usilampatti(Uzhavar Sandhai ),Amaranthus,Amaranthus,Local,10/08/2026,3000,3600,3300
Tamil Nadu,Madurai,Usilampatti(Uzhavar Sandhai ),Elephant Yam(Suran)/Amorphophallus,Elephant Yam (Suran),Local,10/08/2026,4000,4500,4250
Tamil Nadu,Nagapattinam,Nagapattinam(Uzhavar Sandhai ),Garlic,Garlic,Local,10/08/2026,17500,20000,18750
Tamil Nadu,Nagapattinam,Nagapattinam(Uzhavar Sandhai ),Brinjal,Round,Local,10/08/2026,4700,5500,5100
Tamil Nadu,Nagapattinam,Nagapattinam(Uzhavar Sandhai ),Amaranthus,Amaranthus,Local,10/08/2026,1600,2000,1800
Tamil Nadu,Nagapattinam,Nagapattinam(Uzhavar Sandhai ),Green Chilli,Green Chilly,Local,10/08/2026,3200,3200,3200
Tamil Nadu,Nagapattinam,Nagapattinam(Uzhavar Sandhai ),Beans,Beans (Whole),Local,10/08/2026,9000,10800,9900
Tamil Nadu,Nagapattinam,Nagapattinam(Uzhavar Sandhai ),Ridgeguard(Tori),Ridgeguard(Tori),Local,10/08/2026,4700,4700,4700
Tamil Nadu,Nagapattinam,Nagapattinam(Uzhavar Sandhai ),Mango(Raw-Ripe),Mango - Raw-Ripe,Local,10/08/2026,4000,4500,4250
Tamil Nadu,Nagapattinam,Nagapattinam(Uzhavar Sandhai ),Tamarind Fruit,Tamarind Fruit,Local,10/08/2026,11500,13000,12250
Tamil Nadu,Nagapattinam,Nagapattinam(Uzhavar Sandhai ),Yam(Ratalu),Yam (Ratalu),Local,10/08/2026,6800,7500,7150
Tamil Nadu,Nagapattinam,Sirkali(Uzhavar Sandhai ),Banana,Besrai,Local,10/08/2026,4000,5000,4500
Tamil Nadu,Nagapattinam,Sirkali(Uzhavar Sandhai ),Bhindi(Ladies Finger),Bhindi,Local,10/08/2026,4500,5000,4750
Tamil Nadu,Nagapattinam,Sirkali(Uzhavar Sandhai ),Amaranthus,Amaranthus,Local,10/08/2026,1500,2000,1750
Tamil Nadu,Nagapattinam,Sirkali(Uzhavar Sandhai ),Ginger(Green),Green Ginger,Local,10/08/2026,18000,20000,19000
Tamil Nadu,Nagapattinam,Sirkali(Uzhavar Sandhai ),Sweet Potato,Hosur Red,Local,10/08/2026,5500,6000,5750
Tamil Nadu,Nagapattinam,Sirkali(Uzhavar Sandhai ),Beetroot,Beetroot,Local,10/08/2026,4500,5000,4750
Tamil Nadu,Nagapattinam,Sirkali(Uzhavar Sandhai ),Elephant Yam(Suran)/Amorphophallus,Elephant Yam (Suran),Local,10/08/2026,6500,7000,6750
Tamil Nadu,Nagapattinam,Sirkali(Uzhavar Sandhai ),Onion Green,Onion Green,Local,10/08/2026,5500,6000,5750
Tamil Nadu,Namakkal,Kumarapalayam(Uzhavar Sandhai ),Papaya,Papaya,Local,10/08/2026,2500,3000,2750
Tamil Nadu,Namakkal,Kumarapalayam(Uzhavar Sandhai ),Mousambi(Sweet Lime),Mousambi,Local,10/08/2026,3300,3800,3550
Tamil Nadu,Namakkal,Kumarapalayam(Uzhavar Sandhai ),Banana,Red Banana,Local,10/08/2026,5500,6000,5750
Tamil Nadu,Namakkal,Kumarapalayam(Uzhavar Sandhai ),Amaranthus,Amaranthus,Local,10/08/2026,3500,4000,3750
Tamil Nadu,Namakkal,Kumarapalayam(Uzhavar Sandhai ),Green Chilli,Green Chilly,Local,10/08/2026,5400,6000,5700
Tamil Nadu,Namakkal,Kumarapalayam(Uzhavar Sandhai ),Ginger(Green),Green Ginger,Local,10/08/2026,19000,20000,19500
Tamil Nadu,Namakkal,Kumarapalayam(Uzhavar Sandhai ),Tapioca,Tapioca,Local,10/08/2026,2400,3000,2700
Tamil Nadu,Namakkal,Kumarapalayam(Uzhavar Sandhai ),Coconut,Coconut,Local,10/08/2026,4800,5200,5000
Tamil Nadu,Namakkal,Kumarapalayam(Uzhavar Sandhai ),Carrot,Pusakesar,Local,10/08/2026,8500,9000,8750
Tamil Nadu,Namakkal,Mohanur(Uzhavar Sandhai ),Tomato,Deshi,Local,10/08/2026,1800,2400,2100
Tamil Nadu,Namakkal,Mohanur(Uzhavar Sandhai ),Pumpkin,Pumpkin,Local,10/08/2026,2400,3000,2700
Tamil Nadu,Namakkal,Mohanur(Uzhavar Sandhai ),Bhindi(Ladies Finger),Bhindi,Local,10/08/2026,4800,5400,5100
Tamil Nadu,Namakkal,Mohanur(Uzhavar Sandhai ),Snakeguard,Snakeguard,Local,10/08/2026,4800,5400,5100
Tamil Nadu,Namakkal,Namakkal(Uzhavar Sandhai ),Mango,Neelam,Local,10/08/2026,8000,8500,8250
Tamil Nadu,Namakkal,Namakkal(Uzhavar Sandhai ),Onion,Bellary,Local,10/08/2026,3400,3800,3600
Tamil Nadu,Namakkal,Namakkal(Uzhavar Sandhai ),Coriander(Leaves),I Sort,Local,10/08/2026,7000,8000,7500
Tamil Nadu,Namakkal,Namakkal(Uzhavar Sandhai ),Banana,Karpura,Local,10/08/2026,4500,5000,4750
Tamil Nadu,Namakkal,Namakkal(Uzhavar Sandhai ),Banana - Green,Banana - Green,Local,10/08/2026,3500,4000,3750
Tamil Nadu,Namakkal,Namakkal(Uzhavar Sandhai ),Tapioca,Tapioca,Local,10/08/2026,2500,3000,2750
Tamil Nadu,Namakkal,Namakkal(Uzhavar Sandhai ),Ridgeguard(Tori),Ridgeguard(Tori),Local,10/08/2026,5000,5500,5250
Tamil Nadu,Namakkal,Namakkal(Uzhavar Sandhai ),Thondekai,Thondekai,Local,10/08/2026,5000,5600,5300
Tamil Nadu,Namakkal,Namakkal(Uzhavar Sandhai ),Capsicum,Capsicum,Local,10/08/2026,5500,6000,5750
Tamil Nadu,Namakkal,Namakkal(Uzhavar Sandhai ),Knool Khol,Knool Khol,Local,10/08/2026,2800,3200,3000
Tamil Nadu,Namakkal,Namakkal(Uzhavar Sandhai ),Guava,Guava Allahabad,Local,10/08/2026,3000,3500,3250
Tamil Nadu,Namakkal,Namakkal(Uzhavar Sandhai ),Lemon,Lemon,Local,10/08/2026,5500,6000,5750
Tamil Nadu,Namakkal,Paramathivelur(Uzhavar Sandhai ),Tomato,Deshi,Local,10/08/2026,2000,2300,2150
Tamil Nadu,Namakkal,Paramathivelur(Uzhavar Sandhai ),Bitter gourd,Bitter Gourd,Local,10/08/2026,6000,7000,6500
Tamil Nadu,Namakkal,Paramathivelur(Uzhavar Sandhai ),Cluster beans,Cluster Beans,Local,10/08/2026,3500,4000,3750
Tamil Nadu,Namakkal,Paramathivelur(Uzhavar Sandhai ),Cauliflower,Ranchi,Local,10/08/2026,3500,4000,3750
Tamil Nadu,Namakkal,Paramathivelur(Uzhavar Sandhai ),Brinjal,Round,Local,10/08/2026,5600,6000,5800
Tamil Nadu,Namakkal,Paramathivelur(Uzhavar Sandhai ),Banana,Other,Local,10/08/2026,4000,4500,4250
Tamil Nadu,Namakkal,Paramathivelur(Uzhavar Sandhai ),Bottle gourd,Bottle Gourd,Local,10/08/2026,1500,2000,1750
Tamil Nadu,Namakkal,Paramathivelur(Uzhavar Sandhai ),Amaranthus,Amaranthus,Local,10/08/2026,4000,4500,4250
Tamil Nadu,Namakkal,Paramathivelur(Uzhavar Sandhai ),Carrot,Pusakesar,Local,10/08/2026,9000,10000,9500
Tamil Nadu,Namakkal,Paramathivelur(Uzhavar Sandhai ),Green Avare(W),Green Avare (W),Local,10/08/2026,9000,10000,9500
Tamil Nadu,Namakkal,Paramathivelur(Uzhavar Sandhai ),Elephant Yam(Suran)/Amorphophallus,Elephant Yam (Suran),Local,10/08/2026,4000,4500,4250
Tamil Nadu,Namakkal,Paramathivelur(Uzhavar Sandhai ),Amla(Nelli Kai),Amla,Local,10/08/2026,7000,8000,7500
Tamil Nadu,Namakkal,Paramathivelur(Uzhavar Sandhai ),Mint(Pudina),Mint(Pudina),Local,10/08/2026,4000,5000,4500
Tamil Nadu,Namakkal,Rasipuram(Uzhavar Sandhai ),Potato,Other,Local,10/08/2026,3000,3500,3250
Tamil Nadu,Namakkal,Rasipuram(Uzhavar Sandhai ),Banana,Red Banana,Local,10/08/2026,6500,7000,6750
Tamil Nadu,Namakkal,Rasipuram(Uzhavar Sandhai ),Cluster beans,Cluster Beans,Local,10/08/2026,3400,4000,3700
Tamil Nadu,Namakkal,Rasipuram(Uzhavar Sandhai ),Bitter gourd,Other,Local,10/08/2026,6400,6800,6600
Tamil Nadu,Namakkal,Rasipuram(Uzhavar Sandhai ),Beans,Beans (Whole),Local,10/08/2026,9000,10000,9500
Tamil Nadu,Namakkal,Rasipuram(Uzhavar Sandhai ),Snakeguard,Snakeguard,Local,10/08/2026,4500,5000,4750
Tamil Nadu,Namakkal,Rasipuram(Uzhavar Sandhai ),Ridgeguard(Tori),Ridgeguard(Tori),Local,10/08/2026,5000,5500,5250
Tamil Nadu,Namakkal,Rasipuram(Uzhavar Sandhai ),Tender Coconut,Tender Coconut,Local,10/08/2026,3500,4000,3750
Tamil Nadu,Namakkal,Rasipuram(Uzhavar Sandhai ),Lemon,Lemon,Local,10/08/2026,5500,6000,5750
Tamil Nadu,Namakkal,Rasipuram(Uzhavar Sandhai ),Custard Apple(Sharifa),Custard Apple(Sharifa),Local,10/08/2026,3500,4000,3750
Tamil Nadu,Namakkal,Rasipuram(Uzhavar Sandhai ),Amla(Nelli Kai),Amla,Local,10/08/2026,8500,9000,8750
Tamil Nadu,Madurai,Palanganatham(Uzhavar Sandhai ),Onion,Bellary,Local,10/08/2026,3000,4200,3600
Tamil Nadu,Madurai,Palanganatham(Uzhavar Sandhai ),Orange,Darjeeling,Local,10/08/2026,14000,16000,15000
Tamil Nadu,Madurai,Palanganatham(Uzhavar Sandhai ),Grapes,Annabesahai,Local,10/08/2026,11000,12000,11500
Tamil Nadu,Madurai,Palanganatham(Uzhavar Sandhai ),Mousambi(Sweet Lime),Mousambi,Local,10/08/2026,7000,8000,7500
Tamil Nadu,Madurai,Palanganatham(Uzhavar Sandhai ),Apple,American,Local,10/08/2026,20000,27000,23500
Tamil Nadu,Madurai,Palanganatham(Uzhavar Sandhai ),Banana,Besrai,Local,10/08/2026,3000,4000,3500
Tamil Nadu,Madurai,Palanganatham(Uzhavar Sandhai ),Banana - Green,Banana - Green,Local,10/08/2026,1500,2000,1750
Tamil Nadu,Madurai,Palanganatham(Uzhavar Sandhai ),Beans,Beans (Whole),Local,10/08/2026,9000,10000,9500
Tamil Nadu,Madurai,Palanganatham(Uzhavar Sandhai ),Ginger(Green),Green Ginger,Local,10/08/2026,20000,22000,21000
Tamil Nadu,Madurai,Palanganatham(Uzhavar Sandhai ),Chow Chow,Chow Chow,Local,10/08/2026,2500,3000,2750
Tamil Nadu,Madurai,Palanganatham(Uzhavar Sandhai ),Lime,Lime,Local,10/08/2026,12000,14000,13000
Tamil Nadu,Madurai,Palanganatham(Uzhavar Sandhai ),Mint(Pudina),Mint(Pudina),Local,10/08/2026,4000,5500,4750
Tamil Nadu,Madurai,Anna nagar(Uzhavar Sandhai ),Potato,Other,Local,10/08/2026,7400,8000,7700
Tamil Nadu,Madurai,Anna nagar(Uzhavar Sandhai ),Brinjal,Other,Local,10/08/2026,3600,4000,3800
Tamil Nadu,Madurai,Anna nagar(Uzhavar Sandhai ),Papaya,Papaya,Local,10/08/2026,4000,4000,4000
Tamil Nadu,Madurai,Anna nagar(Uzhavar Sandhai ),Apple,American,Local,10/08/2026,22000,22000,22000
Tamil Nadu,Madurai,Anna nagar(Uzhavar Sandhai ),Cluster beans,Cluster Beans,Local,10/08/2026,4000,4600,4300
Tamil Nadu,Madurai,Anna nagar(Uzhavar Sandhai ),Tapioca,Tapioca,Local,10/08/2026,4000,4000,4000
Tamil Nadu,Madurai,Anna nagar(Uzhavar Sandhai ),Coconut,Coconut,Local,10/08/2026,6500,6500,6500
Tamil Nadu,Madurai,Anna nagar(Uzhavar Sandhai ),Carrot,Pusakesar,Local,10/08/2026,9400,9400,9400
Tamil Nadu,Madurai,Anna nagar(Uzhavar Sandhai ),Pomegranate,Pomogranate,Local,10/08/2026,16000,20000,18000
Tamil Nadu,Madurai,Anna nagar(Uzhavar Sandhai ),Marigold(Calcutta),Marigold(Calcutta),Local,10/08/2026,20000,20000,20000
Tamil Nadu,Madurai,Anna nagar(Uzhavar Sandhai ),Indian Beans(Seam),Indian Beans (Seam),Local,10/08/2026,6600,6800,6700
Tamil Nadu,Madurai,Anna nagar(Uzhavar Sandhai ),Amla(Nelli Kai),Amla,Local,10/08/2026,6000,7000,6500
Tamil Nadu,Perambalur,Perambalur(Uzhavar Sandhai ),Tomato,Local,Local,10/08/2026,2500,2800,2650
Tamil Nadu,Perambalur,Perambalur(Uzhavar Sandhai ),Grapes,Annabesahai,Local,10/08/2026,10000,12000,11000
Tamil Nadu,Perambalur,Perambalur(Uzhavar Sandhai ),Bhindi(Ladies Finger),Bhindi,Local,10/08/2026,4400,4800,4600
Tamil Nadu,Perambalur,Perambalur(Uzhavar Sandhai ),Cowpea(Veg),Cowpea (Veg),Local,10/08/2026,5600,5600,5600
Tamil Nadu,Perambalur,Perambalur(Uzhavar Sandhai ),Coconut,Coconut,Local,10/08/2026,5000,6000,5500
Tamil Nadu,Perambalur,Perambalur(Uzhavar Sandhai ),Carrot,Pusakesar,Local,10/08/2026,9600,9600,9600
Tamil Nadu,Perambalur,Perambalur(Uzhavar Sandhai ),Chow Chow,Chow Chow,Local,10/08/2026,3800,4000,3900
Tamil Nadu,Perambalur,Perambalur(Uzhavar Sandhai ),Mango(Raw-Ripe),Mango - Raw-Ripe,Local,10/08/2026,6000,7200,6600
Tamil Nadu,Perambalur,Perambalur(Uzhavar Sandhai ),Mashrooms,Mashrooms,Local,10/08/2026,20000,20000,20000
Tamil Nadu,Salem,Mecheri(Uzhavar Sandhai),Cluster beans,Cluster Beans,Local,10/08/2026,3000,3500,3250
Tamil Nadu,Salem,Mecheri(Uzhavar Sandhai),Green Chilli,Green Chilly,Local,10/08/2026,4500,5000,4750
Tamil Nadu,Salem,Mecheri(Uzhavar Sandhai),Coconut,Coconut,Local,10/08/2026,4500,5000,4750
Tamil Nadu,Ranipet,Arcot(Uzhavar Sandhai ),Cluster beans,Cluster Beans,Local,10/08/2026,4000,4000,4000
Tamil Nadu,Ranipet,Arcot(Uzhavar Sandhai ),Garlic,Garlic,Local,10/08/2026,16000,20000,18000
Tamil Nadu,Ranipet,Arcot(Uzhavar Sandhai ),Papaya,Papaya,Local,10/08/2026,4000,4000,4000
Tamil Nadu,Ranipet,Arcot(Uzhavar Sandhai ),Bottle gourd,Bottle Gourd,Local,10/08/2026,3000,3000,3000
Tamil Nadu,Ranipet,Arcot(Uzhavar Sandhai ),Ridgeguard(Tori),Ridgeguard(Tori),Local,10/08/2026,6000,6000,6000
Tamil Nadu,Ranipet,Arcot(Uzhavar Sandhai ),Raddish,Raddish,Local,10/08/2026,3600,3600,3600
Tamil Nadu,Ranipet,Arcot(Uzhavar Sandhai ),Thondekai,Thondekai,Local,10/08/2026,4000,4000,4000
Tamil Nadu,Ranipet,Arcot(Uzhavar Sandhai ),Colacasia,Colacasia,Local,10/08/2026,4000,4000,4000
Tamil Nadu,Ranipet,Arcot(Uzhavar Sandhai ),Sweet Corn ,Sweet Corn ,Local,10/08/2026,4000,4000,4000
Tamil Nadu,Ranipet,Ranipettai(Uzhavar Sandhai ),Coconut,Coconut,Local,10/08/2026,5000,6000,5500
Tamil Nadu,Ranipet,Ranipettai(Uzhavar Sandhai ),Carrot,Pusakesar,Local,10/08/2026,6500,6500,6500
Tamil Nadu,Ranipet,Ranipettai(Uzhavar Sandhai ),Cabbage,Cabbage,Local,10/08/2026,3000,3000,3000
Tamil Nadu,Ranipet,Ranipettai(Uzhavar Sandhai ),Thondekai,Thondekai,Local,10/08/2026,4000,4400,4200
Tamil Nadu,Ranipet,Ranipettai(Uzhavar Sandhai ),Capsicum,Capsicum,Local,10/08/2026,6000,6000,6000
Tamil Nadu,Ranipet,Ranipettai(Uzhavar Sandhai ),Chow Chow,Chow Chow,Local,10/08/2026,4000,4000,4000
Tamil Nadu,Ranipet,Ranipettai(Uzhavar Sandhai ),Marigold(Calcutta),Marigold(Calcutta),Local,10/08/2026,42000,42000,42000
Tamil Nadu,Ranipet,Ranipettai(Uzhavar Sandhai ),Onion Green,Onion Green,Local,10/08/2026,5000,6000,5500
Tamil Nadu,Salem,Ammapet(Uzhavar Sandhai ),Tomato,Local,Local,10/08/2026,1400,1600,1500
Tamil Nadu,Salem,Ammapet(Uzhavar Sandhai ),Banana,Red Banana,Local,10/08/2026,7000,7500,7250
Tamil Nadu,Salem,Ammapet(Uzhavar Sandhai ),Coriander(Leaves),I Sort,Local,10/08/2026,1800,2000,1900
Tamil Nadu,Salem,Ammapet(Uzhavar Sandhai ),Chikoos(Sapota),Sapota,Local,10/08/2026,3600,4000,3800
Tamil Nadu,Salem,Ammapet(Uzhavar Sandhai ),Apple,American,Local,10/08/2026,24000,25000,24500
Tamil Nadu,Salem,Ammapet(Uzhavar Sandhai ),Beetroot,Beetroot,Local,10/08/2026,5000,6000,5500
Tamil Nadu,Salem,Ammapet(Uzhavar Sandhai ),Raddish,Raddish,Local,10/08/2026,2800,3000,2900
Tamil Nadu,Salem,Ammapet(Uzhavar Sandhai ),Thondekai,Thondekai,Local,10/08/2026,4800,5000,4900
Tamil Nadu,Salem,Ammapet(Uzhavar Sandhai ),Mango(Raw-Ripe),Mango - Raw-Ripe,Local,10/08/2026,3800,4000,3900
Tamil Nadu,Salem,Ammapet(Uzhavar Sandhai ),Guava,Guava Allahabad,Local,10/08/2026,4000,5000,4500
Tamil Nadu,Salem,Ammapet(Uzhavar Sandhai ),Pomegranate,Pomogranate,Local,10/08/2026,14000,15000,14500
Tamil Nadu,Salem,Mettur(Uzhavar Sandhai ),Onion,Bellary,Local,10/08/2026,3500,4000,3750
Tamil Nadu,Salem,Mettur(Uzhavar Sandhai ),Coriander(Leaves),I Sort,Local,10/08/2026,3000,3500,3250
Tamil Nadu,Salem,Mettur(Uzhavar Sandhai ),Papaya,Papaya,Local,10/08/2026,2500,3000,2750
Tamil Nadu,Salem,Mettur(Uzhavar Sandhai ),Tomato,Local,Local,10/08/2026,1500,1800,1650
Tamil Nadu,Salem,Mettur(Uzhavar Sandhai ),Ginger(Green),Green Ginger,Local,10/08/2026,17000,18000,17500
Tamil Nadu,Salem,Mettur(Uzhavar Sandhai ),Sweet Potato,Hosur Red,Local,10/08/2026,3500,4000,3750
Tamil Nadu,Salem,Mettur(Uzhavar Sandhai ),Carrot,Pusakesar,Local,10/08/2026,9000,10000,9500
Tamil Nadu,Salem,Mettur(Uzhavar Sandhai ),Cabbage,Cabbage,Local,10/08/2026,3500,4000,3750
Tamil Nadu,Salem,Mettur(Uzhavar Sandhai ),Amla(Nelli Kai),Amla,Local,10/08/2026,7500,8000,7750
Tamil Nadu,Salem,Sooramangalam(Uzhavar Sandhai ),Cluster beans,Cluster Beans,Local,10/08/2026,3000,3500,3250
Tamil Nadu,Salem,Sooramangalam(Uzhavar Sandhai ),Brinjal,Round,Local,10/08/2026,3400,3800,3600
Tamil Nadu,Salem,Sooramangalam(Uzhavar Sandhai ),Ashgourd,Gouard,Local,10/08/2026,2000,2400,2200
Tamil Nadu,Salem,Sooramangalam(Uzhavar Sandhai ),Amaranthus,Amaranthus,Local,10/08/2026,1500,2000,1750
Tamil Nadu,Salem,Sooramangalam(Uzhavar Sandhai ),Ginger(Green),Green Ginger,Local,10/08/2026,17500,18000,17750
Tamil Nadu,Salem,Sooramangalam(Uzhavar Sandhai ),Sweet Potato,Hosur Red,Local,10/08/2026,4000,4500,4250
Tamil Nadu,Salem,Sooramangalam(Uzhavar Sandhai ),Ridgeguard(Tori),Ridgeguard(Tori),Local,10/08/2026,3500,4500,4000
Tamil Nadu,Salem,Sooramangalam(Uzhavar Sandhai ),Guava,Guava Allahabad,Local,10/08/2026,4000,5000,4500
Tamil Nadu,Salem,Sooramangalam(Uzhavar Sandhai ),Tender Coconut,Tender Coconut,Local,10/08/2026,3500,4000,3750
Tamil Nadu,Salem,Sooramangalam(Uzhavar Sandhai ),Lemon,Lemon,Local,10/08/2026,7500,8000,7750
Tamil Nadu,Salem,Thammampatti (Uzhavar Sandhai ),Onion,Bellary,Local,10/08/2026,3800,4200,4000
Tamil Nadu,Salem,Thammampatti (Uzhavar Sandhai ),Brinjal,Round,Local,10/08/2026,3500,4000,3750
Tamil Nadu,Salem,Thammampatti (Uzhavar Sandhai ),Cluster beans,Cluster Beans,Local,10/08/2026,4500,5000,4750
Tamil Nadu,Salem,Thammampatti (Uzhavar Sandhai ),Amaranthus,Amaranthus,Local,10/08/2026,2000,2500,2250
Tamil Nadu,Salem,Thammampatti (Uzhavar Sandhai ),Cabbage,Cabbage,Local,10/08/2026,3500,4000,3750
Tamil Nadu,Salem,Thammampatti (Uzhavar Sandhai ),Snakeguard,Snakeguard,Local,10/08/2026,3000,3500,3250
Tamil Nadu,Salem,Thammampatti (Uzhavar Sandhai ),Raddish,Raddish,Local,10/08/2026,2000,2500,2250
Tamil Nadu,Salem,Thammampatti (Uzhavar Sandhai ),Thondekai,Thondekai,Local,10/08/2026,4500,5000,4750
Tamil Nadu,Salem,Thammampatti (Uzhavar Sandhai ),Jamun(Narale Hannu),Jamun,Local,10/08/2026,16000,16000,16000
Tamil Nadu,Salem,Thammampatti (Uzhavar Sandhai ),Guava,Guava Allahabad,Local,10/08/2026,6000,6000,6000
Tamil Nadu,Salem,Thammampatti (Uzhavar Sandhai ),Lemon,Lemon,Local,10/08/2026,4000,5000,4500
Tamil Nadu,Salem,Thammampatti (Uzhavar Sandhai ),Custard Apple(Sharifa),Custard Apple(Sharifa),Local,10/08/2026,4000,4000,4000
Tamil Nadu,Salem,Thathakapatti(Uzhavar Sandhai ),Cluster beans,Cluster Beans,Local,10/08/2026,3000,3400,3200
Tamil Nadu,Salem,Thathakapatti(Uzhavar Sandhai ),Pineapple,Pine Apple,Local,10/08/2026,7000,8000,7500
Tamil Nadu,Salem,Thathakapatti(Uzhavar Sandhai ),Tomato,Deshi,Local,10/08/2026,1200,1700,1450
Tamil Nadu,Salem,Thathakapatti(Uzhavar Sandhai ),Pumpkin,Pumpkin,Local,10/08/2026,2000,2400,2200
Tamil Nadu,Salem,Thathakapatti(Uzhavar Sandhai ),Ginger(Green),Green Ginger,Local,10/08/2026,17000,18000,17500
Tamil Nadu,Salem,Thathakapatti(Uzhavar Sandhai ),Sweet Potato,Hosur Red,Local,10/08/2026,4000,5000,4500
Tamil Nadu,Salem,Thathakapatti(Uzhavar Sandhai ),Snakeguard,Snakeguard,Local,10/08/2026,3800,4000,3900
Tamil Nadu,Salem,Thathakapatti(Uzhavar Sandhai ),Mango(Raw-Ripe),Mango - Raw-Ripe,Local,10/08/2026,4000,5000,4500
Tamil Nadu,Salem,Thathakapatti(Uzhavar Sandhai ),Tender Coconut,Tender Coconut,Local,10/08/2026,3000,4000,3500
Tamil Nadu,Salem,Thathakapatti(Uzhavar Sandhai ),Elephant Yam(Suran)/Amorphophallus,Elephant Yam (Suran),Local,10/08/2026,4000,5000,4500
Tamil Nadu,Salem,Thathakapatti(Uzhavar Sandhai ),Mint(Pudina),Mint(Pudina),Local,10/08/2026,3000,3400,3200
Uttar Pradesh,Balrampur,Utraula APMC,Wheat,Other,FAQ,10/08/2026,2405,2405,2405
Assam,Kamrup,Fancy Bazaar APMC,Green Gram Dal(Moong Dal),Green,FAQ,10/08/2026,6500,8000,7400
Assam,Kamrup,Fancy Bazaar APMC,Rice,Common,FAQ,10/08/2026,3250,3560,3380
Assam,Kamrup,Fancy Bazaar APMC,Green Gram Dal(Moong Dal),Green Gram Dal,FAQ,10/08/2026,9550,12050,11500
Assam,Kamrup,Fancy Bazaar APMC,Wheat Atta,Wheat Atta,FAQ,10/08/2026,6600,9200,7600
Assam,Kamrup,Fancy Bazaar APMC,Green Peas,Green Peas,FAQ,10/08/2026,6500,9000,7500
Uttar Pradesh,Sitapur,Sidhauli APMC,Gur(Jaggery),Other,FAQ,10/08/2026,3500,3500,3500
Uttar Pradesh,Sitapur,Sidhauli APMC,Potato,Other,FAQ,10/08/2026,500,500,500
Uttar Pradesh,Bijnor,Dhampur APMC,Lemon,Other,FAQ,10/08/2026,3800,4000,3923.08
Uttar Pradesh,Bijnor,Dhampur APMC,Tomato,Other,FAQ,10/08/2026,1400,1600,1459.57
Uttar Pradesh,Bijnor,Dhampur APMC,Garlic,Other,FAQ,10/08/2026,4000,5000,4400
Assam,Hailakandi,Harbartganj Daily Market APMC,Carrot,Carrot,FAQ,10/08/2026,6500,7000,6800
Assam,Hailakandi,Harbartganj Daily Market APMC,Brinjal,Brinjal,FAQ,10/08/2026,1600,2000,1800
Tamil Nadu,Tenkasi,Sankarankoil(Uzhavar Sandhai ),Brinjal,Other,Local,10/08/2026,3000,3000,3000
Tamil Nadu,Tenkasi,Sankarankoil(Uzhavar Sandhai ),Papaya,Papaya,Local,10/08/2026,3500,3500,3500
Tamil Nadu,Tenkasi,Sankarankoil(Uzhavar Sandhai ),Colacasia,Colacasia,Local,10/08/2026,6000,6000,6000
Tamil Nadu,Tenkasi,Tenkasi(Uzhavar Sandhai ),Ginger(Green),Green Ginger,Local,10/08/2026,18000,18000,18000
Tamil Nadu,Tenkasi,Tenkasi(Uzhavar Sandhai ),Coconut,Coconut,Local,10/08/2026,5600,5800,5700
Tamil Nadu,Tenkasi,Tenkasi(Uzhavar Sandhai ),Snakeguard,Snakeguard,Local,10/08/2026,2500,3000,2750
Tamil Nadu,Tenkasi,Tenkasi(Uzhavar Sandhai ),Raddish,Raddish,Local,10/08/2026,3500,3500,3500
Tamil Nadu,Tenkasi,Tenkasi(Uzhavar Sandhai ),Elephant Yam(Suran)/Amorphophallus,Elephant Yam (Suran),Local,10/08/2026,4000,4000,4000
Tamil Nadu,Pudukkottai,Pudukottai(Uzhavar Sandhai ),Brinjal,Round,Local,10/08/2026,7000,8000,7500
Tamil Nadu,Pudukkottai,Pudukottai(Uzhavar Sandhai ),Papaya,Papaya,Local,10/08/2026,2500,3000,2750
Tamil Nadu,Pudukkottai,Pudukottai(Uzhavar Sandhai ),Water Melon,Water Melon,Local,10/08/2026,1000,1500,1250
Tamil Nadu,Pudukkottai,Pudukottai(Uzhavar Sandhai ),Green Chilli,Green Chilly,Local,10/08/2026,6000,7000,6500
Tamil Nadu,Pudukkottai,Pudukottai(Uzhavar Sandhai ),Beans,Beans (Whole),Local,10/08/2026,10000,11000,10500
Tamil Nadu,Pudukkottai,Pudukottai(Uzhavar Sandhai ),Coconut,Coconut,Local,10/08/2026,3000,4000,3500
Tamil Nadu,Pudukkottai,Pudukottai(Uzhavar Sandhai ),Snakeguard,Snakeguard,Local,10/08/2026,3000,4000,3500
Tamil Nadu,Pudukkottai,Pudukottai(Uzhavar Sandhai ),Ridgeguard(Tori),Ridgeguard(Tori),Local,10/08/2026,6000,7000,6500
Tamil Nadu,Pudukkottai,Pudukottai(Uzhavar Sandhai ),Raddish,Raddish,Local,10/08/2026,3000,4000,3500
Tamil Nadu,Pudukkottai,Pudukottai(Uzhavar Sandhai ),Pomegranate,Pomogranate,Local,10/08/2026,24000,25000,24500
Tamil Nadu,Pudukkottai,Pudukottai(Uzhavar Sandhai ),Yam(Ratalu),Yam (Ratalu),Local,10/08/2026,8000,9000,8500
Tamil Nadu,Thanjavur,Kumbakonam (Uzhavar Sandhai ),Mango,Safeda,Local,10/08/2026,3000,8000,5500
Tamil Nadu,Thanjavur,Kumbakonam (Uzhavar Sandhai ),Onion,Bellary,Local,10/08/2026,3600,4800,4200
Tamil Nadu,Thanjavur,Kumbakonam (Uzhavar Sandhai ),Potato,Red Nanital,Local,10/08/2026,3000,3600,3300
Tamil Nadu,Thanjavur,Kumbakonam (Uzhavar Sandhai ),Bhindi(Ladies Finger),Bhindi,Local,10/08/2026,4800,4800,4800
Tamil Nadu,Thanjavur,Kumbakonam (Uzhavar Sandhai ),Cucumbar(Kheera),Cucumbar,Local,10/08/2026,6000,6000,6000
Tamil Nadu,Thanjavur,Kumbakonam (Uzhavar Sandhai ),Raddish,Raddish,Local,10/08/2026,4200,4200,4200
Tamil Nadu,Thanjavur,Kumbakonam (Uzhavar Sandhai ),Capsicum,Capsicum,Local,10/08/2026,8500,8500,8500
Tamil Nadu,Thanjavur,Kumbakonam (Uzhavar Sandhai ),Drumstick,Drumstick,Local,10/08/2026,3600,6000,4800
Tamil Nadu,Thanjavur,Kumbakonam (Uzhavar Sandhai ),Elephant Yam(Suran)/Amorphophallus,Elephant Yam (Suran),Local,10/08/2026,4800,4800,4800
Tamil Nadu,Thanjavur,Kumbakonam (Uzhavar Sandhai ),Mashrooms,Mashrooms,Local,10/08/2026,30000,30000,30000
Tamil Nadu,The Nilgiris,Udhagamandalam(Uzhavar Sandhai ),Papaya,Papaya,Local,10/08/2026,4000,4500,4250
Tamil Nadu,The Nilgiris,Udhagamandalam(Uzhavar Sandhai ),Tapioca,Tapioca,Local,10/08/2026,3500,4000,3750
Tamil Nadu,The Nilgiris,Udhagamandalam(Uzhavar Sandhai ),Coconut,Coconut,Local,10/08/2026,6000,6500,6250
Tamil Nadu,The Nilgiris,Udhagamandalam(Uzhavar Sandhai ),Capsicum,Capsicum,Local,10/08/2026,6500,7000,6750
Tamil Nadu,The Nilgiris,Udhagamandalam(Uzhavar Sandhai ),Knool Khol,Knool Khol,Local,10/08/2026,4000,4500,4250
Tamil Nadu,The Nilgiris,Udhagamandalam(Uzhavar Sandhai ),Pomegranate,Pomogranate,Local,10/08/2026,15000,19000,17000
Tamil Nadu,The Nilgiris,Udhagamandalam(Uzhavar Sandhai ),Turnip,Turnip,Local,10/08/2026,4000,4500,4250
Tamil Nadu,The Nilgiris,Udhagamandalam(Uzhavar Sandhai ),Mint(Pudina),Mint(Pudina),Local,10/08/2026,5500,6000,5750
Tamil Nadu,Theni,Andipatti(Uzhavar Sandhai ),Papaya,Papaya,Local,10/08/2026,2500,3000,2750
Tamil Nadu,Theni,Andipatti(Uzhavar Sandhai ),Banana,Karpura,Local,10/08/2026,4500,5000,4750
Tamil Nadu,Theni,Andipatti(Uzhavar Sandhai ),Cluster beans,Cluster Beans,Local,10/08/2026,3200,3400,3300
Tamil Nadu,Theni,Andipatti(Uzhavar Sandhai ),Beans,Beans (Whole),Local,10/08/2026,8600,9000,8800
Tamil Nadu,Theni,Andipatti(Uzhavar Sandhai ),Ginger(Green),Green Ginger,Local,10/08/2026,10000,16500,13250
Tamil Nadu,Theni,Andipatti(Uzhavar Sandhai ),Carrot,Pusakesar,Local,10/08/2026,8000,8500,8250
Tamil Nadu,Theni,Andipatti(Uzhavar Sandhai ),Raddish,Raddish,Local,10/08/2026,2400,2600,2500
Tamil Nadu,Theni,Andipatti(Uzhavar Sandhai ),Green Avare(W),Other,Local,10/08/2026,6800,7000,6900
Tamil Nadu,Theni,Andipatti(Uzhavar Sandhai ),Elephant Yam(Suran)/Amorphophallus,Elephant Yam (Suran),Local,10/08/2026,3800,4000,3900
Tamil Nadu,Theni,Andipatti(Uzhavar Sandhai ),Mint(Pudina),Mint(Pudina),Local,10/08/2026,4500,4500,4500
Gujarat,Navsari,Bilimora APMC,Long Melon(Kakri),Other,FAQ,10/08/2026,1500,2500,2000
Gujarat,Navsari,Bilimora APMC,Onion,Nasik,FAQ,10/08/2026,1200,3000,2500
Gujarat,Navsari,Bilimora APMC,Bottle gourd,Other,FAQ,10/08/2026,1500,2500,2000
Gujarat,Gandhinagar,Mansa APMC,Bajra(Pearl Millet/Cumbu),Local,Local,10/08/2026,2105,2200,2155
Tamil Nadu,Theni,Bodinayakanur(Uzhavar Sandhai ),Coriander(Leaves),I Sort,Local,10/08/2026,4500,4500,4500
Tamil Nadu,Theni,Bodinayakanur(Uzhavar Sandhai ),Bottle gourd,Bottle Gourd,Local,10/08/2026,2000,2000,2000
Tamil Nadu,Theni,Bodinayakanur(Uzhavar Sandhai ),Bhindi(Ladies Finger),Bhindi,Local,10/08/2026,4000,4000,4000
Tamil Nadu,Theni,Bodinayakanur(Uzhavar Sandhai ),Cabbage,Cabbage,Local,10/08/2026,2800,2800,2800
Tamil Nadu,Theni,Bodinayakanur(Uzhavar Sandhai ),Ridgeguard(Tori),Ridgeguard(Tori),Local,10/08/2026,4200,4200,4200
Tamil Nadu,Theni,Bodinayakanur(Uzhavar Sandhai ),Onion Green,Onion Green,Local,10/08/2026,5800,5800,5800
Tamil Nadu,Theni,Chinnamanur(Uzhavar Sandhai ),Brinjal,Other,Local,10/08/2026,3600,4200,3900
Tamil Nadu,Theni,Chinnamanur(Uzhavar Sandhai ),Coconut,Coconut,Local,10/08/2026,6000,6000,6000
Tamil Nadu,Theni,Chinnamanur(Uzhavar Sandhai ),Cabbage,Cabbage,Local,10/08/2026,2800,2800,2800
Tamil Nadu,Theni,Chinnamanur(Uzhavar Sandhai ),Lime,Lime,Local,10/08/2026,10000,12000,11000
Tamil Nadu,Theni,Chinnamanur(Uzhavar Sandhai ),Elephant Yam(Suran)/Amorphophallus,Elephant Yam (Suran),Local,10/08/2026,4400,4400,4400
Tamil Nadu,Theni,Kambam(Uzhavar Sandhai ),Onion,Bellary,Local,10/08/2026,3600,3800,3700
Tamil Nadu,Theni,Kambam(Uzhavar Sandhai ),Bitter gourd,Other,Local,10/08/2026,3200,3700,3450
Tamil Nadu,Theni,Kambam(Uzhavar Sandhai ),Beans,Beans (Whole),Local,10/08/2026,8500,9000,8750
Tamil Nadu,Theni,Kambam(Uzhavar Sandhai ),Carrot,Pusakesar,Local,10/08/2026,8000,8200,8100
Tamil Nadu,Theni,Kambam(Uzhavar Sandhai ),Beetroot,Beetroot,Local,10/08/2026,4000,4200,4100
Tamil Nadu,Theni,Kambam(Uzhavar Sandhai ),Raddish,Raddish,Local,10/08/2026,2600,2600,2600
Tamil Nadu,Theni,Kambam(Uzhavar Sandhai ),Cucumbar(Kheera),Cucumbar,Local,10/08/2026,1600,1600,1600
Tamil Nadu,Theni,Kambam(Uzhavar Sandhai ),Lime,Lime,Local,10/08/2026,10000,10000,10000
Tamil Nadu,Theni,Kambam(Uzhavar Sandhai ),Lemon,Lemon,Local,10/08/2026,6000,6500,6250
Tamil Nadu,Theni,Theni(Uzhavar Sandhai ),Coriander(Leaves),I Sort,Local,10/08/2026,3800,3800,3800
Tamil Nadu,Theni,Theni(Uzhavar Sandhai ),Papaya,Papaya,Local,10/08/2026,3000,3500,3250
Tamil Nadu,Theni,Theni(Uzhavar Sandhai ),Tomato,Other,Local,10/08/2026,2000,2200,2100
Tamil Nadu,Theni,Theni(Uzhavar Sandhai ),Green Chilli,Green Chilly,Local,10/08/2026,4000,4500,4250
Tamil Nadu,Theni,Theni(Uzhavar Sandhai ),Beans,Beans (Whole),Local,10/08/2026,9000,10000,9500
Tamil Nadu,Theni,Theni(Uzhavar Sandhai ),Snakeguard,Snakeguard,Local,10/08/2026,2800,4000,3400
Tamil Nadu,Theni,Theni(Uzhavar Sandhai ),Elephant Yam(Suran)/Amorphophallus,Elephant Yam (Suran),Local,10/08/2026,4000,4000,4000
Tamil Nadu,Theni,Theni(Uzhavar Sandhai ),Lemon,Lemon,Local,10/08/2026,5000,6000,5500
Tamil Nadu,Theni,Theni(Uzhavar Sandhai ),Onion Green,Onion Green,Local,10/08/2026,6000,7000,6500
Tamil Nadu,Thirunelveli,Kandiyaperi(Uzhavar Sandhai ),Ashgourd,Gouard,Local,10/08/2026,1400,1600,1500
Tamil Nadu,Thirunelveli,Kandiyaperi(Uzhavar Sandhai ),Amaranthus,Amaranthus,Local,10/08/2026,1200,1500,1350
Tamil Nadu,Thirunelveli,Kandiyaperi(Uzhavar Sandhai ),Onion Green,Onion Green,Local,10/08/2026,5000,7500,6250
Tamil Nadu,Thirunelveli,Melapalayam(Uzhavar Sandhai ),Garlic,Garlic,Local,10/08/2026,25000,28000,26500
Tamil Nadu,Thirunelveli,Melapalayam(Uzhavar Sandhai ),Cauliflower,Ranchi,Local,10/08/2026,4500,5000,4750
Tamil Nadu,Thirunelveli,Melapalayam(Uzhavar Sandhai ),Coriander(Leaves),I Sort,Local,10/08/2026,4000,4500,4250
Tamil Nadu,Thirunelveli,Melapalayam(Uzhavar Sandhai ),Tomato,Other,Local,10/08/2026,2000,2700,2350
Tamil Nadu,Thirunelveli,Melapalayam(Uzhavar Sandhai ),Banana,Red Banana,Local,10/08/2026,9000,10000,9500
Tamil Nadu,Thirunelveli,Melapalayam(Uzhavar Sandhai ),Pumpkin,Pumpkin,Local,10/08/2026,1200,1400,1300
Tamil Nadu,Thirunelveli,Melapalayam(Uzhavar Sandhai ),Beans,Beans (Whole),Local,10/08/2026,10000,11000,10500
Tamil Nadu,Thirunelveli,Melapalayam(Uzhavar Sandhai ),Ginger(Green),Green Ginger,Local,10/08/2026,18000,19000,18500
Tamil Nadu,Thirunelveli,Melapalayam(Uzhavar Sandhai ),Carrot,Pusakesar,Local,10/08/2026,5000,9600,7300
Tamil Nadu,Thirunelveli,Melapalayam(Uzhavar Sandhai ),Snakeguard,Snakeguard,Local,10/08/2026,1500,2000,1750
Tamil Nadu,Thirunelveli,Melapalayam(Uzhavar Sandhai ),Thondekai,Thondekai,Local,10/08/2026,5500,6000,5750
Tamil Nadu,Thirunelveli,Melapalayam(Uzhavar Sandhai ),Mango(Raw-Ripe),Mango - Raw-Ripe,Local,10/08/2026,6000,8000,7000
Tamil Nadu,Thirunelveli,NGO Colony(Uzhavar Sandhai ),Banana,Besrai,Local,10/08/2026,8000,10000,9000
Tamil Nadu,Thirunelveli,NGO Colony(Uzhavar Sandhai ),Amaranthus,Amaranthus,Local,10/08/2026,1000,1500,1250
Tamil Nadu,Thirunelveli,NGO Colony(Uzhavar Sandhai ),Cabbage,Cabbage,Local,10/08/2026,2500,3400,2950
Tamil Nadu,Thirunelveli,NGO Colony(Uzhavar Sandhai ),Lemon,Lemon,Local,10/08/2026,7000,7500,7250
Tamil Nadu,Thirunelveli,Palayamkottai(Uzhavar Sandhai ),Grapes,Annabesahai,Local,10/08/2026,11000,12000,11500
Tamil Nadu,Thirunelveli,Palayamkottai(Uzhavar Sandhai ),Onion,Bellary,Local,10/08/2026,3400,3800,3600
Tamil Nadu,Thirunelveli,Palayamkottai(Uzhavar Sandhai ),Banana,Red Banana,Local,10/08/2026,9000,10000,9500
Tamil Nadu,Thirunelveli,Palayamkottai(Uzhavar Sandhai ),Cluster beans,Cluster Beans,Local,10/08/2026,2800,3000,2900
Tamil Nadu,Thirunelveli,Palayamkottai(Uzhavar Sandhai ),Sweet Potato,Hosur Red,Local,10/08/2026,5000,5500,5250
Tamil Nadu,Thirunelveli,Palayamkottai(Uzhavar Sandhai ),Snakeguard,Snakeguard,Local,10/08/2026,1500,2000,1750
Tamil Nadu,Thirunelveli,Palayamkottai(Uzhavar Sandhai ),Beetroot,Beetroot,Local,10/08/2026,4800,6800,5800
Tamil Nadu,Thirunelveli,Palayamkottai(Uzhavar Sandhai ),Ridgeguard(Tori),Ridgeguard(Tori),Local,10/08/2026,3500,4000,3750
Tamil Nadu,Thirunelveli,Palayamkottai(Uzhavar Sandhai ),Lime,Lime,Local,10/08/2026,14000,15000,14500
Tamil Nadu,Thirunelveli,Palayamkottai(Uzhavar Sandhai ),Guava,Guava Allahabad,Local,10/08/2026,6000,8000,7000
Tamil Nadu,Thirunelveli,Palayamkottai(Uzhavar Sandhai ),Pomegranate,Pomogranate,Local,10/08/2026,16000,20000,18000
Tamil Nadu,Thirunelveli,Palayamkottai(Uzhavar Sandhai ),Colacasia,Colacasia,Local,10/08/2026,4000,5000,4500
Tamil Nadu,Thirunelveli,Palayamkottai(Uzhavar Sandhai ),Onion Green,Onion Green,Local,10/08/2026,7000,7500,7250
Tamil Nadu,Thirupur,Kangayam(Uzhavar Sandhai ),Cauliflower,Ranchi,Local,10/08/2026,3000,3400,3200
Tamil Nadu,Thirupur,Kangayam(Uzhavar Sandhai ),Pumpkin,Pumpkin,Local,10/08/2026,1500,2000,1750
Tamil Nadu,Thirupur,Kangayam(Uzhavar Sandhai ),Green Chilli,Green Chilly,Local,10/08/2026,4500,5200,4850
Tamil Nadu,Thirupur,Kangayam(Uzhavar Sandhai ),Ridgeguard(Tori),Ridgeguard(Tori),Local,10/08/2026,5000,5500,5250
Tamil Nadu,Thirupur,Kangayam(Uzhavar Sandhai ),Raddish,Raddish,Local,10/08/2026,3000,3800,3400
Tamil Nadu,Thirupur,Kangayam(Uzhavar Sandhai ),Green Avare(W),Green Avare (W),Local,10/08/2026,6000,7000,6500
Tamil Nadu,Thirupur,Kangayam(Uzhavar Sandhai ),Tender Coconut,Tender Coconut,Local,10/08/2026,3000,3200,3100
Tamil Nadu,Thirupur,Kangayam(Uzhavar Sandhai ),Lemon,Lemon,Local,10/08/2026,7500,9500,8500
Tamil Nadu,Thirupur,Tiruppur (North) (Uzhavar Sandhai ),Banana,Red Banana,Local,10/08/2026,6000,6500,6250
Tamil Nadu,Thirupur,Tiruppur (North) (Uzhavar Sandhai ),Ashgourd,Gouard,Local,10/08/2026,1500,2000,1750
Tamil Nadu,Thirupur,Tiruppur (North) (Uzhavar Sandhai ),Pumpkin,Pumpkin,Local,10/08/2026,1500,2000,1750
Tamil Nadu,Thirupur,Tiruppur (North) (Uzhavar Sandhai ),Coconut,Coconut,Local,10/08/2026,5500,6000,5750
Tamil Nadu,Thirupur,Tiruppur (North) (Uzhavar Sandhai ),Cabbage,Cabbage,Local,10/08/2026,2500,3000,2750
Tamil Nadu,Thiruvannamalai,Chengam(Uzhavar Sandhai ),Bitter gourd,Bitter Gourd,Local,10/08/2026,4500,5000,4750
Tamil Nadu,Thiruvannamalai,Chengam(Uzhavar Sandhai ),Bhindi(Ladies Finger),Bhindi,Local,10/08/2026,3000,3600,3300
Tamil Nadu,Thiruvannamalai,Chengam(Uzhavar Sandhai ),Amaranthus,Amaranthus,Local,10/08/2026,1000,1500,1250
Tamil Nadu,Thiruvannamalai,Chengam(Uzhavar Sandhai ),Beans,Beans (Whole),Local,10/08/2026,8000,10000,9000
Tamil Nadu,Thiruvannamalai,Chengam(Uzhavar Sandhai ),Sweet Potato,Hosur Red,Local,10/08/2026,3000,3600,3300
Tamil Nadu,Thiruvannamalai,Chengam(Uzhavar Sandhai ),Beetroot,Beetroot,Local,10/08/2026,4000,4800,4400
Tamil Nadu,Thiruvannamalai,Chengam(Uzhavar Sandhai ),Knool Khol,Knool Khol,Local,10/08/2026,3600,4000,3800
Tamil Nadu,Thiruvannamalai,Chengam(Uzhavar Sandhai ),Jack Fruit(Ripe),Jack Fruit,Local,10/08/2026,1500,2000,1750
Tamil Nadu,Thiruvannamalai,Chengam(Uzhavar Sandhai ),Mint(Pudina),Mint(Pudina),Local,10/08/2026,4000,5000,4500
Tamil Nadu,Thiruvannamalai,Tamarainagar(Uzhavar Sandhai ),Brinjal,Round,Local,10/08/2026,6000,7000,6500
Tamil Nadu,Thiruvannamalai,Tamarainagar(Uzhavar Sandhai ),Papaya,Papaya,Local,10/08/2026,3500,4000,3750
Tamil Nadu,Thiruvannamalai,Tamarainagar(Uzhavar Sandhai ),Banana,Besrai,Local,10/08/2026,5000,6000,5500
Tamil Nadu,Thiruvannamalai,Tamarainagar(Uzhavar Sandhai ),Cluster beans,Cluster Beans,Local,10/08/2026,4000,5000,4500
Tamil Nadu,Thiruvannamalai,Tamarainagar(Uzhavar Sandhai ),Amaranthus,Amaranthus,Local,10/08/2026,4800,5800,5300
Tamil Nadu,Thiruvannamalai,Tamarainagar(Uzhavar Sandhai ),Tapioca,Tapioca,Local,10/08/2026,1800,2200,2000
Tamil Nadu,Thiruvannamalai,Tamarainagar(Uzhavar Sandhai ),Coconut,Coconut,Local,10/08/2026,6400,7400,6900
Tamil Nadu,Thiruvannamalai,Tamarainagar(Uzhavar Sandhai ),Raddish,Raddish,Local,10/08/2026,3000,3600,3300
Tamil Nadu,Thiruvannamalai,Tamarainagar(Uzhavar Sandhai ),Fig(Anjura/Anjeer),Anjura,Local,10/08/2026,5000,6000,5500
Tamil Nadu,Thiruvannamalai,Tamarainagar(Uzhavar Sandhai ),Onion Green,Onion Green,Local,10/08/2026,7000,8000,7500
Tamil Nadu,Thiruvannamalai,Vandavasi(Uzhavar Sandhai ),Potato,Other,Local,10/08/2026,3500,4000,3750
Tamil Nadu,Thiruvannamalai,Vandavasi(Uzhavar Sandhai ),Banana,Karpura,Local,10/08/2026,4000,5000,4500
Tamil Nadu,Thiruvannamalai,Vandavasi(Uzhavar Sandhai ),Banana - Green,Banana - Green,Local,10/08/2026,1600,2000,1800
Tamil Nadu,Thiruvannamalai,Vandavasi(Uzhavar Sandhai ),Beans,Beans (Whole),Local,10/08/2026,7000,8400,7700
Tamil Nadu,Thiruvannamalai,Vandavasi(Uzhavar Sandhai ),Green Avare(W),Other,Local,10/08/2026,6000,7200,6600
Tamil Nadu,Thiruvannamalai,Vandavasi(Uzhavar Sandhai ),Colacasia,Colacasia,Local,10/08/2026,3600,4200,3900
Tamil Nadu,Thiruvannamalai,Vandavasi(Uzhavar Sandhai ),Onion Green,Onion Green,Local,10/08/2026,5000,6000,5500
Tamil Nadu,Thiruvarur,Muthupettai(Uzhavar Sandhai ),Onion,Bellary,Local,10/08/2026,3600,3600,3600
Tamil Nadu,Thiruvarur,Muthupettai(Uzhavar Sandhai ),Tomato,Deshi,Local,10/08/2026,2000,2000,2000
Tamil Nadu,Thiruvarur,Muthupettai(Uzhavar Sandhai ),Bitter gourd,Bitter Gourd,Local,10/08/2026,6000,6000,6000
Tamil Nadu,Thiruvarur,Muthupettai(Uzhavar Sandhai ),Pumpkin,Pumpkin,Local,10/08/2026,2400,2400,2400
Tamil Nadu,Thiruvarur,Muthupettai(Uzhavar Sandhai ),Amaranthus,Amaranthus,Local,10/08/2026,2000,2000,2000
Tamil Nadu,Thiruvarur,Muthupettai(Uzhavar Sandhai ),Green Chilli,Green Chilly,Local,10/08/2026,5000,5000,5000
Tamil Nadu,Thiruvarur,Muthupettai(Uzhavar Sandhai ),Snakeguard,Snakeguard,Local,10/08/2026,4000,4000,4000
Punjab,Ropar (Rupnagar),Morinda APMC,Brinjal,Brinjal,Local,10/08/2026,2000,2500,2250
Punjab,Ropar (Rupnagar),Morinda APMC,Tender Coconut,Tender Coconut,Medium,10/08/2026,4000,4000,4000
Punjab,Ropar (Rupnagar),Morinda APMC,Bitter gourd,Bitter Gourd,Local,10/08/2026,2000,2500,2250
Punjab,Ropar (Rupnagar),Morinda APMC,Plum,Plum,Medium,10/08/2026,5000,5000,5000
Punjab,Ropar (Rupnagar),Morinda APMC,Colacasia,Colacasia,Medium,10/08/2026,3000,3000,3000
Punjab,Ropar (Rupnagar),Morinda APMC,French Beans(Frasbean),French Beans (Frasbean),Medium,10/08/2026,3500,4000,3750
Punjab,Ropar (Rupnagar),Morinda APMC,Bhindi(Ladies Finger),Bhindi,Medium,10/08/2026,3000,3200,3100
Punjab,Ropar (Rupnagar),Morinda APMC,Pumpkin,Pumpkin,Medium,10/08/2026,2000,2000,2000
West Bengal,Nadia,Karimpur APMC,Green Chilli,Green Chilly,Grade A,10/08/2026,5600,6000,5800
West Bengal,Nadia,Karimpur APMC,Rice,Fine,Grade Range-1,10/08/2026,5000,5200,5100
West Bengal,Bankura,Bishnupur(Bankura) APMC,Potato,Jyoti,FAQ,10/08/2026,620,680,650
West Bengal,Bankura,Bishnupur(Bankura) APMC,Brinjal,Brinjal,FAQ,10/08/2026,4000,5000,4500
West Bengal,Bankura,Bishnupur(Bankura) APMC,Wheat,Sonalika,FAQ,10/08/2026,2600,2900,2700
Gujarat,Mehsana,Kadi APMC,Wheat,Other,FAQ,10/08/2026,2505,2750,2625
Haryana,Mewat,Tauru APMC,Tomato,Hybrid,FAQ,10/08/2026,2500,2500,2500
Haryana,Mewat,Tauru APMC,Ginger(Green),Green Ginger,Medium,10/08/2026,8000,8000,8000
West Bengal,Purba Bardhaman,Katwa APMC,Onion,Onion,FAQ,10/08/2026,2700,3000,2800
West Bengal,Hooghly,Pandua APMC,Bhindi(Ladies Finger),Bhindi,FAQ,10/08/2026,3150,3325,3200
Karnataka,Vijayapura,Vijayapura APMC,Wheat,Sona,Local,10/08/2026,2438,2636,2537
West Bengal,Jalpaiguri,Dhupguri APMC,Bhindi(Ladies Finger),Other,FAQ,10/08/2026,3200,3400,3300
West Bengal,Medinipur(E),Tamluk (Medinipur E) APMC,Onion,Onion,FAQ,10/08/2026,2000,2400,2200
West Bengal,Medinipur(E),Tamluk (Medinipur E) APMC,Rice,Fine,FAQ,10/08/2026,4600,4800,4700
Bihar,East Champaran/ Motihari,Madhuban APMC,Pointed gourd(Parval),Pointed gourd (Parval),Local,10/08/2026,2500,2700,2600
Bihar,East Champaran/ Motihari,Raxaul APMC,Bitter gourd,Bitter Gourd,Grade A,10/08/2026,900,1100,1000
Bihar,East Champaran/ Motihari,Raxaul APMC,Onion,1st Sort,Grade A,10/08/2026,2400,2600,2500
Bihar,East Champaran/ Motihari,Raxaul APMC,Potato,Red Nanital,Grade A,10/08/2026,1400,1600,1500
Bihar,Madhubani,Benipatti APMC,Potato,Red Nanital,FAQ,10/08/2026,1150,1200,1200
Bihar,Madhubani,Benipatti APMC,Cucumbar(Kheera),Cucumbar,FAQ,10/08/2026,2000,2200,2200
Bihar,Sheikhpura,Barbigha APMC,Bitter gourd,Bitter Gourd,FAQ,10/08/2026,3160,3310,3240
Tamil Nadu,Thiruvarur,Needamangalam(Uzhavar Sandhai ),Tomato,Deshi,Local,10/08/2026,2000,2000,2000
Tamil Nadu,Thiruvarur,Needamangalam(Uzhavar Sandhai ),Pumpkin,Pumpkin,Local,10/08/2026,2600,2600,2600
Tamil Nadu,Thiruvarur,Needamangalam(Uzhavar Sandhai ),Drumstick,Drumstick,Local,10/08/2026,4000,4000,4000
Tamil Nadu,Thiruvarur,Tiruvarur(Uzhavar Sandhai ),Bottle gourd,Bottle Gourd,Local,10/08/2026,3000,3000,3000
Tamil Nadu,Thiruvarur,Tiruvarur(Uzhavar Sandhai ),Amaranthus,Amaranthus,Local,10/08/2026,1500,1500,1500
Tamil Nadu,Thiruvarur,Tiruvarur(Uzhavar Sandhai ),Snakeguard,Snakeguard,Local,10/08/2026,4000,4000,4000
Tamil Nadu,Thiruvarur,Tiruvarur(Uzhavar Sandhai ),Lime,Lime,Local,10/08/2026,3000,3000,3000
Keralam,Malappuram,Pallikkal VFPCK Market,Banana,Nendra Bale,Local,10/08/2026,4800,5000,4900
Rajasthan,Ganganagar,Raisingh Nagar APMC,Mustard,Other,Non-FAQ,10/08/2026,7535,7900,7658
West Bengal,Coochbehar,Dinhata APMC,Rice,Common,FAQ,10/08/2026,3900,4100,4000
West Bengal,Medinipur(W),Ghatal APMC,Carrot,Carrot,FAQ,10/08/2026,4300,4500,4400
West Bengal,Medinipur(W),Ghatal APMC,Cucumbar(Kheera),Cucumbar,FAQ,10/08/2026,2400,2600,2500
West Bengal,Medinipur(W),Ghatal APMC,Tomato,Hybrid,FAQ,10/08/2026,2300,2500,2400
West Bengal,Medinipur(W),Ghatal APMC,Onion,Onion,Medium,10/08/2026,2800,2900,2850
Assam,Nagaon,Doomdumia APMC,Tomato,Tomato,FAQ,10/08/2026,3200,3800,3500
Assam,Nagaon,Doomdumia APMC,Onion,Onion,FAQ,10/08/2026,2700,3100,2900
Uttar Pradesh,Bahraich,Bahraich APMC,Paddy(Common),Common,FAQ,10/08/2026,1850,1855,1851.95
Uttar Pradesh,Bahraich,Bahraich APMC,Wheat,Other,FAQ,10/08/2026,2500,2500,2500
Uttar Pradesh,Bahraich,Bahraich APMC,Pegeon Pea(Arhar Fali),Other,FAQ,10/08/2026,8050,8270.44,8211.58
Madhya Pradesh,Chhatarpur,Chattarpur(F&V) APMC,Pumpkin,Other,Grade C,10/08/2026,700,700,700
Madhya Pradesh,Chhatarpur,Chattarpur(F&V) APMC,Cabbage,Other,Grade C,10/08/2026,1400,1400,1400
West Bengal,Hooghly,Champadanga APMC,Rice,Fine,FAQ,10/08/2026,4650,4750,4700
West Bengal,Hooghly,Champadanga APMC,Ridgeguard(Tori),Ridgeguard(Tori),FAQ,10/08/2026,4000,4400,4200
Uttar Pradesh,Ballia,Ballia APMC,Wood,Eucalyptus,FAQ,10/08/2026,500,500,500
Uttar Pradesh,Ballia,Ballia APMC,Rice,Common,FAQ,10/08/2026,2400,2400,2400
West Bengal,Birbhum,Sainthia APMC,Onion,Onion,FAQ,10/08/2026,3200,3400,3300
West Bengal,Medinipur(E),Kolaghat APMC,Rice,Fine,FAQ,10/08/2026,4600,4800,4700
West Bengal,Medinipur(E),Kolaghat APMC,Rice,Common,FAQ,10/08/2026,3600,3800,3700
West Bengal,Medinipur(E),Kolaghat APMC,Potato,Jyoti,FAQ,10/08/2026,760,800,780
NCT of Delhi,Delhi,"Fish,Poultry & Egg Market, Gazipur APMC",Fish,Pangass,Local,10/08/2026,8000,9000,8500
NCT of Delhi,Delhi,"Fish,Poultry & Egg Market, Gazipur APMC",Fish,Singhra(Big),Local,10/08/2026,25000,35000,30000
NCT of Delhi,Delhi,"Fish,Poultry & Egg Market, Gazipur APMC",Fish,Zinga(Zambo-C),Local,10/08/2026,30000,40000,35000
NCT of Delhi,Delhi,"Fish,Poultry & Egg Market, Gazipur APMC",Cock,Boiler/Firm(White),Local,10/08/2026,7000,10000,8500
Tamil Nadu,Virudhunagar,Aruppukottai(Uzhavar Sandhai ),Tomato,Deshi,Local,10/08/2026,1500,2000,1750
Tamil Nadu,Virudhunagar,Aruppukottai(Uzhavar Sandhai ),Amaranthus,Amaranthus,Local,10/08/2026,3000,3500,3250
Tamil Nadu,Virudhunagar,Aruppukottai(Uzhavar Sandhai ),Banana - Green,Banana - Green,Local,10/08/2026,3000,3500,3250
Tamil Nadu,Virudhunagar,Aruppukottai(Uzhavar Sandhai ),Carrot,Pusakesar,Local,10/08/2026,8000,10000,9000
Tamil Nadu,Virudhunagar,Aruppukottai(Uzhavar Sandhai ),Beetroot,Beetroot,Local,10/08/2026,5000,6000,5500
Tamil Nadu,Virudhunagar,Aruppukottai(Uzhavar Sandhai ),Lemon,Lemon,Local,10/08/2026,6000,8000,7000
NCT of Delhi,Delhi,"Flower Market,Gazipur APMC",Tube Rose(Double),Other,FAQ,10/08/2026,30,70,50
NCT of Delhi,Delhi,"Flower Market,Gazipur APMC",Rose(Local),Other,FAQ,10/08/2026,100,200,150
Uttar Pradesh,Bareilly,Bareilly APMC,Wheat,Dara,FAQ,10/08/2026,2500,2625,2591.86
Uttar Pradesh,Bareilly,Bareilly APMC,Green Chilli,Other,FAQ,10/08/2026,4000,4000,4000
Uttar Pradesh,Bareilly,Bareilly APMC,Green Gram Dal(Moong Dal),Other,FAQ,10/08/2026,8650,8650,8650
Uttar Pradesh,Bareilly,Bareilly APMC,Masur Dal,Other,FAQ,10/08/2026,6300,9800,7300
Uttar Pradesh,Bareilly,Bareilly APMC,Wheat,Other,FAQ,10/08/2026,2455,2455,2455
Uttar Pradesh,Balrampur,Balrampur APMC,Wheat,Deshi,FAQ,10/08/2026,2650,2650,2650
Uttar Pradesh,Balrampur,Balrampur APMC,Masur Dal,Other,FAQ,10/08/2026,9000,9000,9000
NCT of Delhi,Delhi,APMC Azadpur,Apple,Royal Delicious,Grade A,10/08/2026,10000,16000,13500
NCT of Delhi,Delhi,APMC Azadpur,Guava,Guava,Grade A,10/08/2026,1000,8000,3875
NCT of Delhi,Delhi,APMC Azadpur,Pomegranate,Pomogranate,Grade A,10/08/2026,5000,14000,7600
NCT of Delhi,Delhi,APMC Azadpur,Apple,Delicious,Grade A,10/08/2026,2500,6500,3938
NCT of Delhi,Delhi,APMC Azadpur,Tender Coconut,Tender Coconut,Grade A,10/08/2026,1100,2700,2000
NCT of Delhi,Delhi,APMC Azadpur,Banana,Banana - Ripe,Grade A,10/08/2026,1200,2500,1900
NCT of Delhi,Delhi,APMC Azadpur,Mango,Dusheri,Grade A,10/08/2026,1429,3571,2393
NCT of Delhi,Delhi,APMC Azadpur,Mango,Hapus(Alphaso),Grade A,10/08/2026,10000,16667,13333
NCT of Delhi,Delhi,APMC Azadpur,Mango,Dinga,Grade A,10/08/2026,3000,4000,3400
NCT of Delhi,Delhi,APMC Azadpur,Mango,Saroli,Grade A,10/08/2026,1000,2000,1500
NCT of Delhi,Delhi,APMC Azadpur,Mango,Chausa,Grade A,10/08/2026,3333,10000,6548
NCT of Delhi,Delhi,APMC Azadpur,Pear(Marasebu),Pears,Grade A,10/08/2026,1500,3500,2500
NCT of Delhi,Delhi,APMC Azadpur,Lemon,Lemon,FAQ,10/08/2026,2000,5000,3300
NCT of Delhi,Delhi,APMC Azadpur,Bitter gourd,Bitter Gourd,FAQ,10/08/2026,1500,2000,1800
NCT of Delhi,Delhi,APMC Azadpur,Cabbage,Cabbage,FAQ,10/08/2026,400,800,630
NCT of Delhi,Delhi,APMC Azadpur,Coriander(Leaves),Coriander,FAQ,10/08/2026,4000,9000,6700
NCT of Delhi,Delhi,APMC Azadpur,Turmeric(raw),Other,FAQ,10/08/2026,1500,3000,2150
NCT of Delhi,Delhi,APMC Azadpur,Pointed gourd(Parval),Pointed gourd (Parval),FAQ,10/08/2026,2000,4500,3250
NCT of Delhi,Delhi,APMC Azadpur,Tinda,Tinda,FAQ,10/08/2026,1500,4000,3200
NCT of Delhi,Delhi,APMC Azadpur,Tomato,Tomato,FAQ,10/08/2026,1000,4000,2356
Uttar Pradesh,Unnao,Bangarmau APMC,Onion,Other,FAQ,10/08/2026,2000,2000,2000
Uttar Pradesh,Barabanki,Barabanki APMC,Lemon,Other,FAQ,10/08/2026,4000,4000,4000
Uttar Pradesh,Barabanki,Barabanki APMC,Wheat,Other,FAQ,10/08/2026,2500,2600,2565.8
Uttar Pradesh,Barabanki,Barabanki APMC,Mustard,Other,FAQ,10/08/2026,6000,6000,6000
Tamil Nadu,Villupuram,Gingee(Uzhavar Sandhai ),Potato,Red Nanital,Local,10/08/2026,3500,3500,3500
Tamil Nadu,Villupuram,Gingee(Uzhavar Sandhai ),Tomato,Deshi,Local,10/08/2026,1500,1500,1500
Tamil Nadu,Villupuram,Gingee(Uzhavar Sandhai ),Beetroot,Beetroot,Local,10/08/2026,5000,5000,5000
Uttar Pradesh,Shravasti,Bhinga APMC,Wheat,PBW-343,FAQ,10/08/2026,2500,2500,2500
Uttar Pradesh,Shravasti,Bhinga APMC,Wheat,Deshi,FAQ,10/08/2026,2585,2585,2585
Haryana,Karnal,Tarori APMC,Onion,Nasik,Grade A,10/08/2026,2500,3500,3000
Haryana,Karnal,Tarori APMC,Banana,Other,Grade A,10/08/2026,1500,2500,2000
Andhra Pradesh,YSR Kadapa,Kadapa,Turmeric,Finger,FAQ,10/08/2026,6565,15399,14864
Haryana,Sirsa,kalanwali APMC,Apple,Other,Local,10/08/2026,6000,6000,6000
Manipur,Imphal East,Lamlong Bazaar APMC,Bengal Gram(Gram)(Whole),Desi (Whole),FAQ,10/08/2026,7500,8000,7750
Haryana,Jind,Safidon APMC,Mousambi(Sweet Lime),Mousambi,Medium,10/08/2026,3000,3000,3000
Haryana,Jind,Safidon APMC,Lemon,Other,Medium,10/08/2026,5000,6000,5500
Haryana,Kurukshetra,Thanesar APMC,Coriander(Leaves),Coriander,Local,10/08/2026,6000,8000,7000
Haryana,Kurukshetra,Thanesar APMC,Mango,Other,Medium,10/08/2026,5000,10000,7500
Haryana,Kurukshetra,Thanesar APMC,Pineapple,Pine Apple,Medium,10/08/2026,3000,5000,4000
Haryana,Kurukshetra,Thanesar APMC,Pomegranate,Pomogranate,Medium,10/08/2026,5000,14000,9500
Haryana,Kurukshetra,Thanesar APMC,Mousambi(Sweet Lime),Mousambi,Medium,10/08/2026,2500,3500,3000
Haryana,Kurukshetra,Thanesar APMC,Cabbage,Cabbage,Local,10/08/2026,1000,2500,1750
Haryana,Kurukshetra,Thanesar APMC,Bitter gourd,Bitter Gourd,Local,10/08/2026,1500,2500,2000
Haryana,Kurukshetra,Thanesar APMC,Bhindi(Ladies Finger),Bhindi,Local,10/08/2026,2000,3000,2500
Haryana,Kurukshetra,Thanesar APMC,Mashrooms,Mashrooms,Medium,10/08/2026,14000,16000,15000
Uttar Pradesh,Agra,Agra APMC,Capsicum,Other,FAQ,10/08/2026,4000,4000,4000
West Bengal,Malda,English Bazar APMC,Masur Dal,Masur Dal,FAQ,10/08/2026,10400,10600,10500
West Bengal,Paschim Bardhaman,Asansol APMC,Rice,Fine,FAQ,10/08/2026,4675,4850,4765
West Bengal,Paschim Bardhaman,Asansol APMC,Green Gram Dal(Moong Dal),Green Gram Dal,FAQ,10/08/2026,12465,12600,12550
West Bengal,Paschim Bardhaman,Asansol APMC,Tomato,Hybrid,FAQ,10/08/2026,2650,2850,2700
Keralam,Kasargod,Kasargod Market,Banana,Medium,Local,10/08/2026,5500,6000,5800
Odisha,Bolangir,Bolangir APMC,Onion,Other,Medium,10/08/2026,2300,3000,2600
Odisha,Bolangir,Bolangir APMC,Cabbage,Other,Medium,10/08/2026,2600,3000,2800
Odisha,Nuapada,Khariar Road APMC,Cabbage,Cabbage,Grade A,10/08/2026,6000,6000,6000
Odisha,Nuapada,Khariar Road APMC,Carrot,Other,Grade A,10/08/2026,6000,6000,6000
Odisha,Nuapada,Khariar Road APMC,Bhindi(Ladies Finger),Bhindi,Grade A,10/08/2026,6000,6000,6000
Odisha,Nuapada,Khariar Road APMC,Bitter gourd,Other,Grade A,10/08/2026,7000,7000,7000
Odisha,Nuapada,Khariar Road APMC,Green Chilli,Green Chilly,Grade A,10/08/2026,12000,12000,12000
Odisha,Nuapada,Khariar Road APMC,Onion,Onion,Grade A,10/08/2026,3000,3000,3000
Odisha,Nuapada,Khariar Road APMC,Potato,Other,Grade A,10/08/2026,2000,2000,2000
Odisha,Nuapada,Khariar Road APMC,Tomato,Tomato,Grade A,10/08/2026,3000,3000,3000
Punjab,Tarntaran,Patti APMC,Garlic,Other,Local,10/08/2026,80.6,80.6,80.6
Punjab,Tarntaran,Patti APMC,Tomato,Other,Local,10/08/2026,1,1,1
Odisha,Sambalpur,Sambalpur APMC,Pumpkin,Other,Local,10/08/2026,700,800,750
Manipur,Bishnupur,Bishenpur APMC,Banana,Other,Medium,10/08/2026,4500,5000,4750
Manipur,Bishnupur,Bishenpur APMC,Potato,Other,FAQ,10/08/2026,3000,3500,3250
West Bengal,Howrah,Ramkrishanpur(Howrah) APMC,Bitter gourd,Other,FAQ,10/08/2026,4200,5000,4500
Gujarat,Sabarkantha,Idar APMC,Wheat,Other,Local,10/08/2026,2500,2760,2600
Gujarat,Sabarkantha,Idar APMC,Castor Seed,Other,Local,10/08/2026,6900,6990,6950
Uttarakhand,Dehradoon,Vikasnagar APMC,Cabbage,Cabbage,Medium,10/08/2026,500,1200,1200
Andhra Pradesh,Tirupathi,Venkatagiri APMC,Paddy(Common),MTU-1010,FAQ,10/08/2026,2350,2400,2370
Punjab,Mohali,Lalru APMC,French Beans(Frasbean),French Beans (Frasbean),Local,10/08/2026,5600,5600,5600
Punjab,Mohali,Lalru APMC,Potato,Other,Local,10/08/2026,1000,1000,1000
Uttarakhand,Haridwar,Manglaur APMC,Sponge gourd,Other,Local,10/08/2026,700,1000,800
Uttarakhand,Haridwar,Manglaur APMC,Tomato,Other,Medium,10/08/2026,800,1100,1000
Andhra Pradesh,Palnadu,Vinukonda APMC,Paddy(Common),Paddy,FAQ,10/08/2026,2300,2500,2400
Uttarakhand,Dehradoon,Rishikesh APMC,Apple,Kasmir/Shimla - II,Medium,10/08/2026,2700,8000,4500
Uttarakhand,Dehradoon,Rishikesh APMC,Mousambi(Sweet Lime),Other,Medium,10/08/2026,3200,4200,4000
Uttarakhand,Dehradoon,Rishikesh APMC,Potato,Other,Medium,10/08/2026,780,1150,955
Uttarakhand,Dehradoon,Rishikesh APMC,Bottle gourd,Other,Medium,10/08/2026,800,1250,1000
Uttar Pradesh,Auraiya,Auraiya APMC,Green Chilli,Other,FAQ,10/08/2026,4000,4000,4000
Telangana,Hyderabad,Gudimalkapur APMC,Tomato,Tomato,Grade B,10/08/2026,400,1600,800
Telangana,Hyderabad,Gudimalkapur APMC,Bitter gourd,Bitter Gourd,Grade B,10/08/2026,2000,3500,3000
Telangana,Hyderabad,Gudimalkapur APMC,Drumstick,Drumstick,Grade B,10/08/2026,2000,3000,2500
Telangana,Hyderabad,Gudimalkapur APMC,Pumpkin,Pumpkin,Grade B,10/08/2026,1000,1200,1100
Telangana,Hyderabad,Gudimalkapur APMC,Snakeguard,Snakeguard,Grade B,10/08/2026,1000,1000,1000
Haryana,Sonipat,Gohana APMC,Water Melon,Other,Medium,10/08/2026,1500,2000,1800
Haryana,Sonipat,Gohana APMC,Mango,Other,Medium,10/08/2026,5000,8000,6000
Haryana,Faridabad,Ballabhgarh APMC,Green Chilli,Green Chilly,FAQ,10/08/2026,2000,2500,2200
Haryana,Faridabad,Ballabhgarh APMC,Brinjal,Other,FAQ,10/08/2026,1200,1600,1400
Arunachal Pradesh,Lower Subansiri,Ziro APMC,Cucumbar(Kheera),Other,Local,10/08/2026,1500,1500,1500
Uttar Pradesh,Mau(Maunathbhanjan),Kopaganj APMC,Cucumbar(Kheera),Cucumbar,FAQ,10/08/2026,1566,1600,1588
Haryana,Hissar,Hansi APMC,Bitter gourd,Other,FAQ,10/08/2026,2000,2500,2250
Haryana,Hissar,Hansi APMC,Potato,Other,FAQ,10/08/2026,1000,4000,1000
Haryana,Hissar,Hansi APMC,Raddish,Other,FAQ,10/08/2026,1500,2000,1750
Haryana,Hissar,Hansi APMC,Tinda,Other,FAQ,10/08/2026,2000,2500,2250
Gujarat,Sabarkantha,Modasa APMC,Castor Seed,Castor seed,Local,10/08/2026,6525,6750,6750
Keralam,Thiruvananthapuram,Anyara(EEC) Market,Banana,Nendra Bale,Grade A,10/08/2026,6600,6700,6700
Keralam,Thiruvananthapuram,Anyara(EEC) Market,Cucumbar(Kheera),Cucumbar,FAQ,10/08/2026,2600,2700,2700
Keralam,Thiruvananthapuram,Anyara(EEC) Market,Snakeguard,Snakeguard,FAQ,10/08/2026,2500,2600,2600
Telangana,Medchal Malkajgiri,"Kukatpally,RBZ",Ladies Finger,Ladies Finger,Local,10/08/2026,3500,3500,3500
Telangana,Medchal Malkajgiri,"Kukatpally,RBZ",Ridgeguard(Tori),Other,Local,10/08/2026,3700,3700,3700
Telangana,Medchal Malkajgiri,"Kukatpally,RBZ",Drumstick,Drumstick,Local,10/08/2026,4000,4000,4000
Telangana,Medchal Malkajgiri,"Kukatpally,RBZ",Banana - Green,Banana - Green,Local,10/08/2026,900,900,900
Telangana,Medchal Malkajgiri,"Kukatpally,RBZ",Other green and fresh vegetables,Other,Local,10/08/2026,2000,2000,2000
Punjab,Amritsar,Rayya APMC,Onion,Other,FAQ,10/08/2026,1435,1435,1435
Punjab,Amritsar,Rayya APMC,Potato,Potato,FAQ,10/08/2026,755,755,755
Punjab,Amritsar,Rayya APMC,Ridgeguard(Tori),Other,FAQ,10/08/2026,2096,2096,2096
Punjab,Amritsar,Rayya APMC,Tinda,Other,FAQ,10/08/2026,1805,1805,1805
Punjab,Fatehgarh,Bassi Pathana APMC,Raddish,Raddish,Medium,10/08/2026,2300,2500,2400
Punjab,Fatehgarh,Khamano APMC,Peas Wet,Peas Wet,FAQ,10/08/2026,7000,7000,7000
Haryana,Karnal,Gharaunda APMC,Onion,Other,Local,10/08/2026,2500,2800,2800
Haryana,Karnal,Gharaunda APMC,Tomato,Other,Local,10/08/2026,2000,2500,2500
Haryana,Karnal,Indri APMC,Tomato,Tomato,FAQ,10/08/2026,2400,2800,2800
Uttar Pradesh,Maharajganj,Partaval APMC,Wheat,Sharbati,FAQ,10/08/2026,2400,2400,2400
Nagaland,Dimapur,Dimapur APMC,Brinjal,Brinjal,Local,10/08/2026,3000,4000,3500
Gujarat,Amreli,Savarkundla APMC,Jowar(Sorghum),Jowar ( White),Local,10/08/2026,2750,5900,5500
Uttarakhand,Champawat,Tanakpur APMC,Rice,Other,Local,10/08/2026,3500,3500,3500
Gujarat,Surat,Mandvi APMC,Paddy(Common),Other,Non-FAQ,10/08/2026,1750,1750,1750
Gujarat,Gir Somnath,Veraval APMC,Millets,Millets,FAQ,10/08/2026,2025,2575,2500
Gujarat,Gir Somnath,Veraval APMC,Bengal Gram(Gram)(Whole),Other,FAQ,10/08/2026,5850,6055,6005
Gujarat,Banaskanth,Vav APMC,Cummin Seed(Jeera),Other,FAQ,10/08/2026,15550,19405,18950
Andhra Pradesh,Krishna,Penamaluru (HQ-Kankipadu) APMC,Paddy(Common),MTU-1001,Local,10/08/2026,2441,2441,2441
Keralam,Kollam,Chathanoor Market,Drumstick,Other,FAQ,10/08/2026,6300,6700,6500
Keralam,Kollam,Chathanoor Market,Banana,Red Banana,Medium,10/08/2026,6300,6700,6500
West Bengal,Malda,Gajol APMC,Wheat,Other,FAQ,10/08/2026,2500,2700,2600
West Bengal,Dakshin Dinajpur,Gangarampur(Dakshin Dinajpur) APMC,Potato,Local,FAQ,10/08/2026,670,700,680
West Bengal,Dakshin Dinajpur,Gangarampur(Dakshin Dinajpur) APMC,Sweet Pumpkin,Other,FAQ,10/08/2026,1800,2200,2000
West Bengal,Dakshin Dinajpur,Gangarampur(Dakshin Dinajpur) APMC,Cucumbar(Kheera),Other,FAQ,10/08/2026,2800,3500,3000
Uttarakhand,Haridwar,Bhagwanpur(Naveen Mandi Sthal) APMC,Bitter gourd,Other,Grade A,10/08/2026,500,800,560
Keralam,Kollam,Kottarakkara Market,Bottle gourd,Other,Local,10/08/2026,2000,2000,2000
Keralam,Kollam,Kottarakkara Market,Cabbage,Other,Local,10/08/2026,2300,2300,2300
Keralam,Kollam,Kottarakkara Market,Cauliflower,Other,Local,10/08/2026,2300,2300,2300
Keralam,Kollam,Kottarakkara Market,Lemon,Other,Local,10/08/2026,3300,3300,3300
Keralam,Kollam,Kottarakkara Market,Little gourd(Kundru),Other,Local,10/08/2026,3500,3500,3500
Keralam,Kollam,Kottarakkara Market,Ginger(Green),Other,Local,10/08/2026,4500,4500,4500
Himachal Pradesh,Kangra,SMY Dharamshala,Tomato,Tomato,FAQ,10/08/2026,2200,2800,2500
Himachal Pradesh,Kangra,SMY Dharamshala,Banana,Banana - Ripe,Medium,10/08/2026,4800,5000,4900
Himachal Pradesh,Kangra,SMY Dharamshala,Pomegranate,Pomogranate,Medium,10/08/2026,13000,14000,13500
Himachal Pradesh,Kangra,SMY Dharamshala,Bhindi(Ladies Finger),Bhindi,FAQ,10/08/2026,3000,3200,3100
Himachal Pradesh,Kangra,SMY Dharamshala,Green Chilli,Green Chilly,FAQ,10/08/2026,3500,4500,4000
Himachal Pradesh,Mandi,SMY Jogindernagar,Peas Wet,Peas Wet,Grade B,10/08/2026,8000,11000,9500
Himachal Pradesh,Mandi,SMY Jogindernagar,Raddish,Raddish,Grade B,10/08/2026,1000,2000,1500
Himachal Pradesh,Mandi,SMY Jogindernagar,Tomato,Local,Grade B,10/08/2026,2000,3200,2600
Himachal Pradesh,Mandi,SMY Jogindernagar,Pear(Marasebu),Pears,Grade B,10/08/2026,5000,10000,7500
Himachal Pradesh,Mandi,SMY Jogindernagar,Carrot,Other,Grade B,10/08/2026,3000,3500,3250
Himachal Pradesh,Mandi,SMY Jogindernagar,Bitter gourd,Bitter Gourd,Grade B,10/08/2026,2500,3000,2750
Himachal Pradesh,Shimla,SMY Mehndli,Pear(Marasebu),Pears,Grade B,10/08/2026,12500,45000,27500
West Bengal,Coochbehar,Mekhliganj APMC,Potato,Jyoti,FAQ,10/08/2026,610,640,620
West Bengal,Coochbehar,Mekhliganj APMC,Brinjal,Brinjal,FAQ,10/08/2026,4200,4700,4500
Maharashtra,Solapur,SHRI.SIDDHESHWAR  APMC,Onion,Red,Local,10/08/2026,200,3600,1900
Maharashtra,Solapur,SHRI.SIDDHESHWAR  APMC,Bitter gourd,Other,Local,10/08/2026,1000,3000,2000
Maharashtra,Solapur,SHRI.SIDDHESHWAR  APMC,Brinjal,Other,Local,10/08/2026,1000,4000,2000
Maharashtra,Solapur,SHRI.SIDDHESHWAR  APMC,Green Chilli,Other,Local,10/08/2026,1500,3200,2000
Maharashtra,Buldhana,Malkapur APMC,Wheat,Other,FAQ,10/08/2026,2660,2660,2660
Maharashtra,Buldhana,Malkapur APMC,Jowar(Sorghum),Other,Non-FAQ,10/08/2026,2080,2690,2551
Maharashtra,Buldhana,Malkapur APMC,Maize,Yellow,Non-FAQ,10/08/2026,2000,2275,2225
Maharashtra,Buldhana,Malkapur APMC,Bengal Gram(Gram)(Whole),Average (Whole),FAQ,10/08/2026,6000,6000,6000
Maharashtra,Buldhana,Malkapur APMC,Green Gram(Moong)(Whole),Other,Non-FAQ,10/08/2026,4300,6200,5600
Maharashtra,Hingoli,Hingoli APMC,Turmeric,Other,Local,10/08/2026,14300,16100,15200
Keralam,Malappuram,Thirurrangadi Market,Potato,Other,FAQ,10/08/2026,2500,2800,2600
Keralam,Malappuram,Thirurrangadi Market,Cauliflower,Other,FAQ,10/08/2026,3500,3500,3500
Keralam,Malappuram,Thirurrangadi Market,Bitter gourd,Other,FAQ,10/08/2026,4500,4500,4500
Keralam,Malappuram,Thirurrangadi Market,Ashgourd,Ashgourd,FAQ,10/08/2026,1100,1400,1200
Maharashtra,Jalna,Mantha APMC,Jowar(Sorghum),Other,Local,10/08/2026,3500,4000,3850
Maharashtra,Jalgaon,APMC CHOPADA,Bengal Gram(Gram)(Whole),Average (Whole),FAQ,10/08/2026,6000,6000,6000
Maharashtra,Jalgaon,APMC PACHORA,Bajra(Pearl Millet/Cumbu),Other,Non-FAQ,10/08/2026,2100,2500,2300
Maharashtra,Latur,Nilanga APMC,Red gram/Arhar/Tur(whole),Other,Non-FAQ,10/08/2026,7000,7800,7500
Maharashtra,Latur,APMC Latur,Bengal Gram(Gram)(Whole),Other,FAQ,10/08/2026,5875,6350,6000
Maharashtra,Kolhapur,Kolhapur(Laxmipuri) APMC,Rice,1009 Kar,Local,10/08/2026,3050,9400,6225
Maharashtra,Latur,Ahmedpur APMC,Jowar(Sorghum),Other,Non-FAQ,10/08/2026,1500,3100,2314
Maharashtra,Latur,Ausa APMC,Bengal Gram(Gram)(Whole),Other,Non-FAQ,10/08/2026,5351,5351,5351
Maharashtra,Nagpur,Kamthi APMC,Ginger(Green),Other,Local,10/08/2026,8060,9060,8560
Maharashtra,Nagpur,Kamthi APMC,Tomato,Local,Local,10/08/2026,2040,2540,2290
Maharashtra,Nagpur,Kamthi APMC,Green Chilli,Other,Local,10/08/2026,5050,6050,5550
Keralam,Pathanamthitta,Seethathode  VFPCK Market,Banana,Rasakathai,Grade Range-1,10/08/2026,5200,6000,5500
Karnataka,Bengaluru Rural,Doddaballapur APMC,Tomato,Tomato,Medium,10/08/2026,1000,1400,1200
Karnataka,Bengaluru Rural,Doddaballapur APMC,Ladies Finger,Ladies Finger,Medium,10/08/2026,2000,3000,2600
Karnataka,Bengaluru Rural,Doddaballapur APMC,Ridgeguard(Tori),Ridgeguard(Tori),Medium,10/08/2026,2000,3000,2600
Maharashtra,Mumbai,Mumbai APMC,Cauliflower,Other,Local,10/08/2026,1200,2800,2000
Maharashtra,Mumbai,Mumbai APMC,Methi(Leaves),Other,Local,10/08/2026,900,1200,1050
Maharashtra,Mumbai,Mumbai APMC,Spinach,Other,Local,10/08/2026,1000,1500,1250
Maharashtra,Mumbai,Mumbai APMC,Green Chilli,Other,Local,10/08/2026,2400,5000,3700
Maharashtra,Mumbai,Mumbai APMC,Wheat,Other,FAQ,10/08/2026,2900,4600,3750
Maharashtra,Mumbai,Mumbai APMC,Black Gram(Urd Beans)(Whole),Other,FAQ,10/08/2026,8500,11000,10000
Maharashtra,Mumbai,Mumbai APMC,Bottle gourd,Other,Local,10/08/2026,2000,2800,2400
Maharashtra,Mumbai,Mumbai APMC,French Beans(Frasbean),Other,Local,10/08/2026,5000,6000,5500
Maharashtra,Nagpur,Savner APMC,Wheat,Other,Non-FAQ,10/08/2026,2535,2535,2535
Maharashtra,Nashik,Devala APMC,Black Gram(Urd Beans)(Whole),Other,FAQ,10/08/2026,8900,8900,8900
Maharashtra,Mumbai,Mumbai- Fruit Market APMC,Mango,Other,Local,10/08/2026,6000,15000,10500
Maharashtra,Nashik,Lasalgaon(Niphad) APMC,Soyabean,Other,Local,10/08/2026,6500,7141,7100
Maharashtra,Nashik,Nasik APMC,Bhindi(Ladies Finger),Other,Local,10/08/2026,2500,4166,3333
Maharashtra,Nashik,Nasik APMC,Cauliflower,Other,Local,10/08/2026,710,2142,1214
Maharashtra,Nashik,Nasik APMC,Guar,Other,Local,10/08/2026,3000,6000,4500
Maharashtra,Nashik,Nasik APMC,Cucumbar(Kheera),Other,Local,10/08/2026,2500,4000,3250
Keralam,Palakad,Vadakkenchery Market,Cabbage,Cabbage,FAQ,10/08/2026,5500,6000,6000
Keralam,Palakad,Vadakkenchery Market,Brinjal,Brinjal,FAQ,10/08/2026,6000,6500,6500
Keralam,Palakad,Vadakkenchery Market,Cucumbar(Kheera),Cucumbar,FAQ,10/08/2026,5000,5500,5500
Keralam,Palakad,Vadakkenchery Market,Banana,Poovan,Local,10/08/2026,5500,6000,6000
Maharashtra,Dharashiv,Tuljapur APMC,Bengal Gram(Gram)(Whole),Other,FAQ,10/08/2026,5875,6000,5900
Maharashtra,Pune,Baramati APMC,Maize,Deshi Red,FAQ,10/08/2026,2400,2471,2420
Maharashtra,Pune,Khed APMC,Bottle gourd,Other,Local,10/08/2026,1000,3000,2000
Maharashtra,Pune,Khed APMC,Brinjal,Other,Local,10/08/2026,2000,6000,4000
Maharashtra,Ratnagiri,Ratnagiri (Nachane) APMC,French Beans(Frasbean),Other,Local,10/08/2026,5000,6000,5500
Maharashtra,Ratnagiri,Ratnagiri (Nachane) APMC,Bitter gourd,Other,Local,10/08/2026,3000,4000,3500
Maharashtra,Ratnagiri,Ratnagiri (Nachane) APMC,Tomato,Other,Local,10/08/2026,1000,1400,1200
Maharashtra,Pune,Pune(Khadiki) APMC,Beans,Other,Local,10/08/2026,1500,2000,1750
Maharashtra,Pune,Pune(Khadiki) APMC,Bitter gourd,Other,Local,10/08/2026,1500,1800,1650
Maharashtra,Pune,Pune(Khadiki) APMC,Chilly Capsicum,Other,Local,10/08/2026,1500,1700,1600
Maharashtra,Pune,Pune APMC,Bengal Gram(Gram)(Whole),Other,FAQ,10/08/2026,6200,7300,6750
Maharashtra,Pune,Pune APMC,Lentil(Masur)(Whole),Other,FAQ,10/08/2026,7100,7500,7300
Maharashtra,Pune,Pune APMC,Ground Nut Seed,Local,Local,10/08/2026,12900,13900,13400
Maharashtra,Pune,Pune APMC,Gur(Jaggery),Other,Local,10/08/2026,4575,4675,4625
Maharashtra,Pune,Pune APMC,Pineapple,Other,Local,10/08/2026,1600,3300,2400
Maharashtra,Pune,Pune APMC,Pomegranate,Other,Local,10/08/2026,2000,10000,6000
Maharashtra,Pune,Pune APMC,Lime,Other,Local,10/08/2026,400,3000,1700
Maharashtra,Pune,Pune APMC,Papaya,Other,Local,10/08/2026,1000,3000,2000
Maharashtra,Pune,Pune APMC,Sweet Pumpkin,Other,Local,10/08/2026,800,2000,1400
Maharashtra,Pune,Pune APMC,Cucumbar(Kheera),Other,Local,10/08/2026,1000,2500,1750
Maharashtra,Pune,Pune APMC,Chilly Capsicum,Other,Local,10/08/2026,1000,2500,1750
Maharashtra,Pune,Pune APMC,Mint(Pudina),Other,Local,10/08/2026,4,15,9
Maharashtra,Pune,Pune APMC,Drumstick,Other,Local,10/08/2026,1000,5000,3000
Maharashtra,Pune,Pune APMC,Ridgeguard(Tori),Other,Local,10/08/2026,2000,4000,3000
Maharashtra,Pune,Pune APMC,Tomato,Local,Local,10/08/2026,800,1600,1200
Maharashtra,Pune,Pune(Moshi) APMC,Green Chilli,Other,Local,10/08/2026,3000,4000,3500
Maharashtra,Pune,Pune(Moshi) APMC,Elephant Yam(Suran)/Amorphophallus,Other,Local,10/08/2026,2000,2000,2000
Maharashtra,Pune,Pune(Moshi) APMC,Peas Wet,Other,Local,10/08/2026,10000,12000,11000
Maharashtra,Pune,Pune(Moshi) APMC,Mango,Other,Local,10/08/2026,4000,5000,4500
Maharashtra,Pune,Pune(Moshi) APMC,Plum,Other,Local,10/08/2026,7000,7000,7000
Maharashtra,Pune,Pune(Moshi) APMC,Orange,Other,Local,10/08/2026,7000,7000,7000
Maharashtra,Pune,Pune(Moshi) APMC,Carrot,Other,Local,10/08/2026,2000,3000,2500
Maharashtra,Pune,Pune(Moshi) APMC,Beans,Other,Local,10/08/2026,4000,5000,4500
Uttar Pradesh,Etah,Aliganj APMC,Wheat,Deshi,FAQ,10/08/2026,2500,2500,2500
Uttar Pradesh,Etah,Aliganj APMC,Wheat,Dara,FAQ,10/08/2026,2500,2500,2500
Maharashtra,Raigad,Panvel APMC,Bhindi(Ladies Finger),Other,Local,10/08/2026,4000,5000,4500
Maharashtra,Raigad,Panvel APMC,Guar,Other,Local,10/08/2026,7000,8000,7500
Maharashtra,Raigad,Panvel APMC,Beans,Other,Local,10/08/2026,4000,5000,4500
Maharashtra,Nandurbar,APMC Nandurbar,Soyabean,Other,Local,10/08/2026,6431,6630,6525
Maharashtra,Pune,Pune(Manjri) APMC,Green Peas,Other,Local,10/08/2026,12000,12000,12000
Maharashtra,Pune,Pune(Manjri) APMC,Potato,Other,Local,10/08/2026,1400,1800,1600
Maharashtra,Pune,Pune(Manjri) APMC,Guar,Other,Local,10/08/2026,4000,8000,6000
Maharashtra,Pune,Pune(Manjri) APMC,Green Chilli,Other,Local,10/08/2026,3000,5000,4000
Maharashtra,Pune,Junnar(Otur) APMC,Cauliflower,Other,Local,10/08/2026,1000,3670,3000
Maharashtra,Pune,Junnar(Otur) APMC,Cucumbar(Kheera),Other,Local,10/08/2026,1000,2810,2200
Maharashtra,Pune,Junnar(Otur) APMC,Brinjal,Other,Local,10/08/2026,1000,4000,3000
Maharashtra,Satara,Karad APMC,Cauliflower,Other,Local,10/08/2026,1500,2000,2000
Maharashtra,Satara,Karad APMC,Bitter gourd,Other,Local,10/08/2026,3000,3500,3500
Maharashtra,Satara,Karad APMC,Ridgeguard(Tori),Other,Local,10/08/2026,3000,3500,3500
Maharashtra,Satara,Lonand APMC,Onion,Unhali,Local,10/08/2026,500,2555,2000
Maharashtra,Satara,Satara APMC,Cabbage,Other,Local,10/08/2026,1000,2000,1500
Maharashtra,Satara,Satara APMC,Chilly Capsicum,Other,Local,10/08/2026,3000,4000,3500
Maharashtra,Satara,Satara APMC,Drumstick,Other,Local,10/08/2026,5000,6000,5500
Keralam,Kollam,Elamad  VFPCK Market,Banana,Nendra Bale,Grade A,10/08/2026,6600,7500,6900
Maharashtra,Solapur,Dudhani APMC,Bengal Gram(Gram)(Whole),Other,FAQ,10/08/2026,5970,6000,6000
Maharashtra,Solapur,Karmala APMC,Wheat,Other,FAQ,10/08/2026,2600,2700,2675
Maharashtra,Solapur,Karmala APMC,Maize,Other,FAQ,10/08/2026,2401,2401,2401
Maharashtra,Solapur,Barshi APMC,Soyabean,Other,Local,10/08/2026,6800,6800,6800
Maharashtra,Solapur,Barshi APMC,Black Gram(Urd Beans)(Whole),Other,FAQ,10/08/2026,8200,8200,8200
Maharashtra,Solapur,Kurdwadi(Modnimb) APMC,Bengal Gram(Gram)(Whole),Other,FAQ,10/08/2026,6000,6000,6000
Maharashtra,Satara,Vaduj APMC,Coriander(Leaves),Other,Local,10/08/2026,5,8,7
Maharashtra,Washim,Washim(Ansing) APMC,Wheat,Maharashtra 2189,Non-FAQ,10/08/2026,2350,2580,2450
Uttar Pradesh,Agra,Achnera APMC,Wheat,Dara Mill Quality,FAQ,10/08/2026,2600,2600,2600
Maharashtra,Solapur,Mangal Wedha APMC,Red gram/Arhar/Tur(whole),Other,Non-FAQ,10/08/2026,6000,6300,6000
Maharashtra,Solapur,Mangal Wedha APMC,Bhindi(Ladies Finger),Other,Local,10/08/2026,500,3000,2500
Maharashtra,Solapur,Mangal Wedha APMC,Cucumbar(Kheera),Other,Local,10/08/2026,2000,6500,3000
Maharashtra,Solapur,Mangal Wedha APMC,Onion,Local,Local,10/08/2026,1100,3000,2410
Maharashtra,Solapur,Mangal Wedha APMC,Brinjal,Other,Local,10/08/2026,500,6000,4000
Maharashtra,Washim,Karanja APMC,Bengal Gram(Gram)(Whole),Other,FAQ,10/08/2026,6130,6275,6130
Maharashtra,Wardha,Hinganghat APMC,Bengal Gram(Gram)(Whole),Other,FAQ,10/08/2026,5875,6395,6100
Maharashtra,Yavatmal,Babhulgaon APMC,Bengal Gram(Gram)(Whole),Other,FAQ,10/08/2026,5901,6175,6051
Maharashtra,Yavatmal,Babhulgaon APMC,Red gram/Arhar/Tur(whole),Other,Non-FAQ,10/08/2026,7101,7775,7401
Maharashtra,Yavatmal,Babhulgaon APMC,Soyabean,Yellow,FAQ,10/08/2026,6301,7025,6651
Maharashtra,Wardha,Wardha APMC,Red gram/Arhar/Tur(whole),Other,FAQ,10/08/2026,8000,8065,8050
Maharashtra,Wardha,Samudrapur APMC,Bengal Gram(Gram)(Whole),Other,FAQ,10/08/2026,6200,6200,6200
Maharashtra,Yavatmal,Digras APMC,Soyabean,Yellow,FAQ,10/08/2026,6305,6800,6765
Uttar Pradesh,Mirzapur,Ahirora APMC,Bottle gourd,Bottle Gourd,Medium,10/08/2026,800,1000,900
Uttar Pradesh,Mirzapur,Ahirora APMC,Brinjal,Brinjal,Medium,10/08/2026,2100,2300,2200
Uttar Pradesh,Mirzapur,Ahirora APMC,Sponge gourd,Sponge gourd,Medium,10/08/2026,1100,1300,1200
Maharashtra,Amarawati,Shetkari Krushi Utapanna Bazar Roshankheda Tal Varud Dist Amravati,Bengal Gram(Gram)(Whole),Other,Local,10/08/2026,5850,5850,5850
Pondicherry,Pondicherry,Thattanchavady APMC,Dry Chillies,Other,Grade Range-1,10/08/2026,11190,20100,20100
Maharashtra,Gondiya,Gondiya APMC,Paddy(Common),Other,FAQ,10/08/2026,2820,3601,3210
Maharashtra,Yavatmal,Umarkhed APMC,Bengal Gram(Gram)(Whole),Other,Non-FAQ,10/08/2026,4900,5100,5000
Rajasthan,Jhalawar,Bhawani Mandi APMC,Soyabean,Soyabeen,Local,10/08/2026,5700,6790,6245
Tripura,West District,Mohanpur APMC,Bitter gourd,Bitter Gourd,Local,10/08/2026,4400,4600,4500
Tripura,West District,Mohanpur APMC,Cucumbar(Kheera),Cucumbar,Local,10/08/2026,4400,4600,4500
Tripura,West District,Mohanpur APMC,Papaya(Raw),Other,Local,10/08/2026,2100,2300,2200
Uttar Pradesh,Fatehpur,Fatehpur APMC,Onion,Other,FAQ,10/08/2026,2300,2300,2300
Uttar Pradesh,Fatehpur,Fatehpur APMC,Green Chilli,Other,FAQ,10/08/2026,4500,4500,4500
Maharashtra,Nashik,Nandgaon APMC,Wheat,Maharashtra 2189,FAQ,10/08/2026,2662,2698,2662
Maharashtra,Nagpur,Agriculture Produce Market Committee Katol,Groundnut,Other,FAQ,10/08/2026,8900,9000,9000
Maharashtra,Nagpur,Agriculture Produce Market Committee Katol,Soyabean,Yellow,FAQ,10/08/2026,6400,6801,6650
Uttar Pradesh,Aligarh,Aligarh APMC,Wheat,Other,FAQ,10/08/2026,2550,2550,2550
Uttar Pradesh,Aligarh,Aligarh APMC,Capsicum,Other,FAQ,10/08/2026,4000,4000,4000
Uttar Pradesh,Bulandshahar,Anoop Shahar APMC,Raddish,Other,FAQ,10/08/2026,1200,1600,1400
Uttar Pradesh,Bulandshahar,Anoop Shahar APMC,Wood,Other,FAQ,10/08/2026,1900,1950,1924.22
Uttar Pradesh,Chitrakut,Karvi APMC,Wheat,Dara Mill Quality,FAQ,10/08/2026,2510,2540,2522.25
Uttar Pradesh,Chitrakut,Karvi APMC,Wood,Other,FAQ,10/08/2026,300,300,300
Uttar Pradesh,Chitrakut,Karvi APMC,Wood,Eucalyptus,FAQ,10/08/2026,500,500,500
Uttar Pradesh,Azamgarh,Azamgarh APMC,Wheat,Medium,FAQ,10/08/2026,2590,2590,2590
Uttar Pradesh,Badaun,Babrala APMC,Potato,Other,FAQ,10/08/2026,600,600,600
Uttar Pradesh,Farukhabad,Farukhabad APMC,Pumpkin,Other,FAQ,10/08/2026,500,700,600
Uttar Pradesh,Mainpuri,Ghiraur APMC,Garlic,Other,FAQ,10/08/2026,8000,8000,8000
Uttar Pradesh,Jhansi,Jhansi APMC,Groundnut,Other,FAQ,10/08/2026,5800,6035,5988.78
Uttar Pradesh,Jhansi,Jhansi APMC,Wheat,Other,FAQ,10/08/2026,2350,2352,2351.23
Uttar Pradesh,Jhansi,Jhansi APMC,Green Gram(Moong)(Whole),Other,FAQ,10/08/2026,5000,8768,6579.88
Uttar Pradesh,Kanpur Dehat,Jhijhank APMC,Wheat,Dara,FAQ,10/08/2026,2400,2600,2520.72
Madhya Pradesh,Vidisha,Shamshabad APMC,Wheat,Mill Quality,FAQ,10/08/2026,2510,2520,2520
Madhya Pradesh,Vidisha,Shamshabad APMC,Wheat,Wheat,FAQ,10/08/2026,2530,2531,2531
Madhya Pradesh,Rajgarh,Narsinghgarh APMC,Mustard,Mustard,FAQ,10/08/2026,7345,7345,7345
Madhya Pradesh,Ujjain,Badnagar APMC,Soyabean,Yellow,FAQ,10/08/2026,2501,6940,5700
Madhya Pradesh,Ujjain,Badnagar APMC,Soyabean,Yellow,Non-FAQ,10/08/2026,1350,1799,1799
Madhya Pradesh,Ujjain,Badnagar APMC,Onion,Onion-Organic,FAQ,10/08/2026,1011,2105,2105
Madhya Pradesh,Dewas,Haatpipliya APMC,Soyabean,Soyabeen,Non-FAQ,10/08/2026,5450,6796,6550
Madhya Pradesh,Mandsaur,Shamgarh APMC,"Sesamum(Sesame,Gingelly,Til)",Sesame,Non-FAQ,10/08/2026,11400,11400,11400
Madhya Pradesh,Mandsaur,Shamgarh APMC,Bengal Gram(Gram)(Whole),Gram,Non-FAQ,10/08/2026,5701,6499,5900
Madhya Pradesh,Mandsaur,Shamgarh APMC,Garlic,Garlic,Non-FAQ,10/08/2026,1600,13500,13500
Madhya Pradesh,Mandsaur,Shamgarh APMC,Coriander(Leaves),Coriander,Non-FAQ,10/08/2026,9250,14201,14201
Madhya Pradesh,Neemuch,Javad APMC,Wheat,Wheat,FAQ,10/08/2026,2470,2535,2470
Madhya Pradesh,Ratlam,Ratlam APMC,Kabuli Chana(Chickpeas-White),Dollar Gram,FAQ,10/08/2026,7020,8233,8233
Madhya Pradesh,Sheopur,Sheopurbadod APMC,Wheat,Wheat,FAQ,10/08/2026,2653,2653,2653
Madhya Pradesh,Sheopur,Sheopurbadod APMC,Green Gram(Moong)(Whole),Green (Whole),FAQ,10/08/2026,6401,7001,7001
Madhya Pradesh,Shivpuri,Badarwas APMC,Bengal Gram(Gram)(Whole),Gram,FAQ,10/08/2026,5580,5580,5580
Madhya Pradesh,Shivpuri,Badarwas APMC,Coriander(Leaves),Coriander,Non-FAQ,10/08/2026,9600,9600,9600
Madhya Pradesh,Shivpuri,Shivpuri APMC,Bengal Gram(Gram)(Whole),Gram,FAQ,10/08/2026,5405,5405,5405
Madhya Pradesh,Shivpuri,Karera APMC,Wheat,Mill Quality,FAQ,10/08/2026,2400,2502,2502
Madhya Pradesh,Shivpuri,Karera APMC,Wheat,Wheat,FAQ,10/08/2026,2450,2600,2600
Madhya Pradesh,Shivpuri,Pichhour APMC,Wheat,Wheat,Non-FAQ,10/08/2026,2401,2447,2440
Madhya Pradesh,Shivpuri,Pohari APMC,Bengal Gram(Gram)(Whole),Gram,FAQ,10/08/2026,5705,5705,5705
Madhya Pradesh,Shivpuri,Magroni APMC,Paddy(Common),Paddy,FAQ,10/08/2026,4255,4295,4295
Madhya Pradesh,Bhind,Bhind APMC,Mustard,Mustard,FAQ,10/08/2026,7500,7630,7630
Madhya Pradesh,Bhind,Bhind APMC,Wheat,Wheat,FAQ,10/08/2026,2552,2552,2552
Madhya Pradesh,Bhind,Alampur APMC,Bengal Gram(Gram)(Whole),Gram,FAQ,10/08/2026,5925,5940,5940
Madhya Pradesh,Morena,Porsa APMC,Potato,Potato,FAQ,10/08/2026,600,600,600
Madhya Pradesh,Morena,Ambaha APMC,Mustard,Mustard,FAQ,10/08/2026,7550,7625,7625
Madhya Pradesh,Sheopur,Sheopurkalan APMC,Green Gram(Moong)(Whole),Green (Whole),Non-FAQ,10/08/2026,6500,7200,7200
Madhya Pradesh,Sheopur,Sheopurkalan APMC,Wheat,Wheat,Non-FAQ,10/08/2026,2577,2577,2577
Madhya Pradesh,Sheopur,Vijaypur APMC,Wheat,Wheat,Non-FAQ,10/08/2026,2410,2410,2410
Madhya Pradesh,Sheopur,Vijaypur APMC,Mustard,Mustard,FAQ,10/08/2026,7800,7880,7850
Madhya Pradesh,Sagar,Sagar APMC,Green Gram(Moong)(Whole),Green (Whole),FAQ,10/08/2026,6610,6900,6900
Madhya Pradesh,Sagar,Sagar APMC,Wheat,Wheat,FAQ,10/08/2026,2405,2820,2615
Madhya Pradesh,Sagar,Sagar APMC,Bengal Gram(Gram)(Whole),Gram,FAQ,10/08/2026,4300,6075,5900
Madhya Pradesh,Sagar,Sagar APMC,Wheat,Wheat,Non-FAQ,10/08/2026,4400,4400,4400
Madhya Pradesh,Jabalpur,Jabalpur APMC,Red gram/Arhar/Tur(whole),Arhar Dal(Tur),FAQ,10/08/2026,4405,8155.8,5045
Madhya Pradesh,Jabalpur,Jabalpur APMC,Green Peas,Pea,FAQ,10/08/2026,1995,3740,2300
Madhya Pradesh,Sagar,Rahatgarh APMC,Soyabean,Soyabeen,FAQ,10/08/2026,6695,6695,6695
Madhya Pradesh,Sagar,Rahatgarh APMC,Soyabean,Soyabeen,Non-FAQ,10/08/2026,6615,6800,6800
Madhya Pradesh,Sagar,Kesli APMC,Bengal Gram(Gram)(Whole),Gram,FAQ,10/08/2026,5225,5400,5400
Madhya Pradesh,Mandla,Krishi Upaj Mandi Samiti Bichhiya,buttery,Buttery,Non-FAQ,10/08/2026,3100,3100,3100
Madhya Pradesh,Mandla,Krishi Upaj Mandi Samiti Bichhiya,Kutki,Kutki,Non-FAQ,10/08/2026,6700,8400,8400
Madhya Pradesh,Chhatarpur,LavKush Nagar(Laundi) APMC,Wheat,Mill Quality,FAQ,10/08/2026,2403,2405,2405
Madhya Pradesh,Chhatarpur,LavKush Nagar(Laundi) APMC,Green Peas,Pea,Non-FAQ,10/08/2026,4050,4200,4150
Madhya Pradesh,Chhatarpur,LavKush Nagar(Laundi) APMC,Bengal Gram(Gram)(Whole),Gram,FAQ,10/08/2026,5405,5405,5405
Madhya Pradesh,Chhatarpur,LavKush Nagar(Laundi) APMC,Bengal Gram(Gram)(Whole),Desi (F.A.Q. Split),Non-FAQ,10/08/2026,5650,5790,5790
Madhya Pradesh,Tikamgarh,Tikamgarh APMC,Wheat,Mill Quality,FAQ,10/08/2026,2500,2590,2500
Uttar Pradesh,Hamirpur,Maudaha APMC,Wheat,Dara Mill Quality,FAQ,10/08/2026,2330,2330,2330
Uttar Pradesh,Hamirpur,Maudaha APMC,Wheat,Medium,FAQ,10/08/2026,2330,2330,2330
Madhya Pradesh,Chhindwara,Chhindwara APMC,Red gram/Arhar/Tur(whole),Arhar Dal(Tur),FAQ,10/08/2026,5675,6952,6952
Madhya Pradesh,Dindori,Gorakhpur APMC,Kodo Millet(Varagu),Kondo,FAQ,10/08/2026,2695,2715,2700
Madhya Pradesh,Narsinghpur,Gadarwada APMC,Lentil(Masur)(Whole),Masur Dal,FAQ,10/08/2026,5550,5550,5550
Madhya Pradesh,Narsinghpur,Kareli APMC,Red gram/Arhar/Tur(whole),Arhar Dal(Tur),FAQ,10/08/2026,4400,7240,7240
Madhya Pradesh,Narsinghpur,Kareli APMC,Green Gram(Moong)(Whole),Green (Whole),FAQ,10/08/2026,5900,7600,6700
Madhya Pradesh,Narsinghpur,Narsinghpur APMC,Green Gram(Moong)(Whole),Green (Whole),Non-FAQ,10/08/2026,1000,7391,7391
Madhya Pradesh,Seoni,Chhpara APMC,Wheat,Wheat,Non-FAQ,10/08/2026,2500,2600,2600
Madhya Pradesh,Rewa,Rewa APMC,Bengal Gram(Gram)(Whole),Gram,FAQ,10/08/2026,5281,5641,5641
Madhya Pradesh,Rewa,Chaakghat APMC,Mustard,Mustard,FAQ,10/08/2026,7001,7001,7001
Madhya Pradesh,Rewa,Hanumana APMC,Wheat,Mill Quality,FAQ,10/08/2026,2500,2500,2500
Madhya Pradesh,Shehdol,Budhar APMC,Wheat,Mill Quality,FAQ,10/08/2026,2300,2300,2300
Madhya Pradesh,Anupur,Kotma APMC,dried mango,Amacaria,Non-FAQ,10/08/2026,5400,5400,5400
Gujarat,Navsari,Navsari APMC,Cauliflower,Cauliflower,Local,10/08/2026,3000,4000,3500
Gujarat,Navsari,Navsari APMC,Tomato,Tomato,Grade A,10/08/2026,1000,3000,2000
Gujarat,Navsari,Navsari APMC,Green Chilli,Green Chilly,Local,10/08/2026,2500,4000,3250
Gujarat,Navsari,Navsari APMC,Apple,Apple,Grade A,10/08/2026,7500,15000,11250
Gujarat,Navsari,Navsari APMC,Bottle gourd,Bottle Gourd,Local,10/08/2026,1500,3000,2250
Gujarat,Navsari,Navsari APMC,Lemon,Lemon,Local,10/08/2026,4000,5000,4500
Gujarat,Dahod,Devgadhbaria APMC,Paddy(Common),Common,Non-FAQ,10/08/2026,1330,1450,1420
Madhya Pradesh,Chhindwara,Pandhurna APMC,Soyabean,Soyabeen,Non-FAQ,10/08/2026,6400,6500,6500
Gujarat,Kheda,Kapadvanj APMC,Brinjal,Brinjal,Medium,10/08/2026,3000,5000,4000
Gujarat,Kheda,Kapadvanj APMC,Cabbage,Cabbage,Medium,10/08/2026,1800,2000,1900
Gujarat,Kheda,Kapadvanj APMC,Wheat,Other,Local,10/08/2026,2500,2575,2537
Gujarat,Kheda,Kapadvanj APMC,Potato,Potato,Medium,10/08/2026,800,1300,1050
Gujarat,Kheda,Kapadvanj APMC,Bottle gourd,Bottle Gourd,Medium,10/08/2026,1000,2500,1750
Gujarat,Banaskanth,Tharad APMC,Mustard,Other,Local,10/08/2026,7500,8055,7775
Karnataka,Chitradurga,Hiriyur APMC,Copra,Other,Local,10/08/2026,13800,18500,14290
Karnataka,Chitradurga,Hiriyur APMC,Coconut,Small,Small,10/08/2026,20000,20000,20000
Gujarat,Dahod,Dahod(Veg. Market) APMC,Brinjal,Brinjal,Local,10/08/2026,500,2000,1500
Gujarat,Dahod,Dahod(Veg. Market) APMC,Colacasia,Colacasia,Local,10/08/2026,2000,7000,5000
Gujarat,Dahod,Dahod(Veg. Market) APMC,Cowpea(Veg),Cowpea (Veg),Local,10/08/2026,4000,5000,4500
Gujarat,Dahod,Dahod(Veg. Market) APMC,Ginger(Green),Green Ginger,Local,10/08/2026,8000,15000,12000
Gujarat,Dahod,Dahod(Veg. Market) APMC,Onion,Onion,Local,10/08/2026,2000,3000,2500
Gujarat,Dahod,Dahod(Veg. Market) APMC,Potato,Potato,Local,10/08/2026,800,1200,1000
Gujarat,Dahod,Dahod(Veg. Market) APMC,"Spiny Gourd / Kartali(Kantola)
",Kartali (Kantola),Local,10/08/2026,14000,16000,15000
Gujarat,Dahod,Dahod(Veg. Market) APMC,Mint(Pudina),Mint(Pudina),Local,10/08/2026,4000,6500,5500
Gujarat,Banaskanth,Lakhani APMC,Castor Seed,Other,Local,10/08/2026,7075,7075,7075
Gujarat,Sabarkantha,Himatnagar(Veg.Market Himatnagar) APMC,Tomato,Tomato,Local,10/08/2026,2500,3000,2920
Gujarat,Sabarkantha,Himatnagar(Veg.Market Himatnagar) APMC,Potato,Potato,Local,10/08/2026,1500,2000,2000
Gujarat,Sabarkantha,Himatnagar(Veg.Market Himatnagar) APMC,Green Chilli,Green Chilly,Local,10/08/2026,2500,3000,2810
Gujarat,Kheda,Nadiyad(Chaklasi) APMC,Tomato,Tomato,FAQ,10/08/2026,2100,2500,2300
Gujarat,Anand,"Anand(Veg,Yard,Anand) APMC",Onion,Onion,Grade B,10/08/2026,1500,2500,2000
Gujarat,Anand,"Anand(Veg,Yard,Anand) APMC",Lemon,Lemon,Grade B,10/08/2026,2500,3000,2750
Gujarat,Anand,"Anand(Veg,Yard,Anand) APMC",Bhindi(Ladies Finger),Bhindi,Grade B,10/08/2026,3500,4000,3750
Gujarat,Anand,Khambhat(Veg Yard Khambhat) APMC,Cabbage,Other,Local,10/08/2026,2500,3000,2800
Gujarat,Anand,Khambhat(Veg Yard Khambhat) APMC,Bhindi(Ladies Finger),Other,Local,10/08/2026,6000,7000,6500
Gujarat,Anand,Khambhat(Veg Yard Khambhat) APMC,Onion,Other,Local,10/08/2026,2500,3200,2800
Gujarat,Valsad,Chikli(Khorgam) APMC,Bottle gourd,Other,FAQ,10/08/2026,3000,3500,3250
Gujarat,Valsad,Chikli(Khorgam) APMC,Bitter gourd,Other,FAQ,10/08/2026,3500,4250,3875
Gujarat,Gandhinagar,Mansa(Manas Veg Yard) APMC,Green Chilli,Other,Local,10/08/2026,2500,4000,4000
Gujarat,Banaskanth,Tharad(Rah) APMC,Bajra(Pearl Millet/Cumbu),Other,Local,10/08/2026,2100,2400,2300
West Bengal,Medinipur(W),Medinipur(West) APMC,Ginger(Dry),Dry,FAQ,10/08/2026,15000,16000,15500
West Bengal,Medinipur(W),Medinipur(West) APMC,Bitter gourd,Bitter Gourd,FAQ,10/08/2026,3400,3500,3450
West Bengal,Medinipur(W),Medinipur(West) APMC,Green Chilli,Green Chilly,FAQ,10/08/2026,6400,6800,6500
West Bengal,Medinipur(W),Medinipur(West) APMC,Pointed gourd(Parval),Pointed gourd (Parval),FAQ,10/08/2026,2400,2600,2500
West Bengal,Medinipur(W),Medinipur(West) APMC,Pumpkin,Pumpkin,FAQ,10/08/2026,2100,2300,2200
Gujarat,Mehsana,Mehsana(Jornang) APMC,Castor Seed,Castor seed,Local,10/08/2026,6975,7070,7025
Gujarat,Mehsana,Mehsana(Mehsana Veg) APMC,Brinjal,Brinjal,Local,10/08/2026,1750,7000,3750
Gujarat,Mehsana,Mehsana(Mehsana Veg) APMC,Lemon,Lemon,Local,10/08/2026,3000,4500,3750
Gujarat,Banaskanth,Deesa(Deesa Veg Yard) APMC,Green Chilli,Other,FAQ,10/08/2026,2000,5000,3500
Gujarat,Banaskanth,Deesa(Deesa Veg Yard) APMC,Lemon,Other,FAQ,10/08/2026,2000,2500,2250
Gujarat,Banaskanth,Deesa(Deesa Veg Yard) APMC,Papaya,Other,Medium,10/08/2026,2000,3000,2500
Gujarat,Banaskanth,Deesa(Deesa Veg Yard) APMC,Brinjal,Other,FAQ,10/08/2026,2000,5000,3500
Gujarat,Banaskanth,Thara(Shihori) APMC,Mustard,Other,FAQ,10/08/2026,7400,7450,7425
Gujarat,Surat,Songadh(Umrada) APMC,Bhindi(Ladies Finger),Bhindi,FAQ,10/08/2026,1500,3500,2500
Gujarat,Surat,Songadh(Umrada) APMC,Guar,Guaar,FAQ,10/08/2026,8000,8000,8000
Gujarat,Rajkot,Rajkot APMC,Jowar(Sorghum),Jowar ( White),FAQ,10/08/2026,5000,6000,5650
Gujarat,Rajkot,Rajkot APMC,Groundnut,G20,FAQ,10/08/2026,6075,7625,6875
Gujarat,Rajkot,Rajkot APMC,Ground Nut Seed,Ground Nut Seed,FAQ,10/08/2026,8000,10500,9250
Gujarat,Rajkot,Rajkot APMC,Groundnut,Bold,FAQ,10/08/2026,6400,8050,7075
Gujarat,Rajkot,Rajkot APMC,Red gram/Arhar/Tur(whole),Arhar (Whole),FAQ,10/08/2026,5500,7830,6875
Gujarat,Rajkot,Rajkot APMC,Corriander seed,"A-1, Green",FAQ,10/08/2026,14000,15700,15000
Gujarat,Morbi,Morbi APMC,Lemon,Lemon,FAQ,10/08/2026,1500,3000,2250
Gujarat,Morbi,Morbi APMC,Guar,Gwar,FAQ,10/08/2026,6000,10000,8000
Gujarat,Morbi,Morbi APMC,Tomato,Tomato,FAQ,10/08/2026,2300,3200,2750
Gujarat,Surendranagar,Vadhvan APMC,Potato,Potato,Medium,10/08/2026,1500,2000,1750
Gujarat,Surendranagar,Vadhvan APMC,Tomato,Tomato,Medium,10/08/2026,2000,2500,2250
Gujarat,Surendranagar,Vadhvan APMC,Coriander(Leaves),Coriander,Medium,10/08/2026,5000,6500,5750
Gujarat,Surendranagar,Vadhvan APMC,Bitter gourd,Bitter Gourd,Medium,10/08/2026,4500,5000,4750
Gujarat,Surendranagar,Vadhvan APMC,Cabbage,Cabbage,Medium,10/08/2026,1500,2000,1750
Gujarat,Surendranagar,Vadhvan APMC,Carrot,Carrot,Medium,10/08/2026,2500,3000,2750
Gujarat,Surendranagar,Vadhvan APMC,Tinda,Tinda,Medium,10/08/2026,7000,7500,7250
Gujarat,Jamnagar,Jamnagar APMC,Mustard,Other,Local,10/08/2026,6500,7490,7075
Gujarat,Jamnagar,Jamnagar APMC,Green Gram(Moong)(Whole),Other,Local,10/08/2026,6000,7800,7800
Gujarat,Jamnagar,Jamnagar APMC,Red gram/Arhar/Tur(whole),Other,Local,10/08/2026,6000,6400,6400
Gujarat,Jamnagar,Jamnagar APMC,Ajwan,Other,Local,10/08/2026,10500,19250,18325
Gujarat,Junagarh,Junagadh APMC,Groundnut,Bold,FAQ,10/08/2026,4500,6155,5750
Gujarat,Junagarh,Junagadh APMC,Green Gram(Moong)(Whole),Green (Whole),FAQ,10/08/2026,6000,8010,7000
Gujarat,Junagarh,Junagadh APMC,Cummin Seed(Jeera),Cummin Seed(Jeera),FAQ,10/08/2026,15000,17575,16500
Gujarat,Junagarh,Junagadh APMC,Corriander seed,Coriander Seed,FAQ,10/08/2026,13000,15250,14500
Gujarat,Botad,Botad APMC,Jowar(Sorghum),Local,Local,10/08/2026,2250,6000,4175
Gujarat,Botad,Botad APMC,Bengal Gram(Gram)(Whole),Other,Local,10/08/2026,5250,6105,5730
Gujarat,Botad,Botad APMC,Methi Seeds,Other,Local,10/08/2026,5000,6250,5675
Gujarat,Kachchh,Anjar APMC,Cummin Seed(Jeera),Other,FAQ,10/08/2026,18500,19600,19200
Gujarat,Amreli,Rajula APMC,Bajra(Pearl Millet/Cumbu),Local,Local,10/08/2026,2125,2600,2362
Gujarat,Amreli,Rajula APMC,Mustard,Mustard,Local,10/08/2026,8375,8375,8375
Gujarat,Amreli,Damnagar APMC,Bhindi(Ladies Finger),Bhindi,Local,10/08/2026,4500,4500,4500
Gujarat,Amreli,Damnagar APMC,Ginger(Green),Green Ginger,Local,10/08/2026,9000,9000,9000
Gujarat,Amreli,Damnagar APMC,Guar,Gwar,Local,10/08/2026,9000,9000,9000
Gujarat,Amreli,Damnagar APMC,Lemon,Lemon,Local,10/08/2026,2500,2500,2500
Gujarat,Junagarh,Bhesan APMC,Wheat,Other,FAQ,10/08/2026,1500,2600,2000
Gujarat,Rajkot,Gondal(Veg.market Gondal) APMC,Apple,Apple,Local,10/08/2026,7000,25000,16000
Gujarat,Rajkot,Gondal(Veg.market Gondal) APMC,Water Melon,Water Melon,Local,10/08/2026,750,2000,1375
Gujarat,Rajkot,Gondal(Veg.market Gondal) APMC,Bhindi(Ladies Finger),Bhindi,Local,10/08/2026,1000,5000,3000
Gujarat,Rajkot,Gondal(Veg.market Gondal) APMC,Bitter gourd,Bitter Gourd,Local,10/08/2026,1000,5000,3000
Gujarat,Rajkot,Gondal(Veg.market Gondal) APMC,Brinjal,Brinjal,Local,10/08/2026,500,3000,1750
Gujarat,Rajkot,Gondal(Veg.market Gondal) APMC,Tomato,Tomato,Local,10/08/2026,900,3000,1950
Gujarat,Rajkot,Gondal(Veg.market Gondal) APMC,Lemon,Other,Local,10/08/2026,1000,3500,2250
Gujarat,Rajkot,Gondal(Veg.market Gondal) APMC,Banana,Banana - Ripe,Local,10/08/2026,1500,2800,2150
Gujarat,Rajkot,Gondal(Veg.market Gondal) APMC,Grapes,Green,Local,10/08/2026,38000,40000,39000
Gujarat,Morbi,APMC HALVAD,Bengal Gram(Gram)(Whole),Other,Local,10/08/2026,5425,5995,5925
Gujarat,Morbi,APMC HALVAD,Wheat,Other,Local,10/08/2026,2370,2745,2675
Gujarat,Morbi,APMC HALVAD,Groundnut,Seed,Local,10/08/2026,8450,9400,9150
Karnataka,Koppal,Gangavathi APMC,Rice,Broken Rice,Small,10/08/2026,2400,2460,2450
Tamil Nadu,Madurai,Chokkikulam(Uzhavar Sandhai ),Pineapple,Pine Apple,Local,10/08/2026,6000,7000,6500
Tamil Nadu,Madurai,Chokkikulam(Uzhavar Sandhai ),Chikoos(Sapota),Sapota,Local,10/08/2026,4000,6000,5000
Tamil Nadu,Madurai,Chokkikulam(Uzhavar Sandhai ),Water Melon,Water Melon,Local,10/08/2026,2000,2500,2250
Tamil Nadu,Madurai,Chokkikulam(Uzhavar Sandhai ),Soyabean,Local,Local,10/08/2026,9000,10000,9500
Tamil Nadu,Madurai,Chokkikulam(Uzhavar Sandhai ),Ashgourd,Gouard,Local,10/08/2026,1800,2000,1900
Tamil Nadu,Madurai,Chokkikulam(Uzhavar Sandhai ),Green Chilli,Green Chilly,Local,10/08/2026,3600,4000,3800
Tamil Nadu,Madurai,Chokkikulam(Uzhavar Sandhai ),Banana - Green,Banana - Green,Local,10/08/2026,2000,2400,2200
Tamil Nadu,Madurai,Chokkikulam(Uzhavar Sandhai ),Betal Leaves,Mysore,Local,10/08/2026,20000,24000,22000
Tamil Nadu,Madurai,Chokkikulam(Uzhavar Sandhai ),Raddish,Raddish,Local,10/08/2026,2500,3000,2750
Tamil Nadu,Madurai,Chokkikulam(Uzhavar Sandhai ),Mango(Raw-Ripe),Mango - Raw-Ripe,Local,10/08/2026,4000,8000,6000
Tamil Nadu,Madurai,Chokkikulam(Uzhavar Sandhai ),Amla(Nelli Kai),Amla,Local,10/08/2026,6500,7000,6750
Tamil Nadu,Madurai,Chokkikulam(Uzhavar Sandhai ),Mint(Pudina),Mint(Pudina),Local,10/08/2026,4500,5500,5000
Karnataka,Chikkaballapur,Gauribidanur APMC,Lime,Lime,Local,10/08/2026,3500,4500,4000
Karnataka,Chikkaballapur,Gauribidanur APMC,Chapparad Avare,Chapparada Avarekai,Local,10/08/2026,1500,2500,2000
Karnataka,Chikkaballapur,Gauribidanur APMC,Knool Khol,Knool Khol,Local,10/08/2026,2000,3000,2500
Karnataka,Shivamogga,Shikaripura APMC,Paddy(Common),Paddy,FAQ,10/08/2026,2730,3500,2974
Karnataka,Shivamogga,Shikaripura APMC,Maize,Local,FAQ,10/08/2026,2300,2600,2419
Karnataka,Shivamogga,Shikaripura APMC,Ginger(Dry),Dry,FAQ,10/08/2026,15000,15000,15000
Karnataka,Mysuru,Mysuru APMC,Ashgourd,Ashgourd,Medium,10/08/2026,1200,1400,1300
Karnataka,Mysuru,Mysuru APMC,Green Chilli,Green Chilly,Medium,10/08/2026,3100,3300,3200
Karnataka,Mysuru,Mysuru APMC,Chilly Capsicum,Chilly Capsicum,Medium,10/08/2026,3500,4500,4000
Karnataka,Mysuru,Mysuru APMC,Ladies Finger,Ladies Finger,Medium,10/08/2026,2000,2200,2100
Karnataka,Mysuru,Mysuru APMC,Thondekai,Thondekai,Medium,10/08/2026,3300,3500,3400
Karnataka,Mysuru,Mysuru APMC,Sweet Pumpkin,Sweet Pumpkin,Medium,10/08/2026,500,700,600
Maharashtra,Palghar,Kalyan APMC,Elephant Yam(Suran)/Amorphophallus,Other,Local,10/08/2026,3000,4500,3750
Maharashtra,Palghar,Kalyan APMC,Tomato,Other,Local,10/08/2026,400,600,500
Maharashtra,Palghar,Kalyan APMC,Little gourd(Kundru),Other,Local,10/08/2026,4000,5000,4500
Maharashtra,Palghar,Kalyan APMC,Peas Wet,Other,Local,10/08/2026,10000,18000,14000
Maharashtra,Palghar,Kalyan APMC,Ginger(Green),Other,Local,10/08/2026,10000,15000,12500
Maharashtra,Palghar,Kalyan APMC,Sweet Pumpkin,Other,Local,10/08/2026,2500,3000,2750
Maharashtra,Palghar,Kalyan APMC,Garlic,Other,Local,10/08/2026,7000,18000,12500
Karnataka,Vijayapura,Talikot APMC,Wheat,Local,FAQ,10/08/2026,2500,2611,2587
Maharashtra,Nashik,Pimpalgaon Baswant APMC,Onion,Unhali,Local,10/08/2026,700,3471,2550
Karnataka,Bidar,Bhalki APMC,Soyabean,Soyabeen,Non-FAQ,10/08/2026,6026,6812,6601
Gujarat,Amreli,The Agricultural Produce Market Committee-Amreli,Wheat,Rajasthan Tukdi,FAQ,10/08/2026,2175,2900,2675
Gujarat,Amreli,The Agricultural Produce Market Committee-Amreli,Bajra(Pearl Millet/Cumbu),Other,FAQ,10/08/2026,1500,2625,2100
Gujarat,Amreli,The Agricultural Produce Market Committee-Amreli,Jowar(Sorghum),Other,FAQ,10/08/2026,2525,5900,3725
Gujarat,Amreli,The Agricultural Produce Market Committee-Amreli,Red gram/Arhar/Tur(whole),Other,FAQ,10/08/2026,4500,7450,7100
Gujarat,Amreli,The Agricultural Produce Market Committee-Amreli,Soyabean,Soyabeen,FAQ,10/08/2026,5900,6625,6525
Karnataka,Dakshina Kannada,Sulya APMC,Coconut,Small,Local,10/08/2026,23000,30000,26500
Uttar Pradesh,Sambhal,Sambhal APMC,Onion,Other,FAQ,10/08/2026,1500,1500,1500
Uttar Pradesh,Sambhal,Sambhal APMC,Green Chilli,Other,FAQ,10/08/2026,2000,2000,2000
Karnataka,Dakshina Kannada,Bantwala APMC,Copra,Other,Local,10/08/2026,12000,14000,13000
Karnataka,Kalaburagi,Chincholi APMC,Red gram/Arhar/Tur(whole),Arhar (Whole),Non-FAQ,10/08/2026,7000,7500,7300
Karnataka,Hassan,Arasikere APMC,Copra,Milling Copra,FAQ,10/08/2026,18000,23000,20400
Karnataka,Dakshina Kannada,Belthangdi APMC,Arecanut(Betelnut/Supari),New Variety,Local,10/08/2026,27500,47500,29000
Karnataka,Uttara Kannada,Honnavar APMC,Arecanut(Betelnut/Supari),Hale Chali,Local,10/08/2026,42000,44000,43000
Karnataka,Hassan,Belur APMC,Black pepper,Black Pepper,Medium,10/08/2026,35000,35000,35000
Karnataka,Kolar,Bangarpet APMC,Beans,Beans (Whole),Local,10/08/2026,6000,7000,6500
Karnataka,Kolar,Bangarpet APMC,Ginger(Green),Green Ginger,Local,10/08/2026,4000,6000,5000
Uttar Pradesh,Hardoi,Shahabad(New Mandi) APMC,Wheat,Dara,FAQ,10/08/2026,2450,2450,2450
Karnataka,Uttara Kannada,Sirsi APMC,Coconut,Small,Local,10/08/2026,4930,6200,5550
Karnataka,Uttara Kannada,Sirsi APMC,Arecanut(Betelnut/Supari),Bilegotu,Local,10/08/2026,28250,33599,30849
Karnataka,Shivamogga,Bhadravathi APMC,Arecanut(Betelnut/Supari),Other,Local,10/08/2026,23000,51064,24500
Karnataka,Shivamogga,Bhadravathi APMC,Paddy(Common),Paddy Medium,Local,10/08/2026,2500,3195,3191
Karnataka,Shivamogga,Bhadravathi APMC,Rice,Medium,Local,10/08/2026,2500,2700,2500
Karnataka,Tumakuru,Gubbi APMC,Coconut,Small,Medium,10/08/2026,3000,3500,3000
Karnataka,Shivamogga,Sagar APMC,Arecanut(Betelnut/Supari),Chali,Local,10/08/2026,32099,40319,39519
Karnataka,Shivamogga,Sagar APMC,Arecanut(Betelnut/Supari),Kempugotu,Local,10/08/2026,35099,41699,39299
Karnataka,Kodagu,Gonikappal APMC,Black pepper,Black Pepper,Medium,10/08/2026,35000,69934,35000
Karnataka,Bidar,Bidar APMC,Jowar(Sorghum),Jowar ( White),Non-FAQ,10/08/2026,3400,5300,4900
Karnataka,Chikkaballapur,Chickkaballapura APMC,Rose(Loose)),Other,Local,10/08/2026,7000,12000,9500
Karnataka,Chikkaballapur,Chickkaballapura APMC,Marigold(Calcutta),Other,Local,10/08/2026,500,1000,750
Tamil Nadu,Coimbatore,Singanallur(Uzhavar Sandhai ),Banana,Besrai,Local,10/08/2026,4000,8500,6250
Tamil Nadu,Coimbatore,Singanallur(Uzhavar Sandhai ),Green Chilli,Green Chilly,Local,10/08/2026,4000,5000,4500
Tamil Nadu,Coimbatore,Singanallur(Uzhavar Sandhai ),Sweet Potato,Hosur Red,Local,10/08/2026,4600,5000,4800
Tamil Nadu,Coimbatore,Singanallur(Uzhavar Sandhai ),Carrot,Pusakesar,Local,10/08/2026,9000,10000,9500
Tamil Nadu,Coimbatore,Singanallur(Uzhavar Sandhai ),Thondekai,Thondekai,Local,10/08/2026,5000,5400,5200
Tamil Nadu,Coimbatore,Singanallur(Uzhavar Sandhai ),Amla(Nelli Kai),Amla,Local,10/08/2026,8000,8500,8250
Odisha,Kendrapara,Chatta Krushak Bazar APMC,Brinjal,Brinjal,Grade B,10/08/2026,7000,7000,7000
Gujarat,Dahod,Dahod APMC,Paddy(Common),Paddy fine,Local,10/08/2026,2700,2800,2770
Gujarat,Dahod,Dahod APMC,Green Gram(Moong)(Whole),Green (Whole),Local,10/08/2026,7000,7600,7425
Gujarat,Dahod,Dahod APMC,Groundnut,Other,Local,10/08/2026,7000,8000,7600
Gujarat,Banaskanth,Dhanera APMC,Guar Seed(Cluster Beans Seed),Other,Local,10/08/2026,5250,5680,5495
Gujarat,Banaskanth,Dhanera APMC,Cummin Seed(Jeera),Cummin Seed(Jeera),Local,10/08/2026,18185,18185,18185
Gujarat,Banaskanth,Deesa APMC,Castor Seed,Other,FAQ,10/08/2026,7010,7070,7050
Gujarat,Banaskanth,Deesa APMC,Mustard,Other,FAQ,10/08/2026,7550,7635,7600
Odisha,Mayurbhanja,Narasinghpur APMC,Pumpkin,Pumpkin,Local,10/08/2026,2500,4000,3000
Gujarat,Rajkot,Rajkot(Veg.Sub Yard) APMC,Bottle gourd,Bottle Gourd,FAQ,10/08/2026,1560,2610,2085
Gujarat,Rajkot,Rajkot(Veg.Sub Yard) APMC,Cluster beans,Cluster Beans,FAQ,10/08/2026,5180,7270,6225
Gujarat,Rajkot,Rajkot(Veg.Sub Yard) APMC,Coriander(Leaves),Coriander,FAQ,10/08/2026,2855,4125,3490
Gujarat,Rajkot,Rajkot(Veg.Sub Yard) APMC,Onion,Onion,FAQ,10/08/2026,875,2325,1455
Andhra Pradesh,Guntur,Guntur APMC,Dry Chillies,White,Grade Range-3,10/08/2026,8000,14000,13000
Tamil Nadu,Coimbatore,Pollachi(Uzhavar Sandhai ),Onion,Bellary,Local,10/08/2026,3500,4000,3750
Tamil Nadu,Coimbatore,Pollachi(Uzhavar Sandhai ),Chikoos(Sapota),Sapota,Local,10/08/2026,4000,4500,4250
Tamil Nadu,Coimbatore,Pollachi(Uzhavar Sandhai ),Cluster beans,Cluster Beans,Local,10/08/2026,4000,4500,4250
Tamil Nadu,Coimbatore,Pollachi(Uzhavar Sandhai ),Pumpkin,Pumpkin,Local,10/08/2026,2000,2500,2250
Tamil Nadu,Coimbatore,Pollachi(Uzhavar Sandhai ),Bhindi(Ladies Finger),Bhindi,Local,10/08/2026,4500,5000,4750
Tamil Nadu,Coimbatore,Pollachi(Uzhavar Sandhai ),Green Chilli,Green Chilly,Local,10/08/2026,4500,5000,4750
Tamil Nadu,Coimbatore,Pollachi(Uzhavar Sandhai ),Ginger(Green),Green Ginger,Local,10/08/2026,18000,20000,19000
Tamil Nadu,Coimbatore,Pollachi(Uzhavar Sandhai ),Onion Green,Onion Green,Local,10/08/2026,7000,7500,7250
Himachal Pradesh,Una,PMY Una,Cabbage,Cabbage,Local,10/08/2026,1400,3000,2200
Himachal Pradesh,Una,PMY Una,Bottle gourd,Bottle Gourd,Local,10/08/2026,1700,2000,1850
Himachal Pradesh,Una,PMY Una,Garlic,Garlic,FAQ,10/08/2026,11000,20000,15500
Himachal Pradesh,Una,PMY Una,Snakeguard,Snakeguard,Local,10/08/2026,2000,2200,2100
Uttar Pradesh,Mahoba,Charkhari APMC,Mustard,Other,FAQ,10/08/2026,6000,7250,6272.14
Uttar Pradesh,Hamirpur,Raath APMC,Peas(Dry),Other,FAQ,10/08/2026,3100,3650,3352.31
Uttar Pradesh,Lucknow,Banthara APMC,Gram Raw(Chholia),Other,FAQ,10/08/2026,5000,7132.7,6396.14
Uttar Pradesh,Lucknow,Banthara APMC,Rice,Other,FAQ,10/08/2026,2725,7729.8,3068.08
Uttar Pradesh,Lucknow,Banthara APMC,Linseed,Other,FAQ,10/08/2026,29700,29700,29700
Telangana,Hyderabad,"Alwal,RBZ",Onion,Onion,FAQ,10/08/2026,3400,3400,3400
Uttar Pradesh,Shamli,Kairana APMC,Bitter gourd,Bitter Gourd,FAQ,10/08/2026,2300,2400,2350
Uttar Pradesh,Shamli,Kairana APMC,Raddish,Raddish,FAQ,10/08/2026,1000,1100,1050
Uttar Pradesh,Shamli,Kairana APMC,Pumpkin,Pumpkin,FAQ,10/08/2026,900,1000,950
Keralam,Idukki,Thodupuzha Market,Ginger(Dry),Other,Grade Range-1,10/08/2026,14800,15000,15000
Odisha,Bargarh,Bargarh(Barapalli) APMC,Cabbage,Cabbage,Small,10/08/2026,2000,3000,2500
Uttar Pradesh,Agra,Samsabad APMC,Garlic,Garlic,Local,10/08/2026,6800,7000,6900
Odisha,Bolangir,Tusura APMC,Bhindi(Ladies Finger),Other,Local,10/08/2026,3500,4500,4000
Telangana,Ranga Reddy,L B Nagar APMC,Capsicum,Capsicum,Medium,10/08/2026,3000,4000,3500
Telangana,Ranga Reddy,L B Nagar APMC,Cabbage,Cabbage,Medium,10/08/2026,1000,1500,1200
Uttar Pradesh,Agra,Khairagarh APMC,Green Chilli,Green Chilly,FAQ,10/08/2026,2000,2100,2050
Uttar Pradesh,Agra,Khairagarh APMC,Mustard,Other,FAQ,10/08/2026,7500,8020,7937.7
Odisha,Rayagada,Rayagada(Muniguda) APMC,Carrot,Carrot,Grade B,10/08/2026,3800,4150,3950
Keralam,Pathanamthitta,Omalloor Market,Bitter gourd,Bitter Gourd,FAQ,10/08/2026,1500,2050,2000
Keralam,Pathanamthitta,Omalloor Market,Ashgourd,Ashgourd,FAQ,10/08/2026,300,400,375
Uttar Pradesh,Muzaffarnagar,Khatauli APMC,Potato,Other,FAQ,10/08/2026,600,600,600
Uttar Pradesh,Muzaffarnagar,Khatauli APMC,Tomato,Other,FAQ,10/08/2026,1500,1500,1500
Telangana,Ranga Reddy,"Vanasthalipuram,RBZ ",Field Bean(Anumulu),Field Bean(Anumulu),Grade A,10/08/2026,5000,5000,5000
Telangana,Ranga Reddy,"Vanasthalipuram,RBZ ",Drumstick,Drumstick,Grade A,10/08/2026,4000,4000,4000
Telangana,Ranga Reddy,"Vanasthalipuram,RBZ ",Cluster beans,Cluster Beans,Grade A,10/08/2026,3500,3500,3500
Tamil Nadu,Karur,Karur(Uzhavar Sandhai ),Banana,Red Banana,Local,10/08/2026,5000,6000,5500
Tamil Nadu,Karur,Karur(Uzhavar Sandhai ),Carrot,Pusakesar,Local,10/08/2026,9500,10000,9750
Tamil Nadu,Karur,Karur(Uzhavar Sandhai ),Cabbage,Cabbage,Local,10/08/2026,4500,5000,4750
Tamil Nadu,Karur,Karur(Uzhavar Sandhai ),Chow Chow,Chow Chow,Local,10/08/2026,3000,3500,3250
Tamil Nadu,Karur,Karur(Uzhavar Sandhai ),Elephant Yam(Suran)/Amorphophallus,Elephant Yam (Suran),Local,10/08/2026,4500,5000,4750
Tripura,Dhalai,Halahali,Green Chilli,Green Chilly,FAQ,10/08/2026,14900,15000,14950
Tripura,North Tripura,Kadamtala,Cucumbar(Kheera),Cucumbar,FAQ,10/08/2026,4000,7000,5000
Tripura,West District,Kamalghat,Papaya(Raw),Papaya (Raw),Local,10/08/2026,2200,2400,2300
Tripura,West District,Kamalghat,Ridgeguard(Tori),Ridgeguard(Tori),Local,10/08/2026,4300,4500,4400
Tripura,Dhalai,Masli,Green Chilli,Green Chilly,Local,10/08/2026,10000,12000,11000
Assam,Kamrup,Pamohi(Garchuk) APMC,Cucumbar(Kheera),Cucumber-Organic,FAQ,10/08/2026,2800,3500,3000
Assam,Kamrup,Pamohi(Garchuk) APMC,Brinjal,Round/Long,FAQ,10/08/2026,2000,2500,2200
Assam,Kamrup,Pamohi(Garchuk) APMC,Capsicum,Other,FAQ,10/08/2026,4000,5000,4500
Assam,Kamrup,Pamohi(Garchuk) APMC,Capsicum,Capsicum,FAQ,10/08/2026,2500,3500,3000
Assam,Kamrup,Pamohi(Garchuk) APMC,Pumpkin,Pumpkin,FAQ,10/08/2026,1700,2500,2000
Assam,Kamrup,Pamohi(Garchuk) APMC,Cowpea(Veg),Bean Barbati,FAQ,10/08/2026,4000,5000,4500
Tamil Nadu,Coimbatore,Kurichi(Uzhavar Sandhai ),Banana,Red Banana,Local,10/08/2026,7500,8000,7750
Tamil Nadu,Coimbatore,Kurichi(Uzhavar Sandhai ),Bottle gourd,Bottle Gourd,Local,10/08/2026,2500,3000,2750
Tamil Nadu,Coimbatore,Kurichi(Uzhavar Sandhai ),Tapioca,Tapioca,Local,10/08/2026,3000,3500,3250
Tamil Nadu,Coimbatore,Kurichi(Uzhavar Sandhai ),Onion Green,Onion Green,Local,10/08/2026,6000,6500,6250
Maharashtra,Yavatmal,"Shekari Krushi Khajgi Bazar, Arni, Dist Yavatmal",Green Gram(Moong)(Whole),Other,Local,10/08/2026,6125,6125,6125
Maharashtra,Yavatmal,"Mahesh Krushi Utpanna Bazar, Digras, Dist Yeotmal",Soyabean,Other,Local,10/08/2026,7000,7000,7000
Maharashtra,Yavatmal,"Mahesh Krushi Utpanna Bazar, Digras, Dist Yeotmal",Bengal Gram(Gram)(Whole),Other,Local,10/08/2026,5800,5800,5800
Tamil Nadu,Cuddalore,Chidambaram(Uzhavar Sandhai ),Coconut,Coconut,Local,10/08/2026,6000,6000,6000
Tamil Nadu,Cuddalore,Chidambaram(Uzhavar Sandhai ),Mango(Raw-Ripe),Mango - Raw-Ripe,Local,10/08/2026,4000,4000,4000
Tamil Nadu,Cuddalore,Cuddalore(Uzhavar Sandhai ),Groundnut,Big (With Shell),Local,10/08/2026,8000,8000,8000
Tamil Nadu,Cuddalore,Cuddalore(Uzhavar Sandhai ),Cauliflower,Ranchi,Local,10/08/2026,4500,4500,4500
Tamil Nadu,Cuddalore,Cuddalore(Uzhavar Sandhai ),Papaya,Papaya,Local,10/08/2026,4000,4000,4000
Tamil Nadu,Cuddalore,Cuddalore(Uzhavar Sandhai ),Banana,Besrai,Local,10/08/2026,4000,8000,6000
Tamil Nadu,Cuddalore,Cuddalore(Uzhavar Sandhai ),Bitter gourd,Bitter Gourd,Local,10/08/2026,7000,8000,7500
Tamil Nadu,Cuddalore,Cuddalore(Uzhavar Sandhai ),Beans,Beans (Whole),Local,10/08/2026,10000,10000,10000
Tamil Nadu,Cuddalore,Cuddalore(Uzhavar Sandhai ),Beetroot,Beetroot,Local,10/08/2026,4000,4000,4000
Tamil Nadu,Cuddalore,Cuddalore(Uzhavar Sandhai ),Ridgeguard(Tori),Ridgeguard(Tori),Local,10/08/2026,7000,8000,7500
Tamil Nadu,Cuddalore,Cuddalore(Uzhavar Sandhai ),Yam(Ratalu),Yam (Ratalu),Local,10/08/2026,6000,6000,6000
Tamil Nadu,Cuddalore,Cuddalore(Uzhavar Sandhai ),Onion Green,Onion Green,Local,10/08/2026,5000,6000,5500
Madhya Pradesh,Ujjain,Ujjain APMC,Wheat,Wheat,FAQ,10/08/2026,2366,2840,2600
Madhya Pradesh,Ujjain,Ujjain APMC,Garlic,Desi,FAQ,10/08/2026,8820,8820,8820
Madhya Pradesh,Ujjain,Ujjain APMC,Onion,Onion,Non-FAQ,10/08/2026,600,2237.85,1100
Madhya Pradesh,Panna,Panna APMC,Lentil(Masur)(Whole),Masur Dal,FAQ,10/08/2026,8720,8720,8720
Madhya Pradesh,Panna,Panna APMC,Bengal Gram(Gram)(Whole),Gram,FAQ,10/08/2026,5890,5995,5995
Rajasthan,Jaipur,Bassi APMC,Tomato,Other,Local,10/08/2026,3400,3800,3600
Rajasthan,Jaipur,Bassi APMC,Black Gram(Urd Beans)(Whole),Black Gram (Whole),Local,10/08/2026,5873,5873,5873
Tamil Nadu,Chengalpattu,Thirukalukundram(Uzhavar Sandhai ),Tomato,Local,Local,10/08/2026,2000,2200,2100
Tamil Nadu,Chengalpattu,Thirukalukundram(Uzhavar Sandhai ),Ashgourd,Gouard,Local,10/08/2026,2200,2500,2350
Madhya Pradesh,Ashoknagar,Ashoknagar APMC,Bengal Gram(Gram)(Whole),Gram,FAQ,10/08/2026,2800,6190,6160
Madhya Pradesh,Ashoknagar,Ashoknagar APMC,Lentil(Masur)(Whole),Masur Dal,FAQ,10/08/2026,5610,6115,6115
Madhya Pradesh,Indore,Indore APMC,Green Peas,Pea,FAQ,10/08/2026,2000,4090,4090
Madhya Pradesh,Indore,Indore APMC,Onion,Onion,FAQ,10/08/2026,392,2486,2350
Madhya Pradesh,Indore,Indore APMC,Kabuli Chana(Chickpeas-White),Dollar Gram,FAQ,10/08/2026,4200,8880,8060
Madhya Pradesh,Indore,Indore APMC,Kabuli Chana(Chickpeas-White),Russian,FAQ,10/08/2026,6300,6300,6300
Madhya Pradesh,Indore,Indore APMC,Ginger(Dry),Dry,FAQ,10/08/2026,12800,12800,12800
Madhya Pradesh,Indore,Indore APMC,Gur(Jaggery),Jaggery,FAQ,10/08/2026,4877.65,4877.65,4877.65
Madhya Pradesh,Indore,Indore APMC,Onion,Onion,Non-FAQ,10/08/2026,759,2550,2439
Madhya Pradesh,Indore,Indore APMC,Soyabean,Soyabeen,FAQ,10/08/2026,3605,6830,6725
Karnataka,Bengaluru,Bengaluru APMC,Wheat,Local,FAQ,10/08/2026,3200,4500,3850
Karnataka,Bengaluru,Bengaluru APMC,Green Gram(Moong)(Whole),Green (Whole),FAQ,10/08/2026,8000,12000,10000
Karnataka,Bengaluru,Bengaluru APMC,Onion,Puna,Local,10/08/2026,2000,3200,2600
Tamil Nadu,Thiruvannamalai,Chetpet APMC,Paddy(Common),ADT 37,Local,10/08/2026,1777,2448,2112.5
Karnataka,Bengaluru,Binny Mill (FF&V) Bengaluru APMC,Mango,Neelam,Local,10/08/2026,1500,3000,2500
Karnataka,Bengaluru,Binny Mill (FF&V) Bengaluru APMC,Grapes,Espani,Local,10/08/2026,3000,5000,4000
Karnataka,Bengaluru,Binny Mill (FF&V) Bengaluru APMC,Brinjal,Brinjal,Local,10/08/2026,2500,2900,2700
Karnataka,Bengaluru,Binny Mill (FF&V) Bengaluru APMC,Tomato,Tomato,Local,10/08/2026,1800,2000,1900
Karnataka,Bengaluru,Binny Mill (FF&V) Bengaluru APMC,Cabbage,Cabbage,Local,10/08/2026,2000,2200,2100
Karnataka,Bengaluru,Binny Mill (FF&V) Bengaluru APMC,Sweet Pumpkin,Sweet Pumpkin,Local,10/08/2026,1000,1200,1100
Karnataka,Bengaluru,Binny Mill (FF&V) Bengaluru APMC,Seemebadnekai,Seemebadanekai,Local,10/08/2026,2000,2400,2300
Karnataka,Bengaluru,Binny Mill (FF&V) Bengaluru APMC,Lime,Lime,Local,10/08/2026,5000,7000,6000
Karnataka,Bengaluru,Binny Mill (FF&V) Bengaluru APMC,Karbuja(Musk Melon),Karbhuja,Local,10/08/2026,1000,2000,1500
Karnataka,Bengaluru,Binny Mill (FF&V) Bengaluru APMC,Elephant Yam(Suran)/Amorphophallus,Elephant Yam (Suran),Local,10/08/2026,4000,4400,4200
Madhya Pradesh,Bhopal,Bhopal APMC,Onion,Onion,FAQ,10/08/2026,1025,2200,2200
Madhya Pradesh,Dewas,Dewas APMC,Kabuli Chana(Chickpeas-White),Dollar Gram,FAQ,10/08/2026,4270,8110,7000
Madhya Pradesh,Dewas,Dewas APMC,Mustard,Mustard,FAQ,10/08/2026,6881,8180,8180
Madhya Pradesh,Neemuch,Neemuch APMC,Garlic,Average,FAQ,10/08/2026,2650,19700,8700
Madhya Pradesh,Neemuch,Neemuch APMC,Groundnut,Big (With Shell),FAQ,10/08/2026,5000,7660,7660
Madhya Pradesh,Neemuch,Neemuch APMC,Coriander(Leaves),Coriander,Non-FAQ,10/08/2026,13700,14300,13700
Madhya Pradesh,Neemuch,Neemuch APMC,Lentil(Masur)(Whole),Masur Dal,FAQ,10/08/2026,5541,8351,8351
Madhya Pradesh,Neemuch,Neemuch APMC,Asgand,Asgand,FAQ,10/08/2026,14000,14000,14000
Madhya Pradesh,Neemuch,Neemuch APMC,"Sesamum(Sesame,Gingelly,Til)",Sesame,FAQ,10/08/2026,7500,12401,12300
Bihar,Aurangabad,Daunagar APMC,Bottle gourd,Bottle Gourd,Local,10/08/2026,1700,1700,1700
Tamil Nadu,Tuticorin,Tuticorin(Uzhavar Sandhai ),Potato,Other,Local,10/08/2026,3000,3500,3250
Tamil Nadu,Tuticorin,Tuticorin(Uzhavar Sandhai ),Papaya,Papaya,Local,10/08/2026,3500,4000,3750
Tamil Nadu,Tuticorin,Tuticorin(Uzhavar Sandhai ),Grapes,Annabesahai,Local,10/08/2026,9000,10000,9500
Tamil Nadu,Tuticorin,Tuticorin(Uzhavar Sandhai ),Bitter gourd,Other,Local,10/08/2026,10000,11000,10500
Tamil Nadu,Tuticorin,Tuticorin(Uzhavar Sandhai ),Pumpkin,Pumpkin,Local,10/08/2026,1500,2000,1750
Tamil Nadu,Tuticorin,Tuticorin(Uzhavar Sandhai ),Coconut,Coconut,Local,10/08/2026,6000,7000,6500
Tamil Nadu,Tuticorin,Tuticorin(Uzhavar Sandhai ),Capsicum,Capsicum,Local,10/08/2026,7000,8000,7500
Tamil Nadu,Tuticorin,Tuticorin(Uzhavar Sandhai ),Chow Chow,Chow Chow,Local,10/08/2026,4000,4500,4250
Tamil Nadu,Tuticorin,Tuticorin(Uzhavar Sandhai ),Jack Fruit(Ripe),Jack Fruit,Local,10/08/2026,3500,4000,3750
Madhya Pradesh,Vidisha,Ganjbasoda APMC,Soyabean,Soyabeen,FAQ,10/08/2026,4600,6831,6650
Madhya Pradesh,Vidisha,Ganjbasoda APMC,Lentil(Masur)(Whole),Masur Dal,FAQ,10/08/2026,5710,6200,6200
Madhya Pradesh,Katni,Katni APMC,Kodo Millet(Varagu),Kondo,Non-FAQ,10/08/2026,2675,2800,2800
Madhya Pradesh,Katni,Katni APMC,gulli,Gulli,Non-FAQ,10/08/2026,5300,5452,5452
Madhya Pradesh,Katni,Katni APMC,Paddy(Common),Paddy,FAQ,10/08/2026,2050,2050,2050
Madhya Pradesh,Katni,Katni APMC,Black Gram(Urd Beans)(Whole),Urda/Urd,Non-FAQ,10/08/2026,6000,8800,8691
Madhya Pradesh,Katni,Katni APMC,Green Gram(Moong)(Whole),Green (Whole),FAQ,10/08/2026,2220,7200,7200
Karnataka,Haveri,Byadagi APMC,Dry Chillies,Kaddi,Medium,10/08/2026,5009,57000,51209
Karnataka,Haveri,Byadagi APMC,Dry Chillies,Dabbi,Medium,10/08/2026,6019,62000,52369
Madhya Pradesh,Betul,Betul APMC,gulli,Gulli,FAQ,10/08/2026,5410,5520,5475
Madhya Pradesh,Betul,Betul APMC,Bengal Gram(Gram)(Whole),Gram,FAQ,10/08/2026,5400,6000,6000
Madhya Pradesh,Betul,Betul APMC,Green Gram(Moong)(Whole),Green (Whole),FAQ,10/08/2026,4000,6201,6201
Madhya Pradesh,Betul,Betul APMC,Maize,Deshi Red,FAQ,10/08/2026,2150,2450,2280
Madhya Pradesh,Betul,Betul APMC,Soyabean,Soyabeen,FAQ,10/08/2026,5475,6900,5750
Madhya Pradesh,Betul,Betul APMC,Wheat,Mill Quality,FAQ,10/08/2026,2547,2653,2642
Assam,Tinsukia,Tinsukia Market,Bitter gourd,Other,FAQ,10/08/2026,3600,4000,3800
Assam,Tinsukia,Tinsukia Market,Pumpkin,Other,FAQ,10/08/2026,1600,2000,1800
Chattisgarh,Raipur,Raipur APMC,Paddy(Common),Mahamaya,Non-FAQ,10/08/2026,2111,2200,2200
Madhya Pradesh,Morena,Morena APMC,Tomato,Deshi,Non-FAQ,10/08/2026,1500,1500,1500
Madhya Pradesh,Morena,Morena APMC,Mustard,Mustard,Non-FAQ,10/08/2026,7375,7850,7700
Madhya Pradesh,Sehore,Ashta APMC,Mustard,Mustard,FAQ,10/08/2026,6901,6901,6901
Madhya Pradesh,Sehore,Sehore APMC,Bengal Gram(Gram)(Whole),Gram,FAQ,10/08/2026,5976,6000,6000
Madhya Pradesh,Sehore,Sehore APMC,Mustard,Mustard,FAQ,10/08/2026,7290,7291,7291
Madhya Pradesh,Sehore,Sehore APMC,Garlic,Garlic,Non-FAQ,10/08/2026,6951,12700,12700
Madhya Pradesh,Sehore,Sehore APMC,Soyabean,Yellow,FAQ,10/08/2026,5301,6971,6971
Madhya Pradesh,Raisen,Raisen APMC,Wheat,Mill Quality,FAQ,10/08/2026,2700,2700,2700
Tamil Nadu,Virudhunagar,Virudhunagar APMC,Maize,Other,Local,10/08/2026,1950,2100,2025
Tamil Nadu,Nagercoil (Kannyiakumari),Vadaseri APMC,Mango,Safeda,Local,10/08/2026,6500,7000,6750
Tamil Nadu,Nagercoil (Kannyiakumari),Vadaseri APMC,Bitter gourd,Bitter Gourd,Local,10/08/2026,5500,6000,5750
Tamil Nadu,Nagercoil (Kannyiakumari),Vadaseri APMC,Bhindi(Ladies Finger),Bhindi,Local,10/08/2026,4500,5000,4750
Tamil Nadu,Nagercoil (Kannyiakumari),Vadaseri APMC,Cabbage,Cabbage,Local,10/08/2026,5000,5500,5250
Tamil Nadu,Nagercoil (Kannyiakumari),Vadaseri APMC,Beetroot,Beetroot,Local,10/08/2026,5500,6000,5750
Tamil Nadu,Nagercoil (Kannyiakumari),Vadaseri APMC,Mint(Pudina),Mint(Pudina),Local,10/08/2026,6500,7000,6750
Madhya Pradesh,Khandwa,Khandwa APMC,Wheat,Wheat,FAQ,10/08/2026,2425,2625,2610
Madhya Pradesh,Khandwa,Khandwa APMC,Onion,Local,FAQ,10/08/2026,600,2000,600
Madhya Pradesh,Mandsaur,Mandsaur APMC,Mustard,Mustard,Non-FAQ,10/08/2026,7442,7780,7721
Madhya Pradesh,Mandsaur,Mandsaur APMC,Isabgul(Psyllium),Isabgol,FAQ,10/08/2026,12684,12684,12684
Madhya Pradesh,Mandsaur,Mandsaur APMC,Garlic,Average,FAQ,10/08/2026,5100,5100,5100
Madhya Pradesh,Mandsaur,Mandsaur APMC,Wheat,Wheat,FAQ,10/08/2026,2681,2681,2681
Madhya Pradesh,Mandsaur,Mandsaur APMC,Isabgul(Psyllium),Isabgol,Non-FAQ,10/08/2026,2100,11899,11899
Tamil Nadu,Pudukkottai,Karambakkudi(Uzhavar Sandhai ),Banana,Poovan,Local,10/08/2026,4500,5000,4750
Tamil Nadu,Pudukkottai,Karambakkudi(Uzhavar Sandhai ),Tomato,Other,Local,10/08/2026,1500,2000,1750
Tamil Nadu,Pudukkottai,Karambakkudi(Uzhavar Sandhai ),Coconut,Coconut,Local,10/08/2026,3500,4000,3750
Tamil Nadu,Pudukkottai,Karambakkudi(Uzhavar Sandhai ),Onion Green,Onion Green,Local,10/08/2026,6000,7000,6500
Madhya Pradesh,Dindori,Dindori APMC,Paddy(Common),Dhan,FAQ,10/08/2026,2300,2300,2300
Madhya Pradesh,Dindori,Dindori APMC,Kutki,Kutki,Non-FAQ,10/08/2026,7100,7200,7200
Madhya Pradesh,Dindori,Dindori APMC,Mustard,Sarson(Black),Non-FAQ,10/08/2026,6600,6600,6600
Karnataka,Mandya,Srirangapattana APMC,Paddy(Common),Jaya,Local,10/08/2026,2200,2545,2300
Madhya Pradesh,Rewa,Baikunthpur APMC,Kodo Millet(Varagu),Kondo,Non-FAQ,10/08/2026,2700,2700,2700
Madhya Pradesh,Umariya,Umariya APMC,Bengal Gram(Gram)(Whole),Gram,Non-FAQ,10/08/2026,5650,5650,5650
Maharashtra,Raigad,Pen APMC,Bottle gourd,Other,Local,10/08/2026,3400,3600,3400
Maharashtra,Raigad,Murud APMC,Rice,Other,Local,10/08/2026,4000,4500,4250
Meghalaya,East Khasi Hills,Shillong APMC,Cauliflower,Local,FAQ,10/08/2026,5000,6000,5500
Meghalaya,East Khasi Hills,Shillong APMC,Tomato,017,FAQ,10/08/2026,1200,2000,1600
Meghalaya,East Khasi Hills,Shillong APMC,Green Chilli,Local,FAQ,10/08/2026,7000,8000,7500
Meghalaya,East Khasi Hills,Shillong APMC,Betal Leaves,Local,FAQ,10/08/2026,10000,20000,15000
Meghalaya,East Khasi Hills,Shillong APMC,Raddish,Other,FAQ,10/08/2026,1300,1400,1350
Meghalaya,East Khasi Hills,Shillong APMC,Squash(Chappal Kadoo),Squash(Chappal Kadoo),FAQ,10/08/2026,1400,1600,1500
Meghalaya,East Khasi Hills,Shillong APMC,Turnip,Other,FAQ,10/08/2026,3500,4000,3800
Meghalaya,East Khasi Hills,Shillong APMC,Carrot,New Kuroda,FAQ,10/08/2026,5500,6500,6000
Madhya Pradesh,Indore,Mhow APMC,Soyabean,Soyabeen,FAQ,10/08/2026,2060,7007,6951
Maharashtra,Ahilyanagar,Rahata APMC,Bajra(Pearl Millet/Cumbu),Other,Non-FAQ,10/08/2026,2060,2060,2060
Madhya Pradesh,Morena,Kailaras APMC,Bajra(Pearl Millet/Cumbu),Millet,FAQ,10/08/2026,2084,2084,2084
Madhya Pradesh,Morena,Kailaras APMC,Spinach,Spinach,FAQ,10/08/2026,800,800,800
Madhya Pradesh,Morena,Kailaras APMC,Other green and fresh vegetables,Other green and fresh vegetables,FAQ,10/08/2026,800,6500,1500
Madhya Pradesh,Morena,Kailaras APMC,Bhindi(Ladies Finger),Bhindi,FAQ,10/08/2026,800,1500,1500
Madhya Pradesh,Morena,Kailaras APMC,Coriander(Leaves),Coriander,FAQ,10/08/2026,2000,4000,3000
Madhya Pradesh,Morena,Kailaras APMC,Cabbage,Cabbage,FAQ,10/08/2026,1400,1400,1400
Madhya Pradesh,Chhatarpur,Chhatarpur APMC,Wheat,Mill Quality,FAQ,10/08/2026,2501,2501,2501
Madhya Pradesh,Hoshangabad,Bankhedi APMC,Green Gram(Moong)(Whole),Green (Whole),FAQ,10/08/2026,5300,7190,6600
Madhya Pradesh,Hoshangabad,Bankhedi APMC,Green Gram(Moong)(Whole),Green (Whole),Non-FAQ,10/08/2026,1100,6050,2000
Madhya Pradesh,Jhabua,Jhabua APMC,Soyabean,Soyabeen,FAQ,10/08/2026,6386,6865,6700
Madhya Pradesh,Neemuch,Manasa APMC,Black Gram(Urd Beans)(Whole),Urda/Urd,FAQ,10/08/2026,5000,5500,5000
Madhya Pradesh,Sagar,Garhakota APMC,Wheat,Wheat,FAQ,10/08/2026,2540,2625,2565
Madhya Pradesh,Sagar,Garhakota APMC,buttery,Buttery,FAQ,10/08/2026,3250,3250,3250
Madhya Pradesh,Sagar,Garhakota APMC,Wheat,Wheat,Non-FAQ,10/08/2026,2500,2650,2550
Madhya Pradesh,Raisen,Bareli APMC,Wheat,Wheat,FAQ,10/08/2026,2481,2481,2481
Tamil Nadu,Villupuram,Sangarapuram APMC,Maize,Other,Local,10/08/2026,2579,2669,2624
Karnataka,Uttara Kannada,Kumta APMC,Paddy(Common),Paddy Dappa,Local,10/08/2026,2253,2258,2255
Karnataka,Uttara Kannada,Kumta APMC,Coconut,Small,Local,10/08/2026,28169,28169,28169
Karnataka,Tumakuru,Tiptur APMC,Copra,Copra,Local,10/08/2026,29500,31200,30766
Madhya Pradesh,Harda,Harda APMC,Kabuli Chana(Chickpeas-White),Dollar Gram,FAQ,10/08/2026,5299,7890,7890
Madhya Pradesh,Dhar,Dhamnod APMC,Wheat,Wheat,FAQ,10/08/2026,2503,2743,2743
Madhya Pradesh,Ujjain,Mahidpur APMC,Wheat,Mill Quality,FAQ,10/08/2026,2567,2577,2577
Madhya Pradesh,Ujjain,Tarana APMC,Wheat,Wheat,FAQ,10/08/2026,2355,2390,2355
Madhya Pradesh,Dewas,Khategaon APMC,Mustard,Mustard,FAQ,10/08/2026,7051,7051,7051
Madhya Pradesh,Dewas,Khategaon APMC,Soyabean,Soyabeen,FAQ,10/08/2026,6550,6682,6682
Madhya Pradesh,Dewas,Sonkatch APMC,Soyabean,Soyabeen,FAQ,10/08/2026,5790,6851,6851
Madhya Pradesh,Shajapur,Agar APMC,Soyabean,Soyabeen,FAQ,10/08/2026,5866,6810,6810
Madhya Pradesh,Guna,Kumbhraj APMC,Green Gram(Moong)(Whole),Green (Whole),FAQ,10/08/2026,6250,6250,6250
Madhya Pradesh,Guna,Kumbhraj APMC,Mustard,Mustard,FAQ,10/08/2026,7235,7235,7235
Madhya Pradesh,Sagar,Khurai APMC,Green Gram(Moong)(Whole),Green (Whole),FAQ,10/08/2026,3850,7291,7261
Madhya Pradesh,Sagar,Khurai APMC,Mustard,Mustard,FAQ,10/08/2026,7201,7570,7570
Madhya Pradesh,Sagar,Khurai APMC,Black Gram(Urd Beans)(Whole),Urda/Urd,FAQ,10/08/2026,4750,4750,4750
Madhya Pradesh,Damoh,Patharia APMC,Green Gram(Moong)(Whole),Green (Whole),FAQ,10/08/2026,2435,7200,7200
Madhya Pradesh,Chhindwara,Chaurai APMC,Wheat,Mill Quality,FAQ,10/08/2026,2590,2620,2600
Madhya Pradesh,Chhatarpur,Badamalhera APMC,Wheat,Mill Quality,FAQ,10/08/2026,2510,2620,2620
Madhya Pradesh,Sehore,Rehati APMC,Green Gram(Moong)(Whole),Green (Whole),FAQ,10/08/2026,6100,6100,6100
Madhya Pradesh,Satna,Amarpatan APMC,Wheat,Mill Quality,FAQ,10/08/2026,2500,2550,2510
Tamil Nadu,Vellore,Thirupathur APMC,Groundnut,Big (With Shell),Local,10/08/2026,6000,6000,6000
Tamil Nadu,Vellore,Thirupathur APMC,Tomato,Deshi,Local,10/08/2026,2300,2300,2300
Tamil Nadu,Vellore,Thirupathur APMC,Bitter gourd,Bitter Gourd,Local,10/08/2026,6000,6000,6000
Tamil Nadu,Vellore,Thirupathur APMC,Pumpkin,Pumpkin,Local,10/08/2026,2000,2000,2000
Tamil Nadu,Vellore,Thirupathur APMC,Cowpea(Veg),Cowpea (Veg),Local,10/08/2026,6000,6000,6000
Tamil Nadu,Vellore,Thirupathur APMC,Beans,Beans (Whole),Local,10/08/2026,9000,9000,9000
Tamil Nadu,Vellore,Thirupathur APMC,Tapioca,Tapioca,Local,10/08/2026,3000,3000,3000
Tamil Nadu,Vellore,Thirupathur APMC,Coconut,Coconut,Local,10/08/2026,5000,5000,5000
Tamil Nadu,Vellore,Thirupathur APMC,Raddish,Raddish,Local,10/08/2026,3000,3000,3000
Tamil Nadu,Vellore,Thirupathur APMC,Green Avare(W),Green Avare (W),Local,10/08/2026,6600,6600,6600
Tamil Nadu,Vellore,Thirupathur APMC,Chow Chow,Chow Chow,Local,10/08/2026,3000,3000,3000
Tamil Nadu,Vellore,Thirupathur APMC,Guava,Guava Allahabad,Local,10/08/2026,5000,5000,5000
Tamil Nadu,Vellore,Thirupathur APMC,Mint(Pudina),Mint(Pudina),Local,10/08/2026,5000,5000,5000
Tamil Nadu,Vellore,Vellore APMC,Apple,American,Local,10/08/2026,26000,26000,26000
Tamil Nadu,Vellore,Vellore APMC,Ginger(Green),Green Ginger,Local,10/08/2026,17000,17000,17000
Tamil Nadu,Vellore,Vellore APMC,Snakeguard,Snakeguard,Local,10/08/2026,2000,2500,2250
Tamil Nadu,Vellore,Vellore APMC,Ridgeguard(Tori),Ridgeguard(Tori),Local,10/08/2026,4000,4000,4000
Tamil Nadu,Vellore,Vellore APMC,Raddish,Raddish,Local,10/08/2026,3000,3000,3000
Tamil Nadu,Vellore,Vellore APMC,Green Avare(W),Green Avare (W),Local,10/08/2026,6000,7000,6500
Tamil Nadu,Vellore,Vellore APMC,Colacasia,Colacasia,Local,10/08/2026,4000,4000,4000
Tamil Nadu,Vellore,Vellore APMC,Onion Green,Onion Green,Local,10/08/2026,5500,5500,5500
Tamil Nadu,Vellore,Vellore APMC,Rose(Local),Rose (Local),Local,10/08/2026,13000,13000,13000
Chattisgarh,Surajpur,Surajpur APMC,Paddy(Common),Mahamaya,Non-FAQ,10/08/2026,2390,2390,2390
Bihar,Kishanganj,Bahadurganj APMC,Paddy(Common),Other,FAQ,10/08/2026,2050,2250,2150
Bihar,Kishanganj,Bahadurganj APMC,Pointed gourd(Parval),Other,FAQ,10/08/2026,2950,3175,3050
Bihar,Sheikhpura,Shekhpura APMC,Brinjal,Arkasheela Mattigulla,FAQ,10/08/2026,3165,3310,3240
Bihar,Sheikhpura,Shekhpura APMC,Cucumbar(Kheera),Cucumbar,FAQ,10/08/2026,3250,3450,3350
Madhya Pradesh,Dhar,Gandhwani APMC,Maize,Local,FAQ,10/08/2026,2250,2250,2250
Madhya Pradesh,Dhar,Gandhwani APMC,Wheat,Wheat,FAQ,10/08/2026,2650,2670,2670
Bihar,Madhubani,Jainagar APMC,Banana - Green,Banana - Green,Grade A,10/08/2026,3200,4000,3500
Bihar,Madhubani,Jainagar APMC,Bhindi(Ladies Finger),Bhindi,Grade A,10/08/2026,2000,3000,2420
Karnataka,Mandya,Pandavapura APMC,Tender Coconut,Tender Coconut,Local,10/08/2026,22000,24000,23000
Madhya Pradesh,Satna,Ramnagar APMC,gulli,Gulli,Non-FAQ,10/08/2026,5200,5200,5200
Madhya Pradesh,Satna,Ramnagar APMC,Wheat,Mill Quality,Non-FAQ,10/08/2026,2490,2505,2505
Karnataka,Chitradurga,Holalkere APMC,Maize,Yellow,Local,10/08/2026,2550,2550,2550
Madhya Pradesh,Sehore,Nasrullaganj APMC,Wheat,Wheat,FAQ,10/08/2026,2620,2634,2634
Madhya Pradesh,Raisen,Obedullaganj APMC,Green Gram(Moong)(Whole),Green (Whole),FAQ,10/08/2026,6451,6451,6451
Madhya Pradesh,Raisen,Obedullaganj APMC,Wheat,Local,FAQ,10/08/2026,2500,2500,2500
Haryana,Faridabad,Faridabad APMC,Mango,Other,Grade B,10/08/2026,5000,5000,5000
Bihar,Supaul,Triveniganj APMC,Brinjal,Arkasheela Mattigulla,Grade A,10/08/2026,3100,3100,3100
Chattisgarh,Raipur,Abhanpur APMC,Paddy(Common),MTU-1010,Non-FAQ,10/08/2026,2315,2315,2315
Maharashtra,Chandrapur,APMC Pombhurna,Paddy(Common),Other,FAQ,10/08/2026,3340,3500,3420
Tamil Nadu,Dharmapuri,Harur(Uzhavar Sandhai ),Garlic,Garlic,Local,10/08/2026,16000,18000,17000
Tamil Nadu,Dharmapuri,Harur(Uzhavar Sandhai ),Pumpkin,Pumpkin,Local,10/08/2026,1500,2000,1750
Tamil Nadu,Dharmapuri,Harur(Uzhavar Sandhai ),Amaranthus,Amaranthus,Local,10/08/2026,2500,3000,2750
Tamil Nadu,Dharmapuri,Harur(Uzhavar Sandhai ),Green Chilli,Green Chilly,Local,10/08/2026,4500,5000,4750
Tamil Nadu,Dharmapuri,Harur(Uzhavar Sandhai ),Carrot,Pusakesar,Local,10/08/2026,7500,8500,8000
Tamil Nadu,Dharmapuri,Harur(Uzhavar Sandhai ),Lemon,Lemon,Local,10/08/2026,7000,8000,7500
Tamil Nadu,Dharmapuri,Harur(Uzhavar Sandhai ),Mint(Pudina),Mint(Pudina),Local,10/08/2026,3500,4000,3750
Tamil Nadu,Krishnagiri,Kaveripattinam(Uzhavar Sandhai ),Bitter gourd,Bitter Gourd,Local,10/08/2026,6000,6000,6000
Tamil Nadu,Krishnagiri,Kaveripattinam(Uzhavar Sandhai ),Onion,Bellary,Local,10/08/2026,3500,4000,3750
Tamil Nadu,Krishnagiri,Kaveripattinam(Uzhavar Sandhai ),Potato,Red Nanital,Local,10/08/2026,4000,4000,4000
Tamil Nadu,Krishnagiri,Kaveripattinam(Uzhavar Sandhai ),Ashgourd,Gouard,Local,10/08/2026,3000,3000,3000
Tamil Nadu,Krishnagiri,Kaveripattinam(Uzhavar Sandhai ),Bhindi(Ladies Finger),Bhindi,Local,10/08/2026,3000,3000,3000
Tamil Nadu,Krishnagiri,Kaveripattinam(Uzhavar Sandhai ),Amaranthus,Amaranthus,Local,10/08/2026,2000,2500,2250
Tamil Nadu,Krishnagiri,Kaveripattinam(Uzhavar Sandhai ),Coconut,Coconut,Local,10/08/2026,6000,6000,6000
Tamil Nadu,Krishnagiri,Kaveripattinam(Uzhavar Sandhai ),Drumstick,Drumstick,Local,10/08/2026,2500,2500,2500
Tamil Nadu,Krishnagiri,Kaveripattinam(Uzhavar Sandhai ),Mango(Raw-Ripe),Mango - Raw-Ripe,Local,10/08/2026,4000,4000,4000
Tamil Nadu,Krishnagiri,Kaveripattinam(Uzhavar Sandhai ),Onion Green,Onion Green,Local,10/08/2026,6000,7000,6500
Tamil Nadu,The Nilgiris,Coonoor(Uzhavar Sandhai ),Tomato,Deshi,Local,10/08/2026,1800,2000,1900
Tamil Nadu,The Nilgiris,Coonoor(Uzhavar Sandhai ),Cauliflower,Ranchi,Local,10/08/2026,4000,4500,4250
Tamil Nadu,The Nilgiris,Coonoor(Uzhavar Sandhai ),Banana,Besrai,Local,10/08/2026,4000,4500,4250
Tamil Nadu,The Nilgiris,Coonoor(Uzhavar Sandhai ),Bottle gourd,Bottle Gourd,Local,10/08/2026,2300,2500,2400
Tamil Nadu,The Nilgiris,Coonoor(Uzhavar Sandhai ),Beans,Beans (Whole),Local,10/08/2026,7000,8000,7500
Tamil Nadu,The Nilgiris,Coonoor(Uzhavar Sandhai ),Tapioca,Tapioca,Local,10/08/2026,3800,4000,3900
Tamil Nadu,The Nilgiris,Coonoor(Uzhavar Sandhai ),Snakeguard,Snakeguard,Local,10/08/2026,3300,3500,3400
Tamil Nadu,The Nilgiris,Coonoor(Uzhavar Sandhai ),Cucumbar(Kheera),Cucumbar,Local,10/08/2026,4500,5000,4750
Tamil Nadu,The Nilgiris,Coonoor(Uzhavar Sandhai ),Raddish,Raddish,Local,10/08/2026,3300,3500,3400
Tamil Nadu,The Nilgiris,Coonoor(Uzhavar Sandhai ),Elephant Yam(Suran)/Amorphophallus,Elephant Yam (Suran),Local,10/08/2026,4000,4500,4250
Tamil Nadu,The Nilgiris,Coonoor(Uzhavar Sandhai ),Lemon,Lemon,Local,10/08/2026,8000,10000,9000
Tamil Nadu,The Nilgiris,Coonoor(Uzhavar Sandhai ),Onion Green,Onion Green,Local,10/08/2026,6500,7000,6750
Tamil Nadu,The Nilgiris,Gudalur(Uzhavar Sandhai ),Potato,Other,Local,10/08/2026,5500,6000,5750
Tamil Nadu,The Nilgiris,Gudalur(Uzhavar Sandhai ),Banana,Besrai,Local,10/08/2026,3500,4000,3750
Tamil Nadu,The Nilgiris,Gudalur(Uzhavar Sandhai ),Banana - Green,Banana - Green,Local,10/08/2026,4000,4500,4250
Tamil Nadu,The Nilgiris,Gudalur(Uzhavar Sandhai ),Onion Green,Onion Green,Local,10/08/2026,6500,7000,6750
Madhya Pradesh,Khandwa,Mundi APMC,Wheat,Wheat,FAQ,10/08/2026,2570,2650,2600
West Bengal,Dakshin Dinajpur,Balurghat APMC,Cucumbar(Kheera),Cucumbar,FAQ,10/08/2026,3200,3600,3500
West Bengal,Dakshin Dinajpur,Balurghat APMC,Bhindi(Ladies Finger),Other,FAQ,10/08/2026,2600,3100,3000
Rajasthan,Bharatpur,Bhusawar Bair APMC,Wheat,147 Average,Local,10/08/2026,2500,2540,2520
Rajasthan,Bharatpur,Bhusawar Bair APMC,Bajra(Pearl Millet/Cumbu),Bold,Local,10/08/2026,2000,2060,2030
Odisha,Bargarh,Bargarh APMC,Bhindi(Ladies Finger),Bhindi,Grade C,10/08/2026,4000,5000,4500
Tripura,Khowai,Teliamura APMC,Bhindi(Ladies Finger),Bhindi,Medium,10/08/2026,7500,7700,7600
Tripura,Khowai,Teliamura APMC,Ridgeguard(Tori),Ridgeguard(Tori),Medium,10/08/2026,3300,3500,3400
Tripura,Khowai,Teliamura APMC,Bitter gourd,Bitter Gourd,Medium,10/08/2026,6500,6700,6600
Tripura,Khowai,Teliamura APMC,Garlic,China,Grade Range-2,10/08/2026,13500,13700,13600
Tripura,Khowai,Teliamura APMC,"Spiny Gourd / Kartali(Kantola)
",Kartali (Kantola),Medium,10/08/2026,4600,4800,4700
Gujarat,Ahmedabad,Viramgam APMC,Paddy(Common),Other,Local,10/08/2026,2300,2370,2335
Gujarat,Ahmedabad,Viramgam APMC,Castor Seed,Castor seed,Local,10/08/2026,6885,6910,6900
Telangana,Ranga Reddy,Gaddiannaram APMC,Apple,Other,Medium,10/08/2026,6666.667,25333.3346,11333.3339
Telangana,Ranga Reddy,Gaddiannaram APMC,Mango,Langra,Medium,10/08/2026,2000,6000,3000
Telangana,Ranga Reddy,Gaddiannaram APMC,Cherry,Other,Medium,10/08/2026,75000,90000,85000
Telangana,Ranga Reddy,Gaddiannaram APMC,Orange,Other,Medium,10/08/2026,8000,17000,12000
Uttarakhand,Dehradoon,Dehradoon APMC,Bhindi(Ladies Finger),Other,Grade B,10/08/2026,850,1500,1050
Uttarakhand,Dehradoon,Dehradoon APMC,Onion,Nasik,FAQ,10/08/2026,950,1300,1100
Uttarakhand,Dehradoon,Dehradoon APMC,Cabbage,Cabbage,Grade B,10/08/2026,950,1300,1100
Himachal Pradesh,Kangra,SMY Jwalaji,Brinjal,Other,FAQ,10/08/2026,2500,3000,2750
Himachal Pradesh,Kangra,SMY Jwalaji,French Beans(Frasbean),French Beans (Frasbean),FAQ,10/08/2026,6000,8000,7000
Himachal Pradesh,Chamba,PMY Chamba,Water Melon,Water Melon,Medium,10/08/2026,4000,5000,4500
Himachal Pradesh,Chamba,PMY Chamba,Carrot,Carrot,Medium,10/08/2026,2500,3000,2750
Himachal Pradesh,Chamba,PMY Chamba,Mashrooms,Other,Medium,10/08/2026,13000,15000,14000
Manipur,Imphal West,Imphal APMC,Onion,Other,FAQ,10/08/2026,5300,6000,5700
Manipur,Imphal West,Imphal APMC,Paddy(Common),Other,Local,10/08/2026,3000,3000,3000
Manipur,Imphal West,Imphal APMC,Bengal Gram Dal(Chana Dal),Bengal Gram Dal,FAQ,10/08/2026,11000,12000,11500
Himachal Pradesh,Hamirpur,PMY Hamirpur,Tomato,Tomato,Grade B,10/08/2026,3000,3500,3250
Himachal Pradesh,Hamirpur,PMY Hamirpur,Cabbage,Cabbage,Grade B,10/08/2026,3000,3200,3100
Himachal Pradesh,Hamirpur,PMY Hamirpur,Capsicum,Capsicum,Grade B,10/08/2026,5000,6000,5500
Himachal Pradesh,Hamirpur,PMY Hamirpur,Bhindi(Ladies Finger),Other,Grade B,10/08/2026,3500,4000,3750
Himachal Pradesh,Hamirpur,PMY Hamirpur,French Beans(Frasbean),Other,Grade B,10/08/2026,8000,8200,8100
Himachal Pradesh,Hamirpur,PMY Hamirpur,Guava,Guava,Grade B,10/08/2026,9500,10000,9750
Himachal Pradesh,Hamirpur,PMY Hamirpur,Banana,Other,Grade B,10/08/2026,4000,4500,4200
Himachal Pradesh,Kullu,SMY Bhuntar,Squash(Chappal Kadoo),Other,FAQ,10/08/2026,1000,1500,1300
Himachal Pradesh,Kullu,SMY Bhuntar,Peas Wet,Other,FAQ,10/08/2026,3000,9000,6000
Himachal Pradesh,Kullu,SMY Bhuntar,Coriander(Leaves),Other,FAQ,10/08/2026,3000,4000,3500
Himachal Pradesh,Kullu,SMY Bhuntar,Orange,Other,Medium,10/08/2026,18000,20000,19000
Himachal Pradesh,Kullu,SMY Bhuntar,Mango,Other,Medium,10/08/2026,5500,10000,8500
Himachal Pradesh,Mandi,SMY Dhanotu,Bottle gourd,Bottle Gourd,FAQ,10/08/2026,1000,2000,1500
Himachal Pradesh,Kangra,SMY Palampur,Guava,Guava,Medium,10/08/2026,8000,10000,9000
Himachal Pradesh,Kangra,SMY Palampur,Sponge gourd,Other,FAQ,10/08/2026,5000,5500,5200
Himachal Pradesh,Kangra,SMY Palampur,Bottle gourd,Bottle Gourd,FAQ,10/08/2026,2500,4000,3200
Himachal Pradesh,Kangra,SMY Palampur,Green Chilli,Green Chilly,FAQ,10/08/2026,4500,5000,4800
Himachal Pradesh,Kangra,SMY Palampur,Mashrooms,Mashrooms,FAQ,10/08/2026,19000,19500,19200
Himachal Pradesh,Solan,SMY Wakhnaghat,French Beans(Frasbean),French Beans (Frasbean),Medium,10/08/2026,3000,4000,4000
Tripura,South Tripura,Santir Bazar APMC,Potato,Jyoti,Local,10/08/2026,1800,2000,1900
Tripura,South Tripura,Santir Bazar APMC,Brinjal,Round/Long,Local,10/08/2026,6000,7000,6500
Tamil Nadu,Virudhunagar,Rajapalayam(Uzhavar Sandhai ),Banana - Green,Banana - Green,Local,10/08/2026,3000,3600,3300
Tamil Nadu,Virudhunagar,Rajapalayam(Uzhavar Sandhai ),Ginger(Green),Green Ginger,Local,10/08/2026,21000,22000,21500
Tamil Nadu,Virudhunagar,Rajapalayam(Uzhavar Sandhai ),Snakeguard,Snakeguard,Local,10/08/2026,3500,4000,3750
Tamil Nadu,Virudhunagar,Rajapalayam(Uzhavar Sandhai ),Green Avare(W),Green Avare (W),Local,10/08/2026,10000,11000,10500
Tamil Nadu,Virudhunagar,Rajapalayam(Uzhavar Sandhai ),Lemon,Lemon,Local,10/08/2026,7000,8000,7500
Tamil Nadu,Virudhunagar,Rajapalayam(Uzhavar Sandhai ),Colacasia,Colacasia,Local,10/08/2026,6000,7000,6500
Tamil Nadu,Virudhunagar,Rajapalayam(Uzhavar Sandhai ),Mint(Pudina),Mint(Pudina),Local,10/08/2026,5000,6000,5500
Tamil Nadu,Virudhunagar,Sathur(Uzhavar Sandhai ),Onion,Bellary,Local,10/08/2026,3500,4000,3750
Tamil Nadu,Virudhunagar,Sathur(Uzhavar Sandhai ),Banana,Besrai,Local,10/08/2026,3500,4000,3750
Tamil Nadu,Virudhunagar,Sathur(Uzhavar Sandhai ),Pumpkin,Pumpkin,Local,10/08/2026,2000,2500,2250
Tamil Nadu,Virudhunagar,Sathur(Uzhavar Sandhai ),Green Chilli,Green Chilly,Local,10/08/2026,4500,5000,4750
Tamil Nadu,Virudhunagar,Sathur(Uzhavar Sandhai ),Beans,Beans (Whole),Local,10/08/2026,8500,9000,8750
Tamil Nadu,Virudhunagar,Sathur(Uzhavar Sandhai ),Coconut,Coconut,Local,10/08/2026,5500,6000,5750
Tamil Nadu,Virudhunagar,Sathur(Uzhavar Sandhai ),Ridgeguard(Tori),Ridgeguard(Tori),Local,10/08/2026,4500,5000,4750
Tamil Nadu,Virudhunagar,Sathur(Uzhavar Sandhai ),Chow Chow,Chow Chow,Local,10/08/2026,3000,3500,3250
Tamil Nadu,Virudhunagar,Sathur(Uzhavar Sandhai ),Guava,Guava Allahabad,Local,10/08/2026,4500,5000,4750
Tamil Nadu,Virudhunagar,Sathur(Uzhavar Sandhai ),Mint(Pudina),Mint(Pudina),Local,10/08/2026,3500,4000,3750
Tamil Nadu,Virudhunagar,Sivakasi(Uzhavar Sandhai ),Cauliflower,Ranchi,Local,10/08/2026,4500,5000,4750
Tamil Nadu,Virudhunagar,Sivakasi(Uzhavar Sandhai ),Tomato,Deshi,Local,10/08/2026,1800,2000,1900
Tamil Nadu,Virudhunagar,Sivakasi(Uzhavar Sandhai ),Papaya,Papaya,Local,10/08/2026,2500,3000,2750
Tamil Nadu,Virudhunagar,Sivakasi(Uzhavar Sandhai ),Bottle gourd,Bottle Gourd,Local,10/08/2026,1500,2000,1750
Tamil Nadu,Virudhunagar,Sivakasi(Uzhavar Sandhai ),Pumpkin,Pumpkin,Local,10/08/2026,2000,2500,2250
Tamil Nadu,Virudhunagar,Sivakasi(Uzhavar Sandhai ),Green Chilli,Green Chilly,Local,10/08/2026,5500,6000,5750
Tamil Nadu,Virudhunagar,Sivakasi(Uzhavar Sandhai ),Amaranthus,Amaranthus,Local,10/08/2026,2500,3000,2750
Tamil Nadu,Virudhunagar,Sivakasi(Uzhavar Sandhai ),Snakeguard,Snakeguard,Local,10/08/2026,3500,4000,3750
Tamil Nadu,Virudhunagar,Sivakasi(Uzhavar Sandhai ),Green Avare(W),Green Avare (W),Local,10/08/2026,7500,8000,7750
Tamil Nadu,Virudhunagar,Sivakasi(Uzhavar Sandhai ),Drumstick,Drumstick,Local,10/08/2026,4500,5000,4750
Tamil Nadu,Virudhunagar,Sivakasi(Uzhavar Sandhai ),Lemon,Lemon,Local,10/08/2026,7000,8000,7500
Tamil Nadu,Virudhunagar,Thalavaipuram(Uzhavar Sandhai ),Cluster beans,Cluster Beans,Local,10/08/2026,2500,3000,2750
Tamil Nadu,Virudhunagar,Thalavaipuram(Uzhavar Sandhai ),Papaya,Papaya,Local,10/08/2026,3000,3500,3250
Tamil Nadu,Virudhunagar,Thalavaipuram(Uzhavar Sandhai ),Carrot,Pusakesar,Local,10/08/2026,7000,8000,7500
Tamil Nadu,Virudhunagar,Thalavaipuram(Uzhavar Sandhai ),Lemon,Lemon,Local,10/08/2026,7000,8000,7500
Tamil Nadu,Virudhunagar,Virudhunagar(Uzhavar Sandhai ),Tomato,Deshi,Local,10/08/2026,2200,2300,2250
Tamil Nadu,Chengalpattu,Chengalpet(Uzhavar Sandhai ),Brinjal,Other,Local,10/08/2026,5000,6000,5500
Tamil Nadu,Chengalpattu,Chengalpet(Uzhavar Sandhai ),Cluster beans,Cluster Beans,Local,10/08/2026,5000,6000,5500
Tamil Nadu,Chengalpattu,Chengalpet(Uzhavar Sandhai ),Banana - Green,Banana - Green,Local,10/08/2026,3500,4000,3750
Tamil Nadu,Chengalpattu,Chengalpet(Uzhavar Sandhai ),Beans,Beans (Whole),Local,10/08/2026,9000,10000,9500
Tamil Nadu,Chengalpattu,Chengalpet(Uzhavar Sandhai ),Sweet Potato,Hosur Red,Local,10/08/2026,5000,6000,5500
Tamil Nadu,Chengalpattu,Chengalpet(Uzhavar Sandhai ),Mango(Raw-Ripe),Mango - Raw-Ripe,Local,10/08/2026,5000,6000,5500
Tamil Nadu,Chengalpattu,Chengalpet(Uzhavar Sandhai ),Yam(Ratalu),Yam (Ratalu),Local,10/08/2026,5000,6000,5500
Tamil Nadu,Chengalpattu,Chengalpet(Uzhavar Sandhai ),Colacasia,Colacasia,Local,10/08/2026,4800,5000,4900
Tamil Nadu,Chengalpattu,Chengalpet(Uzhavar Sandhai ),Onion Green,Onion Green,Local,10/08/2026,6000,7000,6500
Tamil Nadu,Chengalpattu,Madhuranthagam(Uzhavar Sandhai ),Onion,Bellary,Local,10/08/2026,3000,3000,3000
Tamil Nadu,Chengalpattu,Madhuranthagam(Uzhavar Sandhai ),Pumpkin,Pumpkin,Local,10/08/2026,2000,2000,2000
Tamil Nadu,Chengalpattu,Madhuranthagam(Uzhavar Sandhai ),Amaranthus,Amaranthus,Local,10/08/2026,3000,3000,3000
Tamil Nadu,Chengalpattu,Madhuranthagam(Uzhavar Sandhai ),Tender Coconut,Tender Coconut,Local,10/08/2026,3000,4000,3500
Tamil Nadu,Chengalpattu,Madhuranthagam(Uzhavar Sandhai ),Onion Green,Onion Green,Local,10/08/2026,6000,6000,6000
Tamil Nadu,Chengalpattu,Medavakkam(Uzhavar Sandhai ),Potato,Other,Local,10/08/2026,3500,3500,3500
Tamil Nadu,Chengalpattu,Medavakkam(Uzhavar Sandhai ),Cauliflower,Ranchi,Local,10/08/2026,5000,5000,5000
Tamil Nadu,Chengalpattu,Medavakkam(Uzhavar Sandhai ),Coriander(Leaves),I Sort,Local,10/08/2026,4000,4000,4000
Tamil Nadu,Chengalpattu,Medavakkam(Uzhavar Sandhai ),Mint(Pudina),Mint(Pudina),Local,10/08/2026,4000,4000,4000
Tamil Nadu,Chengalpattu,Nanganallur(Uzhavar Sandhai ),Garlic,Garlic,Local,10/08/2026,22000,24000,23000
Tamil Nadu,Chengalpattu,Nanganallur(Uzhavar Sandhai ),Water Melon,Water Melon,Local,10/08/2026,2000,2000,2000
Tamil Nadu,Chengalpattu,Nanganallur(Uzhavar Sandhai ),Mousambi(Sweet Lime),Mousambi,Local,10/08/2026,3000,3500,3250
Tamil Nadu,Chengalpattu,Nanganallur(Uzhavar Sandhai ),Bottle gourd,Bottle Gourd,Local,10/08/2026,3500,4000,3750
Tamil Nadu,Chengalpattu,Nanganallur(Uzhavar Sandhai ),Green Chilli,Green Chilly,Local,10/08/2026,7500,8000,7750
Tamil Nadu,Chengalpattu,Nanganallur(Uzhavar Sandhai ),Beans,Beans (Whole),Local,10/08/2026,10000,12000,11000
Tamil Nadu,Chengalpattu,Nanganallur(Uzhavar Sandhai ),Carrot,Pusakesar,Local,10/08/2026,12000,14000,13000
Tamil Nadu,Chengalpattu,Nanganallur(Uzhavar Sandhai ),Capsicum,Capsicum,Local,10/08/2026,5500,6000,5750
Tamil Nadu,Chengalpattu,Nanganallur(Uzhavar Sandhai ),Pomegranate,Pomogranate,Local,10/08/2026,14000,15000,14500
Tamil Nadu,Chengalpattu,Pallavaram(Uzhavar Sandhai ),Bitter gourd,Other,Local,10/08/2026,6000,7000,6500
Tamil Nadu,Chengalpattu,Pallavaram(Uzhavar Sandhai ),Bhindi(Ladies Finger),Bhindi,Local,10/08/2026,4000,5000,4500
Tamil Nadu,Chengalpattu,Pallavaram(Uzhavar Sandhai ),Banana - Green,Banana - Green,Local,10/08/2026,3500,4000,3750
Tamil Nadu,Chengalpattu,Pallavaram(Uzhavar Sandhai ),Beans,Beans (Whole),Local,10/08/2026,10000,12000,11000
Tamil Nadu,Chengalpattu,Pallavaram(Uzhavar Sandhai ),Sweet Potato,Hosur Red,Local,10/08/2026,6000,7000,6500
Tamil Nadu,Chengalpattu,Pallavaram(Uzhavar Sandhai ),Carrot,Pusakesar,Local,10/08/2026,10000,12000,11000
Tamil Nadu,Chengalpattu,Pallavaram(Uzhavar Sandhai ),Cabbage,Cabbage,Local,10/08/2026,2500,3000,2750
Tamil Nadu,Chengalpattu,Pallavaram(Uzhavar Sandhai ),Cucumbar(Kheera),Cucumbar,Local,10/08/2026,5000,6000,5500
Tamil Nadu,Chengalpattu,Pallavaram(Uzhavar Sandhai ),Indian Beans(Seam),Indian Beans (Seam),Local,10/08/2026,7000,8000,7500
Tamil Nadu,Chengalpattu,Pallavaram(Uzhavar Sandhai ),Lemon,Lemon,Local,10/08/2026,10000,12000,11000
Tamil Nadu,Chengalpattu,Pallavaram(Uzhavar Sandhai ),Mint(Pudina),Mint(Pudina),Local,10/08/2026,3500,4000,3750
Tamil Nadu,Nagercoil (Kannyiakumari),Myladi(Uzhavar Sandhai ),Cabbage,Cabbage,Local,10/08/2026,5000,5500,5250
Tamil Nadu,Nagercoil (Kannyiakumari),Myladi(Uzhavar Sandhai ),Snakeguard,Snakeguard,Local,10/08/2026,4000,4500,4250
Tamil Nadu,Nagercoil (Kannyiakumari),Myladi(Uzhavar Sandhai ),Tamarind Fruit,Tamarind Fruit,Local,10/08/2026,13000,15000,14000
Tamil Nadu,Nagercoil (Kannyiakumari),Myladi(Uzhavar Sandhai ),Onion Green,Onion Green,Local,10/08/2026,7000,8000,7500
Tamil Nadu,Chengalpattu,Jameenrayapettai(Uzhavar Sandhai ),Orange,Darjeeling,Local,10/08/2026,12000,13000,12500
Tamil Nadu,Chengalpattu,Jameenrayapettai(Uzhavar Sandhai ),Potato,Other,Local,10/08/2026,2500,3000,2750
Tamil Nadu,Chengalpattu,Jameenrayapettai(Uzhavar Sandhai ),Mousambi(Sweet Lime),Mousambi,Local,10/08/2026,7000,8000,7500
Tamil Nadu,Chengalpattu,Jameenrayapettai(Uzhavar Sandhai ),Cluster beans,Cluster Beans,Local,10/08/2026,4000,5000,4500
Tamil Nadu,Chengalpattu,Jameenrayapettai(Uzhavar Sandhai ),Ridgeguard(Tori),Ridgeguard(Tori),Local,10/08/2026,6000,7000,6500
Tamil Nadu,Chengalpattu,Jameenrayapettai(Uzhavar Sandhai ),Chow Chow,Chow Chow,Local,10/08/2026,3500,4000,3750
Tamil Nadu,Chengalpattu,Jameenrayapettai(Uzhavar Sandhai ),Knool Khol,Knool Khol,Local,10/08/2026,6000,7000,6500
Tamil Nadu,Chengalpattu,Jameenrayapettai(Uzhavar Sandhai ),Elephant Yam(Suran)/Amorphophallus,Elephant Yam (Suran),Local,10/08/2026,5000,6000,5500
Tamil Nadu,Chengalpattu,Jameenrayapettai(Uzhavar Sandhai ),Yam(Ratalu),Yam (Ratalu),Local,10/08/2026,6000,7000,6500
Tamil Nadu,Chengalpattu,Jameenrayapettai(Uzhavar Sandhai ),Lemon,Lemon,Local,10/08/2026,11000,12000,11500
Tamil Nadu,Chengalpattu,Jameenrayapettai(Uzhavar Sandhai ),Onion Green,Onion Green,Local,10/08/2026,6000,7000,6500
Tamil Nadu,Chengalpattu,Jameenrayapettai(Uzhavar Sandhai ),Rose(Local),Rose (Local),Local,10/08/2026,11000,12000,11500
Tamil Nadu,Chengalpattu,Guduvancheri(Uzhavar Sandhai ),Garlic,Garlic,Local,10/08/2026,22000,25000,23500
Tamil Nadu,Chengalpattu,Guduvancheri(Uzhavar Sandhai ),Brinjal,Round,Local,10/08/2026,3500,4000,3750
Tamil Nadu,Chengalpattu,Guduvancheri(Uzhavar Sandhai ),Coriander(Leaves),I Sort,Local,10/08/2026,5000,6000,5500
Tamil Nadu,Chengalpattu,Guduvancheri(Uzhavar Sandhai ),Mousambi(Sweet Lime),Mousambi,Local,10/08/2026,7000,8000,7500
Tamil Nadu,Chengalpattu,Guduvancheri(Uzhavar Sandhai ),Bhindi(Ladies Finger),Bhindi,Local,10/08/2026,4000,5000,4500
Tamil Nadu,Chengalpattu,Guduvancheri(Uzhavar Sandhai ),Amaranthus,Amaranthus,Local,10/08/2026,2500,3000,2750
Tamil Nadu,Chengalpattu,Guduvancheri(Uzhavar Sandhai ),Cabbage,Cabbage,Local,10/08/2026,2500,3000,2750
Tamil Nadu,Chengalpattu,Guduvancheri(Uzhavar Sandhai ),Mango(Raw-Ripe),Mango - Raw-Ripe,Local,10/08/2026,7000,8000,7500
Tamil Nadu,Chengalpattu,Guduvancheri(Uzhavar Sandhai ),Sweet Corn ,Sweet Corn ,Local,10/08/2026,4000,5000,4500
Tamil Nadu,Thirupathur,Vaniyampadi(Uzhavar Sandhai ),Onion,Bellary,Local,10/08/2026,4000,4000,4000
Tamil Nadu,Thirupathur,Vaniyampadi(Uzhavar Sandhai ),Cluster beans,Cluster Beans,Local,10/08/2026,4000,4000,4000
Tamil Nadu,Thirupathur,Vaniyampadi(Uzhavar Sandhai ),Bitter gourd,Bitter Gourd,Local,10/08/2026,6000,6000,6000
Tamil Nadu,Thirupathur,Vaniyampadi(Uzhavar Sandhai ),Banana - Green,Banana - Green,Local,10/08/2026,3000,3000,3000
Tamil Nadu,Thirupathur,Vaniyampadi(Uzhavar Sandhai ),Carrot,Pusakesar,Local,10/08/2026,8000,8000,8000
Tamil Nadu,Thirupathur,Vaniyampadi(Uzhavar Sandhai ),Beetroot,Beetroot,Local,10/08/2026,6000,6000,6000
Tamil Nadu,Thirupathur,Vaniyampadi(Uzhavar Sandhai ),Lemon,Lemon,Local,10/08/2026,4000,4000,4000
Tamil Nadu,Thirupur,Dharapuram(Uzhavar Sandhai ),Bottle gourd,Bottle Gourd,Local,10/08/2026,1500,2000,1750
Tamil Nadu,Thirupur,Dharapuram(Uzhavar Sandhai ),Snakeguard,Snakeguard,Local,10/08/2026,3000,3500,3250
Tamil Nadu,Thirupur,Dharapuram(Uzhavar Sandhai ),Beetroot,Beetroot,Local,10/08/2026,4000,9000,6500
Tamil Nadu,Thirupur,Dharapuram(Uzhavar Sandhai ),Ridgeguard(Tori),Ridgeguard(Tori),Local,10/08/2026,5000,5500,5250
Tamil Nadu,Thirupur,Palladam(Uzhavar Sandhai ),Brinjal,Other,Local,10/08/2026,3500,4000,3750
Tamil Nadu,Thirupur,Palladam(Uzhavar Sandhai ),Banana,Karpura,Local,10/08/2026,4000,5000,4500
Tamil Nadu,Thirupur,Palladam(Uzhavar Sandhai ),Bitter gourd,Other,Local,10/08/2026,4000,5000,4500
Tamil Nadu,Thirupur,Palladam(Uzhavar Sandhai ),Beans,Beans (Whole),Local,10/08/2026,9500,10000,9750
Tamil Nadu,Thirupur,Palladam(Uzhavar Sandhai ),Carrot,Pusakesar,Local,10/08/2026,9000,9400,9200
Tamil Nadu,Thirupur,Palladam(Uzhavar Sandhai ),Ridgeguard(Tori),Ridgeguard(Tori),Local,10/08/2026,3500,4000,3750
Andhra Pradesh,YSR Kadapa,Simhadhripuram APMC,Maize,Hybrid/Local,FAQ,10/08/2026,2000,2200,2100
Telangana,Ranga Reddy,"Saroornagar,RBZ",Cabbage,Other,Medium,10/08/2026,1600,1600,1600
Telangana,Ranga Reddy,"Saroornagar,RBZ",Carrot,Other,Medium,10/08/2026,4000,4000,4000
Telangana,Ranga Reddy,"Saroornagar,RBZ",Cluster beans,Cluster Beans,Medium,10/08/2026,3500,3500,3500
Telangana,Ranga Reddy,"Saroornagar,RBZ",Cucumbar(Kheera),Cucumbar,Medium,10/08/2026,1300,1300,1300
Telangana,Ranga Reddy,"Saroornagar,RBZ",Colacasia,Colacasia,Medium,10/08/2026,2600,2600,2600
Telangana,Ranga Reddy,"Saroornagar,RBZ",Field Bean(Anumulu),Field Bean(Anumulu),Grade B,10/08/2026,5000,5000,5000
Telangana,Ranga Reddy,"Saroornagar,RBZ",Drumstick,Drumstick,Medium,10/08/2026,4000,4000,4000
Telangana,Ranga Reddy,"Saroornagar,RBZ",Beetroot,Beetroot,Medium,10/08/2026,3200,3200,3200
Uttar Pradesh,Ghaziabad,Hapur APMC,Wheat,Other,FAQ,10/08/2026,2590,2600,2598.56
Uttar Pradesh,Hathras,Haathras APMC,Ginger(Green),Other,FAQ,10/08/2026,12000,12000,12000
Uttar Pradesh,Amethi,Jafarganj APMC,Mahua,Other,FAQ,10/08/2026,2000,2000,2000
Uttar Pradesh,Amethi,Jafarganj APMC,gulli,Other,FAQ,10/08/2026,4000,4000,4000
Uttar Pradesh,Fatehpur,Jahanabad APMC,Wood,Other,FAQ,10/08/2026,450,450,450
Uttar Pradesh,Raebarelli,Jayas APMC,Wheat,Dara,FAQ,10/08/2026,2400,2630,2461.91
Uttar Pradesh,Raebarelli,Jayas APMC,Paddy(Common),Common,FAQ,10/08/2026,3000,3000,3000
Uttar Pradesh,Raebarelli,Jayas APMC,Garlic,Other,FAQ,10/08/2026,5000,5000,5000
Uttar Pradesh,Jalaun (Orai),Jalaun APMC,Ridgeguard(Tori),Ridgeguard(Tori),FAQ,10/08/2026,1200,1200,1200
Uttar Pradesh,Jalaun (Orai),Jalaun APMC,Pointed gourd(Parval),Pointed gourd (Parval),FAQ,10/08/2026,2000,2500,2500
Uttar Pradesh,Ghazipur,Jangipura APMC,Green Gram(Moong)(Whole),Other,FAQ,10/08/2026,6000,6000,6000
Uttar Pradesh,Prayagraj,Jasra APMC,Wood,Other,FAQ,10/08/2026,350,600,428.29
Uttar Pradesh,Mathura,Kosikalan APMC,Wheat,Dara,FAQ,10/08/2026,2590,2613,2605.79
Uttar Pradesh,Mathura,Kosikalan APMC,Paddy(Common),Basmati,FAQ,10/08/2026,3000,3300,3189.89
Uttar Pradesh,Prayagraj,Lediyari APMC,Wood,Other,FAQ,10/08/2026,400,500,466.26
Uttar Pradesh,Baghpat,Khekda APMC,Potato,Other,FAQ,10/08/2026,800,1000,868.57
Uttar Pradesh,Baghpat,Khekda APMC,Onion,Other,FAQ,10/08/2026,2000,2000,2000
Uttar Pradesh,Bulandshahar,Khurja APMC,Ginger(Green),Other,FAQ,10/08/2026,6000,6000,6000
Uttar Pradesh,Bijnor,Kiratpur APMC,Gur(Jaggery),Other,FAQ,10/08/2026,4000,4200,4184.33
Uttar Pradesh,Bijnor,Kiratpur APMC,Green Chilli,Other,FAQ,10/08/2026,3500,3500,3500
Uttar Pradesh,Fatehpur,Kishunpur APMC,Rice,Other,FAQ,10/08/2026,2400,2400,2400
Uttar Pradesh,Jalaun (Orai),Konch APMC,Bottle gourd,Bottle Gourd,FAQ,10/08/2026,1000,1100,1050
Uttar Pradesh,Jalaun (Orai),Konch APMC,Wheat,Other,FAQ,10/08/2026,2500,2500,2500
Uttar Pradesh,Hamirpur,Kurara APMC,Wheat,Other,FAQ,10/08/2026,2400,2400,2400
Uttar Pradesh,Hardoi,Madhoganj APMC,Groundnut,Other,FAQ,10/08/2026,6000,7000,6730.19
Uttar Pradesh,Hardoi,Madhoganj APMC,Wheat,Dara,FAQ,10/08/2026,2430,2550,2485.16
Uttar Pradesh,Sitapur,Mehmoodabad APMC,Broken Rice,Broken Rice,FAQ,10/08/2026,2000,2100,2057.7
Uttar Pradesh,Sitapur,Mehmoodabad APMC,Mustard,Other,FAQ,10/08/2026,6500,6510,6503.7
Uttar Pradesh,Sitapur,Mehmoodabad APMC,Mentha Oil,Other,FAQ,10/08/2026,123000,130000,129923.08
Uttar Pradesh,Sitapur,Mehmoodabad APMC,Wood,Other,FAQ,10/08/2026,450,450,450
Uttar Pradesh,Sitapur,Mehmoodabad APMC,Wood,Eucalyptus,FAQ,10/08/2026,530,530,530
Uttar Pradesh,Sitapur,Mehmoodabad APMC,Firewood,Firewood,FAQ,10/08/2026,575,575,575
Uttar Pradesh,Mathura,Mathura APMC,Potato,Other,FAQ,10/08/2026,500,850,521.4
Uttar Pradesh,Mathura,Mathura APMC,Tomato,Other,FAQ,10/08/2026,1600,2000,1706.67
Uttar Pradesh,Mathura,Mathura APMC,Lemon,Other,FAQ,10/08/2026,4000,4000,4000
Uttar Pradesh,Mathura,Mathura APMC,Ginger(Green),Other,FAQ,10/08/2026,12000,12000,12000
Uttar Pradesh,Mathura,Mathura APMC,Green Chilli,Other,FAQ,10/08/2026,2200,5000,3041.13
Bihar,Muzaffarpur,Bhagwanpur Mandi APMC,Brinjal,Arkasheela Mattigulla,FAQ,10/08/2026,2200,2200,2200
Bihar,Muzaffarpur,Bhagwanpur Mandi APMC,Onion,1st Sort,FAQ,10/08/2026,2600,2600,2600
Tamil Nadu,Kallakuruchi,Kallakurichi(Uzhavar Sandhai ),Mango,Other,Local,10/08/2026,4000,4000,4000
Tamil Nadu,Kallakuruchi,Kallakurichi(Uzhavar Sandhai ),Potato,Red Nanital,Local,10/08/2026,3500,3500,3500
Tamil Nadu,Kallakuruchi,Kallakurichi(Uzhavar Sandhai ),Garlic,Garlic,Local,10/08/2026,31000,31000,31000
Tamil Nadu,Kallakuruchi,Kallakurichi(Uzhavar Sandhai ),Brinjal,Other,Local,10/08/2026,7000,7000,7000
Tamil Nadu,Kallakuruchi,Kallakurichi(Uzhavar Sandhai ),Chikoos(Sapota),Sapota,Local,10/08/2026,5000,5000,5000
Tamil Nadu,Kallakuruchi,Kallakurichi(Uzhavar Sandhai ),Beans,Beans (Whole),Local,10/08/2026,11000,11000,11000
Tamil Nadu,Kallakuruchi,Kallakurichi(Uzhavar Sandhai ),Coconut,Coconut,Local,10/08/2026,6000,6000,6000
Tamil Nadu,Kallakuruchi,Kallakurichi(Uzhavar Sandhai ),Cabbage,Cabbage,Local,10/08/2026,5000,5000,5000
Tamil Nadu,Kallakuruchi,Kallakurichi(Uzhavar Sandhai ),Beetroot,Beetroot,Local,10/08/2026,6000,6000,6000
Tamil Nadu,Kallakuruchi,Kallakurichi(Uzhavar Sandhai ),Marigold(Calcutta),Marigold(Calcutta),Local,10/08/2026,40000,40000,40000
Tamil Nadu,Kallakuruchi,Kallakurichi(Uzhavar Sandhai ),Rose(Local),Rose (Local),Local,10/08/2026,30000,30000,30000
Punjab,Gurdaspur,Gurdaspur APMC,Bitter gourd,Other,Grade A,10/08/2026,3200,3200,3200
Punjab,Gurdaspur,Gurdaspur APMC,Brinjal,Other,Grade A,10/08/2026,1500,1500,1500
Punjab,Gurdaspur,Gurdaspur APMC,Cauliflower,Other,Grade A,10/08/2026,3500,3500,3500
Punjab,Gurdaspur,Gurdaspur APMC,Tomato,Other,Grade A,10/08/2026,2000,2000,2000
Gujarat,Bharuch,Ankleshwar APMC,Bitter gourd,Bitter Gourd,Grade A,10/08/2026,3000,4500,4000
Gujarat,Bharuch,Ankleshwar APMC,Ginger(Green),Green Ginger,Grade A,10/08/2026,6000,10000,8000
Himachal Pradesh,Kullu,PMY Kullu,Tomato,Other,FAQ,10/08/2026,2000,2200,2100
Himachal Pradesh,Kullu,PMY Kullu,Cabbage,Other,FAQ,10/08/2026,1800,2000,1900
Himachal Pradesh,Kullu,PMY Kullu,Cucumbar(Kheera),Other,FAQ,10/08/2026,1800,2000,1900
Himachal Pradesh,Kullu,PMY Kullu,Peas Wet,Other,Medium,10/08/2026,9000,10000,9500
Himachal Pradesh,Kullu,PMY Kullu,Bitter gourd,Other,FAQ,10/08/2026,2500,3000,2800
Himachal Pradesh,Kullu,PMY Kullu,Ginger(Green),Other,FAQ,10/08/2026,14000,16000,15000
Himachal Pradesh,Kullu,PMY Kullu,Coriander(Leaves),Other,FAQ,10/08/2026,10000,13000,11000
Himachal Pradesh,Kullu,PMY Kullu,Garlic,Other,FAQ,10/08/2026,16000,18000,17000
Himachal Pradesh,Kullu,PMY Kullu,Green Chilli,Other,FAQ,10/08/2026,6000,7000,6500
Himachal Pradesh,Kullu,PMY Kullu,Papaya,Other,Medium,10/08/2026,5000,5500,5200
Himachal Pradesh,Kullu,PMY Kullu,Beetroot,Beetroot,FAQ,10/08/2026,3500,4000,3800
Tamil Nadu,Thirupathur,Natrampalli(Uzhavar Sandhai ),Potato,Red Nanital,Local,10/08/2026,3000,3000,3000
Tamil Nadu,Thirupathur,Natrampalli(Uzhavar Sandhai ),Garlic,Garlic,Local,10/08/2026,25000,30000,27500
Tamil Nadu,Thirupathur,Natrampalli(Uzhavar Sandhai ),Cluster beans,Cluster Beans,Local,10/08/2026,3000,4000,3500
Tamil Nadu,Thirupathur,Natrampalli(Uzhavar Sandhai ),Green Chilli,Green Chilly,Local,10/08/2026,7000,8000,7500
Tamil Nadu,Thirupathur,Natrampalli(Uzhavar Sandhai ),Snakeguard,Snakeguard,Local,10/08/2026,3000,4000,3500
Tamil Nadu,Thirupathur,Natrampalli(Uzhavar Sandhai ),Beetroot,Beetroot,Local,10/08/2026,5000,6000,5500
Tamil Nadu,Thirupathur,Natrampalli(Uzhavar Sandhai ),Raddish,Raddish,Local,10/08/2026,2500,3000,2750
Andhra Pradesh,Vijayanagaram,Chipurupalli APMC,Maize,Local,FAQ,10/08/2026,4800,4800,4800
Andhra Pradesh,Kurnool,Mantralayam APMC,Groundnut,Bold Kernel,FAQ,10/08/2026,3169,9000,7569
Andhra Pradesh,Srikakulam,Hiramandalam APMC,Maize,Medium,Local,10/08/2026,2210,2210,2210
Uttar Pradesh,Jaunpur,Mugrabaadshahpur APMC,Paddy(Common),Common,FAQ,10/08/2026,3000,3000,3000
Uttar Pradesh,Jaunpur,Mugrabaadshahpur APMC,Paddy(Common),Other,FAQ,10/08/2026,2900,2900,2900
Uttar Pradesh,Hamirpur,Muskara APMC,Firewood,Firewood,FAQ,10/08/2026,400,400,400
Rajasthan,Tonk,Tonk APMC,Mustard,Mustard,FAQ,10/08/2026,7970,7970,7970
Andhra Pradesh,Anakapally,Madugula APMC,Cashewnuts,Local,Local,10/08/2026,8000,12000,10000
Andhra Pradesh,Dr.B.R.A.Konaseema,Ravulapalem (Kothapeta APMC),Banana,Bhushavali(Pacha),Local,10/08/2026,1900,2400,2200
Andhra Pradesh,Palnadu,Macharla APMC,Cotton,Bunny,Grade Range-1,10/08/2026,8050,8050,8050
Andhra Pradesh,Ananthapuramu,Gooti APMC,Red gram/Arhar/Tur(whole),Local,Grade Range-1,10/08/2026,4800,6350,5900
Andhra Pradesh,Parvathipuram Manyam,Kurupam APMC,Maize,Local,Local,10/08/2026,2400,2400,2400
Andhra Pradesh,Eluru,Polavaram APMC,Paddy(Common),1001,Local,10/08/2026,2445,2445,2445
Andhra Pradesh,Parvathipuram Manyam,Palakonda APMC,Cashewnuts,Local(Raw),FAQ,10/08/2026,12000,12000,12000
Uttar Pradesh,Gonda,Nawabganj APMC,Green Chilli,Other,FAQ,10/08/2026,6000,6000,6000
Uttar Pradesh,Gonda,Nawabganj APMC,Paddy(Common),Common,FAQ,10/08/2026,2900,2900,2900
Andhra Pradesh,Guntur,Ponnur APMC,Black Gram(Urd Beans)(Whole),Black Gram (Whole),Grade Range-1,10/08/2026,9800,10000,9900
Andhra Pradesh,Ananthapuramu,RAYADURG APMC,Maize,Local,Grade Range-1,10/08/2026,2200,2700,2400
Andhra Pradesh,Srikakulam,Srikakulam APMC,Paddy(Common),1001,FAQ,10/08/2026,2400,2400,2400
Andhra Pradesh,Anakapally,Payakaraopeta APMC,Cashewnuts,Local(Raw),Local,10/08/2026,10500,11500,11000
Andhra Pradesh,Krishna,Pedana APMC,Paddy(Common),NO. 2716,Local,10/08/2026,2369,2400,2380
Andhra Pradesh,Kakinada,Tuni APMC,Cashewnuts,Local(Raw),FAQ,10/08/2026,13000,13000,13000
Andhra Pradesh,West Godavari,Tanuku APMC,Paddy(Common),1001,Local,10/08/2026,2445,2445,2445
Andhra Pradesh,Guntur,Duggirala APMC,Turmeric,Finger,Local,10/08/2026,14725,14725,14725
Uttar Pradesh,Lakhimpur,Paliakala APMC,Paddy(Common),Common,FAQ,10/08/2026,1650,1700,1691.18
Uttar Pradesh,Lakhimpur,Paliakala APMC,Broken Rice,Broken Rice,FAQ,10/08/2026,2065,2075,2070.62
Tripura,South Tripura,Kalsi APMC,Bitter gourd,Other,FAQ,10/08/2026,3000,3150,3080
Tripura,South Tripura,Kalsi APMC,Brinjal,Other,FAQ,10/08/2026,1850,2000,1970
Haryana,Mahendragarh-Narnaul,Mohindergarh APMC,Brinjal,Brinjal,FAQ,10/08/2026,900,1200,1000
Haryana,Mahendragarh-Narnaul,Mohindergarh APMC,Capsicum,Capsicum,FAQ,10/08/2026,2500,3000,3000
Uttar Pradesh,Shravasti,Payagpur APMC,Wheat,Dara,FAQ,10/08/2026,2425,2425,2425
Uttar Pradesh,Shravasti,Payagpur APMC,Wood,Other,FAQ,10/08/2026,500,500,500
Uttar Pradesh,Shravasti,Payagpur APMC,Wheat,Other,FAQ,10/08/2026,2450,2450,2450
Odisha,Khurda,Jatni APMC,Brinjal,Other,Grade B,10/08/2026,3550,3650,3550
Andhra Pradesh,Polavaram,Rampachodvaram APMC,Paddy(Common),1001,FAQ,10/08/2026,2369,2389,2379
Uttar Pradesh,Pratapgarh,Pratapgarh APMC,Green Gram(Moong)(Whole),Other,FAQ,10/08/2026,6500,6500,6500
Tamil Nadu,Salem,Athur(Uzhavar Sandhai ),Tomato,Local,Local,10/08/2026,1500,2000,1750
Tamil Nadu,Salem,Athur(Uzhavar Sandhai ),Onion,Bellary,Local,10/08/2026,3500,4200,3850
Tamil Nadu,Salem,Athur(Uzhavar Sandhai ),Papaya,Papaya,Local,10/08/2026,2500,3000,2750
Tamil Nadu,Salem,Athur(Uzhavar Sandhai ),Amaranthus,Amaranthus,Local,10/08/2026,2000,2500,2250
Tamil Nadu,Salem,Athur(Uzhavar Sandhai ),Green Chilli,Green Chilly,Local,10/08/2026,4800,5000,4900
Tamil Nadu,Salem,Athur(Uzhavar Sandhai ),Carrot,Pusakesar,Local,10/08/2026,8000,10500,9250
Tamil Nadu,Salem,Athur(Uzhavar Sandhai ),Green Avare(W),Green Avare (W),Local,10/08/2026,8000,8500,8250
Tamil Nadu,Salem,Athur(Uzhavar Sandhai ),Drumstick,Drumstick,Local,10/08/2026,1500,2000,1750
Tamil Nadu,Salem,Athur(Uzhavar Sandhai ),Tender Coconut,Tender Coconut,Local,10/08/2026,2500,3000,2750
Tamil Nadu,Theni,Periyakulam(Uzhavar Sandhai ),Cluster beans,Cluster Beans,Local,10/08/2026,3200,3400,3300
Tamil Nadu,Theni,Periyakulam(Uzhavar Sandhai ),Onion,Bellary,Local,10/08/2026,3600,3800,3700
Tamil Nadu,Theni,Periyakulam(Uzhavar Sandhai ),Potato,Other,Local,10/08/2026,2400,2600,2500
Tamil Nadu,Theni,Periyakulam(Uzhavar Sandhai ),Bitter gourd,Other,Local,10/08/2026,4000,4200,4100
Tamil Nadu,Theni,Periyakulam(Uzhavar Sandhai ),Coriander(Leaves),I Sort,Local,10/08/2026,3600,3800,3700
Tamil Nadu,Theni,Periyakulam(Uzhavar Sandhai ),Banana - Green,Banana - Green,Local,10/08/2026,3000,3500,3250
Tamil Nadu,Theni,Periyakulam(Uzhavar Sandhai ),Raddish,Raddish,Local,10/08/2026,2400,2600,2500
Tamil Nadu,Virudhunagar,Srivilliputhur(Uzhavar Sandhai ),Coriander(Leaves),I Sort,Local,10/08/2026,5000,6000,5500
Tamil Nadu,Virudhunagar,Srivilliputhur(Uzhavar Sandhai ),Banana,Besrai,Local,10/08/2026,3500,4000,3750
Tamil Nadu,Virudhunagar,Srivilliputhur(Uzhavar Sandhai ),Ashgourd,Gouard,Local,10/08/2026,2500,3000,2750
Tamil Nadu,Virudhunagar,Srivilliputhur(Uzhavar Sandhai ),Pumpkin,Pumpkin,Local,10/08/2026,2500,3000,2750
Tamil Nadu,Virudhunagar,Srivilliputhur(Uzhavar Sandhai ),Ginger(Green),Green Ginger,Local,10/08/2026,19000,20000,19500
Tamil Nadu,Virudhunagar,Srivilliputhur(Uzhavar Sandhai ),Snakeguard,Snakeguard,Local,10/08/2026,2500,3000,2750
Tamil Nadu,Virudhunagar,Srivilliputhur(Uzhavar Sandhai ),Tender Coconut,Tender Coconut,Local,10/08/2026,2000,2500,2250
Tamil Nadu,Virudhunagar,Srivilliputhur(Uzhavar Sandhai ),Elephant Yam(Suran)/Amorphophallus,Elephant Yam (Suran),Local,10/08/2026,4500,5000,4750
Tamil Nadu,Virudhunagar,Srivilliputhur(Uzhavar Sandhai ),Lemon,Lemon,Local,10/08/2026,7000,8000,7500
Punjab,Ludhiana,Machhiwara APMC,Onion,Other,FAQ,10/08/2026,2500,3000,2800
Punjab,Ludhiana,Machhiwara APMC,Tomato,Local,FAQ,10/08/2026,2500,3000,2700
Uttar Pradesh,Kanpur Dehat,Rura APMC,Rice,Common,FAQ,10/08/2026,2360,2360,2360
Uttar Pradesh,Prayagraj,Prayagraj APMC,Onion,Other,FAQ,10/08/2026,900,900,900
Uttar Pradesh,Prayagraj,Prayagraj APMC,Wood,Other,FAQ,10/08/2026,450,620,498.79
Uttar Pradesh,Prayagraj,Prayagraj APMC,Broken Rice,Broken Rice,FAQ,10/08/2026,1850,1850,1850
Uttar Pradesh,Prayagraj,Prayagraj APMC,Potato,Other,FAQ,10/08/2026,700,700,700
Uttar Pradesh,Prayagraj,Prayagraj APMC,Makhana(Foxnut),Other,FAQ,10/08/2026,40000,40000,40000
Uttar Pradesh,Pillibhit,Puranpur APMC,Maize,Other,FAQ,10/08/2026,2200,2200,2200
Uttar Pradesh,Raebarelli,Raibareilly APMC,Wheat,Dara,FAQ,10/08/2026,2405,2600,2529.17
Uttar Pradesh,Raebarelli,Raibareilly APMC,Wood,Eucalyptus,FAQ,10/08/2026,550,600,555.4
Uttar Pradesh,Raebarelli,Raibareilly APMC,Rice,Common,FAQ,10/08/2026,2400,2500,2469.88
Uttar Pradesh,Rampur,Rampur APMC,Onion,Other,FAQ,10/08/2026,1500,1560,1506.32
Uttar Pradesh,Rampur,Rampur APMC,Mentha Oil,Other,FAQ,10/08/2026,121800,122500,122107.41
Uttar Pradesh,Rampur,Rampur APMC,Wood,Eucalyptus,FAQ,10/08/2026,650,680,668.75
Uttar Pradesh,Sonbhadra,Robertsganj APMC,Barley(Jau),Other,FAQ,10/08/2026,2000,2200,2171.43
Uttar Pradesh,Sonbhadra,Robertsganj APMC,Green Gram(Moong)(Whole),Other,FAQ,10/08/2026,6200,6200,6200
Uttar Pradesh,Ayodhya,Rudauli APMC,Wheat,Dara,FAQ,10/08/2026,2425,2650,2530.88
Uttar Pradesh,Barabanki,Safdarganj APMC,Maize,Other,FAQ,10/08/2026,2150,2150,2150
Uttar Pradesh,Siddharth Nagar,Sahiyapur APMC,Paddy(Common),Common,FAQ,10/08/2026,3100,3100,3100
Uttar Pradesh,Raebarelli,Salon APMC,Potato,Other,FAQ,10/08/2026,700,700,700
Punjab,Bhatinda,Maur APMC,Cucumbar(Kheera),Cucumbar,Grade B,10/08/2026,2000,2500,2300
Uttar Pradesh,Prayagraj,Sirsa APMC,Firewood,Firewood,FAQ,10/08/2026,350,350,350
Uttar Pradesh,Jaunpur,Shahganj APMC,Wheat,Other,FAQ,10/08/2026,2400,2600,2523.25
Rajasthan,Rajsamand,Rajsamand APMC,Potato,Potato,FAQ,10/08/2026,500,900,700
Uttar Pradesh,Hathras,Sikandraraau APMC,Rice,Other,FAQ,10/08/2026,2210,2215,2212.4
Odisha,Deogarh,Deogarh APMC,Pumpkin,Pumpkin,Grade A,10/08/2026,2200,2800,2500
Odisha,Deogarh,Deogarh APMC,Cauliflower,Cauliflower,Grade A,10/08/2026,5000,5600,5300
Odisha,Deogarh,Deogarh APMC,Pointed gourd(Parval),Other,Grade A,10/08/2026,4500,5100,4800
Punjab,Moga,Dharamkot APMC,Colacasia,Other,Grade A,10/08/2026,1800,1800,1800
Punjab,Moga,Dharamkot APMC,Brinjal,Other,Grade A,10/08/2026,1600,1600,1600
Punjab,Moga,Dharamkot APMC,Green Chilli,Other,Grade A,10/08/2026,3000,3000,3000
Punjab,Ferozpur,Makhu APMC,Bhindi(Ladies Finger),Bhindi,Medium,10/08/2026,2600,2600,2600
Punjab,Ludhiana,Sahnewal APMC,Bhindi(Ladies Finger),Bhindi,FAQ,10/08/2026,2600,2600,2600
Odisha,Khurda,Balugaon APMC,Onion,Other,Grade A,10/08/2026,2600,2600,2600
Odisha,Dhenkanal,Kamakhyanagar APMC,Bhindi(Ladies Finger),Bhindi,Grade A,10/08/2026,6000,6000,6000
Odisha,Dhenkanal,Kamakhyanagar APMC,Brinjal,Brinjal,Grade A,10/08/2026,8000,8000,8000
Odisha,Dhenkanal,Kamakhyanagar APMC,Pointed gourd(Parval),Other,Grade A,10/08/2026,8000,8000,8000
Uttar Pradesh,Badaun,Bisoli APMC,Maize,Other,FAQ,10/08/2026,1900,2020,1918.34
Uttar Pradesh,Amethi,Sultanpur APMC,Firewood,Firewood,FAQ,10/08/2026,325,555,434.72
Uttar Pradesh,Amethi,Sultanpur APMC,Wood,Other,FAQ,10/08/2026,450,600,469.59
Uttar Pradesh,Khiri (Lakhimpur),Tikonia APMC,Khandsari(Desi Khand),Other,FAQ,10/08/2026,4600,4600,4600
Uttar Pradesh,Ambedkarnagar,Tanda Akbarpur APMC,Wood,Eucalyptus,FAQ,10/08/2026,500,500,500
Uttar Pradesh,Firozabad,Tundla APMC,Maize,Other,FAQ,10/08/2026,1900,2000,1949.09
Uttar Pradesh,Badaun,Ujhani APMC,Potato,Other,FAQ,10/08/2026,640,640,640
Uttar Pradesh,Badaun,Ujhani APMC,Wood,Other,FAQ,10/08/2026,500,500,500
Uttar Pradesh,Unnao,Unnao APMC,Rice,Common,FAQ,10/08/2026,2550,2700,2640
Uttar Pradesh,Unnao,Unnao APMC,Wood,Other,FAQ,10/08/2026,450,580,488.02
Uttar Pradesh,Kanpur,Uttaripura APMC,Maize,Other,FAQ,10/08/2026,1900,1900,1900
Uttar Pradesh,Hardoi,Sandila APMC,Wheat,Dara Mill Quality,FAQ,10/08/2026,2450,2450,2450
Tripura,Sepahijala,Sonamura APMC,Bhindi(Ladies Finger),Bhindi,Medium,10/08/2026,4000,4200,4100
Tripura,Sepahijala,Sonamura APMC,Tomato,Hybrid,Medium,10/08/2026,4000,4500,4100
Tripura,Sepahijala,Sonamura APMC,Pointed gourd(Parval),Pointed gourd (Parval),Medium,10/08/2026,3500,3700,3600
Assam,Sonitpur,Dhekiajuli APMC,Cabbage,Cabbage,FAQ,10/08/2026,2400,2600,2600
Nagaland,Wokha,Wokha Town APMC,Plum,Other,Local,10/08/2026,6000,6500,6300
Punjab,Ferozpur,Zira APMC,Cauliflower,Other,Local,10/08/2026,5000,5000,5000
Nagaland,Tsemenyu,Tsemenyu APMC,Cucumbar(Kheera),Cucumber-Organic,Local,10/08/2026,3500,3500,3500
Nagaland,Tsemenyu,Tsemenyu APMC,Yam(Ratalu),Yam (Ratalu),Local,10/08/2026,4000,4000,4000
West Bengal,Kolkata,Sealdah Koley Market APMC,Bitter gourd,Other,FAQ,10/08/2026,3500,4000,4000
West Bengal,Kolkata,Sealdah Koley Market APMC,Cabbage,Other,FAQ,10/08/2026,3000,3600,3200
West Bengal,Kolkata,Sealdah Koley Market APMC,Green Chilli,Other,FAQ,10/08/2026,6000,7000,6000
Odisha,Sonepur,Birmaharajpur APMC,Potato,Other,Local,10/08/2026,1550,1750,1650
Punjab,Sangrur,Bhawanigarh APMC,Raddish,Other,Medium,10/08/2026,2000,2200,2100
Punjab,Sangrur,Bhawanigarh APMC,Spinach,Other,Local,10/08/2026,1600,2000,1800
Punjab,Sangrur,Bhawanigarh APMC,Mango,Other,Medium,10/08/2026,4000,4500,4250
Punjab,Sangrur,Bhawanigarh APMC,Pineapple,Other,Medium,10/08/2026,6500,7000,6750
Punjab,Sangrur,Bhawanigarh APMC,Grapes,Green,Medium,10/08/2026,15000,15000,15000
Punjab,Sangrur,Bhawanigarh APMC,Pomegranate,Other,Medium,10/08/2026,13000,13000,13000
Punjab,Sangrur,Bhawanigarh APMC,Water Melon,Other,Medium,10/08/2026,1500,1700,1600
Punjab,Sangrur,Bhawanigarh APMC,Lemon,Other,Local,10/08/2026,12000,13000,12500
Punjab,Sangrur,Bhawanigarh APMC,Cucumbar(Kheera),Other,Medium,10/08/2026,1300,3900,2600
Odisha,Kalahandi,Mukhiguda APMC,Bottle gourd,Bottle Gourd,Grade B,10/08/2026,2000,3000,2500
West Bengal,North 24 Parganas,Habra APMC,Masur Dal,Masur Dal,FAQ,10/08/2026,10500,10500,10500
West Bengal,Murshidabad,Jangipur APMC,Rice,Common,FAQ,10/08/2026,4800,5000,4900
West Bengal,Murshidabad,Jangipur APMC,Onion,Bellary,FAQ,10/08/2026,2100,2250,2200
Rajasthan,Ajmer,Ajmer(F&V) APMC,Ginger(Green),Other,Medium,10/08/2026,4500,8500,6500
Rajasthan,Ajmer,Ajmer(F&V) APMC,Mango,Other,Medium,10/08/2026,5000,6000,5800
Rajasthan,Ajmer,Ajmer(F&V) APMC,Papaya,Other,Medium,10/08/2026,2000,3000,2500
West Bengal,Bankura,Khatra APMC,Sweet Pumpkin,Sweet Pumpkin,FAQ,10/08/2026,1500,1900,1600
West Bengal,Paschim Bardhaman,Durgapur APMC,Masur Dal,Masur Dal,FAQ,10/08/2026,9650,9850,9765
West Bengal,Paschim Bardhaman,Durgapur APMC,Cabbage,Other,FAQ,10/08/2026,1750,1900,1850
West Bengal,Paschim Bardhaman,Durgapur APMC,Onion,Nasik,FAQ,10/08/2026,2600,2850,2750
Uttar Pradesh,Prayagraj,Ajuha APMC,Firewood,Firewood,FAQ,10/08/2026,500,500,500
Uttar Pradesh,Kanpur,Baripaal APMC,Bottle gourd,Bottle Gourd,Medium,10/08/2026,700,800,750
Uttar Pradesh,Kanpur,Baripaal APMC,Wheat,Dara,FAQ,10/08/2026,2500,2520,2513.33
Uttar Pradesh,Kanpur,Baripaal APMC,Apple,Other,Medium,10/08/2026,5400,6200,5800
Uttar Pradesh,Kanpur,Baripaal APMC,Pomegranate,Pomogranate,Medium,10/08/2026,6000,6500,6200
Uttar Pradesh,Kanpur,Baripaal APMC,Brinjal,Brinjal,Medium,10/08/2026,1200,1600,1400
Andhra Pradesh,Chittor,Bangarupalyam APMC,Mango,Neelam,Grade B,10/08/2026,2500,3500,3000
Tripura,Sepahijala,Boxonagar,Brinjal,Round/Long,Medium,10/08/2026,4300,4600,4500
Tripura,Sepahijala,Boxonagar,Pointed gourd(Parval),Other,Medium,10/08/2026,3000,3500,3200
Tamil Nadu,Coimbatore,Vadavalli(Uzhavar Sandhai ),Onion,Bellary,Local,10/08/2026,3200,3600,3400
Tamil Nadu,Coimbatore,Vadavalli(Uzhavar Sandhai ),Water Melon,Water Melon,Local,10/08/2026,2200,2500,2350
Tamil Nadu,Coimbatore,Vadavalli(Uzhavar Sandhai ),Banana,Red Banana,Local,10/08/2026,7500,8000,7750
Tamil Nadu,Coimbatore,Vadavalli(Uzhavar Sandhai ),Green Chilli,Green Chilly,Local,10/08/2026,4000,4600,4300
Tamil Nadu,Coimbatore,Vadavalli(Uzhavar Sandhai ),Coconut,Coconut,Local,10/08/2026,5600,6000,5800
Tamil Nadu,Coimbatore,Vadavalli(Uzhavar Sandhai ),Green Avare(W),Other,Local,10/08/2026,6000,6800,6400
Tamil Nadu,Coimbatore,Vadavalli(Uzhavar Sandhai ),Pomegranate,Pomogranate,Local,10/08/2026,14000,17000,15500
Tamil Nadu,Coimbatore,Vadavalli(Uzhavar Sandhai ),Elephant Yam(Suran)/Amorphophallus,Elephant Yam (Suran),Local,10/08/2026,3400,3800,3600
Tamil Nadu,Coimbatore,Vadavalli(Uzhavar Sandhai ),Pear(Marasebu),Pears,Local,10/08/2026,13500,14500,14000
Tamil Nadu,Coimbatore,Vadavalli(Uzhavar Sandhai ),Baby Corn,Baby Corn,Grade A,10/08/2026,2500,3000,2750
Tamil Nadu,Coimbatore,Vadavalli(Uzhavar Sandhai ),Sweet Corn ,Sweet Corn ,Local,10/08/2026,3500,4000,3750
Tripura,Gomati,Nutanbazar APMC,Cucumbar(Kheera),Cucumbar,FAQ,10/08/2026,5850,6000,5950
Tripura,Gomati,Nutanbazar APMC,Pointed gourd(Parval),Pointed gourd (Parval),FAQ,10/08/2026,7850,8000,7950
Gujarat,Rajkot,Jetpur(Dist.Rajkot) APMC,Wheat,Lokwan,FAQ,10/08/2026,2250,2650,2555
Gujarat,Rajkot,Jetpur(Dist.Rajkot) APMC,Groundnut(Split),Groundnut(Split),FAQ,10/08/2026,7250,8905,8500
Gujarat,Rajkot,Jetpur(Dist.Rajkot) APMC,"Sesamum(Sesame,Gingelly,Til)",Sesame,FAQ,10/08/2026,9000,12430,11500
Keralam,Wayanad,Pulpally Market,Banana - Green,Other,Local,10/08/2026,2200,2400,2300
Keralam,Wayanad,Pulpally Market,Ashgourd,Ashgourd,Local,10/08/2026,1600,1800,1700
Keralam,Wayanad,Pulpally Market,Bitter gourd,Other,Local,10/08/2026,3400,3600,3500
Keralam,Wayanad,Pulpally Market,Brinjal,Other,Local,10/08/2026,1600,1800,1700
Keralam,Wayanad,Pulpally Market,Ginger(Green),Green Ginger,Local,10/08/2026,5700,5900,5800
West Bengal,Purba Bardhaman,Memari APMC,Potato,Jyoti,FAQ,10/08/2026,800,840,820
West Bengal,Purba Bardhaman,Memari APMC,Tomato,Tomato,FAQ,10/08/2026,2600,2800,2700
West Bengal,Darjeeling,Darjeeling APMC,Tomato,Other,FAQ,10/08/2026,3800,4000,3900
Himachal Pradesh,Mandi,PMY Kangni Mandi,Apple,Apple,Grade B,10/08/2026,4500,20000,15000
Himachal Pradesh,Mandi,PMY Kangni Mandi,Pear(Marasebu),Pears,Grade B,10/08/2026,5500,6000,6000
Himachal Pradesh,Mandi,PMY Kangni Mandi,Mango,Chausa,Grade B,10/08/2026,5000,11500,8500
Himachal Pradesh,Mandi,PMY Kangni Mandi,Water Melon,Water Melon,Grade B,10/08/2026,3500,4000,3800
Himachal Pradesh,Mandi,PMY Kangni Mandi,Brinjal,Brinjal,Grade B,10/08/2026,1500,2000,1800
Himachal Pradesh,Mandi,PMY Kangni Mandi,French Beans(Frasbean),French Beans (Frasbean),Grade B,10/08/2026,2500,6500,4000
Himachal Pradesh,Mandi,PMY Kangni Mandi,Ginger(Green),Green Ginger,Grade B,10/08/2026,6500,15000,10000
Himachal Pradesh,Mandi,PMY Kangni Mandi,Pumpkin,Pumpkin,Grade B,10/08/2026,1200,2000,1500
Andhra Pradesh,YSR Kadapa,Jammalamadugu APMC,Jowar(Sorghum),Local,FAQ,10/08/2026,2500,2700,2600
Uttar Pradesh,Kaushambi,Bharwari APMC,Rice,Other,FAQ,10/08/2026,2500,2500,2500
Meghalaya,West Jaintia Hills,Jowai APMC,Potato,Jyoti,Local,10/08/2026,2500,3000,2750
Meghalaya,West Jaintia Hills,Jowai APMC,Brinjal,Brinjal,Local,10/08/2026,4000,6000,5000
Meghalaya,West Jaintia Hills,Jowai APMC,Carrot,New Kuroda,Local,10/08/2026,7000,8000,7500
Tamil Nadu,Dindigul,Vedasanthur(Uzhavar Sandhai ),Pumpkin,Pumpkin,Local,10/08/2026,1500,2000,1750
Madhya Pradesh,Raisen,Udaipura APMC,Soyabean,Soyabeen,FAQ,10/08/2026,6125,6125,6125
Andhra Pradesh,West Godavari,Bhimavaram APMC,Paddy(Common),1001,Grade Range-1,10/08/2026,2360,2360,2360
Haryana,Ambala,Shahzadpur APMC,Cabbage,Cabbage,Local,10/08/2026,1900,1900,1900
Haryana,Ambala,Shahzadpur APMC,Colacasia,Other,Local,10/08/2026,2000,2000,2000
Haryana,Ambala,Shahzadpur APMC,Potato,Local,Local,10/08/2026,600,1000,600
Haryana,Ambala,Shahzadpur APMC,Onion,Local,Medium,10/08/2026,1000,1500,1000
Haryana,Yamuna Nagar,Jagadhri APMC,Apple,Apple,Medium,10/08/2026,5200,8500,7800
Haryana,Yamuna Nagar,Jagadhri APMC,Potato,Potato,FAQ,10/08/2026,540,780,600
Haryana,Yamuna Nagar,Jagadhri APMC,Cauliflower,Cauliflower,Medium,10/08/2026,2800,3500,3200
Haryana,Yamuna Nagar,Jagadhri APMC,Capsicum,Capsicum,Medium,10/08/2026,2200,3000,2700
Haryana,Yamuna Nagar,Jagadhri APMC,Raddish,Raddish,Medium,10/08/2026,1000,2000,1800
Haryana,Yamuna Nagar,Mustafabad APMC,Potato,Potato,FAQ,10/08/2026,800,900,800
Haryana,Yamuna Nagar,Mustafabad APMC,Onion,Onion,FAQ,10/08/2026,2500,2600,2500
Haryana,Yamuna Nagar,Mustafabad APMC,Bhindi(Ladies Finger),Bhindi,FAQ,10/08/2026,2000,2500,2000
Haryana,Yamuna Nagar,Sadhaura APMC,Bhindi(Ladies Finger),Bhindi,Local,10/08/2026,1300,1500,1400
Haryana,Yamuna Nagar,Sadhaura APMC,Onion,Onion,Local,10/08/2026,2200,2500,2300
Haryana,Yamuna Nagar,Sadhaura APMC,Apple,Apple,Local,10/08/2026,7000,8000,7500
Haryana,Palwal,Hassanpur APMC,Bottle gourd,Bottle Gourd,Local,10/08/2026,1200,1200,1200
Haryana,Palwal,Hassanpur APMC,Onion,Onion,Local,10/08/2026,2400,2400,2400
Madhya Pradesh,Raisen,Begamganj APMC,Green Gram(Moong)(Whole),Green (Whole),FAQ,10/08/2026,3800,7450,7450
Madhya Pradesh,Raisen,Begamganj APMC,Wheat,Wheat,FAQ,10/08/2026,2300,2770,2770
Madhya Pradesh,Vidisha,Sironj APMC,Wheat,Sharbati,FAQ,10/08/2026,3600,3600,3600
Haryana,Gurgaon,Pataudi APMC,Potato,Potato,Grade B,10/08/2026,700,800,750
Haryana,Hissar,Barwala(Hisar) APMC,Guava,Guava,Local,10/08/2026,2000,2500,2250
Haryana,Hissar,Barwala(Hisar) APMC,Ridgeguard(Tori),Ridgeguard(Tori),Local,10/08/2026,2000,2500,2250
Haryana,Hissar,Barwala(Hisar) APMC,Pear(Marasebu),Other,Local,10/08/2026,4000,5000,4500
West Bengal,Medinipur(W),Garbeta(Medinipur) APMC,Ridge Gourd(Permal/Hybrid Gourd),Ridge Gourd(Permal/Hybrid Gourd),Grade A,10/08/2026,3000,3400,3200
West Bengal,Sounth 24 Parganas,Diamond Harbour(South 24-pgs) APMC,Fish,Katla(Big),FAQ,10/08/2026,12000,13000,12500
West Bengal,Purba Bardhaman,Guskara APMC,Mustard,Yellow (Black),FAQ,10/08/2026,6100,6200,6200
Keralam,Thiruvananthapuram,Kunnathukkal VFPCK Market,Banana,Red Banana,Grade A,10/08/2026,5800,6000,5900
Andaman and Nicobar,North and Middle Andaman ,Mayabander Vegetable Market,Bhindi(Ladies Finger),Bhindi,FAQ,10/08/2026,6000,9000,8000
Andaman and Nicobar,North and Middle Andaman ,Mayabander Vegetable Market,Bitter gourd,Bitter Gourd,FAQ,10/08/2026,6000,9000,8000
Madhya Pradesh,Harda,Harda(F&V) APMC,Green Chilli,Green Chilly,Medium,10/08/2026,3500,5000,4800
Madhya Pradesh,Harda,Harda(F&V) APMC,Cabbage,Other,Medium,10/08/2026,2500,3000,2600
Madhya Pradesh,Harda,Harda(F&V) APMC,Mango,Totapuri,Medium,10/08/2026,4000,5500,4550
Keralam,Kottayam,Pampady Market,Beetroot,Beetroot,FAQ,10/08/2026,3500,5000,4500
Keralam,Kottayam,Pampady Market,Snakeguard,Snakeguard,Grade A,10/08/2026,4000,5000,4500
Keralam,Kottayam,Pampady Market,Brinjal,Brinjal,FAQ,10/08/2026,2500,3600,3000
Keralam,Kottayam,Pampady Market,Amaranthus,Amaranthus,FAQ,10/08/2026,3000,4500,3500
West Bengal,Coochbehar,Toofanganj APMC,Potato,Jyoti,FAQ,10/08/2026,610,640,620
West Bengal,Coochbehar,Toofanganj APMC,Brinjal,Brinjal,FAQ,10/08/2026,4200,4800,4500
Goa,North Goa,Mapusa APMC,Banana,Other,Medium,10/08/2026,3200,3500,3400
Tamil Nadu,Thiruvannamalai,Cheyyar(Uzhavar Sandhai ),Coriander(Leaves),I Sort,Local,10/08/2026,4000,5000,4500
Tamil Nadu,Thiruvannamalai,Cheyyar(Uzhavar Sandhai ),Raddish,Raddish,Local,10/08/2026,2500,3000,2750
Tamil Nadu,Thiruvannamalai,Cheyyar(Uzhavar Sandhai ),Green Avare(W),Other,Local,10/08/2026,6000,7200,6600
Tamil Nadu,Thiruvannamalai,Cheyyar(Uzhavar Sandhai ),Chow Chow,Chow Chow,Local,10/08/2026,3500,4200,3850
Tamil Nadu,Thiruvannamalai,Cheyyar(Uzhavar Sandhai ),Drumstick,Drumstick,Local,10/08/2026,3500,4200,3850
Tamil Nadu,Thiruvannamalai,Cheyyar(Uzhavar Sandhai ),Colacasia,Colacasia,Local,10/08/2026,3500,4200,3850
Andhra Pradesh,Eluru,Chintalapudi APMC,Lemon,Lemon,FAQ,10/08/2026,3000,4000,3500
Haryana,Bhiwani,Bhiwani APMC,Bottle gourd,Bottle Gourd,Grade B,10/08/2026,1240,1544,1333
Andhra Pradesh,SPSR Nellore,Gudur APMC,Paddy(Common),MTU-1010,Local,10/08/2026,2389,2475,2440
Uttar Pradesh,Badaun,Islam Nagar APMC,Maize,Other,FAQ,10/08/2026,1850,1850,1850
Karnataka,Chikkaballapur,Bagepalli APMC,Beans,Beans (Whole),Small,10/08/2026,4000,6500,4500
Karnataka,Chikkaballapur,Bagepalli APMC,Ridgeguard(Tori),Ridgeguard(Tori),Small,10/08/2026,1500,2000,1600
Karnataka,Chikkaballapur,Bagepalli APMC,Drumstick,Drumstick,Small,10/08/2026,1000,2500,1500
Maharashtra,Ahilyanagar,Shevgaon APMC,Bajra(Pearl Millet/Cumbu),Other,Non-FAQ,10/08/2026,2400,2500,2500
Maharashtra,Ahilyanagar,Shevgaon APMC,Wheat,Maharashtra 2189,Non-FAQ,10/08/2026,2500,2550,2550
Uttar Pradesh,Ballia,Chitwadagaon APMC,Bitter gourd,Bitter Gourd,FAQ,10/08/2026,2420,2495,2460
Uttar Pradesh,Ballia,Chitwadagaon APMC,Brinjal,Brinjal,FAQ,10/08/2026,1010,1090,1050
Uttar Pradesh,Ballia,Chitwadagaon APMC,Bottle gourd,Bottle Gourd,FAQ,10/08/2026,840,925,880
Haryana,Ambala,Naraingarh APMC,Cabbage,Cabbage,Medium,10/08/2026,1000,1500,1100
Haryana,Ambala,Naraingarh APMC,Brinjal,Brinjal,Medium,10/08/2026,1000,2000,1400
Haryana,Ambala,Naraingarh APMC,Cucumbar(Kheera),Cucumbar,Medium,10/08/2026,1000,2000,1400
Haryana,Ambala,Naraingarh APMC,Mousambi(Sweet Lime),Mousambi,Medium,10/08/2026,2800,3500,3200
Haryana,Ambala,Naraingarh APMC,Capsicum,Capsicum,Medium,10/08/2026,2000,3000,2500
Haryana,Ambala,Naraingarh APMC,Pear(Marasebu),Other,Medium,10/08/2026,4000,6000,4300
Telangana,Sangareddy,APMC PATANCHERU,Green Chilli,Green Chilly,Local,10/08/2026,2500,4000,3000
Uttar Pradesh,Kushinagar,Kushinagar APMC,Gur(Jaggery),Other,FAQ,10/08/2026,3050,3050,3050
Uttar Pradesh,Kushinagar,Kushinagar APMC,Wheat,Dara,FAQ,10/08/2026,2500,2500,2500
Andhra Pradesh,SPSR Nellore,Rapur APMC,Wood,Casuarina,Local,10/08/2026,5400,5800,5600
Andhra Pradesh,YSR Kadapa,Pulivendala APMC,Mousambi(Sweet Lime),Other,Grade B,10/08/2026,600,1600,1300
Tamil Nadu,Thanjavur,Papanasam(Uzhavar Sandhai ),Tomato,Deshi,Local,10/08/2026,2000,2400,2200
Tamil Nadu,Thanjavur,Papanasam(Uzhavar Sandhai ),Onion,Bellary,Local,10/08/2026,3600,4800,4200
Tamil Nadu,Thanjavur,Papanasam(Uzhavar Sandhai ),Pumpkin,Pumpkin,Local,10/08/2026,2400,2400,2400
Tamil Nadu,Thanjavur,Papanasam(Uzhavar Sandhai ),Beans,Beans (Whole),Local,10/08/2026,10000,10000,10000
Tamil Nadu,Thanjavur,Papanasam(Uzhavar Sandhai ),Green Avare(W),Green Avare (W),Local,10/08/2026,7800,7800,7800
Punjab,Fatehgarh,Sirhind APMC,Pineapple,Other,Medium,10/08/2026,3000,4000,3500
Punjab,Fatehgarh,Sirhind APMC,Papaya,Other,Medium,10/08/2026,2800,4500,4000
Punjab,Fatehgarh,Sirhind APMC,Pomegranate,Other,Medium,10/08/2026,6000,10000,8000
Punjab,Fatehgarh,Sirhind APMC,Green Chilli,Other,Local,10/08/2026,3000,4000,3500
Punjab,Fatehgarh,Sirhind APMC,Garlic,Other,FAQ,10/08/2026,7500,10000,9000
Himachal Pradesh,Shimla,PMY Dhalli Shimla,Potato,Local,Grade A,10/08/2026,700,1800,1200
Himachal Pradesh,Shimla,PMY Dhalli Shimla,Onion,1st Sort,Grade A,10/08/2026,2800,3100,2900
Himachal Pradesh,Shimla,PMY Dhalli Shimla,Cucumbar(Kheera),Cucumbar,Grade A,10/08/2026,2500,5000,3500
Himachal Pradesh,Shimla,PMY Dhalli Shimla,Ginger(Green),Green Ginger,Grade A,10/08/2026,10000,18000,12000
Himachal Pradesh,Shimla,PMY Dhalli Shimla,Guava,Other,Grade A,10/08/2026,6000,8000,6000
Odisha,Sundergarh,Panposh APMC,Bitter gourd,Other,FAQ,10/08/2026,4000,5000,4500
Odisha,Sundergarh,Panposh APMC,Pumpkin,Other,FAQ,10/08/2026,1000,1500,1200
Madhya Pradesh,Dewas,Dewas(F&V) APMC,Onion,Other,FAQ,10/08/2026,200,2000,1000
Madhya Pradesh,Dewas,Dewas(F&V) APMC,Tomato,Other,FAQ,10/08/2026,1200,3000,1400
Madhya Pradesh,Burhanpur,Burhanpur(F&V) APMC,Banana,Khandesh,Grade A,10/08/2026,500,1600,1400
Madhya Pradesh,Burhanpur,Burhanpur(F&V) APMC,Papaya,Other,Local,10/08/2026,1000,1600,1400
Madhya Pradesh,Burhanpur,Burhanpur(F&V) APMC,Potato,Local,Local,10/08/2026,600,1000,900
Madhya Pradesh,Burhanpur,Burhanpur(F&V) APMC,Tinda,Tinda,Local,10/08/2026,2000,2300,2200
Madhya Pradesh,Ujjain,Ujjain(F&V) APMC,Cauliflower,Cauliflower,Medium,10/08/2026,440,2030,938
Madhya Pradesh,Ujjain,Ujjain(F&V) APMC,Cabbage,Cabbage,Medium,10/08/2026,515,2035,1271
Madhya Pradesh,Ujjain,Ujjain(F&V) APMC,Bitter gourd,Bitter Gourd,Medium,10/08/2026,425,2000,978
Madhya Pradesh,Ujjain,Ujjain(F&V) APMC,Brinjal,Brinjal,Medium,10/08/2026,530,2230,1368
Madhya Pradesh,Ujjain,Ujjain(F&V) APMC,Green Chilli,Green Chilly,Medium,10/08/2026,625,3060,1369
Madhya Pradesh,Ujjain,Ujjain(F&V) APMC,Apple,Apple,Medium,10/08/2026,4600,6000,4972
Madhya Pradesh,Mandsaur,Mandsaur(F&V) APMC,Tomato,Other,Grade B,10/08/2026,1200,2100,1900
Madhya Pradesh,Khandwa,Khandwa(F&V) APMC,Cabbage,Cabbage,FAQ,10/08/2026,300,600,420
Madhya Pradesh,Khandwa,Khandwa(F&V) APMC,Cucumbar(Kheera),Cucumbar,FAQ,10/08/2026,300,600,400
Madhya Pradesh,Khandwa,Khandwa(F&V) APMC,Green Chilli,Green Chilly,FAQ,10/08/2026,600,2000,1000
Odisha,Nayagarh,Bahadajholla APMC,Tomato,Tomato,Grade B,10/08/2026,2000,2200,2000
Maharashtra,Wardha,APMC SINDI BRANCH SELOO,Bengal Gram(Gram)(Whole),Other,FAQ,10/08/2026,5880,6100,6000
Maharashtra,Wardha,APMC SINDI BRANCH SELOO,Groundnut,Other,FAQ,10/08/2026,7800,8200,8000
Tamil Nadu,Ariyalur,Ariyalur(Uzhavar Sandhai),Onion,Bellary,Local,10/08/2026,3500,4000,3750
Tamil Nadu,Ariyalur,Ariyalur(Uzhavar Sandhai),Cluster beans,Cluster Beans,Local,10/08/2026,3500,4000,3750
Tamil Nadu,Ariyalur,Ariyalur(Uzhavar Sandhai),Green Chilli,Green Chilly,Local,10/08/2026,5000,5500,5250
Tamil Nadu,Ariyalur,Ariyalur(Uzhavar Sandhai),Raddish,Raddish,Local,10/08/2026,3000,3500,3250
Manipur,Thoubal,Thoubal APMC,Red gram split/Arhar dal/Tur dal,Arhar Dal(Tur),FAQ,10/08/2026,14500,15000,14750
Manipur,Thoubal,Thoubal APMC,Dry Chillies,Other,FAQ,10/08/2026,24000,25000,24500
Manipur,Thoubal,Thoubal APMC,Bengal Gram(Gram)(Whole),Desi (Whole),FAQ,10/08/2026,8500,9000,8750
Manipur,Thoubal,Thoubal APMC,Potato,Other,FAQ,10/08/2026,3000,3500,3250
Manipur,Thoubal,Thoubal APMC,Banana,Other,Medium,10/08/2026,4500,5000,4750
Uttarakhand,Nanital,Haldwani APMC,Onion,Other,FAQ,10/08/2026,1500,2000,1800
Uttarakhand,Nanital,Haldwani APMC,Green Chilli,Other,FAQ,10/08/2026,1400,1800,1600
Uttarakhand,Nanital,Ramnagar APMC,Tomato,Other,Local,10/08/2026,2000,3000,2500
Uttarakhand,Nanital,Ramnagar APMC,Sponge gourd,Other,Local,10/08/2026,2500,3500,3000
Himachal Pradesh,Shimla,SMY Nerwa,Capsicum,Capsicum,Grade A,10/08/2026,3000,4000,3000
Gujarat,Bharuch,Bharuch APMC,Banana - Green,Banana - Green,Local,10/08/2026,800,1200,1000
Gujarat,Bharuch,Bharuch APMC,Cucumbar(Kheera),Other,Local,10/08/2026,1500,2000,1700
Gujarat,Bharuch,Bharuch APMC,Papaya,Other,Local,10/08/2026,800,1300,1000
Gujarat,Bharuch,Bharuch APMC,Apple,Apple,Local,10/08/2026,5000,10000,8000
Gujarat,Mehsana,Unjha APMC,Ajwan,Ajwan,FAQ,10/08/2026,4060,14350,12500
Rajasthan,Ganganagar,Padampur APMC,Mustard,Other,FAQ,10/08/2026,7611,7807,7745
Rajasthan,Ganganagar,Padampur APMC,Bengal Gram(Gram)(Whole),Other,FAQ,10/08/2026,5300,5300,5300
Andhra Pradesh,East Godavari,Nidadavolu APMC,Maize,Local,Local,10/08/2026,2410,2410,2410
Gujarat,Bhavnagar,Mahuva(Station Road) APMC,Black Gram(Urd Beans)(Whole),Other,FAQ,10/08/2026,7600,9175,8388
Haryana,Mahendragarh-Narnaul,Narnaul APMC,Cabbage,Cabbage,Medium,10/08/2026,3000,3500,3500
Haryana,Mahendragarh-Narnaul,Narnaul APMC,Cucumbar(Kheera),Cucumbar,Medium,10/08/2026,1500,3500,2500
Haryana,Mahendragarh-Narnaul,Narnaul APMC,Spinach,Spinach,Medium,10/08/2026,4000,4000,4000
Haryana,Mahendragarh-Narnaul,Narnaul APMC,Pumpkin,Pumpkin,Medium,10/08/2026,800,2000,1500
Haryana,Mahendragarh-Narnaul,Narnaul APMC,Sponge gourd,Sponge gourd,Medium,10/08/2026,3000,4000,4000
Haryana,Mahendragarh-Narnaul,Narnaul APMC,Mango,Mango,Medium,10/08/2026,8000,12000,10000
Odisha,Cuttack,Banki APMC,Bhindi(Ladies Finger),Bhindi,Medium,10/08/2026,2800,3200,3000
Odisha,Cuttack,Banki APMC,Brinjal,Other,Medium,10/08/2026,3000,4000,3500
Odisha,Cuttack,Banki APMC,Cowpea(Veg),Cowpea (Veg),Local,10/08/2026,3000,3500,3200
Odisha,Cuttack,Banki APMC,Cucumbar(Kheera),Other,Medium,10/08/2026,3000,4000,3500
Odisha,Cuttack,Banki APMC,Green Chilli,Other,Local,10/08/2026,5000,6000,5500
Himachal Pradesh,Kangra,PMY Kangra,Guava,Guava,Medium,10/08/2026,8000,9000,8500
Himachal Pradesh,Kangra,PMY Kangra,Papaya,Other,Medium,10/08/2026,5000,5500,5250
Himachal Pradesh,Kangra,PMY Kangra,Apple,Apple,Medium,10/08/2026,4000,18000,8000
Himachal Pradesh,Kangra,PMY Kangra,French Beans(Frasbean),Other,FAQ,10/08/2026,6000,8000,7000
Himachal Pradesh,Kangra,PMY Kangra,Garlic,Average,FAQ,10/08/2026,15000,18000,16500
Himachal Pradesh,Kangra,PMY Kangra,Brinjal,Brinjal,FAQ,10/08/2026,2500,3000,2750
Himachal Pradesh,Kangra,PMY Kangra,Onion,Onion,FAQ,10/08/2026,3000,3200,3100
Himachal Pradesh,Kangra,PMY Kangra,Pumpkin,Pumpkin,FAQ,10/08/2026,1500,2000,1750
Uttar Pradesh,Gorakhpur,Sehjanwa APMC,Wheat,Deshi,FAQ,10/08/2026,2470,2580,2499.97
Gujarat,Surendranagar,Chotila APMC,Wheat,Local,FAQ,10/08/2026,2500,2750,2650
Gujarat,Surendranagar,Chotila APMC,Jowar(Sorghum),Jowar ( White),FAQ,10/08/2026,5500,5750,5625
Chattisgarh,Bilaspur,Tiphra APMC,Squash(Chappal Kadoo),Squash(Chappal Kadoo),Grade B,10/08/2026,1800,2000,1900
Chattisgarh,Bilaspur,Tiphra APMC,Bitter gourd,Bitter Gourd,Grade B,10/08/2026,4000,4200,4100
Chattisgarh,Bilaspur,Tiphra APMC,Carrot,Carrot,Grade B,10/08/2026,2800,3000,2900
Odisha,Kendrapara,Pattamundai APMC,Pointed gourd(Parval),Pointed gourd (Parval),Grade B,10/08/2026,6000,6000,6000
Odisha,Kendrapara,Pattamundai APMC,Cucumbar(Kheera),Cucumbar,Grade B,10/08/2026,6000,6000,6000
Haryana,Mewat,Punhana APMC,Potato,Other,Medium,10/08/2026,1000,1000,1000
Uttar Pradesh,Raebarelli,Lalganj APMC,Wood,Other,FAQ,10/08/2026,450,610,485.42
Uttar Pradesh,Raebarelli,Lalganj APMC,Bhindi(Ladies Finger),Bhindi,FAQ,10/08/2026,1800,2000,1900
Uttar Pradesh,Raebarelli,Lalganj APMC,Potato,Other,FAQ,10/08/2026,700,800,750
Uttar Pradesh,Raebarelli,Lalganj APMC,Paddy(Common),Common,FAQ,10/08/2026,2700,3125,2881.25
Uttar Pradesh,Raebarelli,Lalganj APMC,Green Chilli,Other,FAQ,10/08/2026,2500,2550,2525
Chattisgarh,Kondagaon,Gamhari APMC,Maize,Hybrid/Local,Non-FAQ,10/08/2026,2000,2050,2000
Uttar Pradesh,Bahraich,Mihipurwa APMC,Wheat,Other,FAQ,10/08/2026,2450,2450,2450
Uttarakhand,Udhamsinghnagar,Sitarganj APMC,Bottle gourd,Bottle Gourd,Local,10/08/2026,1000,2000,1500
Uttarakhand,Udhamsinghnagar,Sitarganj APMC,Brinjal,Brinjal,Grade B,10/08/2026,1000,1800,1500
Uttar Pradesh,Amroha,Hasanpur APMC,Wood,Other,FAQ,10/08/2026,400,510,432.78
Chattisgarh,Kanker,Amoda APMC,Paddy(Common),I.R. 64,Non-FAQ,10/08/2026,1800,1800,1800
Bihar,Siwan,Maharjganj APMC,Brinjal,Arkasheela Mattigulla,FAQ,10/08/2026,1800,1800,1800
Bihar,Siwan,Maharjganj APMC,Potato,Red Nanital,FAQ,10/08/2026,1700,1700,1700
Bihar,Siwan,Maharjganj APMC,Sponge gourd,Other,FAQ,10/08/2026,1500,1500,1500
Rajasthan,Bharatpur,Bayana APMC,Tomato,Other,Local,10/08/2026,2200,2200,2200
Punjab,Gurdaspur,Dinanagar APMC,Bitter gourd,Bitter Gourd,Medium,10/08/2026,2000,2500,2300
Punjab,Gurdaspur,Dinanagar APMC,Tomato,Tomato,Medium,10/08/2026,2000,2500,2300
Punjab,Hoshiarpur,Dasuya APMC,Carrot,Carrot,FAQ,10/08/2026,2500,2500,2500
Punjab,Hoshiarpur,Dasuya APMC,Tomato,Tomato,FAQ,10/08/2026,3000,3000,3000
Punjab,Hoshiarpur,Dasuya APMC,Raddish,Raddish,FAQ,10/08/2026,2000,2000,2000
Punjab,Hoshiarpur,Dasuya APMC,Apple,Apple,Grade B,10/08/2026,12000,12000,12000
Punjab,Hoshiarpur,Dasuya APMC,Pear(Marasebu),Other,Grade B,10/08/2026,5500,5500,5500
Punjab,Hoshiarpur,Dasuya APMC,Plum,Other,Grade B,10/08/2026,8000,8000,8000
Punjab,Hoshiarpur,Garh Shankar APMC,Pear(Marasebu),Other,Medium,10/08/2026,6000,6000,6000
Punjab,Hoshiarpur,Garh Shankar APMC,Papaya,Papaya,Medium,10/08/2026,3500,3500,3500
Punjab,Hoshiarpur,Tanda Urmur APMC,Mango,Totapuri,Grade A,10/08/2026,5000,6000,5500
Punjab,Hoshiarpur,Tanda Urmur APMC,Papaya,Other,Grade A,10/08/2026,5000,5500,5200
Punjab,Hoshiarpur,Tanda Urmur APMC,Bitter gourd,Bitter Gourd,Grade A,10/08/2026,3000,4000,3500
Punjab,Jalandhar,Goraya APMC,Bhindi(Ladies Finger),Other,Local,10/08/2026,3000,3000,3000
Punjab,Jalandhar,Goraya APMC,Onion,Other,Local,10/08/2026,3000,3000,3000
Punjab,Kapurthala,Bhulath APMC,Bitter gourd,Bitter Gourd,Local,10/08/2026,1250,1300,1300
Punjab,Ludhiana,Doraha APMC,Coriander(Leaves),Coriander,Local,10/08/2026,5000,6000,5500
Punjab,Ludhiana,Doraha APMC,Banana,Amruthapani,Local,10/08/2026,3000,3500,3300
Punjab,Ludhiana,Doraha APMC,Capsicum,Capsicum,Local,10/08/2026,4000,5000,4500
Gujarat,Narmada,Garudeshwal APMC,Maize,Deshi Red,Local,10/08/2026,2380,2380,2380
Punjab,Moga,Nihal Singh Wala APMC,Bhindi(Ladies Finger),Other,FAQ,10/08/2026,4200,4200,4200
Punjab,Moga,Nihal Singh Wala APMC,Potato,Potato,FAQ,10/08/2026,700,700,700
Odisha,Gajapati,Parlakhemundi APMC,Drumstick,Drumstick,Grade Range-1,10/08/2026,3800,4000,3900
Punjab,Mohali,Kurali APMC,Brinjal,Other,Medium,10/08/2026,2000,2500,2200
Punjab,Mohali,Kurali APMC,Garlic,Other,Grade Range-3,10/08/2026,11000,12000,11500
Odisha,Sambalpur,Rairakhol APMC,Bhindi(Ladies Finger),Bhindi,Small,10/08/2026,5000,6000,5500
Odisha,Sambalpur,Rairakhol APMC,Onion,Onion,Medium,10/08/2026,3000,3500,3200
Odisha,Sambalpur,Rairakhol APMC,Tomato,Hybrid,Grade C,10/08/2026,2500,3000,2800
Odisha,Boudh,Boudh APMC,Cabbage,Other,Local,10/08/2026,4000,5000,4500
Odisha,Boudh,Boudh APMC,Pumpkin,Other,Local,10/08/2026,1000,1500,1200
Odisha,Sundergarh,Sargipali APMC,Green Chilli,Other,FAQ,10/08/2026,9600,10000,9800
Odisha,Sundergarh,Sargipali APMC,Onion,Red,FAQ,10/08/2026,2500,2800,2600
Odisha,Angul,Talcher APMC,Potato,Other,Large,10/08/2026,1700,1930,1800
Odisha,Keonjhar,Keonjhar APMC,Cabbage,Other,Local,10/08/2026,5000,5200,5000
Keralam,Thiruvananthapuram,Pappanchani VFPCK Market,Cowpea(Veg),Bean Barbati,Grade A,10/08/2026,8000,8000,8000
Keralam,Thiruvananthapuram,Pappanchani VFPCK Market,Cucumbar(Kheera),Cucumbar,Grade A,10/08/2026,4000,4000,4000
Haryana,Fatehabad,Jakhal APMC,Bhindi(Ladies Finger),Other,Local,10/08/2026,2000,2000,2000
Haryana,Fatehabad,Jakhal APMC,Cucumbar(Kheera),Other,Local,10/08/2026,2000,2000,2000
Haryana,Jhajar,Bahadurgarh APMC,Brinjal,Other,Medium,10/08/2026,1200,1400,1300
Haryana,Jhajar,Bahadurgarh APMC,Cucumbar(Kheera),Other,Medium,10/08/2026,1200,1500,1400
Haryana,Jhajar,Bahadurgarh APMC,Cauliflower,Other,Medium,10/08/2026,7000,8000,7500
Haryana,Jhajar,Bahadurgarh APMC,Lemon,Other,Medium,10/08/2026,7000,8000,7500
Haryana,Jhajar,Bahadurgarh APMC,Ginger(Green),Other,Medium,10/08/2026,18000,20000,19000
Keralam,Kasargod,Neeleswaram Market,Potato,Other,FAQ,10/08/2026,2800,3200,3000
Keralam,Kasargod,Neeleswaram Market,Pumpkin,Other,FAQ,10/08/2026,2800,31000,3000
Keralam,Alappuzha,Aroor Market,Beetroot,Other,FAQ,10/08/2026,5800,6000,5900
Keralam,Alappuzha,Aroor Market,Bhindi(Ladies Finger),Other,FAQ,10/08/2026,4300,4600,4400
Keralam,Alappuzha,Aroor Market,Elephant Yam(Suran)/Amorphophallus,Amorphophallus,FAQ,10/08/2026,6000,6200,6100
Keralam,Alappuzha,Aroor Market,Garlic,Other,FAQ,10/08/2026,21000,21300,21200
Keralam,Alappuzha,Aroor Market,Ginger(Green),Other,FAQ,10/08/2026,21000,21300,21200
Keralam,Alappuzha,Aroor Market,Potato,Other,FAQ,10/08/2026,3800,4000,3900
Keralam,Alappuzha,Aroor Market,Ridgeguard(Tori),Other,FAQ,10/08/2026,8000,8200,8100
Keralam,Ernakulam,Angamaly Market,Drumstick,Drumstick,FAQ,10/08/2026,3600,8000,5800
Keralam,Ernakulam,Angamaly Market,Green Chilli,Green Chilly,FAQ,10/08/2026,4600,10000,7500
Keralam,Alappuzha,Chengannur Market,Elephant Yam(Suran)/Amorphophallus,Amorphophallus,FAQ,10/08/2026,4800,5100,4900
Keralam,Alappuzha,Chengannur Market,Bhindi(Ladies Finger),Other,FAQ,10/08/2026,3700,4000,3800
Keralam,Alappuzha,Chengannur Market,Capsicum,Other,FAQ,10/08/2026,7800,8100,8000
Keralam,Alappuzha,Chengannur Market,Green Chilli,Green Chilly,FAQ,10/08/2026,4900,5200,5000
Haryana,Gurgaon,Gurgaon APMC,Bottle gourd,Other,Grade B,10/08/2026,1000,2000,1500
Haryana,Gurgaon,Gurgaon APMC,Banana,Other,Grade B,10/08/2026,1000,2000,1500
Chattisgarh,Bijapur,Bharamgarh APMC,Mahua,Mahua,Non-FAQ,10/08/2026,2500,3600,3000
Tamil Nadu,Coimbatore,Sundarapuram(Uzhavar Sandhai ),Tomato,Local,Local,10/08/2026,1400,1800,1600
Tamil Nadu,Coimbatore,Sundarapuram(Uzhavar Sandhai ),Papaya,Papaya,Local,10/08/2026,4000,4500,4250
Tamil Nadu,Coimbatore,Sundarapuram(Uzhavar Sandhai ),Mango,Neelam,Local,10/08/2026,8000,9000,8500
Tamil Nadu,Coimbatore,Sundarapuram(Uzhavar Sandhai ),Bottle gourd,Bottle Gourd,Local,10/08/2026,2500,3000,2750
Tamil Nadu,Coimbatore,Sundarapuram(Uzhavar Sandhai ),Amaranthus,Amaranthus,Local,10/08/2026,4500,6000,5250
Tamil Nadu,Coimbatore,Sundarapuram(Uzhavar Sandhai ),Banana - Green,Banana - Green,Local,10/08/2026,3800,4200,4000
Tamil Nadu,Coimbatore,Sundarapuram(Uzhavar Sandhai ),Beans,Beans (Whole),Local,10/08/2026,10000,11000,10500
Tamil Nadu,Coimbatore,Sundarapuram(Uzhavar Sandhai ),Coconut,Coconut,Local,10/08/2026,5800,6000,5900
Tamil Nadu,Coimbatore,Sundarapuram(Uzhavar Sandhai ),Sweet Potato,Hosur Red,Local,10/08/2026,4000,4500,4250
Tamil Nadu,Coimbatore,Sundarapuram(Uzhavar Sandhai ),Ridgeguard(Tori),Ridgeguard(Tori),Local,10/08/2026,4500,5000,4750
Tamil Nadu,Coimbatore,Sundarapuram(Uzhavar Sandhai ),Raddish,Raddish,Local,10/08/2026,3500,4000,3750
Tamil Nadu,Coimbatore,Sundarapuram(Uzhavar Sandhai ),Cucumbar(Kheera),Cucumbar,Local,10/08/2026,3200,3800,3500
Haryana,Rohtak,Meham APMC,Banana,Medium,Medium,10/08/2026,1500,2000,1800
Odisha,Kalahandi,Kalahandi(Dharamagarh) APMC,Tomato,Other,Grade B,10/08/2026,2800,3200,3000
Odisha,Kalahandi,Kalahandi(Dharamagarh) APMC,Green Chilli,Other,Grade B,10/08/2026,5000,6000,5500
Karnataka,Shivamogga,APMC THIRTHAHALLI,Paddy(Common),I.R. 64,Local,10/08/2026,2000,2000,2000
Karnataka,Shivamogga,APMC THIRTHAHALLI,Black pepper,Other,Local,10/08/2026,69500,69500,69500
Karnataka,Shivamogga,APMC THIRTHAHALLI,Arecanut(Betelnut/Supari),Rashi,Local,10/08/2026,47554,47554,47554
Jammu and Kashmir,Kathua,Kathua (F&V),Plum,Other,Grade B,10/08/2026,8000,10000,9000
Jammu and Kashmir,Kathua,Kathua (F&V),Cauliflower,Other,FAQ,10/08/2026,4000,5000,4500
Jammu and Kashmir,Kathua,Kathua (F&V),Garlic,Garlic,FAQ,10/08/2026,10000,15000,12500
Jammu and Kashmir,Kathua,Kathua (F&V),Lemon,Other,FAQ,10/08/2026,6000,7000,6500
Jammu and Kashmir,Kathua,Kathua (F&V),Bhindi(Ladies Finger),Bhindi,FAQ,10/08/2026,1500,2000,1750
Jammu and Kashmir,Kathua,Kathua (F&V),Onion,Nasik,FAQ,10/08/2026,2400,3000,2700
Jammu and Kashmir,Kathua,Kathua (F&V),Tomato,Hybrid,FAQ,10/08/2026,2500,3000,2750
Keralam,Alappuzha,Kayamkulam Market,Indian Beans(Seam),Other,FAQ,10/08/2026,2300,2500,2400
Keralam,Alappuzha,Kayamkulam Market,Ginger(Green),Other,FAQ,10/08/2026,15400,15600,15500
Keralam,Alappuzha,Kayamkulam Market,Potato,Other,FAQ,10/08/2026,2000,2200,2100
Andhra Pradesh,YSR Kadapa,Yerraguntla APMC,Onion,Local,FAQ,10/08/2026,2600,3000,2800
West Bengal,Nadia,Kalyani APMC,Rice,Sona,Local,10/08/2026,4600,4800,4700
West Bengal,Howrah,Uluberia APMC,Bhindi(Ladies Finger),Other,FAQ,10/08/2026,2500,3500,3000
West Bengal,Howrah,Uluberia APMC,Brinjal,Other,FAQ,10/08/2026,4500,5500,5000
Uttar Pradesh,Banda,Atarra APMC,Rice,Common,FAQ,10/08/2026,2400,2400,2400
West Bengal,Hooghly,Sheoraphuly APMC,Potato,Jyoti,FAQ,10/08/2026,630,700,660
Haryana,Sonipat,Sonepat(Kharkhoda) APMC,Banana,Other,Grade A,10/08/2026,2400,2800,2600
Gujarat,Kheda,Nadiyad(Piplag) APMC,Potato,Potato,FAQ,10/08/2026,1400,1600,1500
Gujarat,Kheda,Nadiyad(Piplag) APMC,Tinda,Tinda,FAQ,10/08/2026,1600,2000,1800
Gujarat,Kheda,Nadiyad(Piplag) APMC,Sponge gourd,Sponge gourd,FAQ,10/08/2026,800,900,850
Gujarat,Kheda,Nadiyad(Piplag) APMC,Onion,Onion,FAQ,10/08/2026,1500,2000,1800
Uttar Pradesh,Khiri (Lakhimpur),Maigalganj APMC,Banana - Green,Banana - Green,FAQ,10/08/2026,1840,1875,1860
Uttar Pradesh,Khiri (Lakhimpur),Maigalganj APMC,Carrot,Carrot,FAQ,10/08/2026,1360,1400,1380
West Bengal,Coochbehar,Mathabhanga APMC,Potato,Jyoti,FAQ,10/08/2026,610,640,620
Punjab,Gurdaspur,Kalanaur APMC,Bhindi(Ladies Finger),Other,Grade A,10/08/2026,4100,4100,4100
Punjab,Tarntaran,Khadur Sahib(Fetehabad) APMC,Spinach,Other,Grade B,10/08/2026,1200,1200,1200
Keralam,Ernakulam,North Paravur Market,Lemon,Lemon,Small,10/08/2026,9000,10000,9500
Keralam,Ernakulam,North Paravur Market,Indian Beans(Seam),Indian Beans (Seam),FAQ,10/08/2026,5500,6000,5800
Keralam,Ernakulam,North Paravur Market,Ridgeguard(Tori),Other,FAQ,10/08/2026,6500,7000,6800
Keralam,Ernakulam,North Paravur Market,Onion,1st Sort,Small,10/08/2026,7500,8500,8000
Keralam,Ernakulam,North Paravur Market,Black pepper,Garbled,Grade Range-1,10/08/2026,70000,80000,75000
Keralam,Ernakulam,North Paravur Market,Colacasia,Colacasia,Small,10/08/2026,5500,6000,5800
Himachal Pradesh,Solan,SMY Nalagarh,Brinjal,Other,Medium,10/08/2026,1500,2000,1800
Himachal Pradesh,Solan,SMY Nalagarh,Bitter gourd,Bitter Gourd,Medium,10/08/2026,1500,2000,1800
Himachal Pradesh,Solan,SMY Nalagarh,Lemon,Other,Medium,10/08/2026,3000,6000,4500
Himachal Pradesh,Solan,SMY Nalagarh,Capsicum,Other,Medium,10/08/2026,2500,4000,3300
Himachal Pradesh,Solan,SMY Nalagarh,Bottle gourd,Other,Medium,10/08/2026,1000,2000,1500
Punjab,Bhatinda,Rampuraphul(Nabha Mandi) APMC,Mousambi(Sweet Lime),Mousambi,Grade A,10/08/2026,4000,6000,5000
Punjab,Bhatinda,Rampuraphul(Nabha Mandi) APMC,Brinjal,Brinjal,Grade A,10/08/2026,900,1200,1000
Punjab,Bhatinda,Rampuraphul(Nabha Mandi) APMC,Ridgeguard(Tori),Ridgeguard(Tori),Grade A,10/08/2026,2000,3000,2500
Punjab,Hoshiarpur,Mukerian(Talwara) APMC,Apple,Apple,Grade A,10/08/2026,4000,6000,5000
Punjab,Hoshiarpur,Mukerian(Talwara) APMC,Capsicum,Capsicum,FAQ,10/08/2026,6000,8000,7000
Punjab,Hoshiarpur,Mukerian(Talwara) APMC,Field Pea,Field Pea,FAQ,10/08/2026,6000,8000,7000
Punjab,Hoshiarpur,Mukerian(Talwara) APMC,Onion,Onion,FAQ,10/08/2026,2400,3200,2800
Odisha,Balasore,Jaleswar APMC,Little gourd(Kundru),Little gourd (Kundru),Local,10/08/2026,1600,2000,1800
Himachal Pradesh,Kangra,SMY Baijnath,Banana,Banana - Ripe,Grade B,10/08/2026,3500,3600,3500
Himachal Pradesh,Kangra,SMY Baijnath,Bhindi(Ladies Finger),Bhindi,Grade B,10/08/2026,3500,4500,4000
Himachal Pradesh,Kangra,SMY Baijnath,Cauliflower,Cauliflower,Grade B,10/08/2026,3500,4000,3800
Himachal Pradesh,Kangra,SMY Baijnath,Peas Wet,Peas Wet,Grade B,10/08/2026,10000,13500,12500
Himachal Pradesh,Kangra,SMY Baijnath,French Beans(Frasbean),French Beans (Frasbean),Grade B,10/08/2026,6500,7000,6800
Himachal Pradesh,Kangra,SMY Jaisinghpur,Banana,Other,Medium,10/08/2026,4800,5500,5200
Himachal Pradesh,Kangra,SMY Jaisinghpur,Onion,Other,FAQ,10/08/2026,3200,3600,3400
Himachal Pradesh,Kangra,SMY Jaisinghpur,Bitter gourd,Bitter Gourd,FAQ,10/08/2026,3800,4200,4000
Himachal Pradesh,Kangra,SMY Jaisinghpur,Brinjal,Brinjal,FAQ,10/08/2026,3200,3800,3500
Himachal Pradesh,Kangra,SMY Jaisinghpur,Bottle gourd,Bottle Gourd,FAQ,10/08/2026,2800,4500,4200
Himachal Pradesh,Kangra,SMY Jaisinghpur,Carrot,Carrot,FAQ,10/08/2026,3200,3800,3500
Odisha,Kendrapara,Gopa APMC,Brinjal,Round/Long,Grade B,10/08/2026,7000,7000,7000
Telangana,Hanumakonda,"Excise Colony,RBZ ",Bitter gourd,Other,Grade A,10/08/2026,4000,4000,4000
Telangana,Hanumakonda,"Excise Colony,RBZ ",Green Chilli,Other,Grade A,10/08/2026,5200,5200,5200
Telangana,Karimnagar,Gangadhara APMC,Paddy(Common),I.R. 64,FAQ,10/08/2026,2369,2369,2369
Keralam,Kannur,Taliparamba Market,Tomato,Tomato,FAQ,10/08/2026,1700,1900,1800
Keralam,Kozhikode(Calicut),Thamarassery Market,Bottle gourd,Other,FAQ,10/08/2026,3300,3600,3400
Keralam,Kozhikode(Calicut),Thamarassery Market,Cowpea(Veg),Other,FAQ,10/08/2026,6000,6000,6000
Keralam,Kozhikode(Calicut),Thamarassery Market,Carrot,Other,FAQ,10/08/2026,7900,8000,7900
Keralam,Kozhikode(Calicut),Thamarassery Market,Cucumbar(Kheera),Other,FAQ,10/08/2026,900,900,900
Keralam,Kozhikode(Calicut),Thamarassery Market,Green Chilli,Other,FAQ,10/08/2026,4200,4500,4300
Odisha,Angul,Angul(Atthamallick) APMC,Tomato,Tomato,Grade B,10/08/2026,4000,6000,5000
Keralam,Kozhikode(Calicut),Quilandy Market,Banana - Green,Other,FAQ,10/08/2026,6200,6300,6200
Keralam,Kozhikode(Calicut),Quilandy Market,Beetroot,Other,FAQ,10/08/2026,4700,5000,4800
Keralam,Kozhikode(Calicut),Quilandy Market,Bitter gourd,Other,FAQ,10/08/2026,5000,5200,5000
Keralam,Kozhikode(Calicut),Quilandy Market,Drumstick,Other,FAQ,10/08/2026,4900,5200,5000
Punjab,Hoshiarpur,Garh Shankar(Mahalpur) APMC,Ginger(Green),Green Ginger,FAQ,10/08/2026,11000,11000,11000
Punjab,Hoshiarpur,Garh Shankar(Mahalpur) APMC,Apple,Other,Medium,10/08/2026,9300,9300,9300
Punjab,Hoshiarpur,Garh Shankar(Mahalpur) APMC,Banana,Other,Medium,10/08/2026,2400,2400,2400
Odisha,Sundergarh,Bonai APMC,Banana - Green,Other,Grade C,10/08/2026,1680,2150,1960
Uttar Pradesh,Rampur,Milak APMC,Maize,Other,FAQ,10/08/2026,1700,1700,1700
Tamil Nadu,Erode,Sathiyamagalam(Uzhavar Sandhai ),Pumpkin,Pumpkin,Local,10/08/2026,2400,2800,2600
Tamil Nadu,Erode,Sathiyamagalam(Uzhavar Sandhai ),Cowpea(Veg),Cowpea (Veg),Local,10/08/2026,2000,2500,2250
Tamil Nadu,Erode,Sathiyamagalam(Uzhavar Sandhai ),Tapioca,Tapioca,Local,10/08/2026,2500,3000,2750
Tamil Nadu,Erode,Sathiyamagalam(Uzhavar Sandhai ),Coconut,Coconut,Local,10/08/2026,5000,5500,5250
Tamil Nadu,Erode,Sathiyamagalam(Uzhavar Sandhai ),Lemon,Lemon,Local,10/08/2026,8500,9000,8750
Uttar Pradesh,Khiri (Lakhimpur),Mohammdi APMC,Wheat,Dara,FAQ,10/08/2026,2400,2400,2400
Uttar Pradesh,Khiri (Lakhimpur),Mohammdi APMC,Wheat,Other,FAQ,10/08/2026,2450,2450,2450
Uttar Pradesh,Unnao,Purwa APMC,Wood,Other,FAQ,10/08/2026,450,700,471.14
Uttar Pradesh,Saharanpur,Gangoh APMC,Potato,Other,FAQ,10/08/2026,900,900,900
Tamil Nadu,Coimbatore,Mettupalayam(Uzhavar Sandhai ),Green Peas,Green Peas,Local,10/08/2026,15000,18000,16500
Tamil Nadu,Coimbatore,Mettupalayam(Uzhavar Sandhai ),Pineapple,Pine Apple,Local,10/08/2026,3500,4000,3750
Tamil Nadu,Coimbatore,Mettupalayam(Uzhavar Sandhai ),Onion,Bellary,Local,10/08/2026,3400,3800,3600
Tamil Nadu,Coimbatore,Mettupalayam(Uzhavar Sandhai ),Cluster beans,Cluster Beans,Local,10/08/2026,3500,4000,3750
Tamil Nadu,Coimbatore,Mettupalayam(Uzhavar Sandhai ),Tapioca,Tapioca,Local,10/08/2026,3000,3500,3250
Tamil Nadu,Coimbatore,Mettupalayam(Uzhavar Sandhai ),Ginger(Green),Green Ginger,Local,10/08/2026,10000,17000,13500
Tamil Nadu,Coimbatore,Mettupalayam(Uzhavar Sandhai ),Sweet Potato,Hosur Red,Local,10/08/2026,3500,4000,3750
Tamil Nadu,Coimbatore,Mettupalayam(Uzhavar Sandhai ),Raddish,Raddish,Local,10/08/2026,3500,4000,3750
Tamil Nadu,Coimbatore,Mettupalayam(Uzhavar Sandhai ),Elephant Yam(Suran)/Amorphophallus,Elephant Yam (Suran),Local,10/08/2026,3500,4000,3750
Tamil Nadu,Coimbatore,Mettupalayam(Uzhavar Sandhai ),Mashrooms,Mashrooms,Local,10/08/2026,18000,20000,19000
Tamil Nadu,Coimbatore,Mettupalayam(Uzhavar Sandhai ),Baby Corn,Baby Corn,Grade A,10/08/2026,2500,3000,2750
Odisha,Nuapada,Khariar APMC,Potato,Potato,Grade A,10/08/2026,2000,2000,2000
Odisha,Nuapada,Khariar APMC,Little gourd(Kundru),Little gourd (Kundru),Grade A,10/08/2026,6000,6000,6000
Telangana,Hyderabad,RYTHU BAZAR MEHDIPATNAM,Beetroot,Beetroot,Grade A,10/08/2026,3200,3200,3200
Telangana,Hyderabad,RYTHU BAZAR MEHDIPATNAM,Brinjal,Brinjal,Grade A,10/08/2026,2300,2300,2300
Telangana,Hyderabad,RYTHU BAZAR MEHDIPATNAM,Cauliflower,Cauliflower,Grade A,10/08/2026,1800,1800,1800
Telangana,Hyderabad,RYTHU BAZAR MEHDIPATNAM,Cucumbar(Kheera),Cucumbar,Grade A,10/08/2026,1800,1800,1800
Telangana,Hyderabad,RYTHU BAZAR MEHDIPATNAM,Onion,1st Sort,Grade A,10/08/2026,3000,3000,3000
Telangana,Hyderabad,RYTHU BAZAR MEHDIPATNAM,Drumstick,Drumstick,Grade A,10/08/2026,5500,5500,5500
Telangana,Hyderabad,RYTHU BAZAR MEHDIPATNAM,Wild Cucumber,Wild Cucumber,Grade A,10/08/2026,1300,1300,1300
Odisha,Kendrapara,Kendrapara(Marshaghai) APMC,Tomato,Tomato,Grade B,10/08/2026,3000,3000,3000
Odisha,Koraput,Koraput(Semilguda) APMC,Little gourd(Kundru),Other,Grade B,10/08/2026,3000,4000,3500
Uttar Pradesh,Sant Kabir Nagar,Khalilabad APMC,Wheat,Medium,FAQ,10/08/2026,2450,2450,2450
Punjab,Ludhiana,Raikot APMC,Brinjal,Brinjal,Grade A,10/08/2026,2420,2420,2420
Punjab,Ludhiana,Raikot APMC,Potato,Badshah,Grade A,10/08/2026,630,630,630
Telangana,Mahbubnagar,Mahabubnagar(Rythu Bazar),Bottle gourd,Bottle Gourd,Local,10/08/2026,1400,1400,1400
Uttar Pradesh,Bijnor,Najibabad APMC,Potato,Other,FAQ,10/08/2026,800,800,800
Uttar Pradesh,Bijnor,Najibabad APMC,Capsicum,Other,FAQ,10/08/2026,2300,2500,2422.08
Tamil Nadu,Thirunelveli,Sankarankovil APMC,Maize,Other,Local,10/08/2026,2400,2550,2475
Haryana,Panipat,Samalkha APMC,Cucumbar(Kheera),Cucumbar,FAQ,10/08/2026,1500,1500,1500
Haryana,Panipat,Samalkha APMC,Cabbage,Cabbage,FAQ,10/08/2026,1500,1500,1500
Haryana,Panipat,Samalkha APMC,Ridgeguard(Tori),Other,FAQ,10/08/2026,1000,2000,1500
Haryana,Panipat,Samalkha APMC,Pea Pod/Pea Cod/हरी मटर,Other,FAQ,10/08/2026,12000,12000,12000
Tamil Nadu,Namakkal,Tiruchengode APMC,Papaya,Papaya,Local,10/08/2026,3000,3500,3250
Tamil Nadu,Namakkal,Tiruchengode APMC,Banana - Green,Banana - Green,Local,10/08/2026,3500,4000,3750
Tamil Nadu,Namakkal,Tiruchengode APMC,Sweet Potato,Hosur Red,Local,10/08/2026,4500,5000,4750
Tamil Nadu,Namakkal,Tiruchengode APMC,Carrot,Pusakesar,Local,10/08/2026,9000,10000,9500
Tamil Nadu,Namakkal,Tiruchengode APMC,Beetroot,Beetroot,Local,10/08/2026,7000,8000,7500
Tamil Nadu,Namakkal,Tiruchengode APMC,Guava,Guava Allahabad,Local,10/08/2026,6200,7000,6600
Tamil Nadu,Namakkal,Tiruchengode APMC,Tender Coconut,Tender Coconut,Local,10/08/2026,3000,3500,3250
Tamil Nadu,Namakkal,Tiruchengode APMC,Sweet Corn ,Sweet Corn ,Local,10/08/2026,4500,5000,4750
Telangana,Siddipet,Vantamamidi APMC,Brinjal,Brinjal,Local,10/08/2026,1200,2000,1600
Uttar Pradesh,Agra,Fatehpur Sikri APMC,Wheat,Dara,FAQ,10/08/2026,2480,2550,2488.68
Uttar Pradesh,Badaun,Dataganj APMC,Wheat,Wheat-Organic,FAQ,10/08/2026,2450,2450,2450
Uttar Pradesh,Badaun,Dataganj APMC,Wheat,Dara,FAQ,10/08/2026,2500,2600,2550
Odisha,Bargarh,Sohela APMC,Brinjal,Brinjal,Local,10/08/2026,2000,2400,2200
Odisha,Bargarh,Sohela APMC,Tomato,Tomato,Local,10/08/2026,2300,2500,2400
Uttar Pradesh,Rampur,Bilaspur APMC,Apple,Other,Medium,10/08/2026,6500,7100,6800
Andhra Pradesh,Kakinada,Sampara (Kakinada Rural) APMC,Paddy(Common),Paddy Medium,FAQ,10/08/2026,2369,2389,2379
Uttar Pradesh,Shamli,Khandhla APMC,Bhindi(Ladies Finger),Bhindi,FAQ,10/08/2026,1700,1720,1710
Uttar Pradesh,Shamli,Khandhla APMC,Lemon,Lemon,FAQ,10/08/2026,4200,4220,4210
Uttar Pradesh,Shamli,Khandhla APMC,Cabbage,Cabbage,FAQ,10/08/2026,500,520,510
Uttar Pradesh,Shamli,Khandhla APMC,Ridgeguard(Tori),Ridgeguard(Tori),FAQ,10/08/2026,1300,1340,1320
Uttar Pradesh,Shamli,Khandhla APMC,Tomato,Other,FAQ,10/08/2026,2200,2200,2200
Uttar Pradesh,Shamli,Khandhla APMC,Green Chilli,Other,FAQ,10/08/2026,2999.82,2999.82,2999.82
Uttar Pradesh,Shamli,Khandhla APMC,Lemon,Other,FAQ,10/08/2026,4500,4500,4500
Uttar Pradesh,Siddharth Nagar,Naugarh APMC,Pointed gourd(Parval),Pointed gourd (Parval),Grade A,10/08/2026,3250,3280,3260
Telangana,Hyderabad,RYTHU BAZAR ERRAGADDA,Tomato,Deshi,Grade A,10/08/2026,1300,1300,1300
Telangana,Hyderabad,RYTHU BAZAR ERRAGADDA,Carrot,Carrot,Grade A,10/08/2026,4000,4000,4000
Telangana,Hyderabad,RYTHU BAZAR ERRAGADDA,Onion,1st Sort,Grade A,10/08/2026,2800,2800,2800
Telangana,Hyderabad,RYTHU BAZAR ERRAGADDA,Drumstick,Drumstick,Grade A,10/08/2026,4000,4000,4000
Tamil Nadu,Ariyalur,Jeyankondam (Uzhavar Sandhai ),Amaranthus,Amaranthus,Local,10/08/2026,2500,3000,2750
Tamil Nadu,Ariyalur,Jeyankondam (Uzhavar Sandhai ),Raddish,Raddish,Local,10/08/2026,3200,3900,3550
Tamil Nadu,Coimbatore,RSPuram(Uzhavar Sandhai ),Grapes,Annabesahai,Local,10/08/2026,9000,10000,9500
Tamil Nadu,Coimbatore,RSPuram(Uzhavar Sandhai ),Onion,Bellary,Local,10/08/2026,3300,3500,3400
Tamil Nadu,Coimbatore,RSPuram(Uzhavar Sandhai ),Coriander(Leaves),I Sort,Local,10/08/2026,4500,5000,4750
Tamil Nadu,Coimbatore,RSPuram(Uzhavar Sandhai ),Green Peas,Green Peas,Local,10/08/2026,20500,21500,21000
Tamil Nadu,Coimbatore,RSPuram(Uzhavar Sandhai ),Papaya,Papaya,Local,10/08/2026,4000,4400,4200
Tamil Nadu,Coimbatore,RSPuram(Uzhavar Sandhai ),Water Melon,Water Melon,Local,10/08/2026,2200,2500,2350
Tamil Nadu,Coimbatore,RSPuram(Uzhavar Sandhai ),Bitter gourd,Other,Local,10/08/2026,5000,5500,5250
Tamil Nadu,Coimbatore,RSPuram(Uzhavar Sandhai ),Ashgourd,Gouard,Local,10/08/2026,1800,2000,1900
Tamil Nadu,Coimbatore,RSPuram(Uzhavar Sandhai ),Green Chilli,Green Chilly,Local,10/08/2026,4000,4600,4300
Tamil Nadu,Coimbatore,RSPuram(Uzhavar Sandhai ),Banana - Green,Banana - Green,Local,10/08/2026,3800,4200,4000
Tamil Nadu,Coimbatore,RSPuram(Uzhavar Sandhai ),Ginger(Green),Green Ginger,Local,10/08/2026,16000,17000,16500
Tamil Nadu,Coimbatore,RSPuram(Uzhavar Sandhai ),Baby Corn,Baby Corn,Grade A,10/08/2026,2500,3000,2750
Madhya Pradesh,Sagar,Sagar(F&V) APMC,Tomato,Local,Local,10/08/2026,1500,1900,1700
Madhya Pradesh,Sagar,Sagar(F&V) APMC,Cauliflower,Cauliflower,Local,10/08/2026,600,1000,800
Madhya Pradesh,Sagar,Sagar(F&V) APMC,Lemon,Lemon,Local,10/08/2026,1000,2500,2000
Madhya Pradesh,Shivpuri,Shivpuri(F&V) APMC,Pumpkin,Other,Grade B,10/08/2026,500,500,500
Tamil Nadu,Coimbatore,Singanallur(Uzhavar Sandhai ),Cluster beans,Cluster Beans,Local,10/08/2026,4000,4500,4250
Tamil Nadu,Coimbatore,Singanallur(Uzhavar Sandhai ),Grapes,Annabesahai,Local,10/08/2026,9000,10000,9500
Tamil Nadu,Coimbatore,Singanallur(Uzhavar Sandhai ),Potato,Red Nanital,Local,10/08/2026,5000,7500,6250
Tamil Nadu,Coimbatore,Singanallur(Uzhavar Sandhai ),Brinjal,Round,Local,10/08/2026,5000,6000,5500
Tamil Nadu,Coimbatore,Singanallur(Uzhavar Sandhai ),Coriander(Leaves),I Sort,Local,10/08/2026,4400,5000,4700
Andhra Pradesh,Prakasam,Santhamaguluru APMC,Maize,Hybrid,FAQ,10/08/2026,2400,2450,2450
Andhra Pradesh,Prakasam,Santhamaguluru APMC,Paddy(Common),B P T,FAQ,10/08/2026,2400,2480,2470
Goa,North Goa,Valpoi APMC,Arecanut(Betelnut/Supari),White,Local,10/08/2026,36500,36500,36500
Odisha,Mayurbhanja,Baripada APMC,Brinjal,Brinjal,Medium,10/08/2026,4500,6000,5000
Odisha,Mayurbhanja,Baripada APMC,Tomato,Tomato,Medium,10/08/2026,2500,3000,2800
Odisha,Mayurbhanja,Baripada APMC,Ridgeguard(Tori),Ridgeguard(Tori),Medium,10/08/2026,4000,5000,4500
Keralam,Kozhikode(Calicut),Mukkom Market,Tomato,Tomato,FAQ,10/08/2026,1800,2100,2000
Keralam,Kozhikode(Calicut),Mukkom Market,Drumstick,Drumstick,FAQ,10/08/2026,6000,7000,6500
Keralam,Kozhikode(Calicut),Mukkom Market,Ginger(Green),Green Ginger,FAQ,10/08/2026,19500,20500,20000
Keralam,Kozhikode(Calicut),Mukkom Market,Carrot,Carrot,FAQ,10/08/2026,7000,7800,7400
Tamil Nadu,Thirupur,Tiruppur (South) (Uzhavar Sandhai ),Tomato,Local,Local,10/08/2026,1000,1200,1100
Tamil Nadu,Thirupur,Tiruppur (South) (Uzhavar Sandhai ),Coriander(Leaves),I Sort,Local,10/08/2026,3000,3600,3300
Tamil Nadu,Thirupur,Tiruppur (South) (Uzhavar Sandhai ),Bottle gourd,Bottle Gourd,Local,10/08/2026,1500,2000,1750
Tamil Nadu,Thirupur,Tiruppur (South) (Uzhavar Sandhai ),Green Chilli,Green Chilly,Local,10/08/2026,4000,5000,4500
Tamil Nadu,Thirupur,Tiruppur (South) (Uzhavar Sandhai ),Cowpea(Veg),Cowpea (Veg),Local,10/08/2026,2500,3000,2750
Tamil Nadu,Thirupur,Tiruppur (South) (Uzhavar Sandhai ),Carrot,Pusakesar,Local,10/08/2026,8000,10000,9000
Keralam,Kozhikode(Calicut),Perambra Market,Bhindi(Ladies Finger),Other,FAQ,10/08/2026,4500,5000,4800
Gujarat,Rajkot,Jasdan APMC,Jowar(Sorghum),Jowar ( White),FAQ,10/08/2026,2500,6050,5725
Gujarat,Rajkot,Jasdan APMC,"Sesamum(Sesame,Gingelly,Til)",Black,FAQ,10/08/2026,9500,17875,16250
Gujarat,Rajkot,Jasdan APMC,Mustard,Mustard,FAQ,10/08/2026,8000,8000,8000
Gujarat,Rajkot,Jasdan APMC,Methi Seeds,Methiseeds,FAQ,10/08/2026,6750,6750,6750
Keralam,Kottayam,Kanjirappally Market,Banana - Green,Banana - Green,FAQ,10/08/2026,5500,6000,5800
Keralam,Kottayam,Kanjirappally Market,Little gourd(Kundru),Other,FAQ,10/08/2026,5500,6000,5800
Keralam,Kottayam,Kanjirappally Market,Brinjal,Brinjal,FAQ,10/08/2026,5500,6000,5800
Keralam,Kottayam,Kanjirappally Market,Cowpea(Veg),Cowpea (Veg),FAQ,10/08/2026,7500,8000,7800
Keralam,Kottayam,Kanjirappally Market,Onion,Big,FAQ,10/08/2026,3500,4000,3800
Keralam,Kottayam,Kanjirappally Market,Snakeguard,Snakeguard,FAQ,10/08/2026,5500,6000,5800
Keralam,Kottayam,Kanjirappally Market,Tomato,Tomato,FAQ,10/08/2026,4500,5000,4800
Uttar Pradesh,Banda,Banda APMC,Gram Raw(Chholia),Other,FAQ,10/08/2026,5800,5920,5854.8
Odisha,Rayagada,Gunpur APMC,Carrot,Carrot,Grade B,10/08/2026,3800,4150,3950
Odisha,Kalahandi,Kesinga APMC,Bitter gourd,Bitter Gourd,Grade B,10/08/2026,3600,4000,3800
Odisha,Kalahandi,Kesinga APMC,Brinjal,Other,Grade B,10/08/2026,3500,4000,3800
Odisha,Kalahandi,Kesinga APMC,Cauliflower,Other,Grade B,10/08/2026,6000,6400,6200
Odisha,Kalahandi,Kesinga APMC,Pointed gourd(Parval),Pointed gourd (Parval),Grade B,10/08/2026,6000,6400,6200
Madhya Pradesh,Sidhi,Sidhi APMC,Wheat,Mill Quality,Non-FAQ,10/08/2026,2400,2460,2430
Maharashtra,Buldhana,Lonar APMC,Maize,Yellow,Non-FAQ,10/08/2026,2100,2150,2125
Maharashtra,Buldhana,Lonar APMC,Green Gram(Moong)(Whole),Other,Non-FAQ,10/08/2026,4000,5000,4500
Maharashtra,Buldhana,Lonar APMC,Red gram/Arhar/Tur(whole),Other,Non-FAQ,10/08/2026,7500,7650,7575
Andhra Pradesh,Annamayya,Somala APMC,Tomato,Tomato,FAQ,10/08/2026,900,1300,1100
Karnataka,Davangere,Davangere APMC,Karbuja(Musk Melon),Karbhuja,Local,10/08/2026,1000,2000,1500
Karnataka,Davangere,Davangere APMC,Tamarind Fruit,Tamarind Fruit,Local,10/08/2026,5000,5000,5000
Keralam,Pathanamthitta,Kuttoor Market,Brinjal,Brinjal,Local,10/08/2026,6100,6500,6300
Telangana,Ranga Reddy,Shankarapally APMC,Green Chilli,Green Chilly,Local,10/08/2026,5000,5000,5000
Keralam,Alappuzha,Cherthala Market,Amaranthus,Amaranthus,FAQ,10/08/2026,8000,8200,8100
Keralam,Alappuzha,Cherthala Market,Ashgourd,Other,FAQ,10/08/2026,3200,3400,3300
Keralam,Alappuzha,Cherthala Market,Carrot,Carrot,FAQ,10/08/2026,6500,6700,6600
Keralam,Alappuzha,Cherthala Market,Cabbage,Cabbage,FAQ,10/08/2026,4000,4200,4100
Keralam,Ernakulam,Thrippunithura Market,Cowpea(Veg),Cowpea (Veg),Medium,10/08/2026,6500,7000,6700
Keralam,Ernakulam,Thrippunithura Market,Green Chilli,Green Chilly,Medium,10/08/2026,5600,10000,6600
Keralam,Ernakulam,Thrippunithura Market,Brinjal,Brinjal,Medium,10/08/2026,6300,7000,6500
Keralam,Ernakulam,Thrippunithura Market,Cluster beans,Cluster Beans,Medium,10/08/2026,4500,6000,4700
Keralam,Ernakulam,Thrippunithura Market,Cabbage,Cabbage,Medium,10/08/2026,5500,6000,5700
Keralam,Ernakulam,Thrippunithura Market,Capsicum,Capsicum,Medium,10/08/2026,7500,10000,8000
Keralam,Ernakulam,Thrippunithura Market,Lemon,Other,Medium,10/08/2026,10500,12000,11000
Keralam,Ernakulam,Thrippunithura Market,Tapioca,Tapioca,Medium,10/08/2026,3500,4000,3700
Keralam,Idukki,Nedumkandam Market,Banana - Green,Other,FAQ,10/08/2026,4000,4500,4000
Keralam,Idukki,Nedumkandam Market,Cabbage,Other,FAQ,10/08/2026,3000,3000,3000
Andhra Pradesh,Eluru,Kalidindi APMC,Paddy(Common),MTU-1001,Local,10/08/2026,2440,2440,2440
Keralam,Kannur,Thalasserry Market,Banana,Other,Large,10/08/2026,6000,7000,6300
Keralam,Kannur,Thalasserry Market,Carrot,Carrot,FAQ,10/08/2026,7000,8000,7500
Keralam,Palakad,Kollengode Market,Cabbage,Cabbage,FAQ,10/08/2026,2000,2400,2200
Keralam,Palakad,Kollengode Market,Carrot,Carrot,FAQ,10/08/2026,5200,5600,5400
Keralam,Palakad,Kollengode Market,Drumstick,Drumstick,FAQ,10/08/2026,3500,3900,3700
Keralam,Palakad,Kollengode Market,Amaranthus,Amaranthus,FAQ,10/08/2026,2000,2400,2200
Keralam,Palakad,Kollengode Market,Brinjal,Brinjal,FAQ,10/08/2026,3200,3600,3400
Keralam,Palakad,Kollengode Market,Bitter gourd,Bitter Gourd,FAQ,10/08/2026,3000,3400,3200
Keralam,Palakad,Kollengode Market,Lemon,Other,FAQ,10/08/2026,3600,4000,3800
Keralam,Palakad,Kollengode Market,Snakeguard,Snakeguard,FAQ,10/08/2026,2500,2900,2700
Keralam,Palakad,Kollengode Market,Onion,Small,FAQ,10/08/2026,5200,5600,5400
Keralam,Palakad,Kollengode Market,Pumpkin,Pumpkin,FAQ,10/08/2026,1500,1900,1700
Keralam,Palakad,Kollengode Market,Banana,Poovan,Grade B,10/08/2026,4500,4900,4700
Keralam,Palakad,Kollengode Market,Cluster beans,Cluster Beans,FAQ,10/08/2026,2100,2500,2300
Keralam,Idukki,Kattappana Market,Mango,Other,Small,10/08/2026,3400,3500,3500
Keralam,Idukki,Kattappana Market,Apple,Other,Grade C,10/08/2026,19000,23000,21000
Keralam,Idukki,Kattappana Market,Banana,Poovan,Medium,10/08/2026,3800,4800,4500
Keralam,Idukki,Kattappana Market,Coconut,Big,Grade Range-2,10/08/2026,6000,6500,6300
Keralam,Idukki,Kattappana Market,Nutmeg,Other,Grade Range-2,10/08/2026,34000,34000,34000
Keralam,Idukki,Kattappana Market,Ashgourd,Other,Medium,10/08/2026,2600,3200,3000
Keralam,Idukki,Kattappana Market,Beetroot,Other,Medium,10/08/2026,3500,4200,3800
Keralam,Idukki,Kattappana Market,French Beans(Frasbean),Other,Medium,10/08/2026,5500,7000,6500
Keralam,Idukki,Kattappana Market,Potato,Other,Medium,10/08/2026,3000,3500,3200
Keralam,Idukki,Kattappana Market,Tomato,Other,Medium,10/08/2026,5000,5500,5500
Punjab,Faridkot,Faridkot APMC,Plum,Other,Grade A,10/08/2026,7500,7500,7500
Punjab,Faridkot,Faridkot APMC,Guava,Guava,Grade A,10/08/2026,3000,3000,3000
Punjab,Faridkot,Faridkot APMC,Mousambi(Sweet Lime),Mousambi,Grade B,10/08/2026,4000,4000,4000
Punjab,Faridkot,Faridkot APMC,Capsicum,Capsicum,Grade A,10/08/2026,4000,4000,4000
Punjab,Faridkot,Faridkot APMC,Potato,Potato,Grade B,10/08/2026,900,900,900
Gujarat,Sabarkantha,Himatnagar APMC,Soyabean,Yellow,Local,10/08/2026,6500,6740,6740
Gujarat,Sabarkantha,Himatnagar APMC,Bengal Gram(Gram)(Whole),Desi (Whole),Local,10/08/2026,5750,6500,6300
Punjab,Fazilka,Fazilka APMC,Bitter gourd,Bitter Gourd,FAQ,10/08/2026,2000,2000,2000
Punjab,Fazilka,Fazilka APMC,Onion,Onion,FAQ,10/08/2026,3000,3000,3000
Punjab,Fazilka,Fazilka APMC,Brinjal,Brinjal,FAQ,10/08/2026,1500,1500,1500
Maharashtra,Hingoli,Sengoan APMC,Turmeric,Other,Local,10/08/2026,14750,16000,15000
Haryana,Yamuna Nagar,Radaur APMC,Bottle gourd,Other,Medium,10/08/2026,1400,1800,1600
Haryana,Yamuna Nagar,Radaur APMC,Pumpkin,Other,Medium,10/08/2026,900,1100,1000
Haryana,Yamuna Nagar,Radaur APMC,Brinjal,Other,Medium,10/08/2026,1000,1200,1100
Haryana,Rohtak,Sampla APMC,Mousambi(Sweet Lime),Other,Local,10/08/2026,4000,4000,4000
Haryana,Rohtak,Sampla APMC,Apple,Apple,Local,10/08/2026,8000,8000,8000
Punjab,Gurdaspur,Batala APMC,Cabbage,Other,Grade C,10/08/2026,1500,2000,1800
Punjab,Gurdaspur,Batala APMC,Ridgeguard(Tori),Other,Grade C,10/08/2026,2500,3000,2800
Punjab,Gurdaspur,Batala APMC,Tomato,Other,Grade C,10/08/2026,3000,3500,3200
Haryana,Kurukshetra,Ladwa APMC,Banana,Medium,Medium,10/08/2026,5500,6000,6000
Haryana,Kurukshetra,Ladwa APMC,Guava,Guava,Medium,10/08/2026,1000,3500,2000
Haryana,Kurukshetra,Ladwa APMC,Tomato,Other,Non-FAQ,10/08/2026,3800,4500,4500
Haryana,Kurukshetra,Ladwa APMC,Colacasia,Other,Medium,10/08/2026,3500,4000,4000
Haryana,Kurukshetra,Ladwa APMC,Bitter gourd,Bitter Gourd,Medium,10/08/2026,1500,2500,2000
Haryana,Kurukshetra,Shahabad APMC,Onion,Onion,Medium,10/08/2026,2000,2800,2675
Haryana,Kurukshetra,Shahabad APMC,Capsicum,Capsicum,Medium,10/08/2026,2500,3500,3000
Maharashtra,Solapur,Akluj APMC,Lime,Other,Local,10/08/2026,1000,2000,1500
Maharashtra,Solapur,Akluj APMC,Beetroot,Other,Local,10/08/2026,2000,4000,3000
Maharashtra,Solapur,Akluj APMC,Cauliflower,Other,Local,10/08/2026,1000,1500,1200
Maharashtra,Solapur,Akluj APMC,Chilly Capsicum,Other,Local,10/08/2026,2000,3000,2500
Maharashtra,Solapur,Akluj APMC,Ridgeguard(Tori),Other,Local,10/08/2026,2000,3800,3500
Maharashtra,Solapur,Akluj APMC,Brinjal,Other,Local,10/08/2026,1000,4000,3000
Maharashtra,Solapur,Akluj APMC,Green Chilli,Other,Local,10/08/2026,3000,4500,4000
Haryana,Mewat,FerozpurZirkha(Nagina) APMC,Brinjal,Other,Local,10/08/2026,1400,1800,1600
Keralam,Kasargod,Pullur Periya  VFPCK Market,Bhindi(Ladies Finger),Bhindi,Grade A,10/08/2026,5300,5500,5400
Punjab,Gurdaspur,Dera Baba Nanak APMC,Ashgourd,Other,Grade A,10/08/2026,672,672,672
Punjab,Gurdaspur,F.G.Churian APMC,Bhindi(Ladies Finger),Bhindi,Grade A,10/08/2026,2000,2000,2000
Punjab,Gurdaspur,F.G.Churian APMC,Brinjal,Brinjal,Grade A,10/08/2026,2000,2000,2000
Punjab,Gurdaspur,Quadian APMC,Bhindi(Ladies Finger),Other,Grade A,10/08/2026,3800,4000,3900
Punjab,Gurdaspur,Quadian APMC,Bitter gourd,Other,Grade A,10/08/2026,2800,3000,2900
Punjab,Gurdaspur,Quadian APMC,Capsicum,Other,Grade A,10/08/2026,5800,6000,5900
Punjab,Gurdaspur,Quadian APMC,Green Chilli,Other,Grade A,10/08/2026,2800,3000,2900
Punjab,Gurdaspur,Quadian APMC,Tomato,Other,Grade A,10/08/2026,3400,3600,3500
Punjab,Hoshiarpur,GarhShankar (Kotfatuhi) APMC,Onion,Other,FAQ,10/08/2026,2400,2400,2400
Punjab,Jalandhar,Nakodar APMC,Pumpkin,Pumpkin,Local,10/08/2026,800,800,800
Punjab,Jalandhar,Noor Mehal APMC,Bottle gourd,Other,Local,10/08/2026,1400,1400,1400
Punjab,Jalandhar,Noor Mehal APMC,Ridgeguard(Tori),Other,Local,10/08/2026,1800,1800,1800
Punjab,Jalandhar,Noor Mehal APMC,Tomato,Other,Local,10/08/2026,2200,2200,2200
Punjab,Jalandhar,Phillaur APMC,Onion,Other,FAQ,10/08/2026,3100,3100,3100
Punjab,Ludhiana,Jagraon APMC,Guava,Other,Grade A,10/08/2026,3000,3000,3000
Punjab,Ludhiana,Jagraon APMC,Carrot,Other,FAQ,10/08/2026,700,700,700
Punjab,Ludhiana,Jagraon APMC,Potato,Other,FAQ,10/08/2026,210,210,210
Haryana,Panchkula,"New Grain Market , Panchkula APMC",Onion,Other,Grade A,10/08/2026,3200,3400,3300
Keralam,Kollam,Anchal Market,Beetroot,Beetroot,Local,10/08/2026,3800,3800,3800
Keralam,Kollam,Anchal Market,Cauliflower,Cauliflower,Medium,10/08/2026,6500,6500,6500
Keralam,Kollam,Anchal Market,Lemon,Lemon,Local,10/08/2026,6500,6500,6500
Keralam,Kollam,Anchal Market,Bottle gourd,Bottle Gourd,Local,10/08/2026,2600,2600,2600
Keralam,Kollam,Anchal Market,Banana,Red Banana,Medium,10/08/2026,7300,7300,7300
Keralam,Kollam,Anchal Market,Banana,Nendra Bale,Local,10/08/2026,7800,7800,7800
Keralam,Kollam,Anchal Market,Pineapple,Other,Local,10/08/2026,6800,6800,6800
Rajasthan,Ganganagar,Sriganganagar (F&V) APMC,Pomegranate,Pomogranate,Grade A,10/08/2026,9000,9400,9200
Rajasthan,Ganganagar,Sriganganagar (F&V) APMC,Pineapple,Pine Apple,Grade B,10/08/2026,5800,6200,6000
Rajasthan,Ganganagar,Sriganganagar (F&V) APMC,Ginger(Green),Green Ginger,Grade A,10/08/2026,10800,11200,11000
Rajasthan,Ganganagar,Sriganganagar (F&V) APMC,Colacasia,Arabi,Grade C,10/08/2026,1800,2200,2000
Rajasthan,Ganganagar,Sriganganagar (F&V) APMC,Cluster beans,Cluster Beans,Grade C,10/08/2026,5500,5900,5700
Rajasthan,Ganganagar,Sriganganagar (F&V) APMC,Potato,Desi,Local,10/08/2026,800,1200,1000
Rajasthan,Ganganagar,Sriganganagar (F&V) APMC,Sponge gourd,Sponge gourd,Grade A,10/08/2026,3600,4000,3800
Rajasthan,Bhilwara,Bhilwara APMC,Tomato,Other,FAQ,10/08/2026,3000,3500,3250
Rajasthan,Bundi,Bundi APMC,Paddy(Common),Other,FAQ,10/08/2026,2700,4500,4100
Rajasthan,Chittorgarh,Nimbahera APMC,Barley(Jau),Other,FAQ,10/08/2026,2400,2816,2608
Rajasthan,Hanumangarh,Sangriya APMC,Potato,Potato,Local,10/08/2026,700,1800,1200
Rajasthan,Jaipur,Jaipur (F&V) APMC,Onion,Other,FAQ,10/08/2026,1600,2800,2200
Rajasthan,Jaipur,Jaipur (F&V) APMC,Garlic,Average,FAQ,10/08/2026,4000,15000,9500
Rajasthan,Jaipur,Jaipur (F&V) APMC,Green Chilli,Green Chilly,FAQ,10/08/2026,2500,5000,3750
Rajasthan,Jaipur,Jaipur (F&V) APMC,Tinda,Other,FAQ,10/08/2026,5500,6000,5750
Rajasthan,Jaipur,Jaipur (F&V) APMC,Colacasia,Colacasia,FAQ,10/08/2026,1800,2000,1900
Rajasthan,Jaipur,Jaipur (F&V) APMC,Pointed gourd(Parval),Pointed gourd (Parval),FAQ,10/08/2026,1800,4000,2900
Rajasthan,Jaipur,Jaipur (F&V) APMC,Bitter gourd,Bitter Gourd,FAQ,10/08/2026,2800,3000,2900
Rajasthan,Jaipur,Jaipur (F&V) APMC,Water Melon,Other,Medium,10/08/2026,800,1000,900
Rajasthan,Jaipur,Jaipur (F&V) APMC,Pineapple,Other,Medium,10/08/2026,2000,4800,3400
Rajasthan,Hanumangarh,Bhadara APMC,Tomato,Deshi,FAQ,10/08/2026,3000,3500,3142
Rajasthan,Hanumangarh,Bhadara APMC,Onion,1st Sort,FAQ,10/08/2026,2800,3000,2909
Rajasthan,Hanumangarh,Bhadara APMC,Mustard,Mustard,FAQ,10/08/2026,7835,7835,7835
Rajasthan,Hanumangarh,Goluwala APMC,Barley(Jau),Deshi,Non-FAQ,10/08/2026,2150,2291,2291
Rajasthan,Ganganagar,Sadulshahar APMC,Mustard,Other,FAQ,10/08/2026,7480,7800,7700
Andhra Pradesh,NTR,Nandigama APMC,Paddy(Common),B P T,Grade Range-1,10/08/2026,2330,2330,2330
Maharashtra,Nashik,Malegaon APMC,Wheat,Other,Non-FAQ,10/08/2026,1600,2580,2560
Maharashtra,Nashik,Malegaon APMC,"Sesamum(Sesame,Gingelly,Til)",White,Non-FAQ,10/08/2026,8925,8925,8925
Rajasthan,Jhalawar,Iklera APMC,Soyabean,Soyabeen,Local,10/08/2026,6000,6650,6325
Rajasthan,Jhalawar,Iklera APMC,Corriander seed,Coriander Seed,Local,10/08/2026,13000,14000,13500
Rajasthan,Jhalawar,Iklera APMC,Bengal Gram(Gram)(Whole),Other,Local,10/08/2026,5200,5800,5500
Rajasthan,Jhalawar,Khanpur APMC,Bengal Gram(Gram)(Whole),Other,FAQ,10/08/2026,5900,6032,5970
Rajasthan,Jhunjhunu,Surajgarh APMC,Mustard,Other,FAQ,10/08/2026,7600,7600,7600
Rajasthan,Ganganagar,Gajsinghpur APMC,Wheat,Other,Local,10/08/2026,2420,2600,2491
Rajasthan,Nagaur,Degana APMC,Guar Seed(Cluster Beans Seed),Other,Local,10/08/2026,5400,5650,5500
Rajasthan,Nagaur,Degana APMC,Bajra(Pearl Millet/Cumbu),Other,Local,10/08/2026,2000,2000,2000
Rajasthan,Dungarpur,Dungarpur APMC,Coriander(Leaves),Coriander,Medium,10/08/2026,1900,2200,2000
Rajasthan,Jalore,Jalore APMC,Bottle gourd,Bottle Gourd,Local,10/08/2026,800,1000,900
Rajasthan,Jalore,Jalore APMC,Bhindi(Ladies Finger),Bhindi,Local,10/08/2026,1200,1500,1300
Rajasthan,Jalore,Jalore APMC,Capsicum,Other,Local,10/08/2026,2500,3000,2800
Rajasthan,Jalore,Jalore APMC,Tomato,Tomato,Local,10/08/2026,1500,2000,1800
Punjab,Ludhiana,Khanna APMC,Mousambi(Sweet Lime),Other,Grade A,10/08/2026,3000,3000,3000
Punjab,Ludhiana,Khanna APMC,Banana,Other,Grade A,10/08/2026,1800,1800,1800
Punjab,Ludhiana,Khanna APMC,Lemon,Other,Grade A,10/08/2026,5000,5000,5000
Punjab,Ludhiana,Khanna APMC,Brinjal,Round,Grade A,10/08/2026,1500,1500,1500
Punjab,Ludhiana,Khanna APMC,Bottle gourd,Other,Grade A,10/08/2026,1200,1200,1200
Punjab,Ludhiana,Killa Raipur (Jodhan) APMC,Bhindi(Ladies Finger),Other,Grade A,10/08/2026,2400,2400,2400
Keralam,Kannur,Kuthuparambu Market,Arecanut(Betelnut/Supari),Malbar,Local,10/08/2026,35000,40000,37500
Keralam,Kottayam,Pala Market,Banana,Banana - Ripe,Large,10/08/2026,4400,4600,4500
Keralam,Kottayam,Pala Market,Cucumbar(Kheera),Cucumbar,FAQ,10/08/2026,4000,4400,4200
Keralam,Kottayam,Pala Market,Onion,Big,FAQ,10/08/2026,3200,3600,3400
Odisha,Bolangir,Kantabaji APMC,Tomato,Other,Grade B,10/08/2026,3200,4000,3600
Punjab,Bhatinda,Bhucho APMC,Potato,Potato,Local,10/08/2026,600,600,600
Punjab,Bhatinda,Bhucho APMC,Green Chilli,Green Chilly,Local,10/08/2026,2000,2000,2000
Punjab,Bhatinda,Bhucho APMC,Potato,Local,Local,10/08/2026,700,700,700
Andhra Pradesh,Tirupathi,Vakadu APMC,Paddy(Common),B P T,Local,10/08/2026,2389,2410,2400
Keralam,Kollam,Sasthamkotta Market,Brinjal,Brinjal,Local,10/08/2026,3000,3000,3000
Keralam,Kollam,Sasthamkotta Market,Cowpea(Veg),Other,Local,10/08/2026,4500,4500,4500
Keralam,Kollam,Sasthamkotta Market,Banana,Red Banana,Local,10/08/2026,4000,4000,4000
Keralam,Kollam,Sasthamkotta Market,Banana,Poovan,Local,10/08/2026,3500,3500,3500
Keralam,Kollam,Sasthamkotta Market,Ashgourd,Ashgourd,Local,10/08/2026,3000,3000,3000
Maharashtra,Nagpur,Nagpur APMC,Red gram/Arhar/Tur(whole),Other,Non-FAQ,10/08/2026,7400,7752,7664
Maharashtra,Nagpur,Nagpur APMC,Mousambi(Sweet Lime),Other,Local,10/08/2026,900,1700,1500
Maharashtra,Nagpur,Nagpur APMC,Beetroot,Other,Local,10/08/2026,2000,2500,2375
Maharashtra,Nagpur,Nagpur APMC,Guar,Other,Local,10/08/2026,4000,9000,7750
Maharashtra,Nagpur,Nagpur APMC,Onion,Red,Local,10/08/2026,2000,2700,2525
Maharashtra,Nagpur,Nagpur APMC,Cabbage,Other,Local,10/08/2026,800,1200,1100
Maharashtra,Nagpur,Nagpur APMC,Garlic,Other,Local,10/08/2026,5000,18000,14750
Maharashtra,Nagpur,Nagpur APMC,Raddish,Other,Local,10/08/2026,1500,2000,1875
Maharashtra,Nagpur,Nagpur APMC,Brinjal,Other,Local,10/08/2026,2000,2800,2600
Maharashtra,Nagpur,Nagpur APMC,Mustard,Other,FAQ,10/08/2026,6200,6300,6275
Maharashtra,Nagpur,Nagpur APMC,Mustard,Other,Non-FAQ,10/08/2026,6100,6199,6174
Keralam,Kottayam,Thalayolaparambu Market,Pineapple,Pine Apple,Medium,10/08/2026,6400,6700,6500
Keralam,Kottayam,Thalayolaparambu Market,Amaranthus,Amaranthus,FAQ,10/08/2026,3000,3300,3100
Keralam,Kottayam,Thalayolaparambu Market,Brinjal,Other,FAQ,10/08/2026,2800,3200,3000
Keralam,Kottayam,Thalayolaparambu Market,Bhindi(Ladies Finger),Bhindi,FAQ,10/08/2026,4000,4300,4100
Keralam,Kozhikode(Calicut),Kallachi Market,Banana - Green,Banana - Green,FAQ,10/08/2026,6000,6400,6200
Keralam,Kozhikode(Calicut),Kallachi Market,Bhindi(Ladies Finger),Other,FAQ,10/08/2026,4200,4600,4400
Keralam,Kozhikode(Calicut),Kallachi Market,Cluster beans,Cluster Beans,FAQ,10/08/2026,6800,7200,7000
Keralam,Kozhikode(Calicut),Kallachi Market,Cucumbar(Kheera),Cucumbar,FAQ,10/08/2026,1400,1800,1600
Keralam,Kozhikode(Calicut),Kallachi Market,Ginger(Green),Green Ginger,FAQ,10/08/2026,15800,16200,16000
Keralam,Kozhikode(Calicut),Kallachi Market,Onion,Big,FAQ,10/08/2026,3200,3600,3400
Keralam,Kozhikode(Calicut),Kallachi Market,Pumpkin,Pumpkin,FAQ,10/08/2026,1800,2200,2000
Maharashtra,Washim,Risod APMC,Turmeric,Other,Local,10/08/2026,15400,16600,16000
Keralam,Alappuzha,Harippad Market,Brinjal,Brinjal,FAQ,10/08/2026,6000,6500,6000
Keralam,Alappuzha,Mannar Market,Capsicum,Other,FAQ,10/08/2026,7500,7700,7600
Jammu and Kashmir,Jammu,MAC F&V Market Narwal Jammu,Tender Coconut,Tender Coconut,Medium,10/08/2026,7000,7500,7250
Jammu and Kashmir,Jammu,MAC F&V Market Narwal Jammu,Mango,Chausa,Medium,10/08/2026,6000,7000,6500
Jammu and Kashmir,Jammu,MAC F&V Market Narwal Jammu,Apple,Apple,Grade B,10/08/2026,2500,5000,3750
Jammu and Kashmir,Jammu,MAC F&V Market Narwal Jammu,Cauliflower,Cauliflower,FAQ,10/08/2026,4000,5000,4500
Jammu and Kashmir,Jammu,MAC F&V Market Narwal Jammu,Bottle gourd,Bottle Gourd,FAQ,10/08/2026,1500,1800,1650
Jammu and Kashmir,Jammu,MAC F&V Market Narwal Jammu,Potato,Potato,FAQ,10/08/2026,800,1200,1000
Jammu and Kashmir,Jammu,MAC F&V Market Narwal Jammu,Pumpkin,Pumpkin,FAQ,10/08/2026,1000,1200,1100
Keralam,Alappuzha,Cheriyanadu  VFPCK Market,Tapioca,Tapioca,Grade A,10/08/2026,3000,3000,3000
Keralam,Alappuzha,Cheriyanadu  VFPCK Market,Banana - Green,Banana - Green,Grade A,10/08/2026,8000,8000,8000
Keralam,Thiruvananthapuram,Neyyatinkara Market,Elephant Yam(Suran)/Amorphophallus,Amorphophallus,FAQ,10/08/2026,3400,4000,3600
Keralam,Thiruvananthapuram,Neyyatinkara Market,Green Chilli,Green Chilly,FAQ,10/08/2026,7500,8000,7700
Keralam,Thiruvananthapuram,Neyyatinkara Market,Tomato,Tomato,FAQ,10/08/2026,3400,4000,3600
Punjab,Moga,Baghapurana APMC,Banana,Medium,Grade B,10/08/2026,3000,4000,3500
Punjab,Moga,Baghapurana APMC,Colacasia,Other,Grade B,10/08/2026,1500,2000,1800
Punjab,Mohali,Dera Bassi APMC,Cabbage,Other,Local,10/08/2026,1700,1700,1700
Punjab,Mohali,Dera Bassi APMC,Pumpkin,Other,Local,10/08/2026,1200,1200,1200
Punjab,Muktsar,Malout APMC,Brinjal,Brinjal,FAQ,10/08/2026,1300,1300,1300
Punjab,Muktsar,Malout APMC,Maize,Other,FAQ,10/08/2026,1900,1900,1900
Punjab,Muktsar,Malout APMC,Green Chilli,Green Chilly,FAQ,10/08/2026,3500,3500,3500
Punjab,Muktsar,Malout APMC,Papaya,Papaya,Grade A,10/08/2026,2100,2100,2100
Punjab,Muktsar,Malout APMC,Plum,Other,Grade A,10/08/2026,6000,6000,6000
Punjab,Muktsar,Malout APMC,Ridgeguard(Tori),Ridgeguard(Tori),FAQ,10/08/2026,2000,2000,2000
Punjab,Muktsar,Malout APMC,Lemon,Lemon,FAQ,10/08/2026,5000,5000,5000
Punjab,Muktsar,Malout APMC,Guava,Guava,Grade A,10/08/2026,2000,2000,2000
Punjab,Patiala,Nabha APMC,Mousambi(Sweet Lime),Other,Grade B,10/08/2026,2400,3500,2900
Punjab,Patiala,Nabha APMC,Ashgourd,Other,Grade C,10/08/2026,900,1600,1300
Punjab,Patiala,Nabha APMC,Tomato,Other,Grade C,10/08/2026,1700,2500,2100
Punjab,Patiala,Nabha APMC,Apple,Other,Grade B,10/08/2026,5000,10800,7700
Punjab,Patiala,Patiala APMC,Pear(Marasebu),Other,Grade A,10/08/2026,3000,3500,3200
Punjab,Patiala,Patiala APMC,Brinjal,Brinjal,Grade B,10/08/2026,700,900,800
Punjab,Patiala,Patiala APMC,Cauliflower,Cauliflower,Grade B,10/08/2026,700,900,800
Punjab,Patiala,Patiala APMC,Cabbage,Cabbage,Grade A,10/08/2026,500,700,600
Punjab,Patiala,Patiala APMC,Onion,Onion,Grade A,10/08/2026,700,900,800
Punjab,Patiala,Patran APMC,Lemon,Other,Grade A,10/08/2026,4000,4000,4000
Punjab,Patiala,Patran APMC,Papaya,Papaya,Grade A,10/08/2026,3280,3280,3280
Punjab,Patiala,Patran APMC,Guava,Guava,Grade A,10/08/2026,2300,2300,2300
Punjab,Patiala,Patran APMC,Bitter gourd,Bitter Gourd,Grade A,10/08/2026,2700,2700,2700
Punjab,Patiala,Patran APMC,Carrot,Other,Grade A,10/08/2026,2270,2270,2270
Punjab,Patiala,Patran APMC,Ridgeguard(Tori),Other,Grade A,10/08/2026,3300,3300,3300
Punjab,Patiala,Samana APMC,Bottle gourd,Bottle Gourd,Local,10/08/2026,2000,2600,2400
Punjab,Patiala,Samana APMC,Grapes,Green,Grade B,10/08/2026,13000,17000,15000
Punjab,Patiala,Samana APMC,Spinach,Spinach,Local,10/08/2026,1800,2300,2000
Punjab,Patiala,Samana APMC,Lemon,Other,Local,10/08/2026,4700,5500,4900
Punjab,Patiala,Samana APMC,Cucumbar(Kheera),Cucumbar,Local,10/08/2026,900,1400,1200
Punjab,Patiala,Samana APMC,Brinjal,Brinjal,Grade B,10/08/2026,3000,3400,3100
Keralam,Ernakulam,Perumbavoor Market,Amaranthus,Amaranthus,Medium,10/08/2026,3000,4000,3500
Keralam,Ernakulam,Perumbavoor Market,Cowpea(Veg),Cowpea (Veg),Medium,10/08/2026,4500,5200,4800
Keralam,Ernakulam,Perumbavoor Market,Elephant Yam(Suran)/Amorphophallus,Other,Medium,10/08/2026,4500,5500,5000
Keralam,Ernakulam,Perumbavoor Market,Indian Beans(Seam),Indian Beans (Seam),Medium,10/08/2026,6000,7000,6500
Keralam,Ernakulam,Perumbavoor Market,Mango(Raw-Ripe),Mango - Raw-Ripe,Medium,10/08/2026,4000,5000,4500
Keralam,Ernakulam,Perumbavoor Market,Onion,Onion,Medium,10/08/2026,3500,4500,4000
Keralam,Ernakulam,Perumbavoor Market,Banana,Palayamthodan,Medium,10/08/2026,3500,4500,4000
Maharashtra,Ahilyanagar,Pathardi APMC,Onion,Red,Local,10/08/2026,500,3000,1700
Punjab,Ropar (Rupnagar),Ropar APMC,Ginger(Green),Other,Medium,10/08/2026,12000,13000,12500
Punjab,Ropar (Rupnagar),Ropar APMC,Garlic,Desi,Local,10/08/2026,11000,12000,11500
Punjab,Ropar (Rupnagar),Ropar APMC,Onion,Nasik,Non-FAQ,10/08/2026,2500,2700,2600
Punjab,Sangrur,Ahmedgarh APMC,Potato,Local,Medium,10/08/2026,600,800,800
Keralam,Palakad,Pattambi Market,Bottle gourd,Bottle Gourd,FAQ,10/08/2026,4000,5000,4500
Keralam,Palakad,Pattambi Market,Cabbage,Cabbage,FAQ,10/08/2026,2000,2500,2200
Keralam,Palakad,Pattambi Market,Cauliflower,Cauliflower,FAQ,10/08/2026,3000,3500,3200
Keralam,Palakad,Pattambi Market,Colacasia,Other,FAQ,10/08/2026,4000,4500,4200
Keralam,Palakad,Pattambi Market,Mango(Raw-Ripe),Mango - Raw-Ripe,FAQ,10/08/2026,5500,6000,5800
Keralam,Palakad,Pattambi Market,Banana,Palayamthodan,Grade B,10/08/2026,4500,5000,4800
Keralam,Palakad,Pattambi Market,Lime,Other,Grade B,10/08/2026,6000,7000,6500
Keralam,Palakad,Pattambi Market,Tomato,Tomato,FAQ,10/08/2026,1600,2000,1800
Keralam,Kottayam,Ettumanoor Market,Green Chilli,Green Chilly,FAQ,10/08/2026,4600,5000,4800
Keralam,Kottayam,Ettumanoor Market,Colacasia,Other,FAQ,10/08/2026,6300,6700,6500
Keralam,Kottayam,Ettumanoor Market,Mango(Raw-Ripe),Mango - Raw-Ripe,FAQ,10/08/2026,3400,3700,3500
Keralam,Kottayam,Ettumanoor Market,Onion,Big,FAQ,10/08/2026,3400,3600,3500
Keralam,Kottayam,Ettumanoor Market,Tomato,Tomato,FAQ,10/08/2026,3400,3800,3600
Keralam,Kottayam,Ettumanoor Market,Beetroot,Beetroot,FAQ,10/08/2026,4500,5000,4700
Keralam,Kottayam,Ettumanoor Market,Brinjal,Brinjal,FAQ,10/08/2026,3000,3500,3300
Keralam,Kottayam,Ettumanoor Market,Carrot,Carrot,FAQ,10/08/2026,6800,7200,7000
Karnataka,Chamarajanagar,Chamarajanagar APMC,Beans,Beans (Whole),Local,10/08/2026,3500,6000,4800
Karnataka,Chamarajanagar,Chamarajanagar APMC,Cabbage,Cabbage,Local,10/08/2026,1000,1400,1200
Punjab,Sangrur,Dhuri APMC,Potato,Other,Medium,10/08/2026,800,900,850
Punjab,Sangrur,Malerkotla APMC,Bottle gourd,Bottle Gourd,Local,10/08/2026,800,1500,1000
Punjab,Sangrur,Malerkotla APMC,Bitter gourd,Bitter Gourd,Local,10/08/2026,1500,2500,2000
Punjab,Sangrur,Malerkotla APMC,Cabbage,Cabbage,Local,10/08/2026,700,1500,1000
Punjab,Sangrur,Malerkotla APMC,Cucumbar(Kheera),Other,Local,10/08/2026,1200,3000,1700
Punjab,Sangrur,Malerkotla APMC,Bhindi(Ladies Finger),Bhindi,Local,10/08/2026,1500,2500,2000
Punjab,Sangrur,Malerkotla APMC,Potato,Other,Local,10/08/2026,300,600,500
Punjab,Sangrur,Malerkotla APMC,Sponge gourd,Other,Local,10/08/2026,800,2000,1200
Punjab,Sangrur,Malerkotla APMC,Tomato,Tomato,Local,10/08/2026,800,2000,1500
Keralam,Ernakulam,Piravam Market,Beetroot,Beetroot,Local,10/08/2026,6000,8000,7000
Keralam,Ernakulam,Piravam Market,Bhindi(Ladies Finger),Bhindi,Local,10/08/2026,6000,7000,6500
Keralam,Ernakulam,Piravam Market,Little gourd(Kundru),Other,Local,10/08/2026,6000,7000,6500
Keralam,Ernakulam,Piravam Market,Onion,Onion,Local,10/08/2026,3000,4000,3500
Keralam,Ernakulam,Piravam Market,Papaya(Raw),Other,Local,10/08/2026,6000,7000,6500
Keralam,Ernakulam,Piravam Market,Potato,Potato,Local,10/08/2026,4000,4700,4500
Maharashtra,Nashik,Satana APMC,Wheat,Other,Non-FAQ,10/08/2026,2351,2351,2351
Karnataka,Kalaburagi,Kalaburagi APMC,Wheat,Sharbati,Local,10/08/2026,2500,3100,2800
Karnataka,Kalaburagi,Kalaburagi APMC,Rice,Broken Rice,Local,10/08/2026,2100,3000,2700
Karnataka,Kalaburagi,Kalaburagi APMC,Rice,Fine,Local,10/08/2026,4550,6100,5600
Karnataka,Kalaburagi,Kalaburagi APMC,Orange,Nagpuri,Local,10/08/2026,2000,3400,2700
Karnataka,Kalaburagi,Kalaburagi APMC,Red gram/Arhar/Tur(whole),Arhar (Whole),Local,10/08/2026,7000,8200,7800
Karnataka,Kalaburagi,Kalaburagi APMC,Beans,Beans (Whole),Local,10/08/2026,1000,2700,1850
Punjab,Tarntaran,Naushera Pannuan APMC,Spinach,Other,Local,10/08/2026,1500,1500,1500
Punjab,Tarntaran,Tarantaran APMC,Bitter gourd,Bitter Gourd,Local,10/08/2026,2300,2300,2300
Karnataka,Chikkaballapur,Chintamani APMC,Beans,Beans (Whole),Local,10/08/2026,4000,6000,5000
Karnataka,Chikkaballapur,Chintamani APMC,Carrot,Carrot,Local,10/08/2026,2000,4000,3000
Karnataka,Chikkaballapur,Chintamani APMC,Ladies Finger,Ladies Finger,Local,10/08/2026,1500,2500,2000
Karnataka,Chikkaballapur,Chintamani APMC,Cucumbar(Kheera),Cucumbar,Local,10/08/2026,400,600,500
Karnataka,Chikkaballapur,Chintamani APMC,Raddish,Raddish,Local,10/08/2026,1000,2000,1500
Gujarat,Porbandar,Porbandar APMC,Green Gram(Moong)(Whole),Green (Whole),Non-FAQ,10/08/2026,7000,8050,7525
Gujarat,Porbandar,Porbandar APMC,Kulthi(Horse Gram),Horse gram (Whole),FAQ,10/08/2026,5375,5375,5375
Gujarat,Porbandar,Porbandar APMC,Apple,Apple,Grade A,10/08/2026,7000,10000,8500
Gujarat,Porbandar,Porbandar APMC,Dates,Dates,FAQ,10/08/2026,4000,6000,5000
Gujarat,Porbandar,Porbandar APMC,Mousambi(Sweet Lime),Mousambi,Grade A,10/08/2026,2500,3500,3000
Andhra Pradesh,Bapatla,Parchur APMC,Bengal Gram(Gram)(Whole),Gulabi,Local,10/08/2026,6000,6200,6100
Andhra Pradesh,Bapatla,Parchur APMC,Black Gram(Urd Beans)(Whole),Local,Local,10/08/2026,7500,8500,8000
Gujarat,Mehsana,Vijapur(Vegetable) APMC,Green Chilli,Other,Grade A,10/08/2026,1650,4350,3000
Maharashtra,Ahilyanagar,Sangamner APMC,Pomegranate,Other,Local,10/08/2026,1000,12000,6500
Karnataka,Vijayanagara,Hospet APMC,Brinjal,Brinjal,Local,10/08/2026,2500,3200,3000
Andhra Pradesh,Chittor,Chittoor APMC,Gur(Jaggery),NO 2,Local,10/08/2026,3000,3200,3000
Madhya Pradesh,Jhabua,Petlawad(F&V) APMC,Cluster beans,Cluster Beans,Grade A,10/08/2026,2500,2500,2500
Madhya Pradesh,Jhabua,Petlawad(F&V) APMC,Capsicum,Capsicum,Grade A,10/08/2026,2500,2500,2500
Keralam,Alappuzha,Venmony  VFPCK Market,Banana,Nendra Bale,Grade A,10/08/2026,6000,8000,6500
Madhya Pradesh,Balaghat,Balaghat APMC,Paddy(Common),Paddy,FAQ,10/08/2026,1800,1850,1800
Madhya Pradesh,Indore,Indore(F&V) APMC,Bhindi(Ladies Finger),Bhindi,Local,10/08/2026,1000,3000,1800
Odisha,Balasore,Balasore APMC,Pumpkin,Pumpkin,Grade B,10/08/2026,1200,1200,1200
Tamil Nadu,Thanjavur,Tirukattupalli(Uzhavar Sandhai ),Ashgourd,Gouard,Local,10/08/2026,2400,2400,2400
Tamil Nadu,Thanjavur,Tirukattupalli(Uzhavar Sandhai ),Bhindi(Ladies Finger),Bhindi,Local,10/08/2026,4400,4400,4400
Tamil Nadu,Thanjavur,Tirukattupalli(Uzhavar Sandhai ),Green Chilli,Green Chilly,Local,10/08/2026,5000,5000,5000
Tamil Nadu,Thanjavur,Tirukattupalli(Uzhavar Sandhai ),Green Avare(W),Green Avare (W),Local,10/08/2026,7600,8600,8100
Tamil Nadu,Thiruchirappalli,Thuraiyur APMC,Potato,Other,Local,10/08/2026,2500,3000,2750
Tamil Nadu,Thiruchirappalli,Thuraiyur APMC,Cluster beans,Cluster Beans,Local,10/08/2026,4000,4500,4250
Tamil Nadu,Thiruchirappalli,Thuraiyur APMC,Pumpkin,Pumpkin,Local,10/08/2026,2000,2400,2200
Tamil Nadu,Thiruchirappalli,Thuraiyur APMC,Amaranthus,Amaranthus,Local,10/08/2026,1500,2000,1750
Tamil Nadu,Thiruchirappalli,Thuraiyur APMC,Cowpea(Veg),Cowpea (Veg),Local,10/08/2026,4000,4500,4250
Tamil Nadu,Thiruchirappalli,Thuraiyur APMC,Beans,Beans (Whole),Local,10/08/2026,9000,10000,9500
Tamil Nadu,Thiruchirappalli,Thuraiyur APMC,Sweet Potato,Hosur Red,Local,10/08/2026,4000,4500,4250
Tamil Nadu,Thiruchirappalli,Thuraiyur APMC,Drumstick,Drumstick,Local,10/08/2026,4000,4500,4250
Tamil Nadu,Thiruchirappalli,Thuraiyur APMC,Knool Khol,Knool Khol,Local,10/08/2026,3000,3500,3250
Tamil Nadu,Thiruchirappalli,Thuraiyur APMC,Lime,Lime,Local,10/08/2026,3500,4000,3750
Tamil Nadu,Thiruchirappalli,Thuraiyur APMC,Tender Coconut,Tender Coconut,Local,10/08/2026,4000,5000,4500
Tamil Nadu,Thiruchirappalli,Thuraiyur APMC,Onion Green,Onion Green,Local,10/08/2026,6000,7000,6500
Maharashtra,Sangli,"Sangli(Phale, Bhajipala Market) APMC",Papaya,Other,Local,10/08/2026,2000,2500,2250
Gujarat,Gandhinagar,Kalol APMC,Guar Seed(Cluster Beans Seed),Other,Local,10/08/2026,5350,5605,5500
Haryana,Fatehabad,Tohana(New Veg Market) APMC,Onion,Onion,FAQ,10/08/2026,2500,2700,2700
Haryana,Fatehabad,Tohana(New Veg Market) APMC,Tomato,Tomato,FAQ,10/08/2026,2500,2500,2500
Keralam,Malappuram,Parappanangadi Market,Banana - Green,Banana - Green,Grade B,10/08/2026,3500,3700,3600
Tamil Nadu,Vellore,Gudiyatham APMC,Paddy(Common),Other,Local,10/08/2026,1950,2000,1975
Madhya Pradesh,Jabalpur,Shahpura Bhitoni (F&V) APMC,Wheat,Mill Quality,FAQ,10/08/2026,2510,2576,2540
Madhya Pradesh,Jabalpur,Shahpura Bhitoni (F&V) APMC,Bengal Gram(Gram)(Whole),Desi (F.A.Q. Split),FAQ,10/08/2026,5705,6025,6025
Gujarat,Gandhinagar,Dehgam APMC,Wheat,Other,FAQ,10/08/2026,2600,2700,2650
Gujarat,Banaskanth,Palanpur APMC,Castor Seed,Castor seed,Local,10/08/2026,7007.5,7007.5,7007.5
Gujarat,Patan,Radhanpur APMC,Castor Seed,Other,Local,10/08/2026,6925,7100,7025
Gujarat,Patan,Radhanpur APMC,Ajwan,Other,Local,10/08/2026,10500,16500,15000
Tamil Nadu,Villupuram,Tindivanam APMC,Brinjal,Other,Local,10/08/2026,4500,4500,4500
Tamil Nadu,Villupuram,Tindivanam APMC,Bottle gourd,Bottle Gourd,Local,10/08/2026,2500,2500,2500
Tamil Nadu,Villupuram,Tindivanam APMC,Cabbage,Cabbage,Local,10/08/2026,3500,3500,3500
Tamil Nadu,Villupuram,Tindivanam APMC,Capsicum,Capsicum,Local,10/08/2026,6000,6000,6000
Tamil Nadu,Villupuram,Tindivanam APMC,Knool Khol,Knool Khol,Local,10/08/2026,4500,4500,4500
Tamil Nadu,Villupuram,Tindivanam APMC,Tender Coconut,Tender Coconut,Local,10/08/2026,3500,4000,3750
Tamil Nadu,Villupuram,Tindivanam APMC,Colacasia,Colacasia,Local,10/08/2026,5800,5800,5800
Tamil Nadu,Villupuram,Tindivanam APMC,Mint(Pudina),Mint(Pudina),Local,10/08/2026,3000,3000,3000
Tamil Nadu,Villupuram,Ulundurpettai APMC,Tomato,Deshi,Local,10/08/2026,1500,1500,1500
Tamil Nadu,Villupuram,Ulundurpettai APMC,Bottle gourd,Bottle Gourd,Local,10/08/2026,2000,2000,2000
Tamil Nadu,Villupuram,Ulundurpettai APMC,Bhindi(Ladies Finger),Bhindi,Local,10/08/2026,3500,3500,3500
Tamil Nadu,Villupuram,Ulundurpettai APMC,Ginger(Green),Green Ginger,Local,10/08/2026,13000,13000,13000
Tamil Nadu,Villupuram,Ulundurpettai APMC,Coconut,Coconut,Local,10/08/2026,3000,3000,3000
Tamil Nadu,Villupuram,Ulundurpettai APMC,Raddish,Raddish,Local,10/08/2026,4000,4000,4000
Tamil Nadu,Villupuram,Ulundurpettai APMC,Mango(Raw-Ripe),Mango - Raw-Ripe,Local,10/08/2026,2000,2000,2000
Tamil Nadu,Villupuram,Ulundurpettai APMC,Tender Coconut,Tender Coconut,Local,10/08/2026,3000,3000,3000
Uttar Pradesh,Raebarelli,Bachranwa APMC,Wheat,Dara,FAQ,10/08/2026,2450,2500,2485.29
Uttar Pradesh,Raebarelli,Bachranwa APMC,Wood,Eucalyptus,FAQ,10/08/2026,550,680,568.03
Maharashtra,Amarawati,Amarawati APMC,Bajra(Pearl Millet/Cumbu),Other,Non-FAQ,10/08/2026,2500,2700,2600
Maharashtra,Chattrapati Sambhajinagar,Chattrapati Sambhajinagar APMC,Apple,Other,Local,10/08/2026,14000,18000,16000
Maharashtra,Chattrapati Sambhajinagar,Chattrapati Sambhajinagar APMC,Potato,Other,Local,10/08/2026,700,1300,1000
Maharashtra,Chattrapati Sambhajinagar,Chattrapati Sambhajinagar APMC,Guar,Other,Local,10/08/2026,4000,5000,4500
Maharashtra,Chattrapati Sambhajinagar,Chattrapati Sambhajinagar APMC,Chilly Capsicum,Other,Local,10/08/2026,1000,1800,1400
Maharashtra,Chattrapati Sambhajinagar,Chattrapati Sambhajinagar APMC,Drumstick,Other,Local,10/08/2026,1200,3500,2350
Maharashtra,Chattrapati Sambhajinagar,Lasur Station APMC,Bajra(Pearl Millet/Cumbu),Other,Non-FAQ,10/08/2026,2000,2650,2430
Maharashtra,Chattrapati Sambhajinagar,Lasur Station APMC,Maize,Other,Non-FAQ,10/08/2026,2275,2325,2300
Maharashtra,Amarawati,Amrawati(Frui & Veg. Market) APMC,Bitter gourd,Other,Local,10/08/2026,2500,3000,2750
Maharashtra,Amarawati,Amrawati(Frui & Veg. Market) APMC,Chilly Capsicum,Other,Local,10/08/2026,3000,3500,3250
Maharashtra,Amarawati,Amrawati(Frui & Veg. Market) APMC,Pomegranate,Other,Local,10/08/2026,6000,8000,7000
Maharashtra,Amarawati,Amrawati(Frui & Veg. Market) APMC,Lime,Other,Local,10/08/2026,3500,4000,3750
Maharashtra,Amarawati,Amrawati(Frui & Veg. Market) APMC,Ginger(Green),Other,Local,10/08/2026,7000,14000,10500
Maharashtra,Amarawati,Amrawati(Frui & Veg. Market) APMC,Potato,Local,Local,10/08/2026,700,1400,1050
Maharashtra,Solapur,SHRI.SIDDHESHWAR  APMC,Lime,Other,Local,10/08/2026,500,4700,3000
Maharashtra,Solapur,SHRI.SIDDHESHWAR  APMC,Potato,Local,Local,10/08/2026,700,1250,1000
Tamil Nadu,Namakkal,Paramathivelur(Uzhavar Sandhai ),Papaya,Papaya,Local,10/08/2026,3000,3500,3250
Tamil Nadu,Namakkal,Paramathivelur(Uzhavar Sandhai ),Beans,Beans (Whole),Local,10/08/2026,9500,10000,9750
Tamil Nadu,Namakkal,Paramathivelur(Uzhavar Sandhai ),Coconut,Coconut,Local,10/08/2026,5600,5800,5700
Tamil Nadu,Namakkal,Paramathivelur(Uzhavar Sandhai ),Raddish,Raddish,Local,10/08/2026,3500,4000,3750
Tamil Nadu,Namakkal,Paramathivelur(Uzhavar Sandhai ),Onion Green,Onion Green,Local,10/08/2026,6600,7000,6800
Tamil Nadu,Namakkal,Rasipuram(Uzhavar Sandhai ),Onion,Bellary,Local,10/08/2026,4000,4500,4250
Tamil Nadu,Namakkal,Rasipuram(Uzhavar Sandhai ),Tomato,Other,Local,10/08/2026,1400,2000,1700
Tamil Nadu,Namakkal,Rasipuram(Uzhavar Sandhai ),Green Chilli,Green Chilly,Local,10/08/2026,6200,6800,6500
Tamil Nadu,Namakkal,Rasipuram(Uzhavar Sandhai ),Ginger(Green),Green Ginger,Local,10/08/2026,19000,20000,19500
Tamil Nadu,Namakkal,Rasipuram(Uzhavar Sandhai ),Beetroot,Beetroot,Local,10/08/2026,7000,8000,7500
Tamil Nadu,Namakkal,Rasipuram(Uzhavar Sandhai ),Thondekai,Thondekai,Local,10/08/2026,4500,5000,4750
Tamil Nadu,Namakkal,Rasipuram(Uzhavar Sandhai ),Drumstick,Drumstick,Local,10/08/2026,3000,3500,3250
Tamil Nadu,Namakkal,Rasipuram(Uzhavar Sandhai ),Mango(Raw-Ripe),Mango - Raw-Ripe,Local,10/08/2026,3500,4500,4000
Tamil Nadu,Namakkal,Rasipuram(Uzhavar Sandhai ),Elephant Yam(Suran)/Amorphophallus,Elephant Yam (Suran),Local,10/08/2026,3500,4000,3750
Tamil Nadu,Namakkal,Rasipuram(Uzhavar Sandhai ),Sweet Corn ,Sweet Corn ,Local,10/08/2026,2000,2500,2250
Tamil Nadu,Madurai,Palanganatham(Uzhavar Sandhai ),Brinjal,Other,Local,10/08/2026,4000,4500,4250
Tamil Nadu,Madurai,Palanganatham(Uzhavar Sandhai ),Soyabean,Local,Local,10/08/2026,9000,10000,9500
Tamil Nadu,Madurai,Palanganatham(Uzhavar Sandhai ),Bottle gourd,Bottle Gourd,Local,10/08/2026,3000,3600,3300
Tamil Nadu,Madurai,Palanganatham(Uzhavar Sandhai ),Ashgourd,Gouard,Local,10/08/2026,1800,2000,1900
Tamil Nadu,Madurai,Palanganatham(Uzhavar Sandhai ),Pumpkin,Pumpkin,Local,10/08/2026,1800,2000,1900
Tamil Nadu,Madurai,Palanganatham(Uzhavar Sandhai ),Coconut,Coconut,Local,10/08/2026,6000,6800,6400
Tamil Nadu,Madurai,Palanganatham(Uzhavar Sandhai ),Thondekai,Thondekai,Local,10/08/2026,4000,5000,4500
Tamil Nadu,Madurai,Palanganatham(Uzhavar Sandhai ),Indian Beans(Seam),Indian Beans (Seam),Local,10/08/2026,4000,5000,4500
Tamil Nadu,Madurai,Palanganatham(Uzhavar Sandhai ),Amla(Nelli Kai),Amla,Local,10/08/2026,6500,7000,6750
Tamil Nadu,Madurai,Anna nagar(Uzhavar Sandhai ),Grapes,Annabesahai,Local,10/08/2026,10000,10000,10000
Tamil Nadu,Madurai,Anna nagar(Uzhavar Sandhai ),Green Peas,Green Peas,Local,10/08/2026,14000,14000,14000
Tamil Nadu,Madurai,Anna nagar(Uzhavar Sandhai ),Chikoos(Sapota),Sapota,Local,10/08/2026,5000,6000,5500
Tamil Nadu,Madurai,Anna nagar(Uzhavar Sandhai ),Pineapple,Pine Apple,Local,10/08/2026,8000,8000,8000
Tamil Nadu,Madurai,Anna nagar(Uzhavar Sandhai ),Water Melon,Water Melon,Local,10/08/2026,2500,3000,2750
Tamil Nadu,Madurai,Anna nagar(Uzhavar Sandhai ),Knool Khol,Knool Khol,Local,10/08/2026,3600,3600,3600
Tamil Nadu,Madurai,Anna nagar(Uzhavar Sandhai ),Lime,Lime,Local,10/08/2026,4200,4200,4200
Tamil Nadu,Madurai,Anna nagar(Uzhavar Sandhai ),Lemon,Lemon,Local,10/08/2026,7000,7000,7000
Tamil Nadu,Madurai,Anna nagar(Uzhavar Sandhai ),Tube Rose(Loose),Tube Rose (Loose),Local,10/08/2026,22000,22000,22000
Tamil Nadu,Madurai,Anna nagar(Uzhavar Sandhai ),Sweet Corn ,Sweet Corn ,Local,10/08/2026,3000,3000,3000
Tamil Nadu,Perambalur,Perambalur(Uzhavar Sandhai ),Mango,Other,Local,10/08/2026,7000,8000,7500
Tamil Nadu,Perambalur,Perambalur(Uzhavar Sandhai ),Banana,Red Banana,Local,10/08/2026,7000,8000,7500
Tamil Nadu,Perambalur,Perambalur(Uzhavar Sandhai ),Bitter gourd,Bitter Gourd,Local,10/08/2026,5600,6000,5800
Tamil Nadu,Perambalur,Perambalur(Uzhavar Sandhai ),Bottle gourd,Bottle Gourd,Local,10/08/2026,1800,2200,2000
Tamil Nadu,Perambalur,Perambalur(Uzhavar Sandhai ),Pumpkin,Pumpkin,Local,10/08/2026,2000,2400,2200
Tamil Nadu,Perambalur,Perambalur(Uzhavar Sandhai ),Green Chilli,Green Chilly,Local,10/08/2026,5600,6000,5800
Tamil Nadu,Perambalur,Perambalur(Uzhavar Sandhai ),Beans,Beans (Whole),Local,10/08/2026,10000,10800,10400
Tamil Nadu,Perambalur,Perambalur(Uzhavar Sandhai ),Green Avare(W),Green Avare (W),Local,10/08/2026,8400,9800,9100
Tamil Nadu,Perambalur,Perambalur(Uzhavar Sandhai ),Pomegranate,Pomogranate,Local,10/08/2026,22000,24000,23000
Tamil Nadu,Perambalur,Perambalur(Uzhavar Sandhai ),Yam(Ratalu),Yam (Ratalu),Local,10/08/2026,5000,6400,5700
Tamil Nadu,Perambalur,Perambalur(Uzhavar Sandhai ),Indian Beans(Seam),Indian Beans (Seam),Local,10/08/2026,8000,8400,8200
Tamil Nadu,Perambalur,Perambalur(Uzhavar Sandhai ),Sweet Corn ,Sweet Corn ,Local,10/08/2026,4000,5000,4500
Tamil Nadu,Salem,Mecheri(Uzhavar Sandhai),Pumpkin,Pumpkin,Local,10/08/2026,2000,2500,2250
Tamil Nadu,Salem,Mecheri(Uzhavar Sandhai),Amaranthus,Amaranthus,Local,10/08/2026,2000,2500,2250
Tamil Nadu,Salem,Mecheri(Uzhavar Sandhai),Mint(Pudina),Mint(Pudina),Local,10/08/2026,3000,3500,3250
Tamil Nadu,Ranipet,Arcot(Uzhavar Sandhai ),Potato,Red Nanital,Local,10/08/2026,2800,3000,2900
Tamil Nadu,Ranipet,Arcot(Uzhavar Sandhai ),Ashgourd,Gouard,Local,10/08/2026,3000,3000,3000
Tamil Nadu,Ranipet,Arcot(Uzhavar Sandhai ),Bhindi(Ladies Finger),Bhindi,Local,10/08/2026,4000,4000,4000
Tamil Nadu,Ranipet,Arcot(Uzhavar Sandhai ),Beans,Beans (Whole),Local,10/08/2026,8000,8000,8000
Tamil Nadu,Ranipet,Arcot(Uzhavar Sandhai ),Green Chilli,Green Chilly,Local,10/08/2026,6000,6000,6000
Tamil Nadu,Ranipet,Arcot(Uzhavar Sandhai ),Beetroot,Beetroot,Local,10/08/2026,5000,5000,5000
Tamil Nadu,Ranipet,Arcot(Uzhavar Sandhai ),Capsicum,Capsicum,Local,10/08/2026,6000,6000,6000
Tamil Nadu,Ranipet,Arcot(Uzhavar Sandhai ),Green Avare(W),Green Avare (W),Local,10/08/2026,6000,6000,6000
Tamil Nadu,Ranipet,Arcot(Uzhavar Sandhai ),Chow Chow,Chow Chow,Local,10/08/2026,4000,4000,4000
Tamil Nadu,Ranipet,Arcot(Uzhavar Sandhai ),Cucumbar(Kheera),Cucumbar,Local,10/08/2026,4000,4000,4000
Tamil Nadu,Ranipet,Arcot(Uzhavar Sandhai ),Mint(Pudina),Mint(Pudina),Local,10/08/2026,2000,2000,2000
Tamil Nadu,Ranipet,Ranipettai(Uzhavar Sandhai ),Tomato,Other,Local,10/08/2026,1500,1800,1650
Tamil Nadu,Ranipet,Ranipettai(Uzhavar Sandhai ),Brinjal,Other,Local,10/08/2026,4400,5000,4700
Tamil Nadu,Ranipet,Ranipettai(Uzhavar Sandhai ),Coriander(Leaves),I Sort,Local,10/08/2026,3000,3000,3000
Tamil Nadu,Ranipet,Ranipettai(Uzhavar Sandhai ),Banana,Red Banana,Local,10/08/2026,10000,10000,10000
Tamil Nadu,Ranipet,Ranipettai(Uzhavar Sandhai ),Bottle gourd,Bottle Gourd,Local,10/08/2026,2500,3000,2750
Tamil Nadu,Ranipet,Ranipettai(Uzhavar Sandhai ),Pumpkin,Pumpkin,Local,10/08/2026,3000,3000,3000
Tamil Nadu,Ranipet,Ranipettai(Uzhavar Sandhai ),Snakeguard,Snakeguard,Local,10/08/2026,3000,3000,3000
Tamil Nadu,Ranipet,Ranipettai(Uzhavar Sandhai ),Beetroot,Beetroot,Local,10/08/2026,5000,5000,5000
Tamil Nadu,Ranipet,Ranipettai(Uzhavar Sandhai ),Raddish,Raddish,Local,10/08/2026,2500,3000,2750
Tamil Nadu,Ranipet,Ranipettai(Uzhavar Sandhai ),Guava,Guava Allahabad,Local,10/08/2026,6000,8000,7000
Tamil Nadu,Ranipet,Ranipettai(Uzhavar Sandhai ),Indian Beans(Seam),Indian Beans (Seam),Local,10/08/2026,7000,7000,7000
Tamil Nadu,Ranipet,Ranipettai(Uzhavar Sandhai ),Colacasia,Colacasia,Local,10/08/2026,3600,4000,3800
Tamil Nadu,Ranipet,Ranipettai(Uzhavar Sandhai ),Custard Apple(Sharifa),Custard Apple(Sharifa),Local,10/08/2026,8000,8000,8000
Tamil Nadu,Ranipet,Ranipettai(Uzhavar Sandhai ),Rose(Local),Rose (Local),Local,10/08/2026,22000,24000,23000
Tamil Nadu,Salem,Ammapet(Uzhavar Sandhai ),Groundnut,Big (With Shell),Local,10/08/2026,5600,6000,5800
Tamil Nadu,Salem,Ammapet(Uzhavar Sandhai ),Bitter gourd,Other,Local,10/08/2026,4600,5000,4800
Tamil Nadu,Salem,Ammapet(Uzhavar Sandhai ),Green Chilli,Green Chilly,Local,10/08/2026,5000,5200,5100
Tamil Nadu,Salem,Ammapet(Uzhavar Sandhai ),Banana - Green,Banana - Green,Local,10/08/2026,2500,2800,2650
Tamil Nadu,Salem,Ammapet(Uzhavar Sandhai ),Ginger(Green),Green Ginger,Local,10/08/2026,16600,17500,17050
Tamil Nadu,Salem,Ammapet(Uzhavar Sandhai ),Marigold(Calcutta),Marigold(Calcutta),Local,10/08/2026,13000,14000,13500
Tamil Nadu,Salem,Ammapet(Uzhavar Sandhai ),Onion Green,Onion Green,Local,10/08/2026,5000,5400,5200
Tamil Nadu,Salem,Ammapet(Uzhavar Sandhai ),Rose(Local),Rose (Local),Local,10/08/2026,7000,8000,7500
Tamil Nadu,Salem,Mettur(Uzhavar Sandhai ),Bitter gourd,Other,Local,10/08/2026,4500,5000,4750
Tamil Nadu,Salem,Mettur(Uzhavar Sandhai ),Bottle gourd,Bottle Gourd,Local,10/08/2026,1500,2000,1750
Tamil Nadu,Salem,Mettur(Uzhavar Sandhai ),Bhindi(Ladies Finger),Bhindi,Local,10/08/2026,3000,3500,3250
Tamil Nadu,Salem,Mettur(Uzhavar Sandhai ),Amaranthus,Amaranthus,Local,10/08/2026,2000,2500,2250
Tamil Nadu,Salem,Mettur(Uzhavar Sandhai ),Coconut,Coconut,Local,10/08/2026,5500,6000,5750
Tamil Nadu,Salem,Mettur(Uzhavar Sandhai ),Raddish,Raddish,Local,10/08/2026,2500,3000,2750
Tamil Nadu,Salem,Mettur(Uzhavar Sandhai ),Chow Chow,Chow Chow,Local,10/08/2026,3500,4000,3750
Tamil Nadu,Salem,Mettur(Uzhavar Sandhai ),Knool Khol,Knool Khol,Local,10/08/2026,5500,6000,5750
Tamil Nadu,Salem,Mettur(Uzhavar Sandhai ),Lemon,Lemon,Local,10/08/2026,6500,7000,6750
Tamil Nadu,Salem,Mettur(Uzhavar Sandhai ),Mint(Pudina),Mint(Pudina),Local,10/08/2026,2500,3000,2750
Tamil Nadu,Salem,Sooramangalam(Uzhavar Sandhai ),Mango,Neelam,Local,10/08/2026,6000,6500,6250
Tamil Nadu,Salem,Sooramangalam(Uzhavar Sandhai ),Onion,Bellary,Local,10/08/2026,3500,4000,3750
Tamil Nadu,Salem,Sooramangalam(Uzhavar Sandhai ),Potato,Other,Local,10/08/2026,6000,7200,6600
Tamil Nadu,Salem,Sooramangalam(Uzhavar Sandhai ),Coriander(Leaves),I Sort,Local,10/08/2026,3000,3600,3300
Tamil Nadu,Salem,Sooramangalam(Uzhavar Sandhai ),Bhindi(Ladies Finger),Bhindi,Local,10/08/2026,3200,3600,3400
Tamil Nadu,Salem,Sooramangalam(Uzhavar Sandhai ),Raddish,Raddish,Local,10/08/2026,2400,2800,2600
Tamil Nadu,Salem,Sooramangalam(Uzhavar Sandhai ),Capsicum,Capsicum,Local,10/08/2026,5500,6000,5750
Tamil Nadu,Salem,Sooramangalam(Uzhavar Sandhai ),Chow Chow,Chow Chow,Local,10/08/2026,2800,3000,2900
Tamil Nadu,Salem,Sooramangalam(Uzhavar Sandhai ),Rose(Local),Rose (Local),Local,10/08/2026,9000,10000,9500
Tamil Nadu,Salem,Thammampatti (Uzhavar Sandhai ),Chikoos(Sapota),Sapota,Local,10/08/2026,4000,4000,4000
Tamil Nadu,Salem,Thammampatti (Uzhavar Sandhai ),Ashgourd,Gouard,Local,10/08/2026,2000,2500,2250
Tamil Nadu,Salem,Thammampatti (Uzhavar Sandhai ),Green Chilli,Green Chilly,Local,10/08/2026,4500,5000,4750
Tamil Nadu,Salem,Thammampatti (Uzhavar Sandhai ),Banana - Green,Banana - Green,Local,10/08/2026,2000,2500,2250
Tamil Nadu,Salem,Thammampatti (Uzhavar Sandhai ),Ginger(Green),Green Ginger,Local,10/08/2026,12000,19000,15500
Tamil Nadu,Salem,Thammampatti (Uzhavar Sandhai ),Coconut,Coconut,Local,10/08/2026,5500,6000,5750
Tamil Nadu,Salem,Thammampatti (Uzhavar Sandhai ),Ridgeguard(Tori),Ridgeguard(Tori),Local,10/08/2026,4000,4500,4250
Tamil Nadu,Salem,Thammampatti (Uzhavar Sandhai ),Drumstick,Drumstick,Local,10/08/2026,2000,3000,2500
Tamil Nadu,Salem,Thathakapatti(Uzhavar Sandhai ),Cauliflower,Ranchi,Local,10/08/2026,2000,2500,2250
Tamil Nadu,Salem,Thathakapatti(Uzhavar Sandhai ),Green Peas,Green Peas,Local,10/08/2026,12000,13000,12500
Tamil Nadu,Salem,Thathakapatti(Uzhavar Sandhai ),Groundnut,Big (With Shell),Local,10/08/2026,7000,8000,7500
Tamil Nadu,Salem,Thathakapatti(Uzhavar Sandhai ),Banana,Besrai,Local,10/08/2026,4000,8000,6000
Tamil Nadu,Salem,Thathakapatti(Uzhavar Sandhai ),Green Chilli,Green Chilly,Local,10/08/2026,5000,5200,5100
Tamil Nadu,Salem,Thathakapatti(Uzhavar Sandhai ),Cowpea(Veg),Cowpea (Veg),Local,10/08/2026,3500,4000,3750
Tamil Nadu,Salem,Thathakapatti(Uzhavar Sandhai ),Coconut,Coconut,Local,10/08/2026,6000,6500,6250
Tamil Nadu,Salem,Thathakapatti(Uzhavar Sandhai ),Cabbage,Cabbage,Local,10/08/2026,3000,3600,3300
Tamil Nadu,Salem,Thathakapatti(Uzhavar Sandhai ),Beetroot,Beetroot,Local,10/08/2026,7000,8000,7500
Tamil Nadu,Salem,Thathakapatti(Uzhavar Sandhai ),Ridgeguard(Tori),Ridgeguard(Tori),Local,10/08/2026,3500,4500,4000
Tamil Nadu,Salem,Thathakapatti(Uzhavar Sandhai ),Lime,Lime,Local,10/08/2026,3000,4000,3500
Tamil Nadu,Salem,Thathakapatti(Uzhavar Sandhai ),Jasmine,Jasmine,Local,10/08/2026,28000,30000,29000
Tamil Nadu,Salem,Thathakapatti(Uzhavar Sandhai ),Kakada,Kakada,Local,10/08/2026,18000,20000,19000
Tamil Nadu,Salem,Thathakapatti(Uzhavar Sandhai ),Yam(Ratalu),Yam (Ratalu),Local,10/08/2026,6000,7000,6500
Tamil Nadu,Salem,Thathakapatti(Uzhavar Sandhai ),Onion Green,Onion Green,Local,10/08/2026,5000,6000,5500
Uttar Pradesh,Balrampur,Utraula APMC,Wheat,Dara,FAQ,10/08/2026,2450,2450,2450
Uttar Pradesh,Balrampur,Utraula APMC,Rice,Common,FAQ,10/08/2026,2500,2500,2500
Assam,Kamrup,Fancy Bazaar APMC,Rice,Super Fine,FAQ,10/08/2026,7000,18500,13200
Assam,Kamrup,Fancy Bazaar APMC,Lentil(Masur)(Whole),Masur Dal,FAQ,10/08/2026,7400,10000,8000
Assam,Kamrup,Fancy Bazaar APMC,Red gram split/Arhar dal/Tur dal,Arhar Dal(Tur),FAQ,10/08/2026,10800,13000,11800
Assam,Kamrup,Fancy Bazaar APMC,Green Peas,Gemin Peas Dal,FAQ,10/08/2026,4800,5000,4900
Uttar Pradesh,Bijnor,Dhampur APMC,Green Chilli,Other,FAQ,10/08/2026,1600,1800,1749.02
Assam,Hailakandi,Harbartganj Daily Market APMC,Raddish,Raddish,FAQ,10/08/2026,1800,2000,1900
Assam,Hailakandi,Harbartganj Daily Market APMC,Pumpkin,Pumpkin,FAQ,10/08/2026,2500,3500,3000
Tamil Nadu,Tenkasi,Sankarankoil(Uzhavar Sandhai ),Onion,Bellary,Local,10/08/2026,2500,4000,3250
Tamil Nadu,Tenkasi,Sankarankoil(Uzhavar Sandhai ),Pumpkin,Pumpkin,Local,10/08/2026,2000,2000,2000
Tamil Nadu,Tenkasi,Sankarankoil(Uzhavar Sandhai ),Tapioca,Tapioca,Local,10/08/2026,4000,4000,4000
Tamil Nadu,Tenkasi,Sankarankoil(Uzhavar Sandhai ),Ridgeguard(Tori),Ridgeguard(Tori),Local,10/08/2026,5000,5000,5000
Tamil Nadu,Tenkasi,Sankarankoil(Uzhavar Sandhai ),Thondekai,Thondekai,Local,10/08/2026,6000,6000,6000
Tamil Nadu,Tenkasi,Sankarankoil(Uzhavar Sandhai ),Tender Coconut,Tender Coconut,Local,10/08/2026,3000,3000,3000
Tamil Nadu,Tenkasi,Tenkasi(Uzhavar Sandhai ),Garlic,Garlic,Local,10/08/2026,15000,15000,15000
Tamil Nadu,Tenkasi,Tenkasi(Uzhavar Sandhai ),Brinjal,Other,Local,10/08/2026,4000,4000,4000
Tamil Nadu,Tenkasi,Tenkasi(Uzhavar Sandhai ),Chikoos(Sapota),Sapota,Local,10/08/2026,5000,5000,5000
Tamil Nadu,Tenkasi,Tenkasi(Uzhavar Sandhai ),Papaya,Papaya,Local,10/08/2026,3000,3000,3000
Tamil Nadu,Tenkasi,Tenkasi(Uzhavar Sandhai ),Tomato,Local,Local,10/08/2026,1500,2000,1750
Tamil Nadu,Tenkasi,Tenkasi(Uzhavar Sandhai ),Bhindi(Ladies Finger),Bhindi,Local,10/08/2026,3500,3500,3500
Tamil Nadu,Tenkasi,Tenkasi(Uzhavar Sandhai ),Amaranthus,Amaranthus,Local,10/08/2026,1500,1500,1500
Tamil Nadu,Tenkasi,Tenkasi(Uzhavar Sandhai ),Green Chilli,Green Chilly,Local,10/08/2026,4000,5000,4500
Tamil Nadu,Tenkasi,Tenkasi(Uzhavar Sandhai ),Mint(Pudina),Mint(Pudina),Local,10/08/2026,5000,5000,5000
Tamil Nadu,Pudukkottai,Pudukottai(Uzhavar Sandhai ),Mango,Other,Local,10/08/2026,7000,8000,7500
Tamil Nadu,Pudukkottai,Pudukottai(Uzhavar Sandhai ),Potato,Other,Local,10/08/2026,6000,7000,6500
Tamil Nadu,Pudukkottai,Pudukottai(Uzhavar Sandhai ),Tomato,Deshi,Local,10/08/2026,2000,2400,2200
Tamil Nadu,Pudukkottai,Pudukottai(Uzhavar Sandhai ),Bitter gourd,Other,Local,10/08/2026,8000,9000,8500
Tamil Nadu,Pudukkottai,Pudukottai(Uzhavar Sandhai ),Bottle gourd,Bottle Gourd,Local,10/08/2026,2500,3000,2750
Tamil Nadu,Pudukkottai,Pudukottai(Uzhavar Sandhai ),Cowpea(Veg),Cowpea (Veg),Local,10/08/2026,1500,2000,1750
Tamil Nadu,Pudukkottai,Pudukottai(Uzhavar Sandhai ),Banana - Green,Banana - Green,Local,10/08/2026,2500,3000,2750
Tamil Nadu,Pudukkottai,Pudukottai(Uzhavar Sandhai ),Tapioca,Tapioca,Local,10/08/2026,3000,4000,3500
Tamil Nadu,Pudukkottai,Pudukottai(Uzhavar Sandhai ),Carrot,Pusakesar,Local,10/08/2026,9000,10000,9500
Tamil Nadu,Pudukkottai,Pudukottai(Uzhavar Sandhai ),Beetroot,Beetroot,Local,10/08/2026,5000,5500,5250
Tamil Nadu,Pudukkottai,Pudukottai(Uzhavar Sandhai ),Thondekai,Thondekai,Local,10/08/2026,5000,6000,5500
Tamil Nadu,Pudukkottai,Pudukottai(Uzhavar Sandhai ),Green Avare(W),Other,Local,10/08/2026,7000,8000,7500
Tamil Nadu,Pudukkottai,Pudukottai(Uzhavar Sandhai ),Lime,Lime,Local,10/08/2026,1500,2000,1750
Tamil Nadu,Pudukkottai,Pudukottai(Uzhavar Sandhai ),Guava,Guava Allahabad,Local,10/08/2026,7000,8000,7500
Tamil Nadu,Pudukkottai,Pudukottai(Uzhavar Sandhai ),Mashrooms,Mashrooms,Local,10/08/2026,24000,25000,24500
Tamil Nadu,Thanjavur,Kumbakonam (Uzhavar Sandhai ),Garlic,Garlic,Local,10/08/2026,20000,20000,20000
Tamil Nadu,Thanjavur,Kumbakonam (Uzhavar Sandhai ),Tomato,Deshi,Local,10/08/2026,2000,2400,2200
Tamil Nadu,Thanjavur,Kumbakonam (Uzhavar Sandhai ),Bitter gourd,Bitter Gourd,Local,10/08/2026,7200,7200,7200
Tamil Nadu,Thanjavur,Kumbakonam (Uzhavar Sandhai ),Bottle gourd,Bottle Gourd,Local,10/08/2026,3600,3600,3600
Tamil Nadu,Thanjavur,Kumbakonam (Uzhavar Sandhai ),Banana - Green,Banana - Green,Local,10/08/2026,4800,4800,4800
Tamil Nadu,Thanjavur,Kumbakonam (Uzhavar Sandhai ),Ginger(Green),Green Ginger,Local,10/08/2026,13000,24000,18500
Tamil Nadu,Thanjavur,Kumbakonam (Uzhavar Sandhai ),Cabbage,Cabbage,Local,10/08/2026,4200,4200,4200
Tamil Nadu,Thanjavur,Kumbakonam (Uzhavar Sandhai ),Guava,Guava Allahabad,Local,10/08/2026,8000,8000,8000
Tamil Nadu,Thanjavur,Kumbakonam (Uzhavar Sandhai ),Yam(Ratalu),Yam (Ratalu),Local,10/08/2026,9600,9600,9600
Tamil Nadu,Thanjavur,Kumbakonam (Uzhavar Sandhai ),Lemon,Lemon,Local,10/08/2026,8500,8500,8500
Tamil Nadu,The Nilgiris,Udhagamandalam(Uzhavar Sandhai ),Potato,Other,Local,10/08/2026,5500,6000,5750
Tamil Nadu,The Nilgiris,Udhagamandalam(Uzhavar Sandhai ),Bhindi(Ladies Finger),Bhindi,Local,10/08/2026,3500,4000,3750
Tamil Nadu,The Nilgiris,Udhagamandalam(Uzhavar Sandhai ),Snakeguard,Snakeguard,Local,10/08/2026,3000,3400,3200
Tamil Nadu,The Nilgiris,Udhagamandalam(Uzhavar Sandhai ),Ridgeguard(Tori),Ridgeguard(Tori),Local,10/08/2026,4500,4800,4650
Tamil Nadu,The Nilgiris,Udhagamandalam(Uzhavar Sandhai ),Raddish,Raddish,Local,10/08/2026,3000,3500,3250
Tamil Nadu,The Nilgiris,Udhagamandalam(Uzhavar Sandhai ),Thondekai,Thondekai,Local,10/08/2026,4500,5000,4750
Tamil Nadu,The Nilgiris,Udhagamandalam(Uzhavar Sandhai ),Mango(Raw-Ripe),Mango - Raw-Ripe,Local,10/08/2026,8000,9000,8500
Tamil Nadu,The Nilgiris,Udhagamandalam(Uzhavar Sandhai ),Lime,Lime,Local,10/08/2026,9000,11000,10000
Tamil Nadu,The Nilgiris,Udhagamandalam(Uzhavar Sandhai ),Cucumbar(Kheera),Cucumbar,Local,10/08/2026,3500,4000,3750
Tamil Nadu,The Nilgiris,Udhagamandalam(Uzhavar Sandhai ),Lemon,Lemon,Local,10/08/2026,7000,8000,7500
Tamil Nadu,Theni,Andipatti(Uzhavar Sandhai ),Garlic,Garlic,Local,10/08/2026,23000,24000,23500
Tamil Nadu,Theni,Andipatti(Uzhavar Sandhai ),Brinjal,Other,Local,10/08/2026,3400,3600,3500
Tamil Nadu,Theni,Andipatti(Uzhavar Sandhai ),Coconut,Coconut,Local,10/08/2026,5400,5600,5500
Tamil Nadu,Theni,Andipatti(Uzhavar Sandhai ),Knool Khol,Knool Khol,Local,10/08/2026,3800,4000,3900
Tamil Nadu,Theni,Andipatti(Uzhavar Sandhai ),Lemon,Lemon,Local,10/08/2026,5500,6000,5750
Tamil Nadu,Theni,Andipatti(Uzhavar Sandhai ),Onion Green,Onion Green,Local,10/08/2026,6500,7000,6750
Gujarat,Navsari,Bilimora APMC,Cauliflower,Other,FAQ,10/08/2026,1250,2500,1800
Gujarat,Navsari,Bilimora APMC,Brinjal,Other,FAQ,10/08/2026,4000,5500,5000
Gujarat,Gandhinagar,Mansa APMC,Jowar(Sorghum),Other,Local,10/08/2026,6160,6280,6255
Tamil Nadu,Theni,Bodinayakanur(Uzhavar Sandhai ),Potato,Red Nanital,Local,10/08/2026,2600,2600,2600
Tamil Nadu,Theni,Bodinayakanur(Uzhavar Sandhai ),Banana,Besrai,Local,10/08/2026,5000,5000,5000
Tamil Nadu,Theni,Bodinayakanur(Uzhavar Sandhai ),Amaranthus,Amaranthus,Local,10/08/2026,2500,2500,2500
Tamil Nadu,Theni,Bodinayakanur(Uzhavar Sandhai ),Green Chilli,Green Chilly,Local,10/08/2026,4500,4500,4500
Tamil Nadu,Theni,Bodinayakanur(Uzhavar Sandhai ),Coconut,Coconut,Local,10/08/2026,5600,5600,5600
Tamil Nadu,Theni,Bodinayakanur(Uzhavar Sandhai ),Snakeguard,Snakeguard,Local,10/08/2026,4200,4200,4200
Tamil Nadu,Theni,Bodinayakanur(Uzhavar Sandhai ),Raddish,Raddish,Local,10/08/2026,2600,2600,2600
Tamil Nadu,Theni,Bodinayakanur(Uzhavar Sandhai ),Chow Chow,Chow Chow,Local,10/08/2026,2400,2400,2400
Tamil Nadu,Theni,Bodinayakanur(Uzhavar Sandhai ),Knool Khol,Knool Khol,Local,10/08/2026,3800,3800,3800
Tamil Nadu,Theni,Chinnamanur(Uzhavar Sandhai ),Coriander(Leaves),I Sort,Local,10/08/2026,3600,3600,3600
Tamil Nadu,Theni,Chinnamanur(Uzhavar Sandhai ),Carrot,Pusakesar,Local,10/08/2026,8000,8500,8250
Tamil Nadu,Theni,Chinnamanur(Uzhavar Sandhai ),Raddish,Raddish,Local,10/08/2026,2200,2600,2400
Tamil Nadu,Theni,Chinnamanur(Uzhavar Sandhai ),Thondekai,Thondekai,Local,10/08/2026,5000,5000,5000
Tamil Nadu,Theni,Chinnamanur(Uzhavar Sandhai ),Drumstick,Drumstick,Local,10/08/2026,3000,3000,3000
Tamil Nadu,Theni,Chinnamanur(Uzhavar Sandhai ),Indian Beans(Seam),Indian Beans (Seam),Local,10/08/2026,5800,5800,5800
Tamil Nadu,Theni,Chinnamanur(Uzhavar Sandhai ),Mint(Pudina),Mint(Pudina),Local,10/08/2026,4500,4500,4500
Tamil Nadu,Theni,Kambam(Uzhavar Sandhai ),Potato,Other,Local,10/08/2026,2500,2600,2550
Tamil Nadu,Theni,Kambam(Uzhavar Sandhai ),Cauliflower,Ranchi,Local,10/08/2026,2500,3000,2750
Tamil Nadu,Theni,Kambam(Uzhavar Sandhai ),Brinjal,Other,Local,10/08/2026,3500,3800,3650
Tamil Nadu,Theni,Kambam(Uzhavar Sandhai ),Tomato,Deshi,Local,10/08/2026,1800,2000,1900
Tamil Nadu,Theni,Kambam(Uzhavar Sandhai ),Green Avare(W),Other,Local,10/08/2026,6000,7000,6500
Tamil Nadu,Theni,Kambam(Uzhavar Sandhai ),Mint(Pudina),Mint(Pudina),Local,10/08/2026,4500,4500,4500
Tamil Nadu,Theni,Theni(Uzhavar Sandhai ),Garlic,Garlic,Local,10/08/2026,10000,20000,15000
Tamil Nadu,Theni,Theni(Uzhavar Sandhai ),Mousambi(Sweet Lime),Mousambi,Local,10/08/2026,8000,8000,8000
Tamil Nadu,Theni,Theni(Uzhavar Sandhai ),Soyabean,Local,Local,10/08/2026,9000,9000,9000
Tamil Nadu,Theni,Theni(Uzhavar Sandhai ),Pumpkin,Pumpkin,Local,10/08/2026,1500,1800,1650
Tamil Nadu,Theni,Theni(Uzhavar Sandhai ),Bhindi(Ladies Finger),Bhindi,Local,10/08/2026,3800,4000,3900
Tamil Nadu,Theni,Theni(Uzhavar Sandhai ),Banana - Green,Banana - Green,Local,10/08/2026,3000,3500,3250
Tamil Nadu,Theni,Theni(Uzhavar Sandhai ),Cabbage,Cabbage,Local,10/08/2026,3000,3000,3000
Tamil Nadu,Theni,Theni(Uzhavar Sandhai ),Ridgeguard(Tori),Ridgeguard(Tori),Local,10/08/2026,4200,4200,4200
Tamil Nadu,Theni,Theni(Uzhavar Sandhai ),Capsicum,Capsicum,Local,10/08/2026,6000,6000,6000
Tamil Nadu,Theni,Theni(Uzhavar Sandhai ),Beetroot,Beetroot,Local,10/08/2026,4200,4500,4350
Tamil Nadu,Theni,Theni(Uzhavar Sandhai ),Mashrooms,Mashrooms,Local,10/08/2026,23000,23000,23000
Tamil Nadu,Thirunelveli,Ambasamudram(Uzhavar Sandhai ),Tomato,Local,Local,10/08/2026,1700,2000,1850
Tamil Nadu,Thirunelveli,Ambasamudram(Uzhavar Sandhai ),Banana - Green,Banana - Green,Local,10/08/2026,2500,3000,2750
Tamil Nadu,Thirunelveli,Kandiyaperi(Uzhavar Sandhai ),Potato,Other,Local,10/08/2026,2600,2800,2700
Tamil Nadu,Thirunelveli,Melapalayam(Uzhavar Sandhai ),Potato,Other,Local,10/08/2026,2600,2800,2700
Tamil Nadu,Thirunelveli,Melapalayam(Uzhavar Sandhai ),Chikoos(Sapota),Sapota,Local,10/08/2026,4000,5000,4500
Tamil Nadu,Thirunelveli,Melapalayam(Uzhavar Sandhai ),Beetroot,Beetroot,Local,10/08/2026,4800,6800,5800
Tamil Nadu,Thirunelveli,Melapalayam(Uzhavar Sandhai ),Drumstick,Drumstick,Local,10/08/2026,2200,2500,2350
Tamil Nadu,Thirunelveli,NGO Colony(Uzhavar Sandhai ),Coriander(Leaves),I Sort,Local,10/08/2026,4000,4500,4250
Tamil Nadu,Thirunelveli,NGO Colony(Uzhavar Sandhai ),Cluster beans,Cluster Beans,Local,10/08/2026,2500,3000,2750
Tamil Nadu,Thirunelveli,NGO Colony(Uzhavar Sandhai ),Pumpkin,Pumpkin,Local,10/08/2026,1000,1400,1200
Tamil Nadu,Thirunelveli,NGO Colony(Uzhavar Sandhai ),Carrot,Pusakesar,Local,10/08/2026,9000,9600,9300
Tamil Nadu,Thirunelveli,NGO Colony(Uzhavar Sandhai ),Ridgeguard(Tori),Ridgeguard(Tori),Local,10/08/2026,3500,4000,3750
Tamil Nadu,Thirunelveli,Palayamkottai(Uzhavar Sandhai ),Tomato,Deshi,Local,10/08/2026,2000,2700,2350
Tamil Nadu,Thirunelveli,Palayamkottai(Uzhavar Sandhai ),Cauliflower,Ranchi,Local,10/08/2026,4500,5000,4750
Tamil Nadu,Thirunelveli,Palayamkottai(Uzhavar Sandhai ),Pumpkin,Pumpkin,Local,10/08/2026,1200,1400,1300
Tamil Nadu,Thirunelveli,Palayamkottai(Uzhavar Sandhai ),Amaranthus,Amaranthus,Local,10/08/2026,1000,1500,1250
Tamil Nadu,Thirunelveli,Palayamkottai(Uzhavar Sandhai ),Cowpea(Veg),Cowpea (Veg),Local,10/08/2026,3400,3600,3500
Tamil Nadu,Thirunelveli,Palayamkottai(Uzhavar Sandhai ),Capsicum,Capsicum,Local,10/08/2026,5500,6000,5750
Tamil Nadu,Thirunelveli,Palayamkottai(Uzhavar Sandhai ),Elephant Yam(Suran)/Amorphophallus,Elephant Yam (Suran),Local,10/08/2026,3600,4200,3900
Tamil Nadu,Thanjavur,Budalur APMC,Paddy(Common),B P T,Local,10/08/2026,1450,1990,1720
Tamil Nadu,Thirupur,Kangayam(Uzhavar Sandhai ),Bitter gourd,Bitter Gourd,Local,10/08/2026,4500,5200,4850
Tamil Nadu,Thirupur,Kangayam(Uzhavar Sandhai ),Bhindi(Ladies Finger),Bhindi,Local,10/08/2026,3500,4000,3750
Tamil Nadu,Thirupur,Kangayam(Uzhavar Sandhai ),Banana - Green,Banana - Green,Local,10/08/2026,2500,3000,2750
Tamil Nadu,Thirupur,Kangayam(Uzhavar Sandhai ),Drumstick,Drumstick,Local,10/08/2026,3500,4000,3750
Tamil Nadu,Thirupur,Kangayam(Uzhavar Sandhai ),Amla(Nelli Kai),Amla,Local,10/08/2026,6000,7000,6500
Tamil Nadu,Thirupur,Tiruppur (North) (Uzhavar Sandhai ),Bitter gourd,Other,Local,10/08/2026,4500,5000,4750
Tamil Nadu,Thirupur,Tiruppur (North) (Uzhavar Sandhai ),Banana - Green,Banana - Green,Local,10/08/2026,2500,3000,2750
Tamil Nadu,Thirupur,Tiruppur (North) (Uzhavar Sandhai ),Beans,Beans (Whole),Local,10/08/2026,9000,10000,9500
Tamil Nadu,Thirupur,Tiruppur (North) (Uzhavar Sandhai ),Ginger(Green),Green Ginger,Local,10/08/2026,17000,18000,17500
Tamil Nadu,Thirupur,Tiruppur (North) (Uzhavar Sandhai ),Sweet Potato,Hosur Red,Local,10/08/2026,3500,4000,3750
Tamil Nadu,Thirupur,Tiruppur (North) (Uzhavar Sandhai ),Snakeguard,Snakeguard,Local,10/08/2026,3500,4000,3750
Tamil Nadu,Thirupur,Tiruppur (North) (Uzhavar Sandhai ),Chow Chow,Chow Chow,Local,10/08/2026,2500,3000,2750
Tamil Nadu,Thirupur,Tiruppur (North) (Uzhavar Sandhai ),Drumstick,Drumstick,Local,10/08/2026,3500,4000,3750
Tamil Nadu,Thirupur,Tiruppur (North) (Uzhavar Sandhai ),Guava,Guava Allahabad,Local,10/08/2026,4500,5000,4750
Tamil Nadu,Thiruvannamalai,Chengam(Uzhavar Sandhai ),Cluster beans,Cluster Beans,Local,10/08/2026,4200,4800,4500
Tamil Nadu,Thiruvannamalai,Chengam(Uzhavar Sandhai ),Cauliflower,Ranchi,Local,10/08/2026,3000,3600,3300
Tamil Nadu,Thiruvannamalai,Chengam(Uzhavar Sandhai ),Papaya,Papaya,Local,10/08/2026,2500,3000,2750
Tamil Nadu,Thiruvannamalai,Chengam(Uzhavar Sandhai ),Groundnut,Big (With Shell),Local,10/08/2026,7000,8000,7500
Tamil Nadu,Thiruvannamalai,Chengam(Uzhavar Sandhai ),Banana - Green,Banana - Green,Local,10/08/2026,1000,1500,1250
Tamil Nadu,Thiruvannamalai,Chengam(Uzhavar Sandhai ),Cucumbar(Kheera),Cucumbar,Local,10/08/2026,4200,4800,4500
Tamil Nadu,Thiruvannamalai,Chengam(Uzhavar Sandhai ),Chow Chow,Chow Chow,Local,10/08/2026,3500,4000,3750
Tamil Nadu,Thiruvannamalai,Chengam(Uzhavar Sandhai ),Guava,Guava Allahabad,Local,10/08/2026,4500,5000,4750
Tamil Nadu,Thiruvannamalai,Chengam(Uzhavar Sandhai ),Onion Green,Onion Green,Local,10/08/2026,7000,8000,7500
Tamil Nadu,Thiruvannamalai,Chengam(Uzhavar Sandhai ),Sweet Corn ,Sweet Corn ,Local,10/08/2026,2500,3000,2750
Tamil Nadu,Thiruvannamalai,Keelpennathur(Uzhavar Sandhai ),Tube Flower,Tube Flower,Local,10/08/2026,45000,50000,47500
Tamil Nadu,Thiruvannamalai,Tamarainagar(Uzhavar Sandhai ),Tomato,Deshi,Local,10/08/2026,1800,2200,2000
Tamil Nadu,Thiruvannamalai,Tamarainagar(Uzhavar Sandhai ),Ashgourd,Gouard,Local,10/08/2026,2000,2500,2250
Tamil Nadu,Thiruvannamalai,Tamarainagar(Uzhavar Sandhai ),Drumstick,Drumstick,Local,10/08/2026,3000,4000,3500
Tamil Nadu,Thiruvannamalai,Tamarainagar(Uzhavar Sandhai ),Lime,Lime,Local,10/08/2026,4000,5000,4500
Tamil Nadu,Thiruvannamalai,Tamarainagar(Uzhavar Sandhai ),Custard Apple(Sharifa),Custard Apple(Sharifa),Local,10/08/2026,5000,6000,5500
Tamil Nadu,Thiruvannamalai,Vandavasi(Uzhavar Sandhai ),Bitter gourd,Other,Local,10/08/2026,4000,4800,4400
Tamil Nadu,Thiruvannamalai,Vandavasi(Uzhavar Sandhai ),Bottle gourd,Bottle Gourd,Local,10/08/2026,2000,2400,2200
Tamil Nadu,Thiruvannamalai,Vandavasi(Uzhavar Sandhai ),Snakeguard,Snakeguard,Local,10/08/2026,2500,3000,2750
Tamil Nadu,Thiruvannamalai,Vandavasi(Uzhavar Sandhai ),Ridgeguard(Tori),Ridgeguard(Tori),Local,10/08/2026,3600,4200,3900
Tamil Nadu,Thiruvannamalai,Vandavasi(Uzhavar Sandhai ),Raddish,Raddish,Local,10/08/2026,2500,3000,2750
Punjab,Ropar (Rupnagar),Morinda APMC,Green Chilli,Green Chilly,Local,10/08/2026,2500,6000,4250
Punjab,Ropar (Rupnagar),Morinda APMC,Onion,Onion,Medium,10/08/2026,2200,3000,2600
Punjab,Ropar (Rupnagar),Morinda APMC,Capsicum,Capsicum,Medium,10/08/2026,4000,6000,5000
West Bengal,Nadia,Karimpur APMC,Mustard,Yellow (Black),Grade Range-1,10/08/2026,6600,6800,6700
West Bengal,Bankura,Bishnupur(Bankura) APMC,Rice,Common,FAQ,10/08/2026,3800,3900,3850
West Bengal,Bankura,Bishnupur(Bankura) APMC,Bottle gourd,Bottle Gourd,FAQ,10/08/2026,1500,1800,1550
West Bengal,Bankura,Bishnupur(Bankura) APMC,Masur Dal,Other,FAQ,10/08/2026,9900,10500,10190
Gujarat,Mehsana,Kadi APMC,Castor Seed,Caster,FAQ,10/08/2026,6850,7095,7045
Maharashtra,Nashik,Dindori(Vani) APMC,Onion,Unhali,Local,10/08/2026,2151,3001,2511
Haryana,Mewat,Tauru APMC,Potato,Potato,FAQ,10/08/2026,1000,1000,1000
West Bengal,Purba Bardhaman,Katwa APMC,Rice,Common,FAQ,10/08/2026,3030,3040,3040
West Bengal,Purba Bardhaman,Katwa APMC,Mustard Oil,Other,FAQ,10/08/2026,13550,13600,13550
West Bengal,Hooghly,Pandua APMC,Masur Dal,Masur Dal,FAQ,10/08/2026,10625,10900,10750
West Bengal,Hooghly,Pandua APMC,Potato,Jyoti,FAQ,10/08/2026,640,730,680
Karnataka,Vijayapura,Vijayapura APMC,Groundnut,Gejje,Local,10/08/2026,7164,7164,7164
Bihar,Gaya,Tekari APMC,Sponge gourd,Sponge gourd,Medium,10/08/2026,1500,1500,1500
Keralam,Kottayam,Vempally  VFPCK Market,Banana,Palayamthodan,Grade A,10/08/2026,3500,3700,3600
West Bengal,Jalpaiguri,Dhupguri APMC,Brinjal,Other,FAQ,10/08/2026,3800,4000,3900
West Bengal,Jalpaiguri,Dhupguri APMC,Tomato,Tomato,FAQ,10/08/2026,3400,3600,3500
West Bengal,Jalpaiguri,Dhupguri APMC,Onion,Nasik,FAQ,10/08/2026,3300,3500,3400
West Bengal,Medinipur(E),Tamluk (Medinipur E) APMC,Betal Leaves,Other,FAQ,10/08/2026,18000,42000,30000
West Bengal,Nadia,Bethuadahari APMC,Ridgeguard(Tori),Other,Grade A,10/08/2026,3500,3700,3600
Bihar,East Champaran/ Motihari,Raxaul APMC,Bhindi(Ladies Finger),Bhindi,Grade A,10/08/2026,800,1000,900
Bihar,Madhubani,Benipatti APMC,Green Chilli,Green Chilly,FAQ,10/08/2026,6100,6500,6300
Bihar,Sheikhpura,Barbigha APMC,Bottle gourd,Bottle Gourd,FAQ,10/08/2026,2315,2460,2380
Bihar,Sheikhpura,Barbigha APMC,Wheat,147 Average,FAQ,10/08/2026,2500,2660,2570
Tamil Nadu,Thiruvarur,Needamangalam(Uzhavar Sandhai ),Onion,Bellary,Local,10/08/2026,3800,3800,3800
Tamil Nadu,Thiruvarur,Needamangalam(Uzhavar Sandhai ),Amaranthus,Amaranthus,Local,10/08/2026,2000,2000,2000
Tamil Nadu,Thiruvarur,Needamangalam(Uzhavar Sandhai ),Banana - Green,Banana - Green,Local,10/08/2026,4000,4000,4000
Tamil Nadu,Thiruvarur,Needamangalam(Uzhavar Sandhai ),Snakeguard,Snakeguard,Local,10/08/2026,3800,3800,3800
Tamil Nadu,Thiruvarur,Needamangalam(Uzhavar Sandhai ),Raddish,Raddish,Local,10/08/2026,3400,3400,3400
Tamil Nadu,Thiruvarur,Needamangalam(Uzhavar Sandhai ),Mango(Raw-Ripe),Mango - Raw-Ripe,Local,10/08/2026,4400,4400,4400
Tamil Nadu,Thiruvarur,Needamangalam(Uzhavar Sandhai ),Onion Green,Onion Green,Local,10/08/2026,7600,7600,7600
Tamil Nadu,Thiruvarur,Tiruvarur(Uzhavar Sandhai ),Brinjal,Round,Local,10/08/2026,4000,4000,4000
Tamil Nadu,Thiruvarur,Tiruvarur(Uzhavar Sandhai ),Bhindi(Ladies Finger),Bhindi,Local,10/08/2026,4000,4000,4000
Tamil Nadu,Thiruvarur,Tiruvarur(Uzhavar Sandhai ),Banana - Green,Banana - Green,Local,10/08/2026,4000,4000,4000
Tamil Nadu,Thiruvarur,Tiruvarur(Uzhavar Sandhai ),Coconut,Coconut,Local,10/08/2026,4000,4000,4000
Tamil Nadu,Thiruvarur,Tiruvarur(Uzhavar Sandhai ),Ridgeguard(Tori),Ridgeguard(Tori),Local,10/08/2026,4500,4500,4500
Tamil Nadu,Thiruvarur,Tiruvarur(Uzhavar Sandhai ),Raddish,Raddish,Local,10/08/2026,4000,4000,4000
Gujarat,Patan,Siddhpur APMC,Wheat,Hybrid,FAQ,10/08/2026,2560,2800,2680
West Bengal,Medinipur(W),Ghatal APMC,Rice,Masuri,FAQ,10/08/2026,3200,3230,3220
West Bengal,Medinipur(W),Ghatal APMC,Green Chilli,Green Chilly,FAQ,10/08/2026,8000,8200,8100
West Bengal,Medinipur(W),Ghatal APMC,Potato,Jyoti,FAQ,10/08/2026,800,850,830
Assam,Nagaon,Doomdumia APMC,Brinjal,Brinjal,FAQ,10/08/2026,2700,3000,2800
Assam,Nagaon,Doomdumia APMC,Green Chilli,Green Chilly,FAQ,10/08/2026,4500,4700,4600
Uttar Pradesh,Bahraich,Bahraich APMC,Broken Rice,Broken Rice,FAQ,10/08/2026,2050,2050,2050
Uttar Pradesh,Bahraich,Bahraich APMC,Onion,Other,FAQ,10/08/2026,1500,1500,1500
Madhya Pradesh,Chhatarpur,Chattarpur(F&V) APMC,Ginger(Green),Other,Grade C,10/08/2026,4500,4500,4500
Madhya Pradesh,Chhatarpur,Chattarpur(F&V) APMC,Green Chilli,Other,Grade C,10/08/2026,3000,3000,3000
West Bengal,Hooghly,Champadanga APMC,Bitter gourd,Bitter Gourd,FAQ,10/08/2026,4200,4600,4400
West Bengal,Hooghly,Champadanga APMC,Onion,Nasik,FAQ,10/08/2026,2600,2700,2600
West Bengal,Hooghly,Champadanga APMC,Jute,TD-5,TD 3 (FAQ),10/08/2026,12000,12500,12000
Keralam,Malappuram,Vazhayur VFPCK Market,Banana,Nendra Bale,Grade A,10/08/2026,4800,5000,4900
West Bengal,Bankura,Indus(Bankura Sadar) APMC,Green Chilli,Green Chilly,FAQ,10/08/2026,7800,8500,8250
Uttar Pradesh,Ballia,Ballia APMC,Green Chilli,Other,FAQ,10/08/2026,3000,3000,3000
West Bengal,Medinipur(E),Kolaghat APMC,Marigold(loose),Marigold(Loose),FAQ,10/08/2026,5000,6000,5500
NCT of Delhi,Delhi,"Fish,Poultry & Egg Market, Gazipur APMC",Fish,Hilsa,Local,10/08/2026,50000,60000,55000
NCT of Delhi,Delhi,"Fish,Poultry & Egg Market, Gazipur APMC",Fish,Rahu(Andhra),Local,10/08/2026,7000,14000,10500
NCT of Delhi,Delhi,"Fish,Poultry & Egg Market, Gazipur APMC",Fish,Sol,Local,10/08/2026,30000,40000,35000
Tamil Nadu,Virudhunagar,Aruppukottai(Uzhavar Sandhai ),Onion,Bellary,Local,10/08/2026,3000,4000,3500
Tamil Nadu,Virudhunagar,Aruppukottai(Uzhavar Sandhai ),Coriander(Leaves),I Sort,Local,10/08/2026,5000,6000,5500
Tamil Nadu,Virudhunagar,Aruppukottai(Uzhavar Sandhai ),Ashgourd,Gouard,Local,10/08/2026,3000,4000,3500
Tamil Nadu,Virudhunagar,Aruppukottai(Uzhavar Sandhai ),Bhindi(Ladies Finger),Bhindi,Local,10/08/2026,3000,4000,3500
Tamil Nadu,Virudhunagar,Aruppukottai(Uzhavar Sandhai ),Green Chilli,Green Chilly,Local,10/08/2026,5000,6000,5500
Tamil Nadu,Virudhunagar,Aruppukottai(Uzhavar Sandhai ),Coconut,Coconut,Local,10/08/2026,5000,6000,5500
Tamil Nadu,Virudhunagar,Aruppukottai(Uzhavar Sandhai ),Ridgeguard(Tori),Ridgeguard(Tori),Local,10/08/2026,5000,6000,5500
Tamil Nadu,Virudhunagar,Aruppukottai(Uzhavar Sandhai ),Chow Chow,Chow Chow,Local,10/08/2026,3000,3500,3250
Tamil Nadu,Virudhunagar,Aruppukottai(Uzhavar Sandhai ),Lime,Lime,Local,10/08/2026,16000,18000,17000
Tamil Nadu,Virudhunagar,Aruppukottai(Uzhavar Sandhai ),Elephant Yam(Suran)/Amorphophallus,Elephant Yam (Suran),Local,10/08/2026,4000,5000,4500
Tamil Nadu,Virudhunagar,Aruppukottai(Uzhavar Sandhai ),Yam(Ratalu),Yam (Ratalu),Local,10/08/2026,8000,9000,8500
Tamil Nadu,Virudhunagar,Aruppukottai(Uzhavar Sandhai ),Onion Green,Onion Green,Local,10/08/2026,6000,7000,6500
NCT of Delhi,Delhi,"Flower Market,Gazipur APMC",Rose(Loose)),Rose(Loose),FAQ,10/08/2026,180,260,220
NCT of Delhi,Delhi,"Flower Market,Gazipur APMC",Tube Rose(Single),Tube Rose (Single),FAQ,10/08/2026,40,60,50
Uttar Pradesh,Bareilly,Bareilly APMC,Maize,Other,FAQ,10/08/2026,1800,1800,1800
Uttar Pradesh,Bareilly,Bareilly APMC,Rice,White Parboiled,FAQ,10/08/2026,4511.54,5650,5078.88
Uttar Pradesh,Bareilly,Bareilly APMC,Wood,Other,FAQ,10/08/2026,500,676,541.21
Uttar Pradesh,Bareilly,Bareilly APMC,Makhana(Foxnut),Other,FAQ,10/08/2026,40000,40000,40000
Uttar Pradesh,Balrampur,Balrampur APMC,Ginger(Green),Other,FAQ,10/08/2026,2000,2000,2000
Uttar Pradesh,Balrampur,Balrampur APMC,Paddy(Common),Common,FAQ,10/08/2026,1700,1850,1833.75
NCT of Delhi,Delhi,APMC Azadpur,Mango,Surkha,Grade A,10/08/2026,2500,6000,4000
NCT of Delhi,Delhi,APMC Azadpur,Papaya,Papaya,Grade A,10/08/2026,1000,3000,2250
NCT of Delhi,Delhi,APMC Azadpur,Plum,Plum,Grade A,10/08/2026,1400,8750,4662
NCT of Delhi,Delhi,APMC Azadpur,Guar,Gwar,FAQ,10/08/2026,2000,3000,2400
NCT of Delhi,Delhi,APMC Azadpur,Carrot,Carrot,FAQ,10/08/2026,1500,3000,2500
NCT of Delhi,Delhi,APMC Azadpur,Bhindi(Ladies Finger),Bhindi,FAQ,10/08/2026,2000,5000,3500
NCT of Delhi,Delhi,APMC Azadpur,Capsicum,Capsicum,FAQ,10/08/2026,3000,6000,4250
NCT of Delhi,Delhi,APMC Azadpur,Pumpkin,Pumpkin,FAQ,10/08/2026,1000,2000,1200
Uttar Pradesh,Unnao,Bangarmau APMC,Paddy(Common),Common,FAQ,10/08/2026,3100,3150,3133.33
Uttar Pradesh,Unnao,Bangarmau APMC,Potato,Other,FAQ,10/08/2026,700,700,700
Uttar Pradesh,Unnao,Bangarmau APMC,Firewood,Firewood,FAQ,10/08/2026,450,500,461.61
Uttar Pradesh,Unnao,Bangarmau APMC,Maize,Other,FAQ,10/08/2026,1950,2100,2012.05
Uttar Pradesh,Unnao,Bangarmau APMC,Wood,Other,FAQ,10/08/2026,425,580,510.59
Uttar Pradesh,Barabanki,Barabanki APMC,Mentha Oil,Other,FAQ,10/08/2026,130000,137000,133447.54
Uttar Pradesh,Barabanki,Barabanki APMC,Capsicum,Other,FAQ,10/08/2026,2600,2600,2600
Uttar Pradesh,Barabanki,Barabanki APMC,Garlic,Other,FAQ,10/08/2026,4500,4500,4500
Uttar Pradesh,Barabanki,Barabanki APMC,Tomato,Other,FAQ,10/08/2026,1400,1400,1400
Tamil Nadu,Villupuram,Gingee(Uzhavar Sandhai ),Banana,Karpura,Local,10/08/2026,4000,5000,4500
Tamil Nadu,Villupuram,Gingee(Uzhavar Sandhai ),Bitter gourd,Bitter Gourd,Local,10/08/2026,7000,7000,7000
Tamil Nadu,Villupuram,Gingee(Uzhavar Sandhai ),Ashgourd,Gouard,Local,10/08/2026,2000,2000,2000
Tamil Nadu,Villupuram,Gingee(Uzhavar Sandhai ),Amaranthus,Amaranthus,Local,10/08/2026,4000,5000,4500
Tamil Nadu,Villupuram,Gingee(Uzhavar Sandhai ),Cabbage,Cabbage,Local,10/08/2026,4000,4000,4000
Haryana,Kaithal,Siwan APMC,Onion,Other,FAQ,10/08/2026,2700,2900,2800
Haryana,Kaithal,Siwan APMC,Bitter gourd,Other,FAQ,10/08/2026,1800,2000,1900
Haryana,Kaithal,Siwan APMC,Brinjal,Other,FAQ,10/08/2026,2000,2200,2100
Haryana,Kaithal,Siwan APMC,Capsicum,Capsicum,FAQ,10/08/2026,3300,3500,3400
Haryana,Kaithal,Siwan APMC,Peas Wet,Other,FAQ,10/08/2026,5800,6000,5900
Haryana,Kaithal,Siwan APMC,Tomato,Other,FAQ,10/08/2026,2300,2500,2400
Haryana,Fatehabad,Ratia APMC,Cauliflower,Other,Grade A,10/08/2026,3500,4000,3800
Haryana,Fatehabad,Ratia APMC,Brinjal,Other,Grade A,10/08/2026,2000,2500,2200
Telangana,Hyderabad,Bowenpally APMC,Brinjal,Round/Long,FAQ,10/08/2026,1000,2000,1800
Telangana,Hyderabad,Bowenpally APMC,Cucumbar(Kheera),Cucumbar,FAQ,10/08/2026,400,1000,800
Telangana,Hyderabad,Bowenpally APMC,Cluster beans,Cluster Beans,FAQ,10/08/2026,1000,3000,2500
Telangana,Hyderabad,Bowenpally APMC,Drumstick,Drumstick,FAQ,10/08/2026,1500,3500,2500
Telangana,Hyderabad,Bowenpally APMC,Yam(Ratalu),Other,FAQ,10/08/2026,1000,3500,2600
Telangana,Hyderabad,Bowenpally APMC,Raddish,Raddish,FAQ,10/08/2026,200,500,400
Uttar Pradesh,Sitapur,Maholi APMC,Wood,Eucalyptus,FAQ,10/08/2026,570,600,584.3
Uttar Pradesh,Sitapur,Maholi APMC,Wood,Other,FAQ,10/08/2026,500,980,565.28
Uttar Pradesh,Sitapur,Maholi APMC,Wheat,Dara,FAQ,10/08/2026,2400,2555,2444.99
Tripura,South Tripura,Barpathari APMC,Onion,Other,Medium,10/08/2026,3400,3600,3500
Tripura,South Tripura,Barpathari APMC,Ridgeguard(Tori),Ridgeguard(Tori),Local,10/08/2026,4900,5100,5000
Tripura,South Tripura,Barpathari APMC,Sweet Pumpkin,Sweet Pumpkin,Medium,10/08/2026,2900,3100,3000
Madhya Pradesh,Bhind,Mow APMC,Wheat,Wheat,Non-FAQ,10/08/2026,2535,2540,2540
West Bengal,Medinipur(E),Egra/contai APMC,Rice,Fine,FAQ,10/08/2026,3600,3800,3700
West Bengal,Medinipur(E),Egra/contai APMC,Tomato,Tomato,FAQ,10/08/2026,2400,2600,2500
Punjab,Jalandhar,Jalandhar City(Jalandhar) APMC,Mango,Other,Medium,10/08/2026,2100,5500,4800
Punjab,Jalandhar,Jalandhar City(Jalandhar) APMC,Carrot,Other,FAQ,10/08/2026,1000,2000,1500
Punjab,Jalandhar,Jalandhar City(Jalandhar) APMC,Brinjal,Other,FAQ,10/08/2026,800,2000,1400
Punjab,Jalandhar,Jalandhar City(Jalandhar) APMC,Garlic,Other,FAQ,10/08/2026,3000,8200,5600
Punjab,Jalandhar,Jalandhar City(Jalandhar) APMC,Raddish,Raddish,FAQ,10/08/2026,500,1500,1000
Punjab,Jalandhar,Jalandhar City(Jalandhar) APMC,Onion,Other,FAQ,10/08/2026,600,2000,1300
Punjab,Jalandhar,Jalandhar City(Jalandhar) APMC,Lemon,Lemon,FAQ,10/08/2026,2000,3000,2500
Punjab,Jalandhar,Jalandhar City(Jalandhar) APMC,Potato,Other,FAQ,10/08/2026,100,680,360
Tamil Nadu,Coimbatore,Udumalpet APMC,Cauliflower,Ranchi,Local,10/08/2026,3000,3500,3250
Tamil Nadu,Coimbatore,Udumalpet APMC,Brinjal,Other,Local,10/08/2026,4000,4500,4250
Tamil Nadu,Coimbatore,Udumalpet APMC,Beans,Beans (Whole),Local,10/08/2026,11000,11500,11250
Tamil Nadu,Coimbatore,Udumalpet APMC,Carrot,Pusakesar,Local,10/08/2026,10000,11500,10750
Tamil Nadu,Coimbatore,Udumalpet APMC,Ridgeguard(Tori),Ridgeguard(Tori),Local,10/08/2026,4500,5000,4750
Tamil Nadu,Coimbatore,Udumalpet APMC,Drumstick,Drumstick,Local,10/08/2026,2500,3500,3000
Tamil Nadu,Thiruvannamalai,Vandavasi APMC,Paddy(Common),Other,Local,10/08/2026,1719,3560,2639.5
Madhya Pradesh,Harda,Timarni APMC,Wheat,Wheat,FAQ,10/08/2026,2526,2638,2630
Madhya Pradesh,Harda,Khirakiya APMC,Soyabean,Yellow,Non-FAQ,10/08/2026,5300,6861,6861
Madhya Pradesh,Hoshangabad,Pipariya APMC,Wheat,Wheat,FAQ,10/08/2026,2499,2636,2600
Himachal Pradesh,Hamirpur,SMY Nadaun,Papaya,Other,Grade B,10/08/2026,5800,6000,5900
Himachal Pradesh,Kangra,SMY Jassur,Mousambi(Sweet Lime),Mousambi,Medium,10/08/2026,5000,6000,5500
Himachal Pradesh,Kangra,SMY Jassur,Pomegranate,Other,Medium,10/08/2026,9000,14000,11000
Himachal Pradesh,Kangra,SMY Jassur,Onion,Other,FAQ,10/08/2026,2800,3200,3000
Himachal Pradesh,Kangra,SMY Nagrota Bagwan,Pear(Marasebu),Other,Medium,10/08/2026,8000,11000,10000
Himachal Pradesh,Kangra,SMY Nagrota Bagwan,Pineapple,Pine Apple,Medium,10/08/2026,3300,3800,3600
Himachal Pradesh,Kangra,SMY Nagrota Bagwan,Bhindi(Ladies Finger),Bhindi,FAQ,10/08/2026,3000,3500,3200
Himachal Pradesh,Kangra,SMY Nagrota Bagwan,Cabbage,Cabbage,FAQ,10/08/2026,2800,3200,3000
Himachal Pradesh,Kangra,SMY Nagrota Bagwan,Lemon,Lemon,FAQ,10/08/2026,7000,7500,7200
Himachal Pradesh,Kangra,SMY Nagrota Bagwan,Onion,Onion,FAQ,10/08/2026,3000,3200,3100
Himachal Pradesh,Kullu,SMY Chauri Bihal,Plum,Other,Grade Range-1,10/08/2026,1400,4200,3200
Himachal Pradesh,Kullu,SMY Chauri Bihal,Cauliflower,Other,Grade Range-1,10/08/2026,1000,3200,2500
Himachal Pradesh,Kullu,SMY Patli Kulh,Apple,Other,Grade Range-1,10/08/2026,1500,12000,8000
Himachal Pradesh,Mandi,SMY Takoli,Cauliflower,Other,Medium,10/08/2026,1000,2500,1800
Himachal Pradesh,Mandi,SMY Takoli,Tomato,Other,Medium,10/08/2026,500,2500,1800
Himachal Pradesh,Shimla,SMY Rampur,Brinjal,Other,Local,10/08/2026,2500,3000,2800
Himachal Pradesh,Shimla,SMY Rampur,Spinach,Other,Local,10/08/2026,2000,2500,2200
Himachal Pradesh,Shimla,SMY Rampur,Coriander(Leaves),Other,Local,10/08/2026,15000,15500,15500
Himachal Pradesh,Shimla,SMY Rampur,Bitter gourd,Bitter Gourd,Local,10/08/2026,4000,5000,4500
Himachal Pradesh,Shimla,SMY Rampur,Capsicum,Capsicum,Local,10/08/2026,3500,4000,3800
Himachal Pradesh,Shimla,SMY Rampur,Potato,Local,Medium,10/08/2026,2000,2500,2200
Maharashtra,Buldhana,Deoulgaon Raja APMC,Wheat,Other,Non-FAQ,10/08/2026,2350,2525,2525
Maharashtra,Buldhana,Deoulgaon Raja APMC,Jowar(Sorghum),Other,Local,10/08/2026,2526,2575,2526
Madhya Pradesh,Indore,Sanwer APMC,Wheat,Wheat,FAQ,10/08/2026,2510,2700,2700
Madhya Pradesh,Indore,Sanwer APMC,French Beans(Frasbean),French Beans (Frasbean),FAQ,10/08/2026,11163.2,11163.2,11163.2
Madhya Pradesh,Dhar,Badnawar APMC,Wheat,Lokwan,FAQ,10/08/2026,2185,2185,2185
Madhya Pradesh,Dhar,Badnawar APMC,Bengal Gram(Gram)(Whole),Desi (F.A.Q. Split),FAQ,10/08/2026,5150,6200,6200
Madhya Pradesh,Dhar,Badnawar APMC,Soyabean,Yellow,FAQ,10/08/2026,5050,6925,6750
Madhya Pradesh,Jhabua,Petlawad APMC,Wheat,Wheat Mix,FAQ,10/08/2026,2450,2450,2450
West Bengal,Darjeeling,Siliguri APMC,Rice,Fine(Basmati),FAQ,10/08/2026,5100,5300,5200
Odisha,Nowarangpur,Nabarangpur(Umerkote) APMC,Bhindi(Ladies Finger),Bhindi,Grade B,10/08/2026,3800,3800,3800
Madhya Pradesh,Jhabua,Thandla APMC,Maize,Local,FAQ,10/08/2026,2200,2350,2300
Madhya Pradesh,Khargone,Sanawad APMC,Kabuli Chana(Chickpeas-White),Dollar Gram,FAQ,10/08/2026,7000,8800,8800
Madhya Pradesh,Khargone,Sanawad APMC,Green Gram(Moong)(Whole),Green (Whole),FAQ,10/08/2026,7000,7000,7000
Madhya Pradesh,Alirajpur,Jobat APMC,Red gram/Arhar/Tur(whole),Arhar Dal(Tur),Non-FAQ,10/08/2026,5000,5000,5000
Madhya Pradesh,Alirajpur,Jobat APMC,Wheat,Wheat,Non-FAQ,10/08/2026,2450,2500,2500
Madhya Pradesh,Khargone,Karhi APMC,Maize,Local,FAQ,10/08/2026,2400,2400,2400
Nagaland,Phek,Phek APMC,Jack Fruit(Ripe),Jack Fruit,Grade A,10/08/2026,2500,2700,2600
Madhya Pradesh,Shajapur,Shujalpur APMC,Kabuli Chana(Chickpeas-White),Dollar Gram,FAQ,10/08/2026,7301,7315,7315
Madhya Pradesh,Shajapur,Shajapur APMC,Garlic,Garlic,FAQ,10/08/2026,6234,6234,6234
Madhya Pradesh,Shajapur,Shajapur APMC,Wheat,Wheat,FAQ,10/08/2026,2352,2611,2611
Madhya Pradesh,Shajapur,Shajapur APMC,Soyabean,Soyabeen,FAQ,10/08/2026,6000,6845,6750
Uttar Pradesh,Gorakhpur,Gorakhpur APMC,Green Gram(Moong)(Whole),Other,FAQ,10/08/2026,8722,8722,8722
Uttar Pradesh,Gorakhpur,Gorakhpur APMC,Rice,Common,FAQ,10/08/2026,4200,4200,4200
West Bengal,Puruliya,Balarampur APMC,Mustard Oil,Other,FAQ,10/08/2026,19000,19500,19200
West Bengal,Murshidabad,Beldanga APMC,Wheat,Other,FAQ,10/08/2026,2300,2500,2400
Punjab,Tarntaran,Bhikhiwind APMC,Brinjal,Brinjal,Local,10/08/2026,900,900,900
Himachal Pradesh,Kullu,SMY Bandrol,Peas Wet,Other,FAQ,10/08/2026,2500,6800,5000
Himachal Pradesh,Kullu,SMY Bandrol,Cauliflower,Other,FAQ,10/08/2026,1000,3000,2000
Himachal Pradesh,Kullu,SMY Bandrol,Pear(Marasebu),Other,Grade A,10/08/2026,2000,8000,6500
Himachal Pradesh,Kullu,SMY Bandrol,Plum,Other,Grade A,10/08/2026,2500,6000,4500
Tamil Nadu,Erode,Gobichettipalayam(Uzhavar Sandhai ),Chikoos(Sapota),Sapota,Local,10/08/2026,3500,4000,3750
Tamil Nadu,Erode,Gobichettipalayam(Uzhavar Sandhai ),Cluster beans,Cluster Beans,Local,10/08/2026,3400,3600,3500
Tamil Nadu,Erode,Gobichettipalayam(Uzhavar Sandhai ),Bitter gourd,Bitter Gourd,Local,10/08/2026,5400,5600,5500
Tamil Nadu,Erode,Gobichettipalayam(Uzhavar Sandhai ),Pumpkin,Pumpkin,Local,10/08/2026,2000,2500,2250
Tamil Nadu,Erode,Gobichettipalayam(Uzhavar Sandhai ),Amaranthus,Amaranthus,Local,10/08/2026,4200,4500,4350
Tamil Nadu,Erode,Gobichettipalayam(Uzhavar Sandhai ),Green Avare(W),Green Avare (W),Local,10/08/2026,6800,7000,6900
Tamil Nadu,Erode,Gobichettipalayam(Uzhavar Sandhai ),Chow Chow,Chow Chow,Local,10/08/2026,3500,4000,3750
Tamil Nadu,Erode,Gobichettipalayam(Uzhavar Sandhai ),Lemon,Lemon,Local,10/08/2026,4200,4500,4350
Uttar Pradesh,Kannuj,Kannauj APMC,Potato,Other,FAQ,10/08/2026,600,605,600.01
Uttar Pradesh,Kannuj,Kannauj APMC,Onion,Other,FAQ,10/08/2026,1500,1500,1500
Tamil Nadu,Erode,Sampath Nagar(Uzhavar Sandhai ),Water Melon,Water Melon,Local,10/08/2026,1000,1500,1250
Tamil Nadu,Erode,Sampath Nagar(Uzhavar Sandhai ),Green Chilli,Green Chilly,Local,10/08/2026,4000,4500,4250
Tamil Nadu,Erode,Sampath Nagar(Uzhavar Sandhai ),Beans,Beans (Whole),Local,10/08/2026,9500,9800,9650
Tamil Nadu,Erode,Sampath Nagar(Uzhavar Sandhai ),Cucumbar(Kheera),Cucumbar,Local,10/08/2026,4500,5000,4750
Tamil Nadu,Erode,Sampath Nagar(Uzhavar Sandhai ),Drumstick,Drumstick,Local,10/08/2026,3200,3600,3400
Tamil Nadu,Erode,Sampath Nagar(Uzhavar Sandhai ),Tender Coconut,Tender Coconut,Local,10/08/2026,3000,4000,3500
Tamil Nadu,Erode,Sampath Nagar(Uzhavar Sandhai ),Onion Green,Onion Green,Local,10/08/2026,4500,5800,5150
Himachal Pradesh,Shimla,SMY Rohroo,Bhindi(Ladies Finger),Bhindi,Grade B,10/08/2026,3800,4000,3900
Himachal Pradesh,Shimla,SMY Rohroo,Bitter gourd,Other,Grade B,10/08/2026,3000,3500,3250
Himachal Pradesh,Shimla,SMY Rohroo,Tomato,Deshi,Grade B,10/08/2026,2200,2800,2400
Himachal Pradesh,Shimla,SMY Rohroo,Cucumbar(Kheera),Cucumbar,Grade B,10/08/2026,3200,3500,3350
Himachal Pradesh,Shimla,SMY Rohroo,Ginger(Green),Green Ginger,Grade B,10/08/2026,8000,9000,8500
Himachal Pradesh,Shimla,SMY Rohroo,Lemon,Lemon,Grade B,10/08/2026,7000,9000,8000
Himachal Pradesh,Una,SMY Santoshgarh,Garlic,Other,FAQ,10/08/2026,12000,13500,12750
Himachal Pradesh,Una,SMY Santoshgarh,Bitter gourd,Bitter Gourd,FAQ,10/08/2026,1700,2000,1850
Himachal Pradesh,Una,SMY Santoshgarh,Ridgeguard(Tori),Other,FAQ,10/08/2026,2800,2800,2800
Rajasthan,Sikar,Sikar APMC,Onion,Onion,FAQ,10/08/2026,1100,2000,1550
Punjab,Jalandhar,Phillaur(Apra Mandi) APMC,Bhindi(Ladies Finger),Other,FAQ,10/08/2026,3000,3000,3000
Madhya Pradesh,Datia,Sevda APMC,Wheat,Mill Quality,Non-FAQ,10/08/2026,2538,2586,2560
Madhya Pradesh,Gwalior,Lashkar APMC,Wheat,Mill Quality,FAQ,10/08/2026,2300,2317,2317
Madhya Pradesh,Gwalior,Lashkar APMC,Wheat,Wheat,FAQ,10/08/2026,2300,2625,2310
Madhya Pradesh,Guna,Guna APMC,Bengal Gram(Gram)(Whole),Gram,FAQ,10/08/2026,2275,6120,5430
Madhya Pradesh,Ashoknagar,Isagarh APMC,Wheat,Wheat,FAQ,10/08/2026,2445,2475,2475
Maharashtra,Mumbai,Mumbai-Onion & Potato Market APMC,Potato,Other,Local,10/08/2026,600,1100,850
Maharashtra,Mumbai,Mumbai-Onion & Potato Market APMC,Onion,Other,Local,10/08/2026,1300,2500,1900
West Bengal,Jhargram,Jhargram APMC,Cucumbar(Kheera),Other,FAQ,10/08/2026,2000,2500,2200
West Bengal,Jhargram,Jhargram APMC,Potato,Jyoti,FAQ,10/08/2026,760,800,780
Andhra Pradesh,Srikakulam,Ponduru APMC,Maize,Local,FAQ,10/08/2026,2400,2400,2400
Uttar Pradesh,Etawah,Jasvantnagar APMC,Brinjal,Round/Long,Medium,10/08/2026,1870,1970,1920
Tripura,Khowai,Kalyanpur APMC,Cowpea(Veg),Cowpea (Veg),FAQ,10/08/2026,7000,7200,7100
Madhya Pradesh,Shivpuri,Kolaras APMC,Wheat,Wheat,Non-FAQ,10/08/2026,2510,2540,2540
Madhya Pradesh,Shivpuri,Kolaras APMC,Mustard,Mustard,FAQ,10/08/2026,6850,7655,7655
Madhya Pradesh,Shivpuri,Kolaras APMC,Bengal Gram(Gram)(Whole),Gram,Non-FAQ,10/08/2026,4700,5780,5400
Madhya Pradesh,Damoh,Damoh APMC,Lentil(Masur)(Whole),Masur Dal,FAQ,10/08/2026,5700,9160,5900
Madhya Pradesh,Seoni,Seoni APMC,Wheat,Wheat,FAQ,10/08/2026,2498,2498,2498
Madhya Pradesh,Seoni,Seoni APMC,gulli,Gulli,FAQ,10/08/2026,5600,5600,5600
Tamil Nadu,Vellore,Pallikonda(Uzhavar Sandhai),Brinjal,Round,Local,10/08/2026,5500,6000,5750
Tamil Nadu,Vellore,Pallikonda(Uzhavar Sandhai),Coriander(Leaves),I Sort,Local,10/08/2026,3500,3500,3500
Tamil Nadu,Vellore,Pallikonda(Uzhavar Sandhai),Mango,Neelam,Local,10/08/2026,6000,6500,6250
Tamil Nadu,Vellore,Pallikonda(Uzhavar Sandhai),Beetroot,Beetroot,Local,10/08/2026,4000,4000,4000
Tamil Nadu,Vellore,Pallikonda(Uzhavar Sandhai),Raddish,Raddish,Local,10/08/2026,3000,3000,3000
Tamil Nadu,Vellore,Pallikonda(Uzhavar Sandhai),Mango(Raw-Ripe),Mango - Raw-Ripe,Local,10/08/2026,6000,6000,6000
Tamil Nadu,Vellore,Pallikonda(Uzhavar Sandhai),Lemon,Lemon,Local,10/08/2026,9000,9000,9000
Tamil Nadu,Vellore,Pallikonda(Uzhavar Sandhai),Custard Apple(Sharifa),Custard Apple(Sharifa),Local,10/08/2026,5000,5000,5000
Tamil Nadu,Vellore,Pallikonda(Uzhavar Sandhai),Mint(Pudina),Mint(Pudina),Local,10/08/2026,3500,3500,3500
Gujarat,Gir Somnath,Talalagir APMC,Tomato,Hybrid,FAQ,10/08/2026,1500,1940,1760
Karnataka,Haveri,Haveri APMC,Maize,Local,Local,10/08/2026,2200,2200,2200
Karnataka,Dharwad,APMC Hubballi,Jowar(Sorghum),Jowar ( White),Local,10/08/2026,2339,3539,2954
Tamil Nadu,Pudukkottai,Ponnamaravathi(Uzhavar Sandhai),Onion,Bellary,Local,10/08/2026,4500,5000,4750
Tamil Nadu,Pudukkottai,Ponnamaravathi(Uzhavar Sandhai),Bitter gourd,Bitter Gourd,Local,10/08/2026,8500,9000,8750
Tamil Nadu,Pudukkottai,Ponnamaravathi(Uzhavar Sandhai),Ashgourd,Gouard,Local,10/08/2026,1000,1500,1250
Tamil Nadu,Pudukkottai,Ponnamaravathi(Uzhavar Sandhai),Cowpea(Veg),Cowpea (Veg),Local,10/08/2026,1500,2000,1750
Tamil Nadu,Pudukkottai,Ponnamaravathi(Uzhavar Sandhai),Green Avare(W),Green Avare (W),Local,10/08/2026,6500,7000,6750
Tamil Nadu,Pudukkottai,Ponnamaravathi(Uzhavar Sandhai),Lemon,Lemon,Local,10/08/2026,6500,7000,6750
Keralam,Malappuram,Manjeri Market,Chikoos(Sapota),Other,Local,10/08/2026,3950,4050,4000
Keralam,Malappuram,Manjeri Market,Mousambi(Sweet Lime),Other,Local,10/08/2026,3950,4050,4000
Keralam,Malappuram,Manjeri Market,Ashgourd,Other,Local,10/08/2026,2150,2250,2200
Keralam,Malappuram,Manjeri Market,Bottle gourd,Other,Local,10/08/2026,2950,3050,3000
Keralam,Malappuram,Manjeri Market,Pineapple,Other,Local,10/08/2026,6450,6550,6500
Andhra Pradesh,Tirupathi,B.N.Kandriga APMC,Paddy(Common),Paddy,Local,10/08/2026,2200,2200,2200
Odisha,Kendrapara,Kendrapara APMC,Bhindi(Ladies Finger),Bhindi,Grade B,10/08/2026,5000,5000,5000
Keralam,Palakad,Palakkad Market,Green Peas,Green Peas,FAQ,10/08/2026,6000,7500,6800
Keralam,Palakad,Palakkad Market,Kabuli Chana(Chickpeas-White),Kabuli Chana(Chickpeas-white),FAQ,10/08/2026,9500,11000,10300
Keralam,Palakad,Palakkad Market,Red gram/Arhar/Tur(whole),Arhar Dal(Tur),FAQ,10/08/2026,11800,13500,12700
Keralam,Palakad,Palakkad Market,Bitter gourd,Bitter Gourd,FAQ,10/08/2026,6200,7000,6700
Keralam,Palakad,Palakkad Market,Carrot,Carrot,FAQ,10/08/2026,6000,7000,6600
Keralam,Palakad,Palakkad Market,Onion,Big,FAQ,10/08/2026,3300,4000,3700
Keralam,Palakad,Koduvayoor Market,Lime,Other,Medium,10/08/2026,7500,7900,7700
Keralam,Palakad,Koduvayoor Market,Banana,Nendra Bale,Medium,10/08/2026,5500,5900,5700
Keralam,Palakad,Koduvayoor Market,Ashgourd,Ashgourd,Medium,10/08/2026,1400,1800,1600
Keralam,Palakad,Koduvayoor Market,Brinjal,Brinjal,Medium,10/08/2026,4000,4800,4400
Keralam,Palakad,Koduvayoor Market,Cauliflower,Cauliflower,Medium,10/08/2026,3000,3400,3200
Keralam,Palakad,Koduvayoor Market,Little gourd(Kundru),Other,Medium,10/08/2026,7500,7900,7700
Punjab,Muktsar,Muktsar APMC,Apple,Other,Medium,10/08/2026,9000,15000,12000
Punjab,Muktsar,Muktsar APMC,Papaya,Papaya,Medium,10/08/2026,1800,2700,2300
Tamil Nadu,Nagapattinam,Mayiladuthurai(Uzhavar Sandhai ),Brinjal,Round,Local,10/08/2026,4500,5000,4750
Tamil Nadu,Nagapattinam,Mayiladuthurai(Uzhavar Sandhai ),Coriander(Leaves),I Sort,Local,10/08/2026,3500,4000,3750
Tamil Nadu,Nagapattinam,Mayiladuthurai(Uzhavar Sandhai ),Raddish,Raddish,Local,10/08/2026,3600,4000,3800
Tamil Nadu,Nagapattinam,Mayiladuthurai(Uzhavar Sandhai ),Green Avare(W),Green Avare (W),Local,10/08/2026,6000,7000,6500
Tamil Nadu,Nagapattinam,Mayiladuthurai(Uzhavar Sandhai ),Chow Chow,Chow Chow,Local,10/08/2026,4500,4500,4500
Tamil Nadu,Nagapattinam,Mayiladuthurai(Uzhavar Sandhai ),Mint(Pudina),Mint(Pudina),Local,10/08/2026,4000,4500,4250
Uttar Pradesh,Hardoi,Hardoi APMC,Wood,Other,FAQ,10/08/2026,400,1100,610.46
Uttar Pradesh,Hardoi,Hardoi APMC,Tomato,Other,FAQ,10/08/2026,1000,1000,1000
Uttar Pradesh,Lucknow,Lucknow APMC,Wheat,Dara Mill Quality,FAQ,10/08/2026,2400,2400,2400
Uttar Pradesh,Lucknow,Lucknow APMC,Firewood,Firewood,FAQ,10/08/2026,350,350,350
Uttar Pradesh,Lucknow,Lucknow APMC,Mentha Oil,Other,FAQ,10/08/2026,131500,132500,132056.94
Uttar Pradesh,Lucknow,Lucknow APMC,Gram Raw(Chholia),Other,FAQ,10/08/2026,6400,6400,6400
Uttar Pradesh,Lucknow,Lucknow APMC,Rice,Common,FAQ,10/08/2026,3469.49,3469.49,3469.49
Uttar Pradesh,Lucknow,Lucknow APMC,Green Gram(Moong)(Whole),Other,FAQ,10/08/2026,8283.33,8283.33,8283.33
Uttar Pradesh,Lucknow,Lucknow APMC,Wheat,Dara,FAQ,10/08/2026,2400,2400,2400
Uttar Pradesh,Mainpuri,Mainpuri APMC,Garlic,Other,FAQ,10/08/2026,8000,8000,8000
Uttar Pradesh,Mainpuri,Mainpuri APMC,Paddy(Common),Basmati,FAQ,10/08/2026,4000,4100,4072.73
Uttar Pradesh,Mainpuri,Mainpuri APMC,Wheat,2329,FAQ,10/08/2026,2400,2400,2400
Tamil Nadu,Pudukkottai,Viralimalai(Uzhavar Sandhai ),Coriander(Leaves),I Sort,Local,10/08/2026,4500,5000,4750
Tamil Nadu,Pudukkottai,Viralimalai(Uzhavar Sandhai ),Papaya,Papaya,Local,10/08/2026,2000,2500,2250
Tamil Nadu,Pudukkottai,Viralimalai(Uzhavar Sandhai ),Pumpkin,Pumpkin,Local,10/08/2026,1000,1500,1250
Tamil Nadu,Pudukkottai,Viralimalai(Uzhavar Sandhai ),Coconut,Coconut,Local,10/08/2026,3500,4000,3750
Tamil Nadu,Pudukkottai,Viralimalai(Uzhavar Sandhai ),Mango(Raw-Ripe),Mango - Raw-Ripe,Local,10/08/2026,7000,8000,7500
Tamil Nadu,Pudukkottai,Viralimalai(Uzhavar Sandhai ),Mint(Pudina),Mint(Pudina),Local,10/08/2026,4500,5000,4750
Tamil Nadu,Ramanathapuram,Kamuthi(Uzhavar Sandhai ),Bhindi(Ladies Finger),Bhindi,Local,10/08/2026,6000,6000,6000
Rajasthan,Jodhpur,Osiyan Mathania APMC,Soanf,Soanf,Local,10/08/2026,6000,6400,6200
Tamil Nadu,Ramanathapuram,Paramakudi(Uzhavar Sandhai ),Potato,Red Nanital,Local,10/08/2026,4500,5000,4750
Tamil Nadu,Ramanathapuram,Paramakudi(Uzhavar Sandhai ),Tomato,Deshi,Local,10/08/2026,2000,2500,2250
Tamil Nadu,Ramanathapuram,Paramakudi(Uzhavar Sandhai ),Ashgourd,Gouard,Local,10/08/2026,2000,2400,2200
Tamil Nadu,Ramanathapuram,Paramakudi(Uzhavar Sandhai ),Amaranthus,Amaranthus,Local,10/08/2026,3800,4000,3900
Tamil Nadu,Ramanathapuram,Paramakudi(Uzhavar Sandhai ),Chow Chow,Chow Chow,Local,10/08/2026,4000,4500,4250
Tamil Nadu,Ramanathapuram,Paramakudi(Uzhavar Sandhai ),Drumstick,Drumstick,Local,10/08/2026,5000,5500,5250
Tamil Nadu,Ramanathapuram,Paramakudi(Uzhavar Sandhai ),Kakada,Kakada,Local,10/08/2026,35000,40000,37500
Tamil Nadu,Ramanathapuram,Paramakudi(Uzhavar Sandhai ),Elephant Yam(Suran)/Amorphophallus,Elephant Yam (Suran),Local,10/08/2026,6000,7000,6500
Tamil Nadu,Ramanathapuram,Paramakudi(Uzhavar Sandhai ),Colacasia,Colacasia,Local,10/08/2026,6500,7000,6750
Tamil Nadu,Ramanathapuram,Ramanathapuram(Uzhavar Sandhai ),Tomato,Deshi,Local,10/08/2026,2500,3000,2750
Tamil Nadu,Ramanathapuram,Ramanathapuram(Uzhavar Sandhai ),Soyabean,Local,Local,10/08/2026,8000,8500,8250
Tamil Nadu,Ramanathapuram,Ramanathapuram(Uzhavar Sandhai ),Ashgourd,Gouard,Local,10/08/2026,2400,2600,2500
Tamil Nadu,Ramanathapuram,Ramanathapuram(Uzhavar Sandhai ),Amaranthus,Amaranthus,Local,10/08/2026,3500,4000,3750
Tamil Nadu,Ramanathapuram,Ramanathapuram(Uzhavar Sandhai ),Snakeguard,Snakeguard,Local,10/08/2026,5500,6000,5750
Tamil Nadu,Ramanathapuram,Ramanathapuram(Uzhavar Sandhai ),Green Avare(W),Green Avare (W),Local,10/08/2026,8000,8500,8250
Tamil Nadu,Ramanathapuram,Ramanathapuram(Uzhavar Sandhai ),Mango(Raw-Ripe),Mango - Raw-Ripe,Local,10/08/2026,4500,5000,4750
Tamil Nadu,Ramanathapuram,Ramanathapuram(Uzhavar Sandhai ),Lime,Lime,Local,10/08/2026,12500,13000,12750
Tamil Nadu,Ramanathapuram,Ramanathapuram(Uzhavar Sandhai ),Tender Coconut,Tender Coconut,Local,10/08/2026,6000,6500,6250
Tamil Nadu,Pudukkottai,Alangudi(Uzhavar Sandhai ),Tomato,Other,Local,10/08/2026,2000,2500,2250
Tamil Nadu,Pudukkottai,Alangudi(Uzhavar Sandhai ),Green Avare(W),Other,Local,10/08/2026,7000,8000,7500
Tamil Nadu,Pudukkottai,Alangudi(Uzhavar Sandhai ),Drumstick,Drumstick,Local,10/08/2026,5000,6000,5500
Tamil Nadu,Thiruvannamalai,Arani(Uzhavar Sandhai ),Papaya,Papaya,Local,10/08/2026,3000,4000,3500
Tamil Nadu,Thiruvannamalai,Arani(Uzhavar Sandhai ),Bitter gourd,Bitter Gourd,Local,10/08/2026,4000,4800,4400
Tamil Nadu,Thiruvannamalai,Arani(Uzhavar Sandhai ),Cabbage,Cabbage,Local,10/08/2026,3500,4000,3750
Tamil Nadu,Thiruvannamalai,Arani(Uzhavar Sandhai ),Snakeguard,Snakeguard,Local,10/08/2026,2500,3000,2750
Tamil Nadu,Thiruvannamalai,Arani(Uzhavar Sandhai ),Thondekai,Thondekai,Local,10/08/2026,3500,4000,3750
Tamil Nadu,Thiruvannamalai,Arani(Uzhavar Sandhai ),Lemon,Lemon,Local,10/08/2026,7000,8000,7500
Tamil Nadu,Thiruvannamalai,Arani(Uzhavar Sandhai ),Colacasia,Colacasia,Local,10/08/2026,3500,4200,3850
Tamil Nadu,Thiruvannamalai,Arani(Uzhavar Sandhai ),Onion Green,Onion Green,Local,10/08/2026,4000,5000,4500
Tamil Nadu,Thiruvannamalai,Polur(Uzhavar Sandhai ),Cluster beans,Cluster Beans,Local,10/08/2026,4000,4800,4400
Tamil Nadu,Thiruvannamalai,Polur(Uzhavar Sandhai ),Coriander(Leaves),I Sort,Local,10/08/2026,4200,5000,4600
Tamil Nadu,Thiruvannamalai,Polur(Uzhavar Sandhai ),Banana,Besrai,Local,10/08/2026,4200,5000,4600
Tamil Nadu,Thiruvannamalai,Polur(Uzhavar Sandhai ),Tomato,Local,Local,10/08/2026,1200,1500,1350
Tamil Nadu,Thiruvannamalai,Polur(Uzhavar Sandhai ),Bottle gourd,Bottle Gourd,Local,10/08/2026,2000,2400,2200
Tamil Nadu,Thiruvannamalai,Polur(Uzhavar Sandhai ),Bhindi(Ladies Finger),Bhindi,Local,10/08/2026,3300,4000,3650
Tamil Nadu,Thiruvannamalai,Polur(Uzhavar Sandhai ),Banana - Green,Banana - Green,Local,10/08/2026,1600,2000,1800
Tamil Nadu,Thiruvannamalai,Polur(Uzhavar Sandhai ),Thondekai,Thondekai,Local,10/08/2026,3300,4000,3650
Tamil Nadu,Thiruvannamalai,Polur(Uzhavar Sandhai ),Jack Fruit(Ripe),Jack Fruit,Local,10/08/2026,1600,2000,1800
Tamil Nadu,Thiruvannamalai,Polur(Uzhavar Sandhai ),Tender Coconut,Tender Coconut,Local,10/08/2026,1500,2000,1750
Tamil Nadu,Thiruvannamalai,Polur(Uzhavar Sandhai ),Mint(Pudina),Mint(Pudina),Local,10/08/2026,3300,4000,3650
Tamil Nadu,Thiruvannamalai,Tiruvannamalai(Uzhavar Sandhai ),Coriander(Leaves),I Sort,Local,10/08/2026,4000,5000,4500
Tamil Nadu,Thiruvannamalai,Tiruvannamalai(Uzhavar Sandhai ),Papaya,Papaya,Local,10/08/2026,3000,3500,3250
Tamil Nadu,Thiruvannamalai,Tiruvannamalai(Uzhavar Sandhai ),Grapes,Annabesahai,Local,10/08/2026,8000,10000,9000
Tamil Nadu,Thiruvannamalai,Tiruvannamalai(Uzhavar Sandhai ),Bitter gourd,Bitter Gourd,Local,10/08/2026,5000,6000,5500
Tamil Nadu,Thiruvannamalai,Tiruvannamalai(Uzhavar Sandhai ),Bottle gourd,Bottle Gourd,Local,10/08/2026,2000,2500,2250
Tamil Nadu,Thiruvannamalai,Tiruvannamalai(Uzhavar Sandhai ),Ashgourd,Gouard,Local,10/08/2026,2500,3000,2750
Tamil Nadu,Thiruvannamalai,Tiruvannamalai(Uzhavar Sandhai ),Pumpkin,Pumpkin,Local,10/08/2026,2000,2500,2250
Tamil Nadu,Thiruvannamalai,Tiruvannamalai(Uzhavar Sandhai ),Bhindi(Ladies Finger),Bhindi,Local,10/08/2026,2400,3000,2700
Tamil Nadu,Thiruvannamalai,Tiruvannamalai(Uzhavar Sandhai ),Green Chilli,Green Chilly,Local,10/08/2026,7000,8000,7500
Tamil Nadu,Thiruvannamalai,Tiruvannamalai(Uzhavar Sandhai ),Beans,Beans (Whole),Local,10/08/2026,10000,12000,11000
Tamil Nadu,Thiruvannamalai,Tiruvannamalai(Uzhavar Sandhai ),Ginger(Green),Green Ginger,Local,10/08/2026,18000,20000,19000
Tamil Nadu,Thiruvannamalai,Tiruvannamalai(Uzhavar Sandhai ),Raddish,Raddish,Local,10/08/2026,2500,3000,2750
Tamil Nadu,Thiruvannamalai,Tiruvannamalai(Uzhavar Sandhai ),Mango(Raw-Ripe),Mango - Raw-Ripe,Local,10/08/2026,5000,6000,5500
Tamil Nadu,Thiruvannamalai,Tiruvannamalai(Uzhavar Sandhai ),Tamarind Fruit,Tamarind Fruit,Local,10/08/2026,12000,14000,13000
Tamil Nadu,Thiruvannamalai,Tiruvannamalai(Uzhavar Sandhai ),Mint(Pudina),Mint(Pudina),Local,10/08/2026,4000,5000,4500
Tamil Nadu,Thiruvannamalai,Tiruvannamalai(Uzhavar Sandhai ),Rose(Local),Rose (Local),Local,10/08/2026,18000,20000,19000
Tamil Nadu,Thiruvarur,Mannargudi I(Uzhavar Sandhai ),Cauliflower,Ranchi,Local,10/08/2026,6000,6000,6000
Tamil Nadu,Thiruvarur,Mannargudi I(Uzhavar Sandhai ),Bottle gourd,Bottle Gourd,Local,10/08/2026,3000,3000,3000
Tamil Nadu,Thiruvarur,Mannargudi I(Uzhavar Sandhai ),Ginger(Green),Green Ginger,Local,10/08/2026,20000,20000,20000
Tamil Nadu,Thiruvarur,Mannargudi I(Uzhavar Sandhai ),Cabbage,Cabbage,Local,10/08/2026,4400,4400,4400
Tamil Nadu,Thiruvarur,Mannargudi I(Uzhavar Sandhai ),Snakeguard,Snakeguard,Local,10/08/2026,4000,4000,4000
Tamil Nadu,Thiruvarur,Mannargudi I(Uzhavar Sandhai ),Chow Chow,Chow Chow,Local,10/08/2026,3600,3600,3600
Tamil Nadu,Thiruvarur,Mannargudi II(Uzhavar Sandhai ),Ashgourd,Gouard,Local,10/08/2026,3000,3000,3000
Tamil Nadu,Thiruvarur,Mannargudi II(Uzhavar Sandhai ),Bhindi(Ladies Finger),Bhindi,Local,10/08/2026,3600,3600,3600
Tamil Nadu,Thiruvarur,Mannargudi II(Uzhavar Sandhai ),Green Chilli,Green Chilly,Local,10/08/2026,5200,5200,5200
Tamil Nadu,Thiruvarur,Tiruthuraipoondi(Uzhavar Sandhai ),Groundnut,Big (With Shell),Local,10/08/2026,6000,6000,6000
Tamil Nadu,Thiruvarur,Tiruthuraipoondi(Uzhavar Sandhai ),Banana,Besrai,Local,10/08/2026,4000,4000,4000
Tamil Nadu,Thiruvarur,Tiruthuraipoondi(Uzhavar Sandhai ),Bottle gourd,Bottle Gourd,Local,10/08/2026,3000,3000,3000
Tamil Nadu,Thiruvarur,Tiruthuraipoondi(Uzhavar Sandhai ),Bhindi(Ladies Finger),Bhindi,Local,10/08/2026,4000,4000,4000
Tamil Nadu,Thiruvarur,Tiruthuraipoondi(Uzhavar Sandhai ),Green Chilli,Green Chilly,Local,10/08/2026,5000,5000,5000
Tamil Nadu,Thiruvarur,Tiruthuraipoondi(Uzhavar Sandhai ),Snakeguard,Snakeguard,Local,10/08/2026,4000,4000,4000
Tamil Nadu,Thiruvarur,Tiruthuraipoondi(Uzhavar Sandhai ),Ridgeguard(Tori),Ridgeguard(Tori),Local,10/08/2026,5000,5000,5000
Tamil Nadu,Thiruvarur,Tiruthuraipoondi(Uzhavar Sandhai ),Mango(Raw-Ripe),Mango - Raw-Ripe,Local,10/08/2026,4000,4000,4000
Tamil Nadu,Thiruvellore,Ambattur(Uzhavar Sandhai ),Tomato,Deshi,Local,10/08/2026,2500,2500,2500
Tamil Nadu,Thiruvellore,Naravarikuppam(Uzhavar Sandhai ),Onion,Bellary,Local,10/08/2026,3500,3500,3500
Tamil Nadu,Thiruvellore,Naravarikuppam(Uzhavar Sandhai ),Potato,Red Nanital,Local,10/08/2026,4000,4000,4000
Tamil Nadu,Thiruvellore,Naravarikuppam(Uzhavar Sandhai ),Tomato,Deshi,Local,10/08/2026,2500,2500,2500
Tamil Nadu,Thiruvellore,Naravarikuppam(Uzhavar Sandhai ),Green Chilli,Green Chilly,Local,10/08/2026,5000,5000,5000
Tamil Nadu,Thiruvellore,Paruthipattu(Uzhavar Sandhai ),Carrot,Pusakesar,Local,10/08/2026,6000,6000,6000
Tamil Nadu,Thiruvellore,Perambakkam(Uzhavar Sandhai ),Bhindi(Ladies Finger),Bhindi,Local,10/08/2026,4500,4500,4500
Tamil Nadu,Tuticorin,Kovilpatti(Uzhavar Sandhai ),Cauliflower,Ranchi,Local,10/08/2026,4500,5000,4750
Tamil Nadu,Tuticorin,Kovilpatti(Uzhavar Sandhai ),Brinjal,Other,Local,10/08/2026,3500,4000,3750
Tamil Nadu,Tuticorin,Kovilpatti(Uzhavar Sandhai ),Chikoos(Sapota),Sapota,Local,10/08/2026,4500,5000,4750
Tamil Nadu,Tuticorin,Kovilpatti(Uzhavar Sandhai ),Bottle gourd,Bottle Gourd,Local,10/08/2026,2500,3000,2750
Tamil Nadu,Tuticorin,Kovilpatti(Uzhavar Sandhai ),Bhindi(Ladies Finger),Bhindi,Local,10/08/2026,3000,3500,3250
Tamil Nadu,Tuticorin,Kovilpatti(Uzhavar Sandhai ),Beans,Beans (Whole),Local,10/08/2026,10000,11000,10500
Tamil Nadu,Tuticorin,Kovilpatti(Uzhavar Sandhai ),Chow Chow,Chow Chow,Local,10/08/2026,3000,3500,3250
Tamil Nadu,Tuticorin,Kovilpatti(Uzhavar Sandhai ),Yam(Ratalu),Yam (Ratalu),Local,10/08/2026,8000,8500,8250
Tamil Nadu,Vellore,Gudiyatham(Uzhavar Sandhai ),Cluster beans,Cluster Beans,Local,10/08/2026,4000,4000,4000
Tamil Nadu,Vellore,Gudiyatham(Uzhavar Sandhai ),Papaya,Papaya,Local,10/08/2026,3000,3000,3000
Tamil Nadu,Vellore,Gudiyatham(Uzhavar Sandhai ),Bitter gourd,Bitter Gourd,Local,10/08/2026,4600,4600,4600
Tamil Nadu,Vellore,Gudiyatham(Uzhavar Sandhai ),Pumpkin,Pumpkin,Local,10/08/2026,2400,2400,2400
Tamil Nadu,Vellore,Gudiyatham(Uzhavar Sandhai ),Coconut,Coconut,Local,10/08/2026,4000,4000,4000
Tamil Nadu,Vellore,Gudiyatham(Uzhavar Sandhai ),Beetroot,Beetroot,Local,10/08/2026,5600,5600,5600
Tamil Nadu,Vellore,Gudiyatham(Uzhavar Sandhai ),Colacasia,Colacasia,Local,10/08/2026,5000,5000,5000
Tamil Nadu,Vellore,Gudiyatham(Uzhavar Sandhai ),Mint(Pudina),Mint(Pudina),Local,10/08/2026,4000,4000,4000
Tamil Nadu,Vellore,Kahithapattarai(Uzhavar Sandhai ),Potato,Other,Local,10/08/2026,3400,3400,3400
Tamil Nadu,Vellore,Kahithapattarai(Uzhavar Sandhai ),Bottle gourd,Bottle Gourd,Local,10/08/2026,2000,2000,2000
Tamil Nadu,Vellore,Kahithapattarai(Uzhavar Sandhai ),Pumpkin,Pumpkin,Local,10/08/2026,2000,2000,2000
Tamil Nadu,Vellore,Kahithapattarai(Uzhavar Sandhai ),Amaranthus,Amaranthus,Local,10/08/2026,2400,3000,2700
Tamil Nadu,Vellore,Kahithapattarai(Uzhavar Sandhai ),Cowpea(Veg),Cowpea (Veg),Local,10/08/2026,2500,2500,2500
Tamil Nadu,Vellore,Kahithapattarai(Uzhavar Sandhai ),Sweet Potato,Hosur Red,Local,10/08/2026,3000,3000,3000
Tamil Nadu,Vellore,Kahithapattarai(Uzhavar Sandhai ),Cucumbar(Kheera),Cucumbar,Local,10/08/2026,4500,4500,4500
Tamil Nadu,Vellore,Kahithapattarai(Uzhavar Sandhai ),Jasmine,Jasmine,Local,10/08/2026,40000,40000,40000
Tamil Nadu,Vellore,Kahithapattarai(Uzhavar Sandhai ),Colacasia,Colacasia,Local,10/08/2026,4000,4000,4000
Tamil Nadu,Vellore,Kahithapattarai(Uzhavar Sandhai ),Sweet Corn ,Sweet Corn ,Local,10/08/2026,3500,3500,3500
Tamil Nadu,Villupuram,Villupuram(Uzhavar Sandhai ),Onion,Bellary,Local,10/08/2026,4000,4500,4250
Tamil Nadu,Villupuram,Villupuram(Uzhavar Sandhai ),Cauliflower,Ranchi,Local,10/08/2026,3000,3000,3000
Tamil Nadu,Villupuram,Villupuram(Uzhavar Sandhai ),Bottle gourd,Bottle Gourd,Local,10/08/2026,3000,3000,3000
Tamil Nadu,Villupuram,Villupuram(Uzhavar Sandhai ),Ginger(Green),Green Ginger,Local,10/08/2026,22000,22000,22000
Tamil Nadu,Villupuram,Villupuram(Uzhavar Sandhai ),Sweet Potato,Hosur Red,Local,10/08/2026,6000,6000,6000
Tamil Nadu,Villupuram,Villupuram(Uzhavar Sandhai ),Raddish,Raddish,Local,10/08/2026,4500,4500,4500
Tamil Nadu,Villupuram,Villupuram(Uzhavar Sandhai ),Green Avare(W),Green Avare (W),Local,10/08/2026,6000,12000,9000
Tamil Nadu,Villupuram,Villupuram(Uzhavar Sandhai ),Onion Green,Onion Green,Local,10/08/2026,7000,7000,7000
Tamil Nadu,Villupuram,Villupuram(Uzhavar Sandhai ),Mint(Pudina),Mint(Pudina),Local,10/08/2026,4000,4000,4000
Tamil Nadu,Villupuram,Villupuram(Uzhavar Sandhai ),Rose(Local),Rose (Local),Local,10/08/2026,30000,30000,30000
Andhra Pradesh,Chittor,Palamaner APMC,Brinjal,Brinjal,FAQ,10/08/2026,2500,4000,3500
Andhra Pradesh,Chittor,Palamaner APMC,Cauliflower,Cauliflower,FAQ,10/08/2026,600,1000,800
Andhra Pradesh,Prakasam,Darsi APMC,Paddy(Common),B P T,Local,10/08/2026,2350,2400,2400
Andhra Pradesh,Palnadu,Narasaraopet APMC,Green Gram(Moong)(Whole),Local (Whole),FAQ,10/08/2026,7000,7000,7000
Andhra Pradesh,Palnadu,Narasaraopet APMC,Paddy(Common),Paddy,FAQ,10/08/2026,3000,3000,3000
Andhra Pradesh,Palnadu,Narasaraopet APMC,Bengal Gram(Gram)(Whole),Desi (Whole),FAQ,10/08/2026,6000,6000,6000
Andhra Pradesh,Sri Sathya Sai,Penukonda APMC,Groundnut,Local,FAQ,10/08/2026,7300,7600,7400
Haryana,Rewari,Rewari APMC,Potato,Other,Medium,10/08/2026,700,1200,900
Haryana,Rohtak,Rohtak APMC,Pineapple,Other,Medium,10/08/2026,2000,3500,3000
Haryana,Rohtak,Rohtak APMC,Tomato,Other,Medium,10/08/2026,1500,3500,2500
Jammu and Kashmir,Rajouri,Rajouri (Phaliana) (F&V),Papaya,Papaya,Grade B,10/08/2026,5500,5500,5500
Jammu and Kashmir,Rajouri,Rajouri (Phaliana) (F&V),Pomegranate,Pomogranate,Grade B,10/08/2026,12000,12000,12000
Jammu and Kashmir,Rajouri,Rajouri (Phaliana) (F&V),Brinjal,Brinjal,Grade B,10/08/2026,3000,3000,3000
Jammu and Kashmir,Rajouri,Rajouri (Phaliana) (F&V),Round gourd,Other,Grade B,10/08/2026,4500,4500,4500
Himachal Pradesh,Solan,PMY Kather Solan,Potato,Other,Medium,10/08/2026,700,2000,1800
Himachal Pradesh,Solan,PMY Kather Solan,French Beans(Frasbean),Other,Medium,10/08/2026,2000,5100,5100
Himachal Pradesh,Solan,PMY Kather Solan,Capsicum,Capsicum,Local,10/08/2026,800,3000,2300
Himachal Pradesh,Solan,PMY Kather Solan,Cucumbar(Kheera),Other,Medium,10/08/2026,1500,2000,1800
Haryana,Jhajar,Jhajjar APMC,Tomato,Other,Medium,10/08/2026,2500,2500,2500
Haryana,Jhajar,Jhajjar APMC,Mango,Other,Medium,10/08/2026,8000,8000,8000
Punjab,Ferozpur,Firozepur City APMC,Bhindi(Ladies Finger),Bhindi,Grade A,10/08/2026,3000,3000,3000
Punjab,Ferozpur,Firozepur City APMC,Garlic,Garlic,Grade Range-1,10/08/2026,8000,8000,8000
Punjab,Ferozpur,Firozepur City APMC,Ridgeguard(Tori),Ridgeguard(Tori),Grade A,10/08/2026,2000,2000,2000
Punjab,Ferozpur,Firozepur City APMC,French Beans(Frasbean),Other,Grade A,10/08/2026,6000,6000,6000
Punjab,Ferozpur,Firozepur City APMC,Chow Chow,Other,Grade A,10/08/2026,1500,1500,1500
Punjab,Ferozpur,Firozepur City APMC,Pea Pod/Pea Cod/हरी मटर,Other,Grade A,10/08/2026,7000,7000,7000
Punjab,Ferozpur,Firozepur City APMC,Colacasia,Other,Grade A,10/08/2026,1000,1000,1000
Punjab,Ferozpur,Firozepur City APMC,Apple,Apple,Grade A,10/08/2026,15000,16000,15500
Punjab,Hoshiarpur,Mukerian APMC,Green Chilli,Green Chilly,Grade B,10/08/2026,2000,3000,2500
Odisha,Balasore,Nilagiri APMC,Cucumbar(Kheera),Other,Local,10/08/2026,3150,3200,3200
Haryana,Kaithal,Pundri APMC,Cauliflower,Other,FAQ,10/08/2026,4000,4200,4100
Haryana,Kaithal,Pundri APMC,Cucumbar(Kheera),Other,FAQ,10/08/2026,1400,1600,1500
Rajasthan,Kota,Ramganjmandi APMC,Mustard,Other,Local,10/08/2026,7271,8001,7621
Tripura,Sepahijala,Melaghar APMC,Fish,Rahu(Local),Local,10/08/2026,31000,33000,32000
Tripura,Sepahijala,Jampuijala APMC,Rice,Fine,Grade Range-1,10/08/2026,4000,4400,4200
Tripura,Unokoti,Pabiacherra APMC,Bitter gourd,Bitter Gourd,Grade A,10/08/2026,5800,5800,5800
Tripura,Unokoti,Pabiacherra APMC,Ginger(Green),Green Ginger,Grade A,10/08/2026,14900,14900,14900
Punjab,Ludhiana,Ludhiana APMC,Mango,Other,Medium,10/08/2026,2000,6000,3000
Punjab,Ludhiana,Ludhiana APMC,Raddish,Raddish,FAQ,10/08/2026,300,1000,600
Punjab,Ludhiana,Ludhiana APMC,Apple,Other,Medium,10/08/2026,3000,9000,6000
Punjab,Ludhiana,Ludhiana APMC,Green Chilli,Other,FAQ,10/08/2026,2000,3200,2500
West Bengal,Purba Bardhaman,Burdwan APMC,Tomato,Tomato,FAQ,10/08/2026,2600,3000,2700
Uttar Pradesh,Badaun,Badayoun APMC,Wheat,Other,FAQ,10/08/2026,2500,2500,2500
West Bengal,Birbhum,Birbhum APMC,Tomato,Hybrid,FAQ,10/08/2026,4600,4800,4700
West Bengal,Birbhum,Birbhum APMC,Brinjal,Brinjal,FAQ,10/08/2026,5500,5700,5600
West Bengal,Birbhum,Birbhum APMC,Onion,Other,FAQ,10/08/2026,3200,3400,3300
West Bengal,Puruliya,Purulia APMC,Mustard Oil,Mustard Oil,FAQ,10/08/2026,18800,19400,19000
West Bengal,Puruliya,Purulia APMC,Rice,Other,FAQ,10/08/2026,3400,3600,3500
West Bengal,Puruliya,Purulia APMC,Onion,Other,FAQ,10/08/2026,2700,3400,3000
West Bengal,Puruliya,Purulia APMC,Pumpkin,Other,FAQ,10/08/2026,1600,2000,1800
Odisha,Dhenkanal,Hindol APMC,Banana - Green,Other,Grade B,10/08/2026,2500,2800,2700
Odisha,Dhenkanal,Hindol APMC,Bhindi(Ladies Finger),Bhindi,Grade B,10/08/2026,5500,6000,5800
Odisha,Dhenkanal,Hindol APMC,Bitter gourd,Bitter Gourd,Grade B,10/08/2026,5000,5500,5200
Odisha,Dhenkanal,Hindol APMC,Snakeguard,Other,Grade B,10/08/2026,3700,4000,3800
Uttar Pradesh,Baghpat,Baraut APMC,Tomato,Other,FAQ,10/08/2026,1800,1800,1800
Uttar Pradesh,Baghpat,Baraut APMC,Lemon,Other,FAQ,10/08/2026,4000,4000,4000
Uttarakhand,Udhamsinghnagar,Khateema APMC,Apple,Other,Grade B,10/08/2026,6000,9000,8000
Uttarakhand,Udhamsinghnagar,Khateema APMC,Papaya,Other,Grade A,10/08/2026,2400,2600,2500
West Bengal,Nadia,Nadia APMC,Rice,Fine,Local,10/08/2026,4600,4800,4700
West Bengal,Nadia,Nadia APMC,Masur Dal,Masur Dal,FAQ,10/08/2026,10200,10400,10300
West Bengal,Jalpaiguri,Jalpaiguri Sadar APMC,Onion,Nasik,FAQ,10/08/2026,3300,3500,3400
West Bengal,Jalpaiguri,Jalpaiguri Sadar APMC,Pointed gourd(Parval),Pointed gourd (Parval),FAQ,10/08/2026,5300,5500,5400
Uttar Pradesh,Gonda,Gonda APMC,Wood,Eucalyptus,FAQ,10/08/2026,450,450,450
West Bengal,Kalimpong,Kalimpong APMC,Ginger(Dry),Big/Thick,Local,10/08/2026,13000,13400,13200
West Bengal,Kalimpong,Kalimpong APMC,Cabbage,Cabbage,Medium,10/08/2026,4000,4200,4100
West Bengal,Hooghly,Kalipur APMC,Rice,Fine,FAQ,10/08/2026,4600,4700,4650
West Bengal,Hooghly,Kalipur APMC,Tomato,Hybrid,FAQ,10/08/2026,2400,2800,2600
Tamil Nadu,Villupuram,Gingee(Uzhavar Sandhai ),Cucumbar(Kheera),Cucumbar,Local,10/08/2026,4000,4000,4000
Tamil Nadu,Villupuram,Gingee(Uzhavar Sandhai ),Green Avare(W),Green Avare (W),Local,10/08/2026,7500,7500,7500
Tamil Nadu,Villupuram,Gingee(Uzhavar Sandhai ),Mango(Raw-Ripe),Mango - Raw-Ripe,Local,10/08/2026,4000,4000,4000
Tamil Nadu,Villupuram,Gingee(Uzhavar Sandhai ),Guava,Guava Allahabad,Local,10/08/2026,5000,5000,5000
Uttar Pradesh,Basti,Basti APMC,Wood,Other,FAQ,10/08/2026,400,400,400
Uttar Pradesh,Etawah,Bharthna APMC,Wheat,Other,FAQ,10/08/2026,2450,2450,2450
Uttar Pradesh,Etawah,Bharthna APMC,Wheat,Dara,FAQ,10/08/2026,2450,2550,2478.03
Uttar Pradesh,Etawah,Bharthna APMC,Potato,Other,FAQ,10/08/2026,500,500,500
Uttar Pradesh,Hamirpur,Bharuasumerpur APMC,Wheat,Deshi,FAQ,10/08/2026,2500,2500,2500
Uttar Pradesh,Badaun,Bilsi APMC,Maize,Other,FAQ,10/08/2026,1900,2025,1932
Tamil Nadu,Thiruvarur,Valangaiman APMC,Green Chilli,Green Chilly,Local,10/08/2026,5000,5000,5000
Tamil Nadu,Thiruvarur,Valangaiman APMC,Banana - Green,Banana - Green,Local,10/08/2026,4000,4000,4000
Tamil Nadu,Thiruvellore,Tiruthani(Uzhavar Sandhai ),Onion,Bellary,Local,10/08/2026,3500,3500,3500
Tamil Nadu,Thiruvellore,Tiruthani(Uzhavar Sandhai ),Potato,Red Nanital,Local,10/08/2026,4000,4000,4000
Tamil Nadu,Thiruvellore,Tiruthani(Uzhavar Sandhai ),Banana - Green,Banana - Green,Local,10/08/2026,4000,4000,4000
Tamil Nadu,Thiruvellore,Tiruthani(Uzhavar Sandhai ),Cucumbar(Kheera),Cucumbar,Local,10/08/2026,5000,5000,5000
Tamil Nadu,Thiruvellore,Tiruthani(Uzhavar Sandhai ),Raddish,Raddish,Local,10/08/2026,4000,4000,4000
Tamil Nadu,Thiruvellore,Tiruthani(Uzhavar Sandhai ),Thondekai,Thondekai,Local,10/08/2026,5000,5000,5000
Tamil Nadu,Thiruvellore,Tiruthani(Uzhavar Sandhai ),Chow Chow,Chow Chow,Local,10/08/2026,4000,4000,4000
Uttar Pradesh,Sitapur,Viswan APMC,Firewood,Firewood,FAQ,10/08/2026,300,505,336.87
Uttar Pradesh,Bulandshahar,Buland Shahr APMC,Tomato,Other,FAQ,10/08/2026,2000,2000,2000
Uttar Pradesh,Sambhal,Chandausi APMC,Lemon,Other,FAQ,10/08/2026,6200,7000,6408.7
Uttar Pradesh,Sambhal,Chandausi APMC,Capsicum,Other,FAQ,10/08/2026,3000,3000,3000
Uttar Pradesh,Kannuj,Chhibramau APMC,Potato,Other,FAQ,10/08/2026,600,600,600
Uttar Pradesh,Saharanpur,Chutmalpur APMC,Bottle gourd,Bottle Gourd,Local,10/08/2026,600,800,700
Uttar Pradesh,Saharanpur,Chutmalpur APMC,Colacasia,Colacasia,Local,10/08/2026,1400,1800,1500
Uttar Pradesh,Saharanpur,Chutmalpur APMC,Guava,Guava,Local,10/08/2026,4200,4500,4300
Tamil Nadu,Virudhunagar,Kariyapatti(Uzhavar Sandhai ),Potato,Red Nanital,Local,10/08/2026,3000,3500,3250
Tamil Nadu,Virudhunagar,Kariyapatti(Uzhavar Sandhai ),Banana - Green,Banana - Green,Local,10/08/2026,3000,3500,3250
Tamil Nadu,Virudhunagar,Kariyapatti(Uzhavar Sandhai ),Beetroot,Beetroot,Local,10/08/2026,5500,6000,5750
Tamil Nadu,Virudhunagar,Kariyapatti(Uzhavar Sandhai ),Onion Green,Onion Green,Local,10/08/2026,6500,7000,6750
Uttar Pradesh,Deoria,Devariya APMC,Paddy(Common),Other,FAQ,10/08/2026,2200,2200,2200
Uttar Pradesh,Gonda,Colonelganj APMC,Maize,Other,FAQ,10/08/2026,1900,1900,1900
Maharashtra,Akola,Akola APMC,Bengal Gram(Gram)(Whole),Kabul Small,FAQ,10/08/2026,7350,7350,7350
Maharashtra,Akola,Akola APMC,Red gram/Arhar/Tur(whole),Other,Non-FAQ,10/08/2026,6000,7975,7650
Maharashtra,Akola,Akola APMC,Onion,Other,Local,10/08/2026,1000,2600,1600
Maharashtra,Akola,Akola APMC,Mustard,Other,FAQ,10/08/2026,7300,7300,7300
Maharashtra,Akola,Murtizapur APMC,Wheat,Other,FAQ,10/08/2026,2590,2600,2595
Maharashtra,Akola,Murtizapur APMC,Bengal Gram(Gram)(Whole),Other,FAQ,10/08/2026,5890,6355,6125
Maharashtra,Ahilyanagar,Shrirampur APMC,Ginger(Green),Other,Local,10/08/2026,4000,14000,9000
Maharashtra,Ahilyanagar,Shrirampur APMC,Bottle gourd,Other,Local,10/08/2026,1000,1500,1250
Maharashtra,Ahilyanagar,Shrirampur APMC,Cabbage,Other,Local,10/08/2026,1000,1200,1100
Maharashtra,Ahilyanagar,Shrirampur(Belapur) APMC,Wheat,Other,Non-FAQ,10/08/2026,2200,2300,2250
Tamil Nadu,Thiruvellore,Tiruvallur(Uzhavar Sandhai ),Banana,Karpura,Local,10/08/2026,6000,6000,6000
Tamil Nadu,Thiruvellore,Tiruvallur(Uzhavar Sandhai ),Ashgourd,Gouard,Local,10/08/2026,2500,3000,2750
Tamil Nadu,Thiruvellore,Tiruvallur(Uzhavar Sandhai ),Tender Coconut,Tender Coconut,Local,10/08/2026,3000,3000,3000
Madhya Pradesh,Hoshangabad,Hoshangabad(F&V) APMC,Bhindi(Ladies Finger),Bhindi,FAQ,10/08/2026,1050,1730,1210
Madhya Pradesh,Hoshangabad,Hoshangabad(F&V) APMC,Cabbage,Cabbage,FAQ,10/08/2026,850,1440,910
Madhya Pradesh,Hoshangabad,Hoshangabad(F&V) APMC,Garlic,Garlic,FAQ,10/08/2026,6650,10530,6960
Madhya Pradesh,Hoshangabad,Hoshangabad(F&V) APMC,Green Chilli,Green Chilly,FAQ,10/08/2026,2500,4430,3220
Madhya Pradesh,Hoshangabad,Hoshangabad(F&V) APMC,Potato,Potato,FAQ,10/08/2026,430,880,520
Madhya Pradesh,Shivpuri,Karera(F&V) APMC,Bottle gourd,Bottle Gourd,Local,10/08/2026,700,1500,1100
Maharashtra,Amarawati,Daryapur APMC,Bengal Gram(Gram)(Whole),Average (Whole),Non-FAQ,10/08/2026,4500,5800,5700
Maharashtra,Amarawati,Daryapur APMC,Red gram/Arhar/Tur(whole),Other,Non-FAQ,10/08/2026,6500,7855,7700
Madhya Pradesh,Khandwa,Khargone(F&V) APMC,Bottle gourd,Bottle Gourd,Medium,10/08/2026,800,1200,1000
Madhya Pradesh,Khandwa,Khargone(F&V) APMC,Cabbage,Cabbage,Medium,10/08/2026,2200,2600,2400
Madhya Pradesh,Khandwa,Khargone(F&V) APMC,Cucumbar(Kheera),Cucumbar,Medium,10/08/2026,700,1200,900
Madhya Pradesh,Khandwa,Khargone(F&V) APMC,Green Chilli,Green Chilly,Medium,10/08/2026,1800,2800,2200
Maharashtra,Amarawati,Morshi APMC,Maize,Other,Non-FAQ,10/08/2026,2000,2390,2195
Maharashtra,Amarawati,Morshi APMC,Bengal Gram(Gram)(Whole),Other,Non-FAQ,10/08/2026,5600,5870,5735
Maharashtra,Amarawati,Morshi APMC,Red gram/Arhar/Tur(whole),Other,Non-FAQ,10/08/2026,7600,7880,7740
Madhya Pradesh,Dhar,Manawar(F&V) APMC,Brinjal,Brinjal,Grade B,10/08/2026,700,900,800
Madhya Pradesh,Dhar,Manawar(F&V) APMC,Sponge gourd,Sponge gourd,Grade B,10/08/2026,1200,1400,1250
Madhya Pradesh,Dhar,Manawar(F&V) APMC,Cucumbar(Kheera),Cucumbar,Grade B,10/08/2026,600,800,667
Madhya Pradesh,Dhar,Manawar(F&V) APMC,Onion,Onion,Grade B,10/08/2026,1600,2000,1763
Madhya Pradesh,Dhar,Manawar(F&V) APMC,Tinda,Tinda,Grade B,10/08/2026,1400,1600,1500
Madhya Pradesh,Hoshangabad,Pipariya(F&V) APMC,Cabbage,Cabbage,Local,10/08/2026,600,2050,1400
Madhya Pradesh,Sehore,Sehore(F&V) APMC,Spinach,Spinach,Grade Range-1,10/08/2026,1200,2000,1500
Madhya Pradesh,Sehore,Sehore(F&V) APMC,Capsicum,Capsicum,Grade Range-1,10/08/2026,4000,5000,4500
Madhya Pradesh,Sehore,Sehore(F&V) APMC,Cabbage,Cabbage,Grade Range-1,10/08/2026,2000,2500,2200
Madhya Pradesh,Sehore,Sehore(F&V) APMC,Pumpkin,Pumpkin,Grade Range-1,10/08/2026,1000,2000,1500
Madhya Pradesh,Khandwa,Sanawad(F&V) APMC,Brinjal,Arkasheela Mattigulla,Medium,10/08/2026,800,1000,900
Madhya Pradesh,Khandwa,Sanawad(F&V) APMC,Green Chilli,Green Chilly,Medium,10/08/2026,2500,3000,2800
Madhya Pradesh,Ratlam,Sailana(F&V) APMC,Onion,Local,Medium,10/08/2026,400,2351,1350
Madhya Pradesh,Ratlam,Sailana(F&V) APMC,Garlic,Garlic,Local,10/08/2026,2956,14550,5700
Tamil Nadu,Vellore,Katpadi (Uzhavar Sandhai ),Onion,Bellary,Local,10/08/2026,4000,4000,4000
Tamil Nadu,Vellore,Katpadi (Uzhavar Sandhai ),Groundnut,Big (With Shell),Local,10/08/2026,8000,8000,8000
Tamil Nadu,Vellore,Katpadi (Uzhavar Sandhai ),Bottle gourd,Bottle Gourd,Local,10/08/2026,2500,2500,2500
Tamil Nadu,Vellore,Katpadi (Uzhavar Sandhai ),Papaya,Papaya,Local,10/08/2026,3500,4000,3750
Tamil Nadu,Vellore,Katpadi (Uzhavar Sandhai ),Beetroot,Beetroot,Local,10/08/2026,4500,4500,4500
Tamil Nadu,Vellore,Katpadi (Uzhavar Sandhai ),Ridgeguard(Tori),Ridgeguard(Tori),Local,10/08/2026,4000,4000,4000
Tamil Nadu,Vellore,Katpadi (Uzhavar Sandhai ),Green Avare(W),Green Avare (W),Local,10/08/2026,7000,7000,7000
Tamil Nadu,Vellore,Katpadi (Uzhavar Sandhai ),Knool Khol,Knool Khol,Local,10/08/2026,3000,3000,3000
Tamil Nadu,Vellore,Katpadi (Uzhavar Sandhai ),Guava,Guava Allahabad,Local,10/08/2026,4500,5000,4750
Tamil Nadu,Vellore,Katpadi (Uzhavar Sandhai ),Lemon,Lemon,Local,10/08/2026,10000,10000,10000
Tamil Nadu,Vellore,Katpadi (Uzhavar Sandhai ),Custard Apple(Sharifa),Custard Apple(Sharifa),Local,10/08/2026,5000,5000,5000
Madhya Pradesh,Khandwa,Badwah(F&V) APMC,Bhindi(Ladies Finger),Bhindi,Grade A,10/08/2026,910,1350,1000
Madhya Pradesh,Khandwa,Badwah(F&V) APMC,Green Chilli,Green Chilly,Grade A,10/08/2026,1800,3000,2500
Madhya Pradesh,Khandwa,Badwah(F&V) APMC,Cabbage,Cabbage,Grade A,10/08/2026,1400,2000,1600
Maharashtra,Chandrapur,Chandrapur(Ganjwad) APMC,Cauliflower,Other,Local,10/08/2026,1000,2000,1500
Maharashtra,Chandrapur,Chandrapur(Ganjwad) APMC,Carrot,Other,Local,10/08/2026,1500,2000,1800
Maharashtra,Chandrapur,Chandrapur(Ganjwad) APMC,Cucumbar(Kheera),Other,Local,10/08/2026,1000,2000,1500
Maharashtra,Chandrapur,Chandrapur(Ganjwad) APMC,Cabbage,Other,Local,10/08/2026,1000,1500,1200
Maharashtra,Chandrapur,Chandrapur(Ganjwad) APMC,Coriander(Leaves),Other,Local,10/08/2026,1000,2000,1500
Maharashtra,Buldhana,Krushi Utpanna Bazar Samiti Shegaon,Bengal Gram(Gram)(Whole),Other,Non-FAQ,10/08/2026,5000,5855,5655
Maharashtra,Gadchiroli,Gadchiroli APMC,Paddy(Common),Other,FAQ,10/08/2026,2590,3650,3140
Keralam,Kottayam,Ettumanoor VFPCK Market,Snakeguard,Snakeguard,Grade A,10/08/2026,1800,2000,1900
Keralam,Palakad,Kottayi VFPCK Market,Amaranthus,Amaranthus,Grade A,10/08/2026,1600,1600,1600
Maharashtra,Gadchiroli,Chamorshi APMC,Paddy(Common),Other,FAQ,10/08/2026,3025,3200,3100
Keralam,Pathanamthitta,Chittar  VFPCK Market,Banana,Palayamthodan,Grade Range-1,10/08/2026,1700,2800,2300
Keralam,Pathanamthitta,Enadimangalam VFPCK Market,Banana,Nendra Bale,Grade A,10/08/2026,6000,6500,6200
Keralam,Malappuram,Moothedam  VFPCK Market,Banana,Nendra Bale,Grade Range-1,10/08/2026,5300,5500,5400
Tamil Nadu,Madurai,Thirumangalam(Uzhavar Sandhai ),Onion,Bellary,Local,10/08/2026,3800,4200,4000
Tamil Nadu,Madurai,Thirumangalam(Uzhavar Sandhai ),Banana,Besrai,Local,10/08/2026,3000,4000,3500
Tamil Nadu,Madurai,Thirumangalam(Uzhavar Sandhai ),Green Chilli,Green Chilly,Local,10/08/2026,3600,4000,3800
Tamil Nadu,Madurai,Thirumangalam(Uzhavar Sandhai ),Ridgeguard(Tori),Ridgeguard(Tori),Local,10/08/2026,6000,7000,6500
Tamil Nadu,Madurai,Thirumangalam(Uzhavar Sandhai ),Raddish,Raddish,Local,10/08/2026,2500,3000,2750
Madhya Pradesh,Sagar,Khurai(F&V) APMC,Onion,1st Sort,Local,10/08/2026,1500,2500,2000
Madhya Pradesh,Sagar,Khurai(F&V) APMC,Bitter gourd,Bitter Gourd,Local,10/08/2026,1600,2200,1900
Madhya Pradesh,Sagar,Khurai(F&V) APMC,Bhindi(Ladies Finger),Bhindi,Local,10/08/2026,500,700,600
Madhya Pradesh,Sagar,Jaisinagar APMC,Wheat,Mill Quality,FAQ,10/08/2026,2410,2500,2415
Madhya Pradesh,Chhatarpur,Bijawar APMC,Wheat,Mill Quality,Non-FAQ,10/08/2026,2400,2550,2528
Madhya Pradesh,Chhatarpur,Naugaon APMC,Mustard,Mustard,Non-FAQ,10/08/2026,7175,7265,7250
Madhya Pradesh,Chhatarpur,Naugaon APMC,Wheat,Wheat,Non-FAQ,10/08/2026,2480,2580,2560
Tamil Nadu,Madurai,Melur(Uzhavar Sandhai ),Brinjal,Round,Local,10/08/2026,4000,4500,4250
Tamil Nadu,Madurai,Melur(Uzhavar Sandhai ),Chikoos(Sapota),Sapota,Local,10/08/2026,4000,6000,5000
Tamil Nadu,Madurai,Melur(Uzhavar Sandhai ),Ashgourd,Gouard,Local,10/08/2026,1800,2000,1900
Tamil Nadu,Madurai,Melur(Uzhavar Sandhai ),Green Chilli,Green Chilly,Local,10/08/2026,3600,4000,3800
Tamil Nadu,Madurai,Melur(Uzhavar Sandhai ),Coconut,Coconut,Local,10/08/2026,6000,6800,6400
Tamil Nadu,Madurai,Melur(Uzhavar Sandhai ),Cucumbar(Kheera),Cucumbar,Local,10/08/2026,5000,6000,5500
Tamil Nadu,Madurai,Melur(Uzhavar Sandhai ),Drumstick,Drumstick,Local,10/08/2026,5000,6000,5500
Tamil Nadu,Madurai,Melur(Uzhavar Sandhai ),Mango(Raw-Ripe),Mango - Raw-Ripe,Local,10/08/2026,7000,8000,7500
Tamil Nadu,Madurai,Melur(Uzhavar Sandhai ),Onion Green,Onion Green,Local,10/08/2026,6500,7000,6750
Keralam,Kasargod,Madikai  VFPCK Market,Banana - Green,Banana - Green,Grade C,10/08/2026,2800,3000,2900
Karnataka,Koppal,Koppal APMC,Green Gram(Moong)(Whole),Medium,Non-FAQ,10/08/2026,7060,7060,7060
Karnataka,Koppal,Koppal APMC,Cowpea(Lobia/Karamani),Cowpea (Whole),Small,10/08/2026,6325,6325,6325
Keralam,Pathanamthitta,Naranganam  VFPCK Market,Banana,Nendra Bale,Grade A,10/08/2026,3000,10000,6500
Karnataka,Bengaluru South,Ramanagara APMC,Brinjal,Round,Local,10/08/2026,1600,2400,2000
Karnataka,Bengaluru South,Ramanagara APMC,Green Chilli,Green Chilly,Local,10/08/2026,4000,6000,5000
Karnataka,Bengaluru South,Ramanagara APMC,Carrot,Carrot,Local,10/08/2026,4000,6000,5000
Karnataka,Bengaluru South,Ramanagara APMC,Green Avare(W),Green Avare (W),Local,10/08/2026,3000,3500,3200
Karnataka,Bengaluru South,Ramanagara APMC,Drumstick,Drumstick,Local,10/08/2026,5000,7200,6000
Tamil Nadu,Salem,Vazhapadi(Uzhavar Sandhai),Chikoos(Sapota),Sapota,Local,10/08/2026,4500,5000,4750
Tamil Nadu,Salem,Vazhapadi(Uzhavar Sandhai),Papaya,Papaya,Local,10/08/2026,3500,4000,3750
Tamil Nadu,Salem,Vazhapadi(Uzhavar Sandhai),Banana - Green,Banana - Green,Local,10/08/2026,2300,2500,2400
Tamil Nadu,Salem,Vazhapadi(Uzhavar Sandhai),Beans,Beans (Whole),Local,10/08/2026,7500,8000,7750
Tamil Nadu,Salem,Vazhapadi(Uzhavar Sandhai),Mango(Raw-Ripe),Mango - Raw-Ripe,Local,10/08/2026,3000,3500,3250
Tamil Nadu,Salem,Vazhapadi(Uzhavar Sandhai),Onion Green,Onion Green,Local,10/08/2026,4500,5000,4750
Tamil Nadu,Karur,Gandhigramam(Uzhavar Sandhai),Cluster beans,Cluster Beans,Local,10/08/2026,3000,3500,3250
Tamil Nadu,Karur,Gandhigramam(Uzhavar Sandhai),Brinjal,Other,Local,10/08/2026,3500,4000,3750
Tamil Nadu,Karur,Gandhigramam(Uzhavar Sandhai),Bottle gourd,Bottle Gourd,Local,10/08/2026,2500,3000,2750
Tamil Nadu,Karur,Gandhigramam(Uzhavar Sandhai),Ashgourd,Gouard,Local,10/08/2026,2500,2800,2650
Tamil Nadu,Karur,Gandhigramam(Uzhavar Sandhai),Amaranthus,Amaranthus,Local,10/08/2026,2000,2500,2250
Tamil Nadu,Karur,Gandhigramam(Uzhavar Sandhai),Banana - Green,Banana - Green,Local,10/08/2026,2000,3000,2500
Tamil Nadu,Karur,Gandhigramam(Uzhavar Sandhai),Tapioca,Tapioca,Local,10/08/2026,3000,3500,3250
Tamil Nadu,Karur,Gandhigramam(Uzhavar Sandhai),Beans,Beans (Whole),Local,10/08/2026,10000,11000,10500
Tamil Nadu,Karur,Gandhigramam(Uzhavar Sandhai),Carrot,Pusakesar,Local,10/08/2026,9000,10000,9500
Tamil Nadu,Karur,Gandhigramam(Uzhavar Sandhai),Elephant Yam(Suran)/Amorphophallus,Elephant Yam (Suran),Local,10/08/2026,4000,5000,4500
Tamil Nadu,Karur,Gandhigramam(Uzhavar Sandhai),Baby Corn,Baby Corn,Grade A,10/08/2026,3500,4000,3750
Tamil Nadu,Pudukkottai,Aranthangi(Uzhavar Sandhai ),Cluster beans,Cluster Beans,Local,10/08/2026,3500,4000,3750
Tamil Nadu,Pudukkottai,Aranthangi(Uzhavar Sandhai ),Amaranthus,Amaranthus,Local,10/08/2026,1000,1500,1250
Tamil Nadu,Pudukkottai,Aranthangi(Uzhavar Sandhai ),Snakeguard,Snakeguard,Local,10/08/2026,3500,4000,3750
Tamil Nadu,Pudukkottai,Aranthangi(Uzhavar Sandhai ),Lemon,Lemon,Local,10/08/2026,5000,6000,5500
Tamil Nadu,Coimbatore,Sulur(Uzhavar Sandhai ),Cluster beans,Cluster Beans,Local,10/08/2026,4000,4500,4250
Tamil Nadu,Coimbatore,Sulur(Uzhavar Sandhai ),Banana,Besrai,Local,10/08/2026,6000,8500,7250
Tamil Nadu,Coimbatore,Sulur(Uzhavar Sandhai ),Cauliflower,Ranchi,Local,10/08/2026,4400,4800,4600
Tamil Nadu,Coimbatore,Sulur(Uzhavar Sandhai ),Coriander(Leaves),I Sort,Local,10/08/2026,4400,5000,4700
Tamil Nadu,Coimbatore,Sulur(Uzhavar Sandhai ),Papaya,Papaya,Local,10/08/2026,4000,4400,4200
Tamil Nadu,Coimbatore,Sulur(Uzhavar Sandhai ),Bhindi(Ladies Finger),Bhindi,Local,10/08/2026,4800,5200,5000
Tamil Nadu,Coimbatore,Sulur(Uzhavar Sandhai ),Cabbage,Cabbage,Local,10/08/2026,2600,3000,2800
Tamil Nadu,Coimbatore,Sulur(Uzhavar Sandhai ),Snakeguard,Snakeguard,Local,10/08/2026,3000,3500,3250
Tamil Nadu,Coimbatore,Sulur(Uzhavar Sandhai ),Capsicum,Capsicum,Local,10/08/2026,5400,6000,5700
Tamil Nadu,Coimbatore,Sulur(Uzhavar Sandhai ),Mint(Pudina),Mint(Pudina),Local,10/08/2026,5400,6000,5700
Tamil Nadu,Pudukkottai,Gandarvakottai(Uzhavar Sandhai ),Potato,Other,Local,10/08/2026,6000,7000,6500
Tamil Nadu,Pudukkottai,Gandarvakottai(Uzhavar Sandhai ),Coriander(Leaves),I Sort,Local,10/08/2026,4500,5000,4750
Tamil Nadu,Pudukkottai,Gandarvakottai(Uzhavar Sandhai ),Banana,Red Banana,Local,10/08/2026,6000,7000,6500
Tamil Nadu,Pudukkottai,Gandarvakottai(Uzhavar Sandhai ),Ashgourd,Gouard,Local,10/08/2026,1200,1500,1350
Tamil Nadu,Pudukkottai,Gandarvakottai(Uzhavar Sandhai ),Banana - Green,Banana - Green,Local,10/08/2026,2500,3000,2750
Keralam,Thirssur,Annamanada  VFPCK Market,Banana,Nendra Bale,Grade A,10/08/2026,4000,6200,5000
Tamil Nadu,Cuddalore,Panruti(Uzhavar Sandhai ),Potato,Red Nanital,Local,10/08/2026,3000,3000,3000
Tamil Nadu,Cuddalore,Panruti(Uzhavar Sandhai ),Mango(Raw-Ripe),Mango - Raw-Ripe,Local,10/08/2026,4500,4500,4500
Tamil Nadu,Cuddalore,Panruti(Uzhavar Sandhai ),Jack Fruit(Ripe),Jack Fruit,Local,10/08/2026,6000,6000,6000
Tamil Nadu,Cuddalore,Vadalur(Uzhavar Sandhai ),Tomato,Local,Local,10/08/2026,2000,2000,2000
Tamil Nadu,Cuddalore,Vadalur(Uzhavar Sandhai ),Onion,Bellary,Local,10/08/2026,3000,4000,3500
Tamil Nadu,Cuddalore,Vadalur(Uzhavar Sandhai ),Brinjal,Other,Local,10/08/2026,5000,5000,5000
Tamil Nadu,Cuddalore,Vadalur(Uzhavar Sandhai ),Banana,Red Banana,Local,10/08/2026,8000,8000,8000
Tamil Nadu,Cuddalore,Vadalur(Uzhavar Sandhai ),Cluster beans,Cluster Beans,Local,10/08/2026,4000,4000,4000
Tamil Nadu,Cuddalore,Vadalur(Uzhavar Sandhai ),Green Chilli,Green Chilly,Local,10/08/2026,5000,5000,5000
Tamil Nadu,Cuddalore,Vadalur(Uzhavar Sandhai ),Ginger(Green),Green Ginger,Local,10/08/2026,16000,16000,16000
Tamil Nadu,Cuddalore,Vadalur(Uzhavar Sandhai ),Coconut,Coconut,Local,10/08/2026,5000,6000,5500
Tamil Nadu,Cuddalore,Vadalur(Uzhavar Sandhai ),Snakeguard,Snakeguard,Local,10/08/2026,3000,3000,3000
Tamil Nadu,Cuddalore,Vadalur(Uzhavar Sandhai ),Chow Chow,Chow Chow,Local,10/08/2026,3000,3000,3000
Tamil Nadu,Dharmapuri,AJattihalli(Uzhavar Sandhai ),Onion,Bellary,Local,10/08/2026,3000,3800,3400
Tamil Nadu,Dharmapuri,AJattihalli(Uzhavar Sandhai ),Drumstick,Drumstick,Local,10/08/2026,5000,6000,5500
Tamil Nadu,Dharmapuri,AJattihalli(Uzhavar Sandhai ),Tamarind Fruit,Tamarind Fruit,Local,10/08/2026,11000,11000,11000
Tamil Nadu,Dharmapuri,AJattihalli(Uzhavar Sandhai ),Elephant Yam(Suran)/Amorphophallus,Elephant Yam (Suran),Local,10/08/2026,6500,6500,6500
Keralam,Thiruvananthapuram,Vengannore  VFPCK Market,Banana,Nendra Bale,Grade A,10/08/2026,6300,6700,6500
Madhya Pradesh,Badwani,Badwani(F&V) APMC,Bitter gourd,Bitter Gourd,Local,10/08/2026,1300,1300,1300
Madhya Pradesh,Badwani,Badwani(F&V) APMC,Cucumbar(Kheera),Cucumbar,Local,10/08/2026,1000,1000,1000
Madhya Pradesh,Badwani,Badwani(F&V) APMC,Green Chilli,Green Chilly,Local,10/08/2026,1500,1500,1500
Karnataka,Bengaluru Rural,Hoskote APMC,Beans,Beans (Whole),Large,10/08/2026,3400,3600,3500
Tamil Nadu,Nagapattinam,Vedaranyam(Uzhavar Sandhai),Tomato,Deshi,Local,10/08/2026,3000,3400,3200
Tamil Nadu,Nagapattinam,Vedaranyam(Uzhavar Sandhai),Cluster beans,Cluster Beans,Local,10/08/2026,3500,4000,3750
Tamil Nadu,Nagapattinam,Vedaranyam(Uzhavar Sandhai),Green Chilli,Green Chilly,Local,10/08/2026,4000,4500,4250
Tamil Nadu,Nagapattinam,Vedaranyam(Uzhavar Sandhai),Coconut,Coconut,Local,10/08/2026,5000,5000,5000
Tamil Nadu,Tenkasi,Pavoorchatram APMC,Paddy(Common),Ponni,Local,10/08/2026,2400,2700,2550
Uttar Pradesh,Ayodhya,Ayodhya APMC,Wheat,PBW-343,FAQ,10/08/2026,2425,2425,2425
Uttar Pradesh,Ayodhya,Ayodhya APMC,Wood,Eucalyptus,FAQ,10/08/2026,500,500,500
Tamil Nadu,Vellore,Perampet(Uzhavar Sandhai),Brinjal,Other,Local,10/08/2026,4000,5000,4500
Tamil Nadu,Vellore,Perampet(Uzhavar Sandhai),Papaya,Papaya,Local,10/08/2026,3000,3500,3250
Tamil Nadu,Vellore,Perampet(Uzhavar Sandhai),Ashgourd,Gouard,Local,10/08/2026,2400,2400,2400
Tamil Nadu,Vellore,Perampet(Uzhavar Sandhai),Amaranthus,Amaranthus,Local,10/08/2026,4000,4000,4000
Tamil Nadu,Vellore,Perampet(Uzhavar Sandhai),Beans,Beans (Whole),Local,10/08/2026,8000,8600,8300
Tamil Nadu,Vellore,Perampet(Uzhavar Sandhai),Carrot,Pusakesar,Local,10/08/2026,7000,7600,7300
Tamil Nadu,Vellore,Perampet(Uzhavar Sandhai),Cabbage,Cabbage,Local,10/08/2026,3600,4000,3800
Tamil Nadu,Vellore,Perampet(Uzhavar Sandhai),Colacasia,Colacasia,Local,10/08/2026,5000,5000,5000
Tamil Nadu,Vellore,Perampet(Uzhavar Sandhai),Amla(Nelli Kai),Amla,Local,10/08/2026,10000,10000,10000
Tamil Nadu,Thanjavur,Peravurani(Uzhavar Sandhai),Banana,Besrai,Local,10/08/2026,3000,3000,3000
Tamil Nadu,Thanjavur,Peravurani(Uzhavar Sandhai),Cluster beans,Cluster Beans,Local,10/08/2026,5000,5000,5000
Tamil Nadu,Thanjavur,Peravurani(Uzhavar Sandhai),Bottle gourd,Bottle Gourd,Local,10/08/2026,2500,2500,2500
Tamil Nadu,Thanjavur,Peravurani(Uzhavar Sandhai),Amaranthus,Amaranthus,Local,10/08/2026,2500,2500,2500
Tamil Nadu,Thanjavur,Peravurani(Uzhavar Sandhai),Beans,Beans (Whole),Local,10/08/2026,9000,9000,9000
Tamil Nadu,Thanjavur,Peravurani(Uzhavar Sandhai),Coconut,Coconut,Local,10/08/2026,5000,6000,5500
Andhra Pradesh,Palnadu,Durgi APMC,Maize,Hybrid/Local,FAQ,10/08/2026,1800,2600,2200
Andhra Pradesh,Palnadu,Durgi APMC,Cotton,Local,FAQ,10/08/2026,7000,7900,7600
Andhra Pradesh,Palnadu,Durgi APMC,Paddy(Common),Paddy,FAQ,10/08/2026,1800,2600,2200
Maharashtra,Pune,Pune(Pimpri) APMC,Coriander(Leaves),Other,Local,10/08/2026,7,9,8
Tamil Nadu,Karur,Kulithalai(Uzhavar Sandhai ),Onion,Bellary,Local,10/08/2026,3600,4000,3800
Tamil Nadu,Karur,Kulithalai(Uzhavar Sandhai ),Papaya,Papaya,Local,10/08/2026,2500,3000,2750
Tamil Nadu,Karur,Kulithalai(Uzhavar Sandhai ),Water Melon,Water Melon,Local,10/08/2026,2500,3000,2750
Tamil Nadu,Karur,Kulithalai(Uzhavar Sandhai ),Banana,Other,Local,10/08/2026,5500,6000,5750
Tamil Nadu,Karur,Kulithalai(Uzhavar Sandhai ),Pumpkin,Pumpkin,Local,10/08/2026,2500,3000,2750
Tamil Nadu,Karur,Kulithalai(Uzhavar Sandhai ),Green Chilli,Green Chilly,Local,10/08/2026,4000,4400,4200
Tamil Nadu,Karur,Kulithalai(Uzhavar Sandhai ),Carrot,Pusakesar,Local,10/08/2026,7000,8000,7500
Tamil Nadu,Karur,Kulithalai(Uzhavar Sandhai ),Raddish,Raddish,Local,10/08/2026,3600,4000,3800
Tamil Nadu,Karur,Kulithalai(Uzhavar Sandhai ),Thondekai,Thondekai,Local,10/08/2026,4500,5000,4750
Tamil Nadu,Karur,Kulithalai(Uzhavar Sandhai ),Chow Chow,Chow Chow,Local,10/08/2026,3600,4000,3800
Tamil Nadu,Karur,Kulithalai(Uzhavar Sandhai ),Mint(Pudina),Mint(Pudina),Local,10/08/2026,4500,5000,4750
Tamil Nadu,Karur,Pallapatti (Uzhavar Sandhai ),Pumpkin,Pumpkin,Local,10/08/2026,2000,2500,2250
Tamil Nadu,Karur,Pallapatti (Uzhavar Sandhai ),Green Chilli,Green Chilly,Local,10/08/2026,5000,6000,5500
Tamil Nadu,Karur,Pallapatti (Uzhavar Sandhai ),Ridgeguard(Tori),Ridgeguard(Tori),Local,10/08/2026,5500,6000,5750
Tamil Nadu,Karur,Pallapatti (Uzhavar Sandhai ),Raddish,Raddish,Local,10/08/2026,3500,4000,3750
Tamil Nadu,Karur,Pallapatti (Uzhavar Sandhai ),Lime,Lime,Local,10/08/2026,3500,4000,3750
Tamil Nadu,Karur,Pallapatti (Uzhavar Sandhai ),Jamun(Narale Hannu),Jamun,Local,10/08/2026,13000,15000,14000
Tamil Nadu,Karur,Pallapatti (Uzhavar Sandhai ),Onion Green,Onion Green,Local,10/08/2026,6500,7000,6750
Tamil Nadu,Karur,Pallapatti (Uzhavar Sandhai ),Baby Corn,Baby Corn,Grade A,10/08/2026,4500,5000,4750
Tamil Nadu,Karur,Velayuthampalayam(Uzhavar Sandhai ),Amaranthus,Amaranthus,Local,10/08/2026,2000,2500,2250
Tamil Nadu,Karur,Vengamedu(Uzhavar Sandhai ),Brinjal,Other,Local,10/08/2026,4000,5000,4500
Tamil Nadu,Karur,Vengamedu(Uzhavar Sandhai ),Bitter gourd,Other,Local,10/08/2026,5000,5500,5250
Tamil Nadu,Karur,Vengamedu(Uzhavar Sandhai ),Banana - Green,Banana - Green,Local,10/08/2026,2500,3000,2750
Tamil Nadu,Karur,Vengamedu(Uzhavar Sandhai ),Green Chilli,Green Chilly,Local,10/08/2026,3000,4000,3500
Tamil Nadu,Karur,Vengamedu(Uzhavar Sandhai ),Mint(Pudina),Mint(Pudina),Local,10/08/2026,6000,6500,6250
Tamil Nadu,Theni,Devaram(Uzhavar Sandhai ),Cauliflower,Ranchi,Local,10/08/2026,2500,3000,2750
Tamil Nadu,Theni,Devaram(Uzhavar Sandhai ),Tomato,Deshi,Local,10/08/2026,2200,2200,2200
Tamil Nadu,Theni,Devaram(Uzhavar Sandhai ),Ashgourd,Gouard,Local,10/08/2026,1400,1500,1450
Tamil Nadu,Theni,Devaram(Uzhavar Sandhai ),Amaranthus,Amaranthus,Local,10/08/2026,2000,2500,2250
Tamil Nadu,Theni,Devaram(Uzhavar Sandhai ),Banana - Green,Banana - Green,Local,10/08/2026,3000,3400,3200
Tamil Nadu,Theni,Devaram(Uzhavar Sandhai ),Chow Chow,Chow Chow,Local,10/08/2026,2400,2400,2400
Tamil Nadu,Theni,Devaram(Uzhavar Sandhai ),Drumstick,Drumstick,Local,10/08/2026,3000,3000,3000
Tamil Nadu,Theni,Devaram(Uzhavar Sandhai ),Knool Khol,Knool Khol,Local,10/08/2026,4000,4000,4000
Tamil Nadu,Salem,Attayampatti(Uzhavar Sandhai ),Chikoos(Sapota),Sapota,Local,10/08/2026,4000,4000,4000
Tamil Nadu,Salem,Attayampatti(Uzhavar Sandhai ),Papaya,Papaya,Local,10/08/2026,3000,3000,3000
Tamil Nadu,Salem,Attayampatti(Uzhavar Sandhai ),Banana,Red Banana,Local,10/08/2026,7500,7500,7500
Tamil Nadu,Salem,Attayampatti(Uzhavar Sandhai ),Pumpkin,Pumpkin,Local,10/08/2026,2400,2800,2600
Tamil Nadu,Salem,Attayampatti(Uzhavar Sandhai ),Green Avare(W),Green Avare (W),Local,10/08/2026,6000,7000,6500
Tamil Nadu,Sivaganga,Sivagangai (Uzhavar Sandhai ),Soyabean,Local,Local,10/08/2026,9000,10000,9500
Tamil Nadu,Sivaganga,Sivagangai (Uzhavar Sandhai ),Amaranthus,Amaranthus,Local,10/08/2026,3000,4000,3500
Tamil Nadu,Sivaganga,Sivagangai (Uzhavar Sandhai ),Green Chilli,Green Chilly,Local,10/08/2026,3200,3800,3500
Tamil Nadu,Sivaganga,Sivagangai (Uzhavar Sandhai ),Guava,Guava Allahabad,Local,10/08/2026,7200,8200,7700
Tamil Nadu,Sivaganga,Sivagangai (Uzhavar Sandhai ),Lemon,Lemon,Local,10/08/2026,8200,9200,8700
Tamil Nadu,Sivaganga,Sivagangai (Uzhavar Sandhai ),Mint(Pudina),Mint(Pudina),Local,10/08/2026,4200,5600,4900
Tamil Nadu,Sivaganga,Devakottai (Uzhavar Sandhai ),Brinjal,Other,Local,10/08/2026,5000,5200,5100
Tamil Nadu,Sivaganga,Devakottai (Uzhavar Sandhai ),Green Chilli,Green Chilly,Local,10/08/2026,4200,5200,4700
Tamil Nadu,Sivaganga,Devakottai (Uzhavar Sandhai ),Ginger(Green),Green Ginger,Local,10/08/2026,14200,22200,18200
Tamil Nadu,Sivaganga,Devakottai (Uzhavar Sandhai ),Carrot,Pusakesar,Local,10/08/2026,6500,8200,7350
Tamil Nadu,Sivaganga,Devakottai (Uzhavar Sandhai ),Cabbage,Cabbage,Local,10/08/2026,3200,3800,3500
Tamil Nadu,Sivaganga,Devakottai (Uzhavar Sandhai ),Lemon,Lemon,Local,10/08/2026,8000,9200,8600
Tamil Nadu,Salem,Edapadi (Uzhavar Sandhai ),Brinjal,Other,Local,10/08/2026,3500,4000,3750
Tamil Nadu,Salem,Edapadi (Uzhavar Sandhai ),Coriander(Leaves),I Sort,Local,10/08/2026,2000,2400,2200
Tamil Nadu,Salem,Edapadi (Uzhavar Sandhai ),Ashgourd,Gouard,Local,10/08/2026,2200,2500,2350
Tamil Nadu,Salem,Edapadi (Uzhavar Sandhai ),Beans,Beans (Whole),Local,10/08/2026,10000,11000,10500
Tamil Nadu,Salem,Edapadi (Uzhavar Sandhai ),Ginger(Green),Green Ginger,Local,10/08/2026,17000,18000,17500
Tamil Nadu,Salem,Edapadi (Uzhavar Sandhai ),Ridgeguard(Tori),Ridgeguard(Tori),Local,10/08/2026,4400,4800,4600
Tamil Nadu,Salem,Edapadi (Uzhavar Sandhai ),Green Avare(W),Other,Local,10/08/2026,7500,8000,7750
Tamil Nadu,Salem,Edapadi (Uzhavar Sandhai ),Chow Chow,Chow Chow,Local,10/08/2026,3500,4000,3750
Tamil Nadu,Salem,Elampillai(Uzhavar Sandhai ),Garlic,Garlic,Local,10/08/2026,19000,20000,19500
Tamil Nadu,Salem,Elampillai(Uzhavar Sandhai ),Ginger(Green),Green Ginger,Local,10/08/2026,17000,17500,17250
Tamil Nadu,Salem,Elampillai(Uzhavar Sandhai ),Coconut,Coconut,Local,10/08/2026,5500,6000,5750
Tamil Nadu,Salem,Elampillai(Uzhavar Sandhai ),Carrot,Pusakesar,Local,10/08/2026,9000,10000,9500
Tamil Nadu,Salem,Elampillai(Uzhavar Sandhai ),Beetroot,Beetroot,Local,10/08/2026,4000,5000,4500
Tamil Nadu,Salem,Elampillai(Uzhavar Sandhai ),Mint(Pudina),Mint(Pudina),Local,10/08/2026,3000,3500,3250
Tamil Nadu,Salem,Hasthampatti(Uzhavar Sandhai ),Mousambi(Sweet Lime),Mousambi,Local,10/08/2026,3000,3500,3250
Tamil Nadu,Salem,Hasthampatti(Uzhavar Sandhai ),Bottle gourd,Bottle Gourd,Local,10/08/2026,2000,2500,2250
Tamil Nadu,Salem,Hasthampatti(Uzhavar Sandhai ),Bhindi(Ladies Finger),Bhindi,Local,10/08/2026,3000,3500,3250
Tamil Nadu,Salem,Hasthampatti(Uzhavar Sandhai ),Cowpea(Veg),Cowpea (Veg),Local,10/08/2026,4500,5000,4750
Tamil Nadu,Salem,Hasthampatti(Uzhavar Sandhai ),Sweet Potato,Hosur Red,Local,10/08/2026,3500,4000,3750
Tamil Nadu,Salem,Hasthampatti(Uzhavar Sandhai ),Carrot,Pusakesar,Local,10/08/2026,9500,10000,9750
Tamil Nadu,Salem,Hasthampatti(Uzhavar Sandhai ),Cabbage,Cabbage,Local,10/08/2026,3600,3800,3700
Tamil Nadu,Salem,Hasthampatti(Uzhavar Sandhai ),Knool Khol,Knool Khol,Local,10/08/2026,3500,4000,3750
Tamil Nadu,Salem,Hasthampatti(Uzhavar Sandhai ),Mint(Pudina),Mint(Pudina),Local,10/08/2026,3000,3500,3250
Tamil Nadu,Salem,Jalagandapuram(Uzhavar Sandhai ),Groundnut,Big (With Shell),Local,10/08/2026,6000,6500,6250
Tamil Nadu,Salem,Jalagandapuram(Uzhavar Sandhai ),Apple,American,Local,10/08/2026,24000,26000,25000
Tamil Nadu,Salem,Jalagandapuram(Uzhavar Sandhai ),Tomato,Other,Local,10/08/2026,1600,2000,1800
Tamil Nadu,Salem,Jalagandapuram(Uzhavar Sandhai ),Ashgourd,Gouard,Local,10/08/2026,2000,2400,2200
Tamil Nadu,Salem,Jalagandapuram(Uzhavar Sandhai ),Green Chilli,Green Chilly,Local,10/08/2026,4500,4800,4650
Tamil Nadu,Salem,Jalagandapuram(Uzhavar Sandhai ),Ginger(Green),Green Ginger,Local,10/08/2026,16000,18000,17000
Tamil Nadu,Salem,Jalagandapuram(Uzhavar Sandhai ),Ridgeguard(Tori),Ridgeguard(Tori),Local,10/08/2026,3600,4000,3800
Tamil Nadu,Salem,Jalagandapuram(Uzhavar Sandhai ),Chow Chow,Chow Chow,Local,10/08/2026,3600,4000,3800
Tamil Nadu,Salem,Jalagandapuram(Uzhavar Sandhai ),Lime,Lime,Local,10/08/2026,3000,3500,3250
Tamil Nadu,Salem,Jalagandapuram(Uzhavar Sandhai ),Amla(Nelli Kai),Amla,Local,10/08/2026,6500,7000,6750
Tamil Nadu,Sivaganga,Singampunari(Uzhavar Sandhai ),Potato,Other,Local,10/08/2026,6200,6600,6400
Tamil Nadu,Sivaganga,Singampunari(Uzhavar Sandhai ),Coriander(Leaves),I Sort,Local,10/08/2026,5200,5600,5400
Tamil Nadu,Sivaganga,Singampunari(Uzhavar Sandhai ),Banana,Karpura,Local,10/08/2026,3500,4000,3750
Tamil Nadu,Sivaganga,Singampunari(Uzhavar Sandhai ),Cluster beans,Cluster Beans,Local,10/08/2026,3800,4200,4000
Tamil Nadu,Sivaganga,Singampunari(Uzhavar Sandhai ),Green Chilli,Green Chilly,Local,10/08/2026,3200,3800,3500
Tamil Nadu,Sivaganga,Singampunari(Uzhavar Sandhai ),Ginger(Green),Green Ginger,Local,10/08/2026,14000,22000,18000
Tamil Nadu,Sivaganga,Singampunari(Uzhavar Sandhai ),Coconut,Coconut,Local,10/08/2026,6000,6400,6200
Tamil Nadu,Sivaganga,Singampunari(Uzhavar Sandhai ),Carrot,Pusakesar,Local,10/08/2026,6400,8200,7300
Tamil Nadu,Sivaganga,Singampunari(Uzhavar Sandhai ),Raddish,Raddish,Local,10/08/2026,2600,3200,2900
Tamil Nadu,Sivaganga,Singampunari(Uzhavar Sandhai ),Mint(Pudina),Mint(Pudina),Local,10/08/2026,4400,5200,4800
Tamil Nadu,Sivaganga,Karaikudi(Uzhavar Sandhai ),Onion,Bellary,Local,10/08/2026,4000,4800,4400
Tamil Nadu,Sivaganga,Karaikudi(Uzhavar Sandhai ),Brinjal,Round,Local,10/08/2026,5000,6500,5750
Tamil Nadu,Sivaganga,Karaikudi(Uzhavar Sandhai ),Tomato,Deshi,Local,10/08/2026,2400,2800,2600
Tamil Nadu,Sivaganga,Karaikudi(Uzhavar Sandhai ),Pumpkin,Pumpkin,Local,10/08/2026,2000,2400,2200
Tamil Nadu,Sivaganga,Karaikudi(Uzhavar Sandhai ),Bhindi(Ladies Finger),Bhindi,Local,10/08/2026,4000,4600,4300
Tamil Nadu,Sivaganga,Karaikudi(Uzhavar Sandhai ),Banana - Green,Banana - Green,Local,10/08/2026,3000,3600,3300
Tamil Nadu,Sivaganga,Karaikudi(Uzhavar Sandhai ),Snakeguard,Snakeguard,Local,10/08/2026,3600,4400,4000
Tamil Nadu,Sivaganga,Karaikudi(Uzhavar Sandhai ),Ridgeguard(Tori),Ridgeguard(Tori),Local,10/08/2026,4500,5500,5000
Tamil Nadu,Sivaganga,Karaikudi(Uzhavar Sandhai ),Green Avare(W),Green Avare (W),Local,10/08/2026,6500,7500,7000
Tamil Nadu,Sivaganga,Karaikudi(Uzhavar Sandhai ),Elephant Yam(Suran)/Amorphophallus,Elephant Yam (Suran),Local,10/08/2026,4500,5000,4750
Tamil Nadu,Sivaganga,Tirupatthur(Uzhavar Sandhai ),Brinjal,Other,Local,10/08/2026,5000,5500,5250
Tamil Nadu,Sivaganga,Tirupatthur(Uzhavar Sandhai ),Coriander(Leaves),I Sort,Local,10/08/2026,5500,6000,5750
Tamil Nadu,Sivaganga,Tirupatthur(Uzhavar Sandhai ),Drumstick,Drumstick,Local,10/08/2026,3800,4500,4150
Tamil Nadu,Sivaganga,Tirupatthur(Uzhavar Sandhai ),Knool Khol,Knool Khol,Local,10/08/2026,5400,6500,5950
Tamil Nadu,Sivaganga,Tirupatthur(Uzhavar Sandhai ),Elephant Yam(Suran)/Amorphophallus,Elephant Yam (Suran),Local,10/08/2026,4500,5000,4750
Tamil Nadu,Thanjavur,Pattukottai(Uzhavar Sandhai ),Potato,Red Nanital,Local,10/08/2026,3000,3000,3000
Tamil Nadu,Thanjavur,Pattukottai(Uzhavar Sandhai ),Brinjal,Round,Local,10/08/2026,3600,4800,4200
Tamil Nadu,Thanjavur,Pattukottai(Uzhavar Sandhai ),Bitter gourd,Bitter Gourd,Local,10/08/2026,6000,6000,6000
Tamil Nadu,Thanjavur,Pattukottai(Uzhavar Sandhai ),Coconut,Coconut,Local,10/08/2026,5000,5000,5000
Tamil Nadu,Thanjavur,Pattukottai(Uzhavar Sandhai ),Snakeguard,Snakeguard,Local,10/08/2026,4400,4400,4400
Tamil Nadu,Thanjavur,Pattukottai(Uzhavar Sandhai ),Ridgeguard(Tori),Ridgeguard(Tori),Local,10/08/2026,5600,5600,5600
Tamil Nadu,Thanjavur,Pattukottai(Uzhavar Sandhai ),Lime,Lime,Local,10/08/2026,4000,4000,4000
Tamil Nadu,Thanjavur,Thanjavur(Uzhavar Sandhai ),Coriander(Leaves),I Sort,Local,10/08/2026,5000,5000,5000
Tamil Nadu,Thanjavur,Thanjavur(Uzhavar Sandhai ),Papaya,Papaya,Local,10/08/2026,5000,5000,5000
Tamil Nadu,Thanjavur,Thanjavur(Uzhavar Sandhai ),Tomato,Deshi,Local,10/08/2026,2000,2000,2000
Tamil Nadu,Thanjavur,Thanjavur(Uzhavar Sandhai ),Apple,American,Local,10/08/2026,28000,28000,28000
Tamil Nadu,Thanjavur,Thanjavur(Uzhavar Sandhai ),Banana,Besrai,Local,10/08/2026,4000,8000,6000
Tamil Nadu,Thanjavur,Thanjavur(Uzhavar Sandhai ),Bhindi(Ladies Finger),Bhindi,Local,10/08/2026,4400,4400,4400
Tamil Nadu,Thanjavur,Thanjavur(Uzhavar Sandhai ),Coconut,Coconut,Local,10/08/2026,6000,6000,6000
Tamil Nadu,Thanjavur,Thanjavur(Uzhavar Sandhai ),Raddish,Raddish,Local,10/08/2026,3400,3400,3400
Tamil Nadu,Thanjavur,Thanjavur(Uzhavar Sandhai ),Pomegranate,Pomogranate,Local,10/08/2026,20000,20000,20000
Tamil Nadu,Thanjavur,Thanjavur(Uzhavar Sandhai ),Lemon,Lemon,Local,10/08/2026,4500,4500,4500
Tamil Nadu,Thiruchirappalli,KKNagar(Uzhavar Sandhai ),Cauliflower,Ranchi,Local,10/08/2026,5000,5000,5000
Tamil Nadu,Thiruchirappalli,KKNagar(Uzhavar Sandhai ),Mango,Safeda,Local,10/08/2026,8800,8800,8800
Tamil Nadu,Thiruchirappalli,KKNagar(Uzhavar Sandhai ),Bitter gourd,Other,Local,10/08/2026,6000,7000,6500
Tamil Nadu,Thiruchirappalli,KKNagar(Uzhavar Sandhai ),Bottle gourd,Bottle Gourd,Local,10/08/2026,3000,3000,3000
Tamil Nadu,Thiruchirappalli,KKNagar(Uzhavar Sandhai ),Coriander(Leaves),I Sort,Local,10/08/2026,3000,3000,3000
Tamil Nadu,Thiruchirappalli,KKNagar(Uzhavar Sandhai ),Cabbage,Cabbage,Local,10/08/2026,3400,3400,3400
Tamil Nadu,Thiruchirappalli,KKNagar(Uzhavar Sandhai ),Ridgeguard(Tori),Ridgeguard(Tori),Local,10/08/2026,6000,6000,6000
Tamil Nadu,Thiruchirappalli,KKNagar(Uzhavar Sandhai ),Chow Chow,Chow Chow,Local,10/08/2026,3600,3600,3600
Tamil Nadu,Thiruchirappalli,KKNagar(Uzhavar Sandhai ),Drumstick,Drumstick,Local,10/08/2026,3500,3500,3500
Tamil Nadu,Thiruchirappalli,KKNagar(Uzhavar Sandhai ),Tender Coconut,Tender Coconut,Local,10/08/2026,5000,5000,5000
Tamil Nadu,Thiruchirappalli,KKNagar(Uzhavar Sandhai ),Elephant Yam(Suran)/Amorphophallus,Elephant Yam (Suran),Local,10/08/2026,5000,5000,5000
Tamil Nadu,Thiruchirappalli,KKNagar(Uzhavar Sandhai ),Yam(Ratalu),Yam (Ratalu),Local,10/08/2026,10000,10000,10000
Tamil Nadu,Thiruchirappalli,KKNagar(Uzhavar Sandhai ),Lemon,Lemon,Local,10/08/2026,8000,8000,8000
Tamil Nadu,Thiruchirappalli,KKNagar(Uzhavar Sandhai ),Custard Apple(Sharifa),Custard Apple(Sharifa),Local,10/08/2026,7000,7000,7000
Tamil Nadu,Thiruchirappalli,Lalgudi(Uzhavar Sandhai ),Green Chilli,Green Chilly,Local,10/08/2026,5000,5000,5000
Tamil Nadu,Thiruchirappalli,Lalgudi(Uzhavar Sandhai ),Cabbage,Cabbage,Local,10/08/2026,3600,3600,3600
Tamil Nadu,Thiruchirappalli,Lalgudi(Uzhavar Sandhai ),Mango(Raw-Ripe),Mango - Raw-Ripe,Local,10/08/2026,8000,8000,8000
Tamil Nadu,Thiruchirappalli,Manachanallur(Uzhavar Sandhai ),Bhindi(Ladies Finger),Bhindi,Local,10/08/2026,4000,4000,4000
Tamil Nadu,Thiruchirappalli,Manachanallur(Uzhavar Sandhai ),Green Chilli,Green Chilly,Local,10/08/2026,5000,5000,5000
Tamil Nadu,Thiruchirappalli,Manachanallur(Uzhavar Sandhai ),Beans,Beans (Whole),Local,10/08/2026,10000,10000,10000
Tamil Nadu,Thiruchirappalli,Manachanallur(Uzhavar Sandhai ),Carrot,Pusakesar,Local,10/08/2026,9400,9400,9400
Tamil Nadu,Thiruchirappalli,Manachanallur(Uzhavar Sandhai ),Beetroot,Beetroot,Local,10/08/2026,5000,5000,5000
Tamil Nadu,Thiruchirappalli,Manapparai(Uzhavar Sandhai ),Potato,Other,Local,10/08/2026,3000,3000,3000
Tamil Nadu,Thiruchirappalli,Manapparai(Uzhavar Sandhai ),Cauliflower,Ranchi,Local,10/08/2026,5000,5000,5000
Tamil Nadu,Thiruchirappalli,Manapparai(Uzhavar Sandhai ),Brinjal,Other,Local,10/08/2026,4600,4600,4600
Tamil Nadu,Thiruchirappalli,Manapparai(Uzhavar Sandhai ),Papaya,Papaya,Local,10/08/2026,4000,4000,4000
Tamil Nadu,Thiruchirappalli,Manapparai(Uzhavar Sandhai ),Bitter gourd,Other,Local,10/08/2026,7000,7000,7000
Tamil Nadu,Thiruchirappalli,Manapparai(Uzhavar Sandhai ),Coriander(Leaves),I Sort,Local,10/08/2026,3000,3000,3000
Tamil Nadu,Thiruchirappalli,Manapparai(Uzhavar Sandhai ),Bhindi(Ladies Finger),Bhindi,Local,10/08/2026,4000,4000,4000
Tamil Nadu,Thiruchirappalli,Manapparai(Uzhavar Sandhai ),Green Chilli,Green Chilly,Local,10/08/2026,5000,5000,5000
Tamil Nadu,Thiruchirappalli,Manapparai(Uzhavar Sandhai ),Cabbage,Cabbage,Local,10/08/2026,3600,3600,3600
Tamil Nadu,Thiruchirappalli,Manapparai(Uzhavar Sandhai ),Snakeguard,Snakeguard,Local,10/08/2026,4600,4600,4600
Tamil Nadu,Thiruchirappalli,Manapparai(Uzhavar Sandhai ),Chow Chow,Chow Chow,Local,10/08/2026,3600,3600,3600
Tamil Nadu,Thiruchirappalli,Manapparai(Uzhavar Sandhai ),Mango(Raw-Ripe),Mango - Raw-Ripe,Local,10/08/2026,10000,10000,10000
Tamil Nadu,Thiruchirappalli,Manapparai(Uzhavar Sandhai ),Guava,Guava Allahabad,Local,10/08/2026,10000,10000,10000
Tamil Nadu,Thiruchirappalli,Manapparai(Uzhavar Sandhai ),Onion Green,Onion Green,Local,10/08/2026,6000,7000,6500
Tamil Nadu,Thiruchirappalli,Musiri(Uzhavar Sandhai ),Potato,Other,Local,10/08/2026,2500,3000,2750
Tamil Nadu,Thiruchirappalli,Musiri(Uzhavar Sandhai ),Cauliflower,Ranchi,Local,10/08/2026,3000,3500,3250
Tamil Nadu,Thiruchirappalli,Musiri(Uzhavar Sandhai ),Tomato,Local,Local,10/08/2026,2000,2000,2000
Tamil Nadu,Thiruchirappalli,Musiri(Uzhavar Sandhai ),Beans,Beans (Whole),Local,10/08/2026,9000,11000,10000
Tamil Nadu,Thiruchirappalli,Musiri(Uzhavar Sandhai ),Tapioca,Tapioca,Local,10/08/2026,3000,3600,3300
Tamil Nadu,Thiruchirappalli,Musiri(Uzhavar Sandhai ),Betal Leaves,Mysore,Local,10/08/2026,7000,8000,7500
Tamil Nadu,Thiruchirappalli,Musiri(Uzhavar Sandhai ),Snakeguard,Snakeguard,Local,10/08/2026,4000,4600,4300
Tamil Nadu,Thiruchirappalli,Musiri(Uzhavar Sandhai ),Beetroot,Beetroot,Local,10/08/2026,5000,5500,5250
Tamil Nadu,Thiruchirappalli,Musiri(Uzhavar Sandhai ),Thondekai,Thondekai,Local,10/08/2026,4000,4600,4300
Tamil Nadu,Thiruchirappalli,Musiri(Uzhavar Sandhai ),Lime,Lime,Local,10/08/2026,4000,4000,4000
Tamil Nadu,Thiruchirappalli,Thiruverumbur(Uzhavar Sandhai ),Potato,Other,Local,10/08/2026,3000,3000,3000
Tamil Nadu,Thiruchirappalli,Thiruverumbur(Uzhavar Sandhai ),Garlic,Garlic,Local,10/08/2026,18000,18000,18000
Tamil Nadu,Thiruchirappalli,Thiruverumbur(Uzhavar Sandhai ),Tomato,Other,Local,10/08/2026,2400,2400,2400
Tamil Nadu,Thiruchirappalli,Thiruverumbur(Uzhavar Sandhai ),Bottle gourd,Bottle Gourd,Local,10/08/2026,3000,3000,3000
Tamil Nadu,Thiruchirappalli,Thiruverumbur(Uzhavar Sandhai ),Amaranthus,Amaranthus,Local,10/08/2026,2000,2000,2000
Tamil Nadu,Thiruchirappalli,Thiruverumbur(Uzhavar Sandhai ),Cowpea(Veg),Cowpea (Veg),Local,10/08/2026,4000,4000,4000
Tamil Nadu,Thiruchirappalli,Thiruverumbur(Uzhavar Sandhai ),Coconut,Coconut,Local,10/08/2026,7000,7000,7000
Tamil Nadu,Thiruchirappalli,Thiruverumbur(Uzhavar Sandhai ),Sweet Potato,Hosur Red,Local,10/08/2026,5000,5000,5000
Tamil Nadu,Thiruchirappalli,Thiruverumbur(Uzhavar Sandhai ),Lemon,Lemon,Local,10/08/2026,10000,10000,10000
Tamil Nadu,Virudhunagar,Rajapalayam(Uzhavar Sandhai ),Potato,Red Nanital,Local,10/08/2026,3000,3500,3250
Tamil Nadu,Virudhunagar,Rajapalayam(Uzhavar Sandhai ),Tomato,Deshi,Local,10/08/2026,1500,2000,1750
Andhra Pradesh,Bapatla,Bapatla APMC,Groundnut,Local,Local,10/08/2026,8000,8500,8250
Andhra Pradesh,Prakasam,Kondapi APMC,Bengal Gram(Gram)(Whole),Average (Whole),Local,10/08/2026,5600,6000,5800
Andhra Pradesh,Chittor,Nagari APMC,Paddy(Common),Paddy,Grade Range-2,10/08/2026,1700,1800,1750
Keralam,Palakad,vadakarapathy Market,Drumstick,Drumstick,FAQ,10/08/2026,3000,3500,3200
Keralam,Palakad,vadakarapathy Market,Elephant Yam(Suran)/Amorphophallus,Elephant Yam (Suran),FAQ,10/08/2026,2000,2500,2200
Andhra Pradesh,Tirupathi,Sullurpet APMC,Paddy(Common),MTU-1010,Local,10/08/2026,2420,2460,2440
Keralam,Kozhikode(Calicut),Vengeri(Kozhikode) Market,Pumpkin,Pumpkin,FAQ,10/08/2026,1200,1500,1500
Keralam,Kozhikode(Calicut),Vengeri(Kozhikode) Market,Ashgourd,Ashgourd,FAQ,10/08/2026,1000,1300,1300
Keralam,Kozhikode(Calicut),Vengeri(Kozhikode) Market,Carrot,Carrot,FAQ,10/08/2026,7900,8200,8200
Keralam,Kozhikode(Calicut),Vengeri(Kozhikode) Market,Brinjal,Brinjal,FAQ,10/08/2026,2200,2500,2500
Punjab,Fazilka,Abohar APMC,Wheat,Other,FAQ,10/08/2026,2675,2675,2675
Andhra Pradesh,YSR Kadapa,Mydukur APMC,Paddy(Common),Masuri,Local,10/08/2026,2300,2500,2400
Karnataka,Raichur,Manvi APMC,Paddy(Common),Sona Masuri (OLD),Non-FAQ,10/08/2026,3247,4800,4457
Karnataka,Raichur,Manvi APMC,Sunflower/Sunflower Seed,Other,Non-FAQ,10/08/2026,8150,8150,8150
Karnataka,Raichur,Manvi APMC,Rice,Other,Small,10/08/2026,2650,2650,2650
Odisha,Rayagada,Rayagada APMC,Tomato,Other,Local,10/08/2026,2200,2300,2300
Odisha,Rayagada,Rayagada APMC,Brinjal,Brinjal,Local,10/08/2026,3000,3100,3100
Odisha,Rayagada,Rayagada APMC,Cluster beans,Other,Local,10/08/2026,7900,8000,8000
Odisha,Rayagada,Rayagada APMC,Cauliflower,Cauliflower,Local,10/08/2026,5400,5500,5500
Andhra Pradesh,Tirupathi,Naidupet APMC,Paddy(Common),MTU-1010,Local,10/08/2026,2300,2450,2400
Uttar Pradesh,Agra,Jagnair APMC,Green Gram(Moong)(Whole),Other,FAQ,10/08/2026,8768,8768,8768
Uttar Pradesh,Agra,Fatehabad APMC,Potato,Other,FAQ,10/08/2026,500,500,500
Andhra Pradesh,Kurnool,Alur APMC,Jowar(Sorghum),Hybrid,FAQ,10/08/2026,3720,3720,3720
Karnataka,Gadag,Laxmeshwar APMC,Groundnut,Gejje,Non-FAQ,10/08/2026,3625,7389,5541
Uttar Pradesh,Bareilly,Anwala APMC,Wheat,Kanak,FAQ,10/08/2026,2500,2500,2500
Uttar Pradesh,Bareilly,Anwala APMC,Pumpkin,Pumpkin,FAQ,10/08/2026,800,1200,1000
Keralam,Thiruvananthapuram,Attingal Market,Bhindi(Ladies Finger),Other,Local,10/08/2026,3800,4200,4000
Keralam,Thiruvananthapuram,Attingal Market,Tomato,Other,Local,10/08/2026,3000,4000,3500
Keralam,Thirssur,Chelakkara Market,Duster Beans,Other,FAQ,10/08/2026,5800,6000,5900
Keralam,Thirssur,Chelakkara Market,Snakeguard,Snakeguard,FAQ,10/08/2026,3800,4000,3900
Keralam,Thirssur,Chelakkara Market,Banana - Green,Banana - Green,FAQ,10/08/2026,4500,4800,4600
Keralam,Thirssur,Chavakkad Market,Beetroot,Beetroot,FAQ,10/08/2026,4000,4800,4800
Keralam,Thirssur,Chavakkad Market,Brinjal,Other,FAQ,10/08/2026,3400,4400,4400
Keralam,Thirssur,Chavakkad Market,Cowpea(Veg),Cowpea (Veg),FAQ,10/08/2026,4000,5600,5600
Keralam,Thirssur,Chavakkad Market,Drumstick,Drumstick,FAQ,10/08/2026,6000,8000,8000
Karnataka,Shivamogga,Shimoga APMC,Cauliflower,Cauliflower,Local,10/08/2026,2000,2500,2250
Karnataka,Shivamogga,Shimoga APMC,Brinjal,Brinjal,Local,10/08/2026,1000,1600,1300
Karnataka,Shivamogga,Shimoga APMC,Drumstick,Drumstick,Local,10/08/2026,2500,3000,2750
Karnataka,Shivamogga,Shimoga APMC,Knool Khol,Knool Khol,Local,10/08/2026,2500,3000,2750
Karnataka,Shivamogga,Shimoga APMC,Green Chilli,Green Chilly,Local,10/08/2026,2400,4000,3000
Karnataka,Shivamogga,Shimoga APMC,Beetroot,Beetroot,Local,10/08/2026,1600,2000,1800
Andhra Pradesh,Ananthapuramu,Tadipatri APMC,Bengal Gram(Gram)(Whole),Average (Whole),Grade Range-1,10/08/2026,5750,5900,5800
Keralam,Thiruvananthapuram,Aralamoodu Market,Elephant Yam(Suran)/Amorphophallus,Amorphophallus,FAQ,10/08/2026,4500,5000,5000
Keralam,Thiruvananthapuram,Aralamoodu Market,Beetroot,Beetroot,FAQ,10/08/2026,3500,4000,4000
Keralam,Thiruvananthapuram,Aralamoodu Market,Tapioca,Tapioca,FAQ,10/08/2026,3500,3500,3500
Keralam,Thiruvananthapuram,Aralamoodu Market,Potato,Potato,FAQ,10/08/2026,4500,5000,5000
Keralam,Thiruvananthapuram,Aralamoodu Market,Onion,Big,FAQ,10/08/2026,4000,4500,4500
Andhra Pradesh,Palnadu,Pidugurala APMC,Paddy(Common),Paddy,FAQ,10/08/2026,2450,2450,2450
Keralam,Thiruvananthapuram,Kattakada Market,Bottle gourd,Other,Grade B,10/08/2026,6000,6000,6000
Keralam,Thiruvananthapuram,Kattakada Market,Bitter gourd,Other,Grade B,10/08/2026,8000,8000,8000
Gujarat,Patan,Sami APMC,Suva(Dill Seed),Other,Local,10/08/2026,8000,8650,8500
Gujarat,Patan,Sami APMC,Guar Seed(Cluster Beans Seed),Other,Local,10/08/2026,4400,4555,4500
Gujarat,Patan,Sami APMC,Ajwan,Ajwan,Local,10/08/2026,10000,13125,12000
Uttar Pradesh,Etawah,Etawah APMC,Green Gram(Moong)(Whole),Other,FAQ,10/08/2026,6540,6600,6567.72
Uttar Pradesh,Ghaziabad,Ghaziabad APMC,Ginger(Green),Other,FAQ,10/08/2026,9000,10000,9120.97
Uttar Pradesh,Ghaziabad,Ghaziabad APMC,Onion,Other,FAQ,10/08/2026,2210,2250,2228.07
Uttar Pradesh,Kanpur,Kanpur(Grain) APMC,Arecanut(Betelnut/Supari),Other,FAQ,10/08/2026,25000,25000,25000
Uttar Pradesh,Kanpur,Kanpur(Grain) APMC,Wheat,Dara Mill Quality,FAQ,10/08/2026,2360,2360,2360
Uttar Pradesh,Kanpur,Kanpur(Grain) APMC,Onion,Other,FAQ,10/08/2026,2200,2200,2200
Uttar Pradesh,Kanpur,Kanpur(Grain) APMC,Linseed,Other,FAQ,10/08/2026,6500.65,6501.01,6500.83
Tripura,Dhalai,Chowmanu APMC,Green Chilli,Green Chilly,Local,10/08/2026,13000,14000,13500
Tripura,Dhalai,Chowmanu APMC,Cucumbar(Kheera),Cucumbar,Local,10/08/2026,4000,5000,4500
Maharashtra,Latur,Chakur APMC,Jowar(Sorghum),Jowar ( White),Local,10/08/2026,1600,3400,2500
Maharashtra,Nashik,Lasalgaon APMC,Wheat,Maharashtra 2189,FAQ,10/08/2026,2585,2770,2712
Maharashtra,Nashik,Lasalgaon APMC,Soyabean,Other,Local,10/08/2026,4000,7151,7099
Uttar Pradesh,Bahraich,Rupaidiha APMC,Firewood,Firewood,FAQ,10/08/2026,555,575,569.94
Uttar Pradesh,Sambhal,Muradabad APMC,Green Chilli,Other,FAQ,10/08/2026,4000,4000,4000
Uttar Pradesh,Sambhal,Muradabad APMC,Ginger(Green),Other,FAQ,10/08/2026,4500,4500,4500
West Bengal,Bankura,Bankura Sadar APMC,Brinjal,Brinjal,FAQ,10/08/2026,4750,5200,5000
West Bengal,Bankura,Bankura Sadar APMC,Mustard,Mustard,FAQ,10/08/2026,6000,6350,6200
West Bengal,North 24 Parganas,Barasat APMC,Green Chilli,Green Chilly,FAQ,10/08/2026,8000,8000,8000
West Bengal,Birbhum,Bolpur APMC,Green Chilli,Green Chilly,FAQ,10/08/2026,10600,10800,10700
West Bengal,Purba Bardhaman,Kalna APMC,Cucumbar(Kheera),Cucumbar,FAQ,10/08/2026,2000,2100,2000
Uttarakhand,Udhamsinghnagar,Kashipur APMC,Apple,Apple,Local,10/08/2026,6000,6200,6100
Uttarakhand,Udhamsinghnagar,Kashipur APMC,Carrot,Other,Local,10/08/2026,2400,2400,2400
Uttarakhand,Udhamsinghnagar,Kashipur APMC,Pointed gourd(Parval),Other,Local,10/08/2026,2400,2400,2400
Uttarakhand,Udhamsinghnagar,Kashipur APMC,Sponge gourd,Other,Local,10/08/2026,1200,1200,1200
Uttarakhand,Udhamsinghnagar,Kashipur APMC,Tinda,Other,Local,10/08/2026,1700,1700,1700
Uttarakhand,Udhamsinghnagar,Kashipur APMC,Pumpkin,Other,Local,10/08/2026,800,1000,900
Uttarakhand,Udhamsinghnagar,Kicchha APMC,Sponge gourd,Sponge gourd,Local,10/08/2026,700,800,750
Uttarakhand,Udhamsinghnagar,Kicchha APMC,Banana,Banana - Ripe,Medium,10/08/2026,600,700,650
Uttar Pradesh,Pillibhit,Pilibhit APMC,Rab/Liquid Jaggery/Molasses,Other,FAQ,10/08/2026,3000,3000,3000
Uttar Pradesh,Pillibhit,Pilibhit APMC,Lemon,Other,FAQ,10/08/2026,4000,4000,4000
Uttar Pradesh,Sitapur,Sitapur APMC,Wood,Eucalyptus,FAQ,10/08/2026,600,600,600
Uttar Pradesh,Sitapur,Sitapur APMC,Wheat,Dara Mill Quality,FAQ,10/08/2026,2450,2450,2450
Uttar Pradesh,Sitapur,Sitapur APMC,Wheat,Medium,FAQ,10/08/2026,2450,2450,2450
Uttar Pradesh,Varanasi,Varanasi APMC,Bengal Gram(Gram)(Whole),Other,FAQ,10/08/2026,8050,8050,8050
Maharashtra,Nagpur,HINGNA - APMC,Lime,Other,Local,10/08/2026,3000,6000,4447
Maharashtra,Nagpur,HINGNA - APMC,Bhindi(Ladies Finger),Other,Local,10/08/2026,1000,5100,3365
Maharashtra,Nagpur,HINGNA - APMC,Guar,Other,Local,10/08/2026,3000,7000,5250
Maharashtra,Nagpur,HINGNA - APMC,Cucumbar(Kheera),Other,Local,10/08/2026,250,4000,988
Maharashtra,Nagpur,HINGNA - APMC,Cabbage,Other,Local,10/08/2026,1200,2200,1828
Maharashtra,Nagpur,HINGNA - APMC,Methi(Leaves),Other,Local,10/08/2026,3000,8000,5318
Maharashtra,Nagpur,HINGNA - APMC,Ridgeguard(Tori),Other,Local,10/08/2026,1000,4200,3285
Maharashtra,Nagpur,HINGNA - APMC,Green Chilli,Other,Local,10/08/2026,3000,5000,4318
Rajasthan,Jodhpur,Jodhpur (F&V) APMC,Bottle gourd,Other,Medium,10/08/2026,500,1500,1000
Rajasthan,Jodhpur,Jodhpur (F&V) APMC,Pomegranate,Other,Medium,10/08/2026,4000,8000,6000
Rajasthan,Jodhpur,Jodhpur (F&V) APMC,Bhindi(Ladies Finger),Other,Medium,10/08/2026,1000,2800,2000
Rajasthan,Jodhpur,Jodhpur (F&V) APMC,Carrot,Other,Medium,10/08/2026,1500,2000,1800
Rajasthan,Jodhpur,Jodhpur (F&V) APMC,Chili Red,Other,Local,10/08/2026,3000,4500,4000
Rajasthan,Jodhpur,Jodhpur (F&V) APMC,Cucumbar(Kheera),Other,Medium,10/08/2026,1000,2200,2000
Keralam,Thiruvananthapuram,Parassala Market,Cucumbar(Kheera),Cucumbar,Local,10/08/2026,3800,4200,4000
Keralam,Thiruvananthapuram,Parassala Market,Pumpkin,Pumpkin,Local,10/08/2026,2800,3200,3000
Keralam,Thiruvananthapuram,Parassala Market,Cabbage,Cabbage,Local,10/08/2026,3000,3400,3200
Keralam,Thiruvananthapuram,Parassala Market,Tapioca,Tapioca,Local,10/08/2026,2800,3200,3000
Keralam,Thiruvananthapuram,Parassala Market,Banana,Rasakathai,Local,10/08/2026,5200,5600,5400
Gujarat,Mehsana,Mehsana APMC,Wheat,Local,Local,10/08/2026,2375,2730,2625
Uttarakhand,Haridwar,Roorkee APMC,Banana,Other,Medium,10/08/2026,800,1200,1000
Uttarakhand,Haridwar,Roorkee APMC,Cucumbar(Kheera),Other,Local,10/08/2026,650,850,750
Karnataka,Mandya,K.R. Pet APMC,Tender Coconut,Tender Coconut,Local,10/08/2026,10000,50000,15000
Karnataka,Mandya,K.R. Pet APMC,Ragi(Finger Millet),Local,Local,10/08/2026,3400,3400,3400
Keralam,Wayanad,Kalpetta Market,Ginger(Green),Green Ginger,FAQ,10/08/2026,9600,9800,9700
Keralam,Kannur,Payyannur Market,Black pepper,Other,Local,10/08/2026,63000,65000,64000
Keralam,Kannur,Payyannur Market,Amaranthus,Other,Local,10/08/2026,3700,3900,3800
Keralam,Kannur,Payyannur Market,Ashgourd,Other,Local,10/08/2026,2100,2300,2200
Keralam,Kannur,Payyannur Market,Banana - Green,Other,Local,10/08/2026,5900,6100,6000
Keralam,Kannur,Payyannur Market,Tapioca,Other,Local,10/08/2026,4200,4400,4300
Karnataka,Davangere,Honnali APMC,Ridgeguard(Tori),Ridgeguard(Tori),Medium,10/08/2026,1500,2000,1900
Karnataka,Davangere,Honnali APMC,Green Chilli,Green Chilly,Medium,10/08/2026,2000,2300,2200
Maharashtra,Ahilyanagar,Ahilyanagar APMC,Mousambi(Sweet Lime),Other,Local,10/08/2026,2000,6000,4000
Maharashtra,Ahilyanagar,Ahilyanagar APMC,Papaya,Other,Local,10/08/2026,1500,3500,2500
Maharashtra,Ahilyanagar,Ahilyanagar APMC,Seetapal,Other,Local,10/08/2026,1200,3000,2100
Karnataka,Mysuru,Periyapatna APMC,Ginger(Green),Green Ginger,Medium,10/08/2026,1400,1500,1500
Karnataka,Mysuru,Periyapatna APMC,Avare Dal,Avare (Whole),Medium,10/08/2026,4900,4900,4900
Maharashtra,Jalgaon,Chalisgaon APMC,Jowar(Sorghum),Jowar ( White),Local,10/08/2026,2100,2550,2371
Maharashtra,Jalgaon,Chalisgaon APMC,Green Gram(Moong)(Whole),Green (Whole),Non-FAQ,10/08/2026,500,7200,6712
Karnataka,Dakshina Kannada,Puttur APMC,Copra,Other,Local,10/08/2026,5000,16000,9000
Karnataka,Dakshina Kannada,Puttur APMC,Arecanut(Betelnut/Supari),Cqca,Local,10/08/2026,20000,32000,30000
Chattisgarh,Jashpur,Kotba APMC,Paddy(Common),1001,Non-FAQ,10/08/2026,1800,1800,1800
Chattisgarh,Khairagarh Chhuikhadan Gandai,Gandai APMC,Little gourd(Kundru),Little gourd (Kundru),Grade B,10/08/2026,1500,2000,1800
Chattisgarh,Khairagarh Chhuikhadan Gandai,Gandai APMC,Bitter gourd,Bitter Gourd,Grade B,10/08/2026,2000,2800,2500
Chattisgarh,Khairagarh Chhuikhadan Gandai,Gandai APMC,Chilly Capsicum,Chilly Capsicum,Grade B,10/08/2026,2500,3500,3000
Chattisgarh,Khairagarh Chhuikhadan Gandai,Gandai APMC,Pointed gourd(Parval),Pointed gourd (Parval),Grade B,10/08/2026,1500,2300,1800
Chattisgarh,Khairagarh Chhuikhadan Gandai,Gandai APMC,Ashgourd,Ashgourd,Grade B,10/08/2026,2800,3500,3300
Chattisgarh,Khairagarh Chhuikhadan Gandai,Gandai APMC,Cauliflower,Cauliflower,Grade B,10/08/2026,4500,5500,5000
Assam,Darrang,Balugaon APMC,Bottle gourd,Bottle Gourd,Local,10/08/2026,1300,1500,1400
Assam,Darrang,Balugaon APMC,Brinjal,Brinjal,Local,10/08/2026,2000,2400,2200
Assam,Darrang,Balugaon APMC,Pumpkin,Pumpkin,Local,10/08/2026,1700,1900,1800
Assam,Darrang,Besimari APMC,Tomato,Tomato,Local,10/08/2026,2400,2800,2600
Tamil Nadu,Erode,Thalavadi(Uzhavar Sandhai ),Papaya,Papaya,Local,10/08/2026,2000,2400,2200
Tamil Nadu,Erode,Thalavadi(Uzhavar Sandhai ),Banana,Red Banana,Local,10/08/2026,5500,6000,5750
Tamil Nadu,Erode,Thalavadi(Uzhavar Sandhai ),Bitter gourd,Other,Local,10/08/2026,4500,5000,4750
Tamil Nadu,Erode,Thalavadi(Uzhavar Sandhai ),Bottle gourd,Bottle Gourd,Local,10/08/2026,2000,2400,2200
Tamil Nadu,Erode,Thalavadi(Uzhavar Sandhai ),Amaranthus,Amaranthus,Local,10/08/2026,3500,4000,3750
Tamil Nadu,Erode,Thalavadi(Uzhavar Sandhai ),Banana - Green,Banana - Green,Local,10/08/2026,3000,3500,3250
Tamil Nadu,Erode,Thalavadi(Uzhavar Sandhai ),Coconut,Coconut,Local,10/08/2026,5000,5500,5250
Tamil Nadu,Erode,Thalavadi(Uzhavar Sandhai ),Guava,Guava Allahabad,Local,10/08/2026,5000,5500,5250
Tamil Nadu,Erode,Perundurai(Uzhavar Sandhai ),Cauliflower,Ranchi,Local,10/08/2026,2600,3000,2800
Tamil Nadu,Erode,Perundurai(Uzhavar Sandhai ),Tomato,Deshi,Local,10/08/2026,1500,1800,1650
Tamil Nadu,Erode,Perundurai(Uzhavar Sandhai ),Ashgourd,Gouard,Local,10/08/2026,2000,2400,2200
Tamil Nadu,Erode,Perundurai(Uzhavar Sandhai ),Pumpkin,Pumpkin,Local,10/08/2026,2200,2500,2350
Tamil Nadu,Erode,Perundurai(Uzhavar Sandhai ),Tapioca,Tapioca,Local,10/08/2026,2000,2500,2250
Tamil Nadu,Erode,Perundurai(Uzhavar Sandhai ),Coconut,Coconut,Local,10/08/2026,4500,5000,4750
Tamil Nadu,Erode,Perundurai(Uzhavar Sandhai ),Ridgeguard(Tori),Ridgeguard(Tori),Local,10/08/2026,4000,4500,4250
Tamil Nadu,Erode,Perundurai(Uzhavar Sandhai ),Drumstick,Drumstick,Local,10/08/2026,4000,4400,4200
Tamil Nadu,Erode,Perundurai(Uzhavar Sandhai ),Elephant Yam(Suran)/Amorphophallus,Elephant Yam (Suran),Local,10/08/2026,2500,2800,2650
Karnataka,Chamarajanagar,Gundlupet APMC,Sunflower/Sunflower Seed,Other,Local,10/08/2026,6000,8350,8000
Maharashtra,Buldhana,Mehekar APMC,Soyabean,Other,Local,10/08/2026,6200,6860,6700
Tamil Nadu,Cuddalore,Viruthachalam(Uzhavar Sandhai ),Banana,Besrai,Local,10/08/2026,4000,7000,5500
Tamil Nadu,Cuddalore,Viruthachalam(Uzhavar Sandhai ),Bottle gourd,Bottle Gourd,Local,10/08/2026,3000,3000,3000
Tamil Nadu,Cuddalore,Viruthachalam(Uzhavar Sandhai ),Coconut,Coconut,Local,10/08/2026,6000,6000,6000
Tamil Nadu,Cuddalore,Viruthachalam(Uzhavar Sandhai ),Cabbage,Cabbage,Local,10/08/2026,4000,4000,4000
Tamil Nadu,Dharmapuri,Dharmapuri(Uzhavar Sandhai ),Banana,Besrai,Local,10/08/2026,5200,5500,5350
Tamil Nadu,Dharmapuri,Dharmapuri(Uzhavar Sandhai ),Bitter gourd,Bitter Gourd,Local,10/08/2026,4200,4500,4350
Tamil Nadu,Dharmapuri,Dharmapuri(Uzhavar Sandhai ),Bottle gourd,Bottle Gourd,Local,10/08/2026,2400,2500,2450
Tamil Nadu,Dharmapuri,Dharmapuri(Uzhavar Sandhai ),Bhindi(Ladies Finger),Bhindi,Local,10/08/2026,2800,3000,2900
Tamil Nadu,Dharmapuri,Dharmapuri(Uzhavar Sandhai ),Tapioca,Tapioca,Local,10/08/2026,2400,2500,2450
Tamil Nadu,Dharmapuri,Dharmapuri(Uzhavar Sandhai ),Sweet Potato,Hosur Red,Local,10/08/2026,2400,2500,2450
Tamil Nadu,Dharmapuri,Dharmapuri(Uzhavar Sandhai ),Cabbage,Cabbage,Local,10/08/2026,3300,3500,3400
Tamil Nadu,Dharmapuri,Dharmapuri(Uzhavar Sandhai ),Capsicum,Capsicum,Local,10/08/2026,8000,8400,8200
Tamil Nadu,Dharmapuri,Dharmapuri(Uzhavar Sandhai ),Colacasia,Colacasia,Local,10/08/2026,6200,6600,6400
Tamil Nadu,Dharmapuri,Dharmapuri(Uzhavar Sandhai ),Amla(Nelli Kai),Amla,Local,10/08/2026,5500,6000,5750
Tamil Nadu,Dharmapuri,Dharmapuri(Uzhavar Sandhai ),Onion Green,Onion Green,Local,10/08/2026,4800,5000,4900
Tamil Nadu,Dharmapuri,Palacode(Uzhavar Sandhai ),Cauliflower,Ranchi,Local,10/08/2026,2500,3000,2750
Tamil Nadu,Dharmapuri,Palacode(Uzhavar Sandhai ),Banana,Poovan,Local,10/08/2026,5000,5500,5250
Tamil Nadu,Dharmapuri,Palacode(Uzhavar Sandhai ),Pumpkin,Pumpkin,Local,10/08/2026,1600,1800,1700
Tamil Nadu,Dharmapuri,Palacode(Uzhavar Sandhai ),Amaranthus,Amaranthus,Local,10/08/2026,2000,2500,2250
Tamil Nadu,Dharmapuri,Palacode(Uzhavar Sandhai ),Green Chilli,Green Chilly,Local,10/08/2026,4600,5000,4800
Tamil Nadu,Dharmapuri,Palacode(Uzhavar Sandhai ),Beans,Beans (Whole),Local,10/08/2026,9500,10000,9750
Tamil Nadu,Dharmapuri,Palacode(Uzhavar Sandhai ),Snakeguard,Snakeguard,Local,10/08/2026,2500,2800,2650
Tamil Nadu,Dharmapuri,Palacode(Uzhavar Sandhai ),Thondekai,Thondekai,Local,10/08/2026,4800,5000,4900
Tamil Nadu,Dharmapuri,Palacode(Uzhavar Sandhai ),Capsicum,Capsicum,Local,10/08/2026,7800,8000,7900
Tamil Nadu,Dharmapuri,Palacode(Uzhavar Sandhai ),Green Avare(W),Green Avare (W),Local,10/08/2026,5600,6000,5800
Tamil Nadu,Dharmapuri,Palacode(Uzhavar Sandhai ),Drumstick,Drumstick,Local,10/08/2026,4500,5000,4750
Tamil Nadu,Dharmapuri,Palacode(Uzhavar Sandhai ),Cucumbar(Kheera),Cucumbar,Local,10/08/2026,4800,5000,4900
Tamil Nadu,Dharmapuri,Palacode(Uzhavar Sandhai ),Tamarind Fruit,Tamarind Fruit,Local,10/08/2026,10500,11000,10750
Tamil Nadu,Dharmapuri,Palacode(Uzhavar Sandhai ),Amla(Nelli Kai),Amla,Local,10/08/2026,7500,8000,7750
Tamil Nadu,Dharmapuri,Palacode(Uzhavar Sandhai ),Mint(Pudina),Mint(Pudina),Local,10/08/2026,5600,6000,5800
Tamil Nadu,Dharmapuri,Palacode(Uzhavar Sandhai ),Sweet Corn ,Sweet Corn ,Local,10/08/2026,2800,3000,2900
Tamil Nadu,Dharmapuri,Pennagaram(Uzhavar Sandhai ),Cauliflower,Ranchi,Local,10/08/2026,3600,4000,3800
Tamil Nadu,Dharmapuri,Pennagaram(Uzhavar Sandhai ),Cluster beans,Cluster Beans,Local,10/08/2026,3600,4000,3800
Tamil Nadu,Dharmapuri,Pennagaram(Uzhavar Sandhai ),Bitter gourd,Bitter Gourd,Local,10/08/2026,5200,5500,5350
Tamil Nadu,Dharmapuri,Pennagaram(Uzhavar Sandhai ),Bottle gourd,Bottle Gourd,Local,10/08/2026,2100,2200,2150
Tamil Nadu,Dharmapuri,Pennagaram(Uzhavar Sandhai ),Pumpkin,Pumpkin,Local,10/08/2026,1800,2000,1900
Tamil Nadu,Dharmapuri,Pennagaram(Uzhavar Sandhai ),Beans,Beans (Whole),Local,10/08/2026,7500,8000,7750
Tamil Nadu,Dharmapuri,Pennagaram(Uzhavar Sandhai ),Tapioca,Tapioca,Local,10/08/2026,2800,3000,2900
Tamil Nadu,Dharmapuri,Pennagaram(Uzhavar Sandhai ),Chow Chow,Chow Chow,Local,10/08/2026,3600,4000,3800
Tamil Nadu,Dindigul,Chinnalapatti(Uzhavar Sandhai ),Coriander(Leaves),I Sort,Local,10/08/2026,3500,4000,3750
Tamil Nadu,Dindigul,Chinnalapatti(Uzhavar Sandhai ),Banana,Besrai,Local,10/08/2026,5000,6000,5500
Tamil Nadu,Dindigul,Chinnalapatti(Uzhavar Sandhai ),Pumpkin,Pumpkin,Local,10/08/2026,1600,2000,1800
Tamil Nadu,Dindigul,Chinnalapatti(Uzhavar Sandhai ),Amaranthus,Amaranthus,Local,10/08/2026,2500,3000,2750
Tamil Nadu,Dindigul,Chinnalapatti(Uzhavar Sandhai ),Thondekai,Thondekai,Local,10/08/2026,3600,4000,3800
Tamil Nadu,Dindigul,Chinnalapatti(Uzhavar Sandhai ),Beetroot,Beetroot,Local,10/08/2026,8000,9000,8500
Tamil Nadu,Dindigul,Dindigul(Uzhavar Sandhai ),Potato,Red Nanital,Local,10/08/2026,3400,4000,3700
Tamil Nadu,Dindigul,Dindigul(Uzhavar Sandhai ),Brinjal,Other,Local,10/08/2026,6000,7000,6500
Tamil Nadu,Dindigul,Dindigul(Uzhavar Sandhai ),Bitter gourd,Bitter Gourd,Local,10/08/2026,5000,6000,5500
Tamil Nadu,Dindigul,Dindigul(Uzhavar Sandhai ),Amaranthus,Amaranthus,Local,10/08/2026,2000,3000,2500
Tamil Nadu,Dindigul,Dindigul(Uzhavar Sandhai ),Beans,Beans (Whole),Local,10/08/2026,10000,11000,10500
Tamil Nadu,Dindigul,Dindigul(Uzhavar Sandhai ),Carrot,Pusakesar,Local,10/08/2026,8000,11000,9500
Tamil Nadu,Dindigul,Dindigul(Uzhavar Sandhai ),Cabbage,Cabbage,Local,10/08/2026,3000,4000,3500
Tamil Nadu,Dindigul,Dindigul(Uzhavar Sandhai ),Beetroot,Beetroot,Local,10/08/2026,5000,9000,7000
Tamil Nadu,Dindigul,Dindigul(Uzhavar Sandhai ),Elephant Yam(Suran)/Amorphophallus,Elephant Yam (Suran),Local,10/08/2026,5000,6000,5500
Tamil Nadu,Dindigul,Dindigul(Uzhavar Sandhai ),Yam(Ratalu),Yam (Ratalu),Local,10/08/2026,8000,10000,9000
Tamil Nadu,Dindigul,Dindigul(Uzhavar Sandhai ),Mint(Pudina),Mint(Pudina),Local,10/08/2026,3500,4000,3750
Tamil Nadu,Dindigul,Palani(Uzhavar Sandhai ),Soyabean,Local,Local,10/08/2026,9000,10000,9500
Tamil Nadu,Dindigul,Palani(Uzhavar Sandhai ),Garlic,Garlic,Local,10/08/2026,18000,23000,20500
Tamil Nadu,Dindigul,Palani(Uzhavar Sandhai ),Brinjal,Other,Local,10/08/2026,4000,5000,4500
Tamil Nadu,Dindigul,Palani(Uzhavar Sandhai ),Bottle gourd,Bottle Gourd,Local,10/08/2026,1000,1500,1250
Tamil Nadu,Dindigul,Palani(Uzhavar Sandhai ),Tapioca,Tapioca,Local,10/08/2026,2500,3000,2750
Tamil Nadu,Dindigul,Palani(Uzhavar Sandhai ),Cabbage,Cabbage,Local,10/08/2026,2800,3200,3000
Tamil Nadu,Dindigul,Palani(Uzhavar Sandhai ),Ridgeguard(Tori),Ridgeguard(Tori),Local,10/08/2026,3600,5500,4550
Tamil Nadu,Dindigul,Palani(Uzhavar Sandhai ),Lime,Lime,Local,10/08/2026,10000,12000,11000
Tamil Nadu,Dindigul,Palani(Uzhavar Sandhai ),Onion Green,Onion Green,Local,10/08/2026,4000,6000,5000
Tamil Nadu,Erode,Periyar Nagar(Uzhavar Sandhai ),Brinjal,Other,Local,10/08/2026,3200,3600,3400
Tamil Nadu,Erode,Periyar Nagar(Uzhavar Sandhai ),Papaya,Papaya,Local,10/08/2026,3000,3400,3200
Tamil Nadu,Erode,Periyar Nagar(Uzhavar Sandhai ),Bitter gourd,Other,Local,10/08/2026,4600,5000,4800
Tamil Nadu,Erode,Periyar Nagar(Uzhavar Sandhai ),Bottle gourd,Bottle Gourd,Local,10/08/2026,1800,2000,1900
Tamil Nadu,Erode,Periyar Nagar(Uzhavar Sandhai ),Lemon,Lemon,Local,10/08/2026,11000,12000,11500
Tamil Nadu,Erode,Periyar Nagar(Uzhavar Sandhai ),Mint(Pudina),Mint(Pudina),Local,10/08/2026,4500,5000,4750
Tamil Nadu,Kallakuruchi,Sankarapuram(Uzhavar Sandhai ),Onion,Bellary,Local,10/08/2026,4000,4000,4000
Tamil Nadu,Kallakuruchi,Sankarapuram(Uzhavar Sandhai ),Coriander(Leaves),I Sort,Local,10/08/2026,6000,6000,6000
Tamil Nadu,Kallakuruchi,Sankarapuram(Uzhavar Sandhai ),Banana,Besrai,Local,10/08/2026,4000,4000,4000
Tamil Nadu,Kallakuruchi,Sankarapuram(Uzhavar Sandhai ),Bitter gourd,Bitter Gourd,Local,10/08/2026,7000,7000,7000
Tamil Nadu,Kallakuruchi,Sankarapuram(Uzhavar Sandhai ),Bottle gourd,Bottle Gourd,Local,10/08/2026,2500,2500,2500
Tamil Nadu,Kallakuruchi,Sankarapuram(Uzhavar Sandhai ),Green Chilli,Green Chilly,Local,10/08/2026,7000,7000,7000
Tamil Nadu,Kallakuruchi,Sankarapuram(Uzhavar Sandhai ),Ridgeguard(Tori),Ridgeguard(Tori),Local,10/08/2026,6000,6000,6000
Tamil Nadu,Kallakuruchi,Sankarapuram(Uzhavar Sandhai ),Drumstick,Drumstick,Local,10/08/2026,5000,5000,5000
Tamil Nadu,Kallakuruchi,Sankarapuram(Uzhavar Sandhai ),Amla(Nelli Kai),Amla,Local,10/08/2026,8000,8000,8000
Tamil Nadu,Kancheepuram,Kancheepuram(Uzhavar Sandhai ),Ashgourd,Gouard,Local,10/08/2026,2200,2800,2500
Tamil Nadu,Kancheepuram,Kancheepuram(Uzhavar Sandhai ),Pumpkin,Pumpkin,Local,10/08/2026,2500,3000,2750
Tamil Nadu,Kancheepuram,Kancheepuram(Uzhavar Sandhai ),Sweet Corn ,Sweet Corn ,Local,10/08/2026,3000,4000,3500
Tamil Nadu,Kancheepuram,Kundrathur(Uzhavar Sandhai ),Onion,Bellary,Local,10/08/2026,3000,3500,3250
Tamil Nadu,Kancheepuram,Kundrathur(Uzhavar Sandhai ),Potato,Other,Local,10/08/2026,2600,2600,2600
Tamil Nadu,Kancheepuram,Kundrathur(Uzhavar Sandhai ),Apple,American,Local,10/08/2026,16000,18000,17000
Tamil Nadu,Kancheepuram,Kundrathur(Uzhavar Sandhai ),Banana,Red Banana,Local,10/08/2026,7000,8000,7500
Tamil Nadu,Kancheepuram,Kundrathur(Uzhavar Sandhai ),Coconut,Coconut,Local,10/08/2026,5000,6000,5500
Tamil Nadu,Kancheepuram,Kundrathur(Uzhavar Sandhai ),Cucumbar(Kheera),Cucumbar,Local,10/08/2026,3000,3000,3000
Tamil Nadu,Kancheepuram,Kundrathur(Uzhavar Sandhai ),Raddish,Raddish,Local,10/08/2026,3000,3000,3000
Tamil Nadu,Kancheepuram,Kundrathur(Uzhavar Sandhai ),Yam(Ratalu),Yam (Ratalu),Local,10/08/2026,4000,4000,4000
Tamil Nadu,Kancheepuram,Kundrathur(Uzhavar Sandhai ),Colacasia,Colacasia,Local,10/08/2026,3000,3000,3000
Tamil Nadu,Kancheepuram,Kundrathur(Uzhavar Sandhai ),Onion Green,Onion Green,Local,10/08/2026,5000,5000,5000
Tamil Nadu,Kancheepuram,Padappai(Uzhavar Sandhai ),Cabbage,Cabbage,Local,10/08/2026,2000,2800,2400
Tamil Nadu,Kancheepuram,Padappai(Uzhavar Sandhai ),Drumstick,Drumstick,Local,10/08/2026,2500,3500,3000
Tamil Nadu,Kancheepuram,Sunguvarchatram(Uzhavar Sandhai ),Potato,Other,Local,10/08/2026,2600,2600,2600
Tamil Nadu,Kancheepuram,Sunguvarchatram(Uzhavar Sandhai ),Brinjal,Other,Local,10/08/2026,3500,4000,3750
Tamil Nadu,Kancheepuram,Sunguvarchatram(Uzhavar Sandhai ),Mousambi(Sweet Lime),Mousambi,Local,10/08/2026,8000,8000,8000
Tamil Nadu,Kancheepuram,Sunguvarchatram(Uzhavar Sandhai ),Pumpkin,Pumpkin,Local,10/08/2026,2000,2000,2000
Tamil Nadu,Kancheepuram,Sunguvarchatram(Uzhavar Sandhai ),Bhindi(Ladies Finger),Bhindi,Local,10/08/2026,3000,3000,3000
Tamil Nadu,Kancheepuram,Sunguvarchatram(Uzhavar Sandhai ),Green Chilli,Green Chilly,Local,10/08/2026,5000,5000,5000
Tamil Nadu,Kancheepuram,Sunguvarchatram(Uzhavar Sandhai ),Beans,Beans (Whole),Local,10/08/2026,7000,7000,7000
Tamil Nadu,Kancheepuram,Sunguvarchatram(Uzhavar Sandhai ),Colacasia,Colacasia,Local,10/08/2026,3000,3000,3000
Tamil Nadu,Krishnagiri,Avallapalli(Uzhavar Sandhai ),Bitter gourd,Bitter Gourd,Local,10/08/2026,3500,4000,3750
Tamil Nadu,Krishnagiri,Avallapalli(Uzhavar Sandhai ),Cowpea(Veg),Cowpea (Veg),Local,10/08/2026,5000,6000,5500
Tamil Nadu,Krishnagiri,Avallapalli(Uzhavar Sandhai ),Coconut,Coconut,Local,10/08/2026,5500,6000,5750
Tamil Nadu,Krishnagiri,Avallapalli(Uzhavar Sandhai ),Snakeguard,Snakeguard,Local,10/08/2026,2500,3000,2750
Tamil Nadu,Krishnagiri,Avallapalli(Uzhavar Sandhai ),Capsicum,Capsicum,Local,10/08/2026,4500,5000,4750
Tamil Nadu,Krishnagiri,Avallapalli(Uzhavar Sandhai ),Indian Beans(Seam),Indian Beans (Seam),Local,10/08/2026,2500,3000,2750
Tamil Nadu,Krishnagiri,Avallapalli(Uzhavar Sandhai ),Colacasia,Colacasia,Local,10/08/2026,3500,4000,3750
Tamil Nadu,Krishnagiri,Avallapalli(Uzhavar Sandhai ),Onion Green,Onion Green,Local,10/08/2026,8000,9000,8500
Tamil Nadu,Dharmapuri,Karimangalam(Uzhavar Sandhai),Potato,Other,Local,10/08/2026,2600,2800,2700
Tamil Nadu,Dharmapuri,Karimangalam(Uzhavar Sandhai),Garlic,Garlic,Local,10/08/2026,12000,14000,13000
Tamil Nadu,Dharmapuri,Karimangalam(Uzhavar Sandhai),Brinjal,Other,Local,10/08/2026,3300,3500,3400
Tamil Nadu,Dharmapuri,Karimangalam(Uzhavar Sandhai),Pumpkin,Pumpkin,Local,10/08/2026,1800,2000,1900
Tamil Nadu,Dharmapuri,Karimangalam(Uzhavar Sandhai),Green Chilli,Green Chilly,Local,10/08/2026,4500,5000,4750
Tamil Nadu,Dharmapuri,Karimangalam(Uzhavar Sandhai),Beans,Beans (Whole),Local,10/08/2026,9000,9500,9250
Tamil Nadu,Dharmapuri,Karimangalam(Uzhavar Sandhai),Chow Chow,Chow Chow,Local,10/08/2026,4400,4800,4600
Tamil Nadu,Dharmapuri,Karimangalam(Uzhavar Sandhai),Lemon,Lemon,Local,10/08/2026,9000,10000,9500
Tamil Nadu,Krishnagiri,Denkanikottai(Uzhavar Sandhai ),Cluster beans,Cluster Beans,Local,10/08/2026,3500,4000,3750
Tamil Nadu,Krishnagiri,Denkanikottai(Uzhavar Sandhai ),Ginger(Green),Green Ginger,Local,10/08/2026,16000,18000,17000
Tamil Nadu,Krishnagiri,Denkanikottai(Uzhavar Sandhai ),Capsicum,Capsicum,Local,10/08/2026,4500,5000,4750
Tamil Nadu,Krishnagiri,Denkanikottai(Uzhavar Sandhai ),Lemon,Lemon,Local,10/08/2026,8000,10000,9000
Tamil Nadu,Krishnagiri,Denkanikottai(Uzhavar Sandhai ),Mint(Pudina),Mint(Pudina),Local,10/08/2026,4500,5000,4750
Tamil Nadu,Krishnagiri,Hosur(Uzhavar Sandhai ),Onion,Bellary,Local,10/08/2026,3500,4000,3750
Tamil Nadu,Krishnagiri,Hosur(Uzhavar Sandhai ),Cauliflower,Ranchi,Local,10/08/2026,3000,3500,3250
Tamil Nadu,Krishnagiri,Hosur(Uzhavar Sandhai ),Green Peas,Green Peas,Local,10/08/2026,10000,12000,11000
Tamil Nadu,Krishnagiri,Hosur(Uzhavar Sandhai ),Papaya,Papaya,Local,10/08/2026,3000,3500,3250
Tamil Nadu,Krishnagiri,Hosur(Uzhavar Sandhai ),Amaranthus,Amaranthus,Local,10/08/2026,5500,6000,5750
Tamil Nadu,Krishnagiri,Hosur(Uzhavar Sandhai ),Green Chilli,Green Chilly,Local,10/08/2026,5500,6000,5750
Tamil Nadu,Krishnagiri,Hosur(Uzhavar Sandhai ),Knool Khol,Knool Khol,Local,10/08/2026,2000,2500,2250
Tamil Nadu,Krishnagiri,Hosur(Uzhavar Sandhai ),Amla(Nelli Kai),Amla,Local,10/08/2026,9000,10000,9500
Tamil Nadu,Krishnagiri,Hosur(Uzhavar Sandhai ),Mint(Pudina),Mint(Pudina),Local,10/08/2026,3500,4000,3750
Tamil Nadu,Krishnagiri,Krishnagiri(Uzhavar Sandhai ),Mango,Safeda,Local,10/08/2026,3000,3500,3250
Tamil Nadu,Krishnagiri,Krishnagiri(Uzhavar Sandhai ),Water Melon,Water Melon,Local,10/08/2026,1500,1800,1650
Tamil Nadu,Krishnagiri,Krishnagiri(Uzhavar Sandhai ),Groundnut,Big (With Shell),Local,10/08/2026,7000,7500,7250
Tamil Nadu,Krishnagiri,Krishnagiri(Uzhavar Sandhai ),Beans,Beans (Whole),Local,10/08/2026,8000,9000,8500
Tamil Nadu,Krishnagiri,Krishnagiri(Uzhavar Sandhai ),Tapioca,Tapioca,Local,10/08/2026,2500,2800,2650
Tamil Nadu,Krishnagiri,Krishnagiri(Uzhavar Sandhai ),Cucumbar(Kheera),Cucumbar,Local,10/08/2026,2000,2400,2200
Tamil Nadu,Krishnagiri,Krishnagiri(Uzhavar Sandhai ),Drumstick,Drumstick,Local,10/08/2026,5000,6000,5500
Tamil Nadu,Krishnagiri,Krishnagiri(Uzhavar Sandhai ),Tender Coconut,Tender Coconut,Local,10/08/2026,3000,4000,3500
Tamil Nadu,Krishnagiri,Krishnagiri(Uzhavar Sandhai ),Amla(Nelli Kai),Amla,Local,10/08/2026,7000,8000,7500
Tamil Nadu,Madurai,Anaiyur(Uzhavar Sandhai ),Green Peas,Green Peas,Local,10/08/2026,13000,16000,14500
Tamil Nadu,Madurai,Anaiyur(Uzhavar Sandhai ),Onion,Bellary,Local,10/08/2026,3800,4200,4000
Tamil Nadu,Madurai,Anaiyur(Uzhavar Sandhai ),Bottle gourd,Bottle Gourd,Local,10/08/2026,2500,3600,3050
Tamil Nadu,Madurai,Anaiyur(Uzhavar Sandhai ),Bhindi(Ladies Finger),Bhindi,Local,10/08/2026,3600,4200,3900
Tamil Nadu,Madurai,Anaiyur(Uzhavar Sandhai ),Banana - Green,Banana - Green,Local,10/08/2026,2000,2400,2200
Tamil Nadu,Madurai,Anaiyur(Uzhavar Sandhai ),Betal Leaves,Mysore,Local,10/08/2026,22000,24000,23000
Tamil Nadu,Madurai,Anaiyur(Uzhavar Sandhai ),Cabbage,Cabbage,Local,10/08/2026,3000,3600,3300
Tamil Nadu,Madurai,Anaiyur(Uzhavar Sandhai ),Mango(Raw-Ripe),Mango - Raw-Ripe,Local,10/08/2026,7000,8000,7500
Tamil Nadu,Madurai,Anaiyur(Uzhavar Sandhai ),Knool Khol,Knool Khol,Local,10/08/2026,5000,6000,5500
Tamil Nadu,Madurai,Anaiyur(Uzhavar Sandhai ),Lime,Lime,Local,10/08/2026,12000,14000,13000
Tamil Nadu,Madurai,Anaiyur(Uzhavar Sandhai ),Pomegranate,Pomogranate,Local,10/08/2026,20000,22000,21000
Tamil Nadu,Madurai,Usilampatti(Uzhavar Sandhai ),Banana - Green,Banana - Green,Local,10/08/2026,2500,3000,2750
Tamil Nadu,Madurai,Usilampatti(Uzhavar Sandhai ),Tapioca,Tapioca,Local,10/08/2026,3000,4000,3500
Tamil Nadu,Madurai,Usilampatti(Uzhavar Sandhai ),Drumstick,Drumstick,Local,10/08/2026,5000,6000,5500
Tamil Nadu,Madurai,Usilampatti(Uzhavar Sandhai ),Lemon,Lemon,Local,10/08/2026,8000,9000,8500
Tamil Nadu,Madurai,Usilampatti(Uzhavar Sandhai ),Onion Green,Onion Green,Local,10/08/2026,6500,7000,6750
Tamil Nadu,Madurai,Usilampatti(Uzhavar Sandhai ),Mint(Pudina),Mint(Pudina),Local,10/08/2026,4000,4500,4250
Tamil Nadu,Nagapattinam,Nagapattinam(Uzhavar Sandhai ),Tomato,Deshi,Local,10/08/2026,2000,2500,2250
Tamil Nadu,Nagapattinam,Nagapattinam(Uzhavar Sandhai ),Bitter gourd,Other,Local,10/08/2026,4600,4600,4600
Tamil Nadu,Nagapattinam,Nagapattinam(Uzhavar Sandhai ),Coriander(Leaves),I Sort,Local,10/08/2026,2800,2800,2800
Tamil Nadu,Nagapattinam,Nagapattinam(Uzhavar Sandhai ),Bhindi(Ladies Finger),Bhindi,Local,10/08/2026,5300,5300,5300
Tamil Nadu,Nagapattinam,Nagapattinam(Uzhavar Sandhai ),Cabbage,Cabbage,Local,10/08/2026,3500,4000,3750
Tamil Nadu,Nagapattinam,Nagapattinam(Uzhavar Sandhai ),Beetroot,Beetroot,Local,10/08/2026,3700,4200,3950
Tamil Nadu,Nagapattinam,Nagapattinam(Uzhavar Sandhai ),Mint(Pudina),Mint(Pudina),Local,10/08/2026,3300,3300,3300
Tamil Nadu,Nagapattinam,Sirkali(Uzhavar Sandhai ),Onion,Bellary,Local,10/08/2026,2500,3000,2750
Tamil Nadu,Nagapattinam,Sirkali(Uzhavar Sandhai ),Papaya,Papaya,Local,10/08/2026,2500,3000,2750
Tamil Nadu,Nagapattinam,Sirkali(Uzhavar Sandhai ),Pumpkin,Pumpkin,Local,10/08/2026,2500,3000,2750
Tamil Nadu,Nagapattinam,Sirkali(Uzhavar Sandhai ),Green Chilli,Green Chilly,Local,10/08/2026,5500,6000,5750
Tamil Nadu,Nagapattinam,Sirkali(Uzhavar Sandhai ),Tapioca,Tapioca,Local,10/08/2026,4500,5000,4750
Tamil Nadu,Nagapattinam,Sirkali(Uzhavar Sandhai ),Cabbage,Cabbage,Local,10/08/2026,2500,3000,2750
Tamil Nadu,Nagapattinam,Sirkali(Uzhavar Sandhai ),Snakeguard,Snakeguard,Local,10/08/2026,4500,5000,4750
Tamil Nadu,Nagapattinam,Sirkali(Uzhavar Sandhai ),Cucumbar(Kheera),Cucumbar,Local,10/08/2026,2500,3000,2750
Tamil Nadu,Nagapattinam,Sirkali(Uzhavar Sandhai ),Lemon,Lemon,Local,10/08/2026,5500,6000,5750
Tamil Nadu,Namakkal,Kumarapalayam(Uzhavar Sandhai ),Coriander(Leaves),I Sort,Local,10/08/2026,8000,9000,8500
Tamil Nadu,Namakkal,Kumarapalayam(Uzhavar Sandhai ),Bitter gourd,Other,Local,10/08/2026,4400,5000,4700
Tamil Nadu,Namakkal,Kumarapalayam(Uzhavar Sandhai ),Ashgourd,Gouard,Local,10/08/2026,2800,3000,2900
Tamil Nadu,Namakkal,Kumarapalayam(Uzhavar Sandhai ),Pumpkin,Pumpkin,Local,10/08/2026,2600,3000,2800
Tamil Nadu,Namakkal,Kumarapalayam(Uzhavar Sandhai ),Bhindi(Ladies Finger),Bhindi,Local,10/08/2026,3200,4000,3600
Tamil Nadu,Namakkal,Kumarapalayam(Uzhavar Sandhai ),Beans,Beans (Whole),Local,10/08/2026,8500,9500,9000
Tamil Nadu,Namakkal,Kumarapalayam(Uzhavar Sandhai ),Ridgeguard(Tori),Ridgeguard(Tori),Local,10/08/2026,4000,4500,4250
Tamil Nadu,Namakkal,Kumarapalayam(Uzhavar Sandhai ),Lemon,Lemon,Local,10/08/2026,3000,5000,4000
Tamil Nadu,Namakkal,Kumarapalayam(Uzhavar Sandhai ),Amla(Nelli Kai),Amla,Local,10/08/2026,9000,9500,9250
Tamil Nadu,Namakkal,Mohanur(Uzhavar Sandhai ),Onion,Bellary,Local,10/08/2026,3800,4500,4150
Tamil Nadu,Namakkal,Mohanur(Uzhavar Sandhai ),Bitter gourd,Bitter Gourd,Local,10/08/2026,6600,7200,6900
Tamil Nadu,Namakkal,Mohanur(Uzhavar Sandhai ),Bottle gourd,Bottle Gourd,Local,10/08/2026,1000,2000,1500
Tamil Nadu,Namakkal,Mohanur(Uzhavar Sandhai ),Beans,Beans (Whole),Local,10/08/2026,11000,12000,11500
Tamil Nadu,Namakkal,Mohanur(Uzhavar Sandhai ),Cabbage,Cabbage,Local,10/08/2026,3000,3500,3250
Tamil Nadu,Namakkal,Mohanur(Uzhavar Sandhai ),Chow Chow,Chow Chow,Local,10/08/2026,3600,4000,3800
Tamil Nadu,Namakkal,Mohanur(Uzhavar Sandhai ),Drumstick,Drumstick,Local,10/08/2026,3200,3600,3400
Tamil Nadu,Namakkal,Mohanur(Uzhavar Sandhai ),Guava,Guava Allahabad,Local,10/08/2026,4800,5400,5100
Tamil Nadu,Namakkal,Mohanur(Uzhavar Sandhai ),Onion Green,Onion Green,Local,10/08/2026,3000,7000,5000
Tamil Nadu,Namakkal,Mohanur(Uzhavar Sandhai ),Mint(Pudina),Mint(Pudina),Local,10/08/2026,5500,6000,5750
Tamil Nadu,Namakkal,Namakkal(Uzhavar Sandhai ),Snakeguard,Snakeguard,Local,10/08/2026,5000,5800,5400
Tamil Nadu,Namakkal,Namakkal(Uzhavar Sandhai ),Beetroot,Beetroot,Local,10/08/2026,7500,8500,8000
Tamil Nadu,Namakkal,Namakkal(Uzhavar Sandhai ),Cucumbar(Kheera),Cucumbar,Local,10/08/2026,7000,9000,8000
Tamil Nadu,Namakkal,Namakkal(Uzhavar Sandhai ),Green Avare(W),Other,Local,10/08/2026,8500,9500,9000
Tamil Nadu,Namakkal,Paramathivelur(Uzhavar Sandhai ),Onion,Bellary,Local,10/08/2026,3600,4000,3800
Tamil Nadu,Namakkal,Paramathivelur(Uzhavar Sandhai ),Potato,Red Nanital,Local,10/08/2026,2600,2800,2700
Maharashtra,Jalgaon,Jalgaon APMC,Carrot,Other,Local,10/08/2026,1000,2000,1500
Maharashtra,Jalgaon,Jalgaon APMC,Onion,Red,Local,10/08/2026,587,2627,1625
Maharashtra,Jalgaon,Jalgaon APMC,Bitter gourd,Other,Local,10/08/2026,2500,3000,2700
Maharashtra,Jalgaon,Jalgaon APMC,Spinach,Other,Local,10/08/2026,4000,4000,4000
Maharashtra,Jalgaon,Jalgaon APMC,Drumstick,Other,Local,10/08/2026,4000,6000,5000
Gujarat,Surat,Surat APMC,Elephant Yam(Suran)/Amorphophallus,Other,FAQ,10/08/2026,3300,4300,3800
Gujarat,Surat,Surat APMC,Groundnut pods(raw),Other,FAQ,10/08/2026,4000,5000,4500
Gujarat,Surat,Surat APMC,Ginger(Green),Green Ginger,FAQ,10/08/2026,5000,13000,9000
Gujarat,Surat,Surat APMC,Onion,Other,FAQ,10/08/2026,800,3100,1950
Gujarat,Surat,Surat APMC,Ridgeguard(Tori),Other,FAQ,10/08/2026,2000,6000,4000
Gujarat,Surat,Surat APMC,Sweet Potato,Other,FAQ,10/08/2026,3000,5000,4000
Uttar Pradesh,Siddharth Nagar,Shohratgarh APMC,Rice,Common,FAQ,10/08/2026,2550,2550,2550
Maharashtra,Nanded,Loha APMC,Red gram/Arhar/Tur(whole),Other,Non-FAQ,10/08/2026,6600,7762,7650
Keralam,Malappuram,Thiruvali  VFPCK Market,Banana,Nendra Bale,Local,10/08/2026,4200,4600,4300
Keralam,Ernakulam,Kunnukara  VFPCK Market,Banana,Nendra Bale,Grade A,10/08/2026,6500,6700,6600
Uttar Pradesh,Bahraich,Naanpara APMC,Wheat,Dara,FAQ,10/08/2026,2550,2560,2553.91
Uttar Pradesh,Bahraich,Naanpara APMC,Maize,Other,FAQ,10/08/2026,1950,1950,1950
Uttar Pradesh,Bahraich,Naanpara APMC,Wood,Other,FAQ,10/08/2026,400,1170,596.99
Keralam,Ernakulam,Mookkannur  VFPCK Market,Banana,Robusta,Grade A,10/08/2026,2000,3300,2800
Uttar Pradesh,Saharanpur,Saharanpur APMC,Turmeric,Other,FAQ,10/08/2026,13200,18270,16119.8
Uttar Pradesh,Ambedkarnagar,Akbarpur APMC,Firewood,Firewood,FAQ,10/08/2026,555,610,583.59
Andhra Pradesh,Palnadu,Krosuru APMC,Paddy(Common),B P T,FAQ,10/08/2026,2200,2600,2400
Telangana,Ranga Reddy,Shadnagar APMC,Beetroot,Beetroot,Local,10/08/2026,1500,1700,1600
Telangana,Ranga Reddy,Shadnagar APMC,Bhindi(Ladies Finger),Bhindi,Local,10/08/2026,1800,2500,2300
Maharashtra,Washim,Washim APMC,Turmeric,Other,Local,10/08/2026,14000,17000,15000
Andhra Pradesh,Tirupathi,Pakala APMC,Gur(Jaggery),NO 3,Local,10/08/2026,2900,2900,2900
Telangana,Warangal,Warangal APMC,Bhindi(Ladies Finger),Bhindi,FAQ,10/08/2026,800,1000,900
Telangana,Warangal,Warangal APMC,Bitter gourd,Bitter Gourd,FAQ,10/08/2026,2000,2500,2250
Telangana,Warangal,Warangal APMC,Colacasia,Colacasia,FAQ,10/08/2026,2500,3000,2750
Telangana,Warangal,Warangal APMC,Field Pea,Field Pea,FAQ,10/08/2026,4500,5000,4750
Telangana,Warangal,Warangal APMC,Potato,Potato,FAQ,10/08/2026,1500,2000,1750
Telangana,Warangal,Warangal APMC,Green Chilli,Green Chilly,FAQ,10/08/2026,3500,4000,3750
Telangana,Warangal,Warangal APMC,Ridgeguard(Tori),Ridgeguard(Tori),FAQ,10/08/2026,2500,3000,2750
Telangana,Warangal,Warangal APMC,Thondekai,Thondekai,FAQ,10/08/2026,1500,2000,1750
Telangana,Warangal,Warangal APMC,Tomato,Tomato,FAQ,10/08/2026,1200,1600,1400
Telangana,Warangal,Warangal APMC,Pomegranate,Pomogranate,Large,10/08/2026,10000,14000,12000
Uttar Pradesh,Bulandshahar,Sikanderabad APMC,Green Chilli,Other,FAQ,10/08/2026,4000,4000,4000
Uttar Pradesh,Bulandshahar,Sikanderabad APMC,Tomato,Other,FAQ,10/08/2026,1800,2400,2102.44
Uttar Pradesh,Bulandshahar,Sikanderabad APMC,Wheat,Other,FAQ,10/08/2026,2590,2590,2590
Chattisgarh,Bilaspur,Jairamnagar APMC,Paddy(Common),I.R. 36,Non-FAQ,10/08/2026,2001,2001,2001
Chattisgarh,Bijapur,Bijapur APMC,Mahua,Mahua,Non-FAQ,10/08/2026,2500,3600,3000
Maharashtra,Beed,Gevrai APMC,Bajra(Pearl Millet/Cumbu),Other,Non-FAQ,10/08/2026,2400,2681,2540
Maharashtra,Beed,Gevrai APMC,Soyabean,Yellow,FAQ,10/08/2026,7040,7055,7050
Haryana,Fatehabad,Fatehabad APMC,Cucumbar(Kheera),Other,Local,10/08/2026,4000,4000,4000
Telangana,Karimnagar,Karimnagar APMC,Tomato,Hybrid,Medium,10/08/2026,1500,2000,1750
Telangana,Karimnagar,Karimnagar APMC,Green Chilli,Green Chilly,Large,10/08/2026,1866.66676,2000.0001,1933.33343
Tripura,Khowai,Bachaibari APMC,Fish,Fish,Local,10/08/2026,25000,40000,30000
Maharashtra,Nandurbar,Dhadgaon APMC,Jowar(Sorghum),Other,Non-FAQ,10/08/2026,1750,1800,1775
Andhra Pradesh,Prakasam,Addanki APMC,Paddy(Common),Paddy,Local,10/08/2026,2380,2430,2400
Andhra Pradesh,Prakasam,Addanki APMC,Bengal Gram(Gram)(Whole),Gulabi,Local,10/08/2026,5900,5950,5930
Haryana,Karnal,Tarori APMC,Potato,Desi,Grade A,10/08/2026,800,1500,1200
Andhra Pradesh,YSR Kadapa,Kadapa,Turmeric,Bulb,FAQ,10/08/2026,14242,14599,14265
Haryana,Sirsa,kalanwali APMC,Onion,Other,Local,10/08/2026,2500,2500,2500
Haryana,Sirsa,kalanwali APMC,Mango,Other,Local,10/08/2026,5000,5000,5000
Manipur,Imphal East,Lamlong Bazaar APMC,Potato,Other,FAQ,10/08/2026,3000,3500,3250
Haryana,Kurukshetra,Thanesar APMC,Tinda,Tinda,Local,10/08/2026,3000,4000,3500
Haryana,Kurukshetra,Thanesar APMC,Capsicum,Capsicum,Medium,10/08/2026,2000,5000,3500
Haryana,Kurukshetra,Thanesar APMC,Cucumbar(Kheera),Cucumbar,Medium,10/08/2026,1800,2800,2300
Haryana,Kurukshetra,Thanesar APMC,Colacasia,Colacasia,Local,10/08/2026,1500,2000,1750
Haryana,Kurukshetra,Thanesar APMC,Pumpkin,Pumpkin,Local,10/08/2026,1000,1600,1300
Uttar Pradesh,Agra,Agra APMC,Pegeon Pea(Arhar Fali),Other,FAQ,10/08/2026,9275,9275,9275
Uttar Pradesh,Agra,Agra APMC,Rambans(Agave /Century plant),Other,FAQ,10/08/2026,350,360,352.31
West Bengal,Paschim Bardhaman,Asansol APMC,Ginger(Green),Other,FAQ,10/08/2026,10500,11500,11000
Keralam,Kasargod,Kasargod Market,Cowpea(Veg),Cowpea (Veg),Local,10/08/2026,4000,4500,4200
Keralam,Kasargod,Kasargod Market,Pumpkin,Pumpkin,Local,10/08/2026,1600,2000,1800
Keralam,Kasargod,Kasargod Market,Cucumbar(Kheera),Cucumbar,Local,10/08/2026,1800,2200,2000
Odisha,Bargarh,Padampur APMC,Brinjal,Brinjal,Local,10/08/2026,2000,2400,2200
Odisha,Bolangir,Bolangir APMC,Tomato,Local,Local,10/08/2026,1800,2200,2000
Odisha,Bolangir,Bolangir APMC,Cucumbar(Kheera),Other,Local,10/08/2026,2800,3200,3000
Odisha,Bolangir,Bolangir APMC,Bitter gourd,Other,Local,10/08/2026,3600,4000,3800
Punjab,Tarntaran,Patti APMC,Bitter gourd,Other,Local,10/08/2026,1.2,1.2,1.2
Punjab,Tarntaran,Patti APMC,Potato,Potato,Local,10/08/2026,1,1,1
Manipur,Bishnupur,Bishenpur APMC,Onion,Onion,FAQ,10/08/2026,6500,7000,6750
Manipur,Bishnupur,Bishenpur APMC,Pineapple,Other,Local,10/08/2026,2000,2500,2250
Manipur,Bishnupur,Bishenpur APMC,Red gram split/Arhar dal/Tur dal,Arhar Dal(Tur),FAQ,10/08/2026,14500,15000,14750
West Bengal,Howrah,Ramkrishanpur(Howrah) APMC,Tomato,Tomato,FAQ,10/08/2026,2200,3000,2500
West Bengal,Howrah,Ramkrishanpur(Howrah) APMC,Green Chilli,Green Chilly,FAQ,10/08/2026,6500,8000,7000
West Bengal,Howrah,Ramkrishanpur(Howrah) APMC,Rice,Sona Mansoori Non Basmati,FAQ,10/08/2026,3100,3300,3200
West Bengal,Howrah,Ramkrishanpur(Howrah) APMC,Green Gram Dal(Moong Dal),Green Gram Dal,FAQ,10/08/2026,10800,11200,11000
West Bengal,Howrah,Ramkrishanpur(Howrah) APMC,Lentil(Masur)(Whole),Masur Dal,FAQ,10/08/2026,8800,9200,9000
West Bengal,Howrah,Ramkrishanpur(Howrah) APMC,Rice,Other,FAQ,10/08/2026,3300,3700,3500
Andhra Pradesh,NTR,Vijayawada APMC,Paddy(Common),1001,Local,10/08/2026,2369,2369,2369
Andhra Pradesh,Tirupathi,Venkatagiri APMC,Black Gram(Urd Beans)(Whole),Local,FAQ,10/08/2026,7300,8000,7700
Andhra Pradesh,Tirupathi,Venkatagiri APMC,Groundnut,Balli/Habbu,FAQ,10/08/2026,6000,7200,6700
Punjab,Mohali,Lalru APMC,Bottle gourd,Other,Local,10/08/2026,2800,2800,2800
Punjab,Mohali,Lalru APMC,Cucumbar(Kheera),Other,Local,10/08/2026,1900,1900,1900
Punjab,Mohali,Lalru APMC,Green Chilli,Other,Local,10/08/2026,4300,4300,4300
Punjab,Mohali,Lalru APMC,Onion,Other,Local,10/08/2026,2800,2800,2800
Punjab,Mohali,Lalru APMC,Peas Wet,Other,Local,10/08/2026,9500,9500,9500
Uttarakhand,Haridwar,Manglaur APMC,Guava,Other,Local,10/08/2026,1500,2700,2200
Uttarakhand,Dehradoon,Rishikesh APMC,Mango,Fazli,Medium,10/08/2026,2500,4000,3600
Uttarakhand,Dehradoon,Rishikesh APMC,Banana,Other,Medium,10/08/2026,1800,2200,2000
Uttarakhand,Dehradoon,Rishikesh APMC,Brinjal,Other,Medium,10/08/2026,1500,2100,2050
Uttarakhand,Dehradoon,Rishikesh APMC,Tomato,Other,Medium,10/08/2026,1600,2500,1850
Uttarakhand,Dehradoon,Rishikesh APMC,Cucumbar(Kheera),Other,Medium,10/08/2026,1050,1600,1200
Uttar Pradesh,Auraiya,Auraiya APMC,Potato,Other,FAQ,10/08/2026,500,800,577.47
Telangana,Hyderabad,Gudimalkapur APMC,Potato,Potato,Grade B,10/08/2026,900,1500,1200
Telangana,Hyderabad,Gudimalkapur APMC,Onion,Onion,Grade B,10/08/2026,1000,3000,1800
Telangana,Hyderabad,Gudimalkapur APMC,Brinjal,Brinjal,Grade B,10/08/2026,600,1500,1000
Telangana,Hyderabad,Gudimalkapur APMC,French Beans(Frasbean),French Beans (Frasbean),Grade B,10/08/2026,3000,8000,6000
Telangana,Hyderabad,Gudimalkapur APMC,Green Chilli,Green Chilly,Grade B,10/08/2026,2000,3200,2500
Telangana,Hyderabad,Gudimalkapur APMC,Cabbage,Cabbage,Grade B,10/08/2026,900,1200,1000
Telangana,Hyderabad,Gudimalkapur APMC,Cauliflower,Cauliflower,Grade B,10/08/2026,1000,2000,1500
Telangana,Hyderabad,Gudimalkapur APMC,Carrot,Carrot,Grade B,10/08/2026,1500,3000,1800
Telangana,Hyderabad,Gudimalkapur APMC,Cucumbar(Kheera),Cucumbar,Grade B,10/08/2026,600,1000,700
Telangana,Hyderabad,Gudimalkapur APMC,Chow Chow,Chow Chow,Grade B,10/08/2026,2000,2000,2000
Haryana,Sonipat,Gohana APMC,Pea Pod/Pea Cod/हरी मटर,Other,Medium,10/08/2026,8000,10000,9000
Haryana,Sonipat,Gohana APMC,Banana,Other,Medium,10/08/2026,2000,2500,2200
Haryana,Faridabad,Ballabhgarh APMC,Mousambi(Sweet Lime),Mousambi,Grade A,10/08/2026,3000,4000,3500
Haryana,Faridabad,Ballabhgarh APMC,Bitter gourd,Other,FAQ,10/08/2026,1500,2000,1800
Haryana,Faridabad,Ballabhgarh APMC,Bhindi(Ladies Finger),Other,FAQ,10/08/2026,1500,2000,1700
Odisha,Jharsuguda,Jharsuguda APMC,Tomato,Other,Grade A,10/08/2026,3000,3500,3500
Odisha,Jharsuguda,Jharsuguda APMC,Ginger(Green),Other,Grade A,10/08/2026,12000,15000,15000
Uttar Pradesh,Mau(Maunathbhanjan),Kopaganj APMC,Guava,Guava,Grade B,10/08/2026,4400,4420,4410
Uttar Pradesh,Mau(Maunathbhanjan),Kopaganj APMC,Bitter gourd,Bitter Gourd,FAQ,10/08/2026,2019,2090,2020
Uttar Pradesh,Mau(Maunathbhanjan),Kopaganj APMC,Pegeon Pea(Arhar Fali),Other,FAQ,10/08/2026,11450,11450,11450
Haryana,Hissar,Hansi APMC,Mango,Other,Grade B,10/08/2026,4000,6000,5000
Haryana,Hissar,Hansi APMC,Beetroot,Other,FAQ,10/08/2026,2000,2500,2250
Haryana,Hissar,Hansi APMC,Pomegranate,Other,Grade B,10/08/2026,8000,15000,12000
Haryana,Hissar,Hansi APMC,Bhindi(Ladies Finger),Other,FAQ,10/08/2026,1800,2000,1900
Haryana,Hissar,Hansi APMC,Garlic,Other,FAQ,10/08/2026,8000,10000,9000
Haryana,Hissar,Hansi APMC,Pumpkin,Other,FAQ,10/08/2026,1000,1200,1100
Gujarat,Sabarkantha,Modasa APMC,Wheat,Lokwan Gujrat,FAQ,10/08/2026,2600,2655,2655
Keralam,Thiruvananthapuram,Anyara(EEC) Market,Tapioca,Tapioca,FAQ,10/08/2026,2400,2500,2500
Keralam,Thiruvananthapuram,Anyara(EEC) Market,Amaranthus,Amaranthus,FAQ,10/08/2026,4000,4100,4100
Telangana,Medchal Malkajgiri,"Kukatpally,RBZ",Brinjal,Brinjal,Local,10/08/2026,2300,2300,2300
Telangana,Medchal Malkajgiri,"Kukatpally,RBZ",Green Chilli,Green Chilly,Local,10/08/2026,4000,4000,4000
Telangana,Medchal Malkajgiri,"Kukatpally,RBZ",Beetroot,Beetroot,Local,10/08/2026,3200,3200,3200
Telangana,Medchal Malkajgiri,"Kukatpally,RBZ",Colacasia,Colacasia,Local,10/08/2026,2600,2600,2600
Telangana,Medchal Malkajgiri,"Kukatpally,RBZ",French Beans(Frasbean),French Beans (Frasbean),Local,10/08/2026,7500,7500,7500
Punjab,Amritsar,Rayya APMC,Bhindi(Ladies Finger),Bhindi,FAQ,10/08/2026,700,700,700
Punjab,Amritsar,Rayya APMC,Cauliflower,Local,FAQ,10/08/2026,3168,3168,3168
Punjab,Fatehgarh,Bassi Pathana APMC,Onion,Onion,Medium,10/08/2026,3000,3500,3200
Punjab,Fatehgarh,Bassi Pathana APMC,Colacasia,Colacasia,Medium,10/08/2026,3000,3000,3000
Haryana,Karnal,Indri APMC,Onion,Other,FAQ,10/08/2026,1800,2000,2000
Uttar Pradesh,Maharajganj,Partaval APMC,Paddy(Common),Common,FAQ,10/08/2026,2200,2200,2200
Nagaland,Dimapur,Dimapur APMC,Bottle gourd,Bottle Gourd,Local,10/08/2026,2500,3500,3000
Nagaland,Dimapur,Dimapur APMC,Bitter gourd,Bitter Gourd,Local,10/08/2026,4500,6000,5000
Gujarat,Amreli,Savarkundla APMC,"Sesamum(Sesame,Gingelly,Til)",Black,Local,10/08/2026,13875,17655,16875
Gujarat,Amreli,Savarkundla APMC,Cotton,Other,Local,10/08/2026,7500,8605,8250
Gujarat,Amreli,Savarkundla APMC,Ground Nut Seed,Ground Nut Seed,Local,10/08/2026,8000,9955,9000
Gujarat,Amreli,Savarkundla APMC,Wheat,Bansi,Local,10/08/2026,2550,2675,2650
Gujarat,Amreli,APMC Bagasara,Cotton,Other,Local,10/08/2026,6500,8000,7250
Gujarat,Amreli,APMC Bagasara,Groundnut,Balli/Habbu,Local,10/08/2026,4500,4750,4625
Gujarat,Gir Somnath,Veraval APMC,"Sesamum(Sesame,Gingelly,Til)",White,FAQ,10/08/2026,10655,12000,11655
Gujarat,Gir Somnath,Veraval APMC,"Sesamum(Sesame,Gingelly,Til)",Black,FAQ,10/08/2026,12755,17450,16070
Andhra Pradesh,Krishna,Penamaluru (HQ-Kankipadu) APMC,Maize,Hybrid/Local,Local,10/08/2026,2450,2450,2450
Keralam,Kollam,Chathanoor Market,Pumpkin,Other,FAQ,10/08/2026,2800,3200,3000
Keralam,Kollam,Chathanoor Market,Banana,Robusta,Medium,10/08/2026,4300,4700,4500
Keralam,Kollam,Chathanoor Market,Beetroot,Other,FAQ,10/08/2026,6800,7200,7000
West Bengal,Malda,Gajol APMC,Rice,Common,FAQ,10/08/2026,4250,4450,4350
West Bengal,Dakshin Dinajpur,Gangarampur(Dakshin Dinajpur) APMC,Brinjal,Other,FAQ,10/08/2026,3000,3500,3300
West Bengal,Dakshin Dinajpur,Gangarampur(Dakshin Dinajpur) APMC,Onion,1st Sort,FAQ,10/08/2026,2500,3000,2700
West Bengal,Dakshin Dinajpur,Gangarampur(Dakshin Dinajpur) APMC,Squash(Chappal Kadoo),Other,FAQ,10/08/2026,2000,2500,2300
West Bengal,Dakshin Dinajpur,Gangarampur(Dakshin Dinajpur) APMC,Tomato,Other,FAQ,10/08/2026,3000,3500,3300
West Bengal,Dakshin Dinajpur,Gangarampur(Dakshin Dinajpur) APMC,Carrot,Other,FAQ,10/08/2026,3500,4000,3800
West Bengal,Dakshin Dinajpur,Gangarampur(Dakshin Dinajpur) APMC,Pointed gourd(Parval),Other,FAQ,10/08/2026,3000,3500,3300
West Bengal,Dakshin Dinajpur,Gangarampur(Dakshin Dinajpur) APMC,Bhindi(Ladies Finger),Other,FAQ,10/08/2026,2500,3000,2800
Uttarakhand,Haridwar,Bhagwanpur(Naveen Mandi Sthal) APMC,Potato,Other,Grade A,10/08/2026,400,800,600
Uttarakhand,Haridwar,Bhagwanpur(Naveen Mandi Sthal) APMC,Pumpkin,Other,Grade A,10/08/2026,500,600,550
Uttarakhand,Haridwar,Bhagwanpur(Naveen Mandi Sthal) APMC,Cucumbar(Kheera),Other,Grade A,10/08/2026,500,1000,800
Keralam,Kollam,Kottarakkara Market,Bitter gourd,Other,Local,10/08/2026,4500,4500,4500
Keralam,Kollam,Kottarakkara Market,Brinjal,Other,Local,10/08/2026,2300,2300,2300
Keralam,Kollam,Kottarakkara Market,Cowpea(Veg),Other,Local,10/08/2026,1200,1200,1200
Keralam,Kollam,Kottarakkara Market,Potato,Other,Local,10/08/2026,2500,2500,2500
Himachal Pradesh,Kangra,SMY Dharamshala,Bitter gourd,Bitter Gourd,FAQ,10/08/2026,2500,3000,2750
Himachal Pradesh,Kangra,SMY Dharamshala,Cabbage,Cabbage,FAQ,10/08/2026,2500,2800,2650
Himachal Pradesh,Kangra,SMY Dharamshala,Garlic,Garlic,FAQ,10/08/2026,13000,18000,15500
Himachal Pradesh,Kangra,SMY Dharamshala,Lemon,Lemon,FAQ,10/08/2026,6500,6800,6650
Himachal Pradesh,Kullu,SMY Shatt,Tomato,Other,FAQ,10/08/2026,1000,2000,1500
Himachal Pradesh,Kullu,SMY Shatt,Pear(Marasebu),Other,Medium,10/08/2026,2000,7000,4000
Himachal Pradesh,Kullu,SMY Shatt,French Beans(Frasbean),Other,FAQ,10/08/2026,3500,4000,3800
Himachal Pradesh,Mandi,SMY Jogindernagar,Apple,Apple,Grade B,10/08/2026,4000,12000,8000
Himachal Pradesh,Mandi,SMY Jogindernagar,Bottle gourd,Bottle Gourd,Grade B,10/08/2026,2500,4000,3250
Manipur,Kakching,Kakching Market APMC,Ginger(Green),Green Ginger,Local,10/08/2026,8000,8500,8250
Manipur,Kakching,Kakching Market APMC,Masur Dal,Masur Dal,FAQ,10/08/2026,11500,12000,11750
Manipur,Kakching,Kakching Market APMC,Rice,Other,Local,10/08/2026,5100,5100,5100
West Bengal,Coochbehar,Mekhliganj APMC,Rice,Common,FAQ,10/08/2026,3900,4100,4000
Rajasthan,Tonk,Dooni APMC,Wheat,147 Average,Local,10/08/2026,2515,2580,2548
Rajasthan,Tonk,Dooni APMC,Barley(Jau),Dara,Local,10/08/2026,2560,2565,2563
Tamil Nadu,Coimbatore,Singanallur(Uzhavar Sandhai ),Bottle gourd,Bottle Gourd,Local,10/08/2026,2600,3000,2800
Tamil Nadu,Coimbatore,Singanallur(Uzhavar Sandhai ),Coconut,Coconut,Local,10/08/2026,5600,6000,5800
Tamil Nadu,Coimbatore,Singanallur(Uzhavar Sandhai ),Betal Leaves,Mysore,Local,10/08/2026,16000,21000,18500
Tamil Nadu,Coimbatore,Singanallur(Uzhavar Sandhai ),Green Avare(W),Green Avare (W),Local,10/08/2026,7000,7800,7400
Tamil Nadu,Coimbatore,Singanallur(Uzhavar Sandhai ),Drumstick,Drumstick,Local,10/08/2026,3800,4200,4000
Tamil Nadu,Coimbatore,Singanallur(Uzhavar Sandhai ),Pomegranate,Pomogranate,Local,10/08/2026,14000,17000,15500
Tamil Nadu,Coimbatore,Singanallur(Uzhavar Sandhai ),Colacasia,Colacasia,Local,10/08/2026,4600,5000,4800
Tamil Nadu,Coimbatore,Singanallur(Uzhavar Sandhai ),Mint(Pudina),Mint(Pudina),Local,10/08/2026,5400,6000,5700
Rajasthan,Deeg,Sikri APMC,Mustard,Mustard,Non-FAQ,10/08/2026,7180,8180,7680
Gujarat,Banaskanth,Deesa APMC,Guar Seed(Cluster Beans Seed),Other,FAQ,10/08/2026,5610,5765,5700
Odisha,Mayurbhanja,Narasinghpur APMC,Pointed gourd(Parval),Pointed gourd (Parval),Local,10/08/2026,5000,7000,6000
Gujarat,Rajkot,Rajkot(Veg.Sub Yard) APMC,Lemon,Lemon,FAQ,10/08/2026,2045,4065,3055
Gujarat,Rajkot,Rajkot(Veg.Sub Yard) APMC,Ginger(Green),Green Ginger,FAQ,10/08/2026,8275,14900,11585
Andhra Pradesh,Guntur,Guntur APMC,Dry Chillies,Red Top,FAQ,10/08/2026,18000,28500,26000
Uttar Pradesh,Saharanpur,Nakur APMC,Paddy(Common),Basmati,FAQ,10/08/2026,3550,3550,3550
Tamil Nadu,Coimbatore,Pollachi(Uzhavar Sandhai ),Potato,Red Nanital,Local,10/08/2026,4000,6500,5250
Tamil Nadu,Coimbatore,Pollachi(Uzhavar Sandhai ),Beans,Beans (Whole),Local,10/08/2026,10000,11000,10500
Tamil Nadu,Coimbatore,Pollachi(Uzhavar Sandhai ),Carrot,Pusakesar,Local,10/08/2026,9000,11000,10000
Tamil Nadu,Coimbatore,Pollachi(Uzhavar Sandhai ),Snakeguard,Snakeguard,Local,10/08/2026,3000,3500,3250
Tamil Nadu,Coimbatore,Pollachi(Uzhavar Sandhai ),Raddish,Raddish,Local,10/08/2026,3500,4000,3750
Tamil Nadu,Coimbatore,Pollachi(Uzhavar Sandhai ),Green Avare(W),Green Avare (W),Local,10/08/2026,7500,8000,7750
Tamil Nadu,Coimbatore,Pollachi(Uzhavar Sandhai ),Chow Chow,Chow Chow,Local,10/08/2026,3000,3500,3250
Tamil Nadu,Coimbatore,Pollachi(Uzhavar Sandhai ),Elephant Yam(Suran)/Amorphophallus,Elephant Yam (Suran),Local,10/08/2026,3500,4000,3750
Tamil Nadu,Coimbatore,Pollachi(Uzhavar Sandhai ),Mint(Pudina),Mint(Pudina),Local,10/08/2026,6000,7000,6500
Uttar Pradesh,Mainpuri,Bewar APMC,Maize,Other,FAQ,10/08/2026,1900,1900,1900
Himachal Pradesh,Una,PMY Una,Mango,Chausa,Grade A,10/08/2026,8000,10000,9000
Himachal Pradesh,Una,PMY Una,Mousambi(Sweet Lime),Mousambi,Grade A,10/08/2026,4500,5000,4800
Himachal Pradesh,Una,PMY Una,Papaya,Other,Grade A,10/08/2026,5200,5500,5350
Himachal Pradesh,Una,PMY Una,Mashrooms,Mashrooms,FAQ,10/08/2026,15000,17000,16000
Himachal Pradesh,Una,PMY Una,Sponge gourd,Sponge gourd,Local,10/08/2026,2000,3500,2700
Himachal Pradesh,Una,PMY Una,Spinach,Spinach,Local,10/08/2026,4000,4500,4250
Uttar Pradesh,Mahoba,Charkhari APMC,Wheat,Dara,FAQ,10/08/2026,2350,2500,2412.56
Uttar Pradesh,Mahoba,Charkhari APMC,Peas(Dry),Other,FAQ,10/08/2026,3200,3200,3200
Odisha,Sambalpur,Gosala APMC,Brinjal,Other,Local,10/08/2026,1800,2200,2000
Uttar Pradesh,Hamirpur,Raath APMC,Wood,Other,FAQ,10/08/2026,510,510,510
Gujarat,Sabarkantha,Meghraj APMC,Wheat,Other,Local,10/08/2026,2400,2500,2500
Uttar Pradesh,Shahjahanpur,Jalalabad APMC,Maize,Other,FAQ,10/08/2026,1850,1900,1893.18
Uttar Pradesh,Lucknow,Banthara APMC,Green Gram(Moong)(Whole),Other,FAQ,10/08/2026,8000,8000,8000
Telangana,Hyderabad,"Alwal,RBZ",Carrot,Other,FAQ,10/08/2026,4000,4000,4000
Telangana,Hyderabad,"Alwal,RBZ",Brinjal,Brinjal,FAQ,10/08/2026,2300,2300,2300
Telangana,Hyderabad,"Alwal,RBZ",French Beans(Frasbean),Other,FAQ,10/08/2026,7500,7500,7500
Telangana,Hyderabad,"Alwal,RBZ",Potato,Other,FAQ,10/08/2026,1600,1600,1600
Uttar Pradesh,Shamli,Kairana APMC,Cucumbar(Kheera),Cucumbar,FAQ,10/08/2026,1300,1400,1350
Uttar Pradesh,Shamli,Kairana APMC,Potato,Other,FAQ,10/08/2026,800,800,800
Keralam,Idukki,Thodupuzha Market,Black pepper,Other,Grade Range-1,10/08/2026,66000,66200,66200
Keralam,Idukki,Thodupuzha Market,Black pepper,Garbled,Grade Range-1,10/08/2026,80300,80500,80500
Keralam,Idukki,Thodupuzha Market,Black pepper,Ungrabled,Grade Range-1,10/08/2026,57900,58100,58100
Odisha,Bargarh,Bargarh(Barapalli) APMC,Bhindi(Ladies Finger),Other,Medium,10/08/2026,4500,5500,5000
Odisha,Nowarangpur,Nawarangpur APMC,Tomato,Tomato,Grade B,10/08/2026,3500,3500,3500
Uttar Pradesh,Agra,Samsabad APMC,Lemon,Other,FAQ,10/08/2026,3000,3000,3000
Uttar Pradesh,Agra,Samsabad APMC,Onion,Onion,Local,10/08/2026,1400,1600,1500
Uttar Pradesh,Agra,Samsabad APMC,Tomato,Other,FAQ,10/08/2026,1400,1400,1400
Uttar Pradesh,Agra,Samsabad APMC,Green Chilli,Other,FAQ,10/08/2026,1000,1200,1116.67
Odisha,Bolangir,Tusura APMC,Rice,Boiled Rice,Local,10/08/2026,3600,4000,3700
Odisha,Bolangir,Tusura APMC,Pointed gourd(Parval),Other,Local,10/08/2026,3600,4000,3800
Telangana,Ranga Reddy,L B Nagar APMC,Beetroot,Beetroot,Medium,10/08/2026,2000,3000,2500
Telangana,Ranga Reddy,L B Nagar APMC,Cauliflower,Cauliflower,Medium,10/08/2026,1500,2500,2000
Telangana,Ranga Reddy,L B Nagar APMC,Pumpkin,Pumpkin,Medium,10/08/2026,600,1000,800
Uttar Pradesh,Agra,Khairagarh APMC,Ginger(Green),Green Ginger,FAQ,10/08/2026,6000,6100,6050
Uttar Pradesh,Agra,Khairagarh APMC,Potato,Desi,FAQ,10/08/2026,500,600,550
Uttar Pradesh,Agra,Khairagarh APMC,Onion,Red,FAQ,10/08/2026,2200,2300,2250
Uttar Pradesh,Agra,Khairagarh APMC,Wheat,Dara,FAQ,10/08/2026,2500,2600,2550
Uttar Pradesh,Agra,Khairagarh APMC,Mustard,Sarson(Black),FAQ,10/08/2026,7000,7200,7100
Uttar Pradesh,Agra,Khairagarh APMC,Wheat,Other,FAQ,10/08/2026,2400,2420,2408.43
Telangana,Ranga Reddy,Ibrahimpatnam APMC,Bhindi(Ladies Finger),Bhindi,Local,10/08/2026,3000,3000,3000
Keralam,Pathanamthitta,Omalloor Market,Brinjal,Brinjal,FAQ,10/08/2026,900,1200,1100
Telangana,Siddipet,Siddipet(Rythu Bazar) ,Carrot,Carrot,Grade A,10/08/2026,3500,4500,4000
Telangana,Siddipet,Siddipet(Rythu Bazar) ,Beetroot,Beetroot,Grade A,10/08/2026,3500,4500,4000
Uttar Pradesh,Farukhabad,Kamlaganj APMC,Potato,Other,FAQ,10/08/2026,600,600,600
Odisha,Bargarh,Godbhaga APMC,Bhindi(Ladies Finger),Other,Local,10/08/2026,2200,2600,2400
Uttar Pradesh,Amroha,Dhanaura APMC,Bottle gourd,Bottle Gourd,Medium,10/08/2026,1540,1600,1550
Telangana,Ranga Reddy,"Vanasthalipuram,RBZ ",Ladies Finger,Ladies Finger,Grade A,10/08/2026,3500,3500,3500
Telangana,Ranga Reddy,"Vanasthalipuram,RBZ ",Brinjal,Round/Long,Grade A,10/08/2026,2300,2300,2300
Telangana,Ranga Reddy,"Vanasthalipuram,RBZ ",Tomato,Other,Grade A,10/08/2026,1300,1300,1300
Telangana,Ranga Reddy,"Vanasthalipuram,RBZ ",Ridgeguard(Tori),Ridgeguard(Tori),Grade A,10/08/2026,3700,3700,3700
Telangana,Ranga Reddy,"Vanasthalipuram,RBZ ",Little gourd(Kundru),Little gourd (Kundru),Grade A,10/08/2026,2500,2500,2500
Telangana,Ranga Reddy,"Vanasthalipuram,RBZ ",Potato,Potato,Grade A,10/08/2026,1600,1600,1600
Telangana,Ranga Reddy,"Vanasthalipuram,RBZ ",Carrot,Carrot,Grade A,10/08/2026,4000,4000,4000
Telangana,Ranga Reddy,"Vanasthalipuram,RBZ ",Leafy Vegetable,Leafy Vegetables,Grade A,10/08/2026,5000,5000,5000
Odisha,Nayagarh,Sarankul APMC,Bitter gourd,Bitter Gourd,Grade Range-2,10/08/2026,2800,3200,3000
West Bengal,Coochbehar,Baxirhat APMC,Brinjal,Brinjal,FAQ,10/08/2026,4200,4800,4500
Odisha,Bhadrak,Chandabali APMC,Tomato,Other,Grade Range-2,10/08/2026,3200,3800,3500
Odisha,Bhadrak,Chandabali APMC,Potato,Other,Grade Range-2,10/08/2026,1300,1600,1430
Tamil Nadu,Karur,Karur(Uzhavar Sandhai ),Pumpkin,Pumpkin,Local,10/08/2026,2300,2800,2550
Tamil Nadu,Karur,Karur(Uzhavar Sandhai ),Amaranthus,Amaranthus,Local,10/08/2026,2000,2500,2250
Tamil Nadu,Karur,Karur(Uzhavar Sandhai ),Beans,Beans (Whole),Local,10/08/2026,10500,11000,10750
Tamil Nadu,Karur,Karur(Uzhavar Sandhai ),Cucumbar(Kheera),Cucumbar,Local,10/08/2026,7500,8000,7750
Tamil Nadu,Karur,Karur(Uzhavar Sandhai ),Guava,Guava Allahabad,Local,10/08/2026,5500,6000,5750
Tamil Nadu,Karur,Karur(Uzhavar Sandhai ),Yam(Ratalu),Yam (Ratalu),Local,10/08/2026,9000,10000,9500
Tamil Nadu,Karur,Karur(Uzhavar Sandhai ),Lemon,Lemon,Local,10/08/2026,7500,8000,7750
Tamil Nadu,Karur,Karur(Uzhavar Sandhai ),Onion Green,Onion Green,Local,10/08/2026,7000,7500,7250
Tripura,Dhalai,Halahali,Tomato,Deshi,FAQ,10/08/2026,4000,5000,4950
Tripura,Dhalai,Halahali,Onion,1st Sort,FAQ,10/08/2026,3900,4000,3950
Tripura,North Tripura,Kadamtala,Bhindi(Ladies Finger),Bhindi,FAQ,10/08/2026,5000,6000,5500
Tripura,North Tripura,Kadamtala,Brinjal,Brinjal,FAQ,10/08/2026,5000,6500,6000
Tripura,West District,Kamalghat,Cucumbar(Kheera),Cucumbar,Local,10/08/2026,4200,4400,4300
Tripura,West District,Kamalghat,Green Chilli,Green Chilly,Local,10/08/2026,9500,9700,9600
Tripura,Dhalai,Masli,Potato,Local,Local,10/08/2026,1500,2000,1700
Tripura,Dhalai,Masli,Ridgeguard(Tori),Ridgeguard(Tori),Local,10/08/2026,5000,6000,5500
Tripura,Dhalai,Masli,Sponge gourd,Sponge gourd,Local,10/08/2026,5000,6000,5500
Tripura,Dhalai,Masli,Rice,1009 Kar,Local,10/08/2026,3200,4000,3500
Tripura,Unokoti,Machmara,Cowpea(Veg),Cowpea (Veg),Grade A,10/08/2026,5800,5800,5800
Tripura,Unokoti,Machmara,Bitter gourd,Bitter Gourd,Grade A,10/08/2026,5700,5700,5700
Tripura,Unokoti,Machmara,Tomato,Hybrid,Grade A,10/08/2026,2400,2400,2400
Tripura,Unokoti,Panichowki,Potato,Other,Medium,10/08/2026,1000,1000,1000
Assam,Kamrup,Pamohi(Garchuk) APMC,Carrot,Carrot,FAQ,10/08/2026,6000,7000,6500
Assam,Kamrup,Pamohi(Garchuk) APMC,Beans,Beans (Whole),FAQ,10/08/2026,7500,8500,8000
Assam,Kamrup,Pamohi(Garchuk) APMC,Beetroot,Beetroot,FAQ,10/08/2026,4000,5000,4500
Assam,Kamrup,Pamohi(Garchuk) APMC,Brinjal,Round,FAQ,10/08/2026,2500,3500,3000
Assam,Kamrup,Pamohi(Garchuk) APMC,Cucumbar(Kheera),Cucumbar,FAQ,10/08/2026,2200,3000,2500
Assam,Kamrup,Pamohi(Garchuk) APMC,Bitter gourd,Bitter Gourd,FAQ,10/08/2026,2000,3000,2500
Assam,Kamrup,Pamohi(Garchuk) APMC,Bhindi(Ladies Finger),Bhindi,FAQ,10/08/2026,3000,4000,3500
Assam,Kamrup,Pamohi(Garchuk) APMC,Raddish,Raddish,FAQ,10/08/2026,2000,2500,2200
Assam,Kamrup,Pamohi(Garchuk) APMC,Taro (Arvi) Stem,Taro (Arvi) Stem,Grade A,10/08/2026,2500,3500,3000
Assam,Kamrup,Pamohi(Garchuk) APMC,Papaya(Raw),Papaya (Raw),FAQ,10/08/2026,1400,2000,1600
Assam,Kamrup,Pamohi(Garchuk) APMC,Ridgeguard(Tori),Ridgeguard(Tori),FAQ,10/08/2026,2000,2500,2200
Assam,Kamrup,Pamohi(Garchuk) APMC,Ashgourd,Ashgourd,FAQ,10/08/2026,1500,2000,1700
Assam,Kamrup,Pamohi(Garchuk) APMC,Potato,Other,FAQ,10/08/2026,1600,2200,1700
Assam,Kamrup,Pamohi(Garchuk) APMC,Pointed gourd(Parval),Pointed gourd (Parval),FAQ,10/08/2026,2000,3000,2500
Tamil Nadu,Coimbatore,Kurichi(Uzhavar Sandhai ),Mango,Neelam,Local,10/08/2026,8500,9000,8750
Tamil Nadu,Coimbatore,Kurichi(Uzhavar Sandhai ),Snakeguard,Snakeguard,Local,10/08/2026,3000,3500,3250
Tamil Nadu,Coimbatore,Kurichi(Uzhavar Sandhai ),Thondekai,Thondekai,Local,10/08/2026,4000,4500,4250
Tamil Nadu,Coimbatore,Kurichi(Uzhavar Sandhai ),Guava,Guava Allahabad,Local,10/08/2026,5000,6000,5500
Tamil Nadu,Coimbatore,Kurichi(Uzhavar Sandhai ),Elephant Yam(Suran)/Amorphophallus,Elephant Yam (Suran),Local,10/08/2026,3800,4200,4000
Tamil Nadu,Coimbatore,Kurichi(Uzhavar Sandhai ),Lemon,Lemon,Local,10/08/2026,9000,9500,9250
Madhya Pradesh,Shivpuri,Barad APMC,Soyabean,Soyabeen,FAQ,10/08/2026,5011,6791,6740
Madhya Pradesh,Shivpuri,Barad APMC,Mustard,Mustard,FAQ,10/08/2026,7500,8231,8231
Madhya Pradesh,Jabalpur,Paatan APMC,Green Gram(Moong)(Whole),Green (Whole),Non-FAQ,10/08/2026,5800,7020,7020
Madhya Pradesh,Jabalpur,Paatan APMC,Green Gram(Moong)(Whole),Green (Whole),FAQ,10/08/2026,6380,6955,6955
Maharashtra,Solapur,"Laxmi-Sopan Agriculture Produce Marketing Co Ltd, Barshi, Dist Solapur",Onion,Other,Local,10/08/2026,400,2000,1600
Maharashtra,Yavatmal,"Shekari Krushi Khajgi Bazar, Arni, Dist Yavatmal",Wheat,Other,Local,10/08/2026,2100,2586,2480
Tamil Nadu,Cuddalore,Chidambaram(Uzhavar Sandhai ),Onion,Bellary,Local,10/08/2026,3500,4000,3750
Tamil Nadu,Cuddalore,Chidambaram(Uzhavar Sandhai ),Potato,Red Nanital,Local,10/08/2026,4000,4000,4000
Tamil Nadu,Cuddalore,Cuddalore(Uzhavar Sandhai ),Mango,Safeda,Local,10/08/2026,4000,5000,4500
Tamil Nadu,Cuddalore,Cuddalore(Uzhavar Sandhai ),Onion,Bellary,Local,10/08/2026,3600,4000,3800
Tamil Nadu,Cuddalore,Cuddalore(Uzhavar Sandhai ),Brinjal,Round,Local,10/08/2026,5000,6000,5500
Tamil Nadu,Cuddalore,Cuddalore(Uzhavar Sandhai ),Coriander(Leaves),I Sort,Local,10/08/2026,5000,5000,5000
Tamil Nadu,Cuddalore,Cuddalore(Uzhavar Sandhai ),Tomato,Deshi,Local,10/08/2026,1800,1800,1800
Tamil Nadu,Cuddalore,Cuddalore(Uzhavar Sandhai ),Pumpkin,Pumpkin,Local,10/08/2026,3000,3000,3000
Tamil Nadu,Cuddalore,Cuddalore(Uzhavar Sandhai ),Sweet Potato,Hosur Red,Local,10/08/2026,6000,6000,6000
Tamil Nadu,Cuddalore,Cuddalore(Uzhavar Sandhai ),Raddish,Raddish,Local,10/08/2026,3000,3000,3000
Tamil Nadu,Cuddalore,Cuddalore(Uzhavar Sandhai ),Green Avare(W),Green Avare (W),Local,10/08/2026,8000,8000,8000
Tamil Nadu,Cuddalore,Cuddalore(Uzhavar Sandhai ),Guava,Guava Allahabad,Local,10/08/2026,4000,5000,4500
Tamil Nadu,Cuddalore,Cuddalore(Uzhavar Sandhai ),Colacasia,Colacasia,Local,10/08/2026,6000,6000,6000
Madhya Pradesh,Shivpuri,Magroni(F&V) APMC,Brinjal,Brinjal,Grade A,10/08/2026,40,75,50
Madhya Pradesh,Ujjain,Ujjain APMC,Kabuli Chana(Chickpeas-White),Dollar Gram,FAQ,10/08/2026,5450,5799,5799
Madhya Pradesh,Ujjain,Ujjain APMC,Soyabean,Soyabeen,FAQ,10/08/2026,3100,6925,6600
Madhya Pradesh,Ujjain,Ujjain APMC,Mustard,Mustard,FAQ,10/08/2026,6400,6600,6600
Madhya Pradesh,Ujjain,Ujjain APMC,Mustard,Sarson(Black),FAQ,10/08/2026,6351,6351,6351
Rajasthan,Jaipur,Bassi APMC,Onion,Other,Local,10/08/2026,3400,3800,3600
Tamil Nadu,Chengalpattu,Thirukalukundram(Uzhavar Sandhai ),Raddish,Raddish,Local,10/08/2026,3300,3500,3400
Madhya Pradesh,Indore,Indore APMC,Mustard,Mustard,FAQ,10/08/2026,6500,6500,6500
Madhya Pradesh,Indore,Indore APMC,Garlic,Garlic,FAQ,10/08/2026,1000,17100,2500
Madhya Pradesh,Indore,Indore APMC,Bengal Gram(Gram)(Whole),Gram,FAQ,10/08/2026,3000,6525,5500
Karnataka,Bengaluru,Bengaluru APMC,Mustard,Other,FAQ,10/08/2026,11200,12800,12000
Karnataka,Bengaluru,Bengaluru APMC,Onion,Bangalore-Samall,Small,10/08/2026,1000,1800,1200
Karnataka,Bengaluru,Bengaluru APMC,Onion,Onion,Large,10/08/2026,2400,2900,2500
Karnataka,Bengaluru,Bengaluru APMC,Potato,Local,Medium,10/08/2026,1000,2400,1800
Karnataka,Bengaluru,Bengaluru APMC,Bengal Gram Dal(Chana Dal),Bengal Gram Dal,Medium,10/08/2026,7000,8500,7750
Karnataka,Bengaluru,Bengaluru APMC,Chennangi Dal,Chennangi Dal,Medium,10/08/2026,7000,8000,7500
Karnataka,Bengaluru,Binny Mill (FF&V) Bengaluru APMC,Chikoos(Sapota),Sapota,Local,10/08/2026,2500,3500,3000
Karnataka,Bengaluru,Binny Mill (FF&V) Bengaluru APMC,Banana - Green,Banana - Green,Local,10/08/2026,2000,2400,2200
Karnataka,Bengaluru,Binny Mill (FF&V) Bengaluru APMC,Ladies Finger,Ladies Finger,Local,10/08/2026,2200,2700,2500
Karnataka,Bengaluru,Binny Mill (FF&V) Bengaluru APMC,Cucumbar(Kheera),Cucumbar,Local,10/08/2026,2900,3300,3100
Karnataka,Bengaluru,Binny Mill (FF&V) Bengaluru APMC,Green Avare(W),Green Avare (W),Local,10/08/2026,2800,3800,3300
Karnataka,Bengaluru,Binny Mill (FF&V) Bengaluru APMC,Drumstick,Drumstick,Local,10/08/2026,4500,5500,5000
Karnataka,Bengaluru,Binny Mill (FF&V) Bengaluru APMC,Chapparad Avare,Chapparada Avarekai,Local,10/08/2026,3600,4000,3800
Karnataka,Bengaluru,Binny Mill (FF&V) Bengaluru APMC,Knool Khol,Knool Khol,Local,10/08/2026,3000,3400,3200
Madhya Pradesh,Bhopal,Bhopal APMC,Garlic,Garlic,FAQ,10/08/2026,1250,17350,10800
Madhya Pradesh,Bhopal,Bhopal APMC,Wheat,Wheat,FAQ,10/08/2026,2533,2550,2550
Madhya Pradesh,Dewas,Dewas APMC,karanja seeds,Karanja Seeds,FAQ,10/08/2026,4650,4650,4650
Madhya Pradesh,Dewas,Dewas APMC,Wheat,Wheat,FAQ,10/08/2026,2200,2931,2561
Madhya Pradesh,Dewas,Dewas APMC,Green Peas,Pea,FAQ,10/08/2026,3690,3690,3690
Madhya Pradesh,Neemuch,Neemuch APMC,Garlic,Garlic,FAQ,10/08/2026,2270,27000,15000
Madhya Pradesh,Neemuch,Neemuch APMC,Chena,Chena,FAQ,10/08/2026,2500,2500,2500
Madhya Pradesh,Neemuch,Neemuch APMC,Wheat,Wheat,FAQ,10/08/2026,2486,2951,2631
Madhya Pradesh,Neemuch,Neemuch APMC,Giloy,Giloy,FAQ,10/08/2026,2900,2900,2900
Madhya Pradesh,Neemuch,Neemuch APMC,nigella seeds,Kalonji/Nigella,FAQ,10/08/2026,16052,18500,18000
Madhya Pradesh,Neemuch,Neemuch APMC,Black Gram(Urd Beans)(Whole),Urda/Urd,FAQ,10/08/2026,5800,9165,9165
Madhya Pradesh,Neemuch,Neemuch APMC,Chiaseeds,Chiaseeds,FAQ,10/08/2026,17100,20200,19500
Madhya Pradesh,Neemuch,Neemuch APMC,Methi Seeds,Methiseeds,FAQ,10/08/2026,2600,8121,6300
Madhya Pradesh,Gwalior,Dabra APMC,Wheat,Wheat,FAQ,10/08/2026,2600,2675,2640
Madhya Pradesh,Gwalior,Dabra APMC,Paddy(Common),Basmati 1509,FAQ,10/08/2026,2640,4275,4100
Madhya Pradesh,Satna,Satna APMC,Wheat,Wheat,Non-FAQ,10/08/2026,2513,2538,2529
Madhya Pradesh,Satna,Satna APMC,buttery,Buttery,FAQ,10/08/2026,3140,3255,3200
Madhya Pradesh,Satna,Satna APMC,Wheat,Wheat,FAQ,10/08/2026,2000,2677,2570
Madhya Pradesh,Satna,Satna APMC,gulli,Gulli,FAQ,10/08/2026,5145,5145,5145
Bihar,Aurangabad,Daunagar APMC,Potato,Red Nanital,Local,10/08/2026,1507,1507,1507
Tamil Nadu,Tuticorin,Tuticorin(Uzhavar Sandhai ),Green Peas,Green Peas,Local,10/08/2026,19000,20000,19500
Tamil Nadu,Tuticorin,Tuticorin(Uzhavar Sandhai ),Ashgourd,Gouard,Local,10/08/2026,1500,2000,1750
Tamil Nadu,Tuticorin,Tuticorin(Uzhavar Sandhai ),Cowpea(Veg),Cowpea (Veg),Local,10/08/2026,3000,3500,3250
Tamil Nadu,Tuticorin,Tuticorin(Uzhavar Sandhai ),Cucumbar(Kheera),Cucumbar,Local,10/08/2026,5000,6000,5500
Tamil Nadu,Tuticorin,Tuticorin(Uzhavar Sandhai ),Raddish,Raddish,Local,10/08/2026,3500,4000,3750
Tamil Nadu,Tuticorin,Tuticorin(Uzhavar Sandhai ),Thondekai,Thondekai,Local,10/08/2026,4500,5000,4750
Tamil Nadu,Tuticorin,Tuticorin(Uzhavar Sandhai ),Pomegranate,Pomogranate,Local,10/08/2026,17000,18000,17500
Tamil Nadu,Tuticorin,Tuticorin(Uzhavar Sandhai ),Yam(Ratalu),Yam (Ratalu),Local,10/08/2026,8000,9000,8500
Tamil Nadu,Tuticorin,Tuticorin(Uzhavar Sandhai ),Sweet Corn ,Sweet Corn ,Local,10/08/2026,5000,6000,5500
Tamil Nadu,Villupuram,Thirukovilur APMC,Bajra(Pearl Millet/Cumbu),Other,Local,10/08/2026,4863,5209,5036
Bihar,East Champaran/ Motihari,Motihari APMC,Mango,Other,Grade A,10/08/2026,8500,9000,8800
Bihar,East Champaran/ Motihari,Motihari APMC,Potato,Other,Grade A,10/08/2026,1100,1300,1200
Madhya Pradesh,Vidisha,Ganjbasoda APMC,Mustard,Mustard,FAQ,10/08/2026,6900,7660,7480
Madhya Pradesh,Vidisha,Ganjbasoda APMC,Wheat,Malwa Shakti,FAQ,10/08/2026,2557,2557,2557
Madhya Pradesh,Vidisha,Vidisha APMC,Paddy(Common),Paddy,FAQ,10/08/2026,2300,4400,3400
Madhya Pradesh,Vidisha,Vidisha APMC,Green Gram(Moong)(Whole),Green (Whole),FAQ,10/08/2026,6800,6800,6800
Madhya Pradesh,Vidisha,Vidisha APMC,Wheat,Sharbati,FAQ,10/08/2026,3000,4800,4800
Madhya Pradesh,Katni,Katni APMC,Paddy(Common),Dhan,Non-FAQ,10/08/2026,1824,2463,2125
Madhya Pradesh,Katni,Katni APMC,Green Peas,Pea,Non-FAQ,10/08/2026,3625,4002,4002
Madhya Pradesh,Katni,Katni APMC,Red gram/Arhar/Tur(whole),Arhar Dal(Tur),Non-FAQ,10/08/2026,4031,4031,4031
Madhya Pradesh,Katni,Katni APMC,Green Gram(Moong)(Whole),Green (Whole),Non-FAQ,10/08/2026,2000,6711,6400
Madhya Pradesh,Katni,Katni APMC,Mustard,Mustard,Non-FAQ,10/08/2026,6200,7751,7640
Karnataka,Davangere,Harihara APMC,Paddy(Common),Paddy RNR new,Non-FAQ,10/08/2026,2586,3800,3193
Madhya Pradesh,Betul,Betul APMC,Black Gram(Urd Beans)(Whole),Urda/Urd,FAQ,10/08/2026,7501,7901,7901
Madhya Pradesh,Betul,Betul APMC,Red gram/Arhar/Tur(whole),Arhar Dal(Tur),FAQ,10/08/2026,6500,6500,6500
Assam,Tinsukia,Tinsukia Market,Raddish,Other,FAQ,10/08/2026,2400,2800,2600
Assam,Tinsukia,Tinsukia Market,Ridgeguard(Tori),Ridgeguard(Tori),FAQ,10/08/2026,3400,3800,3600
Assam,Tinsukia,Tinsukia Market,Beetroot,Beetroot,FAQ,10/08/2026,6000,8000,7000
Assam,Tinsukia,Tinsukia Market,Garlic,Garlic,FAQ,10/08/2026,12000,17000,16000
Assam,Tinsukia,Tinsukia Market,Cabbage,Cabbage,FAQ,10/08/2026,2000,2800,2400
Assam,Tinsukia,Tinsukia Market,Potato,Potato,FAQ,10/08/2026,1000,1200,1100
Bihar,Saharsa,Saharsa APMC,Cucumbar(Kheera),Cucumbar,FAQ,10/08/2026,2800,3000,2900
Bihar,Saharsa,Saharsa APMC,Raddish,Other,FAQ,10/08/2026,1800,2100,2000
Chattisgarh,Raipur,Raipur APMC,Paddy(Common),D.B.,Non-FAQ,10/08/2026,2105,2105,2105
Karnataka,Davangere,HarappanaHalli APMC,Ragi(Finger Millet),Local,Local,10/08/2026,3400,3500,3403
Madhya Pradesh,Sehore,Ashta APMC,Lentil(Masur)(Whole),Masur Dal,FAQ,10/08/2026,6060,6670,6670
Madhya Pradesh,Hoshangabad,Itarsi APMC,Bengal Gram(Gram)(Whole),Gram,FAQ,10/08/2026,5000,5576,5576
Madhya Pradesh,Dhar,Dhar APMC,Wheat,Local,FAQ,10/08/2026,2734,2734,2734
Madhya Pradesh,Dhar,Dhar APMC,Wheat,Lokwan,FAQ,10/08/2026,2400,2850,2850
Madhya Pradesh,Khargone,Khargone APMC,Green Gram(Moong)(Whole),Green (Whole),FAQ,10/08/2026,6876,7178,7041
Tamil Nadu,Coimbatore,Coimbatore APMC,Turmeric,Other,Local,10/08/2026,13500,16240,14870
Tamil Nadu,Nagercoil (Kannyiakumari),Vadaseri APMC,Onion,Bellary,Local,10/08/2026,4500,5000,4750
Tamil Nadu,Nagercoil (Kannyiakumari),Vadaseri APMC,Brinjal,Round,Local,10/08/2026,7500,8000,7750
Tamil Nadu,Nagercoil (Kannyiakumari),Vadaseri APMC,Papaya,Papaya,Local,10/08/2026,3500,4000,3750
Tamil Nadu,Nagercoil (Kannyiakumari),Vadaseri APMC,Amaranthus,Amaranthus,Local,10/08/2026,1500,2000,1750
Tamil Nadu,Nagercoil (Kannyiakumari),Vadaseri APMC,Banana - Green,Banana - Green,Local,10/08/2026,5500,6000,5750
Tamil Nadu,Nagercoil (Kannyiakumari),Vadaseri APMC,Ginger(Green),Green Ginger,Local,10/08/2026,20000,22000,21000
Tamil Nadu,Nagercoil (Kannyiakumari),Vadaseri APMC,Sweet Potato,Hosur Red,Local,10/08/2026,3500,4000,3750
Tamil Nadu,Nagercoil (Kannyiakumari),Vadaseri APMC,Chow Chow,Chow Chow,Local,10/08/2026,4000,4500,4250
Tamil Nadu,Nagercoil (Kannyiakumari),Vadaseri APMC,Tender Coconut,Tender Coconut,Local,10/08/2026,4500,5000,4750
Tamil Nadu,Nagercoil (Kannyiakumari),Vadaseri APMC,Lemon,Lemon,Local,10/08/2026,9000,10000,9500
Tamil Nadu,Nagercoil (Kannyiakumari),Vadaseri APMC,Onion Green,Onion Green,Local,10/08/2026,7500,8000,7750
Karnataka,Gadag,Mundaragi APMC,Maize,Yellow,Non-FAQ,10/08/2026,2516,2516,2516
Karnataka,Gadag,Mundaragi APMC,Green Gram(Moong)(Whole),Green (Whole),Non-FAQ,10/08/2026,3440,9339,8729
Madhya Pradesh,Khandwa,Khandwa APMC,Soyabean,Yellow,FAQ,10/08/2026,5501,6961,6900
Madhya Pradesh,Khandwa,Khandwa APMC,Wheat,Lokwan,FAQ,10/08/2026,2865,2868,2868
Madhya Pradesh,Khandwa,Khandwa APMC,Maize,Local,FAQ,10/08/2026,2050,2200,2200
Madhya Pradesh,Mandsaur,Mandsaur APMC,Lentil(Masur)(Whole),Masur Dal,Non-FAQ,10/08/2026,6263,7801,7801
Madhya Pradesh,Mandsaur,Mandsaur APMC,Bengal Gram(Gram)(Whole),Gram,Non-FAQ,10/08/2026,5301,6110,5600
Madhya Pradesh,Mandsaur,Mandsaur APMC,Methi Seeds,Methiseeds,Non-FAQ,10/08/2026,5280,7101,6058
Madhya Pradesh,Mandsaur,Mandsaur APMC,Onion,Onion,Non-FAQ,10/08/2026,111,2650,2390
Madhya Pradesh,Mandsaur,Mandsaur APMC,Garlic,Average,Non-FAQ,10/08/2026,5753,13800,13800
Madhya Pradesh,Mandsaur,Mandsaur APMC,Bengal Gram(Gram)(Whole),Chana Kabuli,Non-FAQ,10/08/2026,4350,7107,7107
Madhya Pradesh,Mandsaur,Mandsaur APMC,Wheat,Lokwan,Non-FAQ,10/08/2026,2590,2685,2667
Madhya Pradesh,Mandsaur,Mandsaur APMC,Wheat,Malwa Shakti,Non-FAQ,10/08/2026,2558,2606,2606
Tamil Nadu,Pudukkottai,Karambakkudi(Uzhavar Sandhai ),Pumpkin,Pumpkin,Local,10/08/2026,1000,1500,1250
Tamil Nadu,Pudukkottai,Karambakkudi(Uzhavar Sandhai ),Green Chilli,Green Chilly,Local,10/08/2026,6000,7000,6500
Tamil Nadu,Pudukkottai,Karambakkudi(Uzhavar Sandhai ),Banana - Green,Banana - Green,Local,10/08/2026,2500,3000,2750
Tamil Nadu,Pudukkottai,Karambakkudi(Uzhavar Sandhai ),Mint(Pudina),Mint(Pudina),Local,10/08/2026,4000,5000,4500
Madhya Pradesh,Dindori,Dindori APMC,Kodo Millet(Varagu),Kondo,Non-FAQ,10/08/2026,2750,2800,2800
Tamil Nadu,Villupuram,Kallakurichi APMC,Maize,Other,Local,10/08/2026,2389,2569,2479
Madhya Pradesh,Burhanpur,Burhanpur APMC,Wheat,Wheat,FAQ,10/08/2026,2511,2610,2550
Madhya Pradesh,Umariya,Umariya APMC,Wheat,Wheat,Non-FAQ,10/08/2026,2325,2535,2530
Madhya Pradesh,Umariya,Umariya APMC,Kodo Millet(Varagu),Kondo,Non-FAQ,10/08/2026,2900,2900,2900
Madhya Pradesh,Bhind,Mehgaon APMC,Wheat,Wheat,FAQ,10/08/2026,2450,2460,2460
Meghalaya,East Khasi Hills,Shillong APMC,Pineapple,Giant Kew,FAQ,10/08/2026,3000,4000,3500
Meghalaya,East Khasi Hills,Shillong APMC,Ginger(Dry),Nadia,FAQ,10/08/2026,10000,12000,11000
Meghalaya,East Khasi Hills,Shillong APMC,Cabbage,MH-139,FAQ,10/08/2026,1500,1600,1550
Maharashtra,Ahilyanagar,Rahata APMC,Wheat,Other,FAQ,10/08/2026,2700,2700,2700
Maharashtra,Ahilyanagar,Rahata APMC,Pomegranate,Other,Local,10/08/2026,1000,15000,6500
Madhya Pradesh,Morena,Kailaras APMC,Cauliflower,Other,FAQ,10/08/2026,1500,1800,1800
Madhya Pradesh,Morena,Kailaras APMC,Sponge gourd,Sponge gourd,FAQ,10/08/2026,500,1500,1200
Madhya Pradesh,Morena,Kailaras APMC,Colacasia,Arabi,FAQ,10/08/2026,1400,1400,1400
Madhya Pradesh,Morena,Kailaras APMC,Brinjal,Other,FAQ,10/08/2026,400,400,400
Madhya Pradesh,Chhatarpur,Chhatarpur APMC,Wheat,Mill Quality,Non-FAQ,10/08/2026,2530,2577,2550
Madhya Pradesh,Mandla,Mandla APMC,Paddy(Common),Common,Non-FAQ,10/08/2026,1900,1900,1900
Madhya Pradesh,Hoshangabad,Bankhedi APMC,Bengal Gram(Gram)(Whole),Gram,FAQ,10/08/2026,5690,5690,5690
Madhya Pradesh,Neemuch,Manasa APMC,Linseed,Linseed-Organic,FAQ,10/08/2026,10500,10500,10500
Madhya Pradesh,Neemuch,Manasa APMC,Maize,Local,FAQ,10/08/2026,2075,2102,2102
Madhya Pradesh,Neemuch,Manasa APMC,Bengal Gram(Gram)(Whole),Desi (F.A.Q. Split),FAQ,10/08/2026,6001,6001,6001
Madhya Pradesh,Morena,Sabalgarh APMC,Mustard,Mustard,Non-FAQ,10/08/2026,7750,7890,7890
Madhya Pradesh,Raisen,Bareli APMC,Paddy(Common),Puspa (MR 301),FAQ,10/08/2026,4400,4570,4570
Madhya Pradesh,Raisen,Bareli APMC,Bengal Gram(Gram)(Whole),Gram,FAQ,10/08/2026,4650,6200,6101
Tamil Nadu,Villupuram,Sangarapuram APMC,Paddy(Common),Other,Local,10/08/2026,2444,2581,2512.5
Karnataka,Uttara Kannada,Kumta APMC,Arecanut(Betelnut/Supari),Factory,Local,10/08/2026,8769,21629,18359
Madhya Pradesh,Bhopal,Berasia APMC,Soyabean,Soyabeen,FAQ,10/08/2026,6470,6730,6730
Madhya Pradesh,Bhopal,Berasia APMC,Wheat,Wheat,FAQ,10/08/2026,2301,2701,2520
Madhya Pradesh,Harda,Harda APMC,Soyabean,Yellow,FAQ,10/08/2026,5501,6701,6451
Madhya Pradesh,Dhar,Dhamnod APMC,Soyabean,Soyabeen,FAQ,10/08/2026,6500,6500,6500
Madhya Pradesh,Dhar,Dhamnod APMC,Soanf,Soanf,FAQ,10/08/2026,6500,6500,6500
Madhya Pradesh,Dhar,Kukshi APMC,Wheat,Wheat,FAQ,10/08/2026,2430,2655,2600
Madhya Pradesh,Dhar,Kukshi APMC,Soyabean,Soyabeen,FAQ,10/08/2026,6010,6600,6600
Madhya Pradesh,Dewas,Khategaon APMC,Chiaseeds,Chiaseeds,FAQ,10/08/2026,2600,18720,18720
Madhya Pradesh,Ratlam,A lot APMC,Wheat,Wheat,FAQ,10/08/2026,2579,2680,2680
Madhya Pradesh,Shajapur,Agar APMC,Lentil(Masur)(Whole),Masur Dal,FAQ,10/08/2026,6700,9100,8450
Madhya Pradesh,Sagar,Khurai APMC,Lentil(Masur)(Whole),Masur Dal,FAQ,10/08/2026,4560,7520,7520
Madhya Pradesh,Sagar,Khurai APMC,Wheat,Wheat,FAQ,10/08/2026,2550,4301,2598
Madhya Pradesh,Chhatarpur,Badamalhera APMC,Wheat,Mill Quality,Non-FAQ,10/08/2026,2450,2625,2510
Madhya Pradesh,Chhatarpur,Badamalhera APMC,Soyabean,Soyabeen,Non-FAQ,10/08/2026,6400,6500,6500
Madhya Pradesh,Badwani,Khetia APMC,Maize,Yellow,FAQ,10/08/2026,1605,2180,2180
Madhya Pradesh,Damoh,Javera APMC,Wheat,Wheat,Non-FAQ,10/08/2026,2490,2530,2510
Tamil Nadu,Vellore,Thirupathur APMC,Onion,Bellary,Local,10/08/2026,4000,4000,4000
Tamil Nadu,Vellore,Thirupathur APMC,Cauliflower,Ranchi,Local,10/08/2026,3000,3000,3000
Tamil Nadu,Vellore,Thirupathur APMC,Coriander(Leaves),I Sort,Local,10/08/2026,5000,5000,5000
Tamil Nadu,Vellore,Thirupathur APMC,Chikoos(Sapota),Sapota,Local,10/08/2026,4000,4000,4000
Tamil Nadu,Vellore,Thirupathur APMC,Water Melon,Water Melon,Local,10/08/2026,2000,2000,2000
Tamil Nadu,Vellore,Thirupathur APMC,Mango,Safeda,Local,10/08/2026,4000,4000,4000
Tamil Nadu,Vellore,Thirupathur APMC,Amaranthus,Amaranthus,Local,10/08/2026,2000,2000,2000
Tamil Nadu,Vellore,Thirupathur APMC,Banana - Green,Banana - Green,Local,10/08/2026,5000,5000,5000
Tamil Nadu,Vellore,Thirupathur APMC,Green Chilli,Green Chilly,Local,10/08/2026,7000,7000,7000
Tamil Nadu,Vellore,Thirupathur APMC,Cabbage,Cabbage,Local,10/08/2026,3400,3400,3400
Tamil Nadu,Vellore,Thirupathur APMC,Snakeguard,Snakeguard,Local,10/08/2026,3500,3500,3500
Tamil Nadu,Vellore,Thirupathur APMC,Indian Beans(Seam),Indian Beans (Seam),Local,10/08/2026,6000,6000,6000
Tamil Nadu,Vellore,Thirupathur APMC,Amla(Nelli Kai),Amla,Local,10/08/2026,8000,8000,8000
Tamil Nadu,Vellore,Vellore APMC,Potato,Red Nanital,Local,10/08/2026,2400,2400,2400
Tamil Nadu,Vellore,Vellore APMC,Garlic,Garlic,Local,10/08/2026,21000,21000,21000
Tamil Nadu,Vellore,Vellore APMC,Coriander(Leaves),I Sort,Local,10/08/2026,3000,3000,3000
Tamil Nadu,Vellore,Vellore APMC,Grapes,Annabesahai,Local,10/08/2026,11000,11000,11000
Tamil Nadu,Vellore,Vellore APMC,Bottle gourd,Bottle Gourd,Local,10/08/2026,2500,2500,2500
Tamil Nadu,Vellore,Vellore APMC,Pumpkin,Pumpkin,Local,10/08/2026,3000,3000,3000
Tamil Nadu,Vellore,Vellore APMC,Cabbage,Cabbage,Local,10/08/2026,3000,3000,3000
Tamil Nadu,Vellore,Vellore APMC,Beetroot,Beetroot,Local,10/08/2026,4600,4600,4600
Tamil Nadu,Vellore,Vellore APMC,Mango(Raw-Ripe),Mango - Raw-Ripe,Local,10/08/2026,6000,6000,6000
Tamil Nadu,Vellore,Vellore APMC,Jasmine,Jasmine,Local,10/08/2026,60000,60000,60000
Tamil Nadu,Vellore,Vellore APMC,Mint(Pudina),Mint(Pudina),Local,10/08/2026,3500,3500,3500
Chattisgarh,Koriya,Baikunthpur APMC,Mahua,Mahua,FAQ,10/08/2026,3100,3100,3100
Bihar,Kishanganj,Bahadurganj APMC,Cucumbar(Kheera),Cucumbar,FAQ,10/08/2026,2750,2875,2825
Bihar,Begusarai,Teghra APMC,Bhindi(Ladies Finger),Bhindi,Local,10/08/2026,600,800,700
Madhya Pradesh,Betul,Bhensdehi APMC,Wheat,Wheat,Non-FAQ,10/08/2026,2450,2500,2500
Bihar,Madhubani,Jainagar APMC,Potato,Other,Grade A,10/08/2026,1200,1500,1320
Bihar,Madhubani,Jainagar APMC,Brinjal,Brinjal,Grade A,10/08/2026,3050,4000,3500
Bihar,Madhubani,Jainagar APMC,Green Chilli,Green Chilly,Grade A,10/08/2026,4800,6000,5260
Bihar,East Champaran/ Motihari,Chakia APMC,Bhindi(Ladies Finger),Bhindi,Grade A,10/08/2026,800,1000,900
Madhya Pradesh,Shajapur,Akodiya APMC,Garlic,Average,FAQ,10/08/2026,500,15700,11801
Madhya Pradesh,Sehore,Nasrullaganj APMC,Wheat,Wheat,Non-FAQ,10/08/2026,2591,2637,2591
Madhya Pradesh,Sehore,Nasrullaganj APMC,Green Gram(Moong)(Whole),Green (Whole),Non-FAQ,10/08/2026,2000,6970,6300
Haryana,Faridabad,Faridabad APMC,Pumpkin,Pumpkin,Local,10/08/2026,1000,1000,1000
Rajasthan,Baran,Samraniyan APMC,Soyabean,Other,Local,10/08/2026,6351,6351,6351
Bihar,Supaul,Triveniganj APMC,Green Chilli,Green Chilly,Grade A,10/08/2026,6200,6200,6200
Madhya Pradesh,Sehore,Jawar APMC,Wheat,Wheat,FAQ,10/08/2026,2541,2550,2550
Madhya Pradesh,Raisen,Silvani APMC,Wheat,Mill Quality,FAQ,10/08/2026,2550,2550,2550
Madhya Pradesh,Hoshangabad,Babai APMC,Bengal Gram(Gram)(Whole),Gram,FAQ,10/08/2026,6000,6100,6100
Tamil Nadu,Dharmapuri,Harur(Uzhavar Sandhai ),Cauliflower,Ranchi,Local,10/08/2026,3500,4000,3750
Tamil Nadu,Dharmapuri,Harur(Uzhavar Sandhai ),Coriander(Leaves),I Sort,Local,10/08/2026,3500,4000,3750
Tamil Nadu,Dharmapuri,Harur(Uzhavar Sandhai ),Bhindi(Ladies Finger),Bhindi,Local,10/08/2026,2500,3000,2750
Tamil Nadu,Dharmapuri,Harur(Uzhavar Sandhai ),Ginger(Green),Green Ginger,Local,10/08/2026,13000,14000,13500
Tamil Nadu,Dharmapuri,Harur(Uzhavar Sandhai ),Snakeguard,Snakeguard,Local,10/08/2026,3000,3500,3250
Tamil Nadu,Dharmapuri,Harur(Uzhavar Sandhai ),Raddish,Raddish,Local,10/08/2026,2000,2500,2250
Tamil Nadu,Dharmapuri,Harur(Uzhavar Sandhai ),Green Avare(W),Green Avare (W),Local,10/08/2026,5000,6000,5500
Tamil Nadu,Dharmapuri,Harur(Uzhavar Sandhai ),Drumstick,Drumstick,Local,10/08/2026,3000,3500,3250
Tamil Nadu,Dharmapuri,Harur(Uzhavar Sandhai ),Knool Khol,Knool Khol,Local,10/08/2026,5000,6000,5500
Tamil Nadu,Dharmapuri,Harur(Uzhavar Sandhai ),Onion Green,Onion Green,Local,10/08/2026,4500,5000,4750
Tamil Nadu,Krishnagiri,Kaveripattinam(Uzhavar Sandhai ),Brinjal,Round,Local,10/08/2026,5000,6000,5500
Tamil Nadu,Krishnagiri,Kaveripattinam(Uzhavar Sandhai ),Tomato,Local,Local,10/08/2026,2000,2000,2000
Tamil Nadu,Krishnagiri,Kaveripattinam(Uzhavar Sandhai ),Mint(Pudina),Mint(Pudina),Local,10/08/2026,5000,5000,5000
Tamil Nadu,The Nilgiris,Coonoor(Uzhavar Sandhai ),Ashgourd,Gouard,Local,10/08/2026,1800,2000,1900
Tamil Nadu,The Nilgiris,Coonoor(Uzhavar Sandhai ),Pumpkin,Pumpkin,Local,10/08/2026,2200,2400,2300
Tamil Nadu,The Nilgiris,Coonoor(Uzhavar Sandhai ),Cowpea(Veg),Cowpea (Veg),Local,10/08/2026,4000,4500,4250
Tamil Nadu,The Nilgiris,Coonoor(Uzhavar Sandhai ),Ginger(Green),Green Ginger,Local,10/08/2026,12000,19000,15500
Tamil Nadu,The Nilgiris,Coonoor(Uzhavar Sandhai ),Capsicum,Capsicum,Local,10/08/2026,7000,8000,7500
Tamil Nadu,The Nilgiris,Coonoor(Uzhavar Sandhai ),Drumstick,Drumstick,Local,10/08/2026,3800,4000,3900
Tamil Nadu,The Nilgiris,Coonoor(Uzhavar Sandhai ),Knool Khol,Knool Khol,Local,10/08/2026,3800,4000,3900
Tamil Nadu,The Nilgiris,Coonoor(Uzhavar Sandhai ),Lime,Lime,Local,10/08/2026,10000,12000,11000
Tamil Nadu,The Nilgiris,Coonoor(Uzhavar Sandhai ),Mint(Pudina),Mint(Pudina),Local,10/08/2026,5500,6000,5750
Tamil Nadu,The Nilgiris,Gudalur(Uzhavar Sandhai ),Carrot,Pusakesar,Local,10/08/2026,6000,6500,6250
Tamil Nadu,The Nilgiris,Gudalur(Uzhavar Sandhai ),Cabbage,Cabbage,Local,10/08/2026,2000,2500,2250
Tamil Nadu,The Nilgiris,Gudalur(Uzhavar Sandhai ),Knool Khol,Knool Khol,Local,10/08/2026,4000,4500,4250
Tamil Nadu,The Nilgiris,Gudalur(Uzhavar Sandhai ),Mint(Pudina),Mint(Pudina),Local,10/08/2026,6500,7000,6750
Madhya Pradesh,Khandwa,Mundi APMC,Soyabean,Soyabeen,FAQ,10/08/2026,6059,6059,6059
West Bengal,Dakshin Dinajpur,Balurghat APMC,Potato,Local,FAQ,10/08/2026,670,700,690
West Bengal,Dakshin Dinajpur,Balurghat APMC,Green Chilli,Other,FAQ,10/08/2026,6500,7500,7000
West Bengal,Dakshin Dinajpur,Balurghat APMC,Tomato,Other,FAQ,10/08/2026,3000,3600,3400
Odisha,Angul,Angul APMC,Cucumbar(Kheera),Other,Grade B,10/08/2026,3500,3500,3500
Odisha,Bargarh,Attabira APMC,Bhindi(Ladies Finger),Bhindi,Local,10/08/2026,2200,2600,2400
Odisha,Bargarh,Bargarh APMC,Potato,Potato,Grade C,10/08/2026,3000,4000,3500
Tripura,Khowai,Teliamura APMC,Rice,Masuri,Grade Range-2,10/08/2026,3900,4100,4000
Tripura,Khowai,Teliamura APMC,Fish,Rahu(Andhra),Grade Range-2,10/08/2026,17500,17700,17600
Tripura,Khowai,Teliamura APMC,Fish,Katla(Big),Grade Range-2,10/08/2026,28000,28200,28100
Tripura,Khowai,Teliamura APMC,Pigs,Pigs,Local,10/08/2026,3500,7000,5500
Tripura,Khowai,Teliamura APMC,Brinjal,Round/Long,Medium,10/08/2026,2800,3000,2900
Gujarat,Ahmedabad,Viramgam APMC,Wheat,Other,Local,10/08/2026,2160,2750,2455
Telangana,Ranga Reddy,Gaddiannaram APMC,Karbuja(Musk Melon),Karbhuja,Medium,10/08/2026,400,1200,600
Telangana,Ranga Reddy,Gaddiannaram APMC,Pineapple,Pine Apple,Medium,10/08/2026,480,4480,640
Telangana,Ranga Reddy,Gaddiannaram APMC,Kiwi Fruit,Kiwi,Grade B,10/08/2026,10000,26000,14000
Telangana,Ranga Reddy,Gaddiannaram APMC,Mango,Totapuri,Medium,10/08/2026,2222.24,6666.72,3333.36
Telangana,Ranga Reddy,Gaddiannaram APMC,Jack Fruit(Ripe),Jack Fruit,Medium,10/08/2026,800,4000,1600
West Bengal,Malda,Samsi APMC,Onion,Nasik,FAQ,10/08/2026,2550,3000,2750
West Bengal,Malda,Samsi APMC,Potato,Local,FAQ,10/08/2026,650,670,660
Uttarakhand,Dehradoon,Dehradoon APMC,Banana,Banana - Ripe,Grade B,10/08/2026,1400,2000,1800
Uttarakhand,Dehradoon,Dehradoon APMC,Pomegranate,Other,Grade B,10/08/2026,5500,8500,7500
Uttarakhand,Dehradoon,Dehradoon APMC,Bottle gourd,Other,Grade B,10/08/2026,650,1000,800
Uttarakhand,Dehradoon,Dehradoon APMC,Bitter gourd,Bitter Gourd,Grade B,10/08/2026,950,1350,1100
Uttarakhand,Dehradoon,Dehradoon APMC,Colacasia,Other,Grade B,10/08/2026,750,1000,900
Himachal Pradesh,Kangra,SMY Jwalaji,Banana,Other,Medium,10/08/2026,4500,5500,5000
Himachal Pradesh,Chamba,PMY Chamba,Bottle gourd,Bottle Gourd,Medium,10/08/2026,3500,4000,3750
Himachal Pradesh,Chamba,PMY Chamba,Onion,Onion,Medium,10/08/2026,3300,3500,3400
Manipur,Imphal West,Imphal APMC,Potato,Other,FAQ,10/08/2026,2800,3500,3150
Manipur,Imphal West,Imphal APMC,Pineapple,Pine Apple,Medium,10/08/2026,2000,2500,2250
Manipur,Imphal West,Imphal APMC,Black Gram Dal(Urd Dal),Other,FAQ,10/08/2026,13000,14000,13500
Manipur,Imphal West,Imphal APMC,Green Gram Dal(Moong Dal),Green Gram Dal,FAQ,10/08/2026,14000,15000,14500
Manipur,Imphal West,Imphal APMC,Masur Dal,Masur Dal,FAQ,10/08/2026,10000,11000,10500
Manipur,Imphal West,Imphal APMC,Dry Chillies,Other,FAQ,10/08/2026,22000,24000,23000
Himachal Pradesh,Hamirpur,PMY Hamirpur,Bitter gourd,Bitter Gourd,Grade B,10/08/2026,2000,2500,2250
Himachal Pradesh,Hamirpur,PMY Hamirpur,Green Chilli,Green Chilly,Grade B,10/08/2026,6000,6000,6000
Himachal Pradesh,Hamirpur,PMY Hamirpur,Brinjal,Round/Long,Grade B,10/08/2026,3000,3500,3250
Himachal Pradesh,Hamirpur,PMY Hamirpur,Beetroot,Beetroot,Grade B,10/08/2026,4500,5000,4750
Himachal Pradesh,Hamirpur,PMY Hamirpur,Colacasia,Other,Grade B,10/08/2026,3500,3600,3550
Himachal Pradesh,Hamirpur,PMY Hamirpur,Papaya,Other,Grade B,10/08/2026,5000,6000,5500
Himachal Pradesh,Hamirpur,PMY Hamirpur,Pear(Marasebu),Other,Grade B,10/08/2026,8000,10000,9000
Himachal Pradesh,Kullu,SMY Bhuntar,Tomato,Other,FAQ,10/08/2026,500,2000,1000
Himachal Pradesh,Kullu,SMY Bhuntar,Bhindi(Ladies Finger),Other,FAQ,10/08/2026,3000,3500,3300
Himachal Pradesh,Kullu,SMY Bhuntar,Garlic,Other,FAQ,10/08/2026,4000,13500,9000
Himachal Pradesh,Kullu,SMY Bhuntar,Brinjal,Other,FAQ,10/08/2026,800,2000,1500
Himachal Pradesh,Kullu,SMY Bhuntar,Ginger(Green),Other,FAQ,10/08/2026,10000,22000,15000
Himachal Pradesh,Kullu,SMY Bhuntar,Pumpkin,Other,FAQ,10/08/2026,2200,2500,2400
Himachal Pradesh,Kullu,SMY Bhuntar,Bitter gourd,Bitter Gourd,FAQ,10/08/2026,600,800,795
Himachal Pradesh,Kullu,SMY Bhuntar,Karbuja(Musk Melon),Other,Medium,10/08/2026,7000,7500,7300
Himachal Pradesh,Kullu,SMY Bhuntar,Plum,Other,Medium,10/08/2026,3000,10000,6000
Himachal Pradesh,Kullu,SMY Bhuntar,Pear(Marasebu),Other,Medium,10/08/2026,2000,8000,5000
Himachal Pradesh,Mandi,SMY Dhanotu,Colacasia,Other,FAQ,10/08/2026,2500,4000,3250
Himachal Pradesh,Mandi,SMY Dhanotu,Green Chilli,Green Chilly,FAQ,10/08/2026,3500,6000,4500
Himachal Pradesh,Mandi,SMY Dhanotu,Potato,Potato,FAQ,10/08/2026,800,2000,1450
Himachal Pradesh,Mandi,SMY Dhanotu,Ginger(Green),Green Ginger,FAQ,10/08/2026,17000,20000,18500
Himachal Pradesh,Mandi,SMY Dhanotu,Lemon,Other,FAQ,10/08/2026,6000,7000,6500
Himachal Pradesh,Mandi,SMY Dhanotu,Guava,Guava,Medium,10/08/2026,5000,7000,6000
Himachal Pradesh,Kangra,SMY Palampur,Pomegranate,Pomogranate,Medium,10/08/2026,10000,15000,12500
Himachal Pradesh,Kangra,SMY Palampur,Apple,Kullu Delicious,Medium,10/08/2026,5000,20000,14000
Himachal Pradesh,Kangra,SMY Palampur,Potato,Potato,FAQ,10/08/2026,1000,2200,1600
Himachal Pradesh,Kangra,SMY Palampur,Coriander(Leaves),Coriander,FAQ,10/08/2026,10000,15000,12000
Himachal Pradesh,Kangra,SMY Palampur,Pea Pod/Pea Cod/हरी मटर,Other,FAQ,10/08/2026,10000,12000,11000
Himachal Pradesh,Kangra,SMY Palampur,Cauliflower,Cauliflower,FAQ,10/08/2026,5000,6000,5500
Himachal Pradesh,Kangra,SMY Palampur,French Beans(Frasbean),Other,FAQ,10/08/2026,6500,7000,6800
Himachal Pradesh,Kangra,SMY Palampur,Bitter gourd,Bitter Gourd,FAQ,10/08/2026,3500,4000,3800
Odisha,Koraput,Koraput APMC,Brinjal,Brinjal,Grade B,10/08/2026,2500,3200,3000
Odisha,Koraput,Koraput APMC,Cabbage,Cabbage,Grade B,10/08/2026,2800,3200,3000
Himachal Pradesh,Solan,SMY Wakhnaghat,Capsicum,Capsicum,Medium,10/08/2026,1000,1600,1600
Maharashtra,Solapur,SHRI.SIDDHESHWAR  APMC,Carrot,Other,Local,10/08/2026,1000,5000,2000
Maharashtra,Beed,Beed APMC,Bajra(Pearl Millet/Cumbu),Other,Non-FAQ,10/08/2026,2300,2700,2586
Maharashtra,Beed,Beed APMC,Maize,Other,FAQ,10/08/2026,2435,2435,2435
Maharashtra,Beed,Beed APMC,Red gram/Arhar/Tur(whole),Other,Non-FAQ,10/08/2026,6501,6501,6501
Maharashtra,Beed,Beed APMC,Soyabean,Yellow,FAQ,10/08/2026,6800,6800,6800
Maharashtra,Buldhana,Malkapur APMC,Wheat,Other,Non-FAQ,10/08/2026,2440,2580,2500
Maharashtra,Buldhana,Malkapur APMC,Red gram/Arhar/Tur(whole),Other,FAQ,10/08/2026,8105,8105,8105
Maharashtra,Buldhana,Malkapur APMC,Soyabean,Yellow,FAQ,10/08/2026,5950,6945,6840
Maharashtra,Chattrapati Sambhajinagar,Paithan APMC,Onion,Unhali,Local,10/08/2026,1150,2560,2005
Uttar Pradesh,Etah,Etah APMC,Garlic,Other,FAQ,10/08/2026,8000,8000,8000
Uttar Pradesh,Etah,Etah APMC,Groundnut,Other,FAQ,10/08/2026,6200,6300,6211.96
Maharashtra,Beed,Majalgaon APMC,Bajra(Pearl Millet/Cumbu),Other,Non-FAQ,10/08/2026,1900,2741,2451
Maharashtra,Amarawati,Achalpur APMC,Red gram/Arhar/Tur(whole),Other,Non-FAQ,10/08/2026,7500,7800,7650
Maharashtra,Hingoli,Hingoli APMC,Wheat,Sharbati,Non-FAQ,10/08/2026,2070,2500,2285
Maharashtra,Hingoli,Hingoli APMC,Bengal Gram(Gram)(Whole),Other,Non-FAQ,10/08/2026,5535,5840,5687
Maharashtra,Hingoli,Hingoli(Kanegoan Naka) APMC,Soyabean,Yellow,FAQ,10/08/2026,6500,6700,6600
Keralam,Malappuram,Thirurrangadi Market,Green Chilli,Other,FAQ,10/08/2026,4000,4000,4000
Keralam,Malappuram,Thirurrangadi Market,Snakeguard,Other,FAQ,10/08/2026,2500,2600,2600
Keralam,Malappuram,Thirurrangadi Market,Garlic,Other,FAQ,10/08/2026,12000,12000,12000
Keralam,Malappuram,Thirurrangadi Market,Pumpkin,Other,FAQ,10/08/2026,1200,1200,1200
Keralam,Malappuram,Thirurrangadi Market,Beetroot,Other,FAQ,10/08/2026,2200,2600,2600
Maharashtra,Buldhana,Nandura APMC,Soyabean,Yellow,FAQ,10/08/2026,6150,6900,6900
Maharashtra,Jalna,Mantha APMC,Bengal Gram(Gram)(Whole),Other,Non-FAQ,10/08/2026,5700,5850,5800
Maharashtra,Jalgaon,APMC CHOPADA,Bajra(Pearl Millet/Cumbu),Other,Non-FAQ,10/08/2026,2300,2476,2400
Maharashtra,Jalgaon,APMC CHOPADA,Wheat,Other,Non-FAQ,10/08/2026,2552,2552,2552
Maharashtra,Jalgaon,APMC CHOPADA,Green Gram(Moong)(Whole),Green (Whole),Non-FAQ,10/08/2026,6500,6500,6500
Maharashtra,Jalgaon,APMC PACHORA,Wheat,Other,FAQ,10/08/2026,2585,2613,2600
Maharashtra,Jalgaon,APMC PACHORA,Wheat,Other,Non-FAQ,10/08/2026,2151,2580,2321
Maharashtra,Jalgaon,APMC PACHORA,Jowar(Sorghum),Other,Local,10/08/2026,2700,3100,2900
Maharashtra,Jalgaon,APMC PACHORA,Jowar(Sorghum),Jowar ( White),Local,10/08/2026,2200,2520,2321
Maharashtra,Jalgaon,APMC PACHORA,Maize,Other,Non-FAQ,10/08/2026,2200,2271,2251
Maharashtra,Latur,Nilanga APMC,Jowar(Sorghum),Red,Local,10/08/2026,2500,4000,3500
Maharashtra,Kolhapur,Kolhapur(Laxmipuri) APMC,Wheat,Other,FAQ,10/08/2026,3000,4200,3600
Maharashtra,Kolhapur,Kolhapur(Laxmipuri) APMC,Jowar(Sorghum),Other,Local,10/08/2026,3800,5900,4850
Maharashtra,Latur,Ahmedpur APMC,"Sesamum(Sesame,Gingelly,Til)",White,Non-FAQ,10/08/2026,8091,8091,8091
Maharashtra,Latur,Ausa APMC,Bengal Gram(Gram)(Whole),Other,FAQ,10/08/2026,5951,5951,5951
Maharashtra,Latur,Ausa APMC,Soyabean,Yellow,FAQ,10/08/2026,6501,7051,6917
Maharashtra,Nagpur,Kamthi APMC,Bottle gourd,Other,Local,10/08/2026,1520,2020,1770
Maharashtra,Nagpur,Kamthi APMC,Cauliflower,Other,Local,10/08/2026,4070,4570,4320
Maharashtra,Nagpur,Kamthi APMC,Cabbage,Other,Local,10/08/2026,2040,2540,2290
Karnataka,Bengaluru Rural,Doddaballapur APMC,Carrot,Other,Medium,10/08/2026,5000,6000,5500
Maharashtra,Mumbai,Mumbai APMC,Guar,Other,Local,10/08/2026,5000,7000,6000
Maharashtra,Mumbai,Mumbai APMC,Beans,Other,Local,10/08/2026,3000,4000,3500
Maharashtra,Mumbai,Mumbai APMC,Cabbage,Other,Local,10/08/2026,1000,1400,1200
Maharashtra,Mumbai,Mumbai APMC,Pumpkin,Other,Local,10/08/2026,800,1200,1000
Maharashtra,Mumbai,Mumbai APMC,Coriander(Leaves),Other,Local,10/08/2026,600,1000,800
Maharashtra,Mumbai,Mumbai APMC,Chilly Capsicum,Other,Local,10/08/2026,2000,3000,2500
Maharashtra,Mumbai,Mumbai APMC,Raddish,Other,Local,10/08/2026,3000,4000,3500
Maharashtra,Mumbai,Mumbai APMC,Snakeguard,Other,Local,10/08/2026,2000,3000,2500
Maharashtra,Mumbai,Mumbai APMC,Ridgeguard(Tori),Other,Local,10/08/2026,3000,4400,3700
Maharashtra,Mumbai,Mumbai APMC,Elephant Yam(Suran)/Amorphophallus,Other,Local,10/08/2026,2600,3000,2800
Maharashtra,Mumbai,Mumbai APMC,Tomato,Other,Local,10/08/2026,1200,1600,1400
Maharashtra,Mumbai,Mumbai APMC,Brinjal,Other,Local,10/08/2026,2000,3200,2600
Maharashtra,Mumbai,Mumbai APMC,Turmeric,Other,Local,10/08/2026,18000,24500,21250
Maharashtra,Mumbai,Mumbai APMC,Cinamon(Dalchini),Other,Local,10/08/2026,40000,60000,50000
Maharashtra,Mumbai,Mumbai APMC,Sabu Dan,Other,Local,10/08/2026,6000,7100,6550
Maharashtra,Mumbai,Mumbai APMC,Jowar(Sorghum),Other,Local,10/08/2026,2500,7200,5200
Maharashtra,Mumbai,Mumbai APMC,Maize,Other,FAQ,10/08/2026,2500,4000,3500
Maharashtra,Mumbai,Mumbai APMC,Green Gram Dal(Moong Dal),Other,Local,10/08/2026,9000,10800,10000
Maharashtra,Mumbai,Mumbai APMC,Green Peas,Other,Local,10/08/2026,4700,6000,5600
Maharashtra,Mumbai,Mumbai APMC,"Sesamum(Sesame,Gingelly,Til)",Other,FAQ,10/08/2026,12500,18000,15250
Maharashtra,Mumbai,Mumbai APMC,Bhindi(Ladies Finger),Other,Local,10/08/2026,4000,5000,4500
Maharashtra,Mumbai,Mumbai APMC,Sweet Pumpkin,Other,Local,10/08/2026,800,1600,1200
Maharashtra,Nagpur,Savner APMC,Bengal Gram(Gram)(Whole),Other,FAQ,10/08/2026,6001,6001,6001
Maharashtra,Nandurbar,Shahada APMC,Bengal Gram(Gram)(Whole),Other,FAQ,10/08/2026,5875,6450,5899
Maharashtra,Nashik,Devala APMC,Onion,Unhali,Local,10/08/2026,600,2675,2400
Maharashtra,Mumbai,Mumbai- Fruit Market APMC,Apple,Other,Local,10/08/2026,9000,15000,12000
Maharashtra,Nashik,Lasalgaon(Niphad) APMC,Bajra(Pearl Millet/Cumbu),Other,Non-FAQ,10/08/2026,2670,2670,2670
Maharashtra,Nashik,Nasik APMC,Banana,Khandesh,Local,10/08/2026,700,2000,1700
Maharashtra,Nashik,Nasik APMC,Bottle gourd,Other,Local,10/08/2026,1000,2000,1530
Maharashtra,Nashik,Nasik APMC,Bitter gourd,Other,Local,10/08/2026,3750,5416,4580
Maharashtra,Nashik,Nasik APMC,Cabbage,Other,Local,10/08/2026,583,1750,1208
Keralam,Palakad,Vadakkenchery Market,Bhindi(Ladies Finger),Bhindi,FAQ,10/08/2026,5500,6000,6000
Keralam,Palakad,Vadakkenchery Market,Bitter gourd,Bitter Gourd,FAQ,10/08/2026,6500,7000,7000
Maharashtra,Dharashiv,Agriculture Produce Market Committee Umarga,Jowar(Sorghum),Jowar ( White),Local,10/08/2026,2300,2300,2300
Maharashtra,Dharashiv,Agriculture Produce Market Committee Umarga,Sunflower/Sunflower Seed,Local,Non-FAQ,10/08/2026,3000,3000,3000
Maharashtra,Parbhani,Pathari APMC,Wheat,Other,Non-FAQ,10/08/2026,2500,2500,2500
Maharashtra,Parbhani,Pathari APMC,Jowar(Sorghum),Jowar ( White),Local,10/08/2026,3100,3100,3100
Maharashtra,Parbhani,Pathari APMC,Red gram/Arhar/Tur(whole),Other,Non-FAQ,10/08/2026,7201,7201,7201
Maharashtra,Parbhani,Tadkalas APMC,Wheat,Other,Non-FAQ,10/08/2026,2200,2550,2300
Maharashtra,Pune,Khed APMC,Bhindi(Ladies Finger),Other,Local,10/08/2026,1500,4500,3500
Maharashtra,Pune,Khed APMC,Cauliflower,Other,Local,10/08/2026,2000,3200,2500
Maharashtra,Pune,Khed APMC,Cucumbar(Kheera),Other,Local,10/08/2026,1000,3000,2000
Maharashtra,Pune,Khed APMC,Cabbage,Other,Local,10/08/2026,1000,2000,1500
Maharashtra,Pune,Khed APMC,Green Chilli,Other,Local,10/08/2026,2000,4500,3000
Maharashtra,Ratnagiri,Ratnagiri (Nachane) APMC,Chilly Capsicum,Other,Local,10/08/2026,2000,3000,2500
Maharashtra,Pune,Pune(Khadiki) APMC,Cucumbar(Kheera),Other,Local,10/08/2026,1300,1700,1500
Maharashtra,Pune,Pune(Khadiki) APMC,Cabbage,Other,Local,10/08/2026,700,1200,950
Maharashtra,Pune,Pune(Khadiki) APMC,Mint(Pudina),Other,Local,10/08/2026,6,6,6
Maharashtra,Pune,Pune(Khadiki) APMC,Tomato,Local,Local,10/08/2026,900,1400,1150
Maharashtra,Pune,Pune(Khadiki) APMC,Brinjal,Other,Local,10/08/2026,1300,1800,1550
Maharashtra,Sangli,Aatpadi APMC,Pomegranate,Other,Local,10/08/2026,1000,9500,5200
Maharashtra,Pune,Pune APMC,Rice,Other,Local,10/08/2026,3400,3700,3550
Maharashtra,Pune,Pune APMC,Chikoos(Sapota),Other,Local,10/08/2026,1500,3000,2200
Maharashtra,Pune,Pune APMC,Grapes,Other,Local,10/08/2026,5000,14000,9500
Maharashtra,Pune,Pune APMC,Water Melon,Other,Local,10/08/2026,700,1500,1100
Maharashtra,Pune,Pune APMC,Jack Fruit(Ripe),Other,Local,10/08/2026,1500,2000,1700
Maharashtra,Pune,Pune APMC,Ginger(Green),Other,Local,10/08/2026,2500,11000,6750
Maharashtra,Pune,Pune APMC,Bhindi(Ladies Finger),Other,Local,10/08/2026,1600,4000,2800
Maharashtra,Pune,Pune APMC,Cauliflower,Other,Local,10/08/2026,1000,3000,2000
Maharashtra,Pune,Pune APMC,Beans,Other,Local,10/08/2026,3000,9000,6000
Maharashtra,Pune,Pune APMC,Bitter gourd,Other,Local,10/08/2026,2000,4000,3000
Maharashtra,Pune,Pune APMC,Cabbage,Other,Local,10/08/2026,800,1500,1150
Maharashtra,Pune,Pune APMC,Coriander(Leaves),Other,Local,10/08/2026,2,10,6
Maharashtra,Pune,Pune APMC,Garlic,Other,Local,10/08/2026,7000,26000,16500
Maharashtra,Pune,Pune APMC,Snakeguard,Other,Local,10/08/2026,2000,4500,3250
Maharashtra,Pune,Pune APMC,Elephant Yam(Suran)/Amorphophallus,Other,Local,10/08/2026,2500,4000,3250
Maharashtra,Sangli,Sangli(Miraj) APMC,Maize,Deshi Red,FAQ,10/08/2026,2450,2750,2550
Maharashtra,Pune,Pune(Moshi) APMC,Brinjal,Other,Local,10/08/2026,1000,2000,1500
Maharashtra,Pune,Pune(Moshi) APMC,Drumstick,Other,Local,10/08/2026,4000,5000,4500
Maharashtra,Pune,Pune(Moshi) APMC,Pineapple,Other,Local,10/08/2026,5000,5000,5000
Maharashtra,Pune,Pune(Moshi) APMC,Banana,Other,Local,10/08/2026,3000,7000,5000
Maharashtra,Pune,Pune(Moshi) APMC,Bottle gourd,Other,Local,10/08/2026,3000,4000,3500
Uttar Pradesh,Etah,Aliganj APMC,Wood,Eucalyptus,FAQ,10/08/2026,430,580,508.15
Uttar Pradesh,Etah,Aliganj APMC,Wheat,Medium,FAQ,10/08/2026,2500,2500,2500
Maharashtra,Raigad,Panvel APMC,Cucumbar(Kheera),Other,Local,10/08/2026,3000,4000,3500
Maharashtra,Raigad,Panvel APMC,Bitter gourd,Other,Local,10/08/2026,4000,5000,4500
Maharashtra,Nandurbar,APMC Nandurbar,Wheat,Other,FAQ,10/08/2026,2590,2725,2650
Maharashtra,Nandurbar,APMC Nandurbar,Jowar(Sorghum),Other,Local,10/08/2026,2192,2192,2192
Maharashtra,Pune,Pune(Manjri) APMC,Pomegranate,Other,Local,10/08/2026,3000,4500,4000
Maharashtra,Pune,Pune(Manjri) APMC,Seetapal,Other,Local,10/08/2026,2000,3500,3000
Maharashtra,Pune,Junnar(Otur) APMC,Green Peas,Other,Local,10/08/2026,4000,11000,9000
Maharashtra,Pune,Junnar(Otur) APMC,Chilly Capsicum,Other,Local,10/08/2026,1000,2510,2000
Maharashtra,Pune,Junnar(Otur) APMC,Drumstick,Other,Local,10/08/2026,1000,5510,4500
Maharashtra,Satara,Karad APMC,Guar,Other,Local,10/08/2026,3000,4000,4000
Maharashtra,Satara,Karad APMC,Cabbage,Other,Local,10/08/2026,1000,1500,1500
Maharashtra,Solapur,Barshi(Vairag) APMC,Wheat,Other,FAQ,10/08/2026,2600,2725,2650
Maharashtra,Satara,Satara APMC,Green Chilli,Other,Local,10/08/2026,3000,4000,3500
Maharashtra,Satara,Vai APMC,Bottle gourd,Other,Local,10/08/2026,2000,3000,2500
Maharashtra,Satara,Vai APMC,Tomato,Local,Local,10/08/2026,1000,2000,1500
Maharashtra,Solapur,Dudhani APMC,Red gram/Arhar/Tur(whole),Other,Non-FAQ,10/08/2026,6500,7990,7523
Maharashtra,Solapur,Karmala APMC,Bengal Gram(Gram)(Whole),Other,Non-FAQ,10/08/2026,5400,5500,5500
Maharashtra,Solapur,Barshi APMC,Bengal Gram(Gram)(Whole),Other,Non-FAQ,10/08/2026,5000,5600,5600
Maharashtra,Solapur,Kurdwadi(Modnimb) APMC,Jowar(Sorghum),Other,FAQ,10/08/2026,3750,5400,4800
Maharashtra,Solapur,Kurdwadi(Modnimb) APMC,Onion,Red,Local,10/08/2026,400,2550,1800
Maharashtra,Satara,Vaduj APMC,Onion,Local,Local,10/08/2026,1500,3000,2500
Maharashtra,Satara,Vaduj APMC,Brinjal,Other,Local,10/08/2026,5000,8000,7000
Maharashtra,Washim,Washim(Ansing) APMC,Soyabean,Yellow,FAQ,10/08/2026,6750,7000,6850
Maharashtra,Solapur,Mangal Wedha APMC,Ridgeguard(Tori),Other,Local,10/08/2026,3000,8500,5000
Maharashtra,Palghar,Ulhasnagar APMC,Rice,Other,Local,10/08/2026,4000,5000,4500
Maharashtra,Wardha,Arvi APMC,Red gram/Arhar/Tur(whole),Other,Non-FAQ,10/08/2026,6500,7790,7440
Maharashtra,Washim,Karanja APMC,Soyabean,Other,Local,10/08/2026,6450,6910,6775
Maharashtra,Wardha,Hinganghat APMC,Red gram/Arhar/Tur(whole),Other,FAQ,10/08/2026,8000,8270,8160
Maharashtra,Palghar,APMC VASAI,Rice,1009 Kar,Local,10/08/2026,3390,4750,4150
Uttar Pradesh,Mirzapur,Ahirora APMC,Cabbage,Cabbage,Medium,10/08/2026,800,1000,900
Uttar Pradesh,Mirzapur,Ahirora APMC,Cauliflower,Cauliflower,Medium,10/08/2026,2000,2200,2100
Uttar Pradesh,Mirzapur,Ahirora APMC,Groundnut,Other,FAQ,10/08/2026,4500,4500,4500
Maharashtra,Wardha,Sindi APMC,Bengal Gram(Gram)(Whole),Other,Non-FAQ,10/08/2026,3500,4000,3975
Keralam,Kollam,Kadakkal  VFPCK Market,Banana,Banana - Ripe,Grade A,10/08/2026,7400,7400,7400
Keralam,Kollam,Kadakkal  VFPCK Market,Banana,Poovan,Grade A,10/08/2026,6500,6500,6500
Maharashtra,Jalna,Jalana APMC,Red gram/Arhar/Tur(whole),Other,Non-FAQ,10/08/2026,5100,7900,7750
Maharashtra,Yavatmal,Vani APMC,Bengal Gram(Gram)(Whole),Other,FAQ,10/08/2026,5900,5900,5900
Maharashtra,Amarawati,Shetkari Krushi Utapanna Bazar Roshankheda Tal Varud Dist Amravati,Soyabean,Other,Local,10/08/2026,6000,6800,6621
Maharashtra,Amarawati,Shetkari Krushi Utapanna Bazar Roshankheda Tal Varud Dist Amravati,Bajra(Pearl Millet/Cumbu),Other,Local,10/08/2026,2250,2250,2250
West Bengal,Kolkata,Mechua APMC,Mango,Other,Grade A,10/08/2026,7000,7400,7200
West Bengal,Kolkata,Mechua APMC,Apple,Other,Grade A,10/08/2026,17800,19700,18800
Karnataka,Gadag,Rona APMC,Maize,Hybrid/Local,Non-FAQ,10/08/2026,2425,2425,2425
Karnataka,Gadag,Rona APMC,Green Gram(Moong)(Whole),Green (Whole),Non-FAQ,10/08/2026,7700,10000,8040
Maharashtra,Nashik,Manmad APMC,Onion,Unhali,Local,10/08/2026,300,2600,2250
Uttar Pradesh,Jalaun (Orai),Orai APMC,Green Gram(Moong)(Whole),Other,FAQ,10/08/2026,8768,8768,8768
Tripura,West District,Mohanpur APMC,"Spiny Gourd / Kartali(Kantola)
",Kartali (Kantola),Local,10/08/2026,3300,3500,3400
Uttar Pradesh,Fatehpur,Fatehpur APMC,Wheat,Medium,FAQ,10/08/2026,2455,2455,2455
Uttar Pradesh,Fatehpur,Fatehpur APMC,Wood,Eucalyptus,FAQ,10/08/2026,500,500,500
Maharashtra,Nashik,Nandgaon APMC,Bajra(Pearl Millet/Cumbu),Other,Non-FAQ,10/08/2026,2150,2575,2450
Maharashtra,Nashik,Nandgaon APMC,Bengal Gram(Gram)(Whole),Other,Non-FAQ,10/08/2026,4000,5874,5450
Maharashtra,Nashik,Nandgaon APMC,Red gram/Arhar/Tur(whole),Other,Non-FAQ,10/08/2026,4000,7290,7150
Maharashtra,Nagpur,Agriculture Produce Market Committee Katol,Red gram/Arhar/Tur(whole),Other,Non-FAQ,10/08/2026,6200,7750,7250
Uttar Pradesh,Aligarh,Aligarh APMC,Maize,Other,FAQ,10/08/2026,1950,2050,1969.3
Uttar Pradesh,Aligarh,Aligarh APMC,Potato,Other,FAQ,10/08/2026,500,500,500
Uttar Pradesh,Bulandshahar,Anoop Shahar APMC,Cucumbar(Kheera),Cucumbar,FAQ,10/08/2026,1300,1700,1500
Uttar Pradesh,Chitrakut,Karvi APMC,Rice,Common,FAQ,10/08/2026,2700,2700,2700
Uttar Pradesh,Chitrakut,Karvi APMC,Wheat,Other,FAQ,10/08/2026,2400,2450,2422.29
Uttar Pradesh,Azamgarh,Azamgarh APMC,Onion,Other,FAQ,10/08/2026,1000,1000,1000
Uttar Pradesh,Mainpuri,Ghiraur APMC,Maize,Other,FAQ,10/08/2026,2000,2000,2000
Uttar Pradesh,Mainpuri,Ghiraur APMC,Potato,Other,FAQ,10/08/2026,500,500,500
Keralam,Kollam,Sooranad  VFPCK Market,Cucumbar(Kheera),Cucumbar,Local,10/08/2026,1200,4700,3000
Uttar Pradesh,Jhansi,Jhansi APMC,Wheat,Mill Quality,FAQ,10/08/2026,2350,2360,2351.24
Uttar Pradesh,Jhansi,Jhansi APMC,Lemon,Other,FAQ,10/08/2026,3000,3000,3000
Uttar Pradesh,Jhansi,Jhansi APMC,Onion,Other,FAQ,10/08/2026,1000,1500,1100
Uttar Pradesh,Jhansi,Jhansi APMC,Potato,Other,FAQ,10/08/2026,1000,1000,1000
Uttar Pradesh,Kanpur Dehat,Jhijhank APMC,Mustard,Other,FAQ,10/08/2026,6800,6800,6800
Uttar Pradesh,Jalaun (Orai),Kalpi APMC,Mustard,Other,FAQ,10/08/2026,7300,7300,7300
Uttar Pradesh,Aligarh,Khair APMC,Tomato,Other,FAQ,10/08/2026,2000,2000,2000
Uttar Pradesh,Aligarh,Khair APMC,Mustard,Other,FAQ,10/08/2026,7500,7500,7500
Uttar Pradesh,Aligarh,Khair APMC,Potato,Other,FAQ,10/08/2026,500,500.01,500
Madhya Pradesh,Rajgarh,Kurawar APMC,Wheat,Wheat,FAQ,10/08/2026,2555,2720,2720
Madhya Pradesh,Khandwa,Harsood APMC,Bengal Gram(Gram)(Whole),Gram,FAQ,10/08/2026,5380,5650,5650
Madhya Pradesh,Ujjain,Badnagar APMC,Wheat,Wheat,FAQ,10/08/2026,2411,2773,2675
Madhya Pradesh,Ujjain,Badnagar APMC,Kabuli Chana(Chickpeas-White),Dollar Gram,FAQ,10/08/2026,6501,8026,8026
Madhya Pradesh,Ujjain,Badnagar APMC,Garlic,Garlic,FAQ,10/08/2026,3300,13001,13001
Madhya Pradesh,Dewas,Kannod APMC,Green Gram(Moong)(Whole),Green (Whole),FAQ,10/08/2026,5800,5800,5800
Madhya Pradesh,Dewas,Kannod APMC,Red gram/Arhar/Tur(whole),Arhar Dal(Tur),FAQ,10/08/2026,5950,5950,5950
Madhya Pradesh,Mandsaur,Piplya APMC,Soyabean,Soyabeen,FAQ,10/08/2026,4851,6807,6801
Madhya Pradesh,Ratlam,Sailana APMC,Soyabean,Soyabeen,FAQ,10/08/2026,3200,6751,6616
Madhya Pradesh,Sheopur,Sheopurbadod APMC,Mustard,Mustard,FAQ,10/08/2026,7952,7952,7952
Madhya Pradesh,Shivpuri,Badarwas APMC,Lentil(Masur)(Whole),Masur Dal,FAQ,10/08/2026,5790,6055,6055
Madhya Pradesh,Shivpuri,Pichhour APMC,Barley(Jau),Barley,Non-FAQ,10/08/2026,2415,2440,2440
Madhya Pradesh,Shivpuri,Pohari APMC,Wheat,Wheat,FAQ,10/08/2026,2545,2545,2545
Madhya Pradesh,Shivpuri,Magroni APMC,Mustard,Mustard,FAQ,10/08/2026,7303,7502,7502
Madhya Pradesh,Bhind,Alampur APMC,Mustard,Mustard,FAQ,10/08/2026,7390,7435,7435
Madhya Pradesh,Sheopur,Sheopurkalan APMC,Mustard,Mustard,FAQ,10/08/2026,7799,7850,7850
Madhya Pradesh,Sagar,Sagar APMC,Lentil(Masur)(Whole),Masur Dal,FAQ,10/08/2026,5825,7680,6655
Madhya Pradesh,Sagar,Bina APMC,Lak(Teora),Tiwada,FAQ,10/08/2026,3000,3000,3000
Madhya Pradesh,Sagar,Bina APMC,Mustard,Mustard,FAQ,10/08/2026,7531,7531,7531
Madhya Pradesh,Jabalpur,Jabalpur APMC,Mustard,Mustard,FAQ,10/08/2026,7005,7190,7190
Madhya Pradesh,Jabalpur,Jabalpur APMC,Black Gram(Urd Beans)(Whole),Urda/Urd,FAQ,10/08/2026,6000,8580,8200
Madhya Pradesh,Jabalpur,Jabalpur APMC,buttery,Buttery,FAQ,10/08/2026,1980,3305,3205
Madhya Pradesh,Sagar,Deori APMC,Wheat,Wheat,FAQ,10/08/2026,2355,2480,2400
Madhya Pradesh,Sagar,Rahatgarh APMC,Wheat,Mill Quality,Non-FAQ,10/08/2026,2605,2775,2775
Madhya Pradesh,Sagar,Shahagarh APMC,Wheat,Mill Quality,FAQ,10/08/2026,2490,2510,2505
Madhya Pradesh,Sagar,Shahagarh APMC,gulli,Gulli,FAQ,10/08/2026,4710,4905,4905
Madhya Pradesh,Sagar,Kesli APMC,Lentil(Masur)(Whole),Masur Dal,FAQ,10/08/2026,5800,5800,5800
Madhya Pradesh,Damoh,Hata APMC,Bengal Gram(Gram)(Whole),Gram,Non-FAQ,10/08/2026,5500,5510,5510
Madhya Pradesh,Mandla,Krishi Upaj Mandi Samiti Bichhiya,Paddy(Common),Dhan,Non-FAQ,10/08/2026,2245,2315,2300
Madhya Pradesh,Chhatarpur,LavKush Nagar(Laundi) APMC,Mustard,Mustard,FAQ,10/08/2026,7195,7212,7210
Madhya Pradesh,Chhatarpur,LavKush Nagar(Laundi) APMC,Wheat,Mill Quality,Non-FAQ,10/08/2026,2320,2500,2450
Madhya Pradesh,Balaghat,Varaseoni APMC,Paddy(Common),Paddy,FAQ,10/08/2026,2100,3850,3005
Madhya Pradesh,Panna,Ajaygarh APMC,Bengal Gram(Gram)(Whole),Gram,FAQ,10/08/2026,6000,6050,6000
Madhya Pradesh,Panna,Ajaygarh APMC,Red gram/Arhar/Tur(whole),Arhar Dal(Tur),FAQ,10/08/2026,6310,6850,6850
Madhya Pradesh,Tikamgarh,Tikamgarh APMC,Wheat,Wheat,FAQ,10/08/2026,2460,2600,2580
Madhya Pradesh,Tikamgarh,Niwadi APMC,Soyabean,Yellow,FAQ,10/08/2026,6750,6750,6750
Uttar Pradesh,Hamirpur,Maudaha APMC,Gram Raw(Chholia),Other,FAQ,10/08/2026,5350,5350,5350
Madhya Pradesh,Chhatarpur,Rajnagar APMC,Wheat,Mill Quality,FAQ,10/08/2026,2490,2530,2510
Madhya Pradesh,Chhindwara,Chhindwara APMC,gulli,Gulli,FAQ,10/08/2026,5335,5350,5350
Madhya Pradesh,Chhindwara,Chhindwara APMC,Green Peas,Pea,FAQ,10/08/2026,3650,3701,3650
Madhya Pradesh,Mandla,Nainpur APMC,Wheat,Mill Quality,FAQ,10/08/2026,2485,2585,2585
Madhya Pradesh,Mandla,Nainpur APMC,Lak(Teora),Tiwada,FAQ,10/08/2026,2780,2780,2780
Madhya Pradesh,Dindori,Gorakhpur APMC,Kutki,Kutki,FAQ,10/08/2026,6000,7800,7800
Madhya Pradesh,Narsinghpur,Gadarwada APMC,Red gram/Arhar/Tur(whole),Arhar Dal(Tur),FAQ,10/08/2026,6980,7000,7000
Madhya Pradesh,Seoni,Chhpara APMC,Soyabean,Soyabeen,Non-FAQ,10/08/2026,6950,7020,6995
Madhya Pradesh,Satna,Nagod APMC,Lentil(Masur)(Whole),Masur Dal,FAQ,10/08/2026,6000,6200,6200
Madhya Pradesh,Satna,Nagod APMC,Bengal Gram(Gram)(Whole),Gram,FAQ,10/08/2026,5903,6055,6055
Madhya Pradesh,Shehdol,Shahdol APMC,Paddy(Common),Dhan,Non-FAQ,10/08/2026,1800,1800,1800
Madhya Pradesh,Anupur,Jaithari APMC,gulli,Gulli,FAQ,10/08/2026,4800,4800,4800
Gujarat,Navsari,Navsari APMC,Guar,Guaar,Local,10/08/2026,8000,9000,8500
Gujarat,Navsari,Navsari APMC,Long Melon(Kakri),Long Melon (Kakri),Local,10/08/2026,1500,2000,1750
Gujarat,Navsari,Navsari APMC,Cowpea(Veg),Cowpea (Veg),Local,10/08/2026,8500,9000,8750
Gujarat,Kheda,Kapadvanj APMC,Tomato,Tomato,Medium,10/08/2026,1650,2000,1825
Gujarat,Kheda,Kapadvanj APMC,Bitter gourd,Bitter Gourd,Medium,10/08/2026,3000,5000,4000
Gujarat,Banaskanth,Tharad APMC,Wheat,Other,Local,10/08/2026,2400,2515,2460
Gujarat,Banaskanth,Thara APMC,Guar Seed(Cluster Beans Seed),Other,FAQ,10/08/2026,5370,5370,5370
Gujarat,Banaskanth,Thara APMC,Castor Seed,Castor seed,FAQ,10/08/2026,6875,7090,6982.5
Gujarat,Surat,Songadh APMC,Guar,Gwar,FAQ,10/08/2026,8000,8000,8000
Gujarat,Sabarkantha,Vadali APMC,Wheat,Other,FAQ,10/08/2026,2500,2650,2575
Gujarat,Gandhinagar,"Kalol(Veg,Market,Kalol) APMC",Lemon,Other,Local,10/08/2026,2750,4500,3500
Karnataka,Chitradurga,Hiriyur APMC,Ragi(Finger Millet),Local,Local,10/08/2026,3363,3363,3363
Gujarat,Dahod,Dahod(Veg. Market) APMC,Cauliflower,Cauliflower,Local,10/08/2026,2000,3500,3000
Gujarat,Dahod,Dahod(Veg. Market) APMC,Bhindi(Ladies Finger),Bhindi,Local,10/08/2026,1500,3500,2500
Gujarat,Dahod,Dahod(Veg. Market) APMC,Bitter gourd,Bitter Gourd,Local,10/08/2026,1500,3500,2500
Gujarat,Dahod,Dahod(Veg. Market) APMC,Lemon,Lemon,Local,10/08/2026,3000,7000,5000
Gujarat,Dahod,Dahod(Veg. Market) APMC,Pumpkin,Pumpkin,Local,10/08/2026,1000,1500,1200
Gujarat,Dahod,Dahod(Veg. Market) APMC,Spinach,Spinach,Local,10/08/2026,1000,4000,2000
Gujarat,Dahod,Dahod(Veg. Market) APMC,Sponge gourd,Sponge gourd,Local,10/08/2026,1000,2500,2000
Gujarat,Sabarkantha,Himatnagar(Veg.Market Himatnagar) APMC,Bottle gourd,Bottle Gourd,Local,10/08/2026,2000,2500,2360
Gujarat,Kheda,Nadiyad(Chaklasi) APMC,Brinjal,Brinjal,FAQ,10/08/2026,700,900,800
Gujarat,Anand,"Anand(Veg,Yard,Anand) APMC",Ginger(Green),Green Ginger,Grade B,10/08/2026,10000,11000,10500
Gujarat,Anand,"Anand(Veg,Yard,Anand) APMC",Potato,Potato,Grade B,10/08/2026,1000,1100,1050
Gujarat,Anand,Khambhat(Grain Market) APMC,Wheat,Other,Local,10/08/2026,2000,2400,2250
Gujarat,Anand,Khambhat(Veg Yard Khambhat) APMC,Tomato,Other,Local,10/08/2026,3000,3500,3200
Gujarat,Valsad,Chikli(Khorgam) APMC,Pointed gourd(Parval),Other,FAQ,10/08/2026,4500,5500,5000
Gujarat,Gandhinagar,Mansa(Manas Veg Yard) APMC,Guar,Gwar,Local,10/08/2026,9000,10000,9000
Gujarat,Gandhinagar,Mansa(Manas Veg Yard) APMC,Brinjal,Round/Long,Local,10/08/2026,3000,4000,4000
Gujarat,Gandhinagar,Mansa(Manas Veg Yard) APMC,Tomato,Tomato,Local,10/08/2026,2200,2500,2200
Gujarat,Dahod,Zalod(Sanjeli) APMC,Wheat,Other,Grade Range-2,10/08/2026,2550,2550,2550
Gujarat,Sabarkantha,Modasa(Tintoi) APMC,Bajra(Pearl Millet/Cumbu),Hybrid,Non-FAQ,10/08/2026,2100,2200,2200
Gujarat,Surat,Bardoli(Kadod) APMC,Bhindi(Ladies Finger),Other,Local,10/08/2026,2000,4200,2950
Gujarat,Surat,Bardoli(Kadod) APMC,Green Chilli,Other,Local,10/08/2026,2500,4100,3200
West Bengal,Medinipur(W),Medinipur(West) APMC,Tomato,Tomato,FAQ,10/08/2026,2300,2500,2400
Gujarat,Sabarkantha,Prantij(Salala) APMC,Wheat,Other,Local,10/08/2026,2350,2625,2500
Keralam,Kasargod,Manjeswaram Market,Cucumbar(Kheera),Cucumbar,FAQ,10/08/2026,3000,4000,3500
Keralam,Kasargod,Manjeswaram Market,Coconut,Other,FAQ,10/08/2026,5700,5900,5800
Keralam,Kasargod,Manjeswaram Market,Pepper garbled,Other,FAQ,10/08/2026,67000,67500,67250
Keralam,Kasargod,Manjeswaram Market,Ashgourd,Ashgourd,FAQ,10/08/2026,3000,4000,3500
Keralam,Kasargod,Manjeswaram Market,Brinjal,Brinjal,FAQ,10/08/2026,5000,6000,5500
Gujarat,Mehsana,Mehsana(Jornang) APMC,Wheat,Other,Local,10/08/2026,2250,2450,2375
Gujarat,Mehsana,Mehsana(Mehsana Veg) APMC,Banana,Other,Local,10/08/2026,1750,2500,2300
Gujarat,Mehsana,Mehsana(Mehsana Veg) APMC,Tomato,Tomato,Local,10/08/2026,100,130,120
Gujarat,Banaskanth,Deesa(Deesa Veg Yard) APMC,"Spiny Gourd / Kartali(Kantola)
",Other,FAQ,10/08/2026,12000,15000,13500
Gujarat,Banaskanth,Deesa(Deesa Veg Yard) APMC,Apple,Other,Medium,10/08/2026,8000,19000,13500
Gujarat,Banaskanth,Deesa(Deesa Veg Yard) APMC,Pineapple,Other,Medium,10/08/2026,3500,5000,4250
Gujarat,Banaskanth,Deesa(Deesa Veg Yard) APMC,Tomato,Other,FAQ,10/08/2026,2000,2700,2350
Gujarat,Rajkot,Rajkot APMC,"Sesamum(Sesame,Gingelly,Til)",White,FAQ,10/08/2026,10270,12470,11700
Gujarat,Rajkot,Rajkot APMC,Bengal Gram(Gram)(Whole),Desi (Whole),FAQ,10/08/2026,5125,6210,6110
Gujarat,Rajkot,Rajkot APMC,Green Gram(Moong)(Whole),Green (Whole),FAQ,10/08/2026,5750,8625,7375
Gujarat,Rajkot,Rajkot APMC,Cummin Seed(Jeera),Cummin Seed(Jeera),FAQ,10/08/2026,17750,19175,18700
Gujarat,Rajkot,Rajkot APMC,Garlic,Garlic,FAQ,10/08/2026,5300,13250,8200
Gujarat,Morbi,Morbi APMC,Brinjal,Brinjal,FAQ,10/08/2026,1500,3000,2250
Gujarat,Surendranagar,Vadhvan APMC,Guar,Gwar,Medium,10/08/2026,10500,11000,10750
Gujarat,Surendranagar,Vadhvan APMC,Onion Green,Onion Green,Medium,10/08/2026,2500,3000,2750
Gujarat,Surendranagar,Vadhvan APMC,Banana,Medium,Medium,10/08/2026,2500,3000,2750
Gujarat,Jamnagar,Jamnagar APMC,Jowar(Sorghum),Other,Local,10/08/2026,6000,6025,6025
Gujarat,Jamnagar,Jamnagar APMC,Cummin Seed(Jeera),Other,Local,10/08/2026,17500,19425,18925
Gujarat,Jamnagar,Jamnagar APMC,Onion,Other,Local,10/08/2026,375,2375,1465
Gujarat,Junagarh,Junagadh APMC,Wheat,Sharbati,FAQ,10/08/2026,2500,2685,2600
Gujarat,Junagarh,Junagadh APMC,Kulthi(Horse Gram),Horse gram (Whole),FAQ,10/08/2026,5350,6225,5900
Gujarat,Rajkot,Dhoraji APMC,Groundnut,Local,Non-FAQ,10/08/2026,5500,6805,6630
Gujarat,Rajkot,Dhoraji APMC,Ground Nut Seed,Ground Nut Seed,Local,10/08/2026,8305,9355,8480
Gujarat,Botad,Botad APMC,"Sesamum(Sesame,Gingelly,Til)",White,Local,10/08/2026,10875,12600,11790
Gujarat,Botad,Botad APMC,"Sesamum(Sesame,Gingelly,Til)",Black,Local,10/08/2026,10500,18125,14365
Gujarat,Botad,Botad APMC,Green Gram(Moong)(Whole),Local,Local,10/08/2026,5500,6250,5925
Gujarat,Botad,Botad APMC,Corriander seed,Other,Local,10/08/2026,13000,14500,13750
Gujarat,Jamnagar,Kalawad APMC,Cummin Seed(Jeera),Other,Local,10/08/2026,17500,19500,18000
Gujarat,Surendranagar,Dasada Patadi APMC,Cummin Seed(Jeera),Cummin Seed(Jeera),FAQ,10/08/2026,18005,19250,18760
Gujarat,Amreli,Babra APMC,"Sesamum(Sesame,Gingelly,Til)",White,FAQ,10/08/2026,9450,12095,10770
Gujarat,Amreli,Rajula APMC,Cotton,Local,Local,10/08/2026,5500,5500,5500
Gujarat,Amreli,Rajula APMC,Red gram/Arhar/Tur(whole),Other,Local,10/08/2026,4095,4095,4095
Gujarat,Amreli,Damnagar APMC,Coriander(Leaves),Coriander,Local,10/08/2026,4500,4500,4500
Gujarat,Rajkot,Gondal(Veg.market Gondal) APMC,Pomegranate,Pomogranate,Local,10/08/2026,2500,11700,7100
Karnataka,Raichur,Sindhanur APMC,Bengal Gram(Gram)(Whole),Average (Whole),FAQ,10/08/2026,6300,6360,6300
Tamil Nadu,Madurai,Chokkikulam(Uzhavar Sandhai ),Cauliflower,Ranchi,Local,10/08/2026,3000,3500,3250
Tamil Nadu,Madurai,Chokkikulam(Uzhavar Sandhai ),Coriander(Leaves),I Sort,Local,10/08/2026,5000,5500,5250
Tamil Nadu,Madurai,Chokkikulam(Uzhavar Sandhai ),Tomato,Deshi,Local,10/08/2026,2200,2400,2300
Tamil Nadu,Madurai,Chokkikulam(Uzhavar Sandhai ),Bottle gourd,Bottle Gourd,Local,10/08/2026,3000,3600,3300
Tamil Nadu,Madurai,Chokkikulam(Uzhavar Sandhai ),Pumpkin,Pumpkin,Local,10/08/2026,1800,2000,1900
Tamil Nadu,Madurai,Chokkikulam(Uzhavar Sandhai ),Bhindi(Ladies Finger),Bhindi,Local,10/08/2026,3600,4200,3900
Tamil Nadu,Madurai,Chokkikulam(Uzhavar Sandhai ),Sweet Potato,Hosur Red,Local,10/08/2026,3600,4000,3800
Tamil Nadu,Madurai,Chokkikulam(Uzhavar Sandhai ),Capsicum,Capsicum,Local,10/08/2026,8000,9000,8500
Tamil Nadu,Madurai,Chokkikulam(Uzhavar Sandhai ),Thondekai,Thondekai,Local,10/08/2026,3600,5000,4300
Tamil Nadu,Madurai,Chokkikulam(Uzhavar Sandhai ),Drumstick,Drumstick,Local,10/08/2026,4000,6000,5000
Tamil Nadu,Madurai,Chokkikulam(Uzhavar Sandhai ),Indian Beans(Seam),Indian Beans (Seam),Local,10/08/2026,4000,5000,4500
Tamil Nadu,Madurai,Chokkikulam(Uzhavar Sandhai ),Colacasia,Colacasia,Local,10/08/2026,5000,6000,5500
Tamil Nadu,Madurai,Chokkikulam(Uzhavar Sandhai ),Mashrooms,Mashrooms,Local,10/08/2026,22500,25000,23750
Karnataka,Haveri,Ranebennur APMC,Maize,Local,FAQ,10/08/2026,2570,2600,2585
Karnataka,Raichur,Raichur APMC,Paddy(Common),Sona Mahsuri,FAQ,10/08/2026,2629,2629,2629
Karnataka,Raichur,Raichur APMC,Cotton,H4,FAQ,10/08/2026,8150,9500,9000
Karnataka,Chikkaballapur,Gauribidanur APMC,Sheep,Sheep Medium,Medium,10/08/2026,9000,11000,10000
Karnataka,Chikkaballapur,Gauribidanur APMC,Goat,Goat,Medium,10/08/2026,10000,12000,11000
Karnataka,Chikkaballapur,Gauribidanur APMC,Onion,Onion,Local,10/08/2026,2000,3000,2500
Karnataka,Chikkaballapur,Gauribidanur APMC,Brinjal,Round,Local,10/08/2026,1000,1800,1500
Karnataka,Chikkaballapur,Gauribidanur APMC,Bitter gourd,Bitter Gourd,Local,10/08/2026,1500,2500,2000
Karnataka,Chikkaballapur,Gauribidanur APMC,Green Chilli,Green Chilly,Local,10/08/2026,2000,4000,3500
Karnataka,Kolar,Malur APMC,Capsicum,Capsicum,Local,10/08/2026,2800,3200,3000
Karnataka,Shivamogga,Shikaripura APMC,Arecanut(Betelnut/Supari),Rashi,FAQ,10/08/2026,20000,52533,20859
Karnataka,Mysuru,Mysuru APMC,Bitter gourd,Bitter Gourd,Medium,10/08/2026,3400,3600,3500
Karnataka,Mysuru,Mysuru APMC,Cabbage,Cabbage,Medium,10/08/2026,1000,1200,1100
Karnataka,Mysuru,Mysuru APMC,Beetroot,Beetroot,Medium,10/08/2026,2800,3000,2900
Karnataka,Mysuru,Mysuru APMC,Ridgeguard(Tori),Ridgeguard(Tori),Medium,10/08/2026,2000,2200,2100
Karnataka,Mysuru,Mysuru APMC,Knool Khol,Knool Khol,Medium,10/08/2026,1800,2000,1900
Karnataka,Vijayanagara,H.B. Halli APMC,Paddy(Common),Sona Mahsuri,FAQ,10/08/2026,4361,4361,4361
Maharashtra,Palghar,Kalyan APMC,She Buffalo,Other,Local,10/08/2026,85000,104000,100000
Maharashtra,Palghar,Kalyan APMC,Wheat,Sharbati,FAQ,10/08/2026,3000,3600,3300
Maharashtra,Palghar,Kalyan APMC,Rice,Other,Local,10/08/2026,3400,3600,3500
Maharashtra,Palghar,Kalyan APMC,Bengal Gram(Gram)(Whole),Other,FAQ,10/08/2026,6600,7600,7100
Maharashtra,Palghar,Kalyan APMC,Black Gram(Urd Beans)(Whole),Mogan Medium,FAQ,10/08/2026,9000,10000,9500
Maharashtra,Palghar,Kalyan APMC,Ground Nut Seed,Other,Local,10/08/2026,12000,16000,14000
Maharashtra,Palghar,Kalyan APMC,Gur(Jaggery),Other,FAQ,10/08/2026,3500,4500,4000
Maharashtra,Palghar,Kalyan APMC,Mango,Totapuri,Local,10/08/2026,2000,4000,3000
Maharashtra,Palghar,Kalyan APMC,Beans,Other,Local,10/08/2026,6000,8000,7000
Maharashtra,Palghar,Kalyan APMC,Cucumbar(Kheera),Other,Local,10/08/2026,2000,3500,2750
Maharashtra,Palghar,Kalyan APMC,Onion,1st Sort,Local,10/08/2026,2100,2300,2200
Karnataka,Vijayapura,Talikot APMC,Bengal Gram(Gram)(Whole),Average (Whole),FAQ,10/08/2026,5100,5311,5289
Karnataka,Bidar,Basava Kalayana APMC,Bengal Gram(Gram)(Whole),Average (Whole),FAQ,10/08/2026,5350,6275,5800
Karnataka,Bidar,Basava Kalayana APMC,Red gram/Arhar/Tur(whole),Arhar (Whole),FAQ,10/08/2026,7400,7750,7600
Keralam,Kottayam,Kurichy VFPCK Market,Bitter gourd,Bitter Gourd,Grade A,10/08/2026,5500,6000,6000
Karnataka,Bidar,Bhalki APMC,Red gram/Arhar/Tur(whole),Arhar (Whole),Non-FAQ,10/08/2026,7113,8160,7862
Gujarat,Amreli,The Agricultural Produce Market Committee-Amreli,Wheat,Lokwan,FAQ,10/08/2026,2050,2850,2675
Gujarat,Amreli,The Agricultural Produce Market Committee-Amreli,Ajwan,Ajwan,FAQ,10/08/2026,6500,13000,9250
Karnataka,Dakshina Kannada,Sulya APMC,Arecanut(Betelnut/Supari),New Variety,Local,10/08/2026,39000,47500,43000
Uttar Pradesh,Sambhal,Sambhal APMC,Potato,Other,FAQ,10/08/2026,600,600,600
Karnataka,Davangere,Channagiri APMC,Arecanut(Betelnut/Supari),Rashi,Grade Range-1,10/08/2026,51421,54099,52914
Uttar Pradesh,Hardoi,Sandi APMC,Potato,Other,FAQ,10/08/2026,600,600,600
Keralam,Kottayam,Mannackanad  VFPCK Market,Bitter gourd,Bitter Gourd,Grade A,10/08/2026,5500,6000,6000
Keralam,Kottayam,Mannackanad  VFPCK Market,Brinjal,Brinjal,Grade A,10/08/2026,4800,5000,5000
Karnataka,Chitradurga,Chitradurga APMC,Maize,Local,Local,10/08/2026,1669,2800,2593
Karnataka,Chitradurga,Chitradurga APMC,Green Gram(Moong)(Whole),Medium,Local,10/08/2026,9225,11255,9902
Karnataka,Dakshina Kannada,Bantwala APMC,Rice,Other,Local,10/08/2026,2500,3000,2800
Karnataka,Dakshina Kannada,Bantwala APMC,Black pepper,Black Pepper,Local,10/08/2026,40000,68000,46500
Karnataka,Gadag,Gadag APMC,Bengal Gram(Gram)(Whole),Average (Whole),FAQ,10/08/2026,5273,6525,6277
Karnataka,Gadag,Gadag APMC,Cowpea(Lobia/Karamani),Cowpea (Whole),Medium,10/08/2026,2269,8829,8097
Karnataka,Gadag,Gadag APMC,Kulthi(Horse Gram),Horse gram (Whole),Medium,10/08/2026,4369,4750,4521
Karnataka,Yadgir,Yadgir APMC,Red gram/Arhar/Tur(whole),Red,FAQ,10/08/2026,6709,7733,7474
Karnataka,Hassan,Arasikere APMC,Ragi(Finger Millet),Local,FAQ,10/08/2026,3300,3300,3300
Karnataka,Uttara Kannada,Honnavar APMC,Arecanut(Betelnut/Supari),Hosa Chali,Local,10/08/2026,37000,39000,38000
Karnataka,Hassan,Belur APMC,Beans,Beans (Whole),Medium,10/08/2026,5000,5000,5000
Karnataka,Kolar,Bangarpet APMC,Potato,Local,Local,10/08/2026,1000,2000,1500
Karnataka,Kolar,Bangarpet APMC,Cauliflower,Local,Local,10/08/2026,1000,2000,1500
Karnataka,Kolar,Bangarpet APMC,Carrot,Carrot,Local,10/08/2026,3000,4000,3500
Karnataka,Kolar,Bangarpet APMC,Cabbage,Cabbage,Local,10/08/2026,700,1500,1000
Uttar Pradesh,Hardoi,Shahabad(New Mandi) APMC,Wood,Eucalyptus,FAQ,10/08/2026,540,660,605.91
Uttar Pradesh,Hardoi,Shahabad(New Mandi) APMC,Maize,Other,FAQ,10/08/2026,1850,1860,1851.51
Uttar Pradesh,Hardoi,Shahabad(New Mandi) APMC,Wood,Other,FAQ,10/08/2026,300,650,430.73
Karnataka,Uttara Kannada,Sirsi APMC,Paddy(Common),Paddy Medium,Local,10/08/2026,2300,2700,2700
Karnataka,Uttara Kannada,Sirsi APMC,Black pepper,Black Pepper,Local,10/08/2026,65299,71974,68454
Karnataka,Uttara Kannada,Sirsi APMC,Arecanut(Betelnut/Supari),Chali,Local,10/08/2026,42250,48001,45157
Karnataka,Uttara Kannada,Sirsi APMC,Arecanut(Betelnut/Supari),Bette,Local,10/08/2026,38731,45989,42556
Karnataka,Uttara Kannada,Sirsi APMC,Arecanut(Betelnut/Supari),Kempugotu,Local,10/08/2026,27719,36099,32423
Karnataka,Uttara Kannada,Sirsi APMC,Dry Grapes,Dry Grapes,Local,10/08/2026,32571,37905,37905
Karnataka,Tumakuru,Gubbi APMC,Ragi(Finger Millet),Hybrid,FAQ,10/08/2026,3500,4500,4000
Karnataka,Raichur,Lingasugur APMC,Green Gram(Moong)(Whole),Green (Whole),Non-FAQ,10/08/2026,10000,10000,10000
Karnataka,Raichur,Lingasugur APMC,Sunflower/Sunflower Seed,Sunflower,Non-FAQ,10/08/2026,8250,8250,8250
Karnataka,Raichur,Lingasugur APMC,Bajra(Pearl Millet/Cumbu),Hybrid,Non-FAQ,10/08/2026,2575,3100,2700
Karnataka,Shivamogga,Sagar APMC,Black pepper,Other,Local,10/08/2026,60022,66669,64600
Karnataka,Bidar,Bidar APMC,Green Gram(Moong)(Whole),Local,Non-FAQ,10/08/2026,4568,5511,5149
Karnataka,Bidar,Bidar APMC,Soyabean,Yellow,Non-FAQ,10/08/2026,5065,7032,6982
Karnataka,Bidar,Bidar APMC,Red gram/Arhar/Tur(whole),Arhar (Whole),Non-FAQ,10/08/2026,4666,8061,7600
Maharashtra,Jalgaon,Jalgaon APMC,Bajra(Pearl Millet/Cumbu),Other,Non-FAQ,10/08/2026,2400,2400,2400
Maharashtra,Jalgaon,Jalgaon APMC,Pomegranate,Other,Local,10/08/2026,5000,10000,7500
Maharashtra,Jalgaon,Jalgaon APMC,Lime,Other,Local,10/08/2026,800,2500,1700
Maharashtra,Jalgaon,Jalgaon APMC,Bhindi(Ladies Finger),Other,Local,10/08/2026,2000,3000,2500
West Bengal,Medinipur(W),Garbeta(Medinipur) APMC,Green Chilli,Green Chilly,FAQ,10/08/2026,7000,7600,7200
West Bengal,Sounth 24 Parganas,Diamond Harbour(South 24-pgs) APMC,Rice,Common,FAQ,10/08/2026,3100,3300,3200
West Bengal,Sounth 24 Parganas,Diamond Harbour(South 24-pgs) APMC,Rice,Super Fine,FAQ,10/08/2026,4600,4800,4700
West Bengal,Purba Bardhaman,Guskara APMC,Rice,Common,FAQ,10/08/2026,3050,3080,3050
Andaman and Nicobar,North and Middle Andaman ,Mayabander Vegetable Market,Banana - Green,Banana - Green,FAQ,10/08/2026,5000,7000,6000
Andaman and Nicobar,North and Middle Andaman ,Mayabander Vegetable Market,Amaranthus,Amaranthus,FAQ,10/08/2026,5000,7000,6000
Madhya Pradesh,Harda,Harda(F&V) APMC,Tomato,Deshi,Medium,10/08/2026,2000,2500,2200
Madhya Pradesh,Harda,Harda(F&V) APMC,Potato,Desi,Medium,10/08/2026,1500,2200,2000
Madhya Pradesh,Harda,Harda(F&V) APMC,Onion,Medium,Medium,10/08/2026,1500,2500,2200
Madhya Pradesh,Harda,Harda(F&V) APMC,Bhindi(Ladies Finger),Other,Medium,10/08/2026,1400,1650,1500
Madhya Pradesh,Harda,Harda(F&V) APMC,Papaya,Papaya,Medium,10/08/2026,2500,3500,3000
Keralam,Kottayam,Pampady Market,Ashgourd,Ashgourd,FAQ,10/08/2026,2500,4500,3500
Keralam,Kottayam,Pampady Market,Bhindi(Ladies Finger),Bhindi,FAQ,10/08/2026,4500,5500,5000
Keralam,Kottayam,Pampady Market,Cowpea(Veg),Cowpea (Veg),FAQ,10/08/2026,5500,6500,6000
Keralam,Kottayam,Pampady Market,Elephant Yam(Suran)/Amorphophallus,Other,FAQ,10/08/2026,3500,4500,4000
Keralam,Kottayam,Pampady Market,Ginger(Green),Green Ginger,FAQ,10/08/2026,30000,35000,33000
Keralam,Kottayam,Pampady Market,Onion,Big,FAQ,10/08/2026,2500,3500,3000
Goa,North Goa,Mapusa APMC,Onion,Onion,FAQ,10/08/2026,1500,1900,1800
Andhra Pradesh,Alluri Sitharama Raju,Chintapally APMC,Groundnut,Local,FAQ,10/08/2026,6500,7500,7000
Tamil Nadu,Thiruvannamalai,Cheyyar(Uzhavar Sandhai ),Onion,Bellary,Local,10/08/2026,3500,4000,3750
Tamil Nadu,Thiruvannamalai,Cheyyar(Uzhavar Sandhai ),Potato,Other,Local,10/08/2026,3500,4000,3750
Tamil Nadu,Thiruvannamalai,Cheyyar(Uzhavar Sandhai ),Brinjal,Other,Local,10/08/2026,4000,5000,4500
Tamil Nadu,Thiruvannamalai,Cheyyar(Uzhavar Sandhai ),Papaya,Papaya,Local,10/08/2026,3500,4000,3750
Tamil Nadu,Thiruvannamalai,Cheyyar(Uzhavar Sandhai ),Bhindi(Ladies Finger),Bhindi,Local,10/08/2026,3500,4000,3750
Tamil Nadu,Thiruvannamalai,Cheyyar(Uzhavar Sandhai ),Carrot,Pusakesar,Local,10/08/2026,7000,8400,7700
Tamil Nadu,Thiruvannamalai,Cheyyar(Uzhavar Sandhai ),Amla(Nelli Kai),Amla,Local,10/08/2026,5000,6000,5500
Andhra Pradesh,Eluru,Eluru APMC,Lemon,Lemon,Local,10/08/2026,3000,7800,5000
Andhra Pradesh,Anakapally,Chodavaram APMC,Cashewnuts,Local(Raw),Local,10/08/2026,8000,12000,10000
Andhra Pradesh,Kakinada,Kakinada (Urban) APMC,Paddy(Common),Common,FAQ,10/08/2026,2369,2390,2375
Uttar Pradesh,Badaun,Islam Nagar APMC,Potato,Other,FAQ,10/08/2026,550,550,550
Karnataka,Chikkaballapur,Bagepalli APMC,Snakeguard,Snakeguard,Small,10/08/2026,1000,1900,1600
Maharashtra,Ahilyanagar,Shevgaon APMC,Wheat,Maharashtra 2189,FAQ,10/08/2026,2600,2700,2600
Maharashtra,Ahilyanagar,Shevgaon APMC,Onion,Other,Local,10/08/2026,700,1300,1150
Haryana,Ambala,Naraingarh APMC,Colacasia,Colacasia,Medium,10/08/2026,1500,2000,1700
Haryana,Ambala,Naraingarh APMC,Raddish,Raddish,Medium,10/08/2026,800,1000,950
Haryana,Ambala,Naraingarh APMC,French Beans(Frasbean),French Beans (Frasbean),Medium,10/08/2026,2800,5000,3800
Haryana,Ambala,Naraingarh APMC,Onion,Onion,Medium,10/08/2026,1200,2000,1850
Haryana,Ambala,Naraingarh APMC,Pomegranate,Pomogranate,Medium,10/08/2026,6000,12000,8500
Haryana,Ambala,Naraingarh APMC,Papaya,Papaya,Medium,10/08/2026,2900,4000,3500
Andhra Pradesh,Dr.B.R.A.Konaseema,Mummidivaram APMC,Paddy(Common),1121,FAQ,10/08/2026,2369,2468,2369
Andhra Pradesh,Srikakulam,Pathapatnam APMC,Paddy(Common),Paddy,FAQ,10/08/2026,2369,2500,2369
Andhra Pradesh,East Godavari,Rajahmundry APMC,Paddy(Common),Paddy,Local,10/08/2026,2369,2369,2369
Tamil Nadu,Thanjavur,Papanasam(Uzhavar Sandhai ),Cluster beans,Cluster Beans,Local,10/08/2026,4800,4800,4800
Tamil Nadu,Thanjavur,Papanasam(Uzhavar Sandhai ),Brinjal,Round,Local,10/08/2026,4800,7200,6000
Tamil Nadu,Thanjavur,Papanasam(Uzhavar Sandhai ),Green Chilli,Green Chilly,Local,10/08/2026,4800,6000,5400
Tamil Nadu,Thanjavur,Papanasam(Uzhavar Sandhai ),Banana - Green,Banana - Green,Local,10/08/2026,4000,4000,4000
Tamil Nadu,Thanjavur,Papanasam(Uzhavar Sandhai ),Snakeguard,Snakeguard,Local,10/08/2026,4200,4200,4200
Tamil Nadu,Thanjavur,Papanasam(Uzhavar Sandhai ),Ridgeguard(Tori),Ridgeguard(Tori),Local,10/08/2026,7200,7200,7200
Tamil Nadu,Thanjavur,Papanasam(Uzhavar Sandhai ),Raddish,Raddish,Local,10/08/2026,3600,3600,3600
Tamil Nadu,Thanjavur,Papanasam(Uzhavar Sandhai ),Onion Green,Onion Green,Local,10/08/2026,7200,8400,7800
Punjab,Fatehgarh,Sirhind APMC,Guava,Other,Medium,10/08/2026,2500,4500,3500
Punjab,Fatehgarh,Sirhind APMC,Mousambi(Sweet Lime),Other,Medium,10/08/2026,2500,5000,4500
Punjab,Fatehgarh,Sirhind APMC,Coriander(Leaves),Other,FAQ,10/08/2026,9000,11000,10000
Himachal Pradesh,Shimla,PMY Dhalli Shimla,Cabbage,Cabbage,Grade A,10/08/2026,2000,4000,3000
Himachal Pradesh,Shimla,PMY Dhalli Shimla,Tomato,Tomato,Grade A,10/08/2026,1800,3000,2200
Himachal Pradesh,Shimla,PMY Dhalli Shimla,Carrot,Carrot,Grade A,10/08/2026,4500,5000,4500
Himachal Pradesh,Shimla,PMY Dhalli Shimla,Bhindi(Ladies Finger),Bhindi,Grade A,10/08/2026,2500,3000,2500
Himachal Pradesh,Shimla,PMY Dhalli Shimla,Bitter gourd,Bitter Gourd,Grade A,10/08/2026,2500,3000,2500
Odisha,Sundergarh,Panposh APMC,Bottle gourd,Bottle Gourd,FAQ,10/08/2026,2000,2500,2200
Madhya Pradesh,Burhanpur,Burhanpur(F&V) APMC,Cabbage,Cabbage,Local,10/08/2026,800,1300,1100
Madhya Pradesh,Burhanpur,Burhanpur(F&V) APMC,Mousambi(Sweet Lime),Mousambi,Grade A,10/08/2026,2000,3600,3000
Madhya Pradesh,Ujjain,Ujjain(F&V) APMC,Bottle gourd,Bottle Gourd,Medium,10/08/2026,530,2125,1153
Madhya Pradesh,Ujjain,Ujjain(F&V) APMC,Bhindi(Ladies Finger),Bhindi,Medium,10/08/2026,540,1950,977
Madhya Pradesh,Ujjain,Ujjain(F&V) APMC,Pomegranate,Pomogranate,Medium,10/08/2026,5000,5000,5000
Madhya Pradesh,Mandsaur,Mandsaur(F&V) APMC,Brinjal,Other,Grade B,10/08/2026,1300,2050,1900
Madhya Pradesh,Mandsaur,Mandsaur(F&V) APMC,Potato,Other,Grade A,10/08/2026,620,1300,1020
Madhya Pradesh,Khandwa,Khandwa(F&V) APMC,Bottle gourd,Bottle Gourd,FAQ,10/08/2026,400,400,400
Madhya Pradesh,Khandwa,Khandwa(F&V) APMC,Spinach,Spinach,FAQ,10/08/2026,400,650,500
Madhya Pradesh,Khandwa,Khandwa(F&V) APMC,Sponge gourd,Sponge gourd,FAQ,10/08/2026,800,1500,930
Odisha,Nayagarh,Bahadajholla APMC,Brinjal,Other,Grade B,10/08/2026,2800,5000,4500
Tamil Nadu,Ariyalur,Ariyalur(Uzhavar Sandhai),Drumstick,Drumstick,Local,10/08/2026,3000,3500,3250
Tamil Nadu,Ariyalur,Ariyalur(Uzhavar Sandhai),Mango(Raw-Ripe),Mango - Raw-Ripe,Local,10/08/2026,3000,3500,3250
Manipur,Thoubal,Thoubal APMC,Bengal Gram Dal(Chana Dal),Bengal Gram Dal,FAQ,10/08/2026,11500,12000,11750
Uttarakhand,Nanital,Haldwani APMC,Apple,Other,Grade A,10/08/2026,2000,6000,4000
Uttarakhand,Nanital,Haldwani APMC,Mango,Other,Grade A,10/08/2026,1500,2200,2000
Uttarakhand,Garhwal (Pauri),Kotadwara APMC,Apple,Apple,Medium,10/08/2026,4500,4500,4500
Uttarakhand,Garhwal (Pauri),Kotadwara APMC,Onion,Onion,FAQ,10/08/2026,1700,1700,1700
Uttarakhand,Garhwal (Pauri),Kotadwara APMC,Bhindi(Ladies Finger),Bhindi,FAQ,10/08/2026,1100,1100,1100
Uttarakhand,Garhwal (Pauri),Kotadwara APMC,Bottle gourd,Bottle Gourd,FAQ,10/08/2026,1100,1100,1100
Uttarakhand,Garhwal (Pauri),Kotadwara APMC,Sponge gourd,Sponge gourd,FAQ,10/08/2026,1200,1200,1200
Uttarakhand,Garhwal (Pauri),Kotadwara APMC,Cucumbar(Kheera),Cucumbar,FAQ,10/08/2026,1000,1000,1000
Uttarakhand,Garhwal (Pauri),Kotadwara APMC,Raddish,Raddish,FAQ,10/08/2026,800,800,800
Gujarat,Mehsana,Vijapur APMC,Wheat,Local,Grade Range-1,10/08/2026,2550,2635,2560
Andhra Pradesh,Palnadu,Rompicherla APMC,Paddy(Common),Paddy,FAQ,10/08/2026,2300,2480,2400
Gujarat,Bharuch,Bharuch APMC,Bhindi(Ladies Finger),Other,Local,10/08/2026,2500,4000,3000
Gujarat,Bharuch,Bharuch APMC,Brinjal,Other,Local,10/08/2026,1500,2500,2000
Gujarat,Bharuch,Bharuch APMC,Capsicum,Other,Local,10/08/2026,1500,2500,2000
Gujarat,Bharuch,Bharuch APMC,Potato,Other,Local,10/08/2026,1000,1700,1300
Gujarat,Kheda,Nadiad APMC,Tomato,Tomato,FAQ,10/08/2026,2400,2800,2600
Rajasthan,Beawar,Beawar APMC,Barley(Jau),Local,Local,10/08/2026,2650,2650,2650
Gujarat,Mehsana,Visnagar APMC,Bajra(Pearl Millet/Cumbu),Other,Local,10/08/2026,2000,2305,2152
Gujarat,Mehsana,Visnagar APMC,Jowar(Sorghum),Other,Local,10/08/2026,6055,7255,6655
Gujarat,Mehsana,Visnagar APMC,Castor Seed,Other,Local,10/08/2026,6850,7105,6977
Gujarat,Bhavnagar,Mahuva(Station Road) APMC,Green Gram(Moong)(Whole),Hybrid,FAQ,10/08/2026,6950,7930,7440
Gujarat,Bhavnagar,Mahuva(Station Road) APMC,Red gram/Arhar/Tur(whole),Local,FAQ,10/08/2026,4600,6000,5300
Gujarat,Bhavnagar,Mahuva(Station Road) APMC,Groundnut,Bold,FAQ,10/08/2026,6825,6825,6825
Haryana,Mahendragarh-Narnaul,Narnaul APMC,Pomegranate,Pomogranate,Medium,10/08/2026,13500,14000,14000
Haryana,Mahendragarh-Narnaul,Narnaul APMC,Guava,Guava,Medium,10/08/2026,3000,4000,3500
Himachal Pradesh,Kangra,PMY Kangra,Banana,Other,Medium,10/08/2026,4500,5500,5000
Himachal Pradesh,Kangra,PMY Kangra,Cabbage,Cabbage,FAQ,10/08/2026,3000,3500,3250
Himachal Pradesh,Kangra,PMY Kangra,Bottle gourd,Bottle Gourd,FAQ,10/08/2026,3000,4000,3500
Himachal Pradesh,Kangra,PMY Kangra,Cucumbar(Kheera),Cucumbar,FAQ,10/08/2026,2000,3000,2500
Rajasthan,Kota,Itawa APMC,Mustard,Mustard,Local,10/08/2026,7699,8100,7899
Rajasthan,Kota,Itawa APMC,Soyabean,Soyabeen,Local,10/08/2026,6299,6925,6612
Chattisgarh,Bilaspur,Tiphra APMC,Beetroot,Beetroot,Grade B,10/08/2026,3000,3200,3100
Chattisgarh,Bilaspur,Tiphra APMC,Jack Fruit(Ripe),Jack Fruit,Grade B,10/08/2026,2800,3000,2900
Chattisgarh,Bilaspur,Tiphra APMC,Banana,Banana - Ripe,Grade B,10/08/2026,3000,3200,3100
Chattisgarh,Bilaspur,Tiphra APMC,Orange,Orange,Grade B,10/08/2026,9000,9200,9100
Odisha,Kendrapara,Pattamundai APMC,Pumpkin,Pumpkin,Grade B,10/08/2026,3000,3000,3000
Haryana,Mewat,Punhana APMC,Bhindi(Ladies Finger),Other,Medium,10/08/2026,2000,2000,2000
Haryana,Mewat,Punhana APMC,Onion,Other,Medium,10/08/2026,3000,3000,3000
Karnataka,Bellary,Kampli APMC,Sunflower/Sunflower Seed,Local,Local,10/08/2026,7700,7700,7700
Uttar Pradesh,Raebarelli,Lalganj APMC,Bottle gourd,Bottle Gourd,FAQ,10/08/2026,1300,1500,1400
Uttar Pradesh,Raebarelli,Lalganj APMC,Tomato,Other,FAQ,10/08/2026,2000,2000,2000
Uttar Pradesh,Kasganj,Ganj Dundwara APMC,Maize,Other,FAQ,10/08/2026,1800,2100,1911.21
Uttar Pradesh,Kasganj,Ganj Dundwara APMC,Tobacco,Other,FAQ,10/08/2026,550,1800,1282.37
Uttar Pradesh,Jalaun (Orai),Madhogarh APMC,Wheat,Local,FAQ,10/08/2026,2420,2420,2420
Bihar,Siwan,Maharjganj APMC,Green Chilli,Green Chilly,FAQ,10/08/2026,6000,6000,6000
Rajasthan,Bharatpur,Bayana APMC,Potato,Other,Local,10/08/2026,1000,1000,1000
Rajasthan,Jalore,Bhinmal APMC,Tomato,Other,Non-FAQ,10/08/2026,2100,2200,2150
Punjab,Gurdaspur,Dinanagar APMC,Carrot,Other,Medium,10/08/2026,2000,2500,2300
Punjab,Gurdaspur,Dinanagar APMC,Cucumbar(Kheera),Other,Medium,10/08/2026,2000,2500,2300
Punjab,Gurdaspur,Dinanagar APMC,Cauliflower,Cauliflower,Medium,10/08/2026,4000,4500,4300
Punjab,Gurdaspur,Dinanagar APMC,Field Pea,Field Pea,Medium,10/08/2026,7000,8000,7500
Punjab,Hoshiarpur,Dasuya APMC,Bitter gourd,Bitter Gourd,FAQ,10/08/2026,3000,3000,3000
Punjab,Hoshiarpur,Dasuya APMC,Cabbage,Cabbage,FAQ,10/08/2026,1500,1500,1500
Punjab,Hoshiarpur,Dasuya APMC,Green Chilli,Other,FAQ,10/08/2026,2000,2000,2000
Punjab,Hoshiarpur,Dasuya APMC,Onion,Onion,FAQ,10/08/2026,2500,2500,2500
Punjab,Hoshiarpur,Dasuya APMC,Spinach,Spinach,FAQ,10/08/2026,2000,2000,2000
Punjab,Hoshiarpur,Dasuya APMC,Guava,Guava,Grade B,10/08/2026,4000,4000,4000
Punjab,Hoshiarpur,Garh Shankar APMC,Cauliflower,Cauliflower,FAQ,10/08/2026,3300,3300,3300
Punjab,Hoshiarpur,Garh Shankar APMC,Apple,Apple,Medium,10/08/2026,5500,5500,5500
Punjab,Hoshiarpur,Garh Shankar APMC,Brinjal,Brinjal,FAQ,10/08/2026,2500,2500,2500
Punjab,Hoshiarpur,Garh Shankar APMC,Cucumbar(Kheera),Cucumbar,FAQ,10/08/2026,2500,2500,2500
Punjab,Hoshiarpur,Garh Shankar APMC,Potato,Other,FAQ,10/08/2026,1000,1000,1000
Punjab,Hoshiarpur,Tanda Urmur APMC,Plum,Other,Grade A,10/08/2026,10000,12000,11000
Punjab,Hoshiarpur,Tanda Urmur APMC,Guava,Guava,Grade A,10/08/2026,5000,6000,5500
Punjab,Jalandhar,Goraya APMC,Tomato,Other,Local,10/08/2026,1800,1800,1800
Punjab,Jalandhar,Goraya APMC,Cucumbar(Kheera),Cucumbar,Local,10/08/2026,1800,1800,1800
Punjab,Ludhiana,Doraha APMC,Cucumbar(Kheera),Cucumbar,Local,10/08/2026,2000,2500,2300
Punjab,Ludhiana,Doraha APMC,Carrot,Carrot,Local,10/08/2026,2500,2500,2500
Punjab,Ludhiana,Doraha APMC,Spinach,Spinach,Local,10/08/2026,1000,2000,1500
Punjab,Ludhiana,Doraha APMC,Apple,Apple,Local,10/08/2026,5000,5000,5000
Punjab,Ludhiana,Doraha APMC,Tomato,Deshi,Local,10/08/2026,2000,2800,2500
Punjab,Ludhiana,Doraha APMC,Ridgeguard(Tori),Other,Local,10/08/2026,2000,3000,2500
Haryana,Panchkula,Barwala APMC,Cauliflower,Local,FAQ,10/08/2026,3000,4000,3500
Punjab,Moga,Nihal Singh Wala APMC,Onion,Onion,FAQ,10/08/2026,3200,3200,3200
Punjab,Mohali,Kurali APMC,Bottle gourd,Bottle Gourd,Medium,10/08/2026,1000,1500,1200
Punjab,Mohali,Kurali APMC,Cauliflower,Cauliflower,Medium,10/08/2026,4200,4500,4400
Punjab,Mohali,Kurali APMC,French Beans(Frasbean),French Beans (Frasbean),Medium,10/08/2026,6000,7000,6500
Punjab,Mohali,Kurali APMC,Ginger(Green),Other,Medium,10/08/2026,7500,8000,7800
Punjab,Mohali,Kurali APMC,Tomato,Other,Medium,10/08/2026,2400,2600,2500
Odisha,Boudh,Boudh APMC,Cauliflower,Other,Local,10/08/2026,8000,9000,8500
Odisha,Boudh,Boudh APMC,Brinjal,Other,Local,10/08/2026,5000,6000,5500
Odisha,Sundergarh,Sargipali APMC,Brinjal,Brinjal,FAQ,10/08/2026,3200,3600,3400
Odisha,Sundergarh,Sargipali APMC,Pointed gourd(Parval),Pointed gourd (Parval),FAQ,10/08/2026,2600,3000,2800
Odisha,Sundergarh,Sargipali APMC,Pumpkin,Pumpkin,FAQ,10/08/2026,1000,1400,1200
Odisha,Mayurbhanja,Udala APMC,Bhindi(Ladies Finger),Bhindi,FAQ,10/08/2026,1800,2500,2000
Odisha,Mayurbhanja,Udala APMC,Bitter gourd,Bitter Gourd,FAQ,10/08/2026,3500,4500,4000
Keralam,Thiruvananthapuram,Pappanchani VFPCK Market,Amranthas Red,Chawli Lal,Grade A,10/08/2026,5000,5000,5000
Haryana,Jhajar,Bahadurgarh APMC,Onion,Other,FAQ,10/08/2026,2000,2800,2500
Haryana,Jhajar,Bahadurgarh APMC,Potato,Other,FAQ,10/08/2026,800,1100,900
Haryana,Jhajar,Bahadurgarh APMC,Tomato,Other,FAQ,10/08/2026,1500,2500,2000
Haryana,Jhajar,Bahadurgarh APMC,Pea Pod/Pea Cod/हरी मटर,Other,Medium,10/08/2026,8000,12000,10000
Haryana,Jhajar,Bahadurgarh APMC,Ridgeguard(Tori),Other,Medium,10/08/2026,1800,2000,1900
Haryana,Jhajar,Bahadurgarh APMC,Guava,Other,Medium,10/08/2026,2000,2500,2200
Keralam,Kasargod,Neeleswaram Market,Copra,Other,FAQ,10/08/2026,13500,14500,14000
Keralam,Kasargod,Neeleswaram Market,Beetroot,Other,FAQ,10/08/2026,6600,7000,6800
Keralam,Kasargod,Neeleswaram Market,Bitter gourd,Other,FAQ,10/08/2026,6800,7200,7000
Keralam,Kasargod,Neeleswaram Market,Cowpea(Veg),Cowpea (Veg),FAQ,10/08/2026,6600,7000,6800
Keralam,Kasargod,Neeleswaram Market,Onion,Big,FAQ,10/08/2026,3400,3800,3600
Keralam,Kasargod,Neeleswaram Market,Snakeguard,Other,FAQ,10/08/2026,4800,5200,5000
Keralam,Alappuzha,Aroor Market,Ashgourd,Other,FAQ,10/08/2026,2200,2400,2300
Keralam,Alappuzha,Aroor Market,Capsicum,Other,FAQ,10/08/2026,7800,8000,7900
Keralam,Alappuzha,Aroor Market,Pumpkin,Other,FAQ,10/08/2026,2400,2600,2500
Keralam,Ernakulam,Angamaly Market,Banana,Palayamthodan,Grade A,10/08/2026,3000,5000,4000
Keralam,Ernakulam,Angamaly Market,Bottle gourd,Bottle Gourd,FAQ,10/08/2026,3000,5000,4000
Keralam,Ernakulam,Angamaly Market,Cucumbar(Kheera),Cucumbar,FAQ,10/08/2026,6000,7000,6500
Keralam,Ernakulam,Angamaly Market,Colacasia,Other,FAQ,10/08/2026,4600,6000,5300
Keralam,Ernakulam,Angamaly Market,Tomato,Tomato,FAQ,10/08/2026,2800,5000,3900
Keralam,Kollam,Channapetta VFPCK Market,Banana - Green,Banana - Green,Grade A,10/08/2026,6500,7500,6900
Keralam,Kollam,Chathannoore VFPCK Market,Banana - Green,Banana - Green,Grade A,10/08/2026,6500,7400,6800
Keralam,Alappuzha,Chengannur Market,Cabbage,Other,FAQ,10/08/2026,3900,4200,4000
Keralam,Alappuzha,Chengannur Market,Drumstick,Other,FAQ,10/08/2026,3900,4200,4000
Keralam,Alappuzha,Chengannur Market,Potato,Potato,FAQ,10/08/2026,3000,3300,3200
Haryana,Gurgaon,Gurgaon APMC,Bhindi(Ladies Finger),Other,Grade B,10/08/2026,1000,2000,1500
Haryana,Gurgaon,Gurgaon APMC,Cauliflower,Other,Grade B,10/08/2026,2000,4000,3000
Haryana,Gurgaon,Gurgaon APMC,Tomato,Other,Grade B,10/08/2026,1000,2000,1500
Chattisgarh,Kanker,Bhanupratappur APMC,Maize,Hybrid,Non-FAQ,10/08/2026,1700,1700,1700
Andhra Pradesh,Visakhapatnam,Pendurthi APMC,Paddy(Common),Paddy,Local,10/08/2026,2300,2300,2300
Tamil Nadu,Coimbatore,Sundarapuram(Uzhavar Sandhai ),Banana,Red Banana,Local,10/08/2026,7500,8000,7750
Tamil Nadu,Coimbatore,Sundarapuram(Uzhavar Sandhai ),Bhindi(Ladies Finger),Bhindi,Local,10/08/2026,4500,5000,4750
Tamil Nadu,Coimbatore,Sundarapuram(Uzhavar Sandhai ),Ginger(Green),Green Ginger,Local,10/08/2026,17000,18000,17500
Tamil Nadu,Coimbatore,Sundarapuram(Uzhavar Sandhai ),Snakeguard,Snakeguard,Local,10/08/2026,3000,3500,3250
Tamil Nadu,Coimbatore,Sundarapuram(Uzhavar Sandhai ),Mango(Raw-Ripe),Mango - Raw-Ripe,Local,10/08/2026,9000,9500,9250
Tamil Nadu,Coimbatore,Sundarapuram(Uzhavar Sandhai ),Guava,Guava Allahabad,Local,10/08/2026,5000,6000,5500
Tamil Nadu,Coimbatore,Sundarapuram(Uzhavar Sandhai ),Lemon,Lemon,Local,10/08/2026,9000,9500,9250
Tamil Nadu,Coimbatore,Sundarapuram(Uzhavar Sandhai ),Sweet Corn ,Sweet Corn ,Local,10/08/2026,3500,4000,3750
Haryana,Rohtak,Meham APMC,Spinach,Spinach,Medium,10/08/2026,2000,2000,2000
Haryana,Rohtak,Meham APMC,Cucumbar(Kheera),Cucumbar,Medium,10/08/2026,1200,1500,1300
Haryana,Rohtak,Meham APMC,Potato,Potato,Medium,10/08/2026,1000,1200,1100
Jammu and Kashmir,Kathua,Kathua (F&V),Pineapple,Pine Apple,Grade B,10/08/2026,4000,5000,4500
Jammu and Kashmir,Kathua,Kathua (F&V),Apple,Delicious,Grade B,10/08/2026,4000,12000,8000
Jammu and Kashmir,Kathua,Kathua (F&V),Cabbage,Cabbage,FAQ,10/08/2026,2500,3000,2750
Jammu and Kashmir,Kathua,Kathua (F&V),Bottle gourd,Bottle Gourd,FAQ,10/08/2026,1000,1500,1250
Jammu and Kashmir,Kathua,Kathua (F&V),Cucumbar(Kheera),Other,FAQ,10/08/2026,2500,3000,2750
Jammu and Kashmir,Kathua,Kathua (F&V),Green Chilli,Green Chilly,FAQ,10/08/2026,3000,4000,3500
Jammu and Kashmir,Kathua,Kathua (F&V),Indian Beans(Seam),Other,FAQ,10/08/2026,7000,8000,7500
Jammu and Kashmir,Kathua,Kathua (F&V),Knool Khol,Knool Khol,FAQ,10/08/2026,3000,4000,3500
Jammu and Kashmir,Kathua,Kathua (F&V),Round gourd,Round gourd,FAQ,10/08/2026,1500,1800,1650
Keralam,Alappuzha,Kayamkulam Market,Beetroot,Other,FAQ,10/08/2026,4100,4300,4200
Keralam,Alappuzha,Kayamkulam Market,Cauliflower,Other,FAQ,10/08/2026,4100,4300,4200
Keralam,Alappuzha,Kayamkulam Market,Cucumbar(Kheera),Other,FAQ,10/08/2026,1400,1600,1500
Keralam,Alappuzha,Kayamkulam Market,French Beans(Frasbean),Other,FAQ,10/08/2026,4900,5100,5000
Keralam,Alappuzha,Kayamkulam Market,Green Chilli,Other,FAQ,10/08/2026,5100,5300,5200
Keralam,Alappuzha,Kayamkulam Market,Tomato,Other,FAQ,10/08/2026,2400,2600,2500
Keralam,Alappuzha,Kayamkulam Market,Onion,Small,FAQ,10/08/2026,5800,6000,5900
Keralam,Alappuzha,Kayamkulam Market,Ashgourd,Other,FAQ,10/08/2026,1200,1400,1300
Uttar Pradesh,Siddharth Nagar,Bansi APMC,Rice,Common,FAQ,10/08/2026,2500,2500,2500
Odisha,Mayurbhanja,Karanjia APMC,Fish,Other,Local,10/08/2026,20000,21000,21000
Odisha,Mayurbhanja,Karanjia APMC,Paddy(Common),Other,FAQ,10/08/2026,2369,2369,2369
Punjab,Amritsar,Majitha APMC,Ridgeguard(Tori),Ridgeguard(Tori),Local,10/08/2026,1200,1200,1200
West Bengal,Nadia,Kalyani APMC,Brinjal,Round,Local,10/08/2026,5500,7000,6200
West Bengal,Nadia,Kalyani APMC,Green Chilli,Green Chilly,Local,10/08/2026,7000,9000,8000
West Bengal,Nadia,Kalyani APMC,Potato,Jyoti,Local,10/08/2026,800,860,840
West Bengal,Nadia,Kalyani APMC,Onion,Onion,Local,10/08/2026,2550,3200,3050
West Bengal,Nadia,Kalyani APMC,Rice,Fine,Local,10/08/2026,4800,5000,4900
West Bengal,Howrah,Uluberia APMC,Green Chilli,Other,FAQ,10/08/2026,6000,7500,6500
West Bengal,Howrah,Uluberia APMC,Tomato,Other,FAQ,10/08/2026,2200,3000,2500
West Bengal,Howrah,Uluberia APMC,Rice,Sona Mansoori Non Basmati,FAQ,10/08/2026,3100,3300,3200
West Bengal,Howrah,Uluberia APMC,Rice,Other,FAQ,10/08/2026,3300,3700,3500
Uttar Pradesh,Banda,Atarra APMC,Wheat,Deshi,FAQ,10/08/2026,2500,2500,2500
Uttar Pradesh,Banda,Atarra APMC,Tomato,Other,FAQ,10/08/2026,1000,1000,1000
Uttar Pradesh,Banda,Atarra APMC,Firewood,Firewood,FAQ,10/08/2026,450,450,450
Uttar Pradesh,Banda,Atarra APMC,Wood,Eucalyptus,FAQ,10/08/2026,500,500,500
Andhra Pradesh,West Godavari,Undi APMC,Paddy(Common),MTU-1001,Local,10/08/2026,2369,2369,2369
Haryana,Sonipat,Sonepat(Kharkhoda) APMC,Onion,Other,FAQ,10/08/2026,2000,2700,2200
Gujarat,Kheda,Nadiyad(Piplag) APMC,Cowpea(Veg),Cowpea (Veg),FAQ,10/08/2026,1800,2000,1900
Uttar Pradesh,Khiri (Lakhimpur),Maigalganj APMC,Cabbage,Cabbage,FAQ,10/08/2026,980,1020,1000
Uttar Pradesh,Khiri (Lakhimpur),Maigalganj APMC,Gur(Jaggery),Other,FAQ,10/08/2026,3000,3000,3000
Punjab,Amritsar,Amritsar(Amritsar Mewa Mandi) APMC,Cucumbar(Kheera),Cucumbar,Grade A,10/08/2026,500,500,500
Punjab,Amritsar,Amritsar(Amritsar Mewa Mandi) APMC,Green Chilli,Green Chilly,Grade A,10/08/2026,700,700,700
Punjab,Amritsar,Amritsar(Amritsar Mewa Mandi) APMC,Capsicum,Capsicum,Grade A,10/08/2026,1000,1000,1000
West Bengal,Coochbehar,Mathabhanga APMC,Brinjal,Brinjal,FAQ,10/08/2026,4200,4800,4500
Rajasthan,Jalore,Sanchore APMC,Potato,Other,Local,10/08/2026,900,1000,950
Punjab,Gurdaspur,Kalanaur APMC,Brinjal,Other,Grade A,10/08/2026,1489,1489,1489
Punjab,Gurdaspur,Sri Har Gobindpur(Harechowal) APMC,Green Chilli,Other,Grade A,10/08/2026,3000,3000,3000
Keralam,Ernakulam,North Paravur Market,Coriander(Leaves),Coriander,FAQ,10/08/2026,10000,11500,10500
Keralam,Ernakulam,North Paravur Market,Little gourd(Kundru),Little gourd (Kundru),Medium,10/08/2026,5500,6500,6000
Keralam,Ernakulam,North Paravur Market,Seemebadnekai,Other,FAQ,10/08/2026,2200,3000,2500
Keralam,Ernakulam,North Paravur Market,Tapioca,Other,Local,10/08/2026,3000,4000,3500
Keralam,Ernakulam,North Paravur Market,Tomato,Deshi,FAQ,10/08/2026,2400,3500,2800
Keralam,Ernakulam,North Paravur Market,Coconut,Big,Local,10/08/2026,6200,7200,6800
Keralam,Ernakulam,North Paravur Market,Beetroot,Beetroot,FAQ,10/08/2026,5500,6500,6000
Keralam,Ernakulam,North Paravur Market,Carrot,Carrot,FAQ,10/08/2026,9200,10000,9500
Himachal Pradesh,Solan,SMY Nalagarh,Coriander(Leaves),Other,Medium,10/08/2026,4000,5000,4500
Himachal Pradesh,Solan,SMY Nalagarh,Pear(Marasebu),Other,Medium,10/08/2026,5000,5500,5300
Himachal Pradesh,Solan,SMY Nalagarh,Pumpkin,Other,Medium,10/08/2026,1200,2000,1600
Punjab,Bhatinda,Rampuraphul(Nabha Mandi) APMC,Onion,Other,Grade A,10/08/2026,2000,2700,2500
Punjab,Hoshiarpur,Mukerian(Talwara) APMC,Bhindi(Ladies Finger),Bhindi,FAQ,10/08/2026,2000,3000,2500
Odisha,Balasore,Jaleswar APMC,Cucumbar(Kheera),Cucumbar,Local,10/08/2026,2800,3100,3000
Andhra Pradesh,Krishna,Movva (HQ-Kuchipudi) APMC,Black Gram(Urd Beans)(Whole),Local,Local,10/08/2026,9500,9500,9500
Himachal Pradesh,Kangra,SMY Baijnath,Guava,Guava,Grade B,10/08/2026,8500,9500,9000
Himachal Pradesh,Kangra,SMY Baijnath,Papaya,Papaya,Grade B,10/08/2026,4800,5000,4900
Himachal Pradesh,Kangra,SMY Baijnath,Bottle gourd,Bottle Gourd,Grade B,10/08/2026,2500,4500,3500
Himachal Pradesh,Kangra,SMY Jaisinghpur,French Beans(Frasbean),French Beans (Frasbean),FAQ,10/08/2026,6800,7500,7200
Telangana,Hanumakonda,"Excise Colony,RBZ ",Brinjal,Other,Grade A,10/08/2026,3600,3600,3600
Telangana,Hanumakonda,"Excise Colony,RBZ ",Little gourd(Kundru),Other,Grade A,10/08/2026,4800,4800,4800
Keralam,Kannur,Taliparamba Market,Cucumbar(Kheera),Other,FAQ,10/08/2026,3100,3300,3200
Keralam,Kozhikode(Calicut),Thamarassery Market,Ginger(Green),Other,FAQ,10/08/2026,15700,17100,15800
Keralam,Kozhikode(Calicut),Thamarassery Market,Amaranthus,Other,FAQ,10/08/2026,4200,4300,4200
Keralam,Kozhikode(Calicut),Thamarassery Market,Cluster beans,Other,FAQ,10/08/2026,6500,6800,6800
Keralam,Kozhikode(Calicut),Thamarassery Market,Bhindi(Ladies Finger),Other,FAQ,10/08/2026,3600,3900,3600
Keralam,Kozhikode(Calicut),Thamarassery Market,Beetroot,Other,FAQ,10/08/2026,7300,7500,7300
Keralam,Kozhikode(Calicut),Thamarassery Market,Brinjal,Other,FAQ,10/08/2026,2700,2900,2700
Keralam,Kozhikode(Calicut),Quilandy Market,Tomato,Other,FAQ,10/08/2026,1500,1600,1500
Keralam,Kozhikode(Calicut),Quilandy Market,Cabbage,Other,FAQ,10/08/2026,3800,4000,3900
Keralam,Kozhikode(Calicut),Quilandy Market,Cucumbar(Kheera),Other,FAQ,10/08/2026,3500,4000,3800
Punjab,Hoshiarpur,Garh Shankar(Mahalpur) APMC,Onion,Onion,FAQ,10/08/2026,2400,2400,2400
Punjab,Hoshiarpur,Garh Shankar(Mahalpur) APMC,Tomato,Tomato,FAQ,10/08/2026,2100,2100,2100
Punjab,Hoshiarpur,Garh Shankar(Mahalpur) APMC,Cauliflower,Cauliflower,FAQ,10/08/2026,3900,3900,3900
Punjab,Hoshiarpur,Garh Shankar(Mahalpur) APMC,Cucumbar(Kheera),Cucumbar,FAQ,10/08/2026,2800,2800,2800
Tamil Nadu,Erode,Sathiyamagalam(Uzhavar Sandhai ),Onion,Bellary,Local,10/08/2026,3500,4000,3750
Tamil Nadu,Erode,Sathiyamagalam(Uzhavar Sandhai ),Cluster beans,Cluster Beans,Local,10/08/2026,3000,3500,3250
Tamil Nadu,Erode,Sathiyamagalam(Uzhavar Sandhai ),Bitter gourd,Other,Local,10/08/2026,5500,6000,5750
Tamil Nadu,Erode,Sathiyamagalam(Uzhavar Sandhai ),Banana - Green,Banana - Green,Local,10/08/2026,3000,3500,3250
Tamil Nadu,Erode,Sathiyamagalam(Uzhavar Sandhai ),Beetroot,Beetroot,Local,10/08/2026,6500,7000,6750
Tamil Nadu,Erode,Sathiyamagalam(Uzhavar Sandhai ),Cucumbar(Kheera),Cucumbar,Local,10/08/2026,2500,3000,2750
Tamil Nadu,Erode,Sathiyamagalam(Uzhavar Sandhai ),Chow Chow,Chow Chow,Local,10/08/2026,2500,3000,2750
Tamil Nadu,Erode,Sathiyamagalam(Uzhavar Sandhai ),Guava,Guava Allahabad,Local,10/08/2026,5000,5500,5250
Uttar Pradesh,Unnao,Purwa APMC,Wheat,Dara,FAQ,10/08/2026,2450.2,2500,2475.07
Uttar Pradesh,Unnao,Purwa APMC,Rice,Common,FAQ,10/08/2026,2525.3,2560.2,2546.83
Uttar Pradesh,Saharanpur,Gangoh APMC,Green Chilli,Other,FAQ,10/08/2026,4000,4000,4000
Uttar Pradesh,Saharanpur,Gangoh APMC,Tomato,Other,FAQ,10/08/2026,800,2000,1723.08
Tamil Nadu,Coimbatore,Mettupalayam(Uzhavar Sandhai ),Groundnut,Big (With Shell),Local,10/08/2026,7000,8000,7500
Tamil Nadu,Coimbatore,Mettupalayam(Uzhavar Sandhai ),Beans,Beans (Whole),Local,10/08/2026,8500,9500,9000
Tamil Nadu,Coimbatore,Mettupalayam(Uzhavar Sandhai ),Snakeguard,Snakeguard,Local,10/08/2026,2500,3000,2750
Tamil Nadu,Coimbatore,Mettupalayam(Uzhavar Sandhai ),Thondekai,Thondekai,Local,10/08/2026,3000,3500,3250
Tamil Nadu,Coimbatore,Mettupalayam(Uzhavar Sandhai ),Cucumbar(Kheera),Cucumbar,Local,10/08/2026,4000,5000,4500
Tamil Nadu,Coimbatore,Mettupalayam(Uzhavar Sandhai ),Tender Coconut,Tender Coconut,Local,10/08/2026,3500,4000,3750
Tamil Nadu,Coimbatore,Mettupalayam(Uzhavar Sandhai ),Yam(Ratalu),Yam (Ratalu),Local,10/08/2026,6500,7000,6750
Tamil Nadu,Coimbatore,Mettupalayam(Uzhavar Sandhai ),Amla(Nelli Kai),Amla,Local,10/08/2026,8000,9000,8500
Tamil Nadu,Coimbatore,Mettupalayam(Uzhavar Sandhai ),Mint(Pudina),Mint(Pudina),Local,10/08/2026,5000,6000,5500
Odisha,Nuapada,Khariar APMC,Tomato,Tomato,Grade A,10/08/2026,3000,3000,3000
Odisha,Nuapada,Khariar APMC,Cucumbar(Kheera),Other,Grade A,10/08/2026,5000,5000,5000
Telangana,Hyderabad,RYTHU BAZAR MEHDIPATNAM,Cluster beans,Cluster Beans,Grade A,10/08/2026,3500,3500,3500
Telangana,Hyderabad,RYTHU BAZAR MEHDIPATNAM,Green Chilli,Green Chilly,Grade A,10/08/2026,4000,4000,4000
Telangana,Hyderabad,RYTHU BAZAR MEHDIPATNAM,Potato,Potato,Grade A,10/08/2026,1600,1600,1600
Odisha,Kendrapara,Kendrapara(Marshaghai) APMC,Brinjal,Round/Long,Grade B,10/08/2026,7000,7000,7000
Odisha,Koraput,Koraput(Semilguda) APMC,Brinjal,Brinjal,Grade A,10/08/2026,2000,3000,2500
Odisha,Koraput,Koraput(Semilguda) APMC,Cucumbar(Kheera),Cucumbar,Grade B,10/08/2026,1500,2000,1800
Uttar Pradesh,Sant Kabir Nagar,Khalilabad APMC,Wheat,Other,FAQ,10/08/2026,2450,2450,2450
Uttar Pradesh,Sant Kabir Nagar,Khalilabad APMC,Tomato,Tomato,Medium,10/08/2026,2200,2500,2300
Uttar Pradesh,Kanpur Dehat,Pukharayan APMC,Mustard,Other,FAQ,10/08/2026,7600,7600,7600
Uttar Pradesh,Kanpur Dehat,Pukharayan APMC,Wheat,Deshi,FAQ,10/08/2026,2550,2550,2550
Uttar Pradesh,Kanpur Dehat,Pukharayan APMC,Tomato,Other,FAQ,10/08/2026,1200,1200,1200
Uttar Pradesh,Kanpur Dehat,Pukharayan APMC,Wood,Other,FAQ,10/08/2026,600,600,600
Uttar Pradesh,Jhansi,Baruwasagar APMC,Colacasia,Arabi,FAQ,10/08/2026,1100,1300,1200
Telangana,Mahbubnagar,Mahabubnagar(Rythu Bazar),Tomato,Deshi,Local,10/08/2026,2000,2000,2000
Uttar Pradesh,Bijnor,Najibabad APMC,Rab/Liquid Jaggery/Molasses,Other,FAQ,10/08/2026,3000,3000,3000
Uttar Pradesh,Bijnor,Najibabad APMC,Garlic,Other,FAQ,10/08/2026,8000,10000,9000
Odisha,Gajapati,Kasinagar APMC,Cashewnuts,Local(Raw),Grade Range-3,10/08/2026,13800,14000,13900
Haryana,Panipat,Samalkha APMC,Green Chilli,Green Chilly,FAQ,10/08/2026,3000,4000,3500
Haryana,Panipat,Samalkha APMC,Onion,Other,FAQ,10/08/2026,2500,2500,2500
Haryana,Panipat,Samalkha APMC,Bitter gourd,Bitter Gourd,FAQ,10/08/2026,2000,2000,2000
Haryana,Panipat,Samalkha APMC,Spinach,Spinach,FAQ,10/08/2026,1000,1000,1000
Haryana,Panipat,Samalkha APMC,Lemon,Lemon,FAQ,10/08/2026,9000,9000,9000
Punjab,Jalandhar,Nakodar(Sarih) APMC,Maize,Deshi Red,Local,10/08/2026,2171,2171,2171
Tamil Nadu,Namakkal,Tiruchengode APMC,Tomato,Other,Local,10/08/2026,1800,2200,2000
Tamil Nadu,Namakkal,Tiruchengode APMC,Bitter gourd,Other,Local,10/08/2026,5400,6000,5700
Tamil Nadu,Namakkal,Tiruchengode APMC,Bhindi(Ladies Finger),Bhindi,Local,10/08/2026,4000,4400,4200
Tamil Nadu,Namakkal,Tiruchengode APMC,Beans,Beans (Whole),Local,10/08/2026,8400,9400,8900
Tamil Nadu,Namakkal,Tiruchengode APMC,Tapioca,Tapioca,Local,10/08/2026,2600,3000,2800
Tamil Nadu,Namakkal,Tiruchengode APMC,Coconut,Coconut,Local,10/08/2026,5400,6000,5700
Tamil Nadu,Namakkal,Tiruchengode APMC,Mint(Pudina),Mint(Pudina),Local,10/08/2026,4500,5000,4750
Telangana,Siddipet,Vantamamidi APMC,Ridgeguard(Tori),Ridgeguard(Tori),Local,10/08/2026,1800,2000,1900
Punjab,Kapurthala,Bhulath (Nadala) APMC,Bitter gourd,Bitter Gourd,Local,10/08/2026,1250,1300,1300
Keralam,Palakad,Vithinasserri VFPCK Market,Pumpkin,Other,Grade A,10/08/2026,1400,1400,1400
Madhya Pradesh,Shajapur,Shajapur(F&V) APMC,Onion,Onion,Grade A,10/08/2026,150,2200,1050
Madhya Pradesh,Shajapur,Shajapur(F&V) APMC,Garlic,Garlic,Grade Range-1,10/08/2026,1500,9000,6200
Andhra Pradesh,Visakhapatnam,Bhimunipatnam APMC,Paddy(Common),Samba Masuri,Local,10/08/2026,2369,2369,2369
Uttar Pradesh,Rampur,Bilaspur APMC,Paddy(Common),Common,FAQ,10/08/2026,2200,2200,2200
Uttar Pradesh,Shamli,Khandhla APMC,Papaya,Papaya,Medium,10/08/2026,1600,1620,1610
Uttar Pradesh,Shamli,Khandhla APMC,Brinjal,Brinjal,FAQ,10/08/2026,700,720,710
Uttar Pradesh,Siddharth Nagar,Naugarh APMC,Mousambi(Sweet Lime),Mousambi,Grade A,10/08/2026,3950,3980,3960
Uttar Pradesh,Siddharth Nagar,Naugarh APMC,Wood,Eucalyptus,FAQ,10/08/2026,200,200,200
Telangana,Hyderabad,RYTHU BAZAR ERRAGADDA,Cauliflower,Cauliflower,Grade A,10/08/2026,1800,1800,1800
Telangana,Hyderabad,RYTHU BAZAR ERRAGADDA,Cluster beans,Cluster Beans,Grade A,10/08/2026,3500,3500,3500
Telangana,Hyderabad,RYTHU BAZAR ERRAGADDA,Cabbage,Cabbage,Grade A,10/08/2026,1600,1600,1600
Telangana,Hyderabad,RYTHU BAZAR ERRAGADDA,Snakeguard,Snakeguard,Grade A,10/08/2026,2300,2300,2300
Telangana,Hyderabad,RYTHU BAZAR ERRAGADDA,Banana - Green,Banana - Green,Grade A,10/08/2026,900,900,900
Telangana,Hyderabad,RYTHU BAZAR ERRAGADDA,Colacasia,Colacasia,Grade A,10/08/2026,2600,2600,2600
Telangana,Hyderabad,RYTHU BAZAR ERRAGADDA,Field Pea,Field Pea,Grade A,10/08/2026,5000,5000,5000
Telangana,Hyderabad,RYTHU BAZAR ERRAGADDA,Leafy Vegetable,Leafy Vegetables,Grade A,10/08/2026,1500,1500,1500
Telangana,Hyderabad,RYTHU BAZAR ERRAGADDA,Beetroot,Beetroot,Grade A,10/08/2026,3200,3200,3200
Telangana,Hyderabad,RYTHU BAZAR ERRAGADDA,French Beans(Frasbean),French Beans (Frasbean),Grade A,10/08/2026,7500,7500,7500
Bihar,Gaya,Gaya APMC,Bitter gourd,Bitter Gourd,FAQ,10/08/2026,1500,1900,1700
Tamil Nadu,Coimbatore,RSPuram(Uzhavar Sandhai ),Apple,American,Local,10/08/2026,20000,27000,23500
Tamil Nadu,Coimbatore,RSPuram(Uzhavar Sandhai ),Mango,Neelam,Local,10/08/2026,6000,7000,6500
Tamil Nadu,Coimbatore,RSPuram(Uzhavar Sandhai ),Garlic,Garlic,Local,10/08/2026,20000,22000,21000
Tamil Nadu,Coimbatore,RSPuram(Uzhavar Sandhai ),Cauliflower,Ranchi,Local,10/08/2026,4200,4800,4500
Tamil Nadu,Coimbatore,RSPuram(Uzhavar Sandhai ),Brinjal,Other,Local,10/08/2026,4400,4800,4600
Tamil Nadu,Coimbatore,RSPuram(Uzhavar Sandhai ),Mousambi(Sweet Lime),Mousambi,Local,10/08/2026,6000,7000,6500
Tamil Nadu,Coimbatore,RSPuram(Uzhavar Sandhai ),Tomato,Local,Local,10/08/2026,1200,1500,1350
Tamil Nadu,Coimbatore,RSPuram(Uzhavar Sandhai ),Banana,Red Banana,Local,10/08/2026,7600,8200,7900
Tamil Nadu,Coimbatore,RSPuram(Uzhavar Sandhai ),Carrot,Pusakesar,Local,10/08/2026,8000,8500,8250
Tamil Nadu,Coimbatore,RSPuram(Uzhavar Sandhai ),Beetroot,Beetroot,Local,10/08/2026,6500,7000,6750
Tamil Nadu,Coimbatore,RSPuram(Uzhavar Sandhai ),Ridgeguard(Tori),Ridgeguard(Tori),Local,10/08/2026,4600,5000,4800
Tamil Nadu,Coimbatore,RSPuram(Uzhavar Sandhai ),Yam(Ratalu),Yam (Ratalu),Local,10/08/2026,9000,9600,9300
Tamil Nadu,Coimbatore,RSPuram(Uzhavar Sandhai ),Colacasia,Colacasia,Local,10/08/2026,4500,5000,4750
Tamil Nadu,Coimbatore,RSPuram(Uzhavar Sandhai ),Onion Green,Onion Green,Local,10/08/2026,7000,8000,7500
Tamil Nadu,Coimbatore,RSPuram(Uzhavar Sandhai ),Mint(Pudina),Mint(Pudina),Local,10/08/2026,4500,5000,4750
Madhya Pradesh,Sagar,Sagar(F&V) APMC,Green Chilli,Green Chilly,Local,10/08/2026,1500,2000,1800
Madhya Pradesh,Sagar,Sagar(F&V) APMC,Other green and fresh vegetables,Other green and fresh vegetables,Local,10/08/2026,600,800,700
Madhya Pradesh,Sagar,Sagar(F&V) APMC,Apple,Apple,Local,10/08/2026,6000,8000,7000
Madhya Pradesh,Morena,Morena(F&V) APMC,Cucumbar(Kheera),Cucumbar,Grade C,10/08/2026,600,2000,2000
Madhya Pradesh,Morena,Morena(F&V) APMC,Tomato,Tomato,Non-FAQ,10/08/2026,1500,1500,1500
Tamil Nadu,Coimbatore,Singanallur(Uzhavar Sandhai ),Onion,Bellary,Local,10/08/2026,3200,3600,3400
Tamil Nadu,Coimbatore,Singanallur(Uzhavar Sandhai ),Garlic,Garlic,Local,10/08/2026,18000,22000,20000
Tamil Nadu,Coimbatore,Singanallur(Uzhavar Sandhai ),Mango,Safeda,Local,10/08/2026,8000,10000,9000
Haryana,Kaithal,Dhand APMC,Potato,Other,Medium,10/08/2026,800,1000,950
Haryana,Kaithal,Siwan APMC,Bhindi(Ladies Finger),Other,FAQ,10/08/2026,1200,1400,1300
Haryana,Kaithal,Siwan APMC,Bottle gourd,Other,FAQ,10/08/2026,1200,1400,1300
Haryana,Kaithal,Siwan APMC,Cucumbar(Kheera),Other,FAQ,10/08/2026,1500,1700,1600
Haryana,Fatehabad,Ratia APMC,Lemon,Other,Grade A,10/08/2026,4500,4500,4500
Haryana,Fatehabad,Ratia APMC,Potato,Other,Grade A,10/08/2026,600,650,620
Telangana,Hyderabad,Bowenpally APMC,Bitter gourd,Bitter Gourd,FAQ,10/08/2026,500,2600,2200
Telangana,Hyderabad,Bowenpally APMC,Bottle gourd,Bottle Gourd,FAQ,10/08/2026,200,600,500
Telangana,Hyderabad,Bowenpally APMC,Capsicum,Capsicum,FAQ,10/08/2026,1000,2400,2000
Telangana,Hyderabad,Bowenpally APMC,Carrot,Carrot,FAQ,10/08/2026,500,3500,2500
Telangana,Hyderabad,Bowenpally APMC,Potato,Potato,FAQ,10/08/2026,600,1300,1100
Telangana,Hyderabad,Bowenpally APMC,Green Chilli,Green Chilly,FAQ,10/08/2026,2000,5000,4000
Telangana,Hyderabad,Bowenpally APMC,Tomato,Other,FAQ,10/08/2026,400,1000,800
Uttar Pradesh,Sitapur,Maholi APMC,Gur(Jaggery),Other,FAQ,10/08/2026,4000,4000,4000
Tripura,South Tripura,Barpathari APMC,Bitter gourd,Bitter Gourd,Local,10/08/2026,5900,6100,6000
Tripura,South Tripura,Barpathari APMC,Cucumbar(Kheera),Cucumbar,Local,10/08/2026,4400,4600,4500
Haryana,Ambala,Ambala Cantt. APMC,Potato,Local,Grade B,10/08/2026,400,800,600
Chattisgarh,Raigarh,Raigarh APMC,Paddy(Common),Mahamaya,Non-FAQ,10/08/2026,1800,1800,1800
West Bengal,Medinipur(E),Egra/contai APMC,Brinjal,Brinjal,FAQ,10/08/2026,3800,4000,3900
West Bengal,Medinipur(E),Egra/contai APMC,Potato,Jyoti,FAQ,10/08/2026,800,850,830
Punjab,Jalandhar,Jalandhar City(Jalandhar) APMC,Guava,Other,Medium,10/08/2026,2000,4200,2500
Punjab,Jalandhar,Jalandhar City(Jalandhar) APMC,Bottle gourd,Bottle Gourd,FAQ,10/08/2026,600,1800,1200
Punjab,Jalandhar,Jalandhar City(Jalandhar) APMC,Bhindi(Ladies Finger),Bhindi,FAQ,10/08/2026,1000,1800,1400
Punjab,Jalandhar,Jalandhar City(Jalandhar) APMC,Cucumbar(Kheera),Cucumbar,FAQ,10/08/2026,600,2000,1300
Punjab,Jalandhar,Jalandhar City(Jalandhar) APMC,Pumpkin,Other,FAQ,10/08/2026,400,600,500
Tamil Nadu,Coimbatore,Udumalpet APMC,Cluster beans,Cluster Beans,Local,10/08/2026,3500,4200,3850
Tamil Nadu,Coimbatore,Udumalpet APMC,Onion,Bellary,Local,10/08/2026,3500,4300,3900
Tamil Nadu,Coimbatore,Udumalpet APMC,Pumpkin,Pumpkin,Local,10/08/2026,1500,2000,1750
Tamil Nadu,Coimbatore,Udumalpet APMC,Snakeguard,Snakeguard,Local,10/08/2026,2500,3000,2750
Tamil Nadu,Coimbatore,Udumalpet APMC,Indian Beans(Seam),Indian Beans (Seam),Local,10/08/2026,6000,7000,6500
Tamil Nadu,Coimbatore,Udumalpet APMC,Sweet Corn ,Sweet Corn ,Local,10/08/2026,4000,4500,4250
Tamil Nadu,Tuticorin,Ettayapuram APMC,Maize,Other,Local,10/08/2026,1600,1800,1700
Madhya Pradesh,Harda,Khirakiya APMC,Bengal Gram(Gram)(Whole),Desi (F.A.Q. Split),Non-FAQ,10/08/2026,5900,5900,5900
Madhya Pradesh,Harda,Khirakiya APMC,Wheat,Mill Quality,Non-FAQ,10/08/2026,2401,2635,2621
Madhya Pradesh,Harda,Khirakiya APMC,Red gram/Arhar/Tur(whole),Arhar Dal(Tur),Non-FAQ,10/08/2026,6400,6400,6400
Madhya Pradesh,Harda,Khirakiya APMC,Green Gram(Moong)(Whole),Green (Whole),Non-FAQ,10/08/2026,2716,6501,6501
Himachal Pradesh,Hamirpur,SMY Nadaun,Banana,Other,Grade B,10/08/2026,4000,4200,4100
Himachal Pradesh,Hamirpur,SMY Nadaun,Mousambi(Sweet Lime),Mousambi,Grade B,10/08/2026,6000,6200,6100
Himachal Pradesh,Hamirpur,SMY Nadaun,Potato,Other,Grade B,10/08/2026,1000,1400,1250
Himachal Pradesh,Kangra,SMY Jassur,Banana,Other,Medium,10/08/2026,4500,5500,5000
Himachal Pradesh,Kangra,SMY Jassur,Bhindi(Ladies Finger),Bhindi,FAQ,10/08/2026,2500,3000,2700
Himachal Pradesh,Kangra,SMY Jassur,Cauliflower,Other,FAQ,10/08/2026,4000,5000,4500
Himachal Pradesh,Kangra,SMY Nagrota Bagwan,Mousambi(Sweet Lime),Mousambi,Medium,10/08/2026,5000,6000,5500
Himachal Pradesh,Kangra,SMY Nagrota Bagwan,Cauliflower,Cauliflower,FAQ,10/08/2026,5000,6000,5500
Himachal Pradesh,Kangra,SMY Nagrota Bagwan,Capsicum,Capsicum,FAQ,10/08/2026,5000,5200,5100
Himachal Pradesh,Kangra,SMY Nagrota Bagwan,Colacasia,Colacasia,FAQ,10/08/2026,2000,2600,2300
Himachal Pradesh,Kangra,SMY Nagrota Bagwan,Green Chilli,Green Chilly,FAQ,10/08/2026,4000,5000,4500
Himachal Pradesh,Kangra,SMY Nagrota Bagwan,Potato,Potato,FAQ,10/08/2026,1000,1800,1400
Himachal Pradesh,Kangra,SMY Nagrota Bagwan,French Beans(Frasbean),French Beans (Frasbean),FAQ,10/08/2026,5500,7500,6500
Himachal Pradesh,Kullu,SMY Chauri Bihal,Peas Wet,Other,Grade Range-1,10/08/2026,1000,8500,6000
Himachal Pradesh,Kullu,SMY Chauri Bihal,Apple,Other,Grade Range-1,10/08/2026,2000,10000,7000
Himachal Pradesh,Kullu,SMY Chauri Bihal,Capsicum,Other,Grade Range-1,10/08/2026,3000,4000,3500
Himachal Pradesh,Shimla,SMY Rampur,Raddish,Other,Local,10/08/2026,2000,2500,2200
Himachal Pradesh,Shimla,SMY Rampur,Green Chilli,Green Chilly,Local,10/08/2026,5000,8000,7000
Himachal Pradesh,Shimla,SMY Rampur,Bottle gourd,Bottle Gourd,Local,10/08/2026,3000,3500,3200
Himachal Pradesh,Shimla,SMY Rampur,Apple,Apple,Local,10/08/2026,5000,7000,6000
Himachal Pradesh,Shimla,SMY Rampur,Pear(Marasebu),Other,Local,10/08/2026,4000,4500,4200
Himachal Pradesh,Shimla,SMY Rampur,Cauliflower,Other,Local,10/08/2026,6000,6500,6200
Madhya Pradesh,Indore,Sanwer APMC,Soyabean,Soyabeen,FAQ,10/08/2026,5800,6911,6794
Madhya Pradesh,Dhar,Badnawar APMC,Bengal Gram(Gram)(Whole),Gram,FAQ,10/08/2026,6050,6050,6050
Madhya Pradesh,Dhar,Rajgarh APMC,Soyabean,Yellow,FAQ,10/08/2026,2580,6850,6825
Madhya Pradesh,Jhabua,Petlawad APMC,Onion,Red,FAQ,10/08/2026,1400,1400,1400
Madhya Pradesh,Jhabua,Petlawad APMC,Onion,Bellary,FAQ,10/08/2026,1900,1900,1900
West Bengal,Darjeeling,Siliguri APMC,Green Chilli,Green Chilly,FAQ,10/08/2026,6000,6500,6200
West Bengal,Darjeeling,Siliguri APMC,Masur Dal,Masur Dal,FAQ,10/08/2026,12300,12700,12500
Gujarat,Gandhinagar,Dehgam(Rekhiyal) APMC,Bajra(Pearl Millet/Cumbu),Other,FAQ,10/08/2026,2280,2325,2302
Gujarat,Gandhinagar,Dehgam(Rekhiyal) APMC,Castor Seed,Other,FAQ,10/08/2026,6825,6860,6842
Madhya Pradesh,Jhabua,Thandla APMC,Wheat,Wheat,FAQ,10/08/2026,2630,2635,2635
Madhya Pradesh,Jhabua,Thandla APMC,Wheat,Lokwan,FAQ,10/08/2026,2500,2600,2600
Madhya Pradesh,Khargone,Bhikangaon APMC,Wheat,Wheat,FAQ,10/08/2026,2610,2723,2674
Madhya Pradesh,Khargone,Bhikangaon APMC,Red gram/Arhar/Tur(whole),Arhar Dal(Tur),FAQ,10/08/2026,4705,4705,4705
Madhya Pradesh,Alirajpur,Jobat APMC,Maize,Local,FAQ,10/08/2026,2001,2001,2001
Madhya Pradesh,Alirajpur,Jobat APMC,Soyabean,Soyabeen,FAQ,10/08/2026,6210,6230,6230
Madhya Pradesh,Khargone,Karhi APMC,Wheat,Wheat,FAQ,10/08/2026,2700,2750,2750
Nagaland,Phek,Phek APMC,Pineapple,Other,Local,10/08/2026,4600,4800,4700
Nagaland,Phek,Phek APMC,Potato,Potato,Local,10/08/2026,3700,3900,3800
Madhya Pradesh,Badwani,Anjad APMC,Wheat,Wheat,FAQ,10/08/2026,2600,2600,2600
Madhya Pradesh,Shajapur,Shujalpur APMC,Onion,Red,FAQ,10/08/2026,250,2652,2050
Madhya Pradesh,Chhindwara,Saunsar APMC,Red gram/Arhar/Tur(whole),Arhar Dal(Tur),FAQ,10/08/2026,7700,7800,7800
Madhya Pradesh,Shivpuri,Khaniadhana APMC,Wheat,Mill Quality,FAQ,10/08/2026,2387,2527,2425
Uttar Pradesh,Gorakhpur,Gorakhpur APMC,Wheat,Dara Mill Quality,FAQ,10/08/2026,2500,2500,2500
Uttar Pradesh,Gorakhpur,Gorakhpur APMC,Wood,Other,FAQ,10/08/2026,450,450,450
Punjab,Tarntaran,Bhikhiwind APMC,Ridgeguard(Tori),Ridgeguard(Tori),Local,10/08/2026,1100,1100,1100
Himachal Pradesh,Kullu,SMY Bandrol,French Beans(Frasbean),Other,FAQ,10/08/2026,2800,4200,3500
Himachal Pradesh,Kullu,SMY Bandrol,Cucumbar(Kheera),Other,FAQ,10/08/2026,1000,1600,1300
Himachal Pradesh,Kullu,SMY Bandrol,Tomato,Other,FAQ,10/08/2026,1000,2300,1800
Himachal Pradesh,Kullu,SMY Bandrol,Apple,Delicious,Grade A,10/08/2026,2000,14000,8500
Tamil Nadu,Erode,Gobichettipalayam(Uzhavar Sandhai ),Brinjal,Round,Local,10/08/2026,4400,4600,4500
Tamil Nadu,Erode,Gobichettipalayam(Uzhavar Sandhai ),Papaya,Papaya,Local,10/08/2026,3000,3400,3200
Tamil Nadu,Erode,Gobichettipalayam(Uzhavar Sandhai ),Tomato,Deshi,Local,10/08/2026,1600,1800,1700
Tamil Nadu,Erode,Gobichettipalayam(Uzhavar Sandhai ),Banana,Besrai,Local,10/08/2026,2400,2800,2600
Tamil Nadu,Erode,Gobichettipalayam(Uzhavar Sandhai ),Green Chilli,Green Chilly,Local,10/08/2026,4400,4600,4500
Tamil Nadu,Erode,Gobichettipalayam(Uzhavar Sandhai ),Snakeguard,Snakeguard,Local,10/08/2026,3800,4000,3900
Tamil Nadu,Erode,Gobichettipalayam(Uzhavar Sandhai ),Ridgeguard(Tori),Ridgeguard(Tori),Local,10/08/2026,4600,4800,4700
Tamil Nadu,Erode,Gobichettipalayam(Uzhavar Sandhai ),Elephant Yam(Suran)/Amorphophallus,Elephant Yam (Suran),Local,10/08/2026,4000,4500,4250
Tamil Nadu,Erode,Gobichettipalayam(Uzhavar Sandhai ),Mint(Pudina),Mint(Pudina),Local,10/08/2026,3800,4000,3900
Uttar Pradesh,Kannuj,Kannauj APMC,Wheat,Dara,FAQ,10/08/2026,2575,2575,2575
Tamil Nadu,Erode,Sampath Nagar(Uzhavar Sandhai ),Groundnut,Big (With Shell),Local,10/08/2026,5500,6000,5750
Tamil Nadu,Erode,Sampath Nagar(Uzhavar Sandhai ),Mango,Safeda,Local,10/08/2026,6000,8000,7000
Tamil Nadu,Erode,Sampath Nagar(Uzhavar Sandhai ),Onion,Bellary,Local,10/08/2026,4000,4200,4100
Tamil Nadu,Erode,Sampath Nagar(Uzhavar Sandhai ),Brinjal,Other,Local,10/08/2026,3200,3600,3400
Tamil Nadu,Erode,Sampath Nagar(Uzhavar Sandhai ),Coriander(Leaves),I Sort,Local,10/08/2026,3500,4000,3750
Tamil Nadu,Erode,Sampath Nagar(Uzhavar Sandhai ),Papaya,Papaya,Local,10/08/2026,3000,3400,3200
Tamil Nadu,Erode,Sampath Nagar(Uzhavar Sandhai ),Apple,American,Local,10/08/2026,26000,27000,26500
Tamil Nadu,Erode,Sampath Nagar(Uzhavar Sandhai ),Bhindi(Ladies Finger),Bhindi,Local,10/08/2026,3600,4000,3800
Tamil Nadu,Erode,Sampath Nagar(Uzhavar Sandhai ),Banana - Green,Banana - Green,Local,10/08/2026,3000,3500,3250
Tamil Nadu,Erode,Sampath Nagar(Uzhavar Sandhai ),Coconut,Coconut,Local,10/08/2026,5000,5500,5250
Tamil Nadu,Erode,Sampath Nagar(Uzhavar Sandhai ),Snakeguard,Snakeguard,Local,10/08/2026,3500,4000,3750
Tamil Nadu,Erode,Sampath Nagar(Uzhavar Sandhai ),Capsicum,Capsicum,Local,10/08/2026,5200,5600,5400
Tamil Nadu,Erode,Sampath Nagar(Uzhavar Sandhai ),Raddish,Raddish,Local,10/08/2026,2200,2600,2400
Tamil Nadu,Erode,Sampath Nagar(Uzhavar Sandhai ),Chow Chow,Chow Chow,Local,10/08/2026,3000,3500,3250
Tamil Nadu,Erode,Sampath Nagar(Uzhavar Sandhai ),Mint(Pudina),Mint(Pudina),Local,10/08/2026,4000,4500,4250
Madhya Pradesh,Datia,Datia APMC,Wheat,Mill Quality,FAQ,10/08/2026,2550,2610,2600
Himachal Pradesh,Shimla,SMY Rohroo,Brinjal,Arkasheela Mattigulla,Grade B,10/08/2026,3000,3200,3100
Himachal Pradesh,Shimla,SMY Rohroo,Bottle gourd,Bottle Gourd,Grade B,10/08/2026,3000,3200,3100
Himachal Pradesh,Shimla,SMY Rohroo,Cabbage,Other,Grade B,10/08/2026,1800,2200,2000
Himachal Pradesh,Shimla,SMY Rohroo,Potato,Local,Grade B,10/08/2026,1700,1900,1800
Himachal Pradesh,Shimla,SMY Rohroo,Guava,Guava,Grade B,10/08/2026,10000,11000,10500
Himachal Pradesh,Una,SMY Santoshgarh,Papaya,Papaya,Grade A,10/08/2026,4000,4000,4000
Himachal Pradesh,Una,SMY Santoshgarh,Pear(Marasebu),Other,Grade A,10/08/2026,4000,4000,4000
Himachal Pradesh,Una,SMY Santoshgarh,Tomato,Tomato,FAQ,10/08/2026,2800,3000,2900
Himachal Pradesh,Una,SMY Santoshgarh,Capsicum,Capsicum,FAQ,10/08/2026,5000,5000,5000
Himachal Pradesh,Una,SMY Santoshgarh,Peas Wet,Peas Wet,FAQ,10/08/2026,8000,8000,8000
Himachal Pradesh,Una,SMY Santoshgarh,Brinjal,Round/Long,FAQ,10/08/2026,2000,2000,2000
Punjab,Jalandhar,Phillaur(Apra Mandi) APMC,Bottle gourd,Other,FAQ,10/08/2026,2500,2500,2500
Punjab,Jalandhar,Phillaur(Apra Mandi) APMC,Potato,Other,FAQ,10/08/2026,900,900,900
Punjab,Jalandhar,Phillaur(Apra Mandi) APMC,Squash(Chappal Kadoo),Other,FAQ,10/08/2026,1000,1000,1000
Madhya Pradesh,Gwalior,Lashkar APMC,Green Gram(Moong)(Whole),Green (Whole),FAQ,10/08/2026,5905,5905,5905
Madhya Pradesh,Gwalior,Lashkar APMC,Mustard,Mustard,FAQ,10/08/2026,7555,8025,7845
Madhya Pradesh,Guna,Guna APMC,Mustard,Mustard,FAQ,10/08/2026,7380,7695,7695
Madhya Pradesh,Guna,Guna APMC,buttery,Buttery,FAQ,10/08/2026,2925,2925,2925
Madhya Pradesh,Guna,Guna APMC,Red gram/Arhar/Tur(whole),Arhar Dal(Tur),FAQ,10/08/2026,6350,6350,6350
West Bengal,Jhargram,Jhargram APMC,Little gourd(Kundru),Little gourd (Kundru),FAQ,10/08/2026,2500,3000,2700
Madhya Pradesh,Satna,Mehar APMC,Mustard,Mustard,FAQ,10/08/2026,6880,7000,7000
Madhya Pradesh,Satna,Mehar APMC,Kodo Millet(Varagu),Kondo,Non-FAQ,10/08/2026,2400,2505,2505
Odisha,Jagatsinghpur,Rahama APMC,Pumpkin,Other,Local,10/08/2026,2000,3000,2500
Tripura,Khowai,Kalyanpur APMC,Sponge gourd,Sponge gourd,FAQ,10/08/2026,5500,5700,5600
Tripura,Khowai,Kalyanpur APMC,Potato,Jalander,FAQ,10/08/2026,2000,2200,2100
Punjab,Jalandhar,Mehatpur APMC,Sponge gourd,Other,Local,10/08/2026,3300,3500,3400
Madhya Pradesh,Shivpuri,Kolaras APMC,Lentil(Masur)(Whole),Masur Dal,Non-FAQ,10/08/2026,5760,5760,5760
Madhya Pradesh,Damoh,Damoh APMC,Soyabean,Soyabeen,Non-FAQ,10/08/2026,6150,6200,6200
Madhya Pradesh,Damoh,Damoh APMC,Linseed,Flaxseed,FAQ,10/08/2026,8895,8900,8900
Madhya Pradesh,Damoh,Damoh APMC,gulli,Gulli,FAQ,10/08/2026,4850,5375,5350
Madhya Pradesh,Damoh,Damoh APMC,Mustard,Mustard,FAQ,10/08/2026,6200,7565,7495
Madhya Pradesh,Narsinghpur,Gotegaon APMC,Wheat,Mill Quality,Non-FAQ,10/08/2026,2450,2460,2460
Madhya Pradesh,Narsinghpur,Gotegaon APMC,Black Gram(Urd Beans)(Whole),Urda/Urd,Non-FAQ,10/08/2026,6500,6500,6500
Tamil Nadu,Vellore,Pallikonda(Uzhavar Sandhai),Cluster beans,Cluster Beans,Local,10/08/2026,4000,4000,4000
Tamil Nadu,Vellore,Pallikonda(Uzhavar Sandhai),Ashgourd,Gouard,Local,10/08/2026,3000,3000,3000
Tamil Nadu,Vellore,Pallikonda(Uzhavar Sandhai),Bhindi(Ladies Finger),Bhindi,Local,10/08/2026,3200,3200,3200
Tamil Nadu,Vellore,Pallikonda(Uzhavar Sandhai),Green Chilli,Green Chilly,Local,10/08/2026,4600,4600,4600
Tamil Nadu,Vellore,Pallikonda(Uzhavar Sandhai),Coconut,Coconut,Local,10/08/2026,3000,3500,3250
Tamil Nadu,Vellore,Pallikonda(Uzhavar Sandhai),Ridgeguard(Tori),Ridgeguard(Tori),Local,10/08/2026,3500,4000,3750
Tamil Nadu,Vellore,Pallikonda(Uzhavar Sandhai),Chow Chow,Chow Chow,Local,10/08/2026,3000,3000,3000
Andhra Pradesh,Kakinada,Samalkot APMC,Paddy(Common),Paddy,FAQ,10/08/2026,2369,2380,2369
Karnataka,Dharwad,APMC Hubballi,Green Gram(Moong)(Whole),Green (Whole),Local,10/08/2026,1009,9869,7915
Tamil Nadu,Pudukkottai,Ponnamaravathi(Uzhavar Sandhai),Tomato,Deshi,Local,10/08/2026,2000,2400,2200
Tamil Nadu,Pudukkottai,Ponnamaravathi(Uzhavar Sandhai),Pumpkin,Pumpkin,Local,10/08/2026,1000,1500,1250
Tamil Nadu,Pudukkottai,Ponnamaravathi(Uzhavar Sandhai),Banana - Green,Banana - Green,Local,10/08/2026,2500,3000,2750
Tamil Nadu,Pudukkottai,Ponnamaravathi(Uzhavar Sandhai),Coconut,Coconut,Local,10/08/2026,3500,4000,3750
Tamil Nadu,Pudukkottai,Ponnamaravathi(Uzhavar Sandhai),Ridgeguard(Tori),Ridgeguard(Tori),Local,10/08/2026,6500,7000,6750
Tamil Nadu,Pudukkottai,Ponnamaravathi(Uzhavar Sandhai),Raddish,Raddish,Local,10/08/2026,3500,4000,3750
Tamil Nadu,Pudukkottai,Ponnamaravathi(Uzhavar Sandhai),Drumstick,Drumstick,Local,10/08/2026,6500,7000,6750
Odisha,Kalahandi,Bhawanipatna APMC,Bitter gourd,Other,Local,10/08/2026,2900,2900,2900
Keralam,Malappuram,Manjeri Market,Potato,Other,Local,10/08/2026,2450,2550,2500
Keralam,Malappuram,Manjeri Market,Tomato,Other,Local,10/08/2026,1750,1850,1800
Keralam,Malappuram,Manjeri Market,Carrot,Other,Local,10/08/2026,8950,9050,9000
Keralam,Malappuram,Manjeri Market,Colacasia,Other,Local,10/08/2026,5450,5550,5500
Keralam,Malappuram,Manjeri Market,Cowpea(Veg),Other,Local,10/08/2026,5250,5350,5300
Keralam,Malappuram,Manjeri Market,Cucumbar(Kheera),Other,Local,10/08/2026,1650,1750,1700
Keralam,Malappuram,Manjeri Market,Beetroot,Other,Local,10/08/2026,4450,4550,4500
Odisha,Kalahandi,Junagarh APMC,Banana - Green,Other,Grade B,10/08/2026,2200,2400,2300
Odisha,Kalahandi,Junagarh APMC,Bitter gourd,Other,Grade B,10/08/2026,2400,2800,2600
Keralam,Palakad,Palakkad Market,Banana,Palayamthodan,Medium,10/08/2026,2700,4000,3400
Keralam,Palakad,Palakkad Market,Cowpea(Lobia/Karamani),Cowpea (Whole),FAQ,10/08/2026,10000,12000,11100
Keralam,Palakad,Palakkad Market,Green Gram(Moong)(Whole),Green (Whole),FAQ,10/08/2026,11500,13000,12300
Keralam,Palakad,Palakkad Market,Ashgourd,Ashgourd,Small,10/08/2026,1100,2000,1600
Keralam,Palakad,Palakkad Market,Banana - Green,Banana - Green,FAQ,10/08/2026,5000,6000,5600
Keralam,Palakad,Palakkad Market,Beetroot,Beetroot,FAQ,10/08/2026,4200,5000,4700
Keralam,Palakad,Palakkad Market,Colacasia,Other,FAQ,10/08/2026,6500,7500,7100
Keralam,Palakad,Palakkad Market,Little gourd(Kundru),Other,FAQ,10/08/2026,4800,5500,5200
Keralam,Palakad,Koduvayoor Market,Banana,Palayamthodan,Medium,10/08/2026,3000,3400,3200
Keralam,Palakad,Koduvayoor Market,Elephant Yam(Suran)/Amorphophallus,Other,Medium,10/08/2026,5400,5800,5600
Keralam,Palakad,Koduvayoor Market,Banana - Green,Banana - Green,Medium,10/08/2026,3200,3600,3400
Keralam,Palakad,Koduvayoor Market,Cucumbar(Kheera),Cucumbar,Medium,10/08/2026,1600,2000,1800
Keralam,Palakad,Koduvayoor Market,Green Avare(W),Green Avare (W),Medium,10/08/2026,7000,7400,7200
Keralam,Palakad,Koduvayoor Market,Mango(Raw-Ripe),Mango - Raw-Ripe,Medium,10/08/2026,8000,8400,8200
Uttar Pradesh,Bahraich,Risia APMC,Wood,Other,FAQ,10/08/2026,480,600,563.48
Punjab,Muktsar,Muktsar APMC,Mousambi(Sweet Lime),Mousambi,Medium,10/08/2026,4000,6000,5000
Punjab,Muktsar,Muktsar APMC,Pear(Marasebu),Other,Medium,10/08/2026,2500,5500,4000
Tamil Nadu,Nagapattinam,Mayiladuthurai(Uzhavar Sandhai ),Onion,Bellary,Local,10/08/2026,2500,3000,2750
Tamil Nadu,Nagapattinam,Mayiladuthurai(Uzhavar Sandhai ),Cauliflower,Ranchi,Local,10/08/2026,5000,5000,5000
Tamil Nadu,Nagapattinam,Mayiladuthurai(Uzhavar Sandhai ),Green Chilli,Green Chilly,Local,10/08/2026,5500,6000,5750
Tamil Nadu,Nagapattinam,Mayiladuthurai(Uzhavar Sandhai ),Ridgeguard(Tori),Ridgeguard(Tori),Local,10/08/2026,6000,7000,6500
Tamil Nadu,Nagapattinam,Mayiladuthurai(Uzhavar Sandhai ),Lime,Lime,Local,10/08/2026,3500,4000,3750
Rajasthan,Pratapgarh,Pratapgarh APMC,Methi Seeds,Other,FAQ,10/08/2026,6025,6745,6470
Uttar Pradesh,Hardoi,Hardoi APMC,Wheat,Wheat-Organic,FAQ,10/08/2026,2600,2600,2600
Uttar Pradesh,Hardoi,Hardoi APMC,Paddy(Common),Common,FAQ,10/08/2026,1600,1600,1600
Uttar Pradesh,Jaunpur,Jaunpur APMC,Tomato,Other,FAQ,10/08/2026,1300,1700,1523.94
Uttar Pradesh,Jaunpur,Jaunpur APMC,Onion,Other,FAQ,10/08/2026,1600,2200,1952.94
Uttar Pradesh,Jaunpur,Jaunpur APMC,Wood,Other,FAQ,10/08/2026,500,550,516.87
Uttar Pradesh,Jaunpur,Jaunpur APMC,Wheat,Deshi,FAQ,10/08/2026,2550,2550,2550
Uttar Pradesh,Jaunpur,Jaunpur APMC,Firewood,Firewood,FAQ,10/08/2026,610,610,610
Uttar Pradesh,Lucknow,Lucknow APMC,Tomato,Other,FAQ,10/08/2026,2000,2000,2000
Uttar Pradesh,Lucknow,Lucknow APMC,Black Gram Dal(Urd Dal),Other,FAQ,10/08/2026,10450,12600,12111.36
Uttar Pradesh,Lucknow,Lucknow APMC,Masur Dal,Other,FAQ,10/08/2026,5730,5730,5730
Uttar Pradesh,Lucknow,Lucknow APMC,Wood,Other,FAQ,10/08/2026,400,2096.84,960.92
Uttar Pradesh,Lucknow,Lucknow APMC,Methi Seeds,Other,FAQ,10/08/2026,5100,5100,5100
Uttar Pradesh,Lucknow,Lucknow APMC,Wheat,Other,FAQ,10/08/2026,2400,2400,2400
Uttar Pradesh,Mainpuri,Mainpuri APMC,Potato,Other,FAQ,10/08/2026,500,500,500
Tamil Nadu,Pudukkottai,Viralimalai(Uzhavar Sandhai ),Brinjal,Round,Local,10/08/2026,7000,8000,7500
Tamil Nadu,Pudukkottai,Viralimalai(Uzhavar Sandhai ),Bitter gourd,Bitter Gourd,Local,10/08/2026,8000,9000,8500
Tamil Nadu,Pudukkottai,Viralimalai(Uzhavar Sandhai ),Green Chilli,Green Chilly,Local,10/08/2026,6500,7000,6750
Tamil Nadu,Pudukkottai,Viralimalai(Uzhavar Sandhai ),Banana - Green,Banana - Green,Local,10/08/2026,2500,3000,2750
Tamil Nadu,Pudukkottai,Viralimalai(Uzhavar Sandhai ),Ridgeguard(Tori),Ridgeguard(Tori),Local,10/08/2026,5500,6000,5750
Tamil Nadu,Pudukkottai,Viralimalai(Uzhavar Sandhai ),Green Avare(W),Green Avare (W),Local,10/08/2026,6000,7000,6500
Tamil Nadu,Pudukkottai,Viralimalai(Uzhavar Sandhai ),Drumstick,Drumstick,Local,10/08/2026,6500,7000,6750
Tamil Nadu,Pudukkottai,Viralimalai(Uzhavar Sandhai ),Lemon,Lemon,Local,10/08/2026,6000,7000,6500
Tamil Nadu,Pudukkottai,Viralimalai(Uzhavar Sandhai ),Amla(Nelli Kai),Amla,Local,10/08/2026,6000,7000,6500
Tamil Nadu,Pudukkottai,Viralimalai(Uzhavar Sandhai ),Onion Green,Onion Green,Local,10/08/2026,6500,7000,6750
Tamil Nadu,Ramanathapuram,Kamuthi(Uzhavar Sandhai ),Brinjal,Round,Local,10/08/2026,5000,5500,5250
Tamil Nadu,Ramanathapuram,Kamuthi(Uzhavar Sandhai ),Tomato,Other,Local,10/08/2026,3000,3000,3000
Rajasthan,Jodhpur,Osiyan Mathania APMC,Cummin Seed(Jeera),Other,Local,10/08/2026,15000,18000,16500
Tamil Nadu,Ramanathapuram,Paramakudi(Uzhavar Sandhai ),Brinjal,Round,Local,10/08/2026,4800,5000,4900
Tamil Nadu,Ramanathapuram,Paramakudi(Uzhavar Sandhai ),Bitter gourd,Bitter Gourd,Local,10/08/2026,5000,5500,5250
Tamil Nadu,Ramanathapuram,Paramakudi(Uzhavar Sandhai ),Beans,Beans (Whole),Local,10/08/2026,8000,9000,8500
Tamil Nadu,Ramanathapuram,Paramakudi(Uzhavar Sandhai ),Ginger(Green),Green Ginger,Local,10/08/2026,17000,18000,17500
Tamil Nadu,Ramanathapuram,Paramakudi(Uzhavar Sandhai ),Coconut,Coconut,Local,10/08/2026,6500,6800,6650
Tamil Nadu,Ramanathapuram,Paramakudi(Uzhavar Sandhai ),Raddish,Raddish,Local,10/08/2026,4000,4500,4250
Tamil Nadu,Ramanathapuram,Paramakudi(Uzhavar Sandhai ),Green Avare(W),Green Avare (W),Local,10/08/2026,7500,8000,7750
Tamil Nadu,Ramanathapuram,Paramakudi(Uzhavar Sandhai ),Tube Flower,Tube Flower,Local,10/08/2026,50000,55000,52500
Tamil Nadu,Ramanathapuram,Ramanathapuram(Uzhavar Sandhai ),Bitter gourd,Bitter Gourd,Local,10/08/2026,5500,6000,5750
Tamil Nadu,Ramanathapuram,Ramanathapuram(Uzhavar Sandhai ),Coriander(Leaves),I Sort,Local,10/08/2026,8500,9000,8750
Tamil Nadu,Ramanathapuram,Ramanathapuram(Uzhavar Sandhai ),Carrot,Pusakesar,Local,10/08/2026,7000,7500,7250
Tamil Nadu,Ramanathapuram,Ramanathapuram(Uzhavar Sandhai ),Elephant Yam(Suran)/Amorphophallus,Elephant Yam (Suran),Local,10/08/2026,7000,7500,7250
Tamil Nadu,Pudukkottai,Alangudi(Uzhavar Sandhai ),Cluster beans,Cluster Beans,Local,10/08/2026,4500,5000,4750
Tamil Nadu,Pudukkottai,Alangudi(Uzhavar Sandhai ),Bitter gourd,Other,Local,10/08/2026,8000,9000,8500
Tamil Nadu,Pudukkottai,Alangudi(Uzhavar Sandhai ),Pumpkin,Pumpkin,Local,10/08/2026,1000,1500,1250
Tamil Nadu,Pudukkottai,Alangudi(Uzhavar Sandhai ),Green Chilli,Green Chilly,Local,10/08/2026,6000,7000,6500
Tamil Nadu,Pudukkottai,Alangudi(Uzhavar Sandhai ),Banana - Green,Banana - Green,Local,10/08/2026,2500,3000,2750
Tamil Nadu,Pudukkottai,Alangudi(Uzhavar Sandhai ),Coconut,Coconut,Local,10/08/2026,3500,4000,3750
Tamil Nadu,Pudukkottai,Alangudi(Uzhavar Sandhai ),Raddish,Raddish,Local,10/08/2026,3500,4000,3750
Tamil Nadu,Pudukkottai,Alangudi(Uzhavar Sandhai ),Onion Green,Onion Green,Local,10/08/2026,6000,7000,6500
Tamil Nadu,Thiruvannamalai,Arani(Uzhavar Sandhai ),Mango,Safeda,Local,10/08/2026,4000,5000,4500
Tamil Nadu,Thiruvannamalai,Arani(Uzhavar Sandhai ),Garlic,Garlic,Local,10/08/2026,22000,25000,23500
Tamil Nadu,Thiruvannamalai,Arani(Uzhavar Sandhai ),Coriander(Leaves),I Sort,Local,10/08/2026,4000,5000,4500
Tamil Nadu,Thiruvannamalai,Arani(Uzhavar Sandhai ),Banana,Other,Local,10/08/2026,5000,6000,5500
Tamil Nadu,Thiruvannamalai,Arani(Uzhavar Sandhai ),Green Chilli,Green Chilly,Local,10/08/2026,5000,6000,5500
Tamil Nadu,Thiruvannamalai,Arani(Uzhavar Sandhai ),Banana - Green,Banana - Green,Local,10/08/2026,1500,2000,1750
Tamil Nadu,Thiruvannamalai,Arani(Uzhavar Sandhai ),Ginger(Green),Green Ginger,Local,10/08/2026,20000,24000,22000
Tamil Nadu,Thiruvannamalai,Arani(Uzhavar Sandhai ),Knool Khol,Knool Khol,Local,10/08/2026,4000,4800,4400
Tamil Nadu,Thiruvannamalai,Polur(Uzhavar Sandhai ),Onion,Bellary,Local,10/08/2026,3300,4000,3650
Tamil Nadu,Thiruvannamalai,Polur(Uzhavar Sandhai ),Papaya,Papaya,Local,10/08/2026,2500,3000,2750
Tamil Nadu,Thiruvannamalai,Polur(Uzhavar Sandhai ),Coconut,Coconut,Local,10/08/2026,4000,4500,4250
Tamil Nadu,Thiruvannamalai,Polur(Uzhavar Sandhai ),Sweet Potato,Hosur Red,Local,10/08/2026,3300,4000,3650
Tamil Nadu,Thiruvannamalai,Polur(Uzhavar Sandhai ),Snakeguard,Snakeguard,Local,10/08/2026,2500,3000,2750
Tamil Nadu,Thiruvannamalai,Polur(Uzhavar Sandhai ),Beetroot,Beetroot,Local,10/08/2026,4000,4800,4400
Tamil Nadu,Thiruvannamalai,Polur(Uzhavar Sandhai ),Cucumbar(Kheera),Cucumbar,Local,10/08/2026,3300,4000,3650
Tamil Nadu,Thiruvannamalai,Polur(Uzhavar Sandhai ),Chow Chow,Chow Chow,Local,10/08/2026,4000,4800,4400
Tamil Nadu,Thiruvannamalai,Polur(Uzhavar Sandhai ),Colacasia,Colacasia,Local,10/08/2026,3300,4000,3650
Tamil Nadu,Thiruvannamalai,Polur(Uzhavar Sandhai ),Rose(Local),Rose (Local),Local,10/08/2026,15000,18000,16500
Tamil Nadu,Thiruvannamalai,Tiruvannamalai(Uzhavar Sandhai ),Mango,Safeda,Local,10/08/2026,7000,8000,7500
Tamil Nadu,Thiruvannamalai,Tiruvannamalai(Uzhavar Sandhai ),Potato,Red Nanital,Local,10/08/2026,3000,3600,3300
Tamil Nadu,Thiruvannamalai,Tiruvannamalai(Uzhavar Sandhai ),Mousambi(Sweet Lime),Mousambi,Local,10/08/2026,7000,8000,7500
Tamil Nadu,Thiruvannamalai,Tiruvannamalai(Uzhavar Sandhai ),Banana,Besrai,Local,10/08/2026,4000,5000,4500
Tamil Nadu,Thiruvannamalai,Tiruvannamalai(Uzhavar Sandhai ),Tomato,Deshi,Local,10/08/2026,1200,1600,1400
Tamil Nadu,Thiruvannamalai,Tiruvannamalai(Uzhavar Sandhai ),Tapioca,Tapioca,Local,10/08/2026,2500,3000,2750
Tamil Nadu,Thiruvannamalai,Tiruvannamalai(Uzhavar Sandhai ),Sweet Potato,Hosur Red,Local,10/08/2026,3500,4000,3750
Tamil Nadu,Thiruvannamalai,Tiruvannamalai(Uzhavar Sandhai ),Carrot,Pusakesar,Local,10/08/2026,6400,7200,6800
Tamil Nadu,Thiruvannamalai,Tiruvannamalai(Uzhavar Sandhai ),Green Avare(W),Green Avare (W),Local,10/08/2026,5000,6000,5500
Tamil Nadu,Thiruvannamalai,Tiruvannamalai(Uzhavar Sandhai ),Colacasia,Colacasia,Local,10/08/2026,3500,4000,3750
Tamil Nadu,Thiruvannamalai,Tiruvannamalai(Uzhavar Sandhai ),Mashrooms,Mashrooms,Local,10/08/2026,22000,25000,23500
Tamil Nadu,Thiruvannamalai,Tiruvannamalai(Uzhavar Sandhai ),Sweet Corn ,Sweet Corn ,Local,10/08/2026,3500,4000,3750
Tamil Nadu,Thiruvarur,Mannargudi I(Uzhavar Sandhai ),Garlic,Garlic,Local,10/08/2026,20000,20000,20000
Tamil Nadu,Thiruvarur,Mannargudi I(Uzhavar Sandhai ),Coriander(Leaves),I Sort,Local,10/08/2026,4000,4000,4000
Tamil Nadu,Thiruvarur,Mannargudi I(Uzhavar Sandhai ),Grapes,Annabesahai,Local,10/08/2026,10000,10000,10000
Tamil Nadu,Thiruvarur,Mannargudi I(Uzhavar Sandhai ),Tapioca,Tapioca,Local,10/08/2026,4000,4000,4000
Tamil Nadu,Thiruvarur,Mannargudi I(Uzhavar Sandhai ),Coconut,Coconut,Local,10/08/2026,4000,4000,4000
Tamil Nadu,Thiruvarur,Mannargudi I(Uzhavar Sandhai ),Ridgeguard(Tori),Ridgeguard(Tori),Local,10/08/2026,5000,5000,5000
Tamil Nadu,Thiruvarur,Mannargudi II(Uzhavar Sandhai ),Onion,Bellary,Local,10/08/2026,3800,3800,3800
Tamil Nadu,Thiruvarur,Mannargudi II(Uzhavar Sandhai ),Garlic,Garlic,Local,10/08/2026,20000,20000,20000
Tamil Nadu,Thiruvarur,Mannargudi II(Uzhavar Sandhai ),Cauliflower,Ranchi,Local,10/08/2026,6000,6000,6000
Tamil Nadu,Thiruvarur,Mannargudi II(Uzhavar Sandhai ),Coriander(Leaves),I Sort,Local,10/08/2026,4000,4000,4000
Tamil Nadu,Thiruvarur,Mannargudi II(Uzhavar Sandhai ),Bottle gourd,Bottle Gourd,Local,10/08/2026,3000,3000,3000
Tamil Nadu,Thiruvarur,Mannargudi II(Uzhavar Sandhai ),Tapioca,Tapioca,Local,10/08/2026,4000,4000,4000
Tamil Nadu,Thiruvarur,Mannargudi II(Uzhavar Sandhai ),Carrot,Pusakesar,Local,10/08/2026,9000,9000,9000
Tamil Nadu,Thiruvarur,Mannargudi II(Uzhavar Sandhai ),Raddish,Raddish,Local,10/08/2026,3600,3600,3600
Tamil Nadu,Thiruvarur,Mannargudi II(Uzhavar Sandhai ),Green Avare(W),Green Avare (W),Local,10/08/2026,7200,7200,7200
Tamil Nadu,Thiruvarur,Mannargudi II(Uzhavar Sandhai ),Onion Green,Onion Green,Local,10/08/2026,7600,7600,7600
Tamil Nadu,Thiruvarur,Mannargudi II(Uzhavar Sandhai ),Mint(Pudina),Mint(Pudina),Local,10/08/2026,5000,5000,5000
Tamil Nadu,Thiruvarur,Tiruthuraipoondi(Uzhavar Sandhai ),Pineapple,Pine Apple,Local,10/08/2026,6000,6000,6000
Tamil Nadu,Thiruvarur,Tiruthuraipoondi(Uzhavar Sandhai ),Brinjal,Round,Local,10/08/2026,4000,4000,4000
Tamil Nadu,Thiruvarur,Tiruthuraipoondi(Uzhavar Sandhai ),Papaya,Papaya,Local,10/08/2026,3500,3500,3500
Tamil Nadu,Thiruvarur,Tiruthuraipoondi(Uzhavar Sandhai ),Amaranthus,Amaranthus,Local,10/08/2026,1500,1500,1500
Tamil Nadu,Thiruvarur,Tiruthuraipoondi(Uzhavar Sandhai ),Sweet Potato,Hosur Red,Local,10/08/2026,5000,5000,5000
Tamil Nadu,Thiruvarur,Tiruthuraipoondi(Uzhavar Sandhai ),Cucumbar(Kheera),Cucumbar,Local,10/08/2026,8000,8000,8000
Tamil Nadu,Thiruvellore,Ambattur(Uzhavar Sandhai ),Onion,Bellary,Local,10/08/2026,4000,4000,4000
Tamil Nadu,Thiruvellore,Ambattur(Uzhavar Sandhai ),Bottle gourd,Bottle Gourd,Local,10/08/2026,3000,3000,3000
Tamil Nadu,Thiruvellore,Naravarikuppam(Uzhavar Sandhai ),Cluster beans,Cluster Beans,Local,10/08/2026,5000,5000,5000
Tamil Nadu,Thiruvellore,Naravarikuppam(Uzhavar Sandhai ),Brinjal,Round,Local,10/08/2026,5000,5000,5000
Tamil Nadu,Thiruvellore,Naravarikuppam(Uzhavar Sandhai ),Amaranthus,Amaranthus,Local,10/08/2026,3000,3000,3000
Tamil Nadu,Thiruvellore,Paruthipattu(Uzhavar Sandhai ),Coriander(Leaves),I Sort,Local,10/08/2026,6000,6000,6000
Tamil Nadu,Thiruvellore,Paruthipattu(Uzhavar Sandhai ),Tomato,Deshi,Local,10/08/2026,2000,2000,2000
Tamil Nadu,Thiruvellore,Paruthipattu(Uzhavar Sandhai ),Bitter gourd,Bitter Gourd,Local,10/08/2026,5000,5000,5000
Tamil Nadu,Thiruvellore,Paruthipattu(Uzhavar Sandhai ),Banana - Green,Banana - Green,Local,10/08/2026,4000,4000,4000
Tamil Nadu,Thiruvellore,Paruthipattu(Uzhavar Sandhai ),Cabbage,Cabbage,Local,10/08/2026,4000,4000,4000
Tamil Nadu,Thiruvellore,Paruthipattu(Uzhavar Sandhai ),Snakeguard,Snakeguard,Local,10/08/2026,4000,4000,4000
Andhra Pradesh,Srikakulam,Narasannapet APMC,Paddy(Common),Paddy,FAQ,10/08/2026,2369,2369,2369
Tamil Nadu,Thiruvellore,Perambakkam(Uzhavar Sandhai ),Tomato,Deshi,Local,10/08/2026,2500,2500,2500
Tamil Nadu,Thiruvellore,Perambakkam(Uzhavar Sandhai ),Rose(Local),Rose (Local),Local,10/08/2026,15000,15000,15000
Tamil Nadu,Thiruvellore,Perambakkam(Uzhavar Sandhai ),Tube Rose(Loose),Tube Rose (Loose),Local,10/08/2026,10000,10000,10000
Tamil Nadu,Tuticorin,Kovilpatti(Uzhavar Sandhai ),Papaya,Papaya,Local,10/08/2026,2500,3000,2750
Tamil Nadu,Tuticorin,Kovilpatti(Uzhavar Sandhai ),Banana - Green,Banana - Green,Local,10/08/2026,2500,3000,2750
Tamil Nadu,Tuticorin,Kovilpatti(Uzhavar Sandhai ),Coconut,Coconut,Local,10/08/2026,6000,6500,6250
Tamil Nadu,Tuticorin,Kovilpatti(Uzhavar Sandhai ),Ridgeguard(Tori),Ridgeguard(Tori),Local,10/08/2026,6000,6500,6250
Tamil Nadu,Tuticorin,Kovilpatti(Uzhavar Sandhai ),Green Avare(W),Other,Local,10/08/2026,6000,6500,6250
Tamil Nadu,Tuticorin,Kovilpatti(Uzhavar Sandhai ),Drumstick,Drumstick,Local,10/08/2026,3000,3500,3250
Tamil Nadu,Tuticorin,Kovilpatti(Uzhavar Sandhai ),Mango(Raw-Ripe),Mango - Raw-Ripe,Local,10/08/2026,6500,7000,6750
Tamil Nadu,Tuticorin,Kovilpatti(Uzhavar Sandhai ),Lime,Lime,Local,10/08/2026,15000,16000,15500
Tamil Nadu,Tuticorin,Kovilpatti(Uzhavar Sandhai ),Onion Green,Onion Green,Local,10/08/2026,6000,6500,6250
Tamil Nadu,Vellore,Gudiyatham(Uzhavar Sandhai ),Potato,Red Nanital,Local,10/08/2026,3000,3000,3000
Tamil Nadu,Vellore,Gudiyatham(Uzhavar Sandhai ),Mango,Neelam,Local,10/08/2026,4000,5000,4500
Tamil Nadu,Vellore,Gudiyatham(Uzhavar Sandhai ),Banana - Green,Banana - Green,Local,10/08/2026,3500,3500,3500
Tamil Nadu,Vellore,Gudiyatham(Uzhavar Sandhai ),Beans,Beans (Whole),Local,10/08/2026,8600,8600,8600
Tamil Nadu,Vellore,Gudiyatham(Uzhavar Sandhai ),Raddish,Raddish,Local,10/08/2026,3000,3000,3000
Tamil Nadu,Vellore,Gudiyatham(Uzhavar Sandhai ),Chow Chow,Chow Chow,Local,10/08/2026,4000,4000,4000
Tamil Nadu,Vellore,Gudiyatham(Uzhavar Sandhai ),Lime,Lime,Local,10/08/2026,5000,5000,5000
Tamil Nadu,Vellore,Gudiyatham(Uzhavar Sandhai ),Guava,Guava Allahabad,Local,10/08/2026,4000,4000,4000
Tamil Nadu,Vellore,Gudiyatham(Uzhavar Sandhai ),Tender Coconut,Tender Coconut,Local,10/08/2026,4000,4000,4000
Tamil Nadu,Vellore,Gudiyatham(Uzhavar Sandhai ),Tamarind Fruit,Tamarind Fruit,Local,10/08/2026,10000,10000,10000
Tamil Nadu,Vellore,Gudiyatham(Uzhavar Sandhai ),Lemon,Lemon,Local,10/08/2026,8000,8000,8000
Tamil Nadu,Vellore,Gudiyatham(Uzhavar Sandhai ),Onion Green,Onion Green,Local,10/08/2026,6000,6000,6000
Tamil Nadu,Vellore,Kahithapattarai(Uzhavar Sandhai ),Onion,Bellary,Local,10/08/2026,3800,3800,3800
Tamil Nadu,Vellore,Kahithapattarai(Uzhavar Sandhai ),Water Melon,Water Melon,Local,10/08/2026,2500,2500,2500
Tamil Nadu,Vellore,Kahithapattarai(Uzhavar Sandhai ),Bitter gourd,Bitter Gourd,Local,10/08/2026,6000,6000,6000
Tamil Nadu,Vellore,Kahithapattarai(Uzhavar Sandhai ),Ashgourd,Gouard,Local,10/08/2026,2000,2000,2000
Tamil Nadu,Vellore,Kahithapattarai(Uzhavar Sandhai ),Beans,Beans (Whole),Local,10/08/2026,10000,10000,10000
Tamil Nadu,Vellore,Kahithapattarai(Uzhavar Sandhai ),Coconut,Coconut,Local,10/08/2026,2500,2500,2500
Tamil Nadu,Vellore,Kahithapattarai(Uzhavar Sandhai ),Carrot,Pusakesar,Local,10/08/2026,6600,6600,6600
Tamil Nadu,Vellore,Kahithapattarai(Uzhavar Sandhai ),Ridgeguard(Tori),Ridgeguard(Tori),Local,10/08/2026,5000,5000,5000
Tamil Nadu,Vellore,Kahithapattarai(Uzhavar Sandhai ),Knool Khol,Knool Khol,Local,10/08/2026,3500,3500,3500
Tamil Nadu,Vellore,Kahithapattarai(Uzhavar Sandhai ),Pomegranate,Pomogranate,Local,10/08/2026,18000,18000,18000
Tamil Nadu,Vellore,Kahithapattarai(Uzhavar Sandhai ),Indian Beans(Seam),Indian Beans (Seam),Local,10/08/2026,5500,5500,5500
Tamil Nadu,Vellore,Kahithapattarai(Uzhavar Sandhai ),Mint(Pudina),Mint(Pudina),Local,10/08/2026,7000,7000,7000
Tamil Nadu,Villupuram,Villupuram(Uzhavar Sandhai ),Potato,Red Nanital,Local,10/08/2026,3500,3500,3500
Tamil Nadu,Villupuram,Villupuram(Uzhavar Sandhai ),Papaya,Papaya,Local,10/08/2026,5000,5000,5000
Tamil Nadu,Villupuram,Villupuram(Uzhavar Sandhai ),Ashgourd,Gouard,Local,10/08/2026,2000,2000,2000
Tamil Nadu,Villupuram,Villupuram(Uzhavar Sandhai ),Tapioca,Tapioca,Local,10/08/2026,5000,5000,5000
Tamil Nadu,Villupuram,Villupuram(Uzhavar Sandhai ),Chow Chow,Chow Chow,Local,10/08/2026,5000,5000,5000
Tamil Nadu,Villupuram,Villupuram(Uzhavar Sandhai ),Tender Coconut,Tender Coconut,Local,10/08/2026,4000,4000,4000
Tamil Nadu,Villupuram,Villupuram(Uzhavar Sandhai ),Sweet Corn ,Sweet Corn ,Local,10/08/2026,4000,4000,4000
Andhra Pradesh,Chittor,Palamaner APMC,Green Chilli,Green Chilly,FAQ,10/08/2026,3000,5000,4000
Andhra Pradesh,Chittor,Palamaner APMC,Potato,Potato,FAQ,10/08/2026,1500,2200,1800
Andhra Pradesh,YSR Kadapa,Badvel APMC,Paddy(Common),Masuri,Local,10/08/2026,2340,2400,2360
Haryana,Rewari,Rewari APMC,Tomato,Other,Medium,10/08/2026,1200,3000,2000
Haryana,Rewari,Rewari APMC,Banana,Other,Medium,10/08/2026,2500,3500,3000
Haryana,Rohtak,Rohtak APMC,Guava,Other,Medium,10/08/2026,2000,4000,3000
Jammu and Kashmir,Rajouri,Rajouri (Phaliana) (F&V),Tomato,Tomato,Grade B,10/08/2026,4000,4000,4000
Jammu and Kashmir,Rajouri,Rajouri (Phaliana) (F&V),Pear(Marasebu),Other,Grade B,10/08/2026,8500,8500,8500
Himachal Pradesh,Solan,PMY Kather Solan,Apple,Apple,Medium,10/08/2026,3000,20000,15000
Himachal Pradesh,Solan,PMY Kather Solan,Pear(Marasebu),Other,Medium,10/08/2026,3500,9500,6000
Himachal Pradesh,Solan,PMY Kather Solan,Mousambi(Sweet Lime),Other,Medium,10/08/2026,4500,5500,5000
Himachal Pradesh,Solan,PMY Kather Solan,Pomegranate,Other,Medium,10/08/2026,10000,12000,11000
Himachal Pradesh,Solan,PMY Kather Solan,Bottle gourd,Other,Medium,10/08/2026,1200,1500,1400
Haryana,Jhajar,Jhajjar APMC,Banana,Other,Medium,10/08/2026,2800,2800,2800
Punjab,Ferozpur,Firozepur City APMC,Banana,Banana - Ripe,Grade A,10/08/2026,1100,1100,1100
Punjab,Ferozpur,Firozepur City APMC,Tomato,Tomato,Grade A,10/08/2026,2500,2500,2500
Punjab,Ferozpur,Firozepur City APMC,Cauliflower,Other,Grade A,10/08/2026,3000,3000,3000
Punjab,Ferozpur,Firozepur City APMC,Brinjal,Brinjal,Grade A,10/08/2026,1500,1500,1500
Punjab,Hoshiarpur,Mukerian APMC,Bitter gourd,Bitter Gourd,Grade B,10/08/2026,1500,2500,2000
Punjab,Hoshiarpur,Mukerian APMC,Brinjal,Brinjal,Grade B,10/08/2026,1500,2500,2000
Punjab,Hoshiarpur,Mukerian APMC,Capsicum,Capsicum,Grade B,10/08/2026,2000,3000,2500
Punjab,Hoshiarpur,Mukerian APMC,Cucumbar(Kheera),Cucumbar,Grade B,10/08/2026,2000,3000,2500
Rajasthan,Churu,Churu APMC,Tomato,Hybrid,FAQ,10/08/2026,2200,2400,2300
Rajasthan,Kota,Ramganjmandi APMC,Linseed,Other,Local,10/08/2026,9180,9210,9200
Rajasthan,Kota,Ramganjmandi APMC,Corriander seed,Other,Local,10/08/2026,9000,14940,13501
Tripura,Sepahijala,Melaghar APMC,Bhindi(Ladies Finger),Bhindi,Local,10/08/2026,3500,4100,4000
Tripura,Sepahijala,Melaghar APMC,Cucumbar(Kheera),Cucumbar,Local,10/08/2026,3000,3500,3400
Tripura,Sepahijala,Melaghar APMC,Brinjal,Brinjal,Local,10/08/2026,3500,4200,4000
Tripura,Sepahijala,Melaghar APMC,Banana,Banana - Ripe,Local,10/08/2026,2700,3500,3000
Tripura,Sepahijala,Jampuijala APMC,Ginger(Green),Green Ginger,Local,10/08/2026,9000,11000,10000
Tripura,Unokoti,Pabiacherra APMC,Brinjal,Round/Long,Grade A,10/08/2026,4900,4900,4900
Tripura,Unokoti,Pabiacherra APMC,Carrot,Carrot,Grade A,10/08/2026,9100,9100,9100
Tripura,Unokoti,Pabiacherra APMC,Green Chilli,Green Chilly,Grade A,10/08/2026,16900,16900,16900
Tripura,Unokoti,Pabiacherra APMC,Cowpea(Veg),Cowpea (Veg),Grade A,10/08/2026,5900,5900,5900
Tripura,Unokoti,Pabiacherra APMC,Cucumbar(Kheera),Cucumbar,Grade A,10/08/2026,3700,3700,3700
Punjab,Ludhiana,Ludhiana APMC,Plum,Other,Medium,10/08/2026,2000,4500,3000
Punjab,Ludhiana,Ludhiana APMC,Mousambi(Sweet Lime),Other,Medium,10/08/2026,1500,4500,3000
Punjab,Ludhiana,Ludhiana APMC,Cabbage,Other,FAQ,10/08/2026,500,1600,1000
Punjab,Ludhiana,Ludhiana APMC,Garlic,Other,FAQ,10/08/2026,5000,8000,6500
Punjab,Ludhiana,Ludhiana APMC,Ashgourd,Other,FAQ,10/08/2026,1000,2000,1700
Punjab,Ludhiana,Ludhiana APMC,Bhindi(Ladies Finger),Other,FAQ,10/08/2026,1700,2000,1800
Punjab,Ludhiana,Ludhiana APMC,Bitter gourd,Bitter Gourd,FAQ,10/08/2026,1000,1600,1200
Punjab,Ludhiana,Ludhiana APMC,Colacasia,Arabi,FAQ,10/08/2026,1200,1800,1500
Punjab,Ludhiana,Ludhiana APMC,Lemon,Other,FAQ,10/08/2026,2000,6000,3000
Punjab,Ludhiana,Ludhiana APMC,Pea Pod/Pea Cod/हरी मटर,Other,FAQ,10/08/2026,2500,6000,5000
Punjab,Ludhiana,Ludhiana APMC,Cucumbar(Kheera),Other,FAQ,10/08/2026,500,2500,1200
West Bengal,Purba Bardhaman,Burdwan APMC,Rice,Fine,FAQ,10/08/2026,3600,3750,3650
Uttar Pradesh,Badaun,Badayoun APMC,Green Gram(Moong)(Whole),Other,FAQ,10/08/2026,8767.99,8768,8768
Uttar Pradesh,Badaun,Badayoun APMC,Mentha Oil,Other,FAQ,10/08/2026,274500,275000,274747.92
West Bengal,Puruliya,Purulia APMC,Masur Dal,Masur Dal,FAQ,10/08/2026,8800,9800,9200
West Bengal,Puruliya,Purulia APMC,Potato,Jyoti,FAQ,10/08/2026,680,800,720
West Bengal,Puruliya,Purulia APMC,Tomato,Other,FAQ,10/08/2026,2200,3000,2600
Odisha,Dhenkanal,Hindol APMC,Brinjal,Brinjal,Grade B,10/08/2026,5800,6500,6000
Uttar Pradesh,Baghpat,Baraut APMC,Capsicum,Other,FAQ,10/08/2026,3000,3000,3000
Uttarakhand,Udhamsinghnagar,Khateema APMC,Raddish,Raddish,Grade B,10/08/2026,1200,1400,1300
Uttarakhand,Udhamsinghnagar,Khateema APMC,Bottle gourd,Bottle Gourd,Grade B,10/08/2026,1300,1500,1400
West Bengal,Nadia,Nadia APMC,Rice,Common,Local,10/08/2026,3350,3450,3400
West Bengal,Nadia,Nadia APMC,Potato,Jyoti,FAQ,10/08/2026,810,850,830
West Bengal,Jalpaiguri,Jalpaiguri Sadar APMC,Tomato,Tomato,FAQ,10/08/2026,3500,3700,3600
West Bengal,Jalpaiguri,Jalpaiguri Sadar APMC,Sweet Pumpkin,Sweet Pumpkin,FAQ,10/08/2026,2200,2400,2300
Uttar Pradesh,Gonda,Gonda APMC,Wheat,Dara Mill Quality,FAQ,10/08/2026,2680,2680,2680
West Bengal,Kalimpong,Kalimpong APMC,Potato,Red,Medium,10/08/2026,2000,2200,2100
West Bengal,Hooghly,Kalipur APMC,Brinjal,Brinjal,FAQ,10/08/2026,4600,5000,4800
West Bengal,Hooghly,Kalipur APMC,Bitter gourd,Bitter Gourd,FAQ,10/08/2026,4200,4400,4200
West Bengal,Medinipur(W),Garbeta(Medinipur) APMC,Brinjal,Brinjal,FAQ,10/08/2026,4000,4400,4200
Tamil Nadu,Virudhunagar,Rajapalayam(Uzhavar Sandhai ),Amaranthus,Amaranthus,Local,10/08/2026,2500,3000,2750
Tamil Nadu,Virudhunagar,Rajapalayam(Uzhavar Sandhai ),Ridgeguard(Tori),Ridgeguard(Tori),Local,10/08/2026,4500,5000,4750
Tamil Nadu,Virudhunagar,Sathur(Uzhavar Sandhai ),Brinjal,Round,Local,10/08/2026,3500,4000,3750
Tamil Nadu,Virudhunagar,Sathur(Uzhavar Sandhai ),Coriander(Leaves),I Sort,Local,10/08/2026,5500,6000,5750
Tamil Nadu,Virudhunagar,Sathur(Uzhavar Sandhai ),Banana - Green,Banana - Green,Local,10/08/2026,3500,4000,3750
Tamil Nadu,Virudhunagar,Sivakasi(Uzhavar Sandhai ),Onion,Bellary,Local,10/08/2026,3500,4000,3750
Tamil Nadu,Virudhunagar,Sivakasi(Uzhavar Sandhai ),Cabbage,Cabbage,Local,10/08/2026,3500,4000,3750
Tamil Nadu,Virudhunagar,Sivakasi(Uzhavar Sandhai ),Onion Green,Onion Green,Local,10/08/2026,6500,7000,6750
Tamil Nadu,Virudhunagar,Thalavaipuram(Uzhavar Sandhai ),Tomato,Deshi,Local,10/08/2026,1500,2000,1750
Tamil Nadu,Virudhunagar,Thalavaipuram(Uzhavar Sandhai ),Banana,Besrai,Local,10/08/2026,3500,4000,3750
Tamil Nadu,Virudhunagar,Thalavaipuram(Uzhavar Sandhai ),Ridgeguard(Tori),Ridgeguard(Tori),Local,10/08/2026,4500,5000,4750
Tamil Nadu,Virudhunagar,Thalavaipuram(Uzhavar Sandhai ),Drumstick,Drumstick,Local,10/08/2026,4500,5000,4750
Tamil Nadu,Virudhunagar,Virudhunagar(Uzhavar Sandhai ),Potato,Red Nanital,Local,10/08/2026,4400,4500,4450
Tamil Nadu,Virudhunagar,Virudhunagar(Uzhavar Sandhai ),Brinjal,Round,Local,10/08/2026,4400,4500,4450
Tamil Nadu,Virudhunagar,Virudhunagar(Uzhavar Sandhai ),Banana - Green,Banana - Green,Local,10/08/2026,2800,3000,2900
Tamil Nadu,Virudhunagar,Virudhunagar(Uzhavar Sandhai ),Onion Green,Onion Green,Local,10/08/2026,5300,5400,5350
Tamil Nadu,Virudhunagar,Virudhunagar(Uzhavar Sandhai ),Mint(Pudina),Mint(Pudina),Local,10/08/2026,3800,4000,3900
Tamil Nadu,Chengalpattu,Chengalpet(Uzhavar Sandhai ),Cauliflower,Ranchi,Local,10/08/2026,2500,3000,2750
Tamil Nadu,Chengalpattu,Chengalpet(Uzhavar Sandhai ),Coriander(Leaves),I Sort,Local,10/08/2026,6000,7000,6500
Tamil Nadu,Chengalpattu,Chengalpet(Uzhavar Sandhai ),Bhindi(Ladies Finger),Bhindi,Local,10/08/2026,3500,4000,3750
Tamil Nadu,Chengalpattu,Chengalpet(Uzhavar Sandhai ),Snakeguard,Snakeguard,Local,10/08/2026,4500,5000,4750
Tamil Nadu,Chengalpattu,Chengalpet(Uzhavar Sandhai ),Green Avare(W),Green Avare (W),Local,10/08/2026,7000,8000,7500
Tamil Nadu,Chengalpattu,Chengalpet(Uzhavar Sandhai ),Chow Chow,Chow Chow,Local,10/08/2026,4000,5000,4500
Tamil Nadu,Chengalpattu,Chengalpet(Uzhavar Sandhai ),Drumstick,Drumstick,Local,10/08/2026,6000,7000,6500
Tamil Nadu,Chengalpattu,Chengalpet(Uzhavar Sandhai ),Lemon,Lemon,Local,10/08/2026,10000,11000,10500
Tamil Nadu,Chengalpattu,Madhuranthagam(Uzhavar Sandhai ),Bitter gourd,Bitter Gourd,Local,10/08/2026,4000,4000,4000
Tamil Nadu,Chengalpattu,Madhuranthagam(Uzhavar Sandhai ),Bhindi(Ladies Finger),Bhindi,Local,10/08/2026,5000,5000,5000
Tamil Nadu,Chengalpattu,Madhuranthagam(Uzhavar Sandhai ),Green Chilli,Green Chilly,Local,10/08/2026,5000,5000,5000
Tamil Nadu,Chengalpattu,Madhuranthagam(Uzhavar Sandhai ),Coconut,Coconut,Local,10/08/2026,3000,4000,3500
Tamil Nadu,Chengalpattu,Madhuranthagam(Uzhavar Sandhai ),Snakeguard,Snakeguard,Local,10/08/2026,4000,4000,4000
Tamil Nadu,Chengalpattu,Madhuranthagam(Uzhavar Sandhai ),Green Avare(W),Green Avare (W),Local,10/08/2026,5000,5000,5000
Tamil Nadu,Chengalpattu,Medavakkam(Uzhavar Sandhai ),Onion,Bellary,Local,10/08/2026,4000,4000,4000
Tamil Nadu,Chengalpattu,Medavakkam(Uzhavar Sandhai ),Mango,Safeda,Local,10/08/2026,5000,5000,5000
Tamil Nadu,Chengalpattu,Nanganallur(Uzhavar Sandhai ),Tomato,Deshi,Local,10/08/2026,1800,2000,1900
Tamil Nadu,Chengalpattu,Nanganallur(Uzhavar Sandhai ),Grapes,Annabesahai,Local,10/08/2026,10000,12000,11000
Tamil Nadu,Chengalpattu,Nanganallur(Uzhavar Sandhai ),Potato,Red Nanital,Local,10/08/2026,3500,4000,3750
Tamil Nadu,Chengalpattu,Nanganallur(Uzhavar Sandhai ),Apple,American,Local,10/08/2026,23000,25000,24000
Tamil Nadu,Chengalpattu,Nanganallur(Uzhavar Sandhai ),Mango,Safeda,Local,10/08/2026,7000,8000,7500
Tamil Nadu,Chengalpattu,Nanganallur(Uzhavar Sandhai ),Bitter gourd,Bitter Gourd,Local,10/08/2026,5500,6000,5750
Tamil Nadu,Chengalpattu,Nanganallur(Uzhavar Sandhai ),Ashgourd,Gouard,Local,10/08/2026,3500,4000,3750
Tamil Nadu,Chengalpattu,Nanganallur(Uzhavar Sandhai ),Beetroot,Beetroot,Local,10/08/2026,5500,6000,5750
Tamil Nadu,Chengalpattu,Nanganallur(Uzhavar Sandhai ),Chow Chow,Chow Chow,Local,10/08/2026,4500,5000,4750
Tamil Nadu,Chengalpattu,Nanganallur(Uzhavar Sandhai ),Drumstick,Drumstick,Local,10/08/2026,3500,4000,3750
Tamil Nadu,Chengalpattu,Nanganallur(Uzhavar Sandhai ),Knool Khol,Knool Khol,Local,10/08/2026,5000,6000,5500
Tamil Nadu,Chengalpattu,Nanganallur(Uzhavar Sandhai ),Colacasia,Colacasia,Local,10/08/2026,5000,6000,5500
Tamil Nadu,Chengalpattu,Nanganallur(Uzhavar Sandhai ),Mint(Pudina),Mint(Pudina),Local,10/08/2026,4500,5000,4750
Tamil Nadu,Chengalpattu,Nanganallur(Uzhavar Sandhai ),Baby Corn,Baby Corn,Grade A,10/08/2026,4500,5000,4750
Tamil Nadu,Chengalpattu,Pallavaram(Uzhavar Sandhai ),Potato,Red Nanital,Local,10/08/2026,2500,3000,2750
Tamil Nadu,Chengalpattu,Pallavaram(Uzhavar Sandhai ),Cauliflower,Ranchi,Local,10/08/2026,2500,3000,2750
Tamil Nadu,Chengalpattu,Pallavaram(Uzhavar Sandhai ),Tomato,Deshi,Local,10/08/2026,2000,2500,2250
Tamil Nadu,Chengalpattu,Pallavaram(Uzhavar Sandhai ),Cluster beans,Cluster Beans,Local,10/08/2026,4000,5000,4500
Tamil Nadu,Chengalpattu,Pallavaram(Uzhavar Sandhai ),Beetroot,Beetroot,Local,10/08/2026,5000,6000,5500
Tamil Nadu,Chengalpattu,Pallavaram(Uzhavar Sandhai ),Capsicum,Capsicum,Local,10/08/2026,6000,7000,6500
Tamil Nadu,Chengalpattu,Pallavaram(Uzhavar Sandhai ),Chow Chow,Chow Chow,Local,10/08/2026,3500,4000,3750
Tamil Nadu,Chengalpattu,Pallavaram(Uzhavar Sandhai ),Elephant Yam(Suran)/Amorphophallus,Elephant Yam (Suran),Local,10/08/2026,5000,6000,5500
Tamil Nadu,Chengalpattu,Pallavaram(Uzhavar Sandhai ),Sweet Corn ,Sweet Corn ,Local,10/08/2026,4000,5000,4500
Tamil Nadu,Nagercoil (Kannyiakumari),Myladi(Uzhavar Sandhai ),Tomato,Deshi,Local,10/08/2026,2500,2800,2650
Tamil Nadu,Nagercoil (Kannyiakumari),Myladi(Uzhavar Sandhai ),Cluster beans,Cluster Beans,Local,10/08/2026,4300,4800,4550
Tamil Nadu,Nagercoil (Kannyiakumari),Myladi(Uzhavar Sandhai ),Onion,Bellary,Local,10/08/2026,4500,5000,4750
Tamil Nadu,Nagercoil (Kannyiakumari),Myladi(Uzhavar Sandhai ),Garlic,Garlic,Local,10/08/2026,14000,15000,14500
Tamil Nadu,Nagercoil (Kannyiakumari),Myladi(Uzhavar Sandhai ),Bhindi(Ladies Finger),Bhindi,Local,10/08/2026,4500,5000,4750
Tamil Nadu,Nagercoil (Kannyiakumari),Myladi(Uzhavar Sandhai ),Green Chilli,Green Chilly,Local,10/08/2026,6000,6500,6250
Tamil Nadu,Nagercoil (Kannyiakumari),Myladi(Uzhavar Sandhai ),Elephant Yam(Suran)/Amorphophallus,Elephant Yam (Suran),Local,10/08/2026,5000,5500,5250
Tamil Nadu,Chengalpattu,Jameenrayapettai(Uzhavar Sandhai ),Brinjal,Round,Local,10/08/2026,3500,4000,3750
Tamil Nadu,Chengalpattu,Jameenrayapettai(Uzhavar Sandhai ),Banana,Red Banana,Local,10/08/2026,8000,9000,8500
Tamil Nadu,Chengalpattu,Jameenrayapettai(Uzhavar Sandhai ),Cowpea(Veg),Cowpea (Veg),Local,10/08/2026,6000,7000,6500
Tamil Nadu,Chengalpattu,Jameenrayapettai(Uzhavar Sandhai ),Sweet Potato,Hosur Red,Local,10/08/2026,6000,7000,6500
Tamil Nadu,Chengalpattu,Jameenrayapettai(Uzhavar Sandhai ),Carrot,Pusakesar,Local,10/08/2026,11000,12000,11500
Tamil Nadu,Chengalpattu,Jameenrayapettai(Uzhavar Sandhai ),Snakeguard,Snakeguard,Local,10/08/2026,4000,5000,4500
Tamil Nadu,Chengalpattu,Jameenrayapettai(Uzhavar Sandhai ),Drumstick,Drumstick,Local,10/08/2026,5000,6000,5500
Tamil Nadu,Chengalpattu,Jameenrayapettai(Uzhavar Sandhai ),Guava,Guava Allahabad,Local,10/08/2026,5000,6000,5500
Tamil Nadu,Chengalpattu,Jameenrayapettai(Uzhavar Sandhai ),Mint(Pudina),Mint(Pudina),Local,10/08/2026,3500,4000,3750
Tamil Nadu,Chengalpattu,Guduvancheri(Uzhavar Sandhai ),Potato,Other,Local,10/08/2026,2500,3000,2750
Tamil Nadu,Chengalpattu,Guduvancheri(Uzhavar Sandhai ),Ginger(Green),Green Ginger,Local,10/08/2026,19000,20000,19500
Tamil Nadu,Chengalpattu,Guduvancheri(Uzhavar Sandhai ),Cucumbar(Kheera),Cucumbar,Local,10/08/2026,5000,6000,5500
Tamil Nadu,Chengalpattu,Guduvancheri(Uzhavar Sandhai ),Colacasia,Colacasia,Local,10/08/2026,5000,6000,5500
Tamil Nadu,Chengalpattu,Guduvancheri(Uzhavar Sandhai ),Mint(Pudina),Mint(Pudina),Local,10/08/2026,3500,4000,3750
Tamil Nadu,Thirupathur,Vaniyampadi(Uzhavar Sandhai ),Brinjal,Round,Local,10/08/2026,5000,5000,5000
Tamil Nadu,Thirupathur,Vaniyampadi(Uzhavar Sandhai ),Coriander(Leaves),I Sort,Local,10/08/2026,6000,6000,6000
Tamil Nadu,Thirupathur,Vaniyampadi(Uzhavar Sandhai ),Bottle gourd,Bottle Gourd,Local,10/08/2026,2000,2000,2000
Tamil Nadu,Thirupathur,Vaniyampadi(Uzhavar Sandhai ),Snakeguard,Snakeguard,Local,10/08/2026,4000,4000,4000
Tamil Nadu,Thirupathur,Vaniyampadi(Uzhavar Sandhai ),Cucumbar(Kheera),Cucumbar,Local,10/08/2026,4000,4000,4000
Tamil Nadu,Thirupathur,Vaniyampadi(Uzhavar Sandhai ),Raddish,Raddish,Local,10/08/2026,4000,4000,4000
Tamil Nadu,Thirupathur,Vaniyampadi(Uzhavar Sandhai ),Green Avare(W),Green Avare (W),Local,10/08/2026,6000,6000,6000
Tamil Nadu,Thirupathur,Vaniyampadi(Uzhavar Sandhai ),Colacasia,Colacasia,Local,10/08/2026,5000,5000,5000
Tamil Nadu,Thirupathur,Vaniyampadi(Uzhavar Sandhai ),Onion Green,Onion Green,Local,10/08/2026,8000,8000,8000
Tamil Nadu,Thirupathur,Vaniyampadi(Uzhavar Sandhai ),Mint(Pudina),Mint(Pudina),Local,10/08/2026,4000,4000,4000
Tamil Nadu,Thirupathur,Vaniyampadi(Uzhavar Sandhai ),Sweet Corn ,Sweet Corn ,Local,10/08/2026,3000,3000,3000
Tamil Nadu,Thirupur,Dharapuram(Uzhavar Sandhai ),Onion,Bellary,Local,10/08/2026,3500,4000,3750
Tamil Nadu,Thirupur,Dharapuram(Uzhavar Sandhai ),Brinjal,Round,Local,10/08/2026,4000,5000,4500
Tamil Nadu,Thirupur,Dharapuram(Uzhavar Sandhai ),Mango,Safeda,Local,10/08/2026,5000,6000,5500
Tamil Nadu,Thirupur,Dharapuram(Uzhavar Sandhai ),Pumpkin,Pumpkin,Local,10/08/2026,2000,2500,2250
Tamil Nadu,Thirupur,Dharapuram(Uzhavar Sandhai ),Beans,Beans (Whole),Local,10/08/2026,10000,11000,10500
Tamil Nadu,Thirupur,Dharapuram(Uzhavar Sandhai ),Carrot,Pusakesar,Local,10/08/2026,10000,11000,10500
Tamil Nadu,Thirupur,Dharapuram(Uzhavar Sandhai ),Raddish,Raddish,Local,10/08/2026,3000,3500,3250
Tamil Nadu,Thirupur,Dharapuram(Uzhavar Sandhai ),Mango(Raw-Ripe),Mango - Raw-Ripe,Local,10/08/2026,2500,3000,2750
Tamil Nadu,Thirupur,Dharapuram(Uzhavar Sandhai ),Guava,Guava Allahabad,Local,10/08/2026,3000,4000,3500
Tamil Nadu,Thirupur,Dharapuram(Uzhavar Sandhai ),Onion Green,Onion Green,Local,10/08/2026,5000,6000,5500
Tamil Nadu,Thirupur,Dharapuram(Uzhavar Sandhai ),Mint(Pudina),Mint(Pudina),Local,10/08/2026,2500,3000,2750
Tamil Nadu,Thirupur,Palladam(Uzhavar Sandhai ),Bhindi(Ladies Finger),Bhindi,Local,10/08/2026,4000,5000,4500
Tamil Nadu,Thirupur,Palladam(Uzhavar Sandhai ),Banana - Green,Banana - Green,Local,10/08/2026,2500,3000,2750
Tamil Nadu,Thirupur,Palladam(Uzhavar Sandhai ),Mango(Raw-Ripe),Mango - Raw-Ripe,Local,10/08/2026,2500,3000,2750
Andhra Pradesh,East Godavari,Rajanagaram APMC,Maize,Fine,Local,10/08/2026,2410,2410,2410
Telangana,Ranga Reddy,"Saroornagar,RBZ",Cauliflower,Cauliflower,Medium,10/08/2026,1800,1800,1800
Telangana,Ranga Reddy,"Saroornagar,RBZ",Potato,Other,Medium,10/08/2026,1600,1600,1600
Telangana,Ranga Reddy,"Saroornagar,RBZ",Banana - Green,Banana - Green,Medium,10/08/2026,4000,4000,4000
Uttar Pradesh,Jhansi,Gurusarai APMC,Green Gram(Moong)(Whole),Other,FAQ,10/08/2026,8768,8768,8768
Uttar Pradesh,Ghaziabad,Hapur APMC,Wood,Other,FAQ,10/08/2026,2305.51,14773.7,2981.05
Uttar Pradesh,Sitapur,Hargaon (Laharpur) APMC,Firewood,Firewood,FAQ,10/08/2026,300,575,384.25
Uttar Pradesh,Amethi,Jafarganj APMC,Firewood,Firewood,FAQ,10/08/2026,435,435,435
Uttar Pradesh,Fatehpur,Jahanabad APMC,Wheat,Medium,FAQ,10/08/2026,2450,2450,2450
Uttar Pradesh,Jalaun (Orai),Jalaun APMC,Cucumbar(Kheera),Cucumbar,FAQ,10/08/2026,1200,1300,1300
Uttar Pradesh,Jalaun (Orai),Jalaun APMC,Bottle gourd,Bottle Gourd,FAQ,10/08/2026,800,800,800
Uttar Pradesh,Jalaun (Orai),Jalaun APMC,Peas(Dry),Other,FAQ,10/08/2026,3005,3800,3409.55
Uttar Pradesh,Mathura,Kosikalan APMC,Onion,Other,FAQ,10/08/2026,2000,2000,2000
Uttar Pradesh,Mathura,Kosikalan APMC,Wheat,Other,FAQ,10/08/2026,2590,2602,2591.12
Uttar Pradesh,Fatehpur,Kishunpur APMC,Wheat,Other,FAQ,10/08/2026,2450,2450,2450
Uttar Pradesh,Jalaun (Orai),Konch APMC,Cauliflower,Cauliflower,FAQ,10/08/2026,1400,1600,1500
Uttar Pradesh,Hamirpur,Kurara APMC,Peas(Dry),Other,FAQ,10/08/2026,3300,3300,3300
Uttar Pradesh,Hardoi,Madhoganj APMC,Wheat,Other,FAQ,10/08/2026,2430,2430,2430
Uttar Pradesh,Sitapur,Mehmoodabad APMC,Potato,Other,FAQ,10/08/2026,580,580,580
Uttar Pradesh,Sitapur,Mehmoodabad APMC,Wheat,Other,FAQ,10/08/2026,2480,2590,2548.43
Uttar Pradesh,Sitapur,Mehmoodabad APMC,Tobacco,Other,FAQ,10/08/2026,1000,1000,1000
Uttar Pradesh,Mahoba,Mahoba APMC,Bejhar,Other,FAQ,10/08/2026,1550,1700,1634.39
Uttar Pradesh,Mahoba,Mahoba APMC,Groundnut,Other,FAQ,10/08/2026,6010,7090,6665.83
Uttar Pradesh,Mahoba,Mahoba APMC,Firewood,Firewood,FAQ,10/08/2026,400,450,421.6
Uttar Pradesh,Lalitpur,Mehrauni APMC,Wheat,Other,FAQ,10/08/2026,2800,3000.02,2906.73
Uttar Pradesh,Mathura,Mathura APMC,Wheat,PBW-343,FAQ,10/08/2026,2550,2550,2550
Uttar Pradesh,Mathura,Mathura APMC,Onion,Other,FAQ,10/08/2026,3000,3000,3000
Bihar,Muzaffarpur,Bhagwanpur Mandi APMC,Onion,Medium,Grade C,10/08/2026,2550,2550,2550
Bihar,Muzaffarpur,Bhagwanpur Mandi APMC,Bhindi(Ladies Finger),Bhindi,FAQ,10/08/2026,1200,1200,1200
Bihar,Muzaffarpur,Bhagwanpur Mandi APMC,Cabbage,Cabbage,FAQ,10/08/2026,2600,2600,2600
Tamil Nadu,Kallakuruchi,Kallakurichi(Uzhavar Sandhai ),Tomato,Deshi,Local,10/08/2026,2000,2000,2000
Tamil Nadu,Kallakuruchi,Kallakurichi(Uzhavar Sandhai ),Onion,Bellary,Local,10/08/2026,4000,4000,4000
Tamil Nadu,Kallakuruchi,Kallakurichi(Uzhavar Sandhai ),Groundnut,Big (With Shell),Local,10/08/2026,7000,7000,7000
Tamil Nadu,Kallakuruchi,Kallakurichi(Uzhavar Sandhai ),Green Chilli,Green Chilly,Local,10/08/2026,6000,6000,6000
Tamil Nadu,Kallakuruchi,Kallakurichi(Uzhavar Sandhai ),Ridgeguard(Tori),Ridgeguard(Tori),Local,10/08/2026,6000,6000,6000
Tamil Nadu,Kallakuruchi,Kallakurichi(Uzhavar Sandhai ),Green Avare(W),Green Avare (W),Local,10/08/2026,8000,8000,8000
Tamil Nadu,Kallakuruchi,Kallakurichi(Uzhavar Sandhai ),Chow Chow,Chow Chow,Local,10/08/2026,5000,5000,5000
Tamil Nadu,Kallakuruchi,Kallakurichi(Uzhavar Sandhai ),Jack Fruit(Ripe),Jack Fruit,Local,10/08/2026,2000,2000,2000
Tamil Nadu,Kallakuruchi,Kallakurichi(Uzhavar Sandhai ),Guava,Guava Allahabad,Local,10/08/2026,5000,5000,5000
Tamil Nadu,Kallakuruchi,Kallakurichi(Uzhavar Sandhai ),Jasmine,Jasmine,Local,10/08/2026,40000,40000,40000
Tamil Nadu,Kallakuruchi,Kallakurichi(Uzhavar Sandhai ),Lemon,Lemon,Local,10/08/2026,7000,7000,7000
Tamil Nadu,Kallakuruchi,Kallakurichi(Uzhavar Sandhai ),Colacasia,Colacasia,Local,10/08/2026,4000,4000,4000
Tamil Nadu,Kallakuruchi,Kallakurichi(Uzhavar Sandhai ),Mint(Pudina),Mint(Pudina),Local,10/08/2026,3000,3000,3000
Haryana,Panipat,Panipat APMC,Pomegranate,Pomogranate,Local,10/08/2026,6000,8000,7000
Haryana,Panipat,Panipat APMC,Cabbage,Other,Local,10/08/2026,1000,1500,1250
Haryana,Panipat,Panipat APMC,Tomato,Other,Local,10/08/2026,1000,1400,1200
Andhra Pradesh,Sri Sathya Sai,Dharmavaram APMC,Groundnut,Local,FAQ,10/08/2026,7000,7200,7100
Punjab,Gurdaspur,Gurdaspur APMC,Plum,Other,Grade A,10/08/2026,7000,7000,7000
Punjab,Gurdaspur,Gurdaspur APMC,Coriander(Leaves),Other,FAQ,10/08/2026,4000,4000,4000
Punjab,Gurdaspur,Gurdaspur APMC,Potato,Other,Grade A,10/08/2026,600,600,600
Punjab,Gurdaspur,Gurdaspur APMC,Papaya,Other,Grade A,10/08/2026,3000,3000,3000
Uttar Pradesh,Farukhabad,Mohamadabad APMC,Maize,Other,FAQ,10/08/2026,1900,2150,1986.5
Uttar Pradesh,Farukhabad,Mohamadabad APMC,Green Chilli,Other,FAQ,10/08/2026,1600,1600,1600
Andhra Pradesh,Krishna,Gudiwada APMC,Black Gram Dal(Urd Dal),Local,FAQ,10/08/2026,9200,9400,9300
Gujarat,Bharuch,Ankleshwar APMC,Tomato,Other,Grade A,10/08/2026,1500,2000,1800
Himachal Pradesh,Kullu,PMY Kullu,Potato,Other,FAQ,10/08/2026,800,2200,1600
Himachal Pradesh,Kullu,PMY Kullu,Onion,Other,FAQ,10/08/2026,3000,3200,3100
Himachal Pradesh,Kullu,PMY Kullu,Bhindi(Ladies Finger),Other,FAQ,10/08/2026,3000,3500,3200
Himachal Pradesh,Kullu,PMY Kullu,Mousambi(Sweet Lime),Other,Medium,10/08/2026,5000,5500,5200
Himachal Pradesh,Kullu,PMY Kullu,Carrot,Other,FAQ,10/08/2026,4000,4500,4200
Andhra Pradesh,Palnadu,Gurazala APMC,Chili Red,Red,Local,10/08/2026,16000,22500,19500
Tamil Nadu,Thirupathur,Natrampalli(Uzhavar Sandhai ),Cauliflower,Ranchi,Local,10/08/2026,2500,3000,2750
Tamil Nadu,Thirupathur,Natrampalli(Uzhavar Sandhai ),Bhindi(Ladies Finger),Bhindi,Local,10/08/2026,2500,3000,2750
Tamil Nadu,Thirupathur,Natrampalli(Uzhavar Sandhai ),Amaranthus,Amaranthus,Local,10/08/2026,1500,2000,1750
Tamil Nadu,Thirupathur,Natrampalli(Uzhavar Sandhai ),Ginger(Green),Green Ginger,Local,10/08/2026,18000,20000,19000
Tamil Nadu,Thirupathur,Natrampalli(Uzhavar Sandhai ),Coconut,Coconut,Local,10/08/2026,2500,3000,2750
Tamil Nadu,Thirupathur,Natrampalli(Uzhavar Sandhai ),Carrot,Pusakesar,Local,10/08/2026,5000,6000,5500
Tamil Nadu,Thirupathur,Natrampalli(Uzhavar Sandhai ),Mango(Raw-Ripe),Mango - Raw-Ripe,Local,10/08/2026,2500,3000,2750
Punjab,Bhatinda,Bathinda APMC,Onion,Other,Grade B,10/08/2026,2500,2700,2600
Punjab,Bhatinda,Bathinda APMC,Tomato,Other,Grade B,10/08/2026,2000,2700,2500
Uttar Pradesh,Jhansi,Moth APMC,Wheat,Deshi,FAQ,10/08/2026,2500,2500,2500
Andhra Pradesh,Vijayanagaram,Merakamudidam APMC,Maize,Local,Local,10/08/2026,1800,2000,1950
Andhra Pradesh,Bapatla,Chirala APMC,Paddy(Common),B P T,Local,10/08/2026,2400,2500,2450
Andhra Pradesh,NTR,Jaggayyapeta APMC,Wood,Subabul,FAQ,10/08/2026,550,550,550
Andhra Pradesh,Palnadu,Macharla APMC,Red gram/Arhar/Tur(whole),Local,Grade Range-1,10/08/2026,8000,8000,8000
Andhra Pradesh,Palnadu,Macharla APMC,Paddy(Common),B P T,Grade Range-1,10/08/2026,2500,2500,2500
Andhra Pradesh,Markapuram,Giddalur APMC,Bengal Gram(Gram)(Whole),Other,FAQ,10/08/2026,5800,6000,5900
Andhra Pradesh,Eluru,Polavaram APMC,Maize,Local,Local,10/08/2026,2420,2420,2420
Andhra Pradesh,YSR Kadapa,Proddatur APMC,Paddy(Common),Paddy,Local,10/08/2026,2500,2500,2500
Andhra Pradesh,YSR Kadapa,Proddatur APMC,Bengal Gram(Gram)(Whole),Jawari/Local,Local,10/08/2026,6500,6500,6500
Andhra Pradesh,Annamayya,Madanapalli APMC,Tomato,Local,FAQ,10/08/2026,1600,2100,1900
Uttar Pradesh,Gonda,Nawabganj APMC,Lemon,Other,FAQ,10/08/2026,3500,3500,3500
Andhra Pradesh,Krishna,Pamarru APMC,Paddy(Common),B P T,Local,10/08/2026,2441,2481,2471
Andhra Pradesh,Nandyal,Panyam APMC,Maize,Hybrid/Local,FAQ,10/08/2026,2400,2400,2400
Andhra Pradesh,Anakapally,Payakaraopeta APMC,Green Gram(Moong)(Whole),Local,Local,10/08/2026,8748,8768,8758
Andhra Pradesh,Anakapally,Yellamanchili APMC,Paddy(Common),1001,Local,10/08/2026,2390,2450,2400
Andhra Pradesh,NTR,Tiruvuru APMC,Rice,Sona,Local,10/08/2026,4800,4800,4800
Uttar Pradesh,Lakhimpur,Paliakala APMC,Wheat,Dara,FAQ,10/08/2026,2400,2400,2400
Uttar Pradesh,Lakhimpur,Paliakala APMC,Potato,Other,FAQ,10/08/2026,700,700,700
Haryana,Mahendragarh-Narnaul,Mohindergarh APMC,Tender Coconut,Other,Medium,10/08/2026,2500,2500,2500
Haryana,Mahendragarh-Narnaul,Mohindergarh APMC,Ridgeguard(Tori),Ridgeguard(Tori),FAQ,10/08/2026,800,1500,1500
Haryana,Mahendragarh-Narnaul,Mohindergarh APMC,Onion,Onion,FAQ,10/08/2026,1800,2000,2000
Odisha,Khurda,Jatni APMC,Ridge Gourd(Permal/Hybrid Gourd),Ridge Gourd(Permal/Hybrid Gourd),Grade B,10/08/2026,4150,4250,4150
Andhra Pradesh,Guntur,Prathipadu APMC,Paddy(Common),1001,Grade Range-1,10/08/2026,2200,2425,2300
Andhra Pradesh,Sri Sathya Sai,Puttaparthi  APMC,Maize,Local,FAQ,10/08/2026,2400,2500,2450
Telangana,Karimnagar,V.Saidapur APMC,Paddy(Common),MTU-1010,FAQ,10/08/2026,2389,2389,2389
Tamil Nadu,Salem,Athur(Uzhavar Sandhai ),Water Melon,Water Melon,Local,10/08/2026,1200,1500,1350
Tamil Nadu,Salem,Athur(Uzhavar Sandhai ),Banana - Green,Banana - Green,Local,10/08/2026,2000,2400,2200
Tamil Nadu,Salem,Athur(Uzhavar Sandhai ),Thondekai,Thondekai,Local,10/08/2026,5000,5500,5250
Tamil Nadu,Salem,Athur(Uzhavar Sandhai ),Capsicum,Capsicum,Local,10/08/2026,7000,7000,7000
Tamil Nadu,Salem,Athur(Uzhavar Sandhai ),Chow Chow,Chow Chow,Local,10/08/2026,3500,4000,3750
Tamil Nadu,Salem,Athur(Uzhavar Sandhai ),Knool Khol,Knool Khol,Local,10/08/2026,5000,5500,5250
Tamil Nadu,Salem,Athur(Uzhavar Sandhai ),Guava,Guava Allahabad,Local,10/08/2026,5500,6500,6000
Tamil Nadu,Salem,Athur(Uzhavar Sandhai ),Tamarind Fruit,Tamarind Fruit,Local,10/08/2026,12000,13000,12500
Tamil Nadu,Salem,Athur(Uzhavar Sandhai ),Elephant Yam(Suran)/Amorphophallus,Elephant Yam (Suran),Local,10/08/2026,3000,3500,3250
Tamil Nadu,Salem,Athur(Uzhavar Sandhai ),Rose(Local),Rose (Local),Local,10/08/2026,20000,22000,21000
Tamil Nadu,Theni,Periyakulam(Uzhavar Sandhai ),Papaya,Papaya,Local,10/08/2026,2500,3000,2750
Tamil Nadu,Theni,Periyakulam(Uzhavar Sandhai ),Tomato,Other,Local,10/08/2026,2000,2200,2100
Tamil Nadu,Theni,Periyakulam(Uzhavar Sandhai ),Bhindi(Ladies Finger),Bhindi,Local,10/08/2026,3800,4000,3900
Tamil Nadu,Theni,Periyakulam(Uzhavar Sandhai ),Green Chilli,Green Chilly,Local,10/08/2026,4000,4500,4250
Tamil Nadu,Theni,Periyakulam(Uzhavar Sandhai ),Carrot,Pusakesar,Local,10/08/2026,8000,8500,8250
Tamil Nadu,Theni,Periyakulam(Uzhavar Sandhai ),Cabbage,Cabbage,Local,10/08/2026,2800,3000,2900
Tamil Nadu,Theni,Periyakulam(Uzhavar Sandhai ),Snakeguard,Snakeguard,Local,10/08/2026,3500,4000,3750
Tamil Nadu,Theni,Periyakulam(Uzhavar Sandhai ),Beetroot,Beetroot,Local,10/08/2026,4000,4200,4100
Tamil Nadu,Theni,Periyakulam(Uzhavar Sandhai ),Drumstick,Drumstick,Local,10/08/2026,2600,2800,2700
Tamil Nadu,Theni,Periyakulam(Uzhavar Sandhai ),Onion Green,Onion Green,Local,10/08/2026,6500,7000,6750
Tamil Nadu,Theni,Periyakulam(Uzhavar Sandhai ),Mint(Pudina),Mint(Pudina),Local,10/08/2026,4500,4500,4500
Tamil Nadu,Virudhunagar,Srivilliputhur(Uzhavar Sandhai ),Cauliflower,Ranchi,Local,10/08/2026,2500,3000,2750
Tamil Nadu,Virudhunagar,Srivilliputhur(Uzhavar Sandhai ),Brinjal,Round,Local,10/08/2026,3500,4000,3750
Tamil Nadu,Virudhunagar,Srivilliputhur(Uzhavar Sandhai ),Papaya,Papaya,Local,10/08/2026,2500,3000,2750
Tamil Nadu,Virudhunagar,Srivilliputhur(Uzhavar Sandhai ),Bitter gourd,Bitter Gourd,Local,10/08/2026,7000,8000,7500
Tamil Nadu,Virudhunagar,Srivilliputhur(Uzhavar Sandhai ),Amaranthus,Amaranthus,Local,10/08/2026,2500,3000,2750
Tamil Nadu,Virudhunagar,Srivilliputhur(Uzhavar Sandhai ),Green Chilli,Green Chilly,Local,10/08/2026,5000,6000,5500
Tamil Nadu,Virudhunagar,Srivilliputhur(Uzhavar Sandhai ),Beans,Beans (Whole),Local,10/08/2026,9000,10000,9500
Tamil Nadu,Virudhunagar,Srivilliputhur(Uzhavar Sandhai ),Carrot,Pusakesar,Local,10/08/2026,7000,8000,7500
Tamil Nadu,Virudhunagar,Srivilliputhur(Uzhavar Sandhai ),Mint(Pudina),Mint(Pudina),Local,10/08/2026,5000,6000,5500
Punjab,Ludhiana,Machhiwara APMC,Green Chilli,Other,FAQ,10/08/2026,3000,4000,3500
Punjab,Ludhiana,Machhiwara APMC,Cucumbar(Kheera),Other,FAQ,10/08/2026,2000,2500,2500
Uttar Pradesh,Kanpur Dehat,Rura APMC,Wheat,Dara,FAQ,10/08/2026,2500,2505,2500.23
Uttar Pradesh,Kanpur Dehat,Rura APMC,Wheat,Deshi,FAQ,10/08/2026,2510,2510,2510
Uttar Pradesh,Prayagraj,Prayagraj APMC,Fish,Other,FAQ,10/08/2026,4000,4000,4000
Uttar Pradesh,Prayagraj,Prayagraj APMC,Green Gram(Moong)(Whole),Other,FAQ,10/08/2026,8768,8768,8768
Uttar Pradesh,Rampur,Rampur APMC,Wood,Other,FAQ,10/08/2026,500,1000,750.01
Uttar Pradesh,Badaun,Shahaswan APMC,Wood,Eucalyptus,FAQ,10/08/2026,550,550,550
Uttar Pradesh,Sonbhadra,Robertsganj APMC,Mustard,Other,FAQ,10/08/2026,6750,7325,7287.02
Uttar Pradesh,Sonbhadra,Robertsganj APMC,Gram Raw(Chholia),Other,FAQ,10/08/2026,5000,5000,5000
Uttar Pradesh,Hathras,Shadabad APMC,Potato,Other,FAQ,10/08/2026,500,500,500
Uttar Pradesh,Siddharth Nagar,Sahiyapur APMC,Wheat,Dara,FAQ,10/08/2026,2430,2430,2430
Uttar Pradesh,Raebarelli,Salon APMC,Wheat,Dara,FAQ,10/08/2026,2550,2575,2552.49
Uttar Pradesh,Raebarelli,Salon APMC,Mentha Oil,Other,FAQ,10/08/2026,132500,132500,132500
Uttar Pradesh,Rampur,Shahabad APMC,Wood,Other,FAQ,10/08/2026,500,500,500
Uttar Pradesh,Jaunpur,Shahganj APMC,Wood,Eucalyptus,FAQ,10/08/2026,500,500,500
Rajasthan,Udaipur,Fatehnagar APMC,Mustard,Mustard,FAQ,10/08/2026,7730,7771,7730
Rajasthan,Udaipur,Fatehnagar APMC,Wheat,Local,FAQ,10/08/2026,2580,2740,2696
Rajasthan,Rajsamand,Rajsamand APMC,Tomato,Tomato,FAQ,10/08/2026,2000,2500,2250
Uttar Pradesh,Shamli,Shamli APMC,Tomato,Other,FAQ,10/08/2026,2500,3000,2900
Uttar Pradesh,Shamli,Shamli APMC,Onion,Other,FAQ,10/08/2026,2600,3000,2800
Uttar Pradesh,Bulandshahar,Sikarpur APMC,Paddy(Common),Basmati,FAQ,10/08/2026,3451,3491,3481
Uttar Pradesh,Firozabad,Shikohabad APMC,Potato,Other,FAQ,10/08/2026,500,500,500
Uttar Pradesh,Firozabad,Sirsaganj APMC,Green Gram Dal(Moong Dal),Other,FAQ,10/08/2026,8768,8768,8768
Punjab,Moga,Dharamkot APMC,Onion,Other,Grade A,10/08/2026,3000,3000,3000
Punjab,Moga,Dharamkot APMC,Cauliflower,Other,Grade A,10/08/2026,3800,4000,4000
Punjab,Ferozpur,Makhu APMC,Potato,Other,Medium,10/08/2026,800,800,800
Punjab,Ferozpur,Makhu APMC,Banana,Other,Medium,10/08/2026,3000,3000,3000
Punjab,Ludhiana,Sahnewal APMC,Bottle gourd,Bottle Gourd,FAQ,10/08/2026,1800,1800,1800
Odisha,Keonjhar,Anandapur APMC,Pumpkin,Pumpkin,Local,10/08/2026,1100,1500,1300
Odisha,Dhenkanal,Kamakhyanagar APMC,Cauliflower,Cauliflower,Grade A,10/08/2026,6000,6000,6000
Odisha,Dhenkanal,Kamakhyanagar APMC,Cabbage,Cabbage,Grade A,10/08/2026,4000,4000,4000
Odisha,Dhenkanal,Kamakhyanagar APMC,Onion,Onion,Grade A,10/08/2026,7000,7000,7000
Odisha,Dhenkanal,Kamakhyanagar APMC,Green Chilli,Green Chilly,Grade A,10/08/2026,9000,9000,9000
Uttar Pradesh,Amethi,Sultanpur APMC,Wheat,Dara,FAQ,10/08/2026,2450,2450,2450
Uttar Pradesh,Ghaziabad,Muradnagar APMC,Rice,Other,FAQ,10/08/2026,2460,2460,2460
Uttar Pradesh,Unnao,Unnao APMC,Wheat,Dara Mill Quality,FAQ,10/08/2026,2550,2550,2550
Uttar Pradesh,Unnao,Unnao APMC,Paddy(Common),Other,FAQ,10/08/2026,2600,2600,2600
Uttar Pradesh,Kanpur,Uttaripura APMC,Onion,Other,FAQ,10/08/2026,1500,1500,1500
Uttar Pradesh,Ghazipur,Yusufpur APMC,Rice,Common,FAQ,10/08/2026,2300,2300,2300
Uttar Pradesh,Hardoi,Sandila APMC,Groundnut,Other,FAQ,10/08/2026,8000,8200,8101.8
Uttar Pradesh,Hardoi,Sandila APMC,Wheat,Dara,FAQ,10/08/2026,2450,2700,2491.67
Uttar Pradesh,Hardoi,Sandila APMC,Bengal Gram Dal(Chana Dal),Other,FAQ,10/08/2026,6100,6250,6145.62
Uttar Pradesh,Hardoi,Sandila APMC,Wood,Eucalyptus,FAQ,10/08/2026,500,810,579.32
Tripura,Sepahijala,Sonamura APMC,Bitter gourd,Bitter Gourd,Medium,10/08/2026,4600,5000,4700
Tripura,Sepahijala,Sonamura APMC,Potato,Other,Medium,10/08/2026,1400,1600,1500
Assam,Sonitpur,Dhekiajuli APMC,Bhindi(Ladies Finger),Bhindi,FAQ,10/08/2026,1800,2000,2000
Assam,Sonitpur,Dhekiajuli APMC,Green Chilli,Green Chilly,FAQ,10/08/2026,7000,7200,7200
Assam,Sonitpur,Dhekiajuli APMC,Potato,Potato,FAQ,10/08/2026,1100,1250,1250
Punjab,Ferozpur,Zira APMC,Papaya,Other,Local,10/08/2026,3400,3400,3400
Punjab,Ferozpur,Zira APMC,Onion,Other,Local,10/08/2026,3000,3000,3000
Punjab,Ferozpur,Zira APMC,Colacasia,Other,Local,10/08/2026,1600,1600,1600
Punjab,Ferozpur,Zira APMC,Green Chilli,Other,Local,10/08/2026,2500,2500,2500
West Bengal,Kolkata,Sealdah Koley Market APMC,Tomato,Other,FAQ,10/08/2026,2800,3200,3000
Odisha,Sonepur,Birmaharajpur APMC,Brinjal,Other,Local,10/08/2026,2500,2800,2600
Punjab,Sangrur,Bhawanigarh APMC,Coriander(Leaves),Coriander,Medium,10/08/2026,8000,8200,8100
Punjab,Sangrur,Bhawanigarh APMC,Plum,Other,Medium,10/08/2026,6000,6500,6250
Punjab,Sangrur,Bhawanigarh APMC,Pear(Marasebu),Other,Medium,10/08/2026,5000,5200,5100
Punjab,Sangrur,Bhawanigarh APMC,Banana,Medium,Medium,10/08/2026,3000,3500,3250
Odisha,Kalahandi,Mukhiguda APMC,Tomato,Tomato,Grade B,10/08/2026,2000,3000,2500
Odisha,Kalahandi,Mukhiguda APMC,Cabbage,Cabbage,Grade B,10/08/2026,2500,3100,2800
West Bengal,North 24 Parganas,Habra APMC,Bitter gourd,Other,FAQ,10/08/2026,2800,3000,2900
West Bengal,North 24 Parganas,Habra APMC,Brinjal,Brinjal,FAQ,10/08/2026,4000,4000,4000
West Bengal,North 24 Parganas,Habra APMC,Pumpkin,Other,FAQ,10/08/2026,2200,2300,2200
West Bengal,North 24 Parganas,Habra APMC,Tomato,Other,FAQ,10/08/2026,2200,2300,2200
West Bengal,North 24 Parganas,Habra APMC,Potato,Jyoti,FAQ,10/08/2026,1000,1000,1000
West Bengal,Murshidabad,Jangipur APMC,Jute,TD-5,TD 3 (FAQ),10/08/2026,10000,10500,10250
Rajasthan,Ajmer,Ajmer(F&V) APMC,Cluster beans,Other,Medium,10/08/2026,2000,6000,4200
Rajasthan,Ajmer,Ajmer(F&V) APMC,Cabbage,Other,Medium,10/08/2026,800,2200,1500
Punjab,Amritsar,Chogawan APMC,Bhindi(Ladies Finger),Bhindi,Grade A,10/08/2026,1290,1290,1290
West Bengal,Bankura,Khatra APMC,Wheat,Sonalika,FAQ,10/08/2026,2600,2900,2700
West Bengal,Paschim Bardhaman,Durgapur APMC,Mustard Oil,Other,FAQ,10/08/2026,17250,18000,17800
West Bengal,Paschim Bardhaman,Durgapur APMC,Wheat,Kalyan,FAQ,10/08/2026,2600,2800,2725
Tripura,North Tripura,Dasda APMC,Rice,Other,FAQ,10/08/2026,3300,3300,3300
Gujarat,Amreli,Dhari APMC,Wheat,Lokwan,FAQ,10/08/2026,2580,2600,2595
Gujarat,Amreli,Dhari APMC,Bengal Gram(Gram)(Whole),999,FAQ,10/08/2026,6100,6100,6100
Gujarat,Morbi,Vankaner APMC,"Sesamum(Sesame,Gingelly,Til)",White,FAQ,10/08/2026,10500,12075,11500
Gujarat,Morbi,Vankaner APMC,Soanf,Soanf,FAQ,10/08/2026,6575,7750,7675
Uttar Pradesh,Kanpur,Baripaal APMC,Bhindi(Ladies Finger),Bhindi,Medium,10/08/2026,1500,1800,1600
Maharashtra,Beed,Kaij APMC,Wheat,Other,Non-FAQ,10/08/2026,2400,2570,2500
Maharashtra,Beed,Kaij APMC,Bengal Gram(Gram)(Whole),Other,Non-FAQ,10/08/2026,5301,5800,5600
Tripura,Sepahijala,Boxonagar,Cock,Boiler/Firm(White),Local,10/08/2026,170,320,230
Tripura,Sepahijala,Boxonagar,Potato,Other,Medium,10/08/2026,1600,1800,1700
Uttar Pradesh,Shahjahanpur,Powayan APMC,Maize,Other,FAQ,10/08/2026,1800,2140,1922.62
Tamil Nadu,Coimbatore,Vadavalli(Uzhavar Sandhai ),Mango,Neelam,Local,10/08/2026,6500,7500,7000
Tamil Nadu,Coimbatore,Vadavalli(Uzhavar Sandhai ),Garlic,Garlic,Local,10/08/2026,20000,22000,21000
Tamil Nadu,Coimbatore,Vadavalli(Uzhavar Sandhai ),Brinjal,Other,Local,10/08/2026,4400,4800,4600
Tamil Nadu,Coimbatore,Vadavalli(Uzhavar Sandhai ),Coriander(Leaves),I Sort,Local,10/08/2026,4500,5000,4750
Tamil Nadu,Coimbatore,Vadavalli(Uzhavar Sandhai ),Mousambi(Sweet Lime),Mousambi,Local,10/08/2026,5500,6500,6000
Tamil Nadu,Coimbatore,Vadavalli(Uzhavar Sandhai ),Orange,Darjeeling,Local,10/08/2026,8000,13000,10500
Tamil Nadu,Coimbatore,Vadavalli(Uzhavar Sandhai ),Pumpkin,Pumpkin,Local,10/08/2026,1800,2000,1900
Tamil Nadu,Coimbatore,Vadavalli(Uzhavar Sandhai ),Bhindi(Ladies Finger),Bhindi,Local,10/08/2026,4400,4800,4600
Tamil Nadu,Coimbatore,Vadavalli(Uzhavar Sandhai ),Cabbage,Cabbage,Local,10/08/2026,2400,2800,2600
Tamil Nadu,Coimbatore,Vadavalli(Uzhavar Sandhai ),Beetroot,Beetroot,Local,10/08/2026,6500,7000,6750
Tamil Nadu,Coimbatore,Vadavalli(Uzhavar Sandhai ),Capsicum,Capsicum,Local,10/08/2026,5200,5800,5500
Tamil Nadu,Coimbatore,Vadavalli(Uzhavar Sandhai ),Chow Chow,Chow Chow,Local,10/08/2026,2400,2800,2600
Tamil Nadu,Coimbatore,Vadavalli(Uzhavar Sandhai ),Guava,Guava Allahabad,Local,10/08/2026,4500,5500,5000
Tamil Nadu,Coimbatore,Vadavalli(Uzhavar Sandhai ),Colacasia,Colacasia,Local,10/08/2026,4500,5000,4750
Tripura,Gomati,Nutanbazar APMC,Brinjal,Brinjal,FAQ,10/08/2026,4850,5000,4950
Tripura,Gomati,Nutanbazar APMC,Ginger(Green),Green Ginger,FAQ,10/08/2026,13500,15000,14500
Tripura,Gomati,Nutanbazar APMC,Green Chilli,Green Chilly,FAQ,10/08/2026,23500,25000,24500
Gujarat,Rajkot,Jetpur(Dist.Rajkot) APMC,Wheat,Other,FAQ,10/08/2026,2400,2875,2700
Gujarat,Rajkot,Jetpur(Dist.Rajkot) APMC,Bengal Gram(Gram)(Whole),Desi (Whole),FAQ,10/08/2026,5500,6180,6030
Gujarat,Rajkot,Jetpur(Dist.Rajkot) APMC,Red gram/Arhar/Tur(whole),Arhar (Whole),FAQ,10/08/2026,5500,7180,6880
Keralam,Wayanad,Pulpally Market,Cowpea(Veg),Other,Local,10/08/2026,3200,3400,3300
Keralam,Wayanad,Pulpally Market,Cucumbar(Kheera),Other,Local,10/08/2026,1500,1700,1600
Keralam,Wayanad,Pulpally Market,Rice,Other,Local,10/08/2026,6100,6300,6200
West Bengal,Purba Bardhaman,Memari APMC,Rice,Fine,FAQ,10/08/2026,3600,3750,3650
West Bengal,Darjeeling,Karsiyang(Matigara) APMC,Cabbage,Other,FAQ,10/08/2026,2700,2900,2800
West Bengal,Darjeeling,Karsiyang(Matigara) APMC,Onion,Nasik,FAQ,10/08/2026,3800,4000,3900
West Bengal,Darjeeling,Karsiyang(Matigara) APMC,Squash(Chappal Kadoo),Other,FAQ,10/08/2026,2400,2600,2500
West Bengal,Darjeeling,Darjeeling APMC,Potato,Red,FAQ,10/08/2026,1400,1600,1500
West Bengal,Darjeeling,Darjeeling APMC,Squash(Chappal Kadoo),Other,FAQ,10/08/2026,2400,2600,2500
Himachal Pradesh,Mandi,PMY Kangni Mandi,Banana,Banana - Ripe,Grade B,10/08/2026,2800,4800,4000
Himachal Pradesh,Mandi,PMY Kangni Mandi,Bhindi(Ladies Finger),Bhindi,Grade B,10/08/2026,2500,3000,2800
Himachal Pradesh,Mandi,PMY Kangni Mandi,Capsicum,Capsicum,Grade B,10/08/2026,2800,5000,4000
Himachal Pradesh,Mandi,PMY Kangni Mandi,Snow Mountain Garlic,Snow Mountain Garlic,Grade B,10/08/2026,7000,12000,10000
Himachal Pradesh,Mandi,PMY Kangni Mandi,Colacasia,Colacasia,Grade B,10/08/2026,2800,3000,3000
Himachal Pradesh,Mandi,PMY Kangni Mandi,Onion,Onion,Grade B,10/08/2026,2800,3000,3000
Himachal Pradesh,Mandi,PMY Kangni Mandi,Coriander(Leaves),Coriander,Grade B,10/08/2026,7000,10000,8500
Andhra Pradesh,YSR Kadapa,Jammalamadugu APMC,Cotton,Desi,FAQ,10/08/2026,7500,8500,8000
Andhra Pradesh,Annamayya,Piler APMC,Gur(Jaggery),NO 3,Local,10/08/2026,4200,4600,4400
Uttar Pradesh,Kaushambi,Bharwari APMC,gulli,Other,FAQ,10/08/2026,3000,3000,3000
Meghalaya,West Jaintia Hills,Jowai APMC,Onion,Local,Local,10/08/2026,4000,5000,4500
Tamil Nadu,Dindigul,Vedasanthur(Uzhavar Sandhai ),Tomato,Deshi,Local,10/08/2026,1000,1500,1250
Tamil Nadu,Dindigul,Vedasanthur(Uzhavar Sandhai ),Brinjal,Round,Local,10/08/2026,4000,5000,4500
Tamil Nadu,Dindigul,Vedasanthur(Uzhavar Sandhai ),Coconut,Coconut,Local,10/08/2026,5000,5500,5250
Tamil Nadu,Dindigul,Vedasanthur(Uzhavar Sandhai ),Snakeguard,Snakeguard,Local,10/08/2026,1500,2000,1750
Chattisgarh,Bilaspur,Bilaspur APMC,Wheat,Local,FAQ,10/08/2026,2679,2679,2679
Madhya Pradesh,Raisen,Udaipura APMC,Red gram/Arhar/Tur(whole),Arhar Dal(Tur),FAQ,10/08/2026,6800,6965,6965
Haryana,Ambala,Shahzadpur APMC,Raddish,Raddish,Local,10/08/2026,1600,1600,1600
Haryana,Yamuna Nagar,Jagadhri APMC,Cabbage,Cabbage,Medium,10/08/2026,1800,2000,2000
Haryana,Yamuna Nagar,Jagadhri APMC,Pumpkin,Pumpkin,Medium,10/08/2026,900,1100,1000
Haryana,Yamuna Nagar,Jagadhri APMC,Carrot,Other,Medium,10/08/2026,1800,2000,1900
Haryana,Yamuna Nagar,Sadhaura APMC,Potato,Potato,Local,10/08/2026,700,900,800
Haryana,Yamuna Nagar,Sadhaura APMC,Banana,Other,Local,10/08/2026,2500,2900,2700
Haryana,Palwal,Hassanpur APMC,Banana,Other,Local,10/08/2026,2500,2500,2500
Haryana,Palwal,Hassanpur APMC,Bitter gourd,Bitter Gourd,Local,10/08/2026,1800,1800,1800
Tamil Nadu,Erode,Perundurai APMC,Turmeric,Other,Local,10/08/2026,9699,17369,13534
Tamil Nadu,Madurai,Usilampatty APMC,Jowar(Sorghum),Other,Local,10/08/2026,2800,3000,2900
Madhya Pradesh,Raisen,Begamganj APMC,Soyabean,Soyabeen,Non-FAQ,10/08/2026,4425,4425,4425
Madhya Pradesh,Raisen,Begamganj APMC,Bengal Gram(Gram)(Whole),Gram,FAQ,10/08/2026,5680,6130,6130
Madhya Pradesh,Raisen,Begamganj APMC,Soyabean,Soyabeen,FAQ,10/08/2026,6405,6405,6405
Madhya Pradesh,Raisen,Begamganj APMC,Lak(Teora),Tiwada,FAQ,10/08/2026,3220,3220,3220
Madhya Pradesh,Vidisha,Sironj APMC,Bengal Gram(Gram)(Whole),Gram,FAQ,10/08/2026,6080,6330,6330
Uttar Pradesh,Bulandshahar,Gulavati APMC,Maize,Other,FAQ,10/08/2026,2100,2100,2100
Haryana,Gurgaon,Pataudi APMC,Tomato,Tomato,Grade B,10/08/2026,2200,3000,2800
Haryana,Hissar,Barwala(Hisar) APMC,Onion,Onion,Local,10/08/2026,2000,2500,2250
Haryana,Hissar,Barwala(Hisar) APMC,Capsicum,Capsicum,Local,10/08/2026,4500,5500,5000
Haryana,Hissar,Barwala(Hisar) APMC,Apple,Apple,Local,10/08/2026,12000,16000,14000
Haryana,Hissar,Uklana APMC,Cucumbar(Kheera),Cucumbar,Medium,10/08/2026,1500,1800,1800
Goa,North Goa,Valpoi APMC,Arecanut(Betelnut/Supari),Supari,Local,10/08/2026,41000,41000,41000
Odisha,Mayurbhanja,Baripada APMC,Cabbage,Cabbage,Medium,10/08/2026,3000,4000,3500
Andhra Pradesh,Prakasam,Maddipadu APMC,Bajra(Pearl Millet/Cumbu),Bold,FAQ,10/08/2026,2550,2550,2550
Keralam,Kozhikode(Calicut),Mukkom Market,Green Chilli,Green Chilly,FAQ,10/08/2026,5200,5600,5400
Keralam,Kozhikode(Calicut),Mukkom Market,Pineapple,Other,Large,10/08/2026,7800,8500,8200
Keralam,Kozhikode(Calicut),Mukkom Market,Apple,Other,Large,10/08/2026,26000,27000,26500
Keralam,Kozhikode(Calicut),Mukkom Market,Orange,Other,Large,10/08/2026,19500,20500,20000
Keralam,Kozhikode(Calicut),Mukkom Market,Coconut,Other,FAQ,10/08/2026,5600,6000,5800
Tamil Nadu,Thirupur,Tiruppur (South) (Uzhavar Sandhai ),Cluster beans,Cluster Beans,Local,10/08/2026,3000,4000,3500
Tamil Nadu,Thirupur,Tiruppur (South) (Uzhavar Sandhai ),Cauliflower,Ranchi,Local,10/08/2026,2500,3000,2750
Tamil Nadu,Thirupur,Tiruppur (South) (Uzhavar Sandhai ),Banana,Red Banana,Local,10/08/2026,5000,6000,5500
Tamil Nadu,Thirupur,Tiruppur (South) (Uzhavar Sandhai ),Bhindi(Ladies Finger),Bhindi,Local,10/08/2026,5000,6000,5500
Tamil Nadu,Thirupur,Tiruppur (South) (Uzhavar Sandhai ),Green Avare(W),Other,Local,10/08/2026,6000,7000,6500
Tamil Nadu,Thirupur,Tiruppur (South) (Uzhavar Sandhai ),Chow Chow,Chow Chow,Local,10/08/2026,2500,3000,2750
Tamil Nadu,Thirupur,Tiruppur (South) (Uzhavar Sandhai ),Lemon,Lemon,Local,10/08/2026,8000,10000,9000
Tamil Nadu,Thirupur,Tiruppur (South) (Uzhavar Sandhai ),Onion Green,Onion Green,Local,10/08/2026,5000,6000,5500
Keralam,Kozhikode(Calicut),Perambra Market,Snakeguard,Other,FAQ,10/08/2026,4000,4500,4300
Keralam,Kozhikode(Calicut),Perambra Market,Pumpkin,Other,FAQ,10/08/2026,1600,1800,1700
Gujarat,Rajkot,Jasdan APMC,Bajra(Pearl Millet/Cumbu),Deshi,FAQ,10/08/2026,1400,2000,1850
Gujarat,Rajkot,Jasdan APMC,Cummin Seed(Jeera),Cummin Seed(Jeera),FAQ,10/08/2026,12500,19750,18750
Andhra Pradesh,Krishna,Malleswaram (HQ-Bantumili) APMC,Paddy(Common),MTU-2077,Grade Range-1,10/08/2026,2900,3000,2950
Keralam,Kottayam,Kanjirappally Market,Cabbage,Cabbage,FAQ,10/08/2026,5500,6000,5800
Keralam,Kottayam,Kanjirappally Market,Tapioca,Tapioca,FAQ,10/08/2026,3500,4000,3800
Odisha,Rayagada,Gunpur APMC,Pumpkin,Other,Grade B,10/08/2026,2000,2200,2100
Odisha,Cuttack,Kendupatna(Niali) APMC,Brinjal,Other,Grade B,10/08/2026,2900,3800,3500
Odisha,Cuttack,Kendupatna(Niali) APMC,Bhindi(Ladies Finger),Other,Grade B,10/08/2026,2400,2800,2500
Maharashtra,Buldhana,Lonar APMC,Wheat,Other,Non-FAQ,10/08/2026,2300,2424,2362
Maharashtra,Buldhana,Lonar APMC,Bengal Gram(Gram)(Whole),Other,FAQ,10/08/2026,5900,6000,5950
Maharashtra,Buldhana,Lonar APMC,Soyabean,Yellow,FAQ,10/08/2026,6700,6850,6775
Chattisgarh,Manendragarh Chirmiri Bhartpur,Manendragarh APMC,Jowar(Sorghum),Local,Non-FAQ,10/08/2026,1300,1300,1300
Karnataka,Davangere,Davangere APMC,Rice,Medium,Local,10/08/2026,2400,5800,4119
Karnataka,Davangere,Davangere APMC,Apple,Apple,Local,10/08/2026,10000,20000,15000
Karnataka,Davangere,Davangere APMC,Ragi(Finger Millet),Local,Local,10/08/2026,2000,3750,2895
Karnataka,Davangere,Davangere APMC,Papaya,Papaya,Local,10/08/2026,1000,2000,1500
Keralam,Pathanamthitta,Kuttoor Market,Coconut Oil,Other,Local,10/08/2026,31600,32000,31800
Keralam,Pathanamthitta,Kuttoor Market,Bhindi(Ladies Finger),Bhindi,Large,10/08/2026,7600,8000,7800
Keralam,Pathanamthitta,Kuttoor Market,Snakeguard,Other,Small,10/08/2026,7600,8000,7800
Keralam,Pathanamthitta,Kuttoor Market,Tapioca,Other,Local,10/08/2026,4600,5000,4800
Maharashtra,Sangli,Vita APMC,Green Chilli,Other,Local,10/08/2026,3500,4000,3800
Keralam,Alappuzha,Cherthala Market,Beetroot,Beetroot,FAQ,10/08/2026,3500,3700,3600
Keralam,Alappuzha,Cherthala Market,Cucumbar(Kheera),Cucumbar,FAQ,10/08/2026,3700,4000,3800
Keralam,Alappuzha,Cherthala Market,Cowpea(Veg),Cowpea (Veg),FAQ,10/08/2026,5000,5200,5100
Keralam,Alappuzha,Cherthala Market,Little gourd(Kundru),Other,FAQ,10/08/2026,4500,4700,4600
Keralam,Alappuzha,Cherthala Market,Green Chilli,Green Chilly,FAQ,10/08/2026,5000,5500,5200
Keralam,Ernakulam,Thrippunithura Market,Colacasia,Other,Medium,10/08/2026,6300,7000,6500
Keralam,Ernakulam,Thrippunithura Market,Cauliflower,Cauliflower,Medium,10/08/2026,6500,7000,6700
Keralam,Ernakulam,Thrippunithura Market,Cucumbar(Kheera),Cucumbar,Medium,10/08/2026,2800,4000,3000
Keralam,Ernakulam,Thrippunithura Market,Indian Beans(Seam),Other,Medium,10/08/2026,10500,12000,11000
Keralam,Ernakulam,Thrippunithura Market,Tomato,Tomato,Medium,10/08/2026,3800,4000,3800
Keralam,Kozhikode(Calicut),Palayam Market,Amaranthus,Amaranthus,Local,10/08/2026,2800,2800,2800
Punjab,Bhatinda,Bhagta Bhai Ka APMC,Green Chilli,Other,Medium,10/08/2026,4100,4100,4100
Punjab,Bhatinda,Bhagta Bhai Ka APMC,Onion,Other,Medium,10/08/2026,3000,3000,3000
Keralam,Idukki,Nedumkandam Market,Tapioca,Other,FAQ,10/08/2026,3000,3500,3000
Keralam,Idukki,Nedumkandam Market,Capsicum,Other,FAQ,10/08/2026,7000,8000,7000
Keralam,Kannur,Thalasserry Market,Onion,1st Sort,FAQ,10/08/2026,2800,3800,3200
Keralam,Kannur,Thalasserry Market,Banana,Other,Small,10/08/2026,7400,8300,7800
Keralam,Kannur,Thalasserry Market,Tomato,Other,FAQ,10/08/2026,1000,2000,1500
Keralam,Kannur,Thalasserry Market,Coconut Oil,Other,FAQ,10/08/2026,26000,27200,26600
Keralam,Palakad,Kollengode Market,Beetroot,Beetroot,FAQ,10/08/2026,3200,3600,3400
Keralam,Palakad,Kollengode Market,Little gourd(Kundru),Other,FAQ,10/08/2026,4000,4400,4200
Keralam,Palakad,Kollengode Market,Green Avare(W),Green Avare (W),FAQ,10/08/2026,5000,5400,5200
Keralam,Palakad,Kollengode Market,Mango(Raw-Ripe),Mango - Raw-Ripe,FAQ,10/08/2026,3000,3400,3200
Keralam,Palakad,Kollengode Market,Colacasia,Other,FAQ,10/08/2026,4800,5200,5000
Keralam,Idukki,Kattappana Market,Banana,Nendra Bale,Medium,10/08/2026,5000,5600,5500
Keralam,Idukki,Kattappana Market,Banana,Nendra Bale,Small,10/08/2026,4000,4800,4500
Keralam,Idukki,Kattappana Market,Water Melon,Other,Medium,10/08/2026,1800,2300,2100
Keralam,Idukki,Kattappana Market,Coconut Oil,Other,Grade Range-2,10/08/2026,25500,26500,25800
Keralam,Idukki,Kattappana Market,Green Chilli,Other,Medium,10/08/2026,5500,6000,6000
Keralam,Idukki,Kattappana Market,Lemon,Other,Medium,10/08/2026,5000,5800,5500
Keralam,Idukki,Kattappana Market,Cabbage,Other,Medium,10/08/2026,2800,3000,3000
Keralam,Idukki,Kattappana Market,Capsicum,Other,Medium,10/08/2026,8500,9500,8900
Keralam,Idukki,Kattappana Market,Carrot,Other,Grade B,10/08/2026,7000,8500,7800
Keralam,Idukki,Kattappana Market,Yam(Ratalu),Other,Medium,10/08/2026,4800,5500,5500
Keralam,Idukki,Kattappana Market,Garlic,Other,Grade Range-1,10/08/2026,27000,30000,28000
Keralam,Idukki,Kattappana Market,Tapioca,Other,Medium,10/08/2026,3500,3500,3500
Punjab,Faridkot,Faridkot APMC,Bitter gourd,Bitter Gourd,Grade A,10/08/2026,3000,3000,3000
Punjab,Faridkot,Faridkot APMC,Pineapple,Pine Apple,Grade A,10/08/2026,4000,4000,4000
Maharashtra,Hingoli,Sengoan APMC,Red gram/Arhar/Tur(whole),Other,Non-FAQ,10/08/2026,7100,7400,7300
Maharashtra,Hingoli,Sengoan APMC,Soyabean,Yellow,FAQ,10/08/2026,6675,6750,6700
Andhra Pradesh,Tirupathi,Railway Koduru APMC,Papaya,Papaya,Grade A,10/08/2026,1600,1700,1650
Haryana,Hissar,Hissar APMC,Mustard,Mustard,Local,10/08/2026,7250,7500,7400
Haryana,Yamuna Nagar,Radaur APMC,Bitter gourd,Other,Medium,10/08/2026,2200,2600,2400
Haryana,Yamuna Nagar,Radaur APMC,Green Chilli,Other,Medium,10/08/2026,5800,7000,6500
Haryana,Yamuna Nagar,Radaur APMC,Raddish,Other,Medium,10/08/2026,1200,1600,1400
Haryana,Rohtak,Sampla APMC,Cucumbar(Kheera),Other,Local,10/08/2026,1800,2000,2000
Haryana,Rohtak,Sampla APMC,Tomato,Other,Local,10/08/2026,3000,3500,3500
Punjab,Gurdaspur,Batala APMC,Lemon,Other,Grade C,10/08/2026,4500,5000,4800
Punjab,Gurdaspur,Batala APMC,Cucumbar(Kheera),Other,Grade C,10/08/2026,2200,2800,2500
Punjab,Gurdaspur,Batala APMC,Cauliflower,Ranchi,Grade C,10/08/2026,4000,4500,4200
Haryana,Kurukshetra,Ladwa APMC,Plum,Plum,Medium,10/08/2026,5000,6000,5000
Haryana,Kurukshetra,Ladwa APMC,Apple,Apple,Medium,10/08/2026,6000,12000,9000
Haryana,Kurukshetra,Ladwa APMC,Mango,Dusheri,Medium,10/08/2026,3500,4500,4000
Haryana,Kurukshetra,Ladwa APMC,Cucumbar(Kheera),Cucumbar,Medium,10/08/2026,3500,4000,4000
Haryana,Kurukshetra,Shahabad APMC,Banana,Medium,Medium,10/08/2026,2500,3500,3200
Haryana,Kurukshetra,Shahabad APMC,Karbuja(Musk Melon),Karbhuja,Medium,10/08/2026,4000,4000,4000
Haryana,Kurukshetra,Shahabad APMC,Mango,Other,Medium,10/08/2026,3000,6000,5000
Haryana,Kurukshetra,Shahabad APMC,Green Chilli,Green Chilly,Medium,10/08/2026,2500,4200,3500
Haryana,Kurukshetra,Shahabad APMC,Carrot,Carrot,Medium,10/08/2026,2500,2500,2500
Haryana,Kurukshetra,Shahabad APMC,Cluster beans,Cluster Beans,Medium,10/08/2026,5000,6000,5500
Haryana,Kurukshetra,Shahabad APMC,Pumpkin,Pumpkin,Medium,10/08/2026,800,1200,1000
Maharashtra,Solapur,Akluj APMC,Spinach,Other,Local,10/08/2026,4,5,5
Maharashtra,Solapur,Akluj APMC,Tomato,Local,Local,10/08/2026,1000,2000,1500
Haryana,Mewat,FerozpurZirkha(Nagina) APMC,Bottle gourd,Other,Local,10/08/2026,1000,1400,1200
Keralam,Kasargod,Pullur Periya  VFPCK Market,Ridgeguard(Tori),Ridgeguard(Tori),Grade A,10/08/2026,4300,4500,4400
Gujarat,Ahmedabad,Ahmedabad(Chimanbhai Patal Market Vasana) APMC,Potato,Desi,FAQ,10/08/2026,500,1000,850
Punjab,Gurdaspur,Dera Baba Nanak APMC,Bitter gourd,Other,Grade A,10/08/2026,748,748,748
Punjab,Gurdaspur,Dera Baba Nanak APMC,Bhindi(Ladies Finger),Bhindi,Grade A,10/08/2026,686,686,686
Punjab,Gurdaspur,Dera Baba Nanak APMC,Green Chilli,Green Chilly,Grade A,10/08/2026,1496,1496,1496
Punjab,Gurdaspur,Dera Baba Nanak APMC,Colacasia,Other,Grade B,10/08/2026,1328,1328,1328
Punjab,Gurdaspur,F.G.Churian APMC,Potato,Potato,Grade A,10/08/2026,800,800,800
Punjab,Gurdaspur,Quadian APMC,Banana,Other,Grade A,10/08/2026,3300,3500,3400
Punjab,Gurdaspur,Quadian APMC,Cabbage,Other,Grade A,10/08/2026,1400,1600,1500
Punjab,Gurdaspur,Quadian APMC,Brinjal,Other,Grade A,10/08/2026,1800,2000,1900
Punjab,Hoshiarpur,GarhShankar (Kotfatuhi) APMC,Banana,Other,Medium,10/08/2026,3000,3000,3000
Punjab,Hoshiarpur,GarhShankar (Kotfatuhi) APMC,Potato,Other,FAQ,10/08/2026,1000,1000,1000
Punjab,Hoshiarpur,GarhShankar (Kotfatuhi) APMC,Cucumbar(Kheera),Other,FAQ,10/08/2026,2500,2500,2500
Punjab,Hoshiarpur,GarhShankar (Kotfatuhi) APMC,Tomato,Other,FAQ,10/08/2026,2700,2700,2700
Punjab,Jalandhar,Jalandhar City APMC,Maize,Other,FAQ,10/08/2026,2150,2254,2200
Punjab,Jalandhar,Nakodar APMC,Brinjal,Brinjal,Local,10/08/2026,1400,1400,1400
Punjab,Ludhiana,Jagraon APMC,Banana,Other,Grade A,10/08/2026,2200,2200,2200
Punjab,Ludhiana,Jagraon APMC,Pomegranate,Other,Grade A,10/08/2026,8500,8500,8500
Punjab,Ludhiana,Jagraon APMC,Capsicum,Other,FAQ,10/08/2026,400,400,400
Punjab,Ludhiana,Jagraon APMC,Cauliflower,Other,FAQ,10/08/2026,1800,1800,1800
Punjab,Ludhiana,Jagraon APMC,Lemon,Other,FAQ,10/08/2026,5500,5500,5500
Punjab,Ludhiana,Jagraon APMC,Mashrooms,Mashrooms,FAQ,10/08/2026,9500,9500,9500
Punjab,Ludhiana,Jagraon APMC,Onion,Other,FAQ,10/08/2026,1900,1900,1900
Punjab,Ludhiana,Jagraon APMC,Pea Pod/Pea Cod/हरी मटर,Other,FAQ,10/08/2026,2500,2500,2500
Punjab,Ludhiana,Jagraon APMC,Pumpkin,Other,FAQ,10/08/2026,500,500,500
Punjab,Ludhiana,Jagraon APMC,Tomato,Other,FAQ,10/08/2026,1500,1500,1500
Keralam,Kollam,Anchal Market,Capsicum,Capsicum,Local,10/08/2026,6300,6300,6300
Keralam,Kollam,Anchal Market,Bitter gourd,Bitter Gourd,Local,10/08/2026,7200,7200,7200
Keralam,Kollam,Anchal Market,Colacasia,Colacasia,Medium,10/08/2026,6600,6600,6600
Rajasthan,Ganganagar,Sriganganagar (F&V) APMC,Carrot,Carrot,Grade A,10/08/2026,2800,3200,3000
Rajasthan,Ganganagar,Sriganganagar (F&V) APMC,Brinjal,Brinjal,Grade A,10/08/2026,2400,2800,2600
Rajasthan,Ganganagar,Sriganganagar (F&V) APMC,Bhindi(Ladies Finger),Bhindi,Grade B,10/08/2026,2600,3000,2800
Rajasthan,Ganganagar,Sriganganagar (F&V) APMC,Pumpkin,Pumpkin,Grade A,10/08/2026,1800,2200,2000
Rajasthan,Ganganagar,Sriganganagar (F&V) APMC,Beetroot,Beetroot,Grade A,10/08/2026,2700,3100,2900
Rajasthan,Ganganagar,Sriganganagar (F&V) APMC,Bottle gourd,Bottle Gourd,Grade C,10/08/2026,1800,2200,2000
Rajasthan,Baran,Baran APMC,Tomato,Other,Local,10/08/2026,1200,1600,1400
Rajasthan,Bundi,Bundi APMC,Barley(Jau),Other,FAQ,10/08/2026,2571,2571,2571
Rajasthan,Bundi,Bundi APMC,Soyabean,Other,FAQ,10/08/2026,6052,6052,6052
Rajasthan,Bundi,Bundi APMC,Black Gram(Urd Beans)(Whole),Other,FAQ,10/08/2026,4800,5799,5200
Rajasthan,Chittorgarh,Nimbahera APMC,Soyabean,Soyabeen,FAQ,10/08/2026,5500,6805,6153
Rajasthan,Chittorgarh,Nimbahera APMC,Wheat,Other,FAQ,10/08/2026,2591,2941,2766
Rajasthan,Chittorgarh,Nimbahera APMC,Methi Seeds,Other,FAQ,10/08/2026,5700,7301,6450
Rajasthan,Hanumangarh,Sangriya APMC,Wheat,Other,Local,10/08/2026,2500,2592,2570
Rajasthan,Hanumangarh,Sangriya APMC,Onion,Onion,Local,10/08/2026,2000,2800,2500
Rajasthan,Jaipur,Jaipur (F&V) APMC,Spinach,Other,FAQ,10/08/2026,1500,2200,1850
Rajasthan,Jaipur,Jaipur (F&V) APMC,Capsicum,Capsicum,FAQ,10/08/2026,2500,3000,2750
Rajasthan,Jaipur,Jaipur (F&V) APMC,Carrot,Carrot,FAQ,10/08/2026,1800,2500,2150
Rajasthan,Jaipur,Jaipur (F&V) APMC,Banana,Other,Medium,10/08/2026,2000,3000,2500
Rajasthan,Jaipur,Jaipur (F&V) APMC,Pomegranate,Other,Medium,10/08/2026,5000,13800,9400
Rajasthan,Jaipur,Jaipur (F&V) APMC,Plum,Other,Medium,10/08/2026,5000,10000,7500
Rajasthan,Jhunjhunu,Nawalgarh APMC,Onion,Red,Local,10/08/2026,2220,2220,2220
Rajasthan,Churu,Sadulpur APMC,Green Gram(Moong)(Whole),Other,Local,10/08/2026,4500,4550,4525
Rajasthan,Nagaur,Nagaur APMC,Soanf,Other,Local,10/08/2026,7000,13500,10200
Rajasthan,Nagaur,Nagaur APMC,Taramira,Other,Local,10/08/2026,5500,6250,6200
Rajasthan,Hanumangarh,Goluwala APMC,Potato,Red Nanital,Non-FAQ,10/08/2026,500,800,800
Rajasthan,Hanumangarh,Goluwala APMC,Onion,1st Sort,Non-FAQ,10/08/2026,2500,2500,2500
Rajasthan,Hanumangarh,Goluwala APMC,Guar Seed(Cluster Beans Seed),Other,Local,10/08/2026,5301,5851,5816
Rajasthan,Hanumangarh,Goluwala APMC,Wheat,Other,Non-FAQ,10/08/2026,2551,2607,2586
Rajasthan,Ganganagar,Suratgarh APMC,Wheat,Other,FAQ,10/08/2026,2550,2781,2650
Andhra Pradesh,NTR,Nandigama APMC,Wood,Subabul,Grade Range-1,10/08/2026,510,510,510
Rajasthan,Jhalawar,Khanpur APMC,Soyabean,Soyabeen,FAQ,10/08/2026,6152,6850,6601
Rajasthan,Baran,Atru APMC,Soyabean,Other,Local,10/08/2026,6651,6651,6651
Rajasthan,Jalore,Jalore APMC,Brinjal,Brinjal,Local,10/08/2026,1200,1500,1300
Rajasthan,Jalore,Jalore APMC,Coriander(Leaves),Coriander,Local,10/08/2026,2500,3000,2800
Punjab,Ludhiana,Khanna APMC,Papaya,Papaya,Grade A,10/08/2026,2000,2000,2000
Punjab,Ludhiana,Khanna APMC,Cauliflower,Local,Grade A,10/08/2026,2500,2500,2500
Punjab,Ludhiana,Khanna APMC,Peas Wet,Peas Wet,Grade A,10/08/2026,5000,5000,5000
Keralam,Kannur,Kuthuparambu Market,Banana,Other,Small,10/08/2026,7800,8200,8000
Keralam,Kannur,Kuthuparambu Market,Copra,Copra,FAQ,10/08/2026,15000,18000,16500
Keralam,Kannur,Kuthuparambu Market,Coconut Oil,Other,FAQ,10/08/2026,27500,29000,28000
Keralam,Kottayam,Pala Market,Banana - Green,Banana - Green,FAQ,10/08/2026,4400,4600,4500
Keralam,Kottayam,Pala Market,Bitter gourd,Bitter Gourd,FAQ,10/08/2026,3500,4000,3700
Keralam,Kottayam,Pala Market,Little gourd(Kundru),Other,FAQ,10/08/2026,6200,6600,6400
Keralam,Kottayam,Pala Market,Potato,Other,FAQ,10/08/2026,2500,3500,3000
Odisha,Bolangir,Kantabaji APMC,Cabbage,Cabbage,Grade B,10/08/2026,2500,3500,3000
Jammu and Kashmir,Baramulla,Sopore (Nowpora) (F&V),Apple,Delicious,Grade A,10/08/2026,3200,3200,3200
Jammu and Kashmir,Baramulla,Sopore (Nowpora) (F&V),Pear(Marasebu),Other,Grade A,10/08/2026,5000,5000,5000
Punjab,Bhatinda,Bhucho APMC,Lemon,Other,Local,10/08/2026,4500,4500,4500
Maharashtra,Nashik,Sinner APMC,Wheat,Other,FAQ,10/08/2026,2585,2705,2680
Maharashtra,Nashik,Sinner APMC,Jowar(Sorghum),Other,Local,10/08/2026,3495,3495,3495
Keralam,Kollam,Sasthamkotta Market,Bhindi(Ladies Finger),Other,Local,10/08/2026,2500,2500,2500
Keralam,Kollam,Sasthamkotta Market,Banana,Palayamthodan,Local,10/08/2026,2000,2000,2000
Keralam,Kollam,Sasthamkotta Market,Banana,Nendra Bale,Local,10/08/2026,5500,5500,5500
Maharashtra,Nagpur,Nagpur APMC,Wheat,Other,Non-FAQ,10/08/2026,2502,2584,2563
Maharashtra,Nagpur,Nagpur APMC,Maize,Other,Non-FAQ,10/08/2026,2000,2200,2150
Maharashtra,Nagpur,Nagpur APMC,Black Gram(Urd Beans)(Whole),Other,Non-FAQ,10/08/2026,7600,7790,7742
Maharashtra,Nagpur,Nagpur APMC,Soyabean,Other,Local,10/08/2026,6000,6600,6450
Maharashtra,Nagpur,Nagpur APMC,Ginger(Green),Other,Local,10/08/2026,4000,13000,10750
Maharashtra,Nagpur,Nagpur APMC,Potato,Local,Local,10/08/2026,800,1100,1025
Maharashtra,Nagpur,Nagpur APMC,Cucumbar(Kheera),Other,Local,10/08/2026,700,1000,925
Maharashtra,Nagpur,Nagpur APMC,Methi(Leaves),Other,Local,10/08/2026,3000,4000,3750
Maharashtra,Nagpur,Nagpur APMC,Drumstick,Other,Local,10/08/2026,2500,3500,3250
Maharashtra,Nagpur,Nagpur APMC,Green Chilli,Other,Local,10/08/2026,2000,3200,2900
Maharashtra,Nagpur,Nagpur APMC,Chili Red,Other,Local,10/08/2026,14000,18000,17000
Keralam,Kottayam,Thalayolaparambu Market,Cucumbar(Kheera),Cucumbar,FAQ,10/08/2026,1300,1600,1400
Keralam,Kottayam,Thalayolaparambu Market,Ginger(Green),Green Ginger,FAQ,10/08/2026,17300,17600,17400
Keralam,Kozhikode(Calicut),Kallachi Market,Brinjal,Brinjal,FAQ,10/08/2026,3300,3700,3500
Keralam,Kozhikode(Calicut),Kallachi Market,Cabbage,Cabbage,FAQ,10/08/2026,2800,3200,3000
Keralam,Kozhikode(Calicut),Kallachi Market,Cauliflower,Other,FAQ,10/08/2026,3800,4200,4000
Keralam,Alappuzha,Mannar Market,Banana - Green,Banana - Green,FAQ,10/08/2026,4000,4200,4100
Keralam,Alappuzha,Mannar Market,Cabbage,Other,FAQ,10/08/2026,2500,2700,2600
Andhra Pradesh,Nandyal,Atmakur (Nandyal District) APMC,Paddy(Common),Sona,FAQ,10/08/2026,2470,2470,2470
Andhra Pradesh,Nandyal,Nandyal APMC,Paddy(Common),Paddy,Local,10/08/2026,2400,2400,2400
Jammu and Kashmir,Jammu,MAC F&V Market Narwal Jammu,Water Melon,Water Melon,Medium,10/08/2026,2500,3000,2750
Jammu and Kashmir,Jammu,MAC F&V Market Narwal Jammu,Beetroot,Beetroot,FAQ,10/08/2026,2500,2800,2650
Jammu and Kashmir,Jammu,MAC F&V Market Narwal Jammu,Green Chilli,Green Chilly,FAQ,10/08/2026,6000,7000,6500
Jammu and Kashmir,Jammu,MAC F&V Market Narwal Jammu,Mashrooms,Mashrooms,FAQ,10/08/2026,14000,17000,15500
Jammu and Kashmir,Jammu,MAC F&V Market Narwal Jammu,Raddish,Raddish,FAQ,10/08/2026,2500,3000,2750
Keralam,Thiruvananthapuram,Neyyatinkara Market,Carrot,Other,FAQ,10/08/2026,5400,6000,5600
Keralam,Thiruvananthapuram,Neyyatinkara Market,Cucumbar(Kheera),Cucumbar,FAQ,10/08/2026,3400,4000,3600
Keralam,Thiruvananthapuram,Neyyatinkara Market,Duster Beans,Other,FAQ,10/08/2026,5400,6000,5600
Punjab,Moga,Baghapurana APMC,Pear(Marasebu),Other,Grade B,10/08/2026,3500,4500,4000
Punjab,Mohali,Dera Bassi APMC,Potato,Potato,Local,10/08/2026,1100,1100,1100
Andhra Pradesh,Nandyal,Koilkunta APMC,Jowar(Sorghum),Jowar ( White),FAQ,10/08/2026,3000,3400,3200
Punjab,Muktsar,Malout APMC,Tomato,Tomato,FAQ,10/08/2026,3200,3200,3200
Punjab,Muktsar,Malout APMC,Water Melon,Water Melon,Grade A,10/08/2026,3400,3400,3400
Punjab,Muktsar,Malout APMC,Pomegranate,Pomogranate,Grade A,10/08/2026,15000,15000,15000
Punjab,Patiala,Nabha APMC,Lemon,Other,Grade C,10/08/2026,3000,5000,4000
Punjab,Patiala,Nabha APMC,Green Chilli,Other,Grade C,10/08/2026,2000,3400,2600
Punjab,Patiala,Nabha APMC,Guava,Other,Grade B,10/08/2026,1700,3000,2300
Keralam,Ernakulam,ARWM Muvattupuzha,Banana,Nendra Bale,Local,10/08/2026,5600,7000,6500
Punjab,Patiala,Patiala APMC,Banana,Banana - Ripe,Grade B,10/08/2026,1700,1900,1800
Punjab,Patiala,Patiala APMC,Pineapple,Pine Apple,Grade B,10/08/2026,2000,2500,2200
Punjab,Patiala,Patiala APMC,Pomegranate,Pomogranate,Grade B,10/08/2026,7000,7300,7200
Punjab,Patiala,Patiala APMC,Coriander(Leaves),Other,Grade B,10/08/2026,700,900,800
Punjab,Patiala,Patiala APMC,Green Chilli,Green Chilly,Grade B,10/08/2026,700,900,800
Punjab,Patiala,Patiala APMC,Lemon,Lemon,Grade B,10/08/2026,2000,2300,2200
Punjab,Patiala,Patran APMC,Peas Wet,Other,Grade A,10/08/2026,8000,8000,8000
Punjab,Patiala,Patran APMC,Pear(Marasebu),Other,Grade A,10/08/2026,6650,6650,6650
Punjab,Patiala,Patran APMC,Pineapple,Other,Grade A,10/08/2026,5090,5090,5090
Punjab,Patiala,Patran APMC,Pumpkin,Other,Grade A,10/08/2026,900,900,900
Punjab,Patiala,Patran APMC,Capsicum,Other,Grade A,10/08/2026,3440,3440,3440
Punjab,Patiala,Samana APMC,Apricot(Jardalu/Khumani),Other,Grade B,10/08/2026,7000,15000,10000
Punjab,Patiala,Samana APMC,Guava,Guava,Grade Range-2,10/08/2026,3200,3600,3400
Punjab,Patiala,Samana APMC,Peach,Peach,Grade B,10/08/2026,15000,25000,17000
Punjab,Patiala,Samana APMC,Papaya,Papaya,Grade Range-2,10/08/2026,3200,4000,3400
Punjab,Patiala,Samana APMC,Plum,Other,Grade B,10/08/2026,6000,7300,6500
Punjab,Patiala,Samana APMC,Seetapal,Seethaphal,Grade B,10/08/2026,400,600,500
Punjab,Patiala,Samana APMC,Ginger(Green),Green Ginger,Local,10/08/2026,9000,12000,9400
Punjab,Patiala,Samana APMC,Chilly Capsicum,Chilly Capsicum,Grade Range-2,10/08/2026,2600,3300,3100
Punjab,Patiala,Samana APMC,Carrot,Carrot,Grade Range-2,10/08/2026,2000,2500,2400
Keralam,Ernakulam,Perumbavoor Market,Cucumbar(Kheera),Cucumbar,Medium,10/08/2026,2500,3500,3000
Keralam,Ernakulam,Perumbavoor Market,Field Pea,Field Pea,Medium,10/08/2026,3500,4500,4000
Keralam,Ernakulam,Perumbavoor Market,Little gourd(Kundru),Other,Medium,10/08/2026,5000,6000,5500
Punjab,Ropar (Rupnagar),Ropar APMC,French Beans(Frasbean),French Beans (Frasbean),Medium,10/08/2026,4500,5000,4800
Punjab,Ropar (Rupnagar),Ropar APMC,Mango,Langra,Medium,10/08/2026,5500,6500,6000
Punjab,Sangrur,Ahmedgarh APMC,Cauliflower,Local,Medium,10/08/2026,2000,2200,2200
Punjab,Sangrur,Ahmedgarh APMC,Banana,Other,Medium,10/08/2026,3200,3500,3500
Keralam,Palakad,Pattambi Market,Bitter gourd,Bitter Gourd,FAQ,10/08/2026,6000,7000,6500
Keralam,Palakad,Pattambi Market,Elephant Yam(Suran)/Amorphophallus,Amorphophallus,FAQ,10/08/2026,3000,3500,3200
Keralam,Palakad,Pattambi Market,French Beans(Frasbean),Other,FAQ,10/08/2026,7000,8000,7500
Keralam,Palakad,Pattambi Market,Lemon,Other,FAQ,10/08/2026,5000,6000,5500
Keralam,Palakad,Pattambi Market,Little gourd(Kundru),Other,FAQ,10/08/2026,6000,6500,6200
Keralam,Palakad,Pattambi Market,Sweet Potato,Sweet Potato,FAQ,10/08/2026,4500,5000,4800
Keralam,Kottayam,Ettumanoor Market,Little gourd(Kundru),Other,FAQ,10/08/2026,4500,5000,4700
Keralam,Kottayam,Ettumanoor Market,Cucumbar(Kheera),Cucumbar,FAQ,10/08/2026,2000,2300,2100
Keralam,Kottayam,Ettumanoor Market,Bitter gourd,Bitter Gourd,FAQ,10/08/2026,4800,5200,5000
Keralam,Kottayam,Ettumanoor Market,Cabbage,Cabbage,FAQ,10/08/2026,4000,4400,4200
Karnataka,Chamarajanagar,Chamarajanagar APMC,Brinjal,Other,Local,10/08/2026,500,1500,1000
Karnataka,Chamarajanagar,Chamarajanagar APMC,Carrot,Carrot,Local,10/08/2026,2000,4000,3000
Karnataka,Chamarajanagar,Chamarajanagar APMC,Knool Khol,Knool Khol,Local,10/08/2026,1500,3000,2300
Punjab,Sangrur,Malerkotla APMC,Beetroot,Beetroot,Local,10/08/2026,1000,2000,1500
Punjab,Sangrur,Malerkotla APMC,Cowpea(Veg),Cowpea (Veg),Local,10/08/2026,2500,3000,2800
Punjab,Sangrur,Malerkotla APMC,Banana,Other,Local,10/08/2026,1600,1700,1700
Keralam,Ernakulam,Piravam Market,Ashgourd,Ashgourd,Local,10/08/2026,3000,4000,3500
Keralam,Ernakulam,Piravam Market,Bottle gourd,Bottle Gourd,Local,10/08/2026,1500,3500,3000
Keralam,Ernakulam,Piravam Market,Brinjal,Other,Local,10/08/2026,4000,4600,4200
Keralam,Ernakulam,Piravam Market,Carrot,Carrot,Local,10/08/2026,9000,10000,9500
Keralam,Ernakulam,Piravam Market,Banana - Green,Banana - Green,Local,10/08/2026,7000,8000,7500
Keralam,Ernakulam,Piravam Market,Coriander(Leaves),Other,Local,10/08/2026,9000,10000,9500
Keralam,Ernakulam,Piravam Market,Cowpea(Veg),Cowpea (Veg),Local,10/08/2026,8000,10000,9000
Keralam,Ernakulam,Piravam Market,Drumstick,Drumstick,Local,10/08/2026,8000,10000,9000
Keralam,Ernakulam,Piravam Market,Elephant Yam(Suran)/Amorphophallus,Amorphophallus,Local,10/08/2026,4500,6000,5500
Keralam,Idukki,Vandiperiyar Market,Amaranthus,Amaranthus,Grade Range-1,10/08/2026,2500,3000,3000
Maharashtra,Nashik,Satana APMC,Bajra(Pearl Millet/Cumbu),Other,Non-FAQ,10/08/2026,2000,2551,2351
Maharashtra,Nashik,Satana APMC,Bengal Gram(Gram)(Whole),Other,Non-FAQ,10/08/2026,5500,5500,5500
Karnataka,Kalaburagi,Kalaburagi APMC,Rice,Coarse,Local,10/08/2026,3150,4350,4000
Karnataka,Kalaburagi,Kalaburagi APMC,Papaya,Papaya,Local,10/08/2026,3000,7000,5000
Punjab,Tarntaran,Harike APMC,Bhindi(Ladies Finger),Bhindi,FAQ,10/08/2026,1100,1200,1150
Punjab,Tarntaran,Harike APMC,Capsicum,Capsicum,FAQ,10/08/2026,1100,1200,1150
Punjab,Tarntaran,Harike APMC,Brinjal,Brinjal,FAQ,10/08/2026,300,400,350
Punjab,Tarntaran,Harike APMC,Bottle gourd,Bottle Gourd,FAQ,10/08/2026,500,600,550
Punjab,Tarntaran,Naushera Pannuan APMC,Carrot,Other,Local,10/08/2026,2150,2150,2150
Karnataka,Bagalkot,Bagalkot APMC,Wheat,Sona,Local,10/08/2026,2550,2550,2550
Karnataka,Bagalkot,Bagalkot APMC,Sunflower/Sunflower Seed,Sunflower,Local,10/08/2026,6589,6589,6589
Karnataka,Chikkaballapur,Chintamani APMC,Chilly Capsicum,Chilly Capsicum,Local,10/08/2026,1000,2000,1500
Gujarat,Porbandar,Porbandar APMC,Jowar(Sorghum),Other,Non-FAQ,10/08/2026,2550,2550,2550
Gujarat,Porbandar,Porbandar APMC,Cabbage,Cabbage,Local,10/08/2026,1500,2500,2000
Gujarat,Porbandar,Porbandar APMC,"Sesamum(Sesame,Gingelly,Til)",Black,FAQ,10/08/2026,14625,14625,14625
Gujarat,Porbandar,Porbandar APMC,Potato,Red Nanital,Non-FAQ,10/08/2026,750,1750,1250
Gujarat,Porbandar,Porbandar APMC,Bhindi(Ladies Finger),Bhindi,Local,10/08/2026,4500,5500,5000
Gujarat,Porbandar,Porbandar APMC,Onion,Other,Non-FAQ,10/08/2026,1750,2750,2250
Maharashtra,Ahilyanagar,Shevgaon(Bodhegaon) APMC,Bajra(Pearl Millet/Cumbu),Other,Non-FAQ,10/08/2026,2500,2500,2500
Maharashtra,Ahilyanagar,Shevgaon(Bodhegaon) APMC,Wheat,Maharashtra 2189,FAQ,10/08/2026,2600,2700,2600
Andhra Pradesh,Bapatla,Parchur APMC,Cotton,Other,Local,10/08/2026,7000,8000,7500
Andhra Pradesh,Bapatla,Parchur APMC,Chili Red,Dry,Local,10/08/2026,18000,20000,19000
Gujarat,Mehsana,Vijapur(Vegetable) APMC,Potato,Other,Grade A,10/08/2026,600,4750,2650
Karnataka,Vijayanagara,Hospet APMC,Onion,Local,Local,10/08/2026,1600,1800,1800
Karnataka,Vijayanagara,Hospet APMC,Cabbage,Cabbage,Local,10/08/2026,1000,1000,1000
Maharashtra,Beed,Ambejogai APMC,Jowar(Sorghum),Jowar (Yellow),Local,10/08/2026,5300,5300,5300
Maharashtra,Beed,Ambejogai APMC,Soyabean,Yellow,FAQ,10/08/2026,6700,6916,6750
Madhya Pradesh,Jhabua,Petlawad(F&V) APMC,Raddish,Raddish,Grade A,10/08/2026,800,800,800
Madhya Pradesh,Jhabua,Petlawad(F&V) APMC,Spinach,Spinach,Grade A,10/08/2026,1000,1000,1000
Keralam,Alappuzha,Venmony  VFPCK Market,Coconut Seed,Coconut Seed,Grade Range-1,10/08/2026,4500,5500,5000
Keralam,Ernakulam,Amalapuram  VFPCK Market,Banana,Nendra Bale,Grade A,10/08/2026,5800,6000,5900
Keralam,Malappuram,Kottakkal Market,Bhindi(Ladies Finger),Other,Local,10/08/2026,3300,3500,3400
Keralam,Malappuram,Kottakkal Market,Banana - Green,Other,Local,10/08/2026,3400,3600,3500
Madhya Pradesh,Indore,Indore(F&V) APMC,Pomegranate,Pomogranate,Local,10/08/2026,1500,8000,5000
Madhya Pradesh,Indore,Indore(F&V) APMC,Papaya,Papaya,Local,10/08/2026,1500,4500,2800
Madhya Pradesh,Indore,Indore(F&V) APMC,Apple,Apple,Local,10/08/2026,4000,12000,8000
Madhya Pradesh,Indore,Indore(F&V) APMC,Pumpkin,Pumpkin,Local,10/08/2026,400,1000,600
Tamil Nadu,Thanjavur,Tirukattupalli(Uzhavar Sandhai ),Pumpkin,Pumpkin,Local,10/08/2026,2400,2400,2400
Tamil Nadu,Thanjavur,Tirukattupalli(Uzhavar Sandhai ),Coconut,Coconut,Local,10/08/2026,6000,6000,6000
Tamil Nadu,Thiruchirappalli,Thuraiyur APMC,Onion,Bellary,Local,10/08/2026,3000,4000,3500
Tamil Nadu,Thiruchirappalli,Thuraiyur APMC,Bottle gourd,Bottle Gourd,Local,10/08/2026,2400,3000,2700
Tamil Nadu,Thiruchirappalli,Thuraiyur APMC,Ashgourd,Gouard,Local,10/08/2026,2000,2400,2200
Tamil Nadu,Thiruchirappalli,Thuraiyur APMC,Green Chilli,Green Chilly,Local,10/08/2026,4500,5000,4750
Tamil Nadu,Thiruchirappalli,Thuraiyur APMC,Ginger(Green),Green Ginger,Local,10/08/2026,18000,20000,19000
Tamil Nadu,Thiruchirappalli,Thuraiyur APMC,Coconut,Coconut,Local,10/08/2026,5600,6600,6100
Tamil Nadu,Thiruchirappalli,Thuraiyur APMC,Snakeguard,Snakeguard,Local,10/08/2026,4500,5600,5050
Tamil Nadu,Thiruchirappalli,Thuraiyur APMC,Beetroot,Beetroot,Local,10/08/2026,4500,5000,4750
Tamil Nadu,Thiruchirappalli,Thuraiyur APMC,Ridgeguard(Tori),Ridgeguard(Tori),Local,10/08/2026,5600,6600,6100
Tamil Nadu,Thiruchirappalli,Thuraiyur APMC,Guava,Guava Allahabad,Local,10/08/2026,6000,7000,6500
Tamil Nadu,Thiruchirappalli,Thuraiyur APMC,Mint(Pudina),Mint(Pudina),Local,10/08/2026,4200,4700,4450
Maharashtra,Sangli,"Sangli(Phale, Bhajipala Market) APMC",Apple,Other,Local,10/08/2026,9000,17000,13000
Maharashtra,Sangli,"Sangli(Phale, Bhajipala Market) APMC",Potato,Local,Local,10/08/2026,800,1400,1100
Keralam,Thirssur,Pananchery VFPCK Market,Banana,Nendra Bale,Grade A,10/08/2026,2500,5800,5200
Gujarat,Gandhinagar,Kalol APMC,Castor Seed,Other,Local,10/08/2026,7065,7090,7075
Gujarat,Gandhinagar,Kalol APMC,Jowar(Sorghum),Other,Local,10/08/2026,5755,6580,6150
Haryana,Fatehabad,Tohana(New Veg Market) APMC,Potato,Potato,FAQ,10/08/2026,700,900,800
Keralam,Malappuram,Parappanangadi Market,Beetroot,Other,Grade A,10/08/2026,7800,8000,7900
Keralam,Ernakulam,Thiruvaniyoor  VFPCK Market,Pumpkin,Other,Grade A,10/08/2026,2000,3300,2700
Karnataka,Bellary,Ballari APMC,Groundnut,Hybrid,Non-FAQ,10/08/2026,5666,10075,8068
Karnataka,Bellary,Ballari APMC,Red gram/Arhar/Tur(whole),Arhar (Whole),Non-FAQ,10/08/2026,5509,7316,6963
Keralam,Ernakulam,Vengola  VFPCK Market,Pineapple,Pine Apple,Grade B,10/08/2026,4300,5000,4500
Tamil Nadu,Tuticorin,Kovilpatti APMC,Maize,Other,Local,10/08/2026,2000,2600,2300
Keralam,Idukki,Alacode  VFPCK Market,Banana,Banana - Ripe,Grade A,10/08/2026,5700,6300,6000
Gujarat,Banaskanth,Diyodar APMC,Wheat,Other,Local,10/08/2026,2275,2465,2370
Tamil Nadu,Villupuram,Avalurpet APMC,Paddy(Common),Other,Local,10/08/2026,2061,3839,2950
Gujarat,Gandhinagar,Dehgam APMC,Castor Seed,Other,FAQ,10/08/2026,6860,6925,6892
Gujarat,Banaskanth,Palanpur APMC,Wheat,Deshi,Local,10/08/2026,2610,2610,2610
Gujarat,Patan,Radhanpur APMC,Wheat,Other,Local,10/08/2026,2450,2800,2650
Tamil Nadu,Villupuram,Tindivanam APMC,Bhindi(Ladies Finger),Bhindi,Local,10/08/2026,3500,3500,3500
Tamil Nadu,Villupuram,Tindivanam APMC,Cucumbar(Kheera),Cucumbar,Local,10/08/2026,4000,4000,4000
Tamil Nadu,Villupuram,Tindivanam APMC,Ridgeguard(Tori),Ridgeguard(Tori),Local,10/08/2026,5800,5800,5800
Tamil Nadu,Villupuram,Tindivanam APMC,Mango(Raw-Ripe),Mango - Raw-Ripe,Local,10/08/2026,4000,4000,4000
Tamil Nadu,Villupuram,Tindivanam APMC,Marigold(Calcutta),Marigold(Calcutta),Local,10/08/2026,40000,40000,40000
Tamil Nadu,Villupuram,Tindivanam APMC,Sweet Corn ,Sweet Corn ,Local,10/08/2026,3800,3800,3800
Tamil Nadu,Villupuram,Ulundurpettai APMC,Onion,Bellary,Local,10/08/2026,4000,4000,4000
Tamil Nadu,Villupuram,Ulundurpettai APMC,Banana,Besrai,Local,10/08/2026,3000,4000,3500
Tamil Nadu,Villupuram,Ulundurpettai APMC,Pumpkin,Pumpkin,Local,10/08/2026,2500,2500,2500
Tamil Nadu,Villupuram,Ulundurpettai APMC,Amaranthus,Amaranthus,Local,10/08/2026,2500,2500,2500
Tamil Nadu,Villupuram,Ulundurpettai APMC,Thondekai,Thondekai,Local,10/08/2026,5000,5000,5000
Tamil Nadu,Villupuram,Ulundurpettai APMC,Lemon,Lemon,Local,10/08/2026,5000,5000,5000
Tamil Nadu,Villupuram,Vikkiravandi APMC,Ragi(Finger Millet),Other,Local,10/08/2026,3434,3939,3686.5
Uttar Pradesh,Raebarelli,Bachranwa APMC,Paddy(Common),Common,FAQ,10/08/2026,2800,2800,2800
Maharashtra,Amarawati,Amarawati APMC,Wheat,Other,FAQ,10/08/2026,2585,2700,2642
Maharashtra,Amarawati,Amarawati APMC,"Sesamum(Sesame,Gingelly,Til)",White,FAQ,10/08/2026,11000,11500,11250
Maharashtra,Chattrapati Sambhajinagar,Chattrapati Sambhajinagar APMC,Pomegranate,Other,Local,10/08/2026,500,9300,4900
Maharashtra,Chattrapati Sambhajinagar,Chattrapati Sambhajinagar APMC,Mousambi(Sweet Lime),Other,Local,10/08/2026,1500,4200,2850
Maharashtra,Chattrapati Sambhajinagar,Chattrapati Sambhajinagar APMC,Guava,Other,Local,10/08/2026,5000,7000,6000
Maharashtra,Chattrapati Sambhajinagar,Chattrapati Sambhajinagar APMC,Ginger(Green),Other,Local,10/08/2026,6000,11000,8500
Maharashtra,Chattrapati Sambhajinagar,Chattrapati Sambhajinagar APMC,Bhindi(Ladies Finger),Other,Local,10/08/2026,2500,3500,3000
Maharashtra,Chattrapati Sambhajinagar,Chattrapati Sambhajinagar APMC,Bottle gourd,Other,Local,10/08/2026,1500,2500,2000
Maharashtra,Chattrapati Sambhajinagar,Chattrapati Sambhajinagar APMC,Onion,Other,Local,10/08/2026,1200,2400,1800
Maharashtra,Chattrapati Sambhajinagar,Chattrapati Sambhajinagar APMC,Bitter gourd,Other,Local,10/08/2026,1200,3200,2200
Maharashtra,Chattrapati Sambhajinagar,Chattrapati Sambhajinagar APMC,Green Chilli,Other,Local,10/08/2026,2400,2900,2650
Maharashtra,Chattrapati Sambhajinagar,Lasur Station APMC,Red gram/Arhar/Tur(whole),Other,Non-FAQ,10/08/2026,3000,7800,7000
Maharashtra,Amarawati,Amrawati(Frui & Veg. Market) APMC,Cucumbar(Kheera),Other,Local,10/08/2026,1000,1500,1250
Maharashtra,Amarawati,Amrawati(Frui & Veg. Market) APMC,Spinach,Other,Local,10/08/2026,3000,4000,3500
Maharashtra,Amarawati,Amrawati(Frui & Veg. Market) APMC,Apple,Simla,Local,10/08/2026,12000,18000,15000
Maharashtra,Solapur,SHRI.SIDDHESHWAR  APMC,Rice,Other,Local,10/08/2026,3565,7225,4235
Maharashtra,Solapur,SHRI.SIDDHESHWAR  APMC,Black Gram(Urd Beans)(Whole),Mogan Medium,FAQ,10/08/2026,9025,9025,9025
Maharashtra,Solapur,SHRI.SIDDHESHWAR  APMC,Pineapple,Other,Local,10/08/2026,1000,3000,2000
Maharashtra,Solapur,SHRI.SIDDHESHWAR  APMC,Mousambi(Sweet Lime),Other,Local,10/08/2026,1000,3000,2000
Tamil Nadu,Namakkal,Paramathivelur(Uzhavar Sandhai ),Green Chilli,Green Chilly,Local,10/08/2026,5500,6000,5750
Tamil Nadu,Namakkal,Paramathivelur(Uzhavar Sandhai ),Banana - Green,Banana - Green,Local,10/08/2026,3500,4000,3750
Tamil Nadu,Namakkal,Paramathivelur(Uzhavar Sandhai ),Cabbage,Cabbage,Local,10/08/2026,2400,2800,2600
Tamil Nadu,Namakkal,Paramathivelur(Uzhavar Sandhai ),Snakeguard,Snakeguard,Local,10/08/2026,5000,5500,5250
Tamil Nadu,Namakkal,Paramathivelur(Uzhavar Sandhai ),Tender Coconut,Tender Coconut,Local,10/08/2026,3000,3500,3250
Tamil Nadu,Namakkal,Rasipuram(Uzhavar Sandhai ),Pineapple,Pine Apple,Local,10/08/2026,4500,5500,5000
Tamil Nadu,Namakkal,Rasipuram(Uzhavar Sandhai ),Brinjal,Other,Local,10/08/2026,5800,6500,6150
Tamil Nadu,Namakkal,Rasipuram(Uzhavar Sandhai ),Chikoos(Sapota),Sapota,Local,10/08/2026,3500,4000,3750
Tamil Nadu,Namakkal,Rasipuram(Uzhavar Sandhai ),Mousambi(Sweet Lime),Mousambi,Local,10/08/2026,3500,4000,3750
Tamil Nadu,Namakkal,Rasipuram(Uzhavar Sandhai ),Raddish,Raddish,Local,10/08/2026,3000,3500,3250
Tamil Nadu,Namakkal,Rasipuram(Uzhavar Sandhai ),Jasmine,Jasmine,Local,10/08/2026,30000,40000,35000
Tamil Nadu,Namakkal,Rasipuram(Uzhavar Sandhai ),Onion Green,Onion Green,Local,10/08/2026,5000,7000,6000
Tamil Nadu,Namakkal,Rasipuram(Uzhavar Sandhai ),Rose(Local),Rose (Local),Local,10/08/2026,11000,12000,11500
Tamil Nadu,Madurai,Palanganatham(Uzhavar Sandhai ),Potato,Other,Local,10/08/2026,6000,6500,6250
Tamil Nadu,Madurai,Palanganatham(Uzhavar Sandhai ),Garlic,Garlic,Local,10/08/2026,26000,27000,26500
Tamil Nadu,Madurai,Palanganatham(Uzhavar Sandhai ),Cauliflower,Ranchi,Local,10/08/2026,3000,3500,3250
Tamil Nadu,Madurai,Palanganatham(Uzhavar Sandhai ),Coriander(Leaves),I Sort,Local,10/08/2026,5000,5500,5250
Tamil Nadu,Madurai,Palanganatham(Uzhavar Sandhai ),Papaya,Papaya,Local,10/08/2026,4000,4500,4250
Tamil Nadu,Madurai,Palanganatham(Uzhavar Sandhai ),Tomato,Deshi,Local,10/08/2026,2000,2200,2100
Tamil Nadu,Madurai,Palanganatham(Uzhavar Sandhai ),Bhindi(Ladies Finger),Bhindi,Local,10/08/2026,3600,4200,3900
Tamil Nadu,Madurai,Palanganatham(Uzhavar Sandhai ),Carrot,Pusakesar,Local,10/08/2026,6000,8000,7000
Tamil Nadu,Madurai,Palanganatham(Uzhavar Sandhai ),Mango(Raw-Ripe),Mango - Raw-Ripe,Local,10/08/2026,4000,8000,6000
Tamil Nadu,Madurai,Palanganatham(Uzhavar Sandhai ),Guava,Guava Allahabad,Local,10/08/2026,7000,8000,7500
Tamil Nadu,Madurai,Palanganatham(Uzhavar Sandhai ),Pomegranate,Pomogranate,Local,10/08/2026,18000,22000,20000
Tamil Nadu,Madurai,Palanganatham(Uzhavar Sandhai ),Yam(Ratalu),Yam (Ratalu),Local,10/08/2026,8000,9000,8500
Tamil Nadu,Madurai,Palanganatham(Uzhavar Sandhai ),Lemon,Lemon,Local,10/08/2026,8000,9000,8500
Tamil Nadu,Madurai,Palanganatham(Uzhavar Sandhai ),Colacasia,Colacasia,Local,10/08/2026,5000,6000,5500
Tamil Nadu,Madurai,Anna nagar(Uzhavar Sandhai ),Groundnut,Big (With Shell),Local,10/08/2026,6000,7000,6500
Tamil Nadu,Madurai,Anna nagar(Uzhavar Sandhai ),Chili Red,Bold,Local,10/08/2026,20000,20000,20000
Tamil Nadu,Madurai,Anna nagar(Uzhavar Sandhai ),Ashgourd,Gouard,Local,10/08/2026,2400,2400,2400
Tamil Nadu,Madurai,Anna nagar(Uzhavar Sandhai ),Amaranthus,Amaranthus,Local,10/08/2026,1500,2000,1750
Tamil Nadu,Madurai,Anna nagar(Uzhavar Sandhai ),Ginger(Green),Green Ginger,Local,10/08/2026,19000,19000,19000
Tamil Nadu,Madurai,Anna nagar(Uzhavar Sandhai ),Cabbage,Cabbage,Local,10/08/2026,3600,3600,3600
Tamil Nadu,Madurai,Anna nagar(Uzhavar Sandhai ),Snakeguard,Snakeguard,Local,10/08/2026,5000,5600,5300
Tamil Nadu,Madurai,Anna nagar(Uzhavar Sandhai ),Ridgeguard(Tori),Ridgeguard(Tori),Local,10/08/2026,5600,6000,5800
Tamil Nadu,Madurai,Anna nagar(Uzhavar Sandhai ),Green Avare(W),Other,Local,10/08/2026,8600,8600,8600
Tamil Nadu,Madurai,Anna nagar(Uzhavar Sandhai ),Guava,Guava Allahabad,Local,10/08/2026,8000,8000,8000
Tamil Nadu,Madurai,Anna nagar(Uzhavar Sandhai ),Tamarind Fruit,Tamarind Fruit,Local,10/08/2026,14000,14000,14000
Tamil Nadu,Madurai,Anna nagar(Uzhavar Sandhai ),Yam(Ratalu),Yam (Ratalu),Local,10/08/2026,8400,8400,8400
Tamil Nadu,Madurai,Anna nagar(Uzhavar Sandhai ),Mint(Pudina),Mint(Pudina),Local,10/08/2026,4600,4600,4600
Tamil Nadu,Madurai,Anna nagar(Uzhavar Sandhai ),Rose(Local),Rose (Local),Local,10/08/2026,15000,15000,15000
Tamil Nadu,Perambalur,Perambalur(Uzhavar Sandhai ),Cluster beans,Cluster Beans,Local,10/08/2026,4800,5000,4900
Tamil Nadu,Perambalur,Perambalur(Uzhavar Sandhai ),Apple,American,Local,10/08/2026,23000,25000,24000
Tamil Nadu,Perambalur,Perambalur(Uzhavar Sandhai ),Amaranthus,Amaranthus,Local,10/08/2026,2000,3000,2500
Tamil Nadu,Perambalur,Perambalur(Uzhavar Sandhai ),Banana - Green,Banana - Green,Local,10/08/2026,3000,4000,3500
Tamil Nadu,Perambalur,Perambalur(Uzhavar Sandhai ),Capsicum,Capsicum,Local,10/08/2026,6800,6800,6800
Tamil Nadu,Perambalur,Perambalur(Uzhavar Sandhai ),Cucumbar(Kheera),Cucumbar,Local,10/08/2026,6800,7600,7200
Tamil Nadu,Perambalur,Perambalur(Uzhavar Sandhai ),Lemon,Lemon,Local,10/08/2026,8000,10000,9000
Tamil Nadu,Perambalur,Perambalur(Uzhavar Sandhai ),Onion Green,Onion Green,Local,10/08/2026,4000,6000,5000
Tamil Nadu,Perambalur,Perambalur(Uzhavar Sandhai ),Mint(Pudina),Mint(Pudina),Local,10/08/2026,5000,5000,5000
Tamil Nadu,Salem,Mecheri(Uzhavar Sandhai),Brinjal,Round,Local,10/08/2026,3500,4000,3750
Tamil Nadu,Salem,Mecheri(Uzhavar Sandhai),Tomato,Deshi,Local,10/08/2026,1500,1800,1650
Tamil Nadu,Salem,Mecheri(Uzhavar Sandhai),Bhindi(Ladies Finger),Bhindi,Local,10/08/2026,3000,3500,3250
Tamil Nadu,Salem,Mecheri(Uzhavar Sandhai),Snakeguard,Snakeguard,Local,10/08/2026,3500,4000,3750
Tamil Nadu,Salem,Mecheri(Uzhavar Sandhai),Ridgeguard(Tori),Ridgeguard(Tori),Local,10/08/2026,4000,4500,4250
Tamil Nadu,Ranipet,Arcot(Uzhavar Sandhai ),Onion,Bellary,Local,10/08/2026,3600,3700,3650
Tamil Nadu,Ranipet,Arcot(Uzhavar Sandhai ),Tomato,Deshi,Local,10/08/2026,1500,1800,1650
Tamil Nadu,Ranipet,Arcot(Uzhavar Sandhai ),Pumpkin,Pumpkin,Local,10/08/2026,3000,3000,3000
Tamil Nadu,Ranipet,Arcot(Uzhavar Sandhai ),Coconut,Coconut,Local,10/08/2026,4000,5000,4500
Tamil Nadu,Ranipet,Arcot(Uzhavar Sandhai ),Sweet Potato,Hosur Red,Local,10/08/2026,4000,4000,4000
Tamil Nadu,Ranipet,Arcot(Uzhavar Sandhai ),Carrot,Pusakesar,Local,10/08/2026,7000,7000,7000
Tamil Nadu,Ranipet,Arcot(Uzhavar Sandhai ),Snakeguard,Snakeguard,Local,10/08/2026,3500,3500,3500
Tamil Nadu,Ranipet,Arcot(Uzhavar Sandhai ),Lemon,Lemon,Local,10/08/2026,6000,6000,6000
Tamil Nadu,Ranipet,Ranipettai(Uzhavar Sandhai ),Groundnut,Big (With Shell),Local,10/08/2026,7000,7500,7250
Tamil Nadu,Ranipet,Ranipettai(Uzhavar Sandhai ),Papaya,Papaya,Local,10/08/2026,4000,4000,4000
Tamil Nadu,Ranipet,Ranipettai(Uzhavar Sandhai ),Bitter gourd,Other,Local,10/08/2026,5000,5000,5000
Tamil Nadu,Ranipet,Ranipettai(Uzhavar Sandhai ),Green Chilli,Green Chilly,Local,10/08/2026,5000,7000,6000
Tamil Nadu,Ranipet,Ranipettai(Uzhavar Sandhai ),Tapioca,Tapioca,Local,10/08/2026,3000,3000,3000
Tamil Nadu,Ranipet,Ranipettai(Uzhavar Sandhai ),Sweet Potato,Hosur Red,Local,10/08/2026,4000,4000,4000
Tamil Nadu,Ranipet,Ranipettai(Uzhavar Sandhai ),Ridgeguard(Tori),Ridgeguard(Tori),Local,10/08/2026,5000,6000,5500
Tamil Nadu,Ranipet,Ranipettai(Uzhavar Sandhai ),Drumstick,Drumstick,Local,10/08/2026,5000,5000,5000
Tamil Nadu,Ranipet,Ranipettai(Uzhavar Sandhai ),Mango(Raw-Ripe),Mango - Raw-Ripe,Local,10/08/2026,5000,6000,5500
Tamil Nadu,Ranipet,Ranipettai(Uzhavar Sandhai ),Jasmine,Jasmine,Local,10/08/2026,54000,54000,54000
Tamil Nadu,Ranipet,Ranipettai(Uzhavar Sandhai ),Lemon,Lemon,Local,10/08/2026,5000,6000,5500
Tamil Nadu,Ranipet,Ranipettai(Uzhavar Sandhai ),Sweet Corn ,Sweet Corn ,Local,10/08/2026,3600,3600,3600
Tamil Nadu,Salem,Ammapet(Uzhavar Sandhai ),Brinjal,Round,Local,10/08/2026,3800,4000,3900
Tamil Nadu,Salem,Ammapet(Uzhavar Sandhai ),Water Melon,Water Melon,Local,10/08/2026,1800,2000,1900
Tamil Nadu,Salem,Ammapet(Uzhavar Sandhai ),Sweet Potato,Hosur Red,Local,10/08/2026,3600,4000,3800
Tamil Nadu,Salem,Ammapet(Uzhavar Sandhai ),Ridgeguard(Tori),Ridgeguard(Tori),Local,10/08/2026,4000,4500,4250
Tamil Nadu,Salem,Ammapet(Uzhavar Sandhai ),Drumstick,Drumstick,Local,10/08/2026,3000,3500,3250
Tamil Nadu,Salem,Ammapet(Uzhavar Sandhai ),Knool Khol,Knool Khol,Local,10/08/2026,4200,4500,4350
Tamil Nadu,Salem,Ammapet(Uzhavar Sandhai ),Mashrooms,Mashrooms,Local,10/08/2026,19600,20000,19800
Tamil Nadu,Salem,Mettur(Uzhavar Sandhai ),Cauliflower,Ranchi,Local,10/08/2026,3500,4000,3750
Tamil Nadu,Salem,Mettur(Uzhavar Sandhai ),Water Melon,Water Melon,Local,10/08/2026,1500,2000,1750
Tamil Nadu,Salem,Mettur(Uzhavar Sandhai ),Pumpkin,Pumpkin,Local,10/08/2026,2000,2500,2250
Tamil Nadu,Salem,Mettur(Uzhavar Sandhai ),Beans,Beans (Whole),Local,10/08/2026,9000,10000,9500
Tamil Nadu,Salem,Mettur(Uzhavar Sandhai ),Drumstick,Drumstick,Local,10/08/2026,4000,4500,4250
Tamil Nadu,Salem,Mettur(Uzhavar Sandhai ),Cucumbar(Kheera),Cucumbar,Local,10/08/2026,3500,4000,3750
Tamil Nadu,Salem,Mettur(Uzhavar Sandhai ),Rose(Local),Rose (Local),Local,10/08/2026,14000,15000,14500
Tamil Nadu,Salem,Sooramangalam(Uzhavar Sandhai ),Garlic,Garlic,Local,10/08/2026,18500,19000,18750
Tamil Nadu,Salem,Sooramangalam(Uzhavar Sandhai ),Mousambi(Sweet Lime),Mousambi,Local,10/08/2026,3000,3500,3250
Tamil Nadu,Salem,Sooramangalam(Uzhavar Sandhai ),Bottle gourd,Bottle Gourd,Local,10/08/2026,2000,2800,2400
Tamil Nadu,Salem,Sooramangalam(Uzhavar Sandhai ),Cowpea(Veg),Cowpea (Veg),Local,10/08/2026,4500,5000,4750
Tamil Nadu,Salem,Sooramangalam(Uzhavar Sandhai ),Coconut,Coconut,Local,10/08/2026,6000,6500,6250
Tamil Nadu,Salem,Sooramangalam(Uzhavar Sandhai ),Beetroot,Beetroot,Local,10/08/2026,6200,7600,6900
Tamil Nadu,Salem,Sooramangalam(Uzhavar Sandhai ),Cucumbar(Kheera),Cucumbar,Local,10/08/2026,4000,4500,4250
Tamil Nadu,Salem,Sooramangalam(Uzhavar Sandhai ),Thondekai,Thondekai,Local,10/08/2026,4500,5000,4750
Tamil Nadu,Salem,Sooramangalam(Uzhavar Sandhai ),Drumstick,Drumstick,Local,10/08/2026,3000,3500,3250
Tamil Nadu,Salem,Sooramangalam(Uzhavar Sandhai ),Indian Beans(Seam),Indian Beans (Seam),Local,10/08/2026,5500,6000,5750
Tamil Nadu,Salem,Sooramangalam(Uzhavar Sandhai ),Colacasia,Colacasia,Local,10/08/2026,6000,6500,6250
Tamil Nadu,Salem,Thammampatti (Uzhavar Sandhai ),Potato,Other,Local,10/08/2026,2800,3000,2900
Tamil Nadu,Salem,Thammampatti (Uzhavar Sandhai ),Coriander(Leaves),I Sort,Local,10/08/2026,3500,4000,3750
Tamil Nadu,Salem,Thammampatti (Uzhavar Sandhai ),Tomato,Deshi,Local,10/08/2026,1000,1600,1300
Tamil Nadu,Salem,Thammampatti (Uzhavar Sandhai ),Bottle gourd,Bottle Gourd,Local,10/08/2026,2000,2500,2250
Tamil Nadu,Salem,Thammampatti (Uzhavar Sandhai ),Carrot,Pusakesar,Local,10/08/2026,10000,10500,10250
Tamil Nadu,Salem,Thammampatti (Uzhavar Sandhai ),Green Avare(W),Green Avare (W),Local,10/08/2026,7000,7500,7250
Tamil Nadu,Salem,Thammampatti (Uzhavar Sandhai ),Tamarind Fruit,Tamarind Fruit,Local,10/08/2026,13000,14000,13500
Tamil Nadu,Salem,Thammampatti (Uzhavar Sandhai ),Onion Green,Onion Green,Local,10/08/2026,4000,5000,4500
Tamil Nadu,Salem,Thammampatti (Uzhavar Sandhai ),Baby Corn,Baby Corn,Grade A,10/08/2026,2500,3000,2750
Tamil Nadu,Salem,Thathakapatti(Uzhavar Sandhai ),Onion,Bellary,Local,10/08/2026,3500,4000,3750
Tamil Nadu,Salem,Thathakapatti(Uzhavar Sandhai ),Garlic,Garlic,Local,10/08/2026,25000,28000,26500
Tamil Nadu,Salem,Thathakapatti(Uzhavar Sandhai ),Coriander(Leaves),I Sort,Local,10/08/2026,3000,4000,3500
Tamil Nadu,Salem,Thathakapatti(Uzhavar Sandhai ),Papaya,Papaya,Local,10/08/2026,3500,4000,3750
Tamil Nadu,Salem,Thathakapatti(Uzhavar Sandhai ),Bitter gourd,Bitter Gourd,Local,10/08/2026,5500,6000,5750
Tamil Nadu,Salem,Thathakapatti(Uzhavar Sandhai ),Ashgourd,Gouard,Local,10/08/2026,2000,2400,2200
Tamil Nadu,Salem,Thathakapatti(Uzhavar Sandhai ),Banana - Green,Banana - Green,Local,10/08/2026,3500,4000,3750
Tamil Nadu,Salem,Thathakapatti(Uzhavar Sandhai ),Carrot,Pusakesar,Local,10/08/2026,9000,10000,9500
Tamil Nadu,Salem,Thathakapatti(Uzhavar Sandhai ),Thondekai,Thondekai,Local,10/08/2026,4000,5000,4500
Tamil Nadu,Salem,Thathakapatti(Uzhavar Sandhai ),Guava,Guava Allahabad,Local,10/08/2026,4000,5000,4500
Tamil Nadu,Salem,Thathakapatti(Uzhavar Sandhai ),Tamarind Fruit,Tamarind Fruit,Local,10/08/2026,14000,15000,14500
Tamil Nadu,Salem,Thathakapatti(Uzhavar Sandhai ),Colacasia,Colacasia,Local,10/08/2026,5000,6000,5500
Tamil Nadu,Salem,Thathakapatti(Uzhavar Sandhai ),Custard Apple(Sharifa),Custard Apple(Sharifa),Local,10/08/2026,4000,5000,4500
Assam,Karimganj,Santar Bazaar APMC,Green Chilli,Green Chilly,FAQ,10/08/2026,10000,11000,10500
Assam,Karimganj,Santar Bazaar APMC,Pumpkin,Pumpkin,FAQ,10/08/2026,2800,3000,2900
Uttar Pradesh,Balrampur,Utraula APMC,Garlic,Other,FAQ,10/08/2026,3000,3000,3000
Assam,Kamrup,Fancy Bazaar APMC,Rice,Fine,FAQ,10/08/2026,3400,10000,7500
Assam,Kamrup,Fancy Bazaar APMC,Lentil(Masur)(Whole),Local,FAQ,10/08/2026,11000,13000,11700
Assam,Kamrup,Fancy Bazaar APMC,Sugar,Medium,FAQ,10/08/2026,4750,5600,5120
Assam,Kamrup,Fancy Bazaar APMC,Maida Atta,Maida Atta,FAQ,10/08/2026,6800,8000,7400
Assam,Kamrup,Fancy Bazaar APMC,Mustard Oil,Mustard Oil,FAQ,10/08/2026,15466.66744,16333.33415,16000.0008
Assam,Kamrup,Fancy Bazaar APMC,Beaten Rice,Beaten Rice,FAQ,10/08/2026,21600,32000,27200
Assam,Kamrup,Fancy Bazaar APMC,Cummin Seed(Jeera),Cummin Seed(Jeera),FAQ,10/08/2026,26500,32500,28800
Uttar Pradesh,Sitapur,Sidhauli APMC,Wood,Other,FAQ,10/08/2026,400,510,491.63
Uttar Pradesh,Sitapur,Sidhauli APMC,Firewood,Firewood,FAQ,10/08/2026,400,400,400
Uttar Pradesh,Bijnor,Dhampur APMC,Firewood,Firewood,FAQ,10/08/2026,400,400,400
Assam,Hailakandi,Harbartganj Daily Market APMC,Tomato,Tomato,FAQ,10/08/2026,3000,3200,3100
Assam,Hailakandi,Harbartganj Daily Market APMC,Onion,Onion,FAQ,10/08/2026,3000,3500,3300
Assam,Hailakandi,Harbartganj Daily Market APMC,Green Chilli,Green Chilly,FAQ,10/08/2026,10000,12000,11000
Uttar Pradesh,Shahjahanpur,Meeranpur Katra APMC,Wood,Other,FAQ,10/08/2026,400,600,460.81
Tamil Nadu,Tenkasi,Sankarankoil(Uzhavar Sandhai ),Coriander(Leaves),I Sort,Local,10/08/2026,6000,6000,6000
Tamil Nadu,Tenkasi,Sankarankoil(Uzhavar Sandhai ),Tomato,Deshi,Local,10/08/2026,2000,2000,2000
Tamil Nadu,Tenkasi,Sankarankoil(Uzhavar Sandhai ),Cowpea(Veg),Cowpea (Veg),Local,10/08/2026,4000,4000,4000
Tamil Nadu,Tenkasi,Sankarankoil(Uzhavar Sandhai ),Snakeguard,Snakeguard,Local,10/08/2026,4000,4000,4000
Tamil Nadu,Tenkasi,Sankarankoil(Uzhavar Sandhai ),Elephant Yam(Suran)/Amorphophallus,Elephant Yam (Suran),Local,10/08/2026,4000,4000,4000
Tamil Nadu,Tenkasi,Sankarankoil(Uzhavar Sandhai ),Yam(Ratalu),Yam (Ratalu),Local,10/08/2026,10000,10000,10000
Tamil Nadu,Tenkasi,Sankarankoil(Uzhavar Sandhai ),Mint(Pudina),Mint(Pudina),Local,10/08/2026,6000,6000,6000
Tamil Nadu,Tenkasi,Tenkasi(Uzhavar Sandhai ),Onion,Bellary,Local,10/08/2026,3500,4000,3750
Tamil Nadu,Tenkasi,Tenkasi(Uzhavar Sandhai ),Cauliflower,Ranchi,Local,10/08/2026,5000,5000,5000
Tamil Nadu,Tenkasi,Tenkasi(Uzhavar Sandhai ),Banana,Red Banana,Local,10/08/2026,6000,7000,6500
Tamil Nadu,Tenkasi,Tenkasi(Uzhavar Sandhai ),Bitter gourd,Other,Local,10/08/2026,6000,6000,6000
Tamil Nadu,Tenkasi,Tenkasi(Uzhavar Sandhai ),Pumpkin,Pumpkin,Local,10/08/2026,1500,1500,1500
Tamil Nadu,Tenkasi,Tenkasi(Uzhavar Sandhai ),Tapioca,Tapioca,Local,10/08/2026,4000,4000,4000
Tamil Nadu,Tenkasi,Tenkasi(Uzhavar Sandhai ),Capsicum,Capsicum,Local,10/08/2026,7000,7000,7000
Tamil Nadu,Tenkasi,Tenkasi(Uzhavar Sandhai ),Lemon,Lemon,Local,10/08/2026,7000,7000,7000
Tamil Nadu,Tenkasi,Tenkasi(Uzhavar Sandhai ),Mashrooms,Mashrooms,Local,10/08/2026,21000,21000,21000
Tamil Nadu,Tenkasi,Tenkasi(Uzhavar Sandhai ),Amla(Nelli Kai),Amla,Local,10/08/2026,5000,6000,5500
Tamil Nadu,Tenkasi,Tenkasi(Uzhavar Sandhai ),Onion Green,Onion Green,Local,10/08/2026,6000,7000,6500
Tamil Nadu,Pudukkottai,Pudukottai(Uzhavar Sandhai ),Groundnut,Big (With Shell),Local,10/08/2026,5000,6000,5500
Tamil Nadu,Pudukkottai,Pudukottai(Uzhavar Sandhai ),Pineapple,Pine Apple,Local,10/08/2026,3000,4000,3500
Tamil Nadu,Pudukkottai,Pudukottai(Uzhavar Sandhai ),Cluster beans,Cluster Beans,Local,10/08/2026,4000,5000,4500
Tamil Nadu,Pudukkottai,Pudukottai(Uzhavar Sandhai ),Capsicum,Capsicum,Local,10/08/2026,5000,6000,5500
Tamil Nadu,Pudukkottai,Pudukottai(Uzhavar Sandhai ),Drumstick,Drumstick,Local,10/08/2026,6000,7000,6500
Tamil Nadu,Pudukkottai,Pudukottai(Uzhavar Sandhai ),Mango(Raw-Ripe),Mango - Raw-Ripe,Local,10/08/2026,7000,8000,7500
Tamil Nadu,Pudukkottai,Pudukottai(Uzhavar Sandhai ),Knool Khol,Knool Khol,Local,10/08/2026,3000,4000,3500
Tamil Nadu,Pudukkottai,Pudukottai(Uzhavar Sandhai ),Jack Fruit(Ripe),Jack Fruit,Local,10/08/2026,2000,2500,2250
Tamil Nadu,Pudukkottai,Pudukottai(Uzhavar Sandhai ),Tamarind Fruit,Tamarind Fruit,Local,10/08/2026,6000,7000,6500
Tamil Nadu,Pudukkottai,Pudukottai(Uzhavar Sandhai ),Elephant Yam(Suran)/Amorphophallus,Elephant Yam (Suran),Local,10/08/2026,5000,6000,5500
Tamil Nadu,Pudukkottai,Pudukottai(Uzhavar Sandhai ),Mint(Pudina),Mint(Pudina),Local,10/08/2026,4000,5000,4500
Tamil Nadu,Thanjavur,Kumbakonam (Uzhavar Sandhai ),Cauliflower,Ranchi,Local,10/08/2026,4800,4800,4800
Tamil Nadu,Thanjavur,Kumbakonam (Uzhavar Sandhai ),Brinjal,Round,Local,10/08/2026,4800,7200,6000
Tamil Nadu,Thanjavur,Kumbakonam (Uzhavar Sandhai ),Banana,Besrai,Local,10/08/2026,4000,4000,4000
Tamil Nadu,Thanjavur,Kumbakonam (Uzhavar Sandhai ),Cluster beans,Cluster Beans,Local,10/08/2026,4800,4800,4800
Tamil Nadu,Thanjavur,Kumbakonam (Uzhavar Sandhai ),Amaranthus,Amaranthus,Local,10/08/2026,2000,2000,2000
Tamil Nadu,Thanjavur,Kumbakonam (Uzhavar Sandhai ),Carrot,Pusakesar,Local,10/08/2026,7200,9600,8400
Tamil Nadu,Thanjavur,Kumbakonam (Uzhavar Sandhai ),Ridgeguard(Tori),Ridgeguard(Tori),Local,10/08/2026,7200,7200,7200
Tamil Nadu,Thanjavur,Kumbakonam (Uzhavar Sandhai ),Mango(Raw-Ripe),Mango - Raw-Ripe,Local,10/08/2026,4800,7200,6000
Tamil Nadu,Thanjavur,Kumbakonam (Uzhavar Sandhai ),Onion Green,Onion Green,Local,10/08/2026,7200,8400,7800
Tamil Nadu,Thanjavur,Kumbakonam (Uzhavar Sandhai ),Mint(Pudina),Mint(Pudina),Local,10/08/2026,6000,6000,6000
Tamil Nadu,The Nilgiris,Udhagamandalam(Uzhavar Sandhai ),Banana,Besrai,Local,10/08/2026,3500,5000,4250
Tamil Nadu,The Nilgiris,Udhagamandalam(Uzhavar Sandhai ),Green Peas,Green Peas,Local,10/08/2026,10000,12000,11000
Tamil Nadu,The Nilgiris,Udhagamandalam(Uzhavar Sandhai ),Mousambi(Sweet Lime),Mousambi,Local,10/08/2026,8000,10000,9000
Tamil Nadu,The Nilgiris,Udhagamandalam(Uzhavar Sandhai ),Tomato,Deshi,Local,10/08/2026,1500,2000,1750
Tamil Nadu,The Nilgiris,Udhagamandalam(Uzhavar Sandhai ),Bottle gourd,Bottle Gourd,Local,10/08/2026,2500,3000,2750
Tamil Nadu,The Nilgiris,Udhagamandalam(Uzhavar Sandhai ),Amaranthus,Amaranthus,Local,10/08/2026,5500,6000,5750
Tamil Nadu,The Nilgiris,Udhagamandalam(Uzhavar Sandhai ),Beetroot,Beetroot,Local,10/08/2026,5500,6000,5750
Tamil Nadu,The Nilgiris,Udhagamandalam(Uzhavar Sandhai ),Green Avare(W),Green Avare (W),Local,10/08/2026,7000,7500,7250
Tamil Nadu,The Nilgiris,Udhagamandalam(Uzhavar Sandhai ),Drumstick,Drumstick,Local,10/08/2026,3500,3800,3650
Tamil Nadu,The Nilgiris,Udhagamandalam(Uzhavar Sandhai ),Amla(Nelli Kai),Amla,Local,10/08/2026,8000,9000,8500
Tamil Nadu,Theni,Andipatti(Uzhavar Sandhai ),Onion,Bellary,Local,10/08/2026,3600,3800,3700
Tamil Nadu,Theni,Andipatti(Uzhavar Sandhai ),Potato,Other,Local,10/08/2026,2400,2600,2500
Tamil Nadu,Theni,Andipatti(Uzhavar Sandhai ),Coriander(Leaves),I Sort,Local,10/08/2026,3600,3800,3700
Tamil Nadu,Theni,Andipatti(Uzhavar Sandhai ),Bottle gourd,Bottle Gourd,Local,10/08/2026,1800,2000,1900
Tamil Nadu,Theni,Andipatti(Uzhavar Sandhai ),Bhindi(Ladies Finger),Bhindi,Local,10/08/2026,4000,4200,4100
Tamil Nadu,Theni,Andipatti(Uzhavar Sandhai ),Amaranthus,Amaranthus,Local,10/08/2026,2000,2500,2250
Tamil Nadu,Theni,Andipatti(Uzhavar Sandhai ),Cabbage,Cabbage,Local,10/08/2026,2500,3000,2750
Tamil Nadu,Theni,Andipatti(Uzhavar Sandhai ),Chow Chow,Chow Chow,Local,10/08/2026,2200,2400,2300
Gujarat,Navsari,Bilimora APMC,Cabbage,Other,FAQ,10/08/2026,1000,2000,1500
Tamil Nadu,Theni,Bodinayakanur(Uzhavar Sandhai ),Beetroot,Beetroot,Local,10/08/2026,4200,4200,4200
Tamil Nadu,Theni,Bodinayakanur(Uzhavar Sandhai ),Elephant Yam(Suran)/Amorphophallus,Elephant Yam (Suran),Local,10/08/2026,4000,4000,4000
Tamil Nadu,Theni,Bodinayakanur(Uzhavar Sandhai ),Mint(Pudina),Mint(Pudina),Local,10/08/2026,4500,4500,4500
Tamil Nadu,Theni,Chinnamanur(Uzhavar Sandhai ),Onion,Bellary,Local,10/08/2026,4000,4000,4000
Tamil Nadu,Theni,Chinnamanur(Uzhavar Sandhai ),Cauliflower,Ranchi,Local,10/08/2026,3000,4000,3500
Tamil Nadu,Theni,Chinnamanur(Uzhavar Sandhai ),Tomato,Local,Local,10/08/2026,1500,2200,1850
Tamil Nadu,Theni,Chinnamanur(Uzhavar Sandhai ),Pumpkin,Pumpkin,Local,10/08/2026,1500,1800,1650
Tamil Nadu,Theni,Chinnamanur(Uzhavar Sandhai ),Green Chilli,Green Chilly,Local,10/08/2026,4000,4000,4000
Tamil Nadu,Theni,Chinnamanur(Uzhavar Sandhai ),Capsicum,Capsicum,Local,10/08/2026,6000,6000,6000
Tamil Nadu,Theni,Chinnamanur(Uzhavar Sandhai ),Chow Chow,Chow Chow,Local,10/08/2026,2400,2400,2400
Tamil Nadu,Theni,Chinnamanur(Uzhavar Sandhai ),Knool Khol,Knool Khol,Local,10/08/2026,3800,3800,3800
Tamil Nadu,Theni,Chinnamanur(Uzhavar Sandhai ),Onion Green,Onion Green,Local,10/08/2026,5500,6600,6050
Tamil Nadu,Theni,Kambam(Uzhavar Sandhai ),Coriander(Leaves),I Sort,Local,10/08/2026,3800,3800,3800
Tamil Nadu,Theni,Kambam(Uzhavar Sandhai ),Papaya,Papaya,Local,10/08/2026,2500,2700,2600
Tamil Nadu,Theni,Kambam(Uzhavar Sandhai ),Banana,Karpura,Local,10/08/2026,5000,5000,5000
Tamil Nadu,Theni,Kambam(Uzhavar Sandhai ),Bottle gourd,Bottle Gourd,Local,10/08/2026,1600,1800,1700
Tamil Nadu,Theni,Kambam(Uzhavar Sandhai ),Ashgourd,Gouard,Local,10/08/2026,1400,1400,1400
Tamil Nadu,Theni,Kambam(Uzhavar Sandhai ),Pumpkin,Pumpkin,Local,10/08/2026,1600,1800,1700
Tamil Nadu,Theni,Kambam(Uzhavar Sandhai ),Bhindi(Ladies Finger),Bhindi,Local,10/08/2026,3800,4000,3900
Tamil Nadu,Theni,Kambam(Uzhavar Sandhai ),Coconut,Coconut,Local,10/08/2026,5200,5400,5300
Tamil Nadu,Theni,Kambam(Uzhavar Sandhai ),Drumstick,Drumstick,Local,10/08/2026,2500,3000,2750
Tamil Nadu,Theni,Kambam(Uzhavar Sandhai ),Knool Khol,Knool Khol,Local,10/08/2026,3800,3800,3800
Tamil Nadu,Theni,Kambam(Uzhavar Sandhai ),Mashrooms,Mashrooms,Local,10/08/2026,22500,22500,22500
Tamil Nadu,Theni,Theni(Uzhavar Sandhai ),Apple,American,Local,10/08/2026,14000,26000,20000
Tamil Nadu,Theni,Theni(Uzhavar Sandhai ),Onion,Bellary,Local,10/08/2026,3500,3800,3650
Tamil Nadu,Theni,Theni(Uzhavar Sandhai ),Brinjal,Other,Local,10/08/2026,3000,3600,3300
Tamil Nadu,Theni,Theni(Uzhavar Sandhai ),Grapes,Annabesahai,Local,10/08/2026,12000,12000,12000
Tamil Nadu,Theni,Theni(Uzhavar Sandhai ),Water Melon,Water Melon,Local,10/08/2026,2500,2500,2500
Tamil Nadu,Theni,Theni(Uzhavar Sandhai ),Banana,Red Banana,Local,10/08/2026,5000,6500,5750
Tamil Nadu,Theni,Theni(Uzhavar Sandhai ),Bottle gourd,Bottle Gourd,Local,10/08/2026,1500,2000,1750
Tamil Nadu,Theni,Theni(Uzhavar Sandhai ),Raddish,Raddish,Local,10/08/2026,2600,2600,2600
Tamil Nadu,Theni,Theni(Uzhavar Sandhai ),Thondekai,Thondekai,Local,10/08/2026,4800,4800,4800
Tamil Nadu,Theni,Theni(Uzhavar Sandhai ),Chow Chow,Chow Chow,Local,10/08/2026,2400,2400,2400
Tamil Nadu,Theni,Theni(Uzhavar Sandhai ),Yam(Ratalu),Yam (Ratalu),Local,10/08/2026,8000,8000,8000
Tamil Nadu,Thirunelveli,Ambasamudram(Uzhavar Sandhai ),Bhindi(Ladies Finger),Bhindi,Local,10/08/2026,2800,3200,3000
Tamil Nadu,Thirunelveli,Ambasamudram(Uzhavar Sandhai ),Amaranthus,Amaranthus,Local,10/08/2026,1300,1500,1400
Tamil Nadu,Thirunelveli,Kandiyaperi(Uzhavar Sandhai ),Mango(Raw-Ripe),Mango - Raw-Ripe,Local,10/08/2026,6000,8000,7000
Tamil Nadu,Thirunelveli,Kandiyaperi(Uzhavar Sandhai ),Tomato,Other,Local,10/08/2026,2000,2700,2350
Tamil Nadu,Thirunelveli,Kandiyaperi(Uzhavar Sandhai ),Brinjal,Other,Local,10/08/2026,2500,3000,2750
Tamil Nadu,Thirunelveli,Kandiyaperi(Uzhavar Sandhai ),Bottle gourd,Bottle Gourd,Local,10/08/2026,1200,1400,1300
Tamil Nadu,Thirunelveli,Kandiyaperi(Uzhavar Sandhai ),Pumpkin,Pumpkin,Local,10/08/2026,1200,1400,1300
Tamil Nadu,Thirunelveli,Melapalayam(Uzhavar Sandhai ),Brinjal,Other,Local,10/08/2026,2500,3000,2750
Tamil Nadu,Thirunelveli,Melapalayam(Uzhavar Sandhai ),Papaya,Papaya,Local,10/08/2026,3500,4000,3750
Tamil Nadu,Thirunelveli,Melapalayam(Uzhavar Sandhai ),Bitter gourd,Other,Local,10/08/2026,6000,6500,6250
Tamil Nadu,Thirunelveli,Melapalayam(Uzhavar Sandhai ),Coconut,Coconut,Local,10/08/2026,6000,6300,6150
Tamil Nadu,Thirunelveli,Melapalayam(Uzhavar Sandhai ),Guava,Guava Allahabad,Local,10/08/2026,6000,8000,7000
Tamil Nadu,Thirunelveli,Melapalayam(Uzhavar Sandhai ),Amla(Nelli Kai),Amla,Local,10/08/2026,4000,5000,4500
Tamil Nadu,Thirunelveli,NGO Colony(Uzhavar Sandhai ),Tomato,Deshi,Local,10/08/2026,2000,2700,2350
Tamil Nadu,Thirunelveli,NGO Colony(Uzhavar Sandhai ),Potato,Red Nanital,Local,10/08/2026,2000,2800,2400
Tamil Nadu,Thirunelveli,NGO Colony(Uzhavar Sandhai ),Bottle gourd,Bottle Gourd,Local,10/08/2026,1200,1400,1300
Tamil Nadu,Thirunelveli,NGO Colony(Uzhavar Sandhai ),Ashgourd,Gouard,Local,10/08/2026,1500,1600,1550
Tamil Nadu,Thirunelveli,NGO Colony(Uzhavar Sandhai ),Beans,Beans (Whole),Local,10/08/2026,9000,11000,10000
Tamil Nadu,Thirunelveli,NGO Colony(Uzhavar Sandhai ),Coconut,Coconut,Local,10/08/2026,5500,6300,5900
Tamil Nadu,Thirunelveli,NGO Colony(Uzhavar Sandhai ),Beetroot,Beetroot,Local,10/08/2026,4000,4800,4400
Tamil Nadu,Thirunelveli,NGO Colony(Uzhavar Sandhai ),Capsicum,Capsicum,Local,10/08/2026,5500,6000,5750
Tamil Nadu,Thirunelveli,Palayamkottai(Uzhavar Sandhai ),Apple,American,Local,10/08/2026,24000,26000,25000
Tamil Nadu,Thirunelveli,Palayamkottai(Uzhavar Sandhai ),Bottle gourd,Bottle Gourd,Local,10/08/2026,1200,1400,1300
Tamil Nadu,Thirunelveli,Palayamkottai(Uzhavar Sandhai ),Banana - Green,Banana - Green,Local,10/08/2026,2500,3000,2750
Tamil Nadu,Thirunelveli,Palayamkottai(Uzhavar Sandhai ),Green Chilli,Green Chilly,Local,10/08/2026,3800,4000,3900
Tamil Nadu,Thirunelveli,Palayamkottai(Uzhavar Sandhai ),Beans,Beans (Whole),Local,10/08/2026,10000,11000,10500
Tamil Nadu,Thirunelveli,Palayamkottai(Uzhavar Sandhai ),Coconut,Coconut,Local,10/08/2026,6000,6300,6150
Tamil Nadu,Thirunelveli,Palayamkottai(Uzhavar Sandhai ),Mango(Raw-Ripe),Mango - Raw-Ripe,Local,10/08/2026,5500,6000,5750
Tamil Nadu,Thirunelveli,Palayamkottai(Uzhavar Sandhai ),Lemon,Lemon,Local,10/08/2026,6500,7500,7000
Tamil Nadu,Thirupur,Kangayam(Uzhavar Sandhai ),Papaya,Papaya,Local,10/08/2026,2000,2500,2250
Tamil Nadu,Thirupur,Kangayam(Uzhavar Sandhai ),Tomato,Deshi,Local,10/08/2026,1500,1700,1600
Tamil Nadu,Thirupur,Kangayam(Uzhavar Sandhai ),Ashgourd,Gouard,Local,10/08/2026,2000,2200,2100
Tamil Nadu,Thirupur,Kangayam(Uzhavar Sandhai ),Amaranthus,Amaranthus,Local,10/08/2026,2500,3000,2750
Tamil Nadu,Thirupur,Kangayam(Uzhavar Sandhai ),Mint(Pudina),Mint(Pudina),Local,10/08/2026,3500,4000,3750
Tamil Nadu,Thirupur,Tiruppur (North) (Uzhavar Sandhai ),Chikoos(Sapota),Sapota,Local,10/08/2026,3500,4000,3750
Tamil Nadu,Thirupur,Tiruppur (North) (Uzhavar Sandhai ),Bottle gourd,Bottle Gourd,Local,10/08/2026,1200,1500,1350
Tamil Nadu,Thirupur,Tiruppur (North) (Uzhavar Sandhai ),Amaranthus,Amaranthus,Local,10/08/2026,2000,2500,2250
Tamil Nadu,Thirupur,Tiruppur (North) (Uzhavar Sandhai ),Tapioca,Tapioca,Local,10/08/2026,2500,3000,2750
Tamil Nadu,Thirupur,Tiruppur (North) (Uzhavar Sandhai ),Carrot,Pusakesar,Local,10/08/2026,8000,9000,8500
Tamil Nadu,Thirupur,Tiruppur (North) (Uzhavar Sandhai ),Ridgeguard(Tori),Ridgeguard(Tori),Local,10/08/2026,4500,5000,4750
Tamil Nadu,Thirupur,Tiruppur (North) (Uzhavar Sandhai ),Raddish,Raddish,Local,10/08/2026,3000,3500,3250
Tamil Nadu,Thirupur,Tiruppur (North) (Uzhavar Sandhai ),Thondekai,Thondekai,Local,10/08/2026,3500,4000,3750
Tamil Nadu,Thirupur,Tiruppur (North) (Uzhavar Sandhai ),Green Avare(W),Other,Local,10/08/2026,6000,7000,6500
Tamil Nadu,Thirupur,Tiruppur (North) (Uzhavar Sandhai ),Elephant Yam(Suran)/Amorphophallus,Elephant Yam (Suran),Local,10/08/2026,4000,4500,4250
