state,district,market,commodity,variety,grade,arrival_date,min_price,max_price,modal_price
Andhra Pradesh,Eluru,Polavaram APMC,Paddy(Common),1001,Local,27/08/2026,2445,2445,2445
Andhra Pradesh,Kakinada,Sampara (Kakinada Rural) APMC,Paddy(Common),1001,FAQ,27/08/2026,2369,2389,2379
Andhra Pradesh,Srikakulam,Kanchili APMC,Paddy(Common),1001,FAQ,27/08/2026,2400,2400,2400
Andhra Pradesh,East Godavari,Mandapeta APMC,Paddy(Common),1001,FAQ,27/08/2026,2369,2400,2389
Andhra Pradesh,Srikakulam,Jalumuru APMC,Paddy(Common),1121,FAQ,27/08/2026,2369,2369,2369
Andhra Pradesh,Prakasam,Santhamaguluru APMC,Paddy(Common),B P T,FAQ,27/08/2026,2500,2580,2550
Andhra Pradesh,Palnadu,Macharla APMC,Paddy(Common),B P T,Grade Range-1,27/08/2026,3250,3250,3250
Andhra Pradesh,Prakasam,Ongole APMC,Paddy(Common),B P T,Local,27/08/2026,2400,2400,2400
Andhra Pradesh,YSR Kadapa,Mydukur APMC,Paddy(Common),Masuri,Local,27/08/2026,2800,3200,3000
Andhra Pradesh,SPSR Nellore,Kavali APMC,Paddy(Common),Other,Local,27/08/2026,2380,2450,2410
Pondicherry,Karaikal,Karaikal APMC,Paddy(Common),Other,FAQ,27/08/2026,1937,1945,1941
Andhra Pradesh,Palnadu,Narasaraopet APMC,Paddy(Common),Paddy,FAQ,27/08/2026,3000,3000,3000
Andhra Pradesh,East Godavari,Anaparthy APMC,Paddy(Common),Paddy,FAQ,27/08/2026,2369,2550,2369
West Bengal,Medinipur(E),Tamluk (Medinipur E) APMC,Rice,Common,FAQ,27/08/2026,3300,3500,3400
Andhra Pradesh,Prakasam,Santhamaguluru APMC,Maize,Hybrid,FAQ,27/08/2026,2400,2480,2450
Andhra Pradesh,Palnadu,Rompicherla APMC,Maize,Hybrid/Local,FAQ,27/08/2026,2300,2400,2400
Andhra Pradesh,Vijayanagaram,Pusapatirega APMC,Maize,Local,FAQ,27/08/2026,4800,4800,4800
Andhra Pradesh,East Godavari,Gopalapuram APMC,Maize,Local,Local,27/08/2026,2410,2410,2410
Andhra Pradesh,Srikakulam,Ponduru APMC,Maize,Local,FAQ,27/08/2026,2400,2400,2400
Andhra Pradesh,YSR Kadapa,Jammalamadugu APMC,Bengal Gram(Gram)(Whole),Average (Whole),FAQ,27/08/2026,6000,6200,6100
Rajasthan,Churu,Sadulpur APMC,Bengal Gram(Gram)(Whole),Other,Local,27/08/2026,5300,5300,5300
Tamil Nadu,Madurai,Anaiyur(Uzhavar Sandhai ),Groundnut,Big (With Shell),Local,27/08/2026,7000,8000,7500
Tamil Nadu,Thiruvannamalai,Chengam(Uzhavar Sandhai ),Groundnut,Big (With Shell),Local,27/08/2026,7000,8000,7500
Tamil Nadu,Krishnagiri,Krishnagiri(Uzhavar Sandhai ),Groundnut,Big (With Shell),Local,27/08/2026,7000,7500,7250
Tamil Nadu,Perambalur,Perambalur(Uzhavar Sandhai ),Groundnut,Big (With Shell),Local,27/08/2026,8000,9000,8500
Tamil Nadu,Thiruvannamalai,Polur(Uzhavar Sandhai ),Groundnut,Big (With Shell),Local,27/08/2026,5000,6000,5500
Tamil Nadu,Madurai,Anna nagar(Uzhavar Sandhai ),Groundnut,Big (With Shell),Local,27/08/2026,6000,7000,6500
Tamil Nadu,Salem,Thammampatti (Uzhavar Sandhai ),Groundnut,Big (With Shell),Local,27/08/2026,7000,7000,7000
Tamil Nadu,Pudukkottai,Pudukottai(Uzhavar Sandhai ),Groundnut,Big (With Shell),Local,27/08/2026,5000,6000,5500
Tamil Nadu,Krishnagiri,Hosur(Uzhavar Sandhai ),Groundnut,Big (With Shell),Local,27/08/2026,8000,10000,9000
Tamil Nadu,Theni,Theni(Uzhavar Sandhai ),Groundnut,Big (With Shell),Local,27/08/2026,6500,6500,6500
Tamil Nadu,Dharmapuri,Pennagaram(Uzhavar Sandhai ),Groundnut,Big (With Shell),Local,27/08/2026,6200,6500,6350
Andhra Pradesh,Ananthapuramu,Guntakal APMC,Groundnut,Local,Local,27/08/2026,7000,8200,7600
Tamil Nadu,Madurai,Anna nagar(Uzhavar Sandhai ),Soyabean,Local,Local,27/08/2026,9000,10000,9500
Rajasthan,Kota,Kota APMC,Soyabean,Local,Local,27/08/2026,5950,5950,5950
Gujarat,Amreli,APMC Bagasara,Soyabean,Yellow,Local,27/08/2026,5475,5605,5540
Andhra Pradesh,Palnadu,Narasaraopet APMC,Cotton,Bunny,FAQ,27/08/2026,8500,8500,8500
Andhra Pradesh,Guntur,Phirangipuram APMC,Cotton,Cotton (Unginned),Local,27/08/2026,7700,8700,8100
Andhra Pradesh,Prakasam,Darsi APMC,Cotton,Desi,Local,27/08/2026,8100,8200,8200
Andhra Pradesh,YSR Kadapa,Jammalamadugu APMC,Cotton,Desi,FAQ,27/08/2026,8000,8500,8300
Gujarat,Amreli,APMC Bagasara,Cotton,Other,Local,27/08/2026,5500,8630,7065
Tamil Nadu,Chengalpattu,Nanganallur(Uzhavar Sandhai ),Apple,American,Local,27/08/2026,22000,24000,23000
Tamil Nadu,Coimbatore,Singanallur(Uzhavar Sandhai ),Apple,American,Local,27/08/2026,27000,28000,27500
Tamil Nadu,Vellore,Kahithapattarai(Uzhavar Sandhai ),Apple,American,Local,27/08/2026,25000,25000,25000
Tamil Nadu,Madurai,Palanganatham(Uzhavar Sandhai ),Apple,American,Local,27/08/2026,20000,27000,23500
Tamil Nadu,Madurai,Anna nagar(Uzhavar Sandhai ),Apple,American,Local,27/08/2026,18000,20000,19000
Tamil Nadu,Theni,Theni(Uzhavar Sandhai ),Apple,American,Local,27/08/2026,14000,26000,20000
Haryana,Mahendragarh-Narnaul,Narnaul APMC,Apple,Apple,Medium,27/08/2026,8000,15000,12000
Uttarakhand,Dehradoon,Rishikesh APMC,Apple,Kasmir/Shimla - II,Medium,27/08/2026,2400,7900,3600
Maharashtra,Pune,Pune(Moshi) APMC,Apple,Other,Local,27/08/2026,15000,18000,16500
Tamil Nadu,Coimbatore,Vadavalli(Uzhavar Sandhai ),Orange,Darjeeling,Local,27/08/2026,8000,14000,11000
Tamil Nadu,Coimbatore,RSPuram(Uzhavar Sandhai ),Orange,Darjeeling,Local,27/08/2026,8000,14000,11000
Tamil Nadu,Thanjavur,Thanjavur(Uzhavar Sandhai ),Orange,Darjeeling,Local,27/08/2026,16000,16000,16000
Tamil Nadu,Madurai,Chokkikulam(Uzhavar Sandhai ),Orange,Darjeeling,Local,27/08/2026,14000,16000,15000
Tamil Nadu,Salem,Ammapet(Uzhavar Sandhai ),Orange,Darjeeling,Local,27/08/2026,14000,14000,14000
Punjab,Ludhiana,Doraha APMC,Banana,Amruthapani,Local,27/08/2026,3000,3000,3000
Tamil Nadu,Nagercoil (Kannyiakumari),Myladi(Uzhavar Sandhai ),Banana,Besrai,Local,27/08/2026,5500,6000,5750
Tamil Nadu,Madurai,Melur(Uzhavar Sandhai ),Banana,Besrai,Local,27/08/2026,3000,4000,3500
Tamil Nadu,Madurai,Thirumangalam(Uzhavar Sandhai ),Banana,Besrai,Local,27/08/2026,3000,4000,3500
Tamil Nadu,Virudhunagar,Srivilliputhur(Uzhavar Sandhai ),Banana,Besrai,Local,27/08/2026,3500,4000,3750
Tamil Nadu,Thanjavur,Pattukottai(Uzhavar Sandhai ),Banana,Besrai,Local,27/08/2026,3500,3500,3500
Tamil Nadu,Virudhunagar,Thalavaipuram(Uzhavar Sandhai ),Banana,Besrai,Local,27/08/2026,3200,4000,3600
Tamil Nadu,Thiruvannamalai,Polur(Uzhavar Sandhai ),Banana,Besrai,Local,27/08/2026,4200,5000,4600
Tamil Nadu,Pudukkottai,Viralimalai(Uzhavar Sandhai ),Banana,Besrai,Local,27/08/2026,4500,5000,4750
Tamil Nadu,The Nilgiris,Gudalur(Uzhavar Sandhai ),Banana,Besrai,Local,27/08/2026,4500,5000,4750
Tamil Nadu,Virudhunagar,Sathur(Uzhavar Sandhai ),Banana,Besrai,Local,27/08/2026,3500,4000,3750
Tamil Nadu,Krishnagiri,Denkanikottai(Uzhavar Sandhai ),Banana,Besrai,Local,27/08/2026,8000,9000,8500
Tamil Nadu,Madurai,Anna nagar(Uzhavar Sandhai ),Banana,Besrai,Local,27/08/2026,3500,4000,3750
Tamil Nadu,Thiruvannamalai,Tiruvannamalai(Uzhavar Sandhai ),Banana,Besrai,Local,27/08/2026,4000,5000,4500
Tamil Nadu,Coimbatore,Singanallur(Uzhavar Sandhai ),Banana,Karpura,Local,27/08/2026,5000,8600,6800
Tamil Nadu,Theni,Andipatti(Uzhavar Sandhai ),Banana,Karpura,Local,27/08/2026,5500,6000,5750
Keralam,Malappuram,Moothedam  VFPCK Market,Banana,Nendra Bale,Grade Range-1,27/08/2026,5700,5900,5800
Tamil Nadu,Tuticorin,Kovilpatti(Uzhavar Sandhai ),Banana,Other,Local,27/08/2026,3000,3500,3250
Haryana,Rewari,Kosli APMC,Banana,Other,Medium,27/08/2026,2000,2000,2000
Jammu and Kashmir,Udhampur,Fruit and Vegetable Market Udhampur,Banana,Other,Grade B,27/08/2026,4400,4400,4400
Himachal Pradesh,Kangra,SMY Jaisinghpur,Banana,Other,Medium,27/08/2026,5400,5600,5450
Tamil Nadu,Thiruchirappalli,Manapparai(Uzhavar Sandhai ),Banana,Poovan,Local,27/08/2026,5000,5000,5000
Tamil Nadu,Chengalpattu,Madhuranthagam(Uzhavar Sandhai ),Banana,Poovan,Local,27/08/2026,3000,4000,3500
Tamil Nadu,Pudukkottai,Alangudi(Uzhavar Sandhai ),Banana,Poovan,Local,27/08/2026,5000,6000,5500
Tamil Nadu,Sivaganga,Sivagangai (Uzhavar Sandhai ),Banana,Poovan,Local,27/08/2026,4000,4000,4000
Tamil Nadu,Sivaganga,Karaikudi(Uzhavar Sandhai ),Banana,Poovan,Local,27/08/2026,3500,4000,3750
Tamil Nadu,Dharmapuri,Palacode(Uzhavar Sandhai ),Banana,Poovan,Local,27/08/2026,5000,5500,5250
Tamil Nadu,Namakkal,Rasipuram(Uzhavar Sandhai ),Banana,Red Banana,Local,27/08/2026,7000,7500,7250
Tamil Nadu,Pudukkottai,Gandarvakottai(Uzhavar Sandhai ),Banana,Red Banana,Local,27/08/2026,6000,7000,6500
Tamil Nadu,Coimbatore,Vadavalli(Uzhavar Sandhai ),Banana,Red Banana,Local,27/08/2026,8000,8600,8300
Tamil Nadu,Salem,Vazhapadi(Uzhavar Sandhai),Banana,Red Banana,Local,27/08/2026,7000,7000,7000
Tamil Nadu,Thirunelveli,Palayamkottai(Uzhavar Sandhai ),Banana,Red Banana,Local,27/08/2026,9000,10000,9500
Tamil Nadu,Dindigul,Dindigul(Uzhavar Sandhai ),Banana,Red Banana,Local,27/08/2026,8000,9000,8500
Tamil Nadu,Coimbatore,RSPuram(Uzhavar Sandhai ),Banana,Red Banana,Local,27/08/2026,8000,8600,8300
Tamil Nadu,Erode,Sathiyamagalam(Uzhavar Sandhai ),Banana,Red Banana,Local,27/08/2026,5500,6000,5750
Tamil Nadu,Salem,Jalagandapuram(Uzhavar Sandhai ),Banana,Red Banana,Local,27/08/2026,6500,7000,6750
Tamil Nadu,Salem,Thammampatti (Uzhavar Sandhai ),Banana,Red Banana,Local,27/08/2026,6500,7000,6750
Tamil Nadu,Thiruvannamalai,Arani(Uzhavar Sandhai ),Mango,Safeda,Local,27/08/2026,5000,6000,5500
Tamil Nadu,Nagercoil (Kannyiakumari),Vadaseri APMC,Mango,Safeda,Local,27/08/2026,7000,7500,7250
Tamil Nadu,Coimbatore,Mettupalayam(Uzhavar Sandhai ),Mango,Safeda,Local,27/08/2026,6000,10000,8000
Tamil Nadu,Kallakuruchi,Sankarapuram(Uzhavar Sandhai ),Mango,Safeda,Local,27/08/2026,5000,5000,5000
Tamil Nadu,Thiruvannamalai,Chengam(Uzhavar Sandhai ),Mango,Safeda,Local,27/08/2026,5000,6000,5500
Tamil Nadu,Chengalpattu,Nanganallur(Uzhavar Sandhai ),Mango,Safeda,Local,27/08/2026,6500,7000,6750
Tamil Nadu,Nagercoil (Kannyiakumari),Vadaseri APMC,Pineapple,Pine Apple,Local,27/08/2026,5000,5500,5250
Tamil Nadu,The Nilgiris,Udhagamandalam(Uzhavar Sandhai ),Pineapple,Pine Apple,Local,27/08/2026,8000,9000,8500
Tamil Nadu,Salem,Hasthampatti(Uzhavar Sandhai ),Grapes,Annabesahai,Local,27/08/2026,9000,10000,9500
Tamil Nadu,Coimbatore,RSPuram(Uzhavar Sandhai ),Grapes,Annabesahai,Local,27/08/2026,9000,10000,9500
Bihar,Supaul,Triveniganj APMC,Onion,1st Sort,Grade A,27/08/2026,3500,3500,3500
Rajasthan,Churu,Churu APMC,Onion,1st Sort,FAQ,27/08/2026,2600,3000,2800
Tamil Nadu,Virudhunagar,Virudhunagar(Uzhavar Sandhai ),Onion,Bellary,Local,27/08/2026,5500,6000,5750
Tamil Nadu,Krishnagiri,Denkanikottai(Uzhavar Sandhai ),Onion,Bellary,Local,27/08/2026,5000,5500,5250
Tamil Nadu,Thirupur,Tiruppur (North) (Uzhavar Sandhai ),Onion,Bellary,Local,27/08/2026,5000,6000,5500
Tamil Nadu,Salem,Athur(Uzhavar Sandhai ),Onion,Bellary,Local,27/08/2026,5500,6000,5750
Tamil Nadu,Dharmapuri,Dharmapuri(Uzhavar Sandhai ),Onion,Bellary,Local,27/08/2026,5400,5700,5550
Tamil Nadu,Coimbatore,Pollachi(Uzhavar Sandhai ),Onion,Bellary,Local,27/08/2026,5000,5800,5400
Tamil Nadu,Madurai,Thirumangalam(Uzhavar Sandhai ),Onion,Bellary,Local,27/08/2026,6000,6600,6300
Tamil Nadu,Erode,Thalavadi(Uzhavar Sandhai ),Onion,Bellary,Local,27/08/2026,5400,5800,5600
Tamil Nadu,Thiruchirappalli,Thiruverumbur(Uzhavar Sandhai ),Onion,Bellary,Local,27/08/2026,6000,6000,6000
Tamil Nadu,Thiruvannamalai,Cheyyar(Uzhavar Sandhai ),Onion,Bellary,Local,27/08/2026,4000,5000,4500
Tamil Nadu,Thiruchirappalli,Thuraiyur APMC,Onion,Bellary,Local,27/08/2026,5000,6500,5750
Tamil Nadu,Madurai,Chokkikulam(Uzhavar Sandhai ),Onion,Bellary,Local,27/08/2026,4000,6600,5300
Tamil Nadu,Ranipet,Ranipettai(Uzhavar Sandhai ),Onion,Bellary,Local,27/08/2026,5500,5500,5500
Tamil Nadu,Erode,Gobichettipalayam(Uzhavar Sandhai ),Onion,Bellary,Local,27/08/2026,5000,5500,5250
Tamil Nadu,Pudukkottai,Viralimalai(Uzhavar Sandhai ),Onion,Bellary,Local,27/08/2026,5500,6000,5750
Tamil Nadu,Pudukkottai,Aranthangi(Uzhavar Sandhai ),Onion,Bellary,Local,27/08/2026,6000,6500,6250
Tamil Nadu,Kallakuruchi,Kallakurichi(Uzhavar Sandhai ),Onion,Bellary,Local,27/08/2026,6000,6000,6000
Tamil Nadu,Vellore,Thirupathur APMC,Onion,Bellary,Local,27/08/2026,5000,5000,5000
Tamil Nadu,Virudhunagar,Srivilliputhur(Uzhavar Sandhai ),Onion,Bellary,Local,27/08/2026,4500,5500,5000
Tamil Nadu,Pudukkottai,Alangudi(Uzhavar Sandhai ),Onion,Bellary,Local,27/08/2026,5000,6000,5500
Tamil Nadu,Kancheepuram,Kundrathur(Uzhavar Sandhai ),Onion,Bellary,Local,27/08/2026,4000,4000,4000
Tamil Nadu,Ariyalur,Ariyalur(Uzhavar Sandhai),Onion,Bellary,Local,27/08/2026,4500,5000,4750
Tamil Nadu,Coimbatore,Vadavalli(Uzhavar Sandhai ),Onion,Bellary,Local,27/08/2026,4800,5300,5050
Tamil Nadu,Thiruchirappalli,Lalgudi(Uzhavar Sandhai ),Onion,Bellary,Local,27/08/2026,6000,6000,6000
Tamil Nadu,Thiruchirappalli,KKNagar(Uzhavar Sandhai ),Onion,Bellary,Local,27/08/2026,6400,6400,6400
Tamil Nadu,Madurai,Anna nagar(Uzhavar Sandhai ),Onion,Bellary,Local,27/08/2026,5000,6000,5500
Tamil Nadu,Pudukkottai,Gandarvakottai(Uzhavar Sandhai ),Onion,Bellary,Local,27/08/2026,6000,7000,6500
Tamil Nadu,Nagapattinam,Vedaranyam(Uzhavar Sandhai),Onion,Bellary,Local,27/08/2026,3200,3500,3350
West Bengal,Medinipur(E),Tamluk (Medinipur E) APMC,Onion,Onion,FAQ,27/08/2026,3200,3600,3400
West Bengal,Darjeeling,Siliguri APMC,Onion,Onion,FAQ,27/08/2026,4000,4200,4100
Madhya Pradesh,Indore,Gautampura APMC,Onion,Onion,FAQ,27/08/2026,1300,2000,2000
Chandigarh,Chandigarh,Chandigarh (Grain/F&V) APMC,Onion,Onion,FAQ,27/08/2026,2000,4500,4000
Punjab,Amritsar,Rayya APMC,Onion,Other,FAQ,27/08/2026,1415,1415,1415
Punjab,Mohali,Kurali APMC,Onion,Other,Medium,27/08/2026,3500,3700,3600
Keralam,Kottayam,Athirampuzha Market,Onion,Small,FAQ,27/08/2026,8500,8700,8600
Tamil Nadu,Vellore,Pallikonda(Uzhavar Sandhai),Potato,Red Nanital,Local,27/08/2026,2500,3000,2750
Tamil Nadu,Coimbatore,Pollachi(Uzhavar Sandhai ),Potato,Red Nanital,Local,27/08/2026,4000,6500,5250
Tamil Nadu,Thirupathur,Vaniyampadi(Uzhavar Sandhai ),Potato,Red Nanital,Local,27/08/2026,3000,3000,3000
Tamil Nadu,Krishnagiri,Avallapalli(Uzhavar Sandhai ),Potato,Red Nanital,Local,27/08/2026,2000,2500,2250
Tamil Nadu,Theni,Devaram(Uzhavar Sandhai ),Potato,Red Nanital,Local,27/08/2026,2500,2500,2500
Tamil Nadu,Erode,Sathiyamagalam(Uzhavar Sandhai ),Potato,Red Nanital,Local,27/08/2026,4000,4300,4150
Tamil Nadu,Krishnagiri,Kaveripattinam(Uzhavar Sandhai ),Potato,Red Nanital,Local,27/08/2026,4000,4000,4000
Tamil Nadu,Sivaganga,Sivagangai (Uzhavar Sandhai ),Potato,Red Nanital,Local,27/08/2026,5600,6200,5900
Tamil Nadu,Villupuram,Gingee(Uzhavar Sandhai ),Potato,Red Nanital,Local,27/08/2026,4000,4000,4000
Tamil Nadu,Salem,Ammapet(Uzhavar Sandhai ),Potato,Red Nanital,Local,27/08/2026,3000,3000,3000
Tamil Nadu,Kallakuruchi,Sankarapuram(Uzhavar Sandhai ),Potato,Red Nanital,Local,27/08/2026,3500,3500,3500
Tamil Nadu,Virudhunagar,Thalavaipuram(Uzhavar Sandhai ),Potato,Red Nanital,Local,27/08/2026,2500,3000,2750
Rajasthan,Hanumangarh,Rawatsar APMC,Potato,Red Nanital,FAQ,27/08/2026,400,600,500
Telangana,Mahbubnagar,Mahabubnagar(Rythu Bazar),Potato,Red Nanital,Local,27/08/2026,2400,2400,2400
Bihar,Muzaffarpur,Bhagwanpur Mandi APMC,Potato,Jyoti,FAQ,27/08/2026,1150,1150,1150
Maharashtra,Pune,Pune(Moshi) APMC,Potato,Local,Local,27/08/2026,1000,1100,1050
Tamil Nadu,Kancheepuram,Kundrathur(Uzhavar Sandhai ),Potato,Other,Local,27/08/2026,2800,2800,2800
Tamil Nadu,Coimbatore,Sundarapuram(Uzhavar Sandhai ),Potato,Other,Local,27/08/2026,6200,7000,6600
Tamil Nadu,Coimbatore,Sulur(Uzhavar Sandhai ),Potato,Other,Local,27/08/2026,6000,7200,6600
Tamil Nadu,Coimbatore,Singanallur(Uzhavar Sandhai ),Potato,Other,Local,27/08/2026,6000,7200,6600
Tamil Nadu,Thiruchirappalli,Thiruverumbur(Uzhavar Sandhai ),Potato,Other,Local,27/08/2026,3000,3000,3000
Tamil Nadu,Sivaganga,Singampunari(Uzhavar Sandhai ),Potato,Other,Local,27/08/2026,5600,6200,5900
Tamil Nadu,Pudukkottai,Gandarvakottai(Uzhavar Sandhai ),Potato,Other,Local,27/08/2026,6500,7000,6750
Tamil Nadu,Namakkal,Paramathivelur(Uzhavar Sandhai ),Potato,Other,Local,27/08/2026,2600,3000,2800
Tamil Nadu,Namakkal,Namakkal(Uzhavar Sandhai ),Potato,Other,Local,27/08/2026,2500,3000,2750
Tamil Nadu,Thirupur,Dharapuram(Uzhavar Sandhai ),Potato,Other,Local,27/08/2026,5000,5500,5250
Tamil Nadu,Chengalpattu,Pallavaram(Uzhavar Sandhai ),Potato,Other,Local,27/08/2026,2500,3000,2750
Tamil Nadu,Salem,Thammampatti (Uzhavar Sandhai ),Potato,Other,Local,27/08/2026,2800,3000,2900
Tamil Nadu,Dharmapuri,Karimangalam(Uzhavar Sandhai),Potato,Other,Local,27/08/2026,2600,2800,2700
Tamil Nadu,Namakkal,Kumarapalayam(Uzhavar Sandhai ),Potato,Other,Local,27/08/2026,3300,3500,3400
Tamil Nadu,Erode,Perundurai(Uzhavar Sandhai ),Potato,Other,Local,27/08/2026,3200,3500,3350
Haryana,Rewari,Kosli APMC,Potato,Other,FAQ,27/08/2026,1000,1000,1000
Uttarakhand,Dehradoon,Rishikesh APMC,Potato,Other,Medium,27/08/2026,760,1050,925
Haryana,Sonipat,Ganaur APMC,Potato,Potato,FAQ,27/08/2026,1000,1500,1200
Telangana,Ranga Reddy,"Vanasthalipuram,RBZ ",Potato,Potato,Grade A,27/08/2026,1600,1600,1600
Gujarat,Rajkot,Gondal(Veg.market Gondal) APMC,Potato,Potato,Local,27/08/2026,750,1250,1000
Haryana,Hissar,Barwala(Hisar) APMC,Potato,Potato,Local,27/08/2026,900,1000,950
Tamil Nadu,Thiruchirappalli,KKNagar(Uzhavar Sandhai ),Garlic,Garlic,Local,27/08/2026,26000,26000,26000
Tamil Nadu,Salem,Hasthampatti(Uzhavar Sandhai ),Garlic,Garlic,Local,27/08/2026,19000,20000,19500
Tamil Nadu,Coimbatore,Sundarapuram(Uzhavar Sandhai ),Garlic,Garlic,Local,27/08/2026,20000,23000,21500
Tamil Nadu,Thanjavur,Thanjavur(Uzhavar Sandhai ),Garlic,Garlic,Local,27/08/2026,24000,24000,24000
Tamil Nadu,Perambalur,Perambalur(Uzhavar Sandhai ),Garlic,Garlic,Local,27/08/2026,18000,20000,19000
Tamil Nadu,Coimbatore,Mettupalayam(Uzhavar Sandhai ),Garlic,Garlic,Local,27/08/2026,16000,18000,17000
Tamil Nadu,Thiruvannamalai,Chengam(Uzhavar Sandhai ),Garlic,Garlic,Local,27/08/2026,20000,24000,22000
Tamil Nadu,Thiruchirappalli,Manapparai(Uzhavar Sandhai ),Garlic,Garlic,Local,27/08/2026,24000,24000,24000
Tamil Nadu,Madurai,Palanganatham(Uzhavar Sandhai ),Garlic,Garlic,Local,27/08/2026,26000,27000,26500
Tamil Nadu,Dharmapuri,AJattihalli(Uzhavar Sandhai ),Garlic,Garlic,Local,27/08/2026,20000,23800,21900
Tamil Nadu,Thanjavur,Pattukottai(Uzhavar Sandhai ),Garlic,Garlic,Local,27/08/2026,16000,16000,16000
Tamil Nadu,Chengalpattu,Nanganallur(Uzhavar Sandhai ),Garlic,Garlic,Local,27/08/2026,22000,24000,23000
Tamil Nadu,Theni,Chinnamanur(Uzhavar Sandhai ),Garlic,Garlic,Local,27/08/2026,14000,24000,19000
Tamil Nadu,Salem,Elampillai(Uzhavar Sandhai ),Garlic,Garlic,Local,27/08/2026,27000,28000,27500
Tamil Nadu,Nagercoil (Kannyiakumari),Vadaseri APMC,Garlic,Garlic,Local,27/08/2026,22000,22500,22250
Tamil Nadu,Vellore,Thirupathur APMC,Garlic,Garlic,Local,27/08/2026,24000,24000,24000
Haryana,Mahendragarh-Narnaul,Narnaul APMC,Garlic,Garlic,FAQ,27/08/2026,15000,15000,15000
Haryana,Hissar,Hansi APMC,Garlic,Other,FAQ,27/08/2026,10000,20000,15000
Maharashtra,Pune,Pune(Moshi) APMC,Garlic,Other,Local,27/08/2026,7000,10000,8500
Tamil Nadu,Thiruchirappalli,KKNagar(Uzhavar Sandhai ),Chili Red,Bold,Local,27/08/2026,28000,28000,28000
Andhra Pradesh,Alluri Sitharama Raju,Araku Valley APMC,Ginger(Dry),Ginger-Organic,Grade Range-1,27/08/2026,9500,9500,9500
Rajasthan,Kota,Kota APMC,Barley(Jau),Local,Local,27/08/2026,2650,2650,2650
Bihar,Muzaffarpur,Bhagwanpur Mandi APMC,Cauliflower,African Sarson,Grade A,27/08/2026,6000,6000,6000
Gujarat,Amreli,Damnagar APMC,Cauliflower,Cauliflower,Local,27/08/2026,4000,4000,4000
Keralam,Kottayam,Pampady Market,Cauliflower,Cauliflower,FAQ,27/08/2026,5500,6500,6000
Tamil Nadu,Nagapattinam,Mayiladuthurai(Uzhavar Sandhai ),Cauliflower,Ranchi,Local,27/08/2026,5000,5000,5000
Tamil Nadu,Coimbatore,Udumalpet APMC,Cauliflower,Ranchi,Local,27/08/2026,3000,3500,3250
Tamil Nadu,Erode,Thalavadi(Uzhavar Sandhai ),Cauliflower,Ranchi,Local,27/08/2026,2800,3200,3000
Tamil Nadu,Madurai,Anna nagar(Uzhavar Sandhai ),Cauliflower,Ranchi,Local,27/08/2026,3500,4000,3750
Tamil Nadu,Salem,Vazhapadi(Uzhavar Sandhai),Cauliflower,Ranchi,Local,27/08/2026,3000,3000,3000
Tamil Nadu,Theni,Chinnamanur(Uzhavar Sandhai ),Cauliflower,Ranchi,Local,27/08/2026,3000,4000,3500
Tamil Nadu,The Nilgiris,Gudalur(Uzhavar Sandhai ),Cauliflower,Ranchi,Local,27/08/2026,3500,4000,3750
Tamil Nadu,Kancheepuram,Kundrathur(Uzhavar Sandhai ),Cauliflower,Ranchi,Local,27/08/2026,3000,3500,3250
Tamil Nadu,Theni,Theni(Uzhavar Sandhai ),Cauliflower,Ranchi,Local,27/08/2026,2500,3500,3000
Tamil Nadu,Cuddalore,Cuddalore(Uzhavar Sandhai ),Cauliflower,Ranchi,Local,27/08/2026,4000,4000,4000
Tamil Nadu,Namakkal,Tiruchengode APMC,Cauliflower,Ranchi,Local,27/08/2026,2500,3000,2750
Tamil Nadu,Thiruchirappalli,Thuraiyur APMC,Cauliflower,Ranchi,Local,27/08/2026,4000,5000,4500
Tamil Nadu,Thirupur,Tiruppur (South) (Uzhavar Sandhai ),Cauliflower,Ranchi,Local,27/08/2026,3500,4000,3750
Tamil Nadu,Nagercoil (Kannyiakumari),Myladi(Uzhavar Sandhai ),Cauliflower,Ranchi,Local,27/08/2026,4500,5000,4750
Tamil Nadu,Thiruchirappalli,Manapparai(Uzhavar Sandhai ),Cauliflower,Ranchi,Local,27/08/2026,4000,4000,4000
Uttar Pradesh,Bulandshahar,Gulavati APMC,Brinjal,Brinjal,FAQ,27/08/2026,1400,1600,1500
Jammu and Kashmir,Rajouri,Rajouri (Phaliana) (F&V),Brinjal,Brinjal,Grade B,27/08/2026,3500,3500,3500
Madhya Pradesh,Harda,Sirali(F&V) APMC,Brinjal,Brinjal,Grade A,27/08/2026,1000,1000,1000
Chandigarh,Chandigarh,Chandigarh (Grain/F&V) APMC,Brinjal,Brinjal,FAQ,27/08/2026,1000,1300,1200
Tamil Nadu,Coimbatore,RSPuram(Uzhavar Sandhai ),Brinjal,Other,Local,27/08/2026,3500,4000,3750
Tamil Nadu,Madurai,Palanganatham(Uzhavar Sandhai ),Brinjal,Other,Local,27/08/2026,3600,4000,3800
Tamil Nadu,Thirunelveli,Palayamkottai(Uzhavar Sandhai ),Brinjal,Other,Local,27/08/2026,2500,3000,2750
Tamil Nadu,Namakkal,Namakkal(Uzhavar Sandhai ),Brinjal,Other,Local,27/08/2026,5000,5200,5100
Tamil Nadu,Theni,Kambam(Uzhavar Sandhai ),Brinjal,Other,Local,27/08/2026,3200,3500,3350
Tamil Nadu,Coimbatore,Vadavalli(Uzhavar Sandhai ),Brinjal,Other,Local,27/08/2026,3500,4000,3750
Tamil Nadu,Tuticorin,Kovilpatti(Uzhavar Sandhai ),Brinjal,Other,Local,27/08/2026,4000,4500,4250
Tamil Nadu,Dharmapuri,Karimangalam(Uzhavar Sandhai),Brinjal,Other,Local,27/08/2026,2300,2500,2400
Tamil Nadu,Kancheepuram,Kundrathur(Uzhavar Sandhai ),Brinjal,Other,Local,27/08/2026,3500,4000,3750
Tamil Nadu,Perambalur,Perambalur(Uzhavar Sandhai ),Brinjal,Other,Local,27/08/2026,4000,4000,4000
Tamil Nadu,Thiruchirappalli,KKNagar(Uzhavar Sandhai ),Brinjal,Other,Local,27/08/2026,4600,4600,4600
Tamil Nadu,Salem,Edapadi (Uzhavar Sandhai ),Brinjal,Other,Local,27/08/2026,3500,4000,3750
Madhya Pradesh,Morena,Kailaras APMC,Brinjal,Other,FAQ,27/08/2026,800,800,800
Tamil Nadu,Nagercoil (Kannyiakumari),Vadaseri APMC,Brinjal,Round,Local,27/08/2026,7000,7500,7250
Tamil Nadu,Kallakuruchi,Sankarapuram(Uzhavar Sandhai ),Brinjal,Round,Local,27/08/2026,5000,5000,5000
Tamil Nadu,Virudhunagar,Thalavaipuram(Uzhavar Sandhai ),Brinjal,Round,Local,27/08/2026,3200,4000,3600
Tamil Nadu,Thirupathur,Natrampalli(Uzhavar Sandhai ),Brinjal,Round,Local,27/08/2026,3500,4000,3750
Tamil Nadu,Chengalpattu,Nanganallur(Uzhavar Sandhai ),Brinjal,Round,Local,27/08/2026,3500,4000,3750
Tamil Nadu,Pudukkottai,Pudukottai(Uzhavar Sandhai ),Brinjal,Round,Local,27/08/2026,6000,7000,6500
Tamil Nadu,Krishnagiri,Kaveripattinam(Uzhavar Sandhai ),Brinjal,Round,Local,27/08/2026,5000,5000,5000
Tamil Nadu,Thanjavur,Tirukattupalli(Uzhavar Sandhai ),Brinjal,Round,Local,27/08/2026,5000,5000,5000
Tamil Nadu,Thanjavur,Pattukottai(Uzhavar Sandhai ),Brinjal,Round,Local,27/08/2026,3500,4800,4150
Tamil Nadu,Nagercoil (Kannyiakumari),Myladi(Uzhavar Sandhai ),Brinjal,Round,Local,27/08/2026,6500,7000,6750
Tamil Nadu,Thiruchirappalli,Lalgudi(Uzhavar Sandhai ),Brinjal,Round,Local,27/08/2026,4000,4600,4300
Tamil Nadu,Ramanathapuram,Kamuthi(Uzhavar Sandhai ),Brinjal,Round,Local,27/08/2026,6500,7000,6750
Tamil Nadu,Dharmapuri,Harur(Uzhavar Sandhai ),Brinjal,Round,Local,27/08/2026,2500,3000,2750
Tamil Nadu,Thanjavur,Kumbakonam (Uzhavar Sandhai ),Brinjal,Round,Local,27/08/2026,4800,7200,6000
Tamil Nadu,Virudhunagar,Sathur(Uzhavar Sandhai ),Brinjal,Round,Local,27/08/2026,3500,4000,3750
Tamil Nadu,Virudhunagar,Sivakasi(Uzhavar Sandhai ),Brinjal,Round,Local,27/08/2026,2500,3000,2750
Tamil Nadu,Thiruvannamalai,Polur(Uzhavar Sandhai ),Brinjal,Round,Local,27/08/2026,4000,4800,4400
Tamil Nadu,Thiruvarur,Tiruvarur(Uzhavar Sandhai ),Brinjal,Round,Local,27/08/2026,4000,4000,4000
Tamil Nadu,Cuddalore,Cuddalore(Uzhavar Sandhai ),Brinjal,Round,Local,27/08/2026,4000,6500,5250
Tamil Nadu,Madurai,Thirumangalam(Uzhavar Sandhai ),Brinjal,Round,Local,27/08/2026,3000,4000,3500
Tamil Nadu,Erode,Gobichettipalayam(Uzhavar Sandhai ),Brinjal,Round,Local,27/08/2026,4000,4400,4200
Tamil Nadu,Salem,Jalagandapuram(Uzhavar Sandhai ),Brinjal,Round,Local,27/08/2026,3600,4000,3800
Tamil Nadu,Krishnagiri,Hosur(Uzhavar Sandhai ),Brinjal,Round,Local,27/08/2026,2500,3000,2750
Tamil Nadu,Theni,Bodinayakanur(Uzhavar Sandhai ),Brinjal,Round,Local,27/08/2026,3500,3500,3500
Tamil Nadu,Villupuram,Tindivanam APMC,Brinjal,Round,Local,27/08/2026,4000,4000,4000
Madhya Pradesh,Badwani,Sendhwa(F&V) APMC,Brinjal,Round,Small,27/08/2026,700,1100,900
Tripura,South Tripura,Barpathari APMC,Brinjal,Round/Long,Local,27/08/2026,2900,3100,3000
Uttar Pradesh,Shamli,Kairana APMC,Brinjal,Round/Long,FAQ,27/08/2026,1100,1200,1150
Gujarat,Amreli,Babra APMC,Cummin Seed(Jeera),Other,FAQ,27/08/2026,16700,18200,17450
Rajasthan,Jodhpur,Osiyan Mathania APMC,Cummin Seed(Jeera),Other,Local,27/08/2026,16000,18000,17000
Madhya Pradesh,Morena,Kailaras APMC,Coriander(Leaves),Coriander,FAQ,27/08/2026,2000,2000,2000
Rajasthan,Dungarpur,Dungarpur APMC,Coriander(Leaves),Coriander,Medium,27/08/2026,1900,2200,2000
Tamil Nadu,Namakkal,Namakkal(Uzhavar Sandhai ),Coriander(Leaves),I Sort,Local,27/08/2026,7000,8000,7500
Tamil Nadu,Salem,Mecheri(Uzhavar Sandhai),Coriander(Leaves),I Sort,Local,27/08/2026,1600,2000,1800
Tamil Nadu,Sivaganga,Karaikudi(Uzhavar Sandhai ),Coriander(Leaves),I Sort,Local,27/08/2026,4500,5000,4750
Tamil Nadu,Krishnagiri,Krishnagiri(Uzhavar Sandhai ),Coriander(Leaves),I Sort,Local,27/08/2026,1000,2000,1500
Tamil Nadu,Vellore,Kahithapattarai(Uzhavar Sandhai ),Coriander(Leaves),I Sort,Local,27/08/2026,3000,3000,3000
Tamil Nadu,Coimbatore,Vadavalli(Uzhavar Sandhai ),Coriander(Leaves),I Sort,Local,27/08/2026,3500,4000,3750
Tamil Nadu,Thirunelveli,Kandiyaperi(Uzhavar Sandhai ),Coriander(Leaves),I Sort,Local,27/08/2026,3500,4000,3750
Tamil Nadu,Thiruchirappalli,Manachanallur(Uzhavar Sandhai ),Coriander(Leaves),I Sort,Local,27/08/2026,3000,3000,3000
Tamil Nadu,Thirupur,Kangayam(Uzhavar Sandhai ),Coriander(Leaves),I Sort,Local,27/08/2026,4500,5000,4750
Tamil Nadu,Theni,Bodinayakanur(Uzhavar Sandhai ),Coriander(Leaves),I Sort,Local,27/08/2026,3000,3000,3000
Tamil Nadu,Karur,Vengamedu(Uzhavar Sandhai ),Coriander(Leaves),I Sort,Local,27/08/2026,5000,5500,5250
Tamil Nadu,Karur,Velayuthampalayam(Uzhavar Sandhai ),Coriander(Leaves),I Sort,Local,27/08/2026,4500,5500,5000
Tamil Nadu,Pudukkottai,Viralimalai(Uzhavar Sandhai ),Coriander(Leaves),I Sort,Local,27/08/2026,4500,5000,4750
Tamil Nadu,Ariyalur,Ariyalur(Uzhavar Sandhai),Coriander(Leaves),I Sort,Local,27/08/2026,4500,5000,4750
Tamil Nadu,Tuticorin,Kovilpatti(Uzhavar Sandhai ),Coriander(Leaves),I Sort,Local,27/08/2026,3500,4000,3750
Tamil Nadu,Coimbatore,Pollachi(Uzhavar Sandhai ),Coriander(Leaves),I Sort,Local,27/08/2026,4500,5000,4750
Tamil Nadu,Madurai,Usilampatti(Uzhavar Sandhai ),Coriander(Leaves),I Sort,Local,27/08/2026,4000,4500,4250
Tamil Nadu,Thiruvannamalai,Arani(Uzhavar Sandhai ),Coriander(Leaves),I Sort,Local,27/08/2026,4000,5000,4500
Tamil Nadu,Chengalpattu,Pallavaram(Uzhavar Sandhai ),Coriander(Leaves),I Sort,Local,27/08/2026,5000,6000,5500
Tamil Nadu,Thiruvarur,Mannargudi I(Uzhavar Sandhai ),Coriander(Leaves),I Sort,Local,27/08/2026,3500,3500,3500
Maharashtra,Pune,Pune(Moshi) APMC,Coriander(Leaves),Other,Local,27/08/2026,5,6,6
Andhra Pradesh,Palnadu,Narasaraopet APMC,Red gram/Arhar/Tur(whole),Local,FAQ,27/08/2026,8000,8000,8000
Andhra Pradesh,Ananthapuramu,Gooti APMC,Red gram/Arhar/Tur(whole),Local,Grade Range-1,27/08/2026,5100,6870,5900
Gujarat,Rajkot,Dhoraji APMC,Red gram/Arhar/Tur(whole),Medium,Non-FAQ,27/08/2026,4730,6055,5430
Tamil Nadu,Coimbatore,Singanallur(Uzhavar Sandhai ),Green Peas,Green Peas,Local,27/08/2026,23000,24000,23500
Tamil Nadu,Vellore,Thirupathur APMC,Green Peas,Green Peas,Local,27/08/2026,10000,10000,10000
Tamil Nadu,Madurai,Chokkikulam(Uzhavar Sandhai ),Green Peas,Green Peas,Local,27/08/2026,12000,14000,13000
Tamil Nadu,Thirunelveli,Melapalayam(Uzhavar Sandhai ),Chikoos(Sapota),Sapota,Local,27/08/2026,4000,5000,4500
Tamil Nadu,Kallakuruchi,Sankarapuram(Uzhavar Sandhai ),Chikoos(Sapota),Sapota,Local,27/08/2026,5000,5000,5000
Tamil Nadu,Virudhunagar,Kariyapatti(Uzhavar Sandhai ),Chikoos(Sapota),Sapota,Local,27/08/2026,3500,4000,3750
Tamil Nadu,Virudhunagar,Virudhunagar(Uzhavar Sandhai ),Chikoos(Sapota),Sapota,Local,27/08/2026,3500,4000,3750
Tamil Nadu,Thirunelveli,Palayamkottai(Uzhavar Sandhai ),Chikoos(Sapota),Sapota,Local,27/08/2026,4000,5000,4500
Tamil Nadu,Virudhunagar,Thalavaipuram(Uzhavar Sandhai ),Chikoos(Sapota),Sapota,Local,27/08/2026,2800,3500,3150
Tamil Nadu,Coimbatore,Singanallur(Uzhavar Sandhai ),Chikoos(Sapota),Sapota,Local,27/08/2026,4500,5000,4750
Tamil Nadu,Madurai,Chokkikulam(Uzhavar Sandhai ),Chikoos(Sapota),Sapota,Local,27/08/2026,4000,6000,5000
Uttarakhand,Dehradoon,Rishikesh APMC,Papaya,Other,Medium,27/08/2026,1800,2500,2000
Himachal Pradesh,Kangra,SMY Jaisinghpur,Papaya,Other,Medium,27/08/2026,5200,5800,5500
Tamil Nadu,Dharmapuri,Dharmapuri(Uzhavar Sandhai ),Papaya,Papaya,Local,27/08/2026,3300,3500,3400
Tamil Nadu,Dindigul,Dindigul(Uzhavar Sandhai ),Papaya,Papaya,Local,27/08/2026,4000,4500,4250
Tamil Nadu,Vellore,Kahithapattarai(Uzhavar Sandhai ),Papaya,Papaya,Local,27/08/2026,4500,4500,4500
Tamil Nadu,Salem,Elampillai(Uzhavar Sandhai ),Papaya,Papaya,Local,27/08/2026,2500,3000,2750
Tamil Nadu,Salem,Hasthampatti(Uzhavar Sandhai ),Papaya,Papaya,Local,27/08/2026,3000,3500,3250
Tamil Nadu,Dharmapuri,AJattihalli(Uzhavar Sandhai ),Papaya,Papaya,Local,27/08/2026,3000,3500,3250
Tamil Nadu,Salem,Sooramangalam(Uzhavar Sandhai ),Papaya,Papaya,Local,27/08/2026,3500,4000,3750
Tamil Nadu,Thirunelveli,Palayamkottai(Uzhavar Sandhai ),Papaya,Papaya,Local,27/08/2026,3500,4000,3750
Tamil Nadu,Dharmapuri,Karimangalam(Uzhavar Sandhai),Papaya,Papaya,Local,27/08/2026,3300,3500,3400
Tamil Nadu,Salem,Ammapet(Uzhavar Sandhai ),Papaya,Papaya,Local,27/08/2026,3000,3500,3250
Tamil Nadu,Namakkal,Rasipuram(Uzhavar Sandhai ),Papaya,Papaya,Local,27/08/2026,3000,3500,3250
Tamil Nadu,Madurai,Thirumangalam(Uzhavar Sandhai ),Papaya,Papaya,Local,27/08/2026,4000,4500,4250
Tamil Nadu,Virudhunagar,Sivakasi(Uzhavar Sandhai ),Papaya,Papaya,Local,27/08/2026,2500,3000,2750
Tamil Nadu,Thiruvannamalai,Cheyyar(Uzhavar Sandhai ),Papaya,Papaya,Local,27/08/2026,3200,4000,3600
Tamil Nadu,Dharmapuri,Harur(Uzhavar Sandhai ),Papaya,Papaya,Local,27/08/2026,2000,2500,2250
Tamil Nadu,Nagercoil (Kannyiakumari),Vadaseri APMC,Papaya,Papaya,Local,27/08/2026,4000,4500,4250
Tamil Nadu,Tuticorin,Kovilpatti(Uzhavar Sandhai ),Papaya,Papaya,Local,27/08/2026,3000,3500,3250
Tamil Nadu,Theni,Theni(Uzhavar Sandhai ),Papaya,Papaya,Local,27/08/2026,3000,3500,3250
Tamil Nadu,Thiruvannamalai,Tamarainagar(Uzhavar Sandhai ),Papaya,Papaya,Local,27/08/2026,3500,4000,3750
Tamil Nadu,Madurai,Anna nagar(Uzhavar Sandhai ),Papaya,Papaya,Local,27/08/2026,4000,4500,4250
Tamil Nadu,Thirupur,Tiruppur (North) (Uzhavar Sandhai ),Papaya,Papaya,Local,27/08/2026,2500,3000,2750
Tamil Nadu,Theni,Kambam(Uzhavar Sandhai ),Papaya,Papaya,Local,27/08/2026,2500,3000,2750
Andhra Pradesh,YSR Kadapa,Siddavatam APMC,Papaya,Papaya,Grade B,27/08/2026,1300,1500,1400
Maharashtra,Pune,Pune(Moshi) APMC,Water Melon,Other,Local,27/08/2026,1000,1000,1000
Tamil Nadu,Salem,Mettur(Uzhavar Sandhai ),Water Melon,Water Melon,Local,27/08/2026,1500,2000,1750
Tamil Nadu,Kallakuruchi,Kallakurichi(Uzhavar Sandhai ),Water Melon,Water Melon,Local,27/08/2026,1000,1000,1000
Tamil Nadu,Namakkal,Kumarapalayam(Uzhavar Sandhai ),Water Melon,Water Melon,Local,27/08/2026,1500,2000,1750
Tamil Nadu,Madurai,Chokkikulam(Uzhavar Sandhai ),Water Melon,Water Melon,Local,27/08/2026,2000,2500,2250
Andhra Pradesh,Annamayya,Piler APMC,Gur(Jaggery),NO 3,Local,27/08/2026,4300,5000,4700
Andhra Pradesh,Chittor,Penumuru APMC,Gur(Jaggery),NO 3,Grade Range-3,27/08/2026,1750,2500,2000
Tamil Nadu,The Nilgiris,Udhagamandalam(Uzhavar Sandhai ),Mousambi(Sweet Lime),Mousambi,Local,27/08/2026,10000,15000,12500
Tamil Nadu,Coimbatore,Vadavalli(Uzhavar Sandhai ),Mousambi(Sweet Lime),Mousambi,Local,27/08/2026,4000,5000,4500
Tamil Nadu,Coimbatore,RSPuram(Uzhavar Sandhai ),Mousambi(Sweet Lime),Mousambi,Local,27/08/2026,4000,5000,4500
Tamil Nadu,Madurai,Palanganatham(Uzhavar Sandhai ),Mousambi(Sweet Lime),Mousambi,Local,27/08/2026,7000,7500,7250
Tamil Nadu,Thiruchirappalli,KKNagar(Uzhavar Sandhai ),Mousambi(Sweet Lime),Mousambi,Local,27/08/2026,6800,6800,6800
Tamil Nadu,Thirunelveli,Palayamkottai(Uzhavar Sandhai ),Mousambi(Sweet Lime),Mousambi,Local,27/08/2026,7000,8000,7500
Andhra Pradesh,Ananthapuramu,Anantapur APMC,Mousambi(Sweet Lime),Mousambi,Grade B,27/08/2026,700,1500,1200
Tamil Nadu,Thiruvarur,Muthupettai(Uzhavar Sandhai ),Tomato,Deshi,Local,27/08/2026,2200,2200,2200
Tamil Nadu,Madurai,Anaiyur(Uzhavar Sandhai ),Tomato,Deshi,Local,27/08/2026,2000,2200,2100
Tamil Nadu,Ranipet,Arcot(Uzhavar Sandhai ),Tomato,Deshi,Local,27/08/2026,2000,2000,2000
Tamil Nadu,Nagercoil (Kannyiakumari),Vadaseri APMC,Tomato,Deshi,Local,27/08/2026,2500,3000,2750
Tamil Nadu,Kallakuruchi,Sankarapuram(Uzhavar Sandhai ),Tomato,Deshi,Local,27/08/2026,2000,2000,2000
Tamil Nadu,Thirupathur,Natrampalli(Uzhavar Sandhai ),Tomato,Deshi,Local,27/08/2026,1500,2000,1750
Tamil Nadu,Madurai,Melur(Uzhavar Sandhai ),Tomato,Deshi,Local,27/08/2026,2000,2200,2100
Tamil Nadu,Chengalpattu,Nanganallur(Uzhavar Sandhai ),Tomato,Deshi,Local,27/08/2026,1800,2000,1900
Tamil Nadu,Thanjavur,Pattukottai(Uzhavar Sandhai ),Tomato,Deshi,Local,27/08/2026,2800,2800,2800
Tamil Nadu,Thirunelveli,Palayamkottai(Uzhavar Sandhai ),Tomato,Deshi,Local,27/08/2026,2000,2500,2250
Tamil Nadu,Madurai,Usilampatti(Uzhavar Sandhai ),Tomato,Deshi,Local,27/08/2026,2000,2200,2100
Tamil Nadu,Madurai,Anna nagar(Uzhavar Sandhai ),Tomato,Deshi,Local,27/08/2026,2000,2200,2100
Tamil Nadu,Sivaganga,Sivagangai (Uzhavar Sandhai ),Tomato,Deshi,Local,27/08/2026,2200,2400,2300
Tamil Nadu,Villupuram,Gingee(Uzhavar Sandhai ),Tomato,Deshi,Local,27/08/2026,1500,2000,1750
Tamil Nadu,Thanjavur,Thanjavur(Uzhavar Sandhai ),Tomato,Deshi,Local,27/08/2026,2000,2000,2000
Tamil Nadu,Virudhunagar,Kariyapatti(Uzhavar Sandhai ),Tomato,Deshi,Local,27/08/2026,1500,1800,1650
Tamil Nadu,Madurai,Thirumangalam(Uzhavar Sandhai ),Tomato,Deshi,Local,27/08/2026,2000,2200,2100
Tamil Nadu,Madurai,Palanganatham(Uzhavar Sandhai ),Tomato,Deshi,Local,27/08/2026,2000,2200,2100
Tamil Nadu,Pudukkottai,Ponnamaravathi(Uzhavar Sandhai),Tomato,Deshi,Local,27/08/2026,2000,2500,2250
Tamil Nadu,Sivaganga,Karaikudi(Uzhavar Sandhai ),Tomato,Deshi,Local,27/08/2026,2200,2600,2400
Tamil Nadu,Krishnagiri,Denkanikottai(Uzhavar Sandhai ),Tomato,Deshi,Local,27/08/2026,1000,1500,1250
Andhra Pradesh,Annamayya,Kalikiri APMC,Tomato,Hybrid,FAQ,27/08/2026,1200,1800,1500
Uttarakhand,Dehradoon,Vikasnagar APMC,Tomato,Local,Medium,27/08/2026,900,1500,1500
Tamil Nadu,Dharmapuri,Dharmapuri(Uzhavar Sandhai ),Tomato,Local,Local,27/08/2026,1800,2000,1900
Tamil Nadu,Thirupur,Dharapuram(Uzhavar Sandhai ),Tomato,Local,Local,27/08/2026,1000,1500,1250
Tamil Nadu,Krishnagiri,Kaveripattinam(Uzhavar Sandhai ),Tomato,Local,Local,27/08/2026,2000,2000,2000
Tamil Nadu,Salem,Mettur(Uzhavar Sandhai ),Tomato,Local,Local,27/08/2026,1000,1500,1250
Tamil Nadu,Coimbatore,Sundarapuram(Uzhavar Sandhai ),Tomato,Local,Local,27/08/2026,1500,1800,1650
Tamil Nadu,Coimbatore,RSPuram(Uzhavar Sandhai ),Tomato,Local,Local,27/08/2026,1600,1800,1700
Tamil Nadu,Erode,Sathiyamagalam(Uzhavar Sandhai ),Tomato,Local,Local,27/08/2026,1500,2000,1750
Tamil Nadu,Namakkal,Paramathivelur(Uzhavar Sandhai ),Tomato,Local,Local,27/08/2026,2000,2400,2200
Tamil Nadu,Thirupur,Kangayam(Uzhavar Sandhai ),Tomato,Local,Local,27/08/2026,1200,1600,1400
Maharashtra,Pune,Pune(Moshi) APMC,Tomato,Local,Local,27/08/2026,700,800,750
Punjab,Amritsar,Rayya APMC,Tomato,Other,FAQ,27/08/2026,702,702,702
Tamil Nadu,Pudukkottai,Aranthangi(Uzhavar Sandhai ),Tomato,Other,Local,27/08/2026,2000,2500,2250
Tamil Nadu,Pudukkottai,Gandarvakottai(Uzhavar Sandhai ),Tomato,Other,Local,27/08/2026,2000,2500,2250
Tamil Nadu,Erode,Periyar Nagar(Uzhavar Sandhai ),Tomato,Other,Local,27/08/2026,1800,2000,1900
Tamil Nadu,Karur,Velayuthampalayam(Uzhavar Sandhai ),Tomato,Other,Local,27/08/2026,2000,2400,2200
Tamil Nadu,Salem,Jalagandapuram(Uzhavar Sandhai ),Tomato,Other,Local,27/08/2026,1600,2000,1800
Haryana,Rewari,Rewari APMC,Tomato,Other,Medium,27/08/2026,600,3000,1500
Odisha,Bolangir,Kantabaji APMC,Tomato,Other,Grade B,27/08/2026,2500,3500,3000
Telangana,Khammam,"Sattupalli (Ramalayam),RBZ",Tomato,Tomato,FAQ,27/08/2026,2000,3000,2600
Jammu and Kashmir,Rajouri,Rajouri (Phaliana) (F&V),Tomato,Tomato,Grade B,27/08/2026,4000,4000,4000
Tamil Nadu,Coimbatore,Sundarapuram(Uzhavar Sandhai ),Cluster beans,Cluster Beans,Local,27/08/2026,4000,4500,4250
Tamil Nadu,Thirunelveli,Palayamkottai(Uzhavar Sandhai ),Cluster beans,Cluster Beans,Local,27/08/2026,2400,2600,2500
Tamil Nadu,Sivaganga,Singampunari(Uzhavar Sandhai ),Cluster beans,Cluster Beans,Local,27/08/2026,3200,3800,3500
Tamil Nadu,Salem,Vazhapadi(Uzhavar Sandhai),Cluster beans,Cluster Beans,Local,27/08/2026,3400,3400,3400
Tamil Nadu,Chengalpattu,Nanganallur(Uzhavar Sandhai ),Cluster beans,Cluster Beans,Local,27/08/2026,4500,5000,4750
Tamil Nadu,Pudukkottai,Pudukottai(Uzhavar Sandhai ),Cluster beans,Cluster Beans,Local,27/08/2026,3000,4000,3500
Tamil Nadu,Villupuram,Villupuram(Uzhavar Sandhai ),Cluster beans,Cluster Beans,Local,27/08/2026,5000,5000,5000
Tamil Nadu,Thiruvarur,Muthupettai(Uzhavar Sandhai ),Cluster beans,Cluster Beans,Local,27/08/2026,3800,3800,3800
Tamil Nadu,Nagercoil (Kannyiakumari),Myladi(Uzhavar Sandhai ),Cluster beans,Cluster Beans,Local,27/08/2026,4000,4500,4250
Tamil Nadu,Namakkal,Rasipuram(Uzhavar Sandhai ),Cluster beans,Cluster Beans,Local,27/08/2026,3000,3400,3200
Tamil Nadu,Thiruvannamalai,Tiruvannamalai(Uzhavar Sandhai ),Cluster beans,Cluster Beans,Local,27/08/2026,3600,4000,3800
Tamil Nadu,Krishnagiri,Avallapalli(Uzhavar Sandhai ),Cluster beans,Cluster Beans,Local,27/08/2026,3000,3500,3250
Tamil Nadu,Thiruvarur,Tiruvarur(Uzhavar Sandhai ),Cluster beans,Cluster Beans,Local,27/08/2026,4000,4000,4000
Tamil Nadu,Coimbatore,Pollachi(Uzhavar Sandhai ),Cluster beans,Cluster Beans,Local,27/08/2026,4000,4500,4250
Tamil Nadu,Namakkal,Namakkal(Uzhavar Sandhai ),Cluster beans,Cluster Beans,Local,27/08/2026,3000,3500,3250
Tamil Nadu,Kallakuruchi,Kallakurichi(Uzhavar Sandhai ),Cluster beans,Cluster Beans,Local,27/08/2026,5000,5000,5000
Tamil Nadu,Thiruvannamalai,Tamarainagar(Uzhavar Sandhai ),Cluster beans,Cluster Beans,Local,27/08/2026,3500,4000,3750
Tamil Nadu,Madurai,Usilampatti(Uzhavar Sandhai ),Cluster beans,Cluster Beans,Local,27/08/2026,3000,3600,3300
Tamil Nadu,Erode,Gobichettipalayam(Uzhavar Sandhai ),Cluster beans,Cluster Beans,Local,27/08/2026,3200,3600,3400
Tamil Nadu,Madurai,Anna nagar(Uzhavar Sandhai ),Cluster beans,Cluster Beans,Local,27/08/2026,4000,4800,4400
Tamil Nadu,Salem,Edapadi (Uzhavar Sandhai ),Cluster beans,Cluster Beans,Local,27/08/2026,3000,3500,3250
Tamil Nadu,Salem,Thathakapatti(Uzhavar Sandhai ),Cluster beans,Cluster Beans,Local,27/08/2026,3000,3400,3200
Tamil Nadu,Cuddalore,Cuddalore(Uzhavar Sandhai ),Cluster beans,Cluster Beans,Local,27/08/2026,4000,4000,4000
Tamil Nadu,Coimbatore,Sulur(Uzhavar Sandhai ),Cluster beans,Cluster Beans,Local,27/08/2026,3500,4000,3750
Tamil Nadu,Dindigul,Dindigul(Uzhavar Sandhai ),Cluster beans,Cluster Beans,Local,27/08/2026,3000,4000,3500
Tamil Nadu,Madurai,Palanganatham(Uzhavar Sandhai ),Cluster beans,Cluster Beans,Local,27/08/2026,3000,3600,3300
Tamil Nadu,Chengalpattu,Thirukalukundram(Uzhavar Sandhai ),Cluster beans,Cluster Beans,Local,27/08/2026,5000,6000,5500
Tamil Nadu,Thiruchirappalli,KKNagar(Uzhavar Sandhai ),Cluster beans,Cluster Beans,Local,27/08/2026,3600,3600,3600
Tamil Nadu,Pudukkottai,Ponnamaravathi(Uzhavar Sandhai),Cluster beans,Cluster Beans,Local,27/08/2026,3500,4000,3750
Tamil Nadu,Thirupur,Kangayam(Uzhavar Sandhai ),Cluster beans,Cluster Beans,Local,27/08/2026,4500,5000,4750
Tamil Nadu,Salem,Elampillai(Uzhavar Sandhai ),Cluster beans,Cluster Beans,Local,27/08/2026,3000,3600,3300
Tamil Nadu,Villupuram,Gingee(Uzhavar Sandhai ),Cluster beans,Cluster Beans,Local,27/08/2026,3500,3500,3500
Tamil Nadu,Villupuram,Tindivanam APMC,Cluster beans,Cluster Beans,Local,27/08/2026,4000,4000,4000
Tamil Nadu,Nagapattinam,Vedaranyam(Uzhavar Sandhai),Bitter gourd,Bitter Gourd,Local,27/08/2026,4200,4500,4350
Tamil Nadu,Erode,Perundurai(Uzhavar Sandhai ),Bitter gourd,Bitter Gourd,Local,27/08/2026,5000,5500,5250
Tamil Nadu,Thiruvarur,Tiruvarur(Uzhavar Sandhai ),Bitter gourd,Bitter Gourd,Local,27/08/2026,6000,6000,6000
Tamil Nadu,Cuddalore,Cuddalore(Uzhavar Sandhai ),Bitter gourd,Bitter Gourd,Local,27/08/2026,6000,7000,6500
Tamil Nadu,Dharmapuri,Pennagaram(Uzhavar Sandhai ),Bitter gourd,Bitter Gourd,Local,27/08/2026,5500,6000,5750
Tamil Nadu,Kancheepuram,Sunguvarchatram(Uzhavar Sandhai ),Bitter gourd,Bitter Gourd,Local,27/08/2026,4000,4000,4000
Tamil Nadu,Villupuram,Tindivanam APMC,Bitter gourd,Bitter Gourd,Local,27/08/2026,5000,5000,5000
Tamil Nadu,Kancheepuram,Kundrathur(Uzhavar Sandhai ),Bitter gourd,Bitter Gourd,Local,27/08/2026,4000,4000,4000
Tamil Nadu,Coimbatore,Pollachi(Uzhavar Sandhai ),Bitter gourd,Bitter Gourd,Local,27/08/2026,5500,6000,5750
Tamil Nadu,Thirupathur,Natrampalli(Uzhavar Sandhai ),Bitter gourd,Bitter Gourd,Local,27/08/2026,4000,5000,4500
Tamil Nadu,Ranipet,Arcot(Uzhavar Sandhai ),Bitter gourd,Bitter Gourd,Local,27/08/2026,5000,6000,5500
Tamil Nadu,Salem,Thammampatti (Uzhavar Sandhai ),Bitter gourd,Bitter Gourd,Local,27/08/2026,4500,5000,4750
Odisha,Mayurbhanja,Betnoti APMC,Bitter gourd,Bitter Gourd,FAQ,27/08/2026,4300,4700,4500
Uttar Pradesh,Shamli,Kairana APMC,Bitter gourd,Bitter Gourd,FAQ,27/08/2026,2400,2500,2450
Punjab,Jalandhar,Shahkot APMC,Bitter gourd,Other,Local,27/08/2026,2000,2000,2000
Tamil Nadu,Tuticorin,Tuticorin(Uzhavar Sandhai ),Bitter gourd,Other,Local,27/08/2026,7000,8000,7500
Tamil Nadu,Theni,Kambam(Uzhavar Sandhai ),Bitter gourd,Other,Local,27/08/2026,3200,3500,3350
Tamil Nadu,Thirupur,Palladam(Uzhavar Sandhai ),Bitter gourd,Other,Local,27/08/2026,5000,6000,5500
Tamil Nadu,Salem,Sooramangalam(Uzhavar Sandhai ),Bitter gourd,Other,Local,27/08/2026,4600,5000,4800
Tamil Nadu,Coimbatore,Vadavalli(Uzhavar Sandhai ),Bitter gourd,Other,Local,27/08/2026,5200,5600,5400
Tamil Nadu,Thirunelveli,Melapalayam(Uzhavar Sandhai ),Bitter gourd,Other,Local,27/08/2026,5000,5500,5250
Tamil Nadu,Thirupur,Kangayam(Uzhavar Sandhai ),Bitter gourd,Other,Local,27/08/2026,5000,6000,5500
Tamil Nadu,Salem,Elampillai(Uzhavar Sandhai ),Bitter gourd,Other,Local,27/08/2026,4500,5000,4750
Tamil Nadu,Thiruvarur,Mannargudi I(Uzhavar Sandhai ),Bitter gourd,Other,Local,27/08/2026,5400,5400,5400
Tamil Nadu,Coimbatore,RSPuram(Uzhavar Sandhai ),Bitter gourd,Other,Local,27/08/2026,5200,5800,5500
Tamil Nadu,Thiruchirappalli,Thiruverumbur(Uzhavar Sandhai ),Bitter gourd,Other,Local,27/08/2026,6000,6000,6000
Madhya Pradesh,Morena,Kailaras APMC,Bitter gourd,Other,FAQ,27/08/2026,1000,1500,1500
Punjab,Jalandhar,Lohian Khas APMC,Bitter gourd,Other,Local,27/08/2026,2200,2600,2400
Uttar Pradesh,Hathras,Shadabad APMC,Bottle gourd,Bottle Gourd,Small,27/08/2026,500,600,550
Tamil Nadu,Thiruvannamalai,Vandavasi(Uzhavar Sandhai ),Bottle gourd,Bottle Gourd,Local,27/08/2026,1600,2000,1800
Tamil Nadu,Vellore,Thirupathur APMC,Bottle gourd,Bottle Gourd,Local,27/08/2026,2000,2000,2000
Tamil Nadu,Virudhunagar,Srivilliputhur(Uzhavar Sandhai ),Bottle gourd,Bottle Gourd,Local,27/08/2026,1700,2000,1850
Tamil Nadu,Erode,Periyar Nagar(Uzhavar Sandhai ),Bottle gourd,Bottle Gourd,Local,27/08/2026,1800,2000,1900
Tamil Nadu,Thiruchirappalli,Thuraiyur APMC,Bottle gourd,Bottle Gourd,Local,27/08/2026,2500,3000,2750
Tamil Nadu,Salem,Edapadi (Uzhavar Sandhai ),Bottle gourd,Bottle Gourd,Local,27/08/2026,2000,2500,2250
Tamil Nadu,Chengalpattu,Nanganallur(Uzhavar Sandhai ),Bottle gourd,Bottle Gourd,Local,27/08/2026,5500,6000,5750
Tamil Nadu,Pudukkottai,Pudukottai(Uzhavar Sandhai ),Bottle gourd,Bottle Gourd,Local,27/08/2026,2500,3000,2750
Tamil Nadu,Salem,Hasthampatti(Uzhavar Sandhai ),Bottle gourd,Bottle Gourd,Local,27/08/2026,2500,3000,2750
Tamil Nadu,Kancheepuram,Kancheepuram(Uzhavar Sandhai ),Bottle gourd,Bottle Gourd,Local,27/08/2026,2000,3000,2500
Tamil Nadu,Villupuram,Ulundurpettai APMC,Bottle gourd,Bottle Gourd,Local,27/08/2026,2000,2000,2000
Tamil Nadu,Kallakuruchi,Kallakurichi(Uzhavar Sandhai ),Bottle gourd,Bottle Gourd,Local,27/08/2026,1500,1500,1500
Tamil Nadu,Thiruchirappalli,Lalgudi(Uzhavar Sandhai ),Bottle gourd,Bottle Gourd,Local,27/08/2026,3000,3000,3000
Tamil Nadu,Thirupur,Dharapuram(Uzhavar Sandhai ),Bottle gourd,Bottle Gourd,Local,27/08/2026,1500,2000,1750
Tamil Nadu,The Nilgiris,Udhagamandalam(Uzhavar Sandhai ),Bottle gourd,Bottle Gourd,Local,27/08/2026,2500,2800,2650
Tamil Nadu,Coimbatore,Sundarapuram(Uzhavar Sandhai ),Bottle gourd,Bottle Gourd,Local,27/08/2026,2500,3200,2850
Tamil Nadu,Nagercoil (Kannyiakumari),Myladi(Uzhavar Sandhai ),Bottle gourd,Bottle Gourd,Local,27/08/2026,2500,3000,2750
Tamil Nadu,Sivaganga,Karaikudi(Uzhavar Sandhai ),Bottle gourd,Bottle Gourd,Local,27/08/2026,3200,3500,3350
Tamil Nadu,Theni,Theni(Uzhavar Sandhai ),Bottle gourd,Bottle Gourd,Local,27/08/2026,1500,2000,1750
Tamil Nadu,Thirunelveli,Palayamkottai(Uzhavar Sandhai ),Bottle gourd,Bottle Gourd,Local,27/08/2026,900,1000,950
Tamil Nadu,Virudhunagar,Kariyapatti(Uzhavar Sandhai ),Bottle gourd,Bottle Gourd,Local,27/08/2026,1800,2000,1900
Tamil Nadu,Erode,Thalavadi(Uzhavar Sandhai ),Bottle gourd,Bottle Gourd,Local,27/08/2026,2400,2800,2600
Tamil Nadu,Thirupathur,Vaniyampadi(Uzhavar Sandhai ),Bottle gourd,Bottle Gourd,Local,27/08/2026,3000,3000,3000
Tamil Nadu,Theni,Devaram(Uzhavar Sandhai ),Bottle gourd,Bottle Gourd,Local,27/08/2026,1800,1800,1800
Tamil Nadu,Theni,Bodinayakanur(Uzhavar Sandhai ),Bottle gourd,Bottle Gourd,Local,27/08/2026,2000,2800,2400
Tamil Nadu,Villupuram,Tindivanam APMC,Bottle gourd,Bottle Gourd,Local,27/08/2026,2000,2000,2000
Tamil Nadu,Thiruvarur,Valangaiman APMC,Bottle gourd,Bottle Gourd,Local,27/08/2026,3000,3000,3000
Odisha,Mayurbhanja,Betnoti APMC,Bottle gourd,Bottle Gourd,FAQ,27/08/2026,2800,3200,3000
Uttarakhand,Haridwar,Roorkee APMC,Bottle gourd,Other,Local,27/08/2026,650,850,750
Uttarakhand,Dehradoon,Vikasnagar APMC,Bottle gourd,Other,Medium,27/08/2026,800,800,800
Tamil Nadu,The Nilgiris,Udhagamandalam(Uzhavar Sandhai ),Ashgourd,Gouard,Local,27/08/2026,1500,2000,1750
Tamil Nadu,Namakkal,Rasipuram(Uzhavar Sandhai ),Ashgourd,Gouard,Local,27/08/2026,2400,2600,2500
Tamil Nadu,Thiruvannamalai,Arani(Uzhavar Sandhai ),Ashgourd,Gouard,Local,27/08/2026,2000,2500,2250
Tamil Nadu,Thiruvannamalai,Polur(Uzhavar Sandhai ),Ashgourd,Gouard,Local,27/08/2026,1600,2000,1800
Tamil Nadu,Pudukkottai,Gandarvakottai(Uzhavar Sandhai ),Ashgourd,Gouard,Local,27/08/2026,1000,1500,1250
Tamil Nadu,Kancheepuram,Kancheepuram(Uzhavar Sandhai ),Ashgourd,Gouard,Local,27/08/2026,2000,2800,2400
Tamil Nadu,Coimbatore,Pollachi(Uzhavar Sandhai ),Ashgourd,Gouard,Local,27/08/2026,1800,2200,2000
Tamil Nadu,Madurai,Usilampatti(Uzhavar Sandhai ),Ashgourd,Gouard,Local,27/08/2026,1600,2000,1800
Tamil Nadu,Madurai,Anna nagar(Uzhavar Sandhai ),Ashgourd,Gouard,Local,27/08/2026,1800,2000,1900
Tamil Nadu,Krishnagiri,Kaveripattinam(Uzhavar Sandhai ),Ashgourd,Gouard,Local,27/08/2026,2500,2500,2500
Tamil Nadu,Cuddalore,Cuddalore(Uzhavar Sandhai ),Ashgourd,Gouard,Local,27/08/2026,3000,3000,3000
Tamil Nadu,Namakkal,Kumarapalayam(Uzhavar Sandhai ),Ashgourd,Gouard,Local,27/08/2026,2800,3000,2900
Tamil Nadu,Dindigul,Dindigul(Uzhavar Sandhai ),Ashgourd,Gouard,Local,27/08/2026,2500,3000,2750
Tamil Nadu,Thiruchirappalli,Manachanallur(Uzhavar Sandhai ),Ashgourd,Gouard,Local,27/08/2026,2000,2000,2000
Tamil Nadu,Madurai,Palanganatham(Uzhavar Sandhai ),Ashgourd,Gouard,Local,27/08/2026,1600,2000,1800
Tamil Nadu,Chengalpattu,Thirukalukundram(Uzhavar Sandhai ),Ashgourd,Gouard,Local,27/08/2026,2000,3000,2500
Tamil Nadu,Sivaganga,Devakottai (Uzhavar Sandhai ),Ashgourd,Gouard,Local,27/08/2026,2200,2600,2400
Tamil Nadu,Thirupur,Palladam(Uzhavar Sandhai ),Ashgourd,Gouard,Local,27/08/2026,2000,2500,2250
Tamil Nadu,Virudhunagar,Virudhunagar(Uzhavar Sandhai ),Ashgourd,Gouard,Local,27/08/2026,2000,2500,2250
Tamil Nadu,Chengalpattu,Nanganallur(Uzhavar Sandhai ),Ashgourd,Gouard,Local,27/08/2026,3500,4000,3750
Tamil Nadu,Villupuram,Villupuram(Uzhavar Sandhai ),Ashgourd,Gouard,Local,27/08/2026,2000,2000,2000
Tamil Nadu,The Nilgiris,Gudalur(Uzhavar Sandhai ),Ashgourd,Gouard,Local,27/08/2026,1800,2000,1900
Haryana,Rewari,Kosli APMC,Pumpkin,Other,FAQ,27/08/2026,1000,1000,1000
Madhya Pradesh,Morena,Kailaras APMC,Pumpkin,Other,FAQ,27/08/2026,800,1200,1200
Uttarakhand,Dehradoon,Rishikesh APMC,Pumpkin,Other,Medium,27/08/2026,1000,1900,1200
Tamil Nadu,Kallakuruchi,Kallakurichi(Uzhavar Sandhai ),Pumpkin,Pumpkin,Local,27/08/2026,2500,2500,2500
Tamil Nadu,Vellore,Perampet(Uzhavar Sandhai),Pumpkin,Pumpkin,Local,27/08/2026,2400,2400,2400
Tamil Nadu,Pudukkottai,Alangudi(Uzhavar Sandhai ),Pumpkin,Pumpkin,Local,27/08/2026,1000,1500,1250
Tamil Nadu,Thirupur,Dharapuram(Uzhavar Sandhai ),Pumpkin,Pumpkin,Local,27/08/2026,2000,2500,2250
Tamil Nadu,Villupuram,Tindivanam APMC,Pumpkin,Pumpkin,Local,27/08/2026,2000,2000,2000
Tamil Nadu,Namakkal,Kumarapalayam(Uzhavar Sandhai ),Pumpkin,Pumpkin,Local,27/08/2026,2600,3000,2800
Tamil Nadu,Thiruchirappalli,KKNagar(Uzhavar Sandhai ),Pumpkin,Pumpkin,Local,27/08/2026,2000,2000,2000
Tamil Nadu,Pudukkottai,Ponnamaravathi(Uzhavar Sandhai),Pumpkin,Pumpkin,Local,27/08/2026,1000,1500,1250
Tamil Nadu,Dharmapuri,Karimangalam(Uzhavar Sandhai),Pumpkin,Pumpkin,Local,27/08/2026,1800,2000,1900
Tamil Nadu,Thirupur,Palladam(Uzhavar Sandhai ),Pumpkin,Pumpkin,Local,27/08/2026,1500,2000,1750
Tamil Nadu,Nagercoil (Kannyiakumari),Myladi(Uzhavar Sandhai ),Pumpkin,Pumpkin,Local,27/08/2026,1800,2000,1900
Tamil Nadu,Salem,Sooramangalam(Uzhavar Sandhai ),Pumpkin,Pumpkin,Local,27/08/2026,1800,2000,1900
Tamil Nadu,Karur,Gandhigramam(Uzhavar Sandhai),Pumpkin,Pumpkin,Local,27/08/2026,2700,3000,2850
Tamil Nadu,Dindigul,Chinnalapatti(Uzhavar Sandhai ),Pumpkin,Pumpkin,Local,27/08/2026,1600,2000,1800
Tamil Nadu,Karur,Karur(Uzhavar Sandhai ),Pumpkin,Pumpkin,Local,27/08/2026,2500,3000,2750
Tamil Nadu,Thiruvannamalai,Vandavasi(Uzhavar Sandhai ),Pumpkin,Pumpkin,Local,27/08/2026,2500,3000,2750
Tamil Nadu,Thiruchirappalli,Thiruverumbur(Uzhavar Sandhai ),Pumpkin,Pumpkin,Local,27/08/2026,2000,2000,2000
Tamil Nadu,Pudukkottai,Aranthangi(Uzhavar Sandhai ),Pumpkin,Pumpkin,Local,27/08/2026,1000,1500,1250
Tamil Nadu,Krishnagiri,Hosur(Uzhavar Sandhai ),Pumpkin,Pumpkin,Local,27/08/2026,1500,2000,1750
Tamil Nadu,Theni,Kambam(Uzhavar Sandhai ),Pumpkin,Pumpkin,Local,27/08/2026,1800,1800,1800
Tamil Nadu,Thiruvarur,Muthupettai(Uzhavar Sandhai ),Pumpkin,Pumpkin,Local,27/08/2026,2600,2600,2600
Tamil Nadu,Thiruvarur,Tiruvarur(Uzhavar Sandhai ),Pumpkin,Pumpkin,Local,27/08/2026,2500,2500,2500
Tamil Nadu,Dharmapuri,Palacode(Uzhavar Sandhai ),Pumpkin,Pumpkin,Local,27/08/2026,2000,2400,2200
Tamil Nadu,Coimbatore,Kurichi(Uzhavar Sandhai ),Pumpkin,Pumpkin,Local,27/08/2026,1800,2000,1900
Tamil Nadu,Coimbatore,RSPuram(Uzhavar Sandhai ),Pumpkin,Pumpkin,Local,27/08/2026,1600,1800,1700
Tamil Nadu,Ranipet,Arcot(Uzhavar Sandhai ),Pumpkin,Pumpkin,Local,27/08/2026,3000,3000,3000
Tamil Nadu,Sivaganga,Karaikudi(Uzhavar Sandhai ),Pumpkin,Pumpkin,Local,27/08/2026,2500,2800,2650
Tamil Nadu,Salem,Edapadi (Uzhavar Sandhai ),Pumpkin,Pumpkin,Local,27/08/2026,2000,2500,2250
Tamil Nadu,Theni,Chinnamanur(Uzhavar Sandhai ),Pumpkin,Pumpkin,Local,27/08/2026,1800,1800,1800
Tamil Nadu,Theni,Andipatti(Uzhavar Sandhai ),Pumpkin,Pumpkin,Local,27/08/2026,1600,1800,1700
Tamil Nadu,Krishnagiri,Kaveripattinam(Uzhavar Sandhai ),Pumpkin,Pumpkin,Local,27/08/2026,2500,2500,2500
Tamil Nadu,Salem,Mettur(Uzhavar Sandhai ),Pumpkin,Pumpkin,Local,27/08/2026,2000,2500,2250
Nagaland,Wokha,Wokha Town APMC,Pumpkin,Pumpkin,Local,27/08/2026,2000,2500,2200
Odisha,Angul,Angul APMC,Pumpkin,Pumpkin,Grade B,27/08/2026,2000,2000,2000
Madhya Pradesh,Badwani,Sendhwa(F&V) APMC,Pumpkin,Pumpkin,Large,27/08/2026,700,1000,800
Tamil Nadu,Thanjavur,Tirukattupalli(Uzhavar Sandhai ),Bhindi(Ladies Finger),Bhindi,Local,27/08/2026,4000,4000,4000
Tamil Nadu,Thanjavur,Pattukottai(Uzhavar Sandhai ),Bhindi(Ladies Finger),Bhindi,Local,27/08/2026,4000,4000,4000
Tamil Nadu,Thirunelveli,Melapalayam(Uzhavar Sandhai ),Bhindi(Ladies Finger),Bhindi,Local,27/08/2026,2400,2600,2500
Tamil Nadu,Dindigul,Chinnalapatti(Uzhavar Sandhai ),Bhindi(Ladies Finger),Bhindi,Local,27/08/2026,3600,4000,3800
Tamil Nadu,Karur,Velayuthampalayam(Uzhavar Sandhai ),Bhindi(Ladies Finger),Bhindi,Local,27/08/2026,3200,4000,3600
Tamil Nadu,Namakkal,Tiruchengode APMC,Bhindi(Ladies Finger),Bhindi,Local,27/08/2026,4000,4400,4200
Tamil Nadu,Karur,Karur(Uzhavar Sandhai ),Bhindi(Ladies Finger),Bhindi,Local,27/08/2026,3500,4000,3750
Tamil Nadu,Kallakuruchi,Kallakurichi(Uzhavar Sandhai ),Bhindi(Ladies Finger),Bhindi,Local,27/08/2026,3000,3000,3000
Tamil Nadu,Thiruchirappalli,Manachanallur(Uzhavar Sandhai ),Bhindi(Ladies Finger),Bhindi,Local,27/08/2026,4000,4000,4000
Tamil Nadu,Thiruvannamalai,Tamarainagar(Uzhavar Sandhai ),Bhindi(Ladies Finger),Bhindi,Local,27/08/2026,3500,4000,3750
Tamil Nadu,Sivaganga,Singampunari(Uzhavar Sandhai ),Bhindi(Ladies Finger),Bhindi,Local,27/08/2026,2800,3200,3000
Tamil Nadu,Madurai,Anna nagar(Uzhavar Sandhai ),Bhindi(Ladies Finger),Bhindi,Local,27/08/2026,2800,3000,2900
Tamil Nadu,Theni,Andipatti(Uzhavar Sandhai ),Bhindi(Ladies Finger),Bhindi,Local,27/08/2026,3200,3400,3300
Tamil Nadu,Coimbatore,Udumalpet APMC,Bhindi(Ladies Finger),Bhindi,Local,27/08/2026,4500,5200,4850
Tamil Nadu,Thiruvellore,Perambakkam(Uzhavar Sandhai ),Bhindi(Ladies Finger),Bhindi,Local,27/08/2026,4000,4000,4000
Tamil Nadu,The Nilgiris,Udhagamandalam(Uzhavar Sandhai ),Bhindi(Ladies Finger),Bhindi,Local,27/08/2026,4000,4400,4200
Tamil Nadu,Thanjavur,Kumbakonam (Uzhavar Sandhai ),Bhindi(Ladies Finger),Bhindi,Local,27/08/2026,5400,5400,5400
Tamil Nadu,Virudhunagar,Virudhunagar(Uzhavar Sandhai ),Bhindi(Ladies Finger),Bhindi,Local,27/08/2026,3000,3500,3250
Tamil Nadu,Thiruvannamalai,Polur(Uzhavar Sandhai ),Bhindi(Ladies Finger),Bhindi,Local,27/08/2026,3300,4000,3650
Tamil Nadu,Krishnagiri,Denkanikottai(Uzhavar Sandhai ),Bhindi(Ladies Finger),Bhindi,Local,27/08/2026,3000,3500,3250
Tamil Nadu,Pudukkottai,Gandarvakottai(Uzhavar Sandhai ),Bhindi(Ladies Finger),Bhindi,Local,27/08/2026,3500,4000,3750
Tamil Nadu,Salem,Attayampatti(Uzhavar Sandhai ),Bhindi(Ladies Finger),Bhindi,Local,27/08/2026,3600,3600,3600
Tamil Nadu,Pudukkottai,Ponnamaravathi(Uzhavar Sandhai),Bhindi(Ladies Finger),Bhindi,Local,27/08/2026,3500,4000,3750
Tamil Nadu,Krishnagiri,Hosur(Uzhavar Sandhai ),Bhindi(Ladies Finger),Bhindi,Local,27/08/2026,3000,3500,3250
Tamil Nadu,Villupuram,Tindivanam APMC,Bhindi(Ladies Finger),Bhindi,Local,27/08/2026,3000,3000,3000
Tamil Nadu,Salem,Thathakapatti(Uzhavar Sandhai ),Bhindi(Ladies Finger),Bhindi,Local,27/08/2026,3000,3600,3300
Tamil Nadu,Nagercoil (Kannyiakumari),Vadaseri APMC,Bhindi(Ladies Finger),Bhindi,Local,27/08/2026,4500,5000,4750
Tamil Nadu,Namakkal,Namakkal(Uzhavar Sandhai ),Bhindi(Ladies Finger),Bhindi,Local,27/08/2026,3500,4400,3950
Tamil Nadu,Thiruvannamalai,Vandavasi(Uzhavar Sandhai ),Bhindi(Ladies Finger),Bhindi,Local,27/08/2026,3000,3600,3300
Tamil Nadu,Thiruvannamalai,Cheyyar(Uzhavar Sandhai ),Bhindi(Ladies Finger),Bhindi,Local,27/08/2026,3000,3600,3300
Tamil Nadu,Chengalpattu,Nanganallur(Uzhavar Sandhai ),Bhindi(Ladies Finger),Bhindi,Local,27/08/2026,4500,5000,4750
Tamil Nadu,Salem,Thammampatti (Uzhavar Sandhai ),Bhindi(Ladies Finger),Bhindi,Local,27/08/2026,3000,3500,3250
Odisha,Kalahandi,Bhawanipatna APMC,Bhindi(Ladies Finger),Bhindi,Local,27/08/2026,2700,2700,2700
Bihar,Madhubani,Madhubani APMC,Bhindi(Ladies Finger),Bhindi,FAQ,27/08/2026,900,1100,1000
Uttar Pradesh,Shamli,Kairana APMC,Bhindi(Ladies Finger),Bhindi,FAQ,27/08/2026,1300,1400,1350
Haryana,Sonipat,Ganaur APMC,Bhindi(Ladies Finger),Bhindi,Medium,27/08/2026,2500,3000,2800
Uttar Pradesh,Amroha,Hasanpur APMC,Bhindi(Ladies Finger),Bhindi,FAQ,27/08/2026,1450,1520,1500
Himachal Pradesh,Kangra,SMY Jaisinghpur,Bhindi(Ladies Finger),Bhindi,FAQ,27/08/2026,2800,3200,3000
Haryana,Mahendragarh-Narnaul,Narnaul APMC,Bhindi(Ladies Finger),Bhindi,Medium,27/08/2026,2000,2500,2200
Maharashtra,Pune,Pune(Pimpri) APMC,Bhindi(Ladies Finger),Other,Local,27/08/2026,2500,2500,2500
Maharashtra,Ratnagiri,Ratnagiri (Nachane) APMC,Bhindi(Ladies Finger),Other,Local,27/08/2026,1500,3000,2500
Maharashtra,Pune,Pune(Moshi) APMC,Bhindi(Ladies Finger),Other,Local,27/08/2026,1000,3000,2000
Odisha,Angul,Angul APMC,Bhindi(Ladies Finger),Other,Grade B,27/08/2026,3000,3000,3000
Uttarakhand,Dehradoon,Rishikesh APMC,Bhindi(Ladies Finger),Other,Medium,27/08/2026,1500,2000,1700
Tamil Nadu,Dharmapuri,Dharmapuri(Uzhavar Sandhai ),Amaranthus,Amaranthus,Local,27/08/2026,2400,2500,2450
Tamil Nadu,Kancheepuram,Sunguvarchatram(Uzhavar Sandhai ),Amaranthus,Amaranthus,Local,27/08/2026,3000,3000,3000
Tamil Nadu,Ariyalur,Ariyalur(Uzhavar Sandhai),Amaranthus,Amaranthus,Local,27/08/2026,3000,3500,3250
Tamil Nadu,Coimbatore,Sundarapuram(Uzhavar Sandhai ),Amaranthus,Amaranthus,Local,27/08/2026,5000,6500,5750
Tamil Nadu,Karur,Karur(Uzhavar Sandhai ),Amaranthus,Amaranthus,Local,27/08/2026,2000,2500,2250
Tamil Nadu,Erode,Perundurai(Uzhavar Sandhai ),Amaranthus,Amaranthus,Local,27/08/2026,4000,4400,4200
Tamil Nadu,Erode,Sathiyamagalam(Uzhavar Sandhai ),Amaranthus,Amaranthus,Local,27/08/2026,3500,4000,3750
Tamil Nadu,Erode,Gobichettipalayam(Uzhavar Sandhai ),Amaranthus,Amaranthus,Local,27/08/2026,4000,4500,4250
Tamil Nadu,Thiruvannamalai,Polur(Uzhavar Sandhai ),Amaranthus,Amaranthus,Local,27/08/2026,1600,2000,1800
Tamil Nadu,Theni,Kambam(Uzhavar Sandhai ),Amaranthus,Amaranthus,Local,27/08/2026,3000,3000,3000
Tamil Nadu,Ariyalur,Jeyankondam (Uzhavar Sandhai ),Amaranthus,Amaranthus,Local,27/08/2026,2500,3000,2750
Tamil Nadu,Thirunelveli,Palayamkottai(Uzhavar Sandhai ),Amaranthus,Amaranthus,Local,27/08/2026,1200,1500,1350
Tamil Nadu,Madurai,Melur(Uzhavar Sandhai ),Amaranthus,Amaranthus,Local,27/08/2026,3000,3600,3300
Tamil Nadu,Thiruchirappalli,Manapparai(Uzhavar Sandhai ),Amaranthus,Amaranthus,Local,27/08/2026,2000,2000,2000
Tamil Nadu,Salem,Edapadi (Uzhavar Sandhai ),Amaranthus,Amaranthus,Local,27/08/2026,2000,2500,2250
Tamil Nadu,Nagapattinam,Vedaranyam(Uzhavar Sandhai),Amaranthus,Amaranthus,Local,27/08/2026,1800,2000,1900
Tamil Nadu,Dharmapuri,Harur(Uzhavar Sandhai ),Amaranthus,Amaranthus,Local,27/08/2026,2500,3000,2750
Tamil Nadu,Namakkal,Paramathivelur(Uzhavar Sandhai ),Amaranthus,Amaranthus,Local,27/08/2026,4400,5000,4700
Tamil Nadu,Kancheepuram,Padappai(Uzhavar Sandhai ),Amaranthus,Amaranthus,Local,27/08/2026,2500,3500,3000
Tamil Nadu,Virudhunagar,Rajapalayam(Uzhavar Sandhai ),Amaranthus,Amaranthus,Local,27/08/2026,2500,3000,2750
Tamil Nadu,Chengalpattu,Thirukalukundram(Uzhavar Sandhai ),Amaranthus,Amaranthus,Local,27/08/2026,1500,2000,1750
Tamil Nadu,Salem,Vazhapadi(Uzhavar Sandhai),Amaranthus,Amaranthus,Local,27/08/2026,2000,2500,2250
Tamil Nadu,Krishnagiri,Avallapalli(Uzhavar Sandhai ),Amaranthus,Amaranthus,Local,27/08/2026,3500,4000,3750
Tamil Nadu,Coimbatore,Pollachi(Uzhavar Sandhai ),Green Chilli,Green Chilly,Local,27/08/2026,5000,5500,5250
Tamil Nadu,Dindigul,Dindigul(Uzhavar Sandhai ),Green Chilli,Green Chilly,Local,27/08/2026,5000,6000,5500
Tamil Nadu,Thiruvannamalai,Vandavasi(Uzhavar Sandhai ),Green Chilli,Green Chilly,Local,27/08/2026,6000,7200,6600
Tamil Nadu,Thirupathur,Vaniyampadi(Uzhavar Sandhai ),Green Chilli,Green Chilly,Local,27/08/2026,5000,5000,5000
Tamil Nadu,Erode,Periyar Nagar(Uzhavar Sandhai ),Green Chilli,Green Chilly,Local,27/08/2026,4600,5000,4800
Tamil Nadu,Ranipet,Arcot(Uzhavar Sandhai ),Green Chilli,Green Chilly,Local,27/08/2026,6000,6000,6000
Tamil Nadu,Erode,Gobichettipalayam(Uzhavar Sandhai ),Green Chilli,Green Chilly,Local,27/08/2026,4500,5000,4750
Tamil Nadu,Salem,Vazhapadi(Uzhavar Sandhai),Green Chilli,Green Chilly,Local,27/08/2026,5000,5500,5250
Tamil Nadu,Pudukkottai,Viralimalai(Uzhavar Sandhai ),Green Chilli,Green Chilly,Local,27/08/2026,5500,6000,5750
Tamil Nadu,Salem,Edapadi (Uzhavar Sandhai ),Green Chilli,Green Chilly,Local,27/08/2026,4800,5000,4900
Tamil Nadu,Thirupur,Kangayam(Uzhavar Sandhai ),Green Chilli,Green Chilly,Local,27/08/2026,6000,6400,6200
Tamil Nadu,Villupuram,Tindivanam APMC,Green Chilli,Green Chilly,Local,27/08/2026,5500,5500,5500
Tamil Nadu,Dharmapuri,Palacode(Uzhavar Sandhai ),Green Chilli,Green Chilly,Local,27/08/2026,4500,4800,4650
Tamil Nadu,Namakkal,Paramathivelur(Uzhavar Sandhai ),Green Chilli,Green Chilly,Local,27/08/2026,5800,6500,6150
Tamil Nadu,Namakkal,Kumarapalayam(Uzhavar Sandhai ),Green Chilli,Green Chilly,Local,27/08/2026,5400,6000,5700
Tamil Nadu,Kallakuruchi,Sankarapuram(Uzhavar Sandhai ),Green Chilli,Green Chilly,Local,27/08/2026,6000,6000,6000
Tamil Nadu,Kallakuruchi,Kallakurichi(Uzhavar Sandhai ),Green Chilli,Green Chilly,Local,27/08/2026,6000,6000,6000
Tamil Nadu,Thirupathur,Natrampalli(Uzhavar Sandhai ),Green Chilli,Green Chilly,Local,27/08/2026,5000,6000,5500
Tamil Nadu,Vellore,Thirupathur APMC,Green Chilli,Green Chilly,Local,27/08/2026,7000,7000,7000
Tamil Nadu,Erode,Sathiyamagalam(Uzhavar Sandhai ),Green Chilli,Green Chilly,Local,27/08/2026,5000,5400,5200
Tamil Nadu,Pudukkottai,Alangudi(Uzhavar Sandhai ),Green Chilli,Green Chilly,Local,27/08/2026,5000,6000,5500
Tamil Nadu,Krishnagiri,Kaveripattinam(Uzhavar Sandhai ),Green Chilli,Green Chilly,Local,27/08/2026,5000,5000,5000
Tamil Nadu,Thiruvarur,Mannargudi I(Uzhavar Sandhai ),Green Chilli,Green Chilly,Local,27/08/2026,4800,4800,4800
Tamil Nadu,The Nilgiris,Udhagamandalam(Uzhavar Sandhai ),Green Chilli,Green Chilly,Local,27/08/2026,7000,7500,7250
Tamil Nadu,Nagercoil (Kannyiakumari),Myladi(Uzhavar Sandhai ),Green Chilli,Green Chilly,Local,27/08/2026,6500,7000,6750
Tamil Nadu,Karur,Vengamedu(Uzhavar Sandhai ),Green Chilli,Green Chilly,Local,27/08/2026,3000,4000,3500
Tamil Nadu,Thiruvannamalai,Tamarainagar(Uzhavar Sandhai ),Green Chilli,Green Chilly,Local,27/08/2026,4000,5000,4500
Tamil Nadu,Madurai,Melur(Uzhavar Sandhai ),Green Chilli,Green Chilly,Local,27/08/2026,6000,7000,6500
Tamil Nadu,Virudhunagar,Kariyapatti(Uzhavar Sandhai ),Green Chilli,Green Chilly,Local,27/08/2026,5500,6000,5750
Tamil Nadu,Thiruvannamalai,Polur(Uzhavar Sandhai ),Green Chilli,Green Chilly,Local,27/08/2026,5000,6000,5500
Tamil Nadu,Sivaganga,Karaikudi(Uzhavar Sandhai ),Green Chilli,Green Chilly,Local,27/08/2026,6500,7500,7000
Tamil Nadu,Villupuram,Villupuram(Uzhavar Sandhai ),Green Chilli,Green Chilly,Local,27/08/2026,6000,6000,6000
Tamil Nadu,Thiruvarur,Valangaiman APMC,Green Chilli,Green Chilly,Local,27/08/2026,6000,6000,6000
Tamil Nadu,Cuddalore,Chidambaram(Uzhavar Sandhai ),Green Chilli,Green Chilly,Local,27/08/2026,5000,5000,5000
Gujarat,Rajkot,Gondal(Veg.market Gondal) APMC,Green Chilli,Green Chilly,Local,27/08/2026,1000,4000,2500
Haryana,Mahendragarh-Narnaul,Narnaul APMC,Green Chilli,Green Chilly,Medium,27/08/2026,2500,4000,3500
Tamil Nadu,Karur,Kulithalai(Uzhavar Sandhai ),Cowpea(Veg),Cowpea (Veg),Local,27/08/2026,2500,4000,3250
Tamil Nadu,Salem,Sooramangalam(Uzhavar Sandhai ),Cowpea(Veg),Cowpea (Veg),Local,27/08/2026,4000,4500,4250
Tamil Nadu,Thirupur,Tiruppur (South) (Uzhavar Sandhai ),Cowpea(Veg),Cowpea (Veg),Local,27/08/2026,3000,4000,3500
Tamil Nadu,Nagercoil (Kannyiakumari),Vadaseri APMC,Cowpea(Veg),Cowpea (Veg),Local,27/08/2026,5000,5500,5250
Tamil Nadu,Thiruchirappalli,Lalgudi(Uzhavar Sandhai ),Cowpea(Veg),Cowpea (Veg),Local,27/08/2026,4000,4000,4000
Tamil Nadu,Salem,Jalagandapuram(Uzhavar Sandhai ),Cowpea(Veg),Cowpea (Veg),Local,27/08/2026,5000,5500,5250
Tamil Nadu,Salem,Thathakapatti(Uzhavar Sandhai ),Cowpea(Veg),Cowpea (Veg),Local,27/08/2026,4000,5000,4500
Keralam,Kottayam,Athirampuzha Market,Cowpea(Veg),Cowpea (Veg),FAQ,27/08/2026,6000,6200,6100
Uttar Pradesh,Mau(Maunathbhanjan),Kopaganj APMC,Banana - Green,Banana - Green,FAQ,27/08/2026,1730,1790,1740
Tamil Nadu,Madurai,Palanganatham(Uzhavar Sandhai ),Banana - Green,Banana - Green,Local,27/08/2026,1500,2000,1750
Tamil Nadu,Thiruvannamalai,Cheyyar(Uzhavar Sandhai ),Banana - Green,Banana - Green,Local,27/08/2026,1500,2000,1750
Tamil Nadu,Chengalpattu,Pallavaram(Uzhavar Sandhai ),Banana - Green,Banana - Green,Local,27/08/2026,3500,4000,3750
Tamil Nadu,Salem,Attayampatti(Uzhavar Sandhai ),Banana - Green,Banana - Green,Local,27/08/2026,2400,2800,2600
Tamil Nadu,Salem,Athur(Uzhavar Sandhai ),Banana - Green,Banana - Green,Local,27/08/2026,2000,2400,2200
Tamil Nadu,Coimbatore,Kurichi(Uzhavar Sandhai ),Banana - Green,Banana - Green,Local,27/08/2026,4000,4500,4250
Tamil Nadu,Namakkal,Tiruchengode APMC,Banana - Green,Banana - Green,Local,27/08/2026,3500,4000,3750
Tamil Nadu,Namakkal,Namakkal(Uzhavar Sandhai ),Banana - Green,Banana - Green,Local,27/08/2026,4000,4500,4250
Tamil Nadu,Thiruchirappalli,Manapparai(Uzhavar Sandhai ),Banana - Green,Banana - Green,Local,27/08/2026,3000,3000,3000
Tamil Nadu,Chengalpattu,Nanganallur(Uzhavar Sandhai ),Banana - Green,Banana - Green,Local,27/08/2026,3500,4000,3750
Tamil Nadu,Nagapattinam,Sirkali(Uzhavar Sandhai ),Banana - Green,Banana - Green,Local,27/08/2026,2500,3000,2750
Tamil Nadu,Cuddalore,Vadalur(Uzhavar Sandhai ),Banana - Green,Banana - Green,Local,27/08/2026,3000,3000,3000
Tamil Nadu,Thiruchirappalli,Manachanallur(Uzhavar Sandhai ),Banana - Green,Banana - Green,Local,27/08/2026,2500,2500,2500
Tamil Nadu,Krishnagiri,Denkanikottai(Uzhavar Sandhai ),Banana - Green,Banana - Green,Local,27/08/2026,4000,4500,4250
Tamil Nadu,Vellore,Perampet(Uzhavar Sandhai),Banana - Green,Banana - Green,Local,27/08/2026,4000,4000,4000
Tamil Nadu,Pudukkottai,Pudukottai(Uzhavar Sandhai ),Banana - Green,Banana - Green,Local,27/08/2026,2500,3000,2750
Tamil Nadu,Theni,Bodinayakanur(Uzhavar Sandhai ),Banana - Green,Banana - Green,Local,27/08/2026,3600,3600,3600
Tamil Nadu,Namakkal,Kumarapalayam(Uzhavar Sandhai ),Banana - Green,Banana - Green,Local,27/08/2026,3500,4000,3750
Tamil Nadu,Thiruchirappalli,KKNagar(Uzhavar Sandhai ),Banana - Green,Banana - Green,Local,27/08/2026,3000,3000,3000
Tamil Nadu,Coimbatore,Sundarapuram(Uzhavar Sandhai ),Banana - Green,Banana - Green,Local,27/08/2026,4000,4500,4250
Tamil Nadu,Coimbatore,Singanallur(Uzhavar Sandhai ),Banana - Green,Banana - Green,Local,27/08/2026,4000,4500,4250
Tamil Nadu,Thiruvannamalai,Vandavasi(Uzhavar Sandhai ),Banana - Green,Banana - Green,Local,27/08/2026,1600,2000,1800
Tamil Nadu,Thiruvannamalai,Chengam(Uzhavar Sandhai ),Banana - Green,Banana - Green,Local,27/08/2026,1000,1500,1250
Keralam,Kottayam,Athirampuzha Market,Banana - Green,Banana - Green,FAQ,27/08/2026,7000,7200,7100
Tamil Nadu,Namakkal,Mohanur(Uzhavar Sandhai ),Beans,Beans (Whole),Local,27/08/2026,11000,12000,11500
Tamil Nadu,Salem,Hasthampatti(Uzhavar Sandhai ),Beans,Beans (Whole),Local,27/08/2026,6600,7000,6800
Tamil Nadu,Dharmapuri,AJattihalli(Uzhavar Sandhai ),Beans,Beans (Whole),Local,27/08/2026,9400,9400,9400
Tamil Nadu,The Nilgiris,Gudalur(Uzhavar Sandhai ),Beans,Beans (Whole),Local,27/08/2026,7000,8000,7500
Tamil Nadu,Namakkal,Kumarapalayam(Uzhavar Sandhai ),Beans,Beans (Whole),Local,27/08/2026,8500,9500,9000
Tamil Nadu,Vellore,Pallikonda(Uzhavar Sandhai),Beans,Beans (Whole),Local,27/08/2026,5000,5500,5250
Tamil Nadu,Salem,Elampillai(Uzhavar Sandhai ),Beans,Beans (Whole),Local,27/08/2026,6000,7000,6500
Tamil Nadu,Salem,Mettur(Uzhavar Sandhai ),Beans,Beans (Whole),Local,27/08/2026,8500,9000,8750
Tamil Nadu,Cuddalore,Vadalur(Uzhavar Sandhai ),Beans,Beans (Whole),Local,27/08/2026,7000,7000,7000
Tamil Nadu,Dharmapuri,Pennagaram(Uzhavar Sandhai ),Beans,Beans (Whole),Local,27/08/2026,7500,8000,7750
Tamil Nadu,Dharmapuri,Dharmapuri(Uzhavar Sandhai ),Beans,Beans (Whole),Local,27/08/2026,9000,9400,9200
Tamil Nadu,Kancheepuram,Sunguvarchatram(Uzhavar Sandhai ),Beans,Beans (Whole),Local,27/08/2026,6500,6500,6500
Tamil Nadu,Sivaganga,Tirupatthur(Uzhavar Sandhai ),Beans,Beans (Whole),Local,27/08/2026,10400,11500,10950
Tamil Nadu,Krishnagiri,Avallapalli(Uzhavar Sandhai ),Beans,Beans (Whole),Local,27/08/2026,6000,7000,6500
Tamil Nadu,Salem,Thathakapatti(Uzhavar Sandhai ),Beans,Beans (Whole),Local,27/08/2026,7000,7600,7300
Tamil Nadu,Kancheepuram,Kundrathur(Uzhavar Sandhai ),Beans,Beans (Whole),Local,27/08/2026,6500,6500,6500
Tamil Nadu,Ariyalur,Ariyalur(Uzhavar Sandhai),Beans,Beans (Whole),Local,27/08/2026,8000,9000,8500
Tamil Nadu,Erode,Thalavadi(Uzhavar Sandhai ),Beans,Beans (Whole),Local,27/08/2026,6500,7000,6750
Tamil Nadu,Virudhunagar,Srivilliputhur(Uzhavar Sandhai ),Beans,Beans (Whole),Local,27/08/2026,7000,8000,7500
Tamil Nadu,Ranipet,Ranipettai(Uzhavar Sandhai ),Beans,Beans (Whole),Local,27/08/2026,6000,7000,6500
Tamil Nadu,Nagapattinam,Sirkali(Uzhavar Sandhai ),Beans,Beans (Whole),Local,27/08/2026,9000,10000,9500
Tamil Nadu,Thiruvarur,Mannargudi I(Uzhavar Sandhai ),Beans,Beans (Whole),Local,27/08/2026,6600,6600,6600
Tamil Nadu,Chengalpattu,Pallavaram(Uzhavar Sandhai ),Tapioca,Tapioca,Local,27/08/2026,3500,4000,3750
Tamil Nadu,Nagapattinam,Sirkali(Uzhavar Sandhai ),Tapioca,Tapioca,Local,27/08/2026,4500,5000,4750
Tamil Nadu,Karur,Gandhigramam(Uzhavar Sandhai),Tapioca,Tapioca,Local,27/08/2026,3000,3500,3250
Tamil Nadu,Thiruchirappalli,Lalgudi(Uzhavar Sandhai ),Tapioca,Tapioca,Local,27/08/2026,4000,4000,4000
Tamil Nadu,Ranipet,Arcot(Uzhavar Sandhai ),Tapioca,Tapioca,Local,27/08/2026,3000,3000,3000
Tamil Nadu,Thiruvannamalai,Tiruvannamalai(Uzhavar Sandhai ),Tapioca,Tapioca,Local,27/08/2026,3000,3500,3250
Tamil Nadu,Salem,Elampillai(Uzhavar Sandhai ),Tapioca,Tapioca,Local,27/08/2026,2500,3000,2750
Tamil Nadu,Nagercoil (Kannyiakumari),Vadaseri APMC,Tapioca,Tapioca,Local,27/08/2026,4000,4500,4250
Tamil Nadu,Madurai,Anaiyur(Uzhavar Sandhai ),Tapioca,Tapioca,Local,27/08/2026,3000,4000,3500
Tamil Nadu,Madurai,Anna nagar(Uzhavar Sandhai ),Tapioca,Tapioca,Local,27/08/2026,3500,4000,3750
Tamil Nadu,Vellore,Perampet(Uzhavar Sandhai),Tapioca,Tapioca,Local,27/08/2026,3000,3000,3000
Tamil Nadu,Thiruchirappalli,KKNagar(Uzhavar Sandhai ),Tapioca,Tapioca,Local,27/08/2026,4800,4800,4800
Tamil Nadu,Thirupur,Tiruppur (North) (Uzhavar Sandhai ),Tapioca,Tapioca,Local,27/08/2026,2000,2500,2250
Gujarat,Amreli,Damnagar APMC,Ginger(Green),Green Ginger,Local,27/08/2026,8000,8000,8000
Tamil Nadu,Thiruchirappalli,Lalgudi(Uzhavar Sandhai ),Ginger(Green),Green Ginger,Local,27/08/2026,19000,19000,19000
Tamil Nadu,Krishnagiri,Avallapalli(Uzhavar Sandhai ),Ginger(Green),Green Ginger,Local,27/08/2026,14000,15000,14500
Tamil Nadu,Chengalpattu,Nanganallur(Uzhavar Sandhai ),Ginger(Green),Green Ginger,Local,27/08/2026,11000,12000,11500
Tamil Nadu,Salem,Mettur(Uzhavar Sandhai ),Ginger(Green),Green Ginger,Local,27/08/2026,16500,17000,16750
Tamil Nadu,Thirupur,Palladam(Uzhavar Sandhai ),Ginger(Green),Green Ginger,Local,27/08/2026,17000,18000,17500
Tamil Nadu,Perambalur,Perambalur(Uzhavar Sandhai ),Ginger(Green),Green Ginger,Local,27/08/2026,13000,16000,14500
Tamil Nadu,Theni,Theni(Uzhavar Sandhai ),Ginger(Green),Green Ginger,Local,27/08/2026,8000,14000,11000
Tamil Nadu,Thirupathur,Natrampalli(Uzhavar Sandhai ),Ginger(Green),Green Ginger,Local,27/08/2026,18000,20000,19000
Tamil Nadu,Ranipet,Arcot(Uzhavar Sandhai ),Ginger(Green),Green Ginger,Local,27/08/2026,18000,18000,18000
Tamil Nadu,Virudhunagar,Rajapalayam(Uzhavar Sandhai ),Ginger(Green),Green Ginger,Local,27/08/2026,18000,19000,18500
Tamil Nadu,Theni,Chinnamanur(Uzhavar Sandhai ),Ginger(Green),Green Ginger,Local,27/08/2026,15500,15500,15500
Tamil Nadu,Salem,Ammapet(Uzhavar Sandhai ),Ginger(Green),Green Ginger,Local,27/08/2026,17000,17000,17000
Tamil Nadu,Karur,Kulithalai(Uzhavar Sandhai ),Ginger(Green),Green Ginger,Local,27/08/2026,18000,18500,18250
Tamil Nadu,Virudhunagar,Sivakasi(Uzhavar Sandhai ),Ginger(Green),Green Ginger,Local,27/08/2026,14000,16000,15000
Tamil Nadu,Coimbatore,Sulur(Uzhavar Sandhai ),Ginger(Green),Green Ginger,Local,27/08/2026,16000,17000,16500
Tamil Nadu,Virudhunagar,Kariyapatti(Uzhavar Sandhai ),Ginger(Green),Green Ginger,Local,27/08/2026,18000,20000,19000
Tamil Nadu,Vellore,Thirupathur APMC,Ginger(Green),Green Ginger,Local,27/08/2026,20000,20000,20000
Tamil Nadu,Madurai,Palanganatham(Uzhavar Sandhai ),Ginger(Green),Green Ginger,Local,27/08/2026,18000,19000,18500
Tamil Nadu,Thiruchirappalli,Manapparai(Uzhavar Sandhai ),Ginger(Green),Green Ginger,Local,27/08/2026,22000,22000,22000
Tamil Nadu,Sivaganga,Karaikudi(Uzhavar Sandhai ),Ginger(Green),Green Ginger,Local,27/08/2026,12500,19500,16000
Tamil Nadu,Salem,Sooramangalam(Uzhavar Sandhai ),Ginger(Green),Green Ginger,Local,27/08/2026,16000,16600,16300
West Bengal,Darjeeling,Siliguri APMC,Ginger(Green),Green Ginger,FAQ,27/08/2026,10000,11000,10500
Chandigarh,Chandigarh,Chandigarh (Grain/F&V) APMC,Ginger(Green),Green Ginger,FAQ,27/08/2026,4500,6000,5200
Keralam,Kottayam,Athirampuzha Market,Ginger(Green),Green Ginger,FAQ,27/08/2026,17500,18500,18000
West Bengal,Darjeeling,Darjeeling APMC,Ginger(Green),Other,FAQ,27/08/2026,8800,9200,9000
Tamil Nadu,Dharmapuri,Pennagaram(Uzhavar Sandhai ),Coconut,Coconut,Local,27/08/2026,4600,5000,4800
Tamil Nadu,Dharmapuri,Dharmapuri(Uzhavar Sandhai ),Coconut,Coconut,Local,27/08/2026,7000,7400,7200
Tamil Nadu,Kancheepuram,Sunguvarchatram(Uzhavar Sandhai ),Coconut,Coconut,Local,27/08/2026,5000,6000,5500
Tamil Nadu,Thirunelveli,NGO Colony(Uzhavar Sandhai ),Coconut,Coconut,Local,27/08/2026,5600,6000,5800
Tamil Nadu,Sivaganga,Tirupatthur(Uzhavar Sandhai ),Coconut,Coconut,Local,27/08/2026,6500,7000,6750
Tamil Nadu,Pudukkottai,Gandarvakottai(Uzhavar Sandhai ),Coconut,Coconut,Local,27/08/2026,3000,4000,3500
Tamil Nadu,Nagapattinam,Mayiladuthurai(Uzhavar Sandhai ),Coconut,Coconut,Local,27/08/2026,3000,4000,3500
Tamil Nadu,Villupuram,Tindivanam APMC,Coconut,Coconut,Local,27/08/2026,6000,6000,6000
Tamil Nadu,Perambalur,Perambalur(Uzhavar Sandhai ),Coconut,Coconut,Local,27/08/2026,5000,6000,5500
Tamil Nadu,Vellore,Thirupathur APMC,Coconut,Coconut,Local,27/08/2026,5000,5000,5000
Tamil Nadu,Madurai,Palanganatham(Uzhavar Sandhai ),Coconut,Coconut,Local,27/08/2026,6500,6800,6650
Tamil Nadu,Chengalpattu,Pallavaram(Uzhavar Sandhai ),Coconut,Coconut,Local,27/08/2026,6000,7000,6500
Tamil Nadu,Thirupur,Tiruppur (North) (Uzhavar Sandhai ),Coconut,Coconut,Local,27/08/2026,5500,6000,5750
Tamil Nadu,Thiruvannamalai,Vandavasi(Uzhavar Sandhai ),Coconut,Coconut,Local,27/08/2026,4000,5000,4500
Tamil Nadu,Virudhunagar,Rajapalayam(Uzhavar Sandhai ),Coconut,Coconut,Local,27/08/2026,5000,6000,5500
Tamil Nadu,Erode,Sathiyamagalam(Uzhavar Sandhai ),Coconut,Coconut,Local,27/08/2026,4500,5000,4750
Tamil Nadu,Madurai,Anna nagar(Uzhavar Sandhai ),Coconut,Coconut,Local,27/08/2026,6000,6800,6400
Tamil Nadu,Dharmapuri,AJattihalli(Uzhavar Sandhai ),Coconut,Coconut,Local,27/08/2026,6500,7400,6950
Tamil Nadu,The Nilgiris,Udhagamandalam(Uzhavar Sandhai ),Coconut,Coconut,Local,27/08/2026,6000,6500,6250
Tamil Nadu,Thanjavur,Kumbakonam (Uzhavar Sandhai ),Coconut,Coconut,Local,27/08/2026,6000,6000,6000
Tamil Nadu,Kancheepuram,Padappai(Uzhavar Sandhai ),Coconut,Coconut,Local,27/08/2026,5500,6500,6000
Tamil Nadu,Namakkal,Kumarapalayam(Uzhavar Sandhai ),Coconut,Coconut,Local,27/08/2026,5600,6000,5800
Tamil Nadu,Karur,Karur(Uzhavar Sandhai ),Coconut,Coconut,Local,27/08/2026,5500,6000,5750
Tamil Nadu,Virudhunagar,Virudhunagar(Uzhavar Sandhai ),Coconut,Coconut,Local,27/08/2026,5500,6000,5750
Tamil Nadu,Sivaganga,Singampunari(Uzhavar Sandhai ),Coconut,Coconut,Local,27/08/2026,6200,6600,6400
Tamil Nadu,Thiruchirappalli,KKNagar(Uzhavar Sandhai ),Coconut,Coconut,Local,27/08/2026,7000,7000,7000
Tamil Nadu,Sivaganga,Karaikudi(Uzhavar Sandhai ),Coconut,Coconut,Local,27/08/2026,6500,7000,6750
Tamil Nadu,Krishnagiri,Krishnagiri(Uzhavar Sandhai ),Coconut,Coconut,Local,27/08/2026,5000,5400,5200
Tamil Nadu,Villupuram,Gingee(Uzhavar Sandhai ),Coconut,Coconut,Local,27/08/2026,6000,6000,6000
Tamil Nadu,Coimbatore,Singanallur(Uzhavar Sandhai ),Betal Leaves,Mysore,Local,27/08/2026,21000,22000,21500
Tamil Nadu,Madurai,Anna nagar(Uzhavar Sandhai ),Betal Leaves,Mysore,Local,27/08/2026,22000,24000,23000
Tamil Nadu,Namakkal,Namakkal(Uzhavar Sandhai ),Betal Leaves,Mysore,Local,27/08/2026,12000,13000,12500
Tamil Nadu,Nagapattinam,Sirkali(Uzhavar Sandhai ),Sweet Potato,Hosur Red,Local,27/08/2026,5500,6000,5750
Tamil Nadu,Coimbatore,Mettupalayam(Uzhavar Sandhai ),Sweet Potato,Hosur Red,Local,27/08/2026,3500,4000,3750
Tamil Nadu,Nagercoil (Kannyiakumari),Vadaseri APMC,Sweet Potato,Hosur Red,Local,27/08/2026,4000,4500,4250
Tamil Nadu,Thiruchirappalli,Lalgudi(Uzhavar Sandhai ),Sweet Potato,Hosur Red,Local,27/08/2026,5000,5000,5000
Tamil Nadu,Thiruvannamalai,Chengam(Uzhavar Sandhai ),Sweet Potato,Hosur Red,Local,27/08/2026,3500,4000,3750
Tamil Nadu,Cuddalore,Cuddalore(Uzhavar Sandhai ),Sweet Potato,Hosur Red,Local,27/08/2026,10000,10000,10000
Tamil Nadu,Madurai,Anna nagar(Uzhavar Sandhai ),Sweet Potato,Hosur Red,Local,27/08/2026,4000,5000,4500
Himachal Pradesh,Kangra,SMY Palampur,Carrot,Carrot,FAQ,27/08/2026,3400,3500,3450
Maharashtra,Pune,Pune(Moshi) APMC,Carrot,Other,Local,27/08/2026,2000,2500,2250
Tamil Nadu,Coimbatore,Sundarapuram(Uzhavar Sandhai ),Carrot,Pusakesar,Local,27/08/2026,6800,7500,7150
Tamil Nadu,Salem,Sooramangalam(Uzhavar Sandhai ),Carrot,Pusakesar,Local,27/08/2026,8000,8600,8300
Tamil Nadu,Namakkal,Paramathivelur(Uzhavar Sandhai ),Carrot,Pusakesar,Local,27/08/2026,8200,9000,8600
Tamil Nadu,Madurai,Anaiyur(Uzhavar Sandhai ),Carrot,Pusakesar,Local,27/08/2026,5000,8000,6500
Tamil Nadu,Thirupathur,Vaniyampadi(Uzhavar Sandhai ),Carrot,Pusakesar,Local,27/08/2026,7000,7000,7000
Tamil Nadu,Krishnagiri,Avallapalli(Uzhavar Sandhai ),Carrot,Pusakesar,Local,27/08/2026,5500,6000,5750
Tamil Nadu,Cuddalore,Vadalur(Uzhavar Sandhai ),Carrot,Pusakesar,Local,27/08/2026,6000,6000,6000
Tamil Nadu,Coimbatore,Pollachi(Uzhavar Sandhai ),Carrot,Pusakesar,Local,27/08/2026,7000,7500,7250
Tamil Nadu,Thirupathur,Natrampalli(Uzhavar Sandhai ),Carrot,Pusakesar,Local,27/08/2026,5000,6000,5500
Tamil Nadu,Virudhunagar,Srivilliputhur(Uzhavar Sandhai ),Carrot,Pusakesar,Local,27/08/2026,5000,6000,5500
Tamil Nadu,Salem,Vazhapadi(Uzhavar Sandhai),Carrot,Pusakesar,Local,27/08/2026,8000,8000,8000
Tamil Nadu,Salem,Thammampatti (Uzhavar Sandhai ),Carrot,Pusakesar,Local,27/08/2026,8000,8500,8250
Tamil Nadu,Theni,Theni(Uzhavar Sandhai ),Carrot,Pusakesar,Local,27/08/2026,4000,6800,5400
Tamil Nadu,Namakkal,Tiruchengode APMC,Carrot,Pusakesar,Local,27/08/2026,7000,8000,7500
Tamil Nadu,Thirupur,Dharapuram(Uzhavar Sandhai ),Carrot,Pusakesar,Local,27/08/2026,7000,8000,7500
Tamil Nadu,Theni,Bodinayakanur(Uzhavar Sandhai ),Carrot,Pusakesar,Local,27/08/2026,5400,5400,5400
Tamil Nadu,The Nilgiris,Gudalur(Uzhavar Sandhai ),Carrot,Pusakesar,Local,27/08/2026,5000,6000,5500
Tamil Nadu,Thanjavur,Kumbakonam (Uzhavar Sandhai ),Carrot,Pusakesar,Local,27/08/2026,7800,9600,8700
Tamil Nadu,Coimbatore,Sulur(Uzhavar Sandhai ),Carrot,Pusakesar,Local,27/08/2026,7500,8200,7850
Tamil Nadu,Karur,Kulithalai(Uzhavar Sandhai ),Carrot,Pusakesar,Local,27/08/2026,6400,7000,6700
Tamil Nadu,Virudhunagar,Virudhunagar(Uzhavar Sandhai ),Carrot,Pusakesar,Local,27/08/2026,6500,7000,6750
Tamil Nadu,Krishnagiri,Krishnagiri(Uzhavar Sandhai ),Carrot,Pusakesar,Local,27/08/2026,8000,9000,8500
Tamil Nadu,Thirupur,Tiruppur (South) (Uzhavar Sandhai ),Carrot,Pusakesar,Local,27/08/2026,5000,6000,5500
Uttarakhand,Dehradoon,Vikasnagar APMC,Cabbage,Cabbage,Medium,27/08/2026,500,1500,1500
Gujarat,Amreli,Damnagar APMC,Cabbage,Cabbage,Local,27/08/2026,2500,2500,2500
Tamil Nadu,Nagercoil (Kannyiakumari),Vadaseri APMC,Cabbage,Cabbage,Local,27/08/2026,5500,6000,5750
Tamil Nadu,Erode,Thalavadi(Uzhavar Sandhai ),Cabbage,Cabbage,Local,27/08/2026,1600,2000,1800
Tamil Nadu,Salem,Elampillai(Uzhavar Sandhai ),Cabbage,Cabbage,Local,27/08/2026,3000,3500,3250
Tamil Nadu,Namakkal,Paramathivelur(Uzhavar Sandhai ),Cabbage,Cabbage,Local,27/08/2026,2400,2800,2600
Tamil Nadu,Dharmapuri,Karimangalam(Uzhavar Sandhai),Cabbage,Cabbage,Local,27/08/2026,3300,3500,3400
Tamil Nadu,Virudhunagar,Sivakasi(Uzhavar Sandhai ),Cabbage,Cabbage,Local,27/08/2026,3500,4000,3750
Tamil Nadu,Thiruchirappalli,Thiruverumbur(Uzhavar Sandhai ),Cabbage,Cabbage,Local,27/08/2026,3000,3000,3000
Tamil Nadu,Sivaganga,Sivagangai (Uzhavar Sandhai ),Cabbage,Cabbage,Local,27/08/2026,2600,2800,2700
Tamil Nadu,Thirupur,Tiruppur (South) (Uzhavar Sandhai ),Cabbage,Cabbage,Local,27/08/2026,2500,3000,2750
Tamil Nadu,Nagapattinam,Mayiladuthurai(Uzhavar Sandhai ),Cabbage,Cabbage,Local,27/08/2026,4000,4000,4000
Tamil Nadu,Thirupathur,Vaniyampadi(Uzhavar Sandhai ),Cabbage,Cabbage,Local,27/08/2026,4000,4000,4000
Tamil Nadu,Thiruvannamalai,Tiruvannamalai(Uzhavar Sandhai ),Cabbage,Cabbage,Local,27/08/2026,2500,3000,2750
Tamil Nadu,Theni,Chinnamanur(Uzhavar Sandhai ),Cabbage,Cabbage,Local,27/08/2026,3000,3000,3000
Tamil Nadu,Villupuram,Gingee(Uzhavar Sandhai ),Cabbage,Cabbage,Local,27/08/2026,4000,4000,4000
Tamil Nadu,Salem,Mettur(Uzhavar Sandhai ),Cabbage,Cabbage,Local,27/08/2026,3000,3500,3250
Haryana,Mahendragarh-Narnaul,Narnaul APMC,Cabbage,Cabbage,Medium,27/08/2026,2000,3500,2500
Uttar Pradesh,Shamli,Kairana APMC,Cabbage,Cabbage,FAQ,27/08/2026,1400,1500,1450
Odisha,Bolangir,Kantabaji APMC,Cabbage,Cabbage,Grade B,27/08/2026,2200,2800,2500
Haryana,Rewari,Kosli APMC,Cabbage,Other,FAQ,27/08/2026,2000,2000,2000
Maharashtra,Pune,Pune(Pimpri) APMC,Cabbage,Other,Local,27/08/2026,1800,1800,1800
Tamil Nadu,Vellore,Thirupathur APMC,Snakeguard,Snakeguard,Local,27/08/2026,3600,3600,3600
Tamil Nadu,Erode,Sathiyamagalam(Uzhavar Sandhai ),Snakeguard,Snakeguard,Local,27/08/2026,3500,4000,3750
Tamil Nadu,Thirupur,Tiruppur (South) (Uzhavar Sandhai ),Snakeguard,Snakeguard,Local,27/08/2026,3400,4000,3700
Tamil Nadu,Dharmapuri,AJattihalli(Uzhavar Sandhai ),Snakeguard,Snakeguard,Local,27/08/2026,2600,3000,2800
Tamil Nadu,Dharmapuri,Palacode(Uzhavar Sandhai ),Snakeguard,Snakeguard,Local,27/08/2026,2400,2600,2500
Tamil Nadu,Kancheepuram,Padappai(Uzhavar Sandhai ),Snakeguard,Snakeguard,Local,27/08/2026,3000,3500,3250
Tamil Nadu,Namakkal,Kumarapalayam(Uzhavar Sandhai ),Snakeguard,Snakeguard,Local,27/08/2026,4500,5000,4750
Tamil Nadu,Dindigul,Chinnalapatti(Uzhavar Sandhai ),Snakeguard,Snakeguard,Local,27/08/2026,3000,7000,5000
Tamil Nadu,Karur,Karur(Uzhavar Sandhai ),Snakeguard,Snakeguard,Local,27/08/2026,3500,4000,3750
Tamil Nadu,Coimbatore,Singanallur(Uzhavar Sandhai ),Snakeguard,Snakeguard,Local,27/08/2026,3500,4000,3750
Tamil Nadu,Thiruvannamalai,Tamarainagar(Uzhavar Sandhai ),Snakeguard,Snakeguard,Local,27/08/2026,3500,4000,3750
Tamil Nadu,Thiruchirappalli,Lalgudi(Uzhavar Sandhai ),Snakeguard,Snakeguard,Local,27/08/2026,4000,4000,4000
Tamil Nadu,Thiruvannamalai,Arani(Uzhavar Sandhai ),Snakeguard,Snakeguard,Local,27/08/2026,2500,3000,2750
Tamil Nadu,Pudukkottai,Alangudi(Uzhavar Sandhai ),Snakeguard,Snakeguard,Local,27/08/2026,3500,4000,3750
Tamil Nadu,Theni,Andipatti(Uzhavar Sandhai ),Snakeguard,Snakeguard,Local,27/08/2026,3500,4500,4000
Tamil Nadu,Salem,Mettur(Uzhavar Sandhai ),Snakeguard,Snakeguard,Local,27/08/2026,3500,3800,3650
Tamil Nadu,Thirupur,Palladam(Uzhavar Sandhai ),Snakeguard,Snakeguard,Local,27/08/2026,3500,4000,3750
Tamil Nadu,Thirunelveli,Melapalayam(Uzhavar Sandhai ),Snakeguard,Snakeguard,Local,27/08/2026,1800,2000,1900
Tamil Nadu,Virudhunagar,Sathur(Uzhavar Sandhai ),Snakeguard,Snakeguard,Local,27/08/2026,2500,3000,2750
Tamil Nadu,Virudhunagar,Sivakasi(Uzhavar Sandhai ),Snakeguard,Snakeguard,Local,27/08/2026,3500,4000,3750
Tamil Nadu,Madurai,Usilampatti(Uzhavar Sandhai ),Snakeguard,Snakeguard,Local,27/08/2026,4000,4500,4250
Tamil Nadu,Villupuram,Villupuram(Uzhavar Sandhai ),Snakeguard,Snakeguard,Local,27/08/2026,4000,4000,4000
Tamil Nadu,Cuddalore,Cuddalore(Uzhavar Sandhai ),Snakeguard,Snakeguard,Local,27/08/2026,3000,3000,3000
Tamil Nadu,Theni,Theni(Uzhavar Sandhai ),Snakeguard,Snakeguard,Local,27/08/2026,4000,4000,4000
Tamil Nadu,Coimbatore,RSPuram(Uzhavar Sandhai ),Snakeguard,Snakeguard,Local,27/08/2026,3800,4200,4000
Tamil Nadu,Pudukkottai,Ponnamaravathi(Uzhavar Sandhai),Snakeguard,Snakeguard,Local,27/08/2026,3500,4000,3750
Tamil Nadu,Krishnagiri,Avallapalli(Uzhavar Sandhai ),Snakeguard,Snakeguard,Local,27/08/2026,3000,3500,3250
Tamil Nadu,Salem,Thathakapatti(Uzhavar Sandhai ),Snakeguard,Snakeguard,Local,27/08/2026,3800,4000,3900
Tamil Nadu,Kallakuruchi,Sankarapuram(Uzhavar Sandhai ),Snakeguard,Snakeguard,Local,27/08/2026,4000,4000,4000
Tamil Nadu,Coimbatore,Sundarapuram(Uzhavar Sandhai ),Beetroot,Beetroot,Local,27/08/2026,6800,7400,7100
Tamil Nadu,Kancheepuram,Padappai(Uzhavar Sandhai ),Beetroot,Beetroot,Local,27/08/2026,3000,4000,3500
Tamil Nadu,Coimbatore,Mettupalayam(Uzhavar Sandhai ),Beetroot,Beetroot,Local,27/08/2026,6500,7500,7000
Tamil Nadu,Dindigul,Chinnalapatti(Uzhavar Sandhai ),Beetroot,Beetroot,Local,27/08/2026,7000,8000,7500
Tamil Nadu,Thiruvannamalai,Vandavasi(Uzhavar Sandhai ),Beetroot,Beetroot,Local,27/08/2026,4000,4800,4400
Tamil Nadu,Thiruvannamalai,Chengam(Uzhavar Sandhai ),Beetroot,Beetroot,Local,27/08/2026,4200,4800,4500
Tamil Nadu,Ranipet,Ranipettai(Uzhavar Sandhai ),Beetroot,Beetroot,Local,27/08/2026,4500,5000,4750
Tamil Nadu,Theni,Kambam(Uzhavar Sandhai ),Beetroot,Beetroot,Local,27/08/2026,3200,3500,3350
Tamil Nadu,Thanjavur,Pattukottai(Uzhavar Sandhai ),Beetroot,Beetroot,Local,27/08/2026,5400,5400,5400
Tamil Nadu,Kallakuruchi,Sankarapuram(Uzhavar Sandhai ),Beetroot,Beetroot,Local,27/08/2026,6000,6000,6000
Tamil Nadu,Thiruchirappalli,Lalgudi(Uzhavar Sandhai ),Beetroot,Beetroot,Local,27/08/2026,5000,5000,5000
Tamil Nadu,Thiruvannamalai,Polur(Uzhavar Sandhai ),Beetroot,Beetroot,Local,27/08/2026,4000,4800,4400
Tamil Nadu,Thiruvannamalai,Tiruvannamalai(Uzhavar Sandhai ),Beetroot,Beetroot,Local,27/08/2026,3600,4000,3800
Tamil Nadu,Krishnagiri,Krishnagiri(Uzhavar Sandhai ),Beetroot,Beetroot,Local,27/08/2026,4500,5000,4750
Tamil Nadu,Vellore,Kahithapattarai(Uzhavar Sandhai ),Beetroot,Beetroot,Local,27/08/2026,3500,3500,3500
Tamil Nadu,Dharmapuri,Harur(Uzhavar Sandhai ),Beetroot,Beetroot,Local,27/08/2026,4000,5000,4500
Tamil Nadu,Cuddalore,Vadalur(Uzhavar Sandhai ),Beetroot,Beetroot,Local,27/08/2026,5000,5000,5000
Tamil Nadu,Thanjavur,Kumbakonam (Uzhavar Sandhai ),Beetroot,Beetroot,Local,27/08/2026,4800,6000,5400
Tamil Nadu,Thirupathur,Natrampalli(Uzhavar Sandhai ),Beetroot,Beetroot,Local,27/08/2026,5000,6000,5500
Tamil Nadu,Madurai,Anna nagar(Uzhavar Sandhai ),Beetroot,Beetroot,Local,27/08/2026,5000,5500,5250
Tamil Nadu,Kancheepuram,Kundrathur(Uzhavar Sandhai ),Beetroot,Beetroot,Local,27/08/2026,3500,3500,3500
Tamil Nadu,Kancheepuram,Sunguvarchatram(Uzhavar Sandhai ),Beetroot,Beetroot,Local,27/08/2026,3500,4000,3750
Tamil Nadu,Karur,Kulithalai(Uzhavar Sandhai ),Beetroot,Beetroot,Local,27/08/2026,4400,5000,4700
Tamil Nadu,Virudhunagar,Srivilliputhur(Uzhavar Sandhai ),Beetroot,Beetroot,Local,27/08/2026,4500,5000,4750
Tamil Nadu,The Nilgiris,Gudalur(Uzhavar Sandhai ),Beetroot,Beetroot,Local,27/08/2026,5000,6000,5500
Keralam,Kottayam,Pampady Market,Beetroot,Beetroot,FAQ,27/08/2026,3500,4500,4000
Punjab,Kapurthala,Bhulath APMC,Cucumbar(Kheera),Cucumbar,Local,27/08/2026,850,900,900
Tamil Nadu,Vellore,Thirupathur APMC,Cucumbar(Kheera),Cucumbar,Local,27/08/2026,4000,4000,4000
Tamil Nadu,Thiruvannamalai,Tiruvannamalai(Uzhavar Sandhai ),Cucumbar(Kheera),Cucumbar,Local,27/08/2026,3500,4000,3750
Tamil Nadu,Villupuram,Villupuram(Uzhavar Sandhai ),Cucumbar(Kheera),Cucumbar,Local,27/08/2026,4000,8000,6000
Tamil Nadu,Salem,Ammapet(Uzhavar Sandhai ),Cucumbar(Kheera),Cucumbar,Local,27/08/2026,5000,5000,5000
Tamil Nadu,Karur,Gandhigramam(Uzhavar Sandhai),Cucumbar(Kheera),Cucumbar,Local,27/08/2026,4000,8000,6000
Tamil Nadu,Thiruvannamalai,Tamarainagar(Uzhavar Sandhai ),Cucumbar(Kheera),Cucumbar,Local,27/08/2026,3500,4000,3750
Tamil Nadu,Thiruvannamalai,Polur(Uzhavar Sandhai ),Cucumbar(Kheera),Cucumbar,Local,27/08/2026,3300,4000,3650
Tamil Nadu,Dharmapuri,Dharmapuri(Uzhavar Sandhai ),Cucumbar(Kheera),Cucumbar,Local,27/08/2026,4400,4600,4500
Tamil Nadu,Thirunelveli,Melapalayam(Uzhavar Sandhai ),Cucumbar(Kheera),Cucumbar,Local,27/08/2026,4500,6500,5500
Tamil Nadu,Villupuram,Gingee(Uzhavar Sandhai ),Cucumbar(Kheera),Cucumbar,Local,27/08/2026,4500,4500,4500
Tamil Nadu,Thanjavur,Kumbakonam (Uzhavar Sandhai ),Cucumbar(Kheera),Cucumbar,Local,27/08/2026,6000,6000,6000
Tamil Nadu,Coimbatore,Mettupalayam(Uzhavar Sandhai ),Cucumbar(Kheera),Cucumbar,Local,27/08/2026,3500,4500,4000
Tamil Nadu,Namakkal,Tiruchengode APMC,Cucumbar(Kheera),Cucumbar,Local,27/08/2026,8000,9000,8500
Tamil Nadu,Thirunelveli,Palayamkottai(Uzhavar Sandhai ),Cucumbar(Kheera),Cucumbar,Local,27/08/2026,3500,6500,5000
Tamil Nadu,Nagercoil (Kannyiakumari),Myladi(Uzhavar Sandhai ),Cucumbar(Kheera),Cucumbar,Local,27/08/2026,2200,2500,2350
Odisha,Dhenkanal,Hindol APMC,Cucumbar(Kheera),Cucumbar,Grade B,27/08/2026,4000,4500,4200
Uttar Pradesh,Shamli,Kairana APMC,Cucumbar(Kheera),Cucumbar,FAQ,27/08/2026,1500,1600,1550
Punjab,Hoshiarpur,Mukerian APMC,Cucumbar(Kheera),Cucumbar,Grade B,27/08/2026,1500,2500,2000
Haryana,Sonipat,Ganaur APMC,Cucumbar(Kheera),Cucumbar,Medium,27/08/2026,2000,3000,2500
Haryana,Rohtak,Meham,Cucumbar(Kheera),Cucumbar,Medium,27/08/2026,2500,2500,2500
Keralam,Kottayam,Athirampuzha Market,Cucumbar(Kheera),Cucumbar,FAQ,27/08/2026,1600,1800,1700
Haryana,Mewat,FerozpurZirkha(Nagina) APMC,Cucumbar(Kheera),Cucumbar,Local,27/08/2026,1600,2000,1800
Maharashtra,Pune,Pune(Pimpri) APMC,Cucumbar(Kheera),Other,Local,27/08/2026,2000,2000,2000
Uttarakhand,Dehradoon,Rishikesh APMC,Ridgeguard(Tori),Other,Medium,27/08/2026,800,1300,1200
Tamil Nadu,Erode,Thalavadi(Uzhavar Sandhai ),Ridgeguard(Tori),Ridgeguard(Tori),Local,27/08/2026,3000,3500,3250
Tamil Nadu,Erode,Gobichettipalayam(Uzhavar Sandhai ),Ridgeguard(Tori),Ridgeguard(Tori),Local,27/08/2026,4400,4800,4600
Tamil Nadu,Salem,Jalagandapuram(Uzhavar Sandhai ),Ridgeguard(Tori),Ridgeguard(Tori),Local,27/08/2026,3500,4000,3750
Tamil Nadu,Nagapattinam,Mayiladuthurai(Uzhavar Sandhai ),Ridgeguard(Tori),Ridgeguard(Tori),Local,27/08/2026,6000,7000,6500
Tamil Nadu,Dindigul,Dindigul(Uzhavar Sandhai ),Ridgeguard(Tori),Ridgeguard(Tori),Local,27/08/2026,6000,7000,6500
Tamil Nadu,Namakkal,Namakkal(Uzhavar Sandhai ),Ridgeguard(Tori),Ridgeguard(Tori),Local,27/08/2026,5000,5500,5250
Tamil Nadu,Thiruchirappalli,Manapparai(Uzhavar Sandhai ),Ridgeguard(Tori),Ridgeguard(Tori),Local,27/08/2026,5400,5400,5400
Tamil Nadu,Dharmapuri,Palacode(Uzhavar Sandhai ),Ridgeguard(Tori),Ridgeguard(Tori),Local,27/08/2026,3200,3500,3350
Tamil Nadu,Namakkal,Mohanur(Uzhavar Sandhai ),Ridgeguard(Tori),Ridgeguard(Tori),Local,27/08/2026,5600,6000,5800
Tamil Nadu,Namakkal,Kumarapalayam(Uzhavar Sandhai ),Ridgeguard(Tori),Ridgeguard(Tori),Local,27/08/2026,4500,5000,4750
Tamil Nadu,Dindigul,Chinnalapatti(Uzhavar Sandhai ),Ridgeguard(Tori),Ridgeguard(Tori),Local,27/08/2026,6000,7000,6500
Tamil Nadu,Thiruchirappalli,Lalgudi(Uzhavar Sandhai ),Ridgeguard(Tori),Ridgeguard(Tori),Local,27/08/2026,5600,5600,5600
Tamil Nadu,Thirupur,Dharapuram(Uzhavar Sandhai ),Ridgeguard(Tori),Ridgeguard(Tori),Local,27/08/2026,5500,6000,5750
Tamil Nadu,Coimbatore,Udumalpet APMC,Ridgeguard(Tori),Ridgeguard(Tori),Local,27/08/2026,5000,6000,5500
Tamil Nadu,Salem,Mettur(Uzhavar Sandhai ),Ridgeguard(Tori),Ridgeguard(Tori),Local,27/08/2026,3500,4000,3750
Tamil Nadu,Thanjavur,Kumbakonam (Uzhavar Sandhai ),Ridgeguard(Tori),Ridgeguard(Tori),Local,27/08/2026,7200,7200,7200
Tamil Nadu,Karur,Gandhigramam(Uzhavar Sandhai),Ridgeguard(Tori),Ridgeguard(Tori),Local,27/08/2026,4500,5000,4750
Tamil Nadu,Virudhunagar,Sathur(Uzhavar Sandhai ),Ridgeguard(Tori),Ridgeguard(Tori),Local,27/08/2026,4500,5000,4750
Tamil Nadu,Madurai,Usilampatti(Uzhavar Sandhai ),Ridgeguard(Tori),Ridgeguard(Tori),Local,27/08/2026,5500,6000,5750
Tamil Nadu,Thiruvarur,Tiruvarur(Uzhavar Sandhai ),Ridgeguard(Tori),Ridgeguard(Tori),Local,27/08/2026,4500,4500,4500
Uttarakhand,Dehradoon,Vikasnagar APMC,Raddish,Other,Medium,27/08/2026,500,500,500
Uttar Pradesh,Hathras,Shadabad APMC,Raddish,Raddish,Small,27/08/2026,50,600,550
Tamil Nadu,Villupuram,Ulundurpettai APMC,Raddish,Raddish,Local,27/08/2026,4000,4000,4000
Tamil Nadu,The Nilgiris,Gudalur(Uzhavar Sandhai ),Raddish,Raddish,Local,27/08/2026,3000,3500,3250
Tamil Nadu,Thanjavur,Kumbakonam (Uzhavar Sandhai ),Raddish,Raddish,Local,27/08/2026,3600,3600,3600
Tamil Nadu,Virudhunagar,Sivakasi(Uzhavar Sandhai ),Raddish,Raddish,Local,27/08/2026,3000,3500,3250
Tamil Nadu,Cuddalore,Cuddalore(Uzhavar Sandhai ),Raddish,Raddish,Local,27/08/2026,2500,2500,2500
Tamil Nadu,Ariyalur,Jeyankondam (Uzhavar Sandhai ),Raddish,Raddish,Local,27/08/2026,3500,4000,3750
Tamil Nadu,Kancheepuram,Kancheepuram(Uzhavar Sandhai ),Raddish,Raddish,Local,27/08/2026,3000,3500,3250
Tamil Nadu,Coimbatore,Kurichi(Uzhavar Sandhai ),Raddish,Raddish,Local,27/08/2026,3500,4000,3750
Tamil Nadu,Thirupathur,Vaniyampadi(Uzhavar Sandhai ),Raddish,Raddish,Local,27/08/2026,2000,2000,2000
Tamil Nadu,Theni,Chinnamanur(Uzhavar Sandhai ),Raddish,Raddish,Local,27/08/2026,2200,2200,2200
Tamil Nadu,Krishnagiri,Hosur(Uzhavar Sandhai ),Raddish,Raddish,Local,27/08/2026,1500,2000,1750
Tamil Nadu,Cuddalore,Chidambaram(Uzhavar Sandhai ),Raddish,Raddish,Local,27/08/2026,3000,3000,3000
Tamil Nadu,Chengalpattu,Thirukalukundram(Uzhavar Sandhai ),Raddish,Raddish,Local,27/08/2026,4000,4500,4250
Tamil Nadu,Salem,Vazhapadi(Uzhavar Sandhai),Raddish,Raddish,Local,27/08/2026,2800,3000,2900
Tamil Nadu,Namakkal,Mohanur(Uzhavar Sandhai ),Raddish,Raddish,Local,27/08/2026,3400,4000,3700
Tamil Nadu,Namakkal,Rasipuram(Uzhavar Sandhai ),Raddish,Raddish,Local,27/08/2026,3000,3500,3250
Haryana,Sonipat,Ganaur APMC,Raddish,Raddish,Medium,27/08/2026,1500,2000,1800
Tamil Nadu,Coimbatore,Kurichi(Uzhavar Sandhai ),Thondekai,Thondekai,Local,27/08/2026,4000,4500,4250
Tamil Nadu,Thiruvannamalai,Tamarainagar(Uzhavar Sandhai ),Thondekai,Thondekai,Local,27/08/2026,3500,4000,3750
Tamil Nadu,Coimbatore,RSPuram(Uzhavar Sandhai ),Thondekai,Thondekai,Local,27/08/2026,3400,3800,3600
Tamil Nadu,Madurai,Anna nagar(Uzhavar Sandhai ),Thondekai,Thondekai,Local,27/08/2026,4000,4500,4250
Tamil Nadu,Thanjavur,Thanjavur(Uzhavar Sandhai ),Thondekai,Thondekai,Local,27/08/2026,4800,4800,4800
Tamil Nadu,Coimbatore,Singanallur(Uzhavar Sandhai ),Thondekai,Thondekai,Local,27/08/2026,4000,4500,4250
Tamil Nadu,Coimbatore,Sulur(Uzhavar Sandhai ),Thondekai,Thondekai,Local,27/08/2026,4000,4500,4250
Tamil Nadu,Madurai,Melur(Uzhavar Sandhai ),Thondekai,Thondekai,Local,27/08/2026,4000,4500,4250
Tamil Nadu,Ranipet,Ranipettai(Uzhavar Sandhai ),Thondekai,Thondekai,Local,27/08/2026,4000,4000,4000
Tamil Nadu,Thiruchirappalli,Thiruverumbur(Uzhavar Sandhai ),Thondekai,Thondekai,Local,27/08/2026,4000,4600,4300
Tamil Nadu,Virudhunagar,Srivilliputhur(Uzhavar Sandhai ),Thondekai,Thondekai,Local,27/08/2026,5000,6000,5500
Tamil Nadu,Chengalpattu,Nanganallur(Uzhavar Sandhai ),Thondekai,Thondekai,Local,27/08/2026,5500,6000,5750
Tamil Nadu,Krishnagiri,Krishnagiri(Uzhavar Sandhai ),Thondekai,Thondekai,Local,27/08/2026,4500,5000,4750
Tamil Nadu,Salem,Elampillai(Uzhavar Sandhai ),Thondekai,Thondekai,Local,27/08/2026,4500,5000,4750
Tamil Nadu,Coimbatore,Udumalpet APMC,Thondekai,Thondekai,Local,27/08/2026,4000,5000,4500
Tamil Nadu,Madurai,Anaiyur(Uzhavar Sandhai ),Capsicum,Capsicum,Local,27/08/2026,7000,8000,7500
Tamil Nadu,Dharmapuri,AJattihalli(Uzhavar Sandhai ),Capsicum,Capsicum,Local,27/08/2026,8000,8000,8000
Tamil Nadu,Salem,Thathakapatti(Uzhavar Sandhai ),Capsicum,Capsicum,Local,27/08/2026,5000,5600,5300
Tamil Nadu,Dharmapuri,Dharmapuri(Uzhavar Sandhai ),Capsicum,Capsicum,Local,27/08/2026,7500,8000,7750
Tamil Nadu,Coimbatore,Vadavalli(Uzhavar Sandhai ),Capsicum,Capsicum,Local,27/08/2026,5000,5600,5300
Tamil Nadu,Thiruvannamalai,Chengam(Uzhavar Sandhai ),Capsicum,Capsicum,Local,27/08/2026,7000,8000,7500
Tamil Nadu,Ranipet,Arcot(Uzhavar Sandhai ),Capsicum,Capsicum,Local,27/08/2026,6000,6000,6000
Tamil Nadu,Thanjavur,Thanjavur(Uzhavar Sandhai ),Capsicum,Capsicum,Local,27/08/2026,7600,7600,7600
Tamil Nadu,Tuticorin,Kovilpatti(Uzhavar Sandhai ),Capsicum,Capsicum,Local,27/08/2026,6000,6500,6250
Tamil Nadu,Tuticorin,Tuticorin(Uzhavar Sandhai ),Capsicum,Capsicum,Local,27/08/2026,7500,8000,7750
Tamil Nadu,Madurai,Chokkikulam(Uzhavar Sandhai ),Capsicum,Capsicum,Local,27/08/2026,7000,8000,7500
Tamil Nadu,Krishnagiri,Krishnagiri(Uzhavar Sandhai ),Capsicum,Capsicum,Local,27/08/2026,5500,6000,5750
Tamil Nadu,Salem,Hasthampatti(Uzhavar Sandhai ),Capsicum,Capsicum,Local,27/08/2026,6600,7000,6800
Tamil Nadu,Salem,Thammampatti (Uzhavar Sandhai ),Capsicum,Capsicum,Local,27/08/2026,7000,7000,7000
Punjab,Mohali,Lalru APMC,Capsicum,Other,Local,27/08/2026,4950,4950,4950
Tamil Nadu,Virudhunagar,Kariyapatti(Uzhavar Sandhai ),Green Avare(W),Green Avare (W),Local,27/08/2026,5500,6000,5750
Tamil Nadu,Madurai,Melur(Uzhavar Sandhai ),Green Avare(W),Green Avare (W),Local,27/08/2026,3500,4000,3750
Tamil Nadu,Krishnagiri,Hosur(Uzhavar Sandhai ),Green Avare(W),Green Avare (W),Local,27/08/2026,4500,5000,4750
Tamil Nadu,Kancheepuram,Kundrathur(Uzhavar Sandhai ),Green Avare(W),Green Avare (W),Local,27/08/2026,4500,4500,4500
Tamil Nadu,Coimbatore,Pollachi(Uzhavar Sandhai ),Green Avare(W),Green Avare (W),Local,27/08/2026,5500,6000,5750
Tamil Nadu,Madurai,Palanganatham(Uzhavar Sandhai ),Green Avare(W),Green Avare (W),Local,27/08/2026,4000,7000,5500
Tamil Nadu,Virudhunagar,Srivilliputhur(Uzhavar Sandhai ),Green Avare(W),Green Avare (W),Local,27/08/2026,4500,5000,4750
Tamil Nadu,Salem,Thammampatti (Uzhavar Sandhai ),Green Avare(W),Green Avare (W),Local,27/08/2026,7000,7500,7250
Tamil Nadu,Theni,Devaram(Uzhavar Sandhai ),Green Avare(W),Green Avare (W),Local,27/08/2026,4000,4000,4000
Tamil Nadu,Thanjavur,Pattukottai(Uzhavar Sandhai ),Green Avare(W),Green Avare (W),Local,27/08/2026,4400,4400,4400
Tamil Nadu,Coimbatore,Singanallur(Uzhavar Sandhai ),Green Avare(W),Green Avare (W),Local,27/08/2026,5000,5600,5300
Tamil Nadu,Thiruchirappalli,Manachanallur(Uzhavar Sandhai ),Green Avare(W),Green Avare (W),Local,27/08/2026,4600,4600,4600
Tamil Nadu,Madurai,Usilampatti(Uzhavar Sandhai ),Green Avare(W),Green Avare (W),Local,27/08/2026,6500,7000,6750
Tamil Nadu,Madurai,Anna nagar(Uzhavar Sandhai ),Green Avare(W),Green Avare (W),Local,27/08/2026,6000,7000,6500
Tamil Nadu,Theni,Bodinayakanur(Uzhavar Sandhai ),Green Avare(W),Green Avare (W),Local,27/08/2026,3400,3400,3400
Tamil Nadu,The Nilgiris,Udhagamandalam(Uzhavar Sandhai ),Green Avare(W),Green Avare (W),Local,27/08/2026,3500,4000,3750
Tamil Nadu,Virudhunagar,Sathur(Uzhavar Sandhai ),Green Avare(W),Green Avare (W),Local,27/08/2026,8000,9000,8500
Tamil Nadu,Thiruvannamalai,Polur(Uzhavar Sandhai ),Green Avare(W),Green Avare (W),Local,27/08/2026,5000,6000,5500
Tamil Nadu,Krishnagiri,Denkanikottai(Uzhavar Sandhai ),Green Avare(W),Green Avare (W),Local,27/08/2026,4000,5000,4500
Tamil Nadu,Krishnagiri,Krishnagiri(Uzhavar Sandhai ),Green Avare(W),Green Avare (W),Local,27/08/2026,3000,3500,3250
Tamil Nadu,Karur,Kulithalai(Uzhavar Sandhai ),Green Avare(W),Other,Local,27/08/2026,5500,6000,5750
Tamil Nadu,Ranipet,Ranipettai(Uzhavar Sandhai ),Green Avare(W),Other,Local,27/08/2026,4000,4000,4000
Tamil Nadu,Sivaganga,Tirupatthur(Uzhavar Sandhai ),Green Avare(W),Other,Local,27/08/2026,4000,4500,4250
Tamil Nadu,Thiruvarur,Mannargudi I(Uzhavar Sandhai ),Green Avare(W),Other,Local,27/08/2026,4000,4000,4000
Tamil Nadu,Coimbatore,Udumalpet APMC,Green Avare(W),Other,Local,27/08/2026,5000,5800,5400
Tamil Nadu,Villupuram,Tindivanam APMC,Green Avare(W),Other,Local,27/08/2026,4800,4800,4800
Tamil Nadu,Namakkal,Mohanur(Uzhavar Sandhai ),Green Avare(W),Other,Local,27/08/2026,8600,10000,9300
Tamil Nadu,Karur,Gandhigramam(Uzhavar Sandhai),Green Avare(W),Other,Local,27/08/2026,6000,6000,6000
Tamil Nadu,Namakkal,Namakkal(Uzhavar Sandhai ),Chow Chow,Chow Chow,Local,27/08/2026,3000,3500,3250
Tamil Nadu,Sivaganga,Devakottai (Uzhavar Sandhai ),Chow Chow,Chow Chow,Local,27/08/2026,3000,3400,3200
Tamil Nadu,Krishnagiri,Krishnagiri(Uzhavar Sandhai ),Chow Chow,Chow Chow,Local,27/08/2026,3500,4000,3750
Tamil Nadu,Villupuram,Gingee(Uzhavar Sandhai ),Chow Chow,Chow Chow,Local,27/08/2026,4500,4500,4500
Tamil Nadu,Coimbatore,Udumalpet APMC,Chow Chow,Chow Chow,Local,27/08/2026,4000,4500,4250
Tamil Nadu,Nagercoil (Kannyiakumari),Vadaseri APMC,Chow Chow,Chow Chow,Local,27/08/2026,4500,5000,4750
Tamil Nadu,Coimbatore,Vadavalli(Uzhavar Sandhai ),Chow Chow,Chow Chow,Local,27/08/2026,2800,3400,3100
Tamil Nadu,Theni,Devaram(Uzhavar Sandhai ),Chow Chow,Chow Chow,Local,27/08/2026,3000,3000,3000
Tamil Nadu,Thiruchirappalli,Manachanallur(Uzhavar Sandhai ),Chow Chow,Chow Chow,Local,27/08/2026,4000,4000,4000
Tamil Nadu,Virudhunagar,Sathur(Uzhavar Sandhai ),Chow Chow,Chow Chow,Local,27/08/2026,3000,3500,3250
Tamil Nadu,Sivaganga,Singampunari(Uzhavar Sandhai ),Chow Chow,Chow Chow,Local,27/08/2026,2600,3200,2900
Tamil Nadu,Nagapattinam,Vedaranyam(Uzhavar Sandhai),Chow Chow,Chow Chow,Local,27/08/2026,2200,2500,2350
Tamil Nadu,Dharmapuri,Karimangalam(Uzhavar Sandhai),Chow Chow,Chow Chow,Local,27/08/2026,4400,4800,4600
Tamil Nadu,Villupuram,Tindivanam APMC,Chow Chow,Chow Chow,Local,27/08/2026,4600,4600,4600
Tamil Nadu,Salem,Thathakapatti(Uzhavar Sandhai ),Chow Chow,Chow Chow,Local,27/08/2026,3500,4000,3750
Tamil Nadu,Dharmapuri,Dharmapuri(Uzhavar Sandhai ),Chow Chow,Chow Chow,Local,27/08/2026,4500,4800,4650
Tamil Nadu,Thanjavur,Thanjavur(Uzhavar Sandhai ),Chow Chow,Chow Chow,Local,27/08/2026,3600,3600,3600
Tamil Nadu,Thiruvannamalai,Vandavasi(Uzhavar Sandhai ),Chow Chow,Chow Chow,Local,27/08/2026,3000,3600,3300
Tamil Nadu,Thirupur,Tiruppur (South) (Uzhavar Sandhai ),Chow Chow,Chow Chow,Local,27/08/2026,2500,3000,2750
Tamil Nadu,Dharmapuri,AJattihalli(Uzhavar Sandhai ),Chow Chow,Chow Chow,Local,27/08/2026,4800,4800,4800
Tamil Nadu,Kancheepuram,Sunguvarchatram(Uzhavar Sandhai ),Drumstick,Drumstick,Local,27/08/2026,4500,4500,4500
Tamil Nadu,Madurai,Usilampatti(Uzhavar Sandhai ),Drumstick,Drumstick,Local,27/08/2026,4000,5000,4500
Tamil Nadu,Virudhunagar,Virudhunagar(Uzhavar Sandhai ),Drumstick,Drumstick,Local,27/08/2026,4500,5000,4750
Tamil Nadu,Erode,Perundurai(Uzhavar Sandhai ),Drumstick,Drumstick,Local,27/08/2026,2000,2500,2250
Tamil Nadu,Thiruvannamalai,Polur(Uzhavar Sandhai ),Drumstick,Drumstick,Local,27/08/2026,3300,4000,3650
Tamil Nadu,Sivaganga,Tirupatthur(Uzhavar Sandhai ),Drumstick,Drumstick,Local,27/08/2026,3000,3500,3250
Tamil Nadu,Sivaganga,Karaikudi(Uzhavar Sandhai ),Drumstick,Drumstick,Local,27/08/2026,3000,3500,3250
Tamil Nadu,Pudukkottai,Gandarvakottai(Uzhavar Sandhai ),Drumstick,Drumstick,Local,27/08/2026,4000,5000,4500
Tamil Nadu,Villupuram,Villupuram(Uzhavar Sandhai ),Drumstick,Drumstick,Local,27/08/2026,4000,4000,4000
Tamil Nadu,Thiruvarur,Tiruvarur(Uzhavar Sandhai ),Drumstick,Drumstick,Local,27/08/2026,4000,4000,4000
Tamil Nadu,Theni,Theni(Uzhavar Sandhai ),Drumstick,Drumstick,Local,27/08/2026,2500,3500,3000
Tamil Nadu,Thirupathur,Vaniyampadi(Uzhavar Sandhai ),Drumstick,Drumstick,Local,27/08/2026,3000,3000,3000
Tamil Nadu,Madurai,Chokkikulam(Uzhavar Sandhai ),Drumstick,Drumstick,Local,27/08/2026,3000,5000,4000
Tamil Nadu,Pudukkottai,Viralimalai(Uzhavar Sandhai ),Drumstick,Drumstick,Local,27/08/2026,5500,6000,5750
Tamil Nadu,Namakkal,Rasipuram(Uzhavar Sandhai ),Drumstick,Drumstick,Local,27/08/2026,1800,2000,1900
Tamil Nadu,Coimbatore,Pollachi(Uzhavar Sandhai ),Drumstick,Drumstick,Local,27/08/2026,3500,4000,3750
Tamil Nadu,Thirupathur,Natrampalli(Uzhavar Sandhai ),Drumstick,Drumstick,Local,27/08/2026,4000,5000,4500
Tamil Nadu,Virudhunagar,Srivilliputhur(Uzhavar Sandhai ),Drumstick,Drumstick,Local,27/08/2026,3500,4000,3750
Tamil Nadu,Thiruvannamalai,Tiruvannamalai(Uzhavar Sandhai ),Drumstick,Drumstick,Local,27/08/2026,3500,4000,3750
Tamil Nadu,Salem,Thammampatti (Uzhavar Sandhai ),Drumstick,Drumstick,Local,27/08/2026,2000,2000,2000
Tamil Nadu,Krishnagiri,Kaveripattinam(Uzhavar Sandhai ),Drumstick,Drumstick,Local,27/08/2026,2000,2500,2250
Tamil Nadu,Salem,Sooramangalam(Uzhavar Sandhai ),Drumstick,Drumstick,Local,27/08/2026,2500,3000,2750
Tamil Nadu,Thirunelveli,NGO Colony(Uzhavar Sandhai ),Drumstick,Drumstick,Local,27/08/2026,2000,2500,2250
Tamil Nadu,Namakkal,Tiruchengode APMC,Drumstick,Drumstick,Local,27/08/2026,1800,2000,1900
Tamil Nadu,Coimbatore,Singanallur(Uzhavar Sandhai ),Drumstick,Drumstick,Local,27/08/2026,2800,3200,3000
Tamil Nadu,Thiruvannamalai,Tamarainagar(Uzhavar Sandhai ),Drumstick,Drumstick,Local,27/08/2026,3500,4000,3750
Keralam,Thiruvananthapuram,Parassala Market,Drumstick,Drumstick,Local,27/08/2026,3000,3400,3200
Telangana,Ranga Reddy,"Vanasthalipuram,RBZ ",Drumstick,Drumstick,Grade A,27/08/2026,4000,4000,4000
Tamil Nadu,Villupuram,Ulundurpettai APMC,Mango(Raw-Ripe),Mango - Raw-Ripe,Local,27/08/2026,2000,2000,2000
Tamil Nadu,Krishnagiri,Kaveripattinam(Uzhavar Sandhai ),Mango(Raw-Ripe),Mango - Raw-Ripe,Local,27/08/2026,8000,8000,8000
Tamil Nadu,Sivaganga,Tirupatthur(Uzhavar Sandhai ),Mango(Raw-Ripe),Mango - Raw-Ripe,Local,27/08/2026,6500,7000,6750
Tamil Nadu,Namakkal,Tiruchengode APMC,Mango(Raw-Ripe),Mango - Raw-Ripe,Local,27/08/2026,4500,5000,4750
Tamil Nadu,Nagapattinam,Mayiladuthurai(Uzhavar Sandhai ),Mango(Raw-Ripe),Mango - Raw-Ripe,Local,27/08/2026,5000,6000,5500
Tamil Nadu,Karur,Karur(Uzhavar Sandhai ),Mango(Raw-Ripe),Mango - Raw-Ripe,Local,27/08/2026,8500,9000,8750
Tamil Nadu,Madurai,Anaiyur(Uzhavar Sandhai ),Mango(Raw-Ripe),Mango - Raw-Ripe,Local,27/08/2026,6000,6500,6250
Tamil Nadu,Sivaganga,Sivagangai (Uzhavar Sandhai ),Mango(Raw-Ripe),Mango - Raw-Ripe,Local,27/08/2026,7000,7000,7000
Tamil Nadu,Thiruvarur,Valangaiman APMC,Mango(Raw-Ripe),Mango - Raw-Ripe,Local,27/08/2026,7000,7000,7000
Tamil Nadu,Madurai,Chokkikulam(Uzhavar Sandhai ),Knool Khol,Knool Khol,Local,27/08/2026,4000,4500,4250
Tamil Nadu,Salem,Hasthampatti(Uzhavar Sandhai ),Knool Khol,Knool Khol,Local,27/08/2026,3600,4000,3800
Tamil Nadu,Kallakuruchi,Kallakurichi(Uzhavar Sandhai ),Knool Khol,Knool Khol,Local,27/08/2026,7000,7000,7000
Tamil Nadu,Thiruvannamalai,Tiruvannamalai(Uzhavar Sandhai ),Knool Khol,Knool Khol,Local,27/08/2026,3000,3600,3300
Tamil Nadu,Theni,Chinnamanur(Uzhavar Sandhai ),Knool Khol,Knool Khol,Local,27/08/2026,3500,3500,3500
Tamil Nadu,Dharmapuri,AJattihalli(Uzhavar Sandhai ),Knool Khol,Knool Khol,Local,27/08/2026,4500,4500,4500
Tamil Nadu,Theni,Bodinayakanur(Uzhavar Sandhai ),Knool Khol,Knool Khol,Local,27/08/2026,3500,3500,3500
Tamil Nadu,Dharmapuri,Pennagaram(Uzhavar Sandhai ),Knool Khol,Knool Khol,Local,27/08/2026,5500,6000,5750
Tamil Nadu,Salem,Sooramangalam(Uzhavar Sandhai ),Knool Khol,Knool Khol,Local,27/08/2026,3800,4000,3900
Tamil Nadu,Thiruvannamalai,Chengam(Uzhavar Sandhai ),Knool Khol,Knool Khol,Local,27/08/2026,3600,4000,3800
Tamil Nadu,Thiruvannamalai,Cheyyar(Uzhavar Sandhai ),Knool Khol,Knool Khol,Local,27/08/2026,3500,4200,3850
Tamil Nadu,Thiruvannamalai,Arani(Uzhavar Sandhai ),Knool Khol,Knool Khol,Local,27/08/2026,3500,4200,3850
Tamil Nadu,Sivaganga,Tirupatthur(Uzhavar Sandhai ),Knool Khol,Knool Khol,Local,27/08/2026,4500,5000,4750
Tamil Nadu,Villupuram,Gingee(Uzhavar Sandhai ),Knool Khol,Knool Khol,Local,27/08/2026,4500,4500,4500
Tamil Nadu,Salem,Thathakapatti(Uzhavar Sandhai ),Knool Khol,Knool Khol,Local,27/08/2026,3500,4000,3750
Tamil Nadu,Theni,Andipatti(Uzhavar Sandhai ),Knool Khol,Knool Khol,Local,27/08/2026,3300,3500,3400
Tamil Nadu,Villupuram,Tindivanam APMC,Knool Khol,Knool Khol,Local,27/08/2026,4500,4500,4500
Tamil Nadu,Nagapattinam,Mayiladuthurai(Uzhavar Sandhai ),Lime,Lime,Local,27/08/2026,3500,4000,3750
Tamil Nadu,Tuticorin,Kovilpatti(Uzhavar Sandhai ),Lime,Lime,Local,27/08/2026,12000,13000,12500
Tamil Nadu,Thirunelveli,Palayamkottai(Uzhavar Sandhai ),Lime,Lime,Local,27/08/2026,14000,16000,15000
Tamil Nadu,Madurai,Chokkikulam(Uzhavar Sandhai ),Lime,Lime,Local,27/08/2026,3600,4000,3800
Tamil Nadu,Coimbatore,Mettupalayam(Uzhavar Sandhai ),Lime,Lime,Local,27/08/2026,10000,13000,11500
Tamil Nadu,Nagercoil (Kannyiakumari),Vadaseri APMC,Jack Fruit(Ripe),Jack Fruit,Local,27/08/2026,3500,4000,3750
Tamil Nadu,Kallakuruchi,Sankarapuram(Uzhavar Sandhai ),Jack Fruit(Ripe),Jack Fruit,Local,27/08/2026,2000,2000,2000
Tamil Nadu,Thiruvannamalai,Polur(Uzhavar Sandhai ),Jack Fruit(Ripe),Jack Fruit,Local,27/08/2026,1600,2000,1800
Tamil Nadu,Tuticorin,Kovilpatti(Uzhavar Sandhai ),Guava,Guava Allahabad,Local,27/08/2026,5000,5500,5250
Tamil Nadu,Virudhunagar,Virudhunagar(Uzhavar Sandhai ),Guava,Guava Allahabad,Local,27/08/2026,4500,5000,4750
Tamil Nadu,Erode,Sathiyamagalam(Uzhavar Sandhai ),Guava,Guava Allahabad,Local,27/08/2026,5000,5500,5250
Tamil Nadu,Salem,Jalagandapuram(Uzhavar Sandhai ),Guava,Guava Allahabad,Local,27/08/2026,5500,6000,5750
Tamil Nadu,Thirupur,Tiruppur (North) (Uzhavar Sandhai ),Guava,Guava Allahabad,Local,27/08/2026,4500,5000,4750
Tamil Nadu,Cuddalore,Cuddalore(Uzhavar Sandhai ),Guava,Guava Allahabad,Local,27/08/2026,4000,4000,4000
Tamil Nadu,Namakkal,Kumarapalayam(Uzhavar Sandhai ),Guava,Guava Allahabad,Local,27/08/2026,5000,6000,5500
Tamil Nadu,Karur,Pallapatti (Uzhavar Sandhai ),Guava,Guava Allahabad,Local,27/08/2026,5500,6000,5750
Tamil Nadu,Dindigul,Dindigul(Uzhavar Sandhai ),Guava,Guava Allahabad,Local,27/08/2026,4000,5000,4500
Tamil Nadu,Sivaganga,Devakottai (Uzhavar Sandhai ),Guava,Guava Allahabad,Local,27/08/2026,5200,6400,5800
Tamil Nadu,Thirupur,Dharapuram(Uzhavar Sandhai ),Guava,Guava Allahabad,Local,27/08/2026,3500,4000,3750
Tamil Nadu,Villupuram,Gingee(Uzhavar Sandhai ),Guava,Guava Allahabad,Local,27/08/2026,6000,6000,6000
Tamil Nadu,Salem,Hasthampatti(Uzhavar Sandhai ),Guava,Guava Allahabad,Local,27/08/2026,5000,6000,5500
Tamil Nadu,Namakkal,Paramathivelur(Uzhavar Sandhai ),Guava,Guava Allahabad,Local,27/08/2026,5400,6000,5700
Tamil Nadu,Coimbatore,Singanallur(Uzhavar Sandhai ),Guava,Guava Allahabad,Local,27/08/2026,5500,6000,5750
Tamil Nadu,Virudhunagar,Srivilliputhur(Uzhavar Sandhai ),Guava,Guava Allahabad,Local,27/08/2026,4500,5000,4750
Tamil Nadu,Pudukkottai,Pudukottai(Uzhavar Sandhai ),Guava,Guava Allahabad,Local,27/08/2026,7000,8000,7500
Tamil Nadu,Salem,Elampillai(Uzhavar Sandhai ),Guava,Guava Allahabad,Local,27/08/2026,3000,4000,3500
Tamil Nadu,Thanjavur,Kumbakonam (Uzhavar Sandhai ),Guava,Guava Allahabad,Local,27/08/2026,8000,8000,8000
Tamil Nadu,Thiruchirappalli,Thuraiyur APMC,Guava,Guava Allahabad,Local,27/08/2026,5000,6000,5500
Tamil Nadu,Sivaganga,Sivagangai (Uzhavar Sandhai ),Guava,Guava Allahabad,Local,27/08/2026,5200,6200,5700
Tamil Nadu,Coimbatore,RSPuram(Uzhavar Sandhai ),Karbuja(Musk Melon),Karbhuja,Local,27/08/2026,3000,3400,3200
Uttarakhand,Dehradoon,Rishikesh APMC,Pomegranate,Other,Medium,27/08/2026,6200,11000,7500
Himachal Pradesh,Kangra,SMY Jaisinghpur,Pomegranate,Other,Medium,27/08/2026,8000,16000,12000
Tamil Nadu,Pudukkottai,Pudukottai(Uzhavar Sandhai ),Pomegranate,Pomogranate,Local,27/08/2026,22000,23000,22500
Tamil Nadu,Madurai,Palanganatham(Uzhavar Sandhai ),Pomegranate,Pomogranate,Local,27/08/2026,20000,23000,21500
Tamil Nadu,Salem,Hasthampatti(Uzhavar Sandhai ),Pomegranate,Pomogranate,Local,27/08/2026,11000,12000,11500
Jammu and Kashmir,Rajouri,Rajouri (Phaliana) (F&V),Pomegranate,Pomogranate,Grade B,27/08/2026,12000,12000,12000
Tamil Nadu,Thiruvannamalai,Cheyyar(Uzhavar Sandhai ),Tender Coconut,Tender Coconut,Local,27/08/2026,2000,2500,2250
Tamil Nadu,Kallakuruchi,Kallakurichi(Uzhavar Sandhai ),Tender Coconut,Tender Coconut,Local,27/08/2026,3000,3000,3000
Tamil Nadu,Krishnagiri,Hosur(Uzhavar Sandhai ),Tender Coconut,Tender Coconut,Local,27/08/2026,4500,5000,4750
Tamil Nadu,Thirupur,Tiruppur (North) (Uzhavar Sandhai ),Tender Coconut,Tender Coconut,Local,27/08/2026,3000,3500,3250
Tamil Nadu,Coimbatore,Udumalpet APMC,Tender Coconut,Tender Coconut,Local,27/08/2026,3500,4000,3750
Tamil Nadu,Thiruchirappalli,Thuraiyur APMC,Tender Coconut,Tender Coconut,Local,27/08/2026,5000,6000,5500
Tamil Nadu,Thiruvannamalai,Tiruvannamalai(Uzhavar Sandhai ),Tender Coconut,Tender Coconut,Local,27/08/2026,2500,3000,2750
Tamil Nadu,Thiruvannamalai,Keelpennathur(Uzhavar Sandhai ),Tender Coconut,Tender Coconut,Local,27/08/2026,5000,6000,5500
Tamil Nadu,Thiruvannamalai,Tamarainagar(Uzhavar Sandhai ),Fig(Anjura/Anjeer),Anjura,Local,27/08/2026,5000,6000,5500
Tamil Nadu,Salem,Elampillai(Uzhavar Sandhai ),Marigold(Calcutta),Marigold(Calcutta),Local,27/08/2026,17000,18000,17500
Tamil Nadu,Salem,Thathakapatti(Uzhavar Sandhai ),Marigold(Calcutta),Marigold(Calcutta),Local,27/08/2026,14000,15000,14500
Tamil Nadu,Dharmapuri,Dharmapuri(Uzhavar Sandhai ),Marigold(Calcutta),Marigold(Calcutta),Local,27/08/2026,13000,14000,13500
Tamil Nadu,Salem,Ammapet(Uzhavar Sandhai ),Marigold(Calcutta),Marigold(Calcutta),Local,27/08/2026,16000,16000,16000
Tamil Nadu,Salem,Sooramangalam(Uzhavar Sandhai ),Marigold(Calcutta),Marigold(Calcutta),Local,27/08/2026,18000,20000,19000
Tamil Nadu,Thanjavur,Thanjavur(Uzhavar Sandhai ),Marigold(Calcutta),Marigold(Calcutta),Local,27/08/2026,20000,20000,20000
Tamil Nadu,Thiruvellore,Perambakkam(Uzhavar Sandhai ),Marigold(Calcutta),Marigold(Calcutta),Local,27/08/2026,20000,20000,20000
West Bengal,Medinipur(E),Kolaghat APMC,Masur Dal,Masur Dal,FAQ,27/08/2026,10600,11000,10800
Tamil Nadu,Thiruchirappalli,KKNagar(Uzhavar Sandhai ),Tamarind Fruit,Tamarind Fruit,Local,27/08/2026,18000,18000,18000
Tamil Nadu,Salem,Hasthampatti(Uzhavar Sandhai ),Tamarind Fruit,Tamarind Fruit,Local,27/08/2026,14000,15000,14500
Tamil Nadu,Nagapattinam,Sirkali(Uzhavar Sandhai ),Tamarind Fruit,Tamarind Fruit,Local,27/08/2026,15000,15000,15000
West Bengal,Darjeeling,Siliguri APMC,Green Gram Dal(Moong Dal),Green Gram Dal,FAQ,27/08/2026,9600,9800,9700
Tamil Nadu,Nagercoil (Kannyiakumari),Vadaseri APMC,Elephant Yam(Suran)/Amorphophallus,Elephant Yam (Suran),Local,27/08/2026,5500,6000,5750
Tamil Nadu,Virudhunagar,Kariyapatti(Uzhavar Sandhai ),Elephant Yam(Suran)/Amorphophallus,Elephant Yam (Suran),Local,27/08/2026,4500,5000,4750
Tamil Nadu,Erode,Sathiyamagalam(Uzhavar Sandhai ),Elephant Yam(Suran)/Amorphophallus,Elephant Yam (Suran),Local,27/08/2026,3000,3500,3250
Tamil Nadu,Madurai,Anna nagar(Uzhavar Sandhai ),Elephant Yam(Suran)/Amorphophallus,Elephant Yam (Suran),Local,27/08/2026,4000,4500,4250
Tamil Nadu,Sivaganga,Sivagangai (Uzhavar Sandhai ),Elephant Yam(Suran)/Amorphophallus,Elephant Yam (Suran),Local,27/08/2026,4200,4600,4400
Tamil Nadu,Theni,Andipatti(Uzhavar Sandhai ),Elephant Yam(Suran)/Amorphophallus,Elephant Yam (Suran),Local,27/08/2026,3800,4000,3900
Tamil Nadu,Thanjavur,Pattukottai(Uzhavar Sandhai ),Elephant Yam(Suran)/Amorphophallus,Elephant Yam (Suran),Local,27/08/2026,4500,4500,4500
Tamil Nadu,Namakkal,Kumarapalayam(Uzhavar Sandhai ),Elephant Yam(Suran)/Amorphophallus,Elephant Yam (Suran),Local,27/08/2026,2500,3000,2750
Tamil Nadu,Sivaganga,Karaikudi(Uzhavar Sandhai ),Elephant Yam(Suran)/Amorphophallus,Elephant Yam (Suran),Local,27/08/2026,4500,5000,4750
Tamil Nadu,Virudhunagar,Thalavaipuram(Uzhavar Sandhai ),Elephant Yam(Suran)/Amorphophallus,Elephant Yam (Suran),Local,27/08/2026,4000,5000,4500
Tamil Nadu,Ranipet,Arcot(Uzhavar Sandhai ),Elephant Yam(Suran)/Amorphophallus,Elephant Yam (Suran),Local,27/08/2026,6000,6000,6000
Tamil Nadu,Virudhunagar,Rajapalayam(Uzhavar Sandhai ),Elephant Yam(Suran)/Amorphophallus,Elephant Yam (Suran),Local,27/08/2026,4500,5000,4750
Tamil Nadu,Ranipet,Ranipettai(Uzhavar Sandhai ),Elephant Yam(Suran)/Amorphophallus,Elephant Yam (Suran),Local,27/08/2026,6000,6000,6000
Tamil Nadu,Chengalpattu,Pallavaram(Uzhavar Sandhai ),Elephant Yam(Suran)/Amorphophallus,Elephant Yam (Suran),Local,27/08/2026,4000,5000,4500
Tamil Nadu,Coimbatore,Udumalpet APMC,Elephant Yam(Suran)/Amorphophallus,Elephant Yam (Suran),Local,27/08/2026,6000,7000,6500
Tamil Nadu,Thiruvarur,Mannargudi I(Uzhavar Sandhai ),Elephant Yam(Suran)/Amorphophallus,Elephant Yam (Suran),Local,27/08/2026,6000,6000,6000
Tamil Nadu,Thirunelveli,Melapalayam(Uzhavar Sandhai ),Elephant Yam(Suran)/Amorphophallus,Elephant Yam (Suran),Local,27/08/2026,4000,4500,4250
Tamil Nadu,Dindigul,Chinnalapatti(Uzhavar Sandhai ),Elephant Yam(Suran)/Amorphophallus,Elephant Yam (Suran),Local,27/08/2026,5600,6000,5800
Tamil Nadu,Coimbatore,RSPuram(Uzhavar Sandhai ),Elephant Yam(Suran)/Amorphophallus,Elephant Yam (Suran),Local,27/08/2026,3600,4000,3800
Tamil Nadu,Madurai,Thirumangalam(Uzhavar Sandhai ),Elephant Yam(Suran)/Amorphophallus,Elephant Yam (Suran),Local,27/08/2026,4000,4500,4250
Tamil Nadu,Vellore,Perampet(Uzhavar Sandhai),Elephant Yam(Suran)/Amorphophallus,Elephant Yam (Suran),Local,27/08/2026,6000,6600,6300
Tamil Nadu,Thirupathur,Vaniyampadi(Uzhavar Sandhai ),Yam(Ratalu),Yam (Ratalu),Local,27/08/2026,6000,6000,6000
Tamil Nadu,Kancheepuram,Kundrathur(Uzhavar Sandhai ),Yam(Ratalu),Yam (Ratalu),Local,27/08/2026,4000,4000,4000
Tamil Nadu,Perambalur,Perambalur(Uzhavar Sandhai ),Yam(Ratalu),Yam (Ratalu),Local,27/08/2026,6000,8000,7000
Tamil Nadu,Namakkal,Tiruchengode APMC,Yam(Ratalu),Yam (Ratalu),Local,27/08/2026,6500,7000,6750
Tamil Nadu,Thiruvannamalai,Arani(Uzhavar Sandhai ),Yam(Ratalu),Yam (Ratalu),Local,27/08/2026,4000,4800,4400
Tamil Nadu,Sivaganga,Tirupatthur(Uzhavar Sandhai ),Yam(Ratalu),Yam (Ratalu),Local,27/08/2026,8400,9500,8950
Tamil Nadu,Coimbatore,Mettupalayam(Uzhavar Sandhai ),Yam(Ratalu),Yam (Ratalu),Local,27/08/2026,6000,7000,6500
Tamil Nadu,Virudhunagar,Kariyapatti(Uzhavar Sandhai ),Yam(Ratalu),Yam (Ratalu),Local,27/08/2026,8500,9000,8750
Tamil Nadu,Kallakuruchi,Sankarapuram(Uzhavar Sandhai ),Yam(Ratalu),Yam (Ratalu),Local,27/08/2026,3000,3000,3000
Tamil Nadu,Madurai,Anaiyur(Uzhavar Sandhai ),Yam(Ratalu),Yam (Ratalu),Local,27/08/2026,8000,9000,8500
Tamil Nadu,Nagapattinam,Vedaranyam(Uzhavar Sandhai),Yam(Ratalu),Yam (Ratalu),Local,27/08/2026,6200,6500,6350
Tamil Nadu,Cuddalore,Cuddalore(Uzhavar Sandhai ),Yam(Ratalu),Yam (Ratalu),Local,27/08/2026,6000,6000,6000
Tamil Nadu,Thanjavur,Thanjavur(Uzhavar Sandhai ),Yam(Ratalu),Yam (Ratalu),Local,27/08/2026,10000,10000,10000
Keralam,Kottayam,Athirampuzha Market,French Beans(Frasbean),French Beans (Frasbean),FAQ,27/08/2026,7000,7200,7100
Uttarakhand,Dehradoon,Vikasnagar APMC,French Beans(Frasbean),Other,Medium,27/08/2026,1500,1500,1500
Tamil Nadu,Vellore,Kahithapattarai(Uzhavar Sandhai ),Indian Beans(Seam),Indian Beans (Seam),Local,27/08/2026,4500,4500,4500
Tamil Nadu,Tuticorin,Kovilpatti(Uzhavar Sandhai ),Indian Beans(Seam),Indian Beans (Seam),Local,27/08/2026,6500,7000,6750
Tamil Nadu,Theni,Andipatti(Uzhavar Sandhai ),Indian Beans(Seam),Indian Beans (Seam),Local,27/08/2026,4400,4600,4500
Tamil Nadu,Dharmapuri,Dharmapuri(Uzhavar Sandhai ),Indian Beans(Seam),Indian Beans (Seam),Local,27/08/2026,5500,6000,5750
Tamil Nadu,Krishnagiri,Avallapalli(Uzhavar Sandhai ),Indian Beans(Seam),Indian Beans (Seam),Local,27/08/2026,3500,4000,3750
Keralam,Kottayam,Pampady Market,Little gourd(Kundru),Other,FAQ,27/08/2026,4500,5500,5000
Tamil Nadu,Dharmapuri,Pennagaram(Uzhavar Sandhai ),Lemon,Lemon,Local,27/08/2026,17000,18000,17500
Tamil Nadu,Virudhunagar,Thalavaipuram(Uzhavar Sandhai ),Lemon,Lemon,Local,27/08/2026,11000,14000,12500
Tamil Nadu,Pudukkottai,Viralimalai(Uzhavar Sandhai ),Lemon,Lemon,Local,27/08/2026,9500,10000,9750
Tamil Nadu,Nagapattinam,Vedaranyam(Uzhavar Sandhai),Lemon,Lemon,Local,27/08/2026,4800,5000,4900
Tamil Nadu,Thiruvannamalai,Vandavasi(Uzhavar Sandhai ),Lemon,Lemon,Local,27/08/2026,10000,12000,11000
Tamil Nadu,Thiruvannamalai,Cheyyar(Uzhavar Sandhai ),Lemon,Lemon,Local,27/08/2026,10000,12000,11000
Tamil Nadu,Krishnagiri,Hosur(Uzhavar Sandhai ),Lemon,Lemon,Local,27/08/2026,13000,15000,14000
Tamil Nadu,Salem,Attayampatti(Uzhavar Sandhai ),Lemon,Lemon,Local,27/08/2026,6000,6000,6000
Tamil Nadu,Thanjavur,Pattukottai(Uzhavar Sandhai ),Lemon,Lemon,Local,27/08/2026,13600,13600,13600
Tamil Nadu,Coimbatore,Kurichi(Uzhavar Sandhai ),Lemon,Lemon,Local,27/08/2026,15000,16000,15500
Tamil Nadu,Theni,Theni(Uzhavar Sandhai ),Lemon,Lemon,Local,27/08/2026,10000,12000,11000
Tamil Nadu,Pudukkottai,Gandarvakottai(Uzhavar Sandhai ),Lemon,Lemon,Local,27/08/2026,10000,12000,11000
Tamil Nadu,Salem,Jalagandapuram(Uzhavar Sandhai ),Lemon,Lemon,Local,27/08/2026,5500,6000,5750
Tamil Nadu,Cuddalore,Vadalur(Uzhavar Sandhai ),Lemon,Lemon,Local,27/08/2026,7000,8000,7500
Tamil Nadu,Thanjavur,Kumbakonam (Uzhavar Sandhai ),Lemon,Lemon,Local,27/08/2026,14000,21000,17500
Tamil Nadu,Coimbatore,Vadavalli(Uzhavar Sandhai ),Lemon,Lemon,Local,27/08/2026,13000,14000,13500
Tamil Nadu,Sivaganga,Tirupatthur(Uzhavar Sandhai ),Lemon,Lemon,Local,27/08/2026,15400,17500,16450
Tamil Nadu,Pudukkottai,Alangudi(Uzhavar Sandhai ),Lemon,Lemon,Local,27/08/2026,11000,12000,11500
Tamil Nadu,Thirupur,Dharapuram(Uzhavar Sandhai ),Lemon,Lemon,Local,27/08/2026,16000,17000,16500
Tamil Nadu,Theni,Devaram(Uzhavar Sandhai ),Lemon,Lemon,Local,27/08/2026,12000,12000,12000
Uttar Pradesh,Shamli,Kairana APMC,Lemon,Lemon,FAQ,27/08/2026,4000,4100,4050
Haryana,Sonipat,Ganaur APMC,Lemon,Lemon,Medium,27/08/2026,9000,10000,9500
Haryana,Mahendragarh-Narnaul,Narnaul APMC,Lemon,Lemon,Medium,27/08/2026,4000,6000,5000
Gujarat,Gandhinagar,Mansa(Manas Veg Yard) APMC,Lemon,Other,Local,27/08/2026,6000,6000,6000
Uttarakhand,Dehradoon,Vikasnagar APMC,Sponge gourd,Other,Medium,27/08/2026,900,1200,1200
Uttar Pradesh,Amroha,Hasanpur APMC,Sponge gourd,Other,FAQ,27/08/2026,1450,1520,1500
Himachal Pradesh,Kangra,SMY Jaisinghpur,Sponge gourd,Sponge gourd,FAQ,27/08/2026,3200,3800,3500
Tamil Nadu,Ranipet,Arcot(Uzhavar Sandhai ),Colacasia,Colacasia,Local,27/08/2026,4000,4000,4000
Tamil Nadu,Virudhunagar,Rajapalayam(Uzhavar Sandhai ),Colacasia,Colacasia,Local,27/08/2026,6000,7000,6500
Tamil Nadu,Sivaganga,Sivagangai (Uzhavar Sandhai ),Colacasia,Colacasia,Local,27/08/2026,5200,6200,5700
Tamil Nadu,Kancheepuram,Kundrathur(Uzhavar Sandhai ),Colacasia,Colacasia,Local,27/08/2026,3000,3000,3000
Tamil Nadu,Karur,Karur(Uzhavar Sandhai ),Colacasia,Colacasia,Local,27/08/2026,6500,7000,6750
Tamil Nadu,Thiruvannamalai,Cheyyar(Uzhavar Sandhai ),Colacasia,Colacasia,Local,27/08/2026,3500,4200,3850
Tamil Nadu,Thiruchirappalli,KKNagar(Uzhavar Sandhai ),Colacasia,Colacasia,Local,27/08/2026,6000,6000,6000
Tamil Nadu,Kallakuruchi,Kallakurichi(Uzhavar Sandhai ),Colacasia,Colacasia,Local,27/08/2026,4000,4000,4000
Tamil Nadu,Villupuram,Gingee(Uzhavar Sandhai ),Colacasia,Colacasia,Local,27/08/2026,6000,6000,6000
Tamil Nadu,Karur,Kulithalai(Uzhavar Sandhai ),Colacasia,Colacasia,Local,27/08/2026,5500,6000,5750
Tamil Nadu,Vellore,Pallikonda(Uzhavar Sandhai),Colacasia,Colacasia,Local,27/08/2026,4000,4000,4000
Tamil Nadu,Dharmapuri,AJattihalli(Uzhavar Sandhai ),Colacasia,Colacasia,Local,27/08/2026,6800,6800,6800
Himachal Pradesh,Kangra,SMY Palampur,Colacasia,Colacasia,FAQ,27/08/2026,3200,3500,3400
Uttar Pradesh,Bulandshahar,Gulavati APMC,Colacasia,Other,FAQ,27/08/2026,4000,4200,4100
Uttarakhand,Dehradoon,Vikasnagar APMC,Colacasia,Other,Medium,27/08/2026,1500,1600,1600
Keralam,Kottayam,Athirampuzha Market,Colacasia,Other,FAQ,27/08/2026,7000,7200,7100
Maharashtra,Pune,Pune(Moshi) APMC,Pear(Marasebu),Other,Local,27/08/2026,8000,8000,8000
Himachal Pradesh,Kangra,SMY Palampur,Pear(Marasebu),Other,Medium,27/08/2026,6000,10000,8000
Tamil Nadu,Coimbatore,Vadavalli(Uzhavar Sandhai ),Pear(Marasebu),Pears,Local,27/08/2026,14000,15000,14500
Haryana,Mahendragarh-Narnaul,Narnaul APMC,Pear(Marasebu),Pears,Medium,27/08/2026,8000,9000,9000
West Bengal,Darjeeling,Darjeeling APMC,Squash(Chappal Kadoo),Other,FAQ,27/08/2026,2400,2600,2500
Punjab,Ludhiana,Doraha APMC,Squash(Chappal Kadoo),Other,Local,27/08/2026,1000,1000,1000
Tamil Nadu,Madurai,Anna nagar(Uzhavar Sandhai ),Mashrooms,Mashrooms,Local,27/08/2026,22500,25000,23750
Tamil Nadu,Pudukkottai,Pudukottai(Uzhavar Sandhai ),Mashrooms,Mashrooms,Local,27/08/2026,24000,25000,24500
Tamil Nadu,Namakkal,Namakkal(Uzhavar Sandhai ),Mashrooms,Mashrooms,Local,27/08/2026,20000,25000,22500
Tamil Nadu,Kancheepuram,Padappai(Uzhavar Sandhai ),Mashrooms,Mashrooms,Local,27/08/2026,22000,26000,24000
Tamil Nadu,Perambalur,Perambalur(Uzhavar Sandhai ),Mashrooms,Mashrooms,Local,27/08/2026,20000,20000,20000
Tamil Nadu,Chengalpattu,Pallavaram(Uzhavar Sandhai ),Mashrooms,Mashrooms,Local,27/08/2026,23000,25000,24000
Tamil Nadu,Salem,Thathakapatti(Uzhavar Sandhai ),Custard Apple(Sharifa),Custard Apple(Sharifa),Local,27/08/2026,4000,5000,4500
Tamil Nadu,Thiruvannamalai,Tamarainagar(Uzhavar Sandhai ),Custard Apple(Sharifa),Custard Apple(Sharifa),Local,27/08/2026,6000,7000,6500
Tamil Nadu,Kallakuruchi,Sankarapuram(Uzhavar Sandhai ),Custard Apple(Sharifa),Custard Apple(Sharifa),Local,27/08/2026,5000,5000,5000
Tamil Nadu,Vellore,Thirupathur APMC,Custard Apple(Sharifa),Custard Apple(Sharifa),Local,27/08/2026,4000,4000,4000
Tamil Nadu,Coimbatore,Sundarapuram(Uzhavar Sandhai ),Amla(Nelli Kai),Amla,Local,27/08/2026,8000,9000,8500
Tamil Nadu,Salem,Sooramangalam(Uzhavar Sandhai ),Amla(Nelli Kai),Amla,Local,27/08/2026,6500,7000,6750
Tamil Nadu,Karur,Gandhigramam(Uzhavar Sandhai),Amla(Nelli Kai),Amla,Local,27/08/2026,7500,8500,8000
Tamil Nadu,Villupuram,Ulundurpettai APMC,Amla(Nelli Kai),Amla,Local,27/08/2026,8000,8000,8000
Tamil Nadu,Namakkal,Tiruchengode APMC,Amla(Nelli Kai),Amla,Local,27/08/2026,7000,8000,7500
Tamil Nadu,Theni,Chinnamanur(Uzhavar Sandhai ),Amla(Nelli Kai),Amla,Local,27/08/2026,6000,6000,6000
Tamil Nadu,Salem,Ammapet(Uzhavar Sandhai ),Amla(Nelli Kai),Amla,Local,27/08/2026,7000,7000,7000
Tamil Nadu,Nagercoil (Kannyiakumari),Vadaseri APMC,Amla(Nelli Kai),Amla,Local,27/08/2026,7000,7500,7250
Tamil Nadu,Coimbatore,Vadavalli(Uzhavar Sandhai ),Amla(Nelli Kai),Amla,Local,27/08/2026,8500,9000,8750
Tamil Nadu,Erode,Periyar Nagar(Uzhavar Sandhai ),Amla(Nelli Kai),Amla,Local,27/08/2026,9000,9500,9250
Tamil Nadu,Thanjavur,Tirukattupalli(Uzhavar Sandhai ),Onion Green,Onion Green,Local,27/08/2026,7600,7600,7600
Tamil Nadu,The Nilgiris,Udhagamandalam(Uzhavar Sandhai ),Onion Green,Onion Green,Local,27/08/2026,7000,7500,7250
Tamil Nadu,Karur,Gandhigramam(Uzhavar Sandhai),Onion Green,Onion Green,Local,27/08/2026,7500,8000,7750
Tamil Nadu,Thirunelveli,NGO Colony(Uzhavar Sandhai ),Onion Green,Onion Green,Local,27/08/2026,7000,7600,7300
Tamil Nadu,Thiruchirappalli,Lalgudi(Uzhavar Sandhai ),Onion Green,Onion Green,Local,27/08/2026,8000,8000,8000
Tamil Nadu,Pudukkottai,Gandarvakottai(Uzhavar Sandhai ),Onion Green,Onion Green,Local,27/08/2026,7000,8000,7500
Tamil Nadu,Sivaganga,Sivagangai (Uzhavar Sandhai ),Onion Green,Onion Green,Local,27/08/2026,7200,7600,7400
Tamil Nadu,The Nilgiris,Gudalur(Uzhavar Sandhai ),Onion Green,Onion Green,Local,27/08/2026,7200,7500,7350
Tamil Nadu,Virudhunagar,Kariyapatti(Uzhavar Sandhai ),Onion Green,Onion Green,Local,27/08/2026,7000,7500,7250
Tamil Nadu,Virudhunagar,Sathur(Uzhavar Sandhai ),Onion Green,Onion Green,Local,27/08/2026,6500,7000,6750
Tamil Nadu,Ranipet,Ranipettai(Uzhavar Sandhai ),Onion Green,Onion Green,Local,27/08/2026,5000,5000,5000
Tamil Nadu,Krishnagiri,Krishnagiri(Uzhavar Sandhai ),Onion Green,Onion Green,Local,27/08/2026,6500,7000,6750
Tamil Nadu,Vellore,Kahithapattarai(Uzhavar Sandhai ),Onion Green,Onion Green,Local,27/08/2026,9000,9000,9000
Tamil Nadu,Thirupur,Tiruppur (North) (Uzhavar Sandhai ),Onion Green,Onion Green,Local,27/08/2026,6000,7000,6500
Tamil Nadu,Cuddalore,Chidambaram(Uzhavar Sandhai ),Onion Green,Onion Green,Local,27/08/2026,7000,7000,7000
Tamil Nadu,Cuddalore,Cuddalore(Uzhavar Sandhai ),Onion Green,Onion Green,Local,27/08/2026,7000,7000,7000
Tamil Nadu,Dharmapuri,Pennagaram(Uzhavar Sandhai ),Onion Green,Onion Green,Local,27/08/2026,5500,6000,5750
Tamil Nadu,Thirunelveli,Melapalayam(Uzhavar Sandhai ),Onion Green,Onion Green,Local,27/08/2026,5500,7200,6350
Tamil Nadu,Coimbatore,Mettupalayam(Uzhavar Sandhai ),Onion Green,Onion Green,Local,27/08/2026,6500,7000,6750
Tamil Nadu,Madurai,Anaiyur(Uzhavar Sandhai ),Onion Green,Onion Green,Local,27/08/2026,7000,7500,7250
Tamil Nadu,Madurai,Thirumangalam(Uzhavar Sandhai ),Onion Green,Onion Green,Local,27/08/2026,7000,8000,7500
Tamil Nadu,Thiruchirappalli,Thiruverumbur(Uzhavar Sandhai ),Onion Green,Onion Green,Local,27/08/2026,8000,8000,8000
Tamil Nadu,Thiruvannamalai,Cheyyar(Uzhavar Sandhai ),Onion Green,Onion Green,Local,27/08/2026,4800,6000,5400
Tamil Nadu,Erode,Gobichettipalayam(Uzhavar Sandhai ),Onion Green,Onion Green,Local,27/08/2026,6000,6500,6250
Tamil Nadu,Thirupur,Kangayam(Uzhavar Sandhai ),Onion Green,Onion Green,Local,27/08/2026,6500,7200,6850
Tamil Nadu,Theni,Bodinayakanur(Uzhavar Sandhai ),Onion Green,Onion Green,Local,27/08/2026,7000,7000,7000
Tamil Nadu,Dindigul,Chinnalapatti(Uzhavar Sandhai ),Onion Green,Onion Green,Local,27/08/2026,5500,6000,5750
Tamil Nadu,Thirupathur,Natrampalli(Uzhavar Sandhai ),Onion Green,Onion Green,Local,27/08/2026,5000,6000,5500
Tamil Nadu,Thiruvannamalai,Chengam(Uzhavar Sandhai ),Onion Green,Onion Green,Local,27/08/2026,7000,8000,7500
Tamil Nadu,Erode,Sathiyamagalam(Uzhavar Sandhai ),Onion Green,Onion Green,Local,27/08/2026,5500,6000,5750
Tamil Nadu,Chengalpattu,Madhuranthagam(Uzhavar Sandhai ),Onion Green,Onion Green,Local,27/08/2026,6000,6000,6000
Tamil Nadu,Coimbatore,Udumalpet APMC,Onion Green,Onion Green,Local,27/08/2026,6000,7500,6750
Tamil Nadu,Thanjavur,Kumbakonam (Uzhavar Sandhai ),Mint(Pudina),Mint(Pudina),Local,27/08/2026,6000,6000,6000
Tamil Nadu,Nagercoil (Kannyiakumari),Vadaseri APMC,Mint(Pudina),Mint(Pudina),Local,27/08/2026,7000,7500,7250
Tamil Nadu,Coimbatore,Vadavalli(Uzhavar Sandhai ),Mint(Pudina),Mint(Pudina),Local,27/08/2026,4500,5000,4750
Tamil Nadu,Namakkal,Paramathivelur(Uzhavar Sandhai ),Mint(Pudina),Mint(Pudina),Local,27/08/2026,4400,5000,4700
Tamil Nadu,Kallakuruchi,Kallakurichi(Uzhavar Sandhai ),Mint(Pudina),Mint(Pudina),Local,27/08/2026,3000,3000,3000
Tamil Nadu,Sivaganga,Tirupatthur(Uzhavar Sandhai ),Mint(Pudina),Mint(Pudina),Local,27/08/2026,5000,5500,5250
Tamil Nadu,Krishnagiri,Denkanikottai(Uzhavar Sandhai ),Mint(Pudina),Mint(Pudina),Local,27/08/2026,3000,4000,3500
Tamil Nadu,Thirupur,Dharapuram(Uzhavar Sandhai ),Mint(Pudina),Mint(Pudina),Local,27/08/2026,2500,3000,2750
Tamil Nadu,Salem,Elampillai(Uzhavar Sandhai ),Mint(Pudina),Mint(Pudina),Local,27/08/2026,3000,3500,3250
Tamil Nadu,Dharmapuri,Pennagaram(Uzhavar Sandhai ),Mint(Pudina),Mint(Pudina),Local,27/08/2026,5500,6000,5750
Tamil Nadu,Kancheepuram,Padappai(Uzhavar Sandhai ),Mint(Pudina),Mint(Pudina),Local,27/08/2026,3000,4000,3500
Tamil Nadu,Salem,Hasthampatti(Uzhavar Sandhai ),Mint(Pudina),Mint(Pudina),Local,27/08/2026,2600,3000,2800
Tamil Nadu,Salem,Thathakapatti(Uzhavar Sandhai ),Mint(Pudina),Mint(Pudina),Local,27/08/2026,3000,3200,3100
Tamil Nadu,The Nilgiris,Gudalur(Uzhavar Sandhai ),Mint(Pudina),Mint(Pudina),Local,27/08/2026,5000,6000,5500
Tamil Nadu,Thanjavur,Thanjavur(Uzhavar Sandhai ),Mint(Pudina),Mint(Pudina),Local,27/08/2026,5000,5000,5000
Tamil Nadu,Coimbatore,Pollachi(Uzhavar Sandhai ),Mint(Pudina),Mint(Pudina),Local,27/08/2026,5000,6000,5500
Tamil Nadu,Coimbatore,Singanallur(Uzhavar Sandhai ),Mint(Pudina),Mint(Pudina),Local,27/08/2026,4500,5000,4750
Tamil Nadu,Madurai,Palanganatham(Uzhavar Sandhai ),Mint(Pudina),Mint(Pudina),Local,27/08/2026,4500,5000,4750
Tamil Nadu,Madurai,Chokkikulam(Uzhavar Sandhai ),Mint(Pudina),Mint(Pudina),Local,27/08/2026,4500,5000,4750
Tamil Nadu,Thiruvannamalai,Polur(Uzhavar Sandhai ),Mint(Pudina),Mint(Pudina),Local,27/08/2026,3300,4000,3650
Tamil Nadu,Chengalpattu,Pallavaram(Uzhavar Sandhai ),Mint(Pudina),Mint(Pudina),Local,27/08/2026,3500,4000,3750
Tamil Nadu,Krishnagiri,Hosur(Uzhavar Sandhai ),Mint(Pudina),Mint(Pudina),Local,27/08/2026,3500,4000,3750
Tamil Nadu,Dharmapuri,AJattihalli(Uzhavar Sandhai ),Mint(Pudina),Mint(Pudina),Local,27/08/2026,4000,5000,4500
Tamil Nadu,Namakkal,Tiruchengode APMC,Mint(Pudina),Mint(Pudina),Local,27/08/2026,4500,5000,4750
Tamil Nadu,Namakkal,Namakkal(Uzhavar Sandhai ),Mint(Pudina),Mint(Pudina),Local,27/08/2026,4500,5000,4750
Tamil Nadu,Ranipet,Arcot(Uzhavar Sandhai ),Mint(Pudina),Mint(Pudina),Local,27/08/2026,3000,3000,3000
Tamil Nadu,Salem,Edapadi (Uzhavar Sandhai ),Mint(Pudina),Mint(Pudina),Local,27/08/2026,2500,3000,2750
Tamil Nadu,Theni,Chinnamanur(Uzhavar Sandhai ),Mint(Pudina),Mint(Pudina),Local,27/08/2026,5000,5000,5000
Tamil Nadu,Villupuram,Gingee(Uzhavar Sandhai ),Mint(Pudina),Mint(Pudina),Local,27/08/2026,3000,3000,3000
West Bengal,Medinipur(E),Kolaghat APMC,Rose(Local),Rose (Local),FAQ,27/08/2026,36000,38000,37000
Tamil Nadu,Chengalpattu,Nanganallur(Uzhavar Sandhai ),Rose(Local),Rose (Local),Local,27/08/2026,11000,12000,11500
Tamil Nadu,Namakkal,Namakkal(Uzhavar Sandhai ),Baby Corn,Baby Corn,Grade A,27/08/2026,2000,2600,2300
Tamil Nadu,Salem,Thammampatti (Uzhavar Sandhai ),Baby Corn,Baby Corn,Grade A,27/08/2026,2500,3000,2750
Tamil Nadu,Coimbatore,Vadavalli(Uzhavar Sandhai ),Baby Corn,Baby Corn,Grade A,27/08/2026,2200,2600,2400
Tamil Nadu,Salem,Hasthampatti(Uzhavar Sandhai ),Baby Corn,Baby Corn,Grade A,27/08/2026,2000,2500,2250
Tamil Nadu,Thirupathur,Vaniyampadi(Uzhavar Sandhai ),Sweet Corn ,Sweet Corn ,Local,27/08/2026,3000,3000,3000
Tamil Nadu,Theni,Theni(Uzhavar Sandhai ),Sweet Corn ,Sweet Corn ,Local,27/08/2026,5000,5000,5000
Tamil Nadu,Coimbatore,RSPuram(Uzhavar Sandhai ),Sweet Corn ,Sweet Corn ,Local,27/08/2026,3500,4000,3750
Tamil Nadu,Dharmapuri,AJattihalli(Uzhavar Sandhai ),Sweet Corn ,Sweet Corn ,Local,27/08/2026,3500,4000,3750
Uttar Pradesh,Badaun,Babrala APMC,Wheat,Dara,Local,27/08/2026,2510,2530,2520
Karnataka,Bagalkot,Hungund APMC,Wheat,Local,FAQ,27/08/2026,3050,3050,3050
Rajasthan,Jodhpur,Osiyan Mathania APMC,Wheat,Local,Local,27/08/2026,2400,2600,2500
Madhya Pradesh,Sidhi,Sidhi APMC,Wheat,Mill Quality,Non-FAQ,27/08/2026,2410,2430,2430
Andhra Pradesh,Vijayanagaram,Kothavalasa APMC,Paddy(Common),1001,Local,27/08/2026,2369,2369,2369
Andhra Pradesh,Kakinada,Karapa APMC,Paddy(Common),1001,FAQ,27/08/2026,2365,2369,2367
Andhra Pradesh,NTR,Mylavaram APMC,Paddy(Common),1001,FAQ,27/08/2026,2369,2369,2369
Andhra Pradesh,Tirupathi,Vakadu APMC,Paddy(Common),B P T,Local,27/08/2026,2389,2410,2400
Andhra Pradesh,Krishna,Divi (HQ-Avanigadda) APMC,Paddy(Common),B P T,FAQ,27/08/2026,3100,3500,3300
Andhra Pradesh,NTR,Nandigama APMC,Paddy(Common),B P T,Grade Range-1,27/08/2026,2320,2320,2320
Telangana,Siddipet,Dubbak APMC,Paddy(Common),I.R. 64,FAQ,27/08/2026,2400,2400,2400
Tamil Nadu,Kancheepuram,Uthukottai APMC,Paddy(Common),Other,Local,27/08/2026,1850,1950,1900
Andhra Pradesh,Palnadu,Ipur APMC,Paddy(Common),Paddy,FAQ,27/08/2026,2540,2700,2650
Andhra Pradesh,Dr.B.R.A.Konaseema,Alamuru APMC,Paddy(Common),Paddy,FAQ,27/08/2026,2369,2389,2369
Andhra Pradesh,Tirupathi,Srikalahasti APMC,Paddy(Common),Paddy Medium,Local,27/08/2026,2300,2600,2450
Andhra Pradesh,Nandyal,Atmakur (Nandyal District) APMC,Paddy(Common),Sona,FAQ,27/08/2026,2470,2470,2470
Andhra Pradesh,NTR,Tiruvuru APMC,Paddy(Common),Sona,Local,27/08/2026,2800,2800,2800
Maharashtra,Raigad,Alibagh APMC,Rice,Other,Local,27/08/2026,4000,4500,4250
Andhra Pradesh,Vijayanagaram,Chipurupalli APMC,Maize,Local,FAQ,27/08/2026,4800,4800,4800
Telangana,Siddipet,Bejjenki APMC,Maize,Local,FAQ,27/08/2026,2250,2250,2250
Andhra Pradesh,Parvathipuram Manyam,Kurupam APMC,Maize,Local,Local,27/08/2026,2400,2400,2400
Andhra Pradesh,Parvathipuram Manyam,Parvathipuram APMC,Maize,Local,Local,27/08/2026,2400,2400,2400
Andhra Pradesh,Nandyal,Allagadda APMC,Maize,Local,FAQ,27/08/2026,2050,2210,2160
Andhra Pradesh,Vijayanagaram,Rajam APMC,Maize,Local,FAQ,27/08/2026,2400,2400,2400
Andhra Pradesh,Srikakulam,Hiramandalam APMC,Maize,Medium,Local,27/08/2026,2200,2200,2200
Karnataka,Bagalkot,Hungund APMC,Jowar(Sorghum),Yellow,FAQ,27/08/2026,2500,2500,2500
Rajasthan,Kota,Kota APMC,Bengal Gram(Gram)(Whole),Other,Local,27/08/2026,5400,5400,5400
Andhra Pradesh,Krishna,Gannavaram APMC,Black Gram(Urd Beans)(Whole),Desi,Local,27/08/2026,8200,8200,8200
Andhra Pradesh,Palnadu,Ipur APMC,Black Gram(Urd Beans)(Whole),Local,FAQ,27/08/2026,7500,7900,7850
Tamil Nadu,Salem,Thathakapatti(Uzhavar Sandhai ),Groundnut,Big (With Shell),Local,27/08/2026,7000,8000,7500
Tamil Nadu,Thirupathur,Vaniyampadi(Uzhavar Sandhai ),Groundnut,Big (With Shell),Local,27/08/2026,7000,7000,7000
Tamil Nadu,Vellore,Kahithapattarai(Uzhavar Sandhai ),Groundnut,Big (With Shell),Local,27/08/2026,8000,8000,8000
Tamil Nadu,Kallakuruchi,Kallakurichi(Uzhavar Sandhai ),Groundnut,Big (With Shell),Local,27/08/2026,7000,7000,7000
Andhra Pradesh,Sri Sathya Sai,Puttaparthi  APMC,Groundnut,F.A.Q,FAQ,27/08/2026,6400,6800,6600
Andhra Pradesh,Ananthapuramu,Gooti APMC,Groundnut,Local,Grade Range-1,27/08/2026,4050,5980,4980
Andhra Pradesh,Alluri Sitharama Raju,Chintapally APMC,Groundnut,Local,FAQ,27/08/2026,6280,7280,6780
Andhra Pradesh,Ananthapuramu,Kalyandurg APMC,Groundnut,Local,Grade Range-1,27/08/2026,8000,8500,8300
Rajasthan,Kota,Kota APMC,Mustard,Mustard,Local,27/08/2026,7700,7700,7700
Andhra Pradesh,Palnadu,Chilakaluripet APMC,Cotton,Other,Local,27/08/2026,7000,8300,7500
Tamil Nadu,Thirunelveli,Palayamkottai(Uzhavar Sandhai ),Apple,American,Local,27/08/2026,20000,24000,22000
Tamil Nadu,Thiruchirappalli,KKNagar(Uzhavar Sandhai ),Apple,American,Local,27/08/2026,23000,23000,23000
Tamil Nadu,Coimbatore,Vadavalli(Uzhavar Sandhai ),Apple,American,Local,27/08/2026,20000,28000,24000
Tamil Nadu,Coimbatore,RSPuram(Uzhavar Sandhai ),Apple,American,Local,27/08/2026,20000,28000,24000
Tamil Nadu,Madurai,Chokkikulam(Uzhavar Sandhai ),Apple,American,Local,27/08/2026,18000,27000,22500
Haryana,Rewari,Rewari APMC,Apple,Apple,Medium,27/08/2026,4000,27000,15000
Punjab,Hoshiarpur,Mukerian APMC,Apple,Apple,Grade B,27/08/2026,13000,15000,14000
Jammu and Kashmir,Baramulla,Sopore (Nowpora) (F&V),Apple,Delicious,Grade A,27/08/2026,3000,3000,3000
Tamil Nadu,Madurai,Palanganatham(Uzhavar Sandhai ),Orange,Darjeeling,Local,27/08/2026,14000,16000,15000
Tamil Nadu,Madurai,Anna nagar(Uzhavar Sandhai ),Orange,Darjeeling,Local,27/08/2026,14000,16000,15000
Tamil Nadu,Thirunelveli,NGO Colony(Uzhavar Sandhai ),Banana,Besrai,Local,27/08/2026,5000,6000,5500
Tamil Nadu,The Nilgiris,Udhagamandalam(Uzhavar Sandhai ),Banana,Besrai,Local,27/08/2026,3500,5000,4250
Tamil Nadu,Madurai,Chokkikulam(Uzhavar Sandhai ),Banana,Besrai,Local,27/08/2026,4000,5000,4500
Tamil Nadu,Dharmapuri,Harur(Uzhavar Sandhai ),Banana,Besrai,Local,27/08/2026,4000,6000,5000
Tamil Nadu,Virudhunagar,Sivakasi(Uzhavar Sandhai ),Banana,Besrai,Local,27/08/2026,4000,5000,4500
Tamil Nadu,Krishnagiri,Krishnagiri(Uzhavar Sandhai ),Banana,Besrai,Local,27/08/2026,6500,7000,6750
Tamil Nadu,Cuddalore,Chidambaram(Uzhavar Sandhai ),Banana,Besrai,Local,27/08/2026,4000,4000,4000
Tamil Nadu,Dindigul,Chinnalapatti(Uzhavar Sandhai ),Banana,Besrai,Local,27/08/2026,6000,7000,6500
Tamil Nadu,Madurai,Palanganatham(Uzhavar Sandhai ),Banana,Besrai,Local,27/08/2026,3000,4000,3500
Tamil Nadu,Thiruchirappalli,KKNagar(Uzhavar Sandhai ),Banana,Karpura,Local,27/08/2026,5000,5000,5000
Uttar Pradesh,Mau(Maunathbhanjan),Kopaganj APMC,Banana,Medium,Grade B,27/08/2026,3888,3920,3900
Punjab,Hoshiarpur,Mukerian APMC,Banana,Medium,Grade B,27/08/2026,2500,3500,3000
Andhra Pradesh,YSR Kadapa,Siddavatam APMC,Banana,Medium,Grade B,27/08/2026,1500,1700,1600
Keralam,Malappuram,Koorad Wandoor VFPCK Market,Banana,Nendra Bale,Local,27/08/2026,5500,5700,5600
Tamil Nadu,Karur,Gandhigramam(Uzhavar Sandhai),Banana,Other,Local,27/08/2026,5000,6000,5500
Tamil Nadu,Karur,Pallapatti (Uzhavar Sandhai ),Banana,Other,Local,27/08/2026,5500,6000,5750
Tamil Nadu,Nagapattinam,Vedaranyam(Uzhavar Sandhai),Banana,Other,Local,27/08/2026,3800,4000,3900
Tamil Nadu,Karur,Kulithalai(Uzhavar Sandhai ),Banana,Other,Local,27/08/2026,5500,6000,5750
Maharashtra,Pune,Pune(Moshi) APMC,Banana,Other,Local,27/08/2026,3000,6000,4500
Haryana,Mewat,FerozpurZirkha(Nagina) APMC,Banana,Other,Local,27/08/2026,1800,2200,2000
Himachal Pradesh,Kangra,SMY Palampur,Banana,Other,Medium,27/08/2026,5200,5500,5400
Keralam,Thirssur,Mala VFPCK Market,Banana,Poovan,Grade A,27/08/2026,5500,7000,6000
Tamil Nadu,Coimbatore,Sundarapuram(Uzhavar Sandhai ),Banana,Red Banana,Local,27/08/2026,7500,8000,7750
Tamil Nadu,Namakkal,Mohanur(Uzhavar Sandhai ),Banana,Red Banana,Local,27/08/2026,7200,8000,7600
Tamil Nadu,Krishnagiri,Hosur(Uzhavar Sandhai ),Banana,Red Banana,Local,27/08/2026,8000,9000,8500
Tamil Nadu,Kancheepuram,Sunguvarchatram(Uzhavar Sandhai ),Banana,Red Banana,Local,27/08/2026,7000,8000,7500
Tamil Nadu,Thirupur,Tiruppur (South) (Uzhavar Sandhai ),Banana,Red Banana,Local,27/08/2026,5000,6000,5500
Tamil Nadu,Salem,Attayampatti(Uzhavar Sandhai ),Banana,Red Banana,Local,27/08/2026,7500,8000,7750
Tamil Nadu,Salem,Ammapet(Uzhavar Sandhai ),Banana,Red Banana,Local,27/08/2026,7000,8000,7500
Tamil Nadu,Dharmapuri,AJattihalli(Uzhavar Sandhai ),Banana,Red Banana,Local,27/08/2026,9000,9000,9000
Tamil Nadu,Pudukkottai,Pudukottai(Uzhavar Sandhai ),Mango,Other,Local,27/08/2026,10000,12000,11000
Tamil Nadu,Thirupur,Dharapuram(Uzhavar Sandhai ),Mango,Safeda,Local,27/08/2026,5500,6000,5750
Tamil Nadu,Theni,Kambam(Uzhavar Sandhai ),Mango,Safeda,Local,27/08/2026,5000,8000,6500
Haryana,Hissar,Hansi APMC,Pineapple,Other,Grade B,27/08/2026,5000,8000,6500
Tamil Nadu,Namakkal,Namakkal(Uzhavar Sandhai ),Pineapple,Pine Apple,Local,27/08/2026,3000,4000,3500
Tamil Nadu,Chengalpattu,Nanganallur(Uzhavar Sandhai ),Pineapple,Pine Apple,Local,27/08/2026,5500,6000,5750
Tamil Nadu,Krishnagiri,Hosur(Uzhavar Sandhai ),Pineapple,Pine Apple,Local,27/08/2026,9000,10000,9500
Tamil Nadu,Chengalpattu,Nanganallur(Uzhavar Sandhai ),Grapes,Annabesahai,Local,27/08/2026,9000,10000,9500
Tamil Nadu,Coimbatore,Singanallur(Uzhavar Sandhai ),Grapes,Annabesahai,Local,27/08/2026,9000,10000,9500
Tamil Nadu,Thiruvannamalai,Tiruvannamalai(Uzhavar Sandhai ),Grapes,Annabesahai,Local,27/08/2026,8000,10000,9000
Tamil Nadu,Ariyalur,Jeyankondam (Uzhavar Sandhai ),Onion,Bellary,Local,27/08/2026,4500,5000,4750
Tamil Nadu,Thirunelveli,Palayamkottai(Uzhavar Sandhai ),Onion,Bellary,Local,27/08/2026,4800,5600,5200
Tamil Nadu,Virudhunagar,Sivakasi(Uzhavar Sandhai ),Onion,Bellary,Local,27/08/2026,5000,6000,5500
Tamil Nadu,Thiruvarur,Muthupettai(Uzhavar Sandhai ),Onion,Bellary,Local,27/08/2026,4000,4000,4000
Tamil Nadu,Cuddalore,Chidambaram(Uzhavar Sandhai ),Onion,Bellary,Local,27/08/2026,5000,5000,5000
Tamil Nadu,Dindigul,Dindigul(Uzhavar Sandhai ),Onion,Bellary,Local,27/08/2026,5000,6000,5500
Tamil Nadu,Madurai,Anaiyur(Uzhavar Sandhai ),Onion,Bellary,Local,27/08/2026,6000,6600,6300
Tamil Nadu,Thiruvannamalai,Vandavasi(Uzhavar Sandhai ),Onion,Bellary,Local,27/08/2026,4000,5000,4500
Tamil Nadu,Ranipet,Arcot(Uzhavar Sandhai ),Onion,Bellary,Local,27/08/2026,5000,5600,5300
Tamil Nadu,Chengalpattu,Thirukalukundram(Uzhavar Sandhai ),Onion,Bellary,Local,27/08/2026,5500,6000,5750
Tamil Nadu,Salem,Vazhapadi(Uzhavar Sandhai),Onion,Bellary,Local,27/08/2026,5500,6500,6000
Tamil Nadu,Krishnagiri,Avallapalli(Uzhavar Sandhai ),Onion,Bellary,Local,27/08/2026,5000,5500,5250
Tamil Nadu,Salem,Jalagandapuram(Uzhavar Sandhai ),Onion,Bellary,Local,27/08/2026,5500,6000,5750
Tamil Nadu,Villupuram,Tindivanam APMC,Onion,Bellary,Local,27/08/2026,4800,4800,4800
Tamil Nadu,Dharmapuri,Palacode(Uzhavar Sandhai ),Onion,Bellary,Local,27/08/2026,5200,5500,5350
Tamil Nadu,Salem,Thathakapatti(Uzhavar Sandhai ),Onion,Bellary,Local,27/08/2026,5500,6000,5750
Tamil Nadu,Salem,Sooramangalam(Uzhavar Sandhai ),Onion,Bellary,Local,27/08/2026,5000,6000,5500
Tamil Nadu,Nagercoil (Kannyiakumari),Vadaseri APMC,Onion,Bellary,Local,27/08/2026,6500,7000,6750
Tamil Nadu,Namakkal,Kumarapalayam(Uzhavar Sandhai ),Onion,Bellary,Local,27/08/2026,2800,3000,2900
Tamil Nadu,Virudhunagar,Thalavaipuram(Uzhavar Sandhai ),Onion,Bellary,Local,27/08/2026,5000,6000,5500
Tamil Nadu,Karur,Karur(Uzhavar Sandhai ),Onion,Bellary,Local,27/08/2026,5500,6000,5750
Tamil Nadu,Thirupathur,Natrampalli(Uzhavar Sandhai ),Onion,Bellary,Local,27/08/2026,4500,5000,4750
Tamil Nadu,Erode,Sathiyamagalam(Uzhavar Sandhai ),Onion,Bellary,Local,27/08/2026,5400,5800,5600
Tamil Nadu,Chengalpattu,Madhuranthagam(Uzhavar Sandhai ),Onion,Bellary,Local,27/08/2026,6000,6000,6000
Tamil Nadu,Thiruvannamalai,Tiruvannamalai(Uzhavar Sandhai ),Onion,Bellary,Local,27/08/2026,5000,5500,5250
Tamil Nadu,Salem,Elampillai(Uzhavar Sandhai ),Onion,Bellary,Local,27/08/2026,5500,6000,5750
Tamil Nadu,Thanjavur,Tirukattupalli(Uzhavar Sandhai ),Onion,Bellary,Local,27/08/2026,4800,4800,4800
Tamil Nadu,Thiruvellore,Perambakkam(Uzhavar Sandhai ),Onion,Bellary,Local,27/08/2026,5000,5000,5000
Tamil Nadu,Thanjavur,Pattukottai(Uzhavar Sandhai ),Onion,Bellary,Local,27/08/2026,4600,6000,5300
Tamil Nadu,Coimbatore,Sundarapuram(Uzhavar Sandhai ),Onion,Bellary,Local,27/08/2026,5000,5500,5250
Tamil Nadu,Tuticorin,Tuticorin(Uzhavar Sandhai ),Onion,Bellary,Local,27/08/2026,5000,5500,5250
Tamil Nadu,Sivaganga,Sivagangai (Uzhavar Sandhai ),Onion,Bellary,Local,27/08/2026,6200,6800,6500
Maharashtra,Pune,Pune(Moshi) APMC,Onion,Local,Local,27/08/2026,2000,3000,2500
Tripura,North Tripura,Dasda APMC,Onion,Onion,FAQ,27/08/2026,3800,3800,3800
Keralam,Thiruvananthapuram,Parassala Market,Onion,Onion,Local,27/08/2026,5000,5400,5200
Haryana,Sonipat,Ganaur APMC,Onion,Onion,FAQ,27/08/2026,4000,4500,4200
Himachal Pradesh,Kangra,SMY Palampur,Onion,Onion,FAQ,27/08/2026,5000,5500,5200
Tamil Nadu,Thanjavur,Kumbakonam (Uzhavar Sandhai ),Potato,Red Nanital,Local,27/08/2026,3000,3600,3300
Tamil Nadu,Nagapattinam,Mayiladuthurai(Uzhavar Sandhai ),Potato,Red Nanital,Local,27/08/2026,3000,3000,3000
Tamil Nadu,Cuddalore,Cuddalore(Uzhavar Sandhai ),Potato,Red Nanital,Local,27/08/2026,4000,4000,4000
Tamil Nadu,Coimbatore,Mettupalayam(Uzhavar Sandhai ),Potato,Red Nanital,Local,27/08/2026,4000,6500,5250
Tamil Nadu,Ranipet,Arcot(Uzhavar Sandhai ),Potato,Red Nanital,Local,27/08/2026,3000,3000,3000
Tamil Nadu,Madurai,Chokkikulam(Uzhavar Sandhai ),Potato,Red Nanital,Local,27/08/2026,3000,6000,4500
Tamil Nadu,Erode,Gobichettipalayam(Uzhavar Sandhai ),Potato,Red Nanital,Local,27/08/2026,3500,4000,3750
Tamil Nadu,Salem,Vazhapadi(Uzhavar Sandhai),Potato,Red Nanital,Local,27/08/2026,3000,3400,3200
Tamil Nadu,Thirupur,Palladam(Uzhavar Sandhai ),Potato,Red Nanital,Local,27/08/2026,2500,3000,2750
Tamil Nadu,Thiruvannamalai,Tiruvannamalai(Uzhavar Sandhai ),Potato,Red Nanital,Local,27/08/2026,3000,3600,3300
Tamil Nadu,Thanjavur,Pattukottai(Uzhavar Sandhai ),Potato,Red Nanital,Local,27/08/2026,3000,3000,3000
Tamil Nadu,Thirunelveli,NGO Colony(Uzhavar Sandhai ),Potato,Red Nanital,Local,27/08/2026,2400,2600,2500
Tamil Nadu,Villupuram,Ulundurpettai APMC,Potato,Red Nanital,Local,27/08/2026,4000,4000,4000
Tamil Nadu,Thiruchirappalli,Lalgudi(Uzhavar Sandhai ),Potato,Red Nanital,Local,27/08/2026,3000,3000,3000
Tamil Nadu,Salem,Thathakapatti(Uzhavar Sandhai ),Potato,Red Nanital,Local,27/08/2026,2800,6500,4650
Keralam,Kottayam,Pampady Market,Potato,Big,FAQ,27/08/2026,4000,5000,4500
Jammu and Kashmir,Rajouri,Rajouri (Phaliana) (F&V),Potato,Local,Grade B,27/08/2026,2000,2000,2000
Tamil Nadu,Kancheepuram,Sunguvarchatram(Uzhavar Sandhai ),Potato,Other,Local,27/08/2026,2800,2800,2800
Tamil Nadu,Namakkal,Mohanur(Uzhavar Sandhai ),Potato,Other,Local,27/08/2026,3200,3500,3350
Tamil Nadu,Karur,Karur(Uzhavar Sandhai ),Potato,Other,Local,27/08/2026,5500,6000,5750
Tamil Nadu,Coimbatore,RSPuram(Uzhavar Sandhai ),Potato,Other,Local,27/08/2026,6500,7000,6750
Tamil Nadu,Salem,Edapadi (Uzhavar Sandhai ),Potato,Other,Local,27/08/2026,3000,3000,3000
Tamil Nadu,Sivaganga,Devakottai (Uzhavar Sandhai ),Potato,Other,Local,27/08/2026,4200,5000,4600
Tamil Nadu,Madurai,Palanganatham(Uzhavar Sandhai ),Potato,Other,Local,27/08/2026,5500,6000,5750
Tamil Nadu,Thiruchirappalli,Manapparai(Uzhavar Sandhai ),Potato,Other,Local,27/08/2026,3000,3000,3000
Tamil Nadu,Thiruchirappalli,Thuraiyur APMC,Potato,Other,Local,27/08/2026,2500,3000,2750
Tamil Nadu,Theni,Kambam(Uzhavar Sandhai ),Potato,Other,Local,27/08/2026,2500,2500,2500
Tamil Nadu,Theni,Andipatti(Uzhavar Sandhai ),Potato,Other,Local,27/08/2026,2300,2500,2400
Punjab,Mohali,Kurali APMC,Potato,Other,Medium,27/08/2026,750,800,770
Odisha,Dhenkanal,Hindol APMC,Potato,Potato,Grade B,27/08/2026,1300,1500,1400
Keralam,Kottayam,Athirampuzha Market,Potato,Potato,FAQ,27/08/2026,3400,3600,3500
West Bengal,Darjeeling,Darjeeling APMC,Potato,Red,FAQ,27/08/2026,1400,1600,1500
West Bengal,Darjeeling,Karsiyang(Matigara) APMC,Potato,Red,FAQ,27/08/2026,1400,1600,1500
Tamil Nadu,Thiruvarur,Mannargudi I(Uzhavar Sandhai ),Garlic,Garlic,Local,27/08/2026,20000,24000,22000
Tamil Nadu,Salem,Thathakapatti(Uzhavar Sandhai ),Garlic,Garlic,Local,27/08/2026,25000,28000,26500
Tamil Nadu,Madurai,Chokkikulam(Uzhavar Sandhai ),Garlic,Garlic,Local,27/08/2026,14000,27000,20500
Tamil Nadu,Krishnagiri,Hosur(Uzhavar Sandhai ),Garlic,Garlic,Local,27/08/2026,20000,24000,22000
Tamil Nadu,Dharmapuri,Palacode(Uzhavar Sandhai ),Garlic,Garlic,Local,27/08/2026,21500,22000,21750
Tamil Nadu,The Nilgiris,Gudalur(Uzhavar Sandhai ),Garlic,Garlic,Local,27/08/2026,18000,20000,19000
Tamil Nadu,Thirunelveli,Palayamkottai(Uzhavar Sandhai ),Garlic,Garlic,Local,27/08/2026,22000,26000,24000
Tamil Nadu,Ranipet,Arcot(Uzhavar Sandhai ),Garlic,Garlic,Local,27/08/2026,20000,20000,20000
Tamil Nadu,Theni,Andipatti(Uzhavar Sandhai ),Garlic,Garlic,Local,27/08/2026,23000,24000,23500
Tamil Nadu,Thirupur,Tiruppur (South) (Uzhavar Sandhai ),Garlic,Garlic,Local,27/08/2026,20000,24000,22000
Tamil Nadu,Cuddalore,Vadalur(Uzhavar Sandhai ),Garlic,Garlic,Local,27/08/2026,18000,23000,20500
Tamil Nadu,Nagercoil (Kannyiakumari),Myladi(Uzhavar Sandhai ),Garlic,Garlic,Local,27/08/2026,14000,15000,14500
Tamil Nadu,Vellore,Perampet(Uzhavar Sandhai),Garlic,Garlic,Local,27/08/2026,21000,22000,21500
Tamil Nadu,Vellore,Kahithapattarai(Uzhavar Sandhai ),Chili Red,Bold,Local,27/08/2026,20000,20000,20000
Madhya Pradesh,Morena,Kailaras APMC,Chili Red,Geeli Mirchi,FAQ,27/08/2026,1800,2000,2000
Andhra Pradesh,Palnadu,Gurazala APMC,Chili Red,Red,Local,27/08/2026,15000,22500,19500
Uttar Pradesh,Mau(Maunathbhanjan),Kopaganj APMC,Cauliflower,Cauliflower,FAQ,27/08/2026,2300,2380,2330
Chandigarh,Chandigarh,Chandigarh (Grain/F&V) APMC,Cauliflower,Cauliflower,FAQ,27/08/2026,2000,3000,2800
Keralam,Kottayam,Athirampuzha Market,Cauliflower,Cauliflower,FAQ,27/08/2026,5000,5200,5100
Maharashtra,Ratnagiri,Ratnagiri (Nachane) APMC,Cauliflower,Other,Local,27/08/2026,2500,4000,3000
Tamil Nadu,Salem,Thathakapatti(Uzhavar Sandhai ),Cauliflower,Ranchi,Local,27/08/2026,2000,2500,2250
Tamil Nadu,Thirupathur,Natrampalli(Uzhavar Sandhai ),Cauliflower,Ranchi,Local,27/08/2026,2500,3000,2750
Tamil Nadu,Coimbatore,RSPuram(Uzhavar Sandhai ),Cauliflower,Ranchi,Local,27/08/2026,4400,4800,4600
Tamil Nadu,Krishnagiri,Avallapalli(Uzhavar Sandhai ),Cauliflower,Ranchi,Local,27/08/2026,3000,3500,3250
Tamil Nadu,Salem,Edapadi (Uzhavar Sandhai ),Cauliflower,Ranchi,Local,27/08/2026,2000,3000,2500
Tamil Nadu,Coimbatore,Pollachi(Uzhavar Sandhai ),Cauliflower,Ranchi,Local,27/08/2026,4500,5000,4750
Tamil Nadu,Virudhunagar,Thalavaipuram(Uzhavar Sandhai ),Cauliflower,Ranchi,Local,27/08/2026,2500,3000,2750
Tamil Nadu,Namakkal,Namakkal(Uzhavar Sandhai ),Cauliflower,Ranchi,Local,27/08/2026,2500,4000,3250
Tamil Nadu,Erode,Sathiyamagalam(Uzhavar Sandhai ),Cauliflower,Ranchi,Local,27/08/2026,3000,3400,3200
Tamil Nadu,Sivaganga,Sivagangai (Uzhavar Sandhai ),Cauliflower,Ranchi,Local,27/08/2026,3200,3600,3400
Tamil Nadu,Thirupur,Tiruppur (North) (Uzhavar Sandhai ),Cauliflower,Ranchi,Local,27/08/2026,2500,3000,2750
Tamil Nadu,Thiruvarur,Mannargudi I(Uzhavar Sandhai ),Cauliflower,Ranchi,Local,27/08/2026,6000,6000,6000
Tamil Nadu,Coimbatore,Sundarapuram(Uzhavar Sandhai ),Cauliflower,Ranchi,Local,27/08/2026,4500,5000,4750
Tamil Nadu,Ranipet,Ranipettai(Uzhavar Sandhai ),Cauliflower,Ranchi,Local,27/08/2026,3000,4000,3500
Tamil Nadu,Namakkal,Kumarapalayam(Uzhavar Sandhai ),Cauliflower,Ranchi,Local,27/08/2026,3000,4000,3500
Tamil Nadu,Erode,Gobichettipalayam(Uzhavar Sandhai ),Cauliflower,Ranchi,Local,27/08/2026,4000,4500,4250
Bihar,Supaul,Triveniganj APMC,Brinjal,Arkasheela Mattigulla,Grade A,27/08/2026,3100,3100,3100
Odisha,Dhenkanal,Hindol APMC,Brinjal,Brinjal,Grade B,27/08/2026,5000,5500,5200
Haryana,Mahendragarh-Narnaul,Narnaul APMC,Brinjal,Brinjal,Medium,27/08/2026,1500,2500,2000
Bihar,Madhubani,Madhubani APMC,Brinjal,Brinjal,FAQ,27/08/2026,2300,2500,2400
Himachal Pradesh,Kangra,SMY Palampur,Brinjal,Brinjal,FAQ,27/08/2026,2500,3500,3000
Haryana,Rohtak,Meham,Brinjal,Brinjal,Medium,27/08/2026,1200,1500,1300
Gujarat,Gandhinagar,Mansa(Manas Veg Yard) APMC,Brinjal,Brinjal,Local,27/08/2026,2500,2500,2500
Gujarat,Rajkot,Gondal(Veg.market Gondal) APMC,Brinjal,Brinjal,Local,27/08/2026,500,3000,1750
Tamil Nadu,Coimbatore,Sundarapuram(Uzhavar Sandhai ),Brinjal,Other,Local,27/08/2026,4200,4500,4350
Tamil Nadu,Karur,Pallapatti (Uzhavar Sandhai ),Brinjal,Other,Local,27/08/2026,5000,6000,5500
Tamil Nadu,Karur,Karur(Uzhavar Sandhai ),Brinjal,Other,Local,27/08/2026,4000,5000,4500
Tamil Nadu,Sivaganga,Singampunari(Uzhavar Sandhai ),Brinjal,Other,Local,27/08/2026,3800,4200,4000
Tamil Nadu,Pudukkottai,Gandarvakottai(Uzhavar Sandhai ),Brinjal,Other,Local,27/08/2026,4500,6000,5250
Tamil Nadu,Coimbatore,Udumalpet APMC,Brinjal,Other,Local,27/08/2026,4500,5000,4750
Tamil Nadu,Thiruvannamalai,Vandavasi(Uzhavar Sandhai ),Brinjal,Other,Local,27/08/2026,3000,3500,3250
Tamil Nadu,Thiruchirappalli,Manapparai(Uzhavar Sandhai ),Brinjal,Other,Local,27/08/2026,4600,4600,4600
Tamil Nadu,Thiruchirappalli,Thuraiyur APMC,Brinjal,Other,Local,27/08/2026,2000,2500,2250
Tamil Nadu,Pudukkottai,Alangudi(Uzhavar Sandhai ),Brinjal,Other,Local,27/08/2026,5500,6000,5750
Tamil Nadu,Salem,Sooramangalam(Uzhavar Sandhai ),Brinjal,Other,Local,27/08/2026,3000,3400,3200
Tamil Nadu,Thirunelveli,Melapalayam(Uzhavar Sandhai ),Brinjal,Other,Local,27/08/2026,2500,3000,2750
Tamil Nadu,Dindigul,Dindigul(Uzhavar Sandhai ),Brinjal,Other,Local,27/08/2026,6000,7000,6500
Tamil Nadu,Thirupur,Tiruppur (South) (Uzhavar Sandhai ),Brinjal,Other,Local,27/08/2026,5000,6000,5500
Tamil Nadu,Dharmapuri,Palacode(Uzhavar Sandhai ),Brinjal,Other,Local,27/08/2026,2600,3000,2800
Tamil Nadu,Thirunelveli,Kandiyaperi(Uzhavar Sandhai ),Brinjal,Other,Local,27/08/2026,2500,3000,2750
Tamil Nadu,Sivaganga,Tirupatthur(Uzhavar Sandhai ),Brinjal,Other,Local,27/08/2026,4000,4500,4250
Tamil Nadu,Vellore,Perampet(Uzhavar Sandhai),Brinjal,Other,Local,27/08/2026,3000,3600,3300
Tamil Nadu,Pudukkottai,Aranthangi(Uzhavar Sandhai ),Brinjal,Other,Local,27/08/2026,5000,6000,5500
Uttarakhand,Dehradoon,Vikasnagar APMC,Brinjal,Other,Medium,27/08/2026,800,900,900
Maharashtra,Pune,Pune(Moshi) APMC,Brinjal,Other,Local,27/08/2026,1500,2000,1750
Maharashtra,Pune,Pune(Pimpri) APMC,Brinjal,Other,Local,27/08/2026,3000,3000,3000
Haryana,Hissar,Hansi APMC,Brinjal,Other,FAQ,27/08/2026,1500,2000,1750
Odisha,Bolangir,Kantabaji APMC,Brinjal,Other,Grade B,27/08/2026,2200,2800,2500
Tamil Nadu,Salem,Thathakapatti(Uzhavar Sandhai ),Brinjal,Round,Local,27/08/2026,3800,4400,4100
Tamil Nadu,Vellore,Thirupathur APMC,Brinjal,Round,Local,27/08/2026,4000,4000,4000
Tamil Nadu,Erode,Sathiyamagalam(Uzhavar Sandhai ),Brinjal,Round,Local,27/08/2026,4000,4300,4150
Tamil Nadu,Thiruvannamalai,Tiruvannamalai(Uzhavar Sandhai ),Brinjal,Round,Local,27/08/2026,5000,6000,5500
Tamil Nadu,Thirunelveli,NGO Colony(Uzhavar Sandhai ),Brinjal,Round,Local,27/08/2026,3000,4600,3800
Tamil Nadu,Thiruchirappalli,Manachanallur(Uzhavar Sandhai ),Brinjal,Round,Local,27/08/2026,4600,4600,4600
Tamil Nadu,Thiruvannamalai,Tamarainagar(Uzhavar Sandhai ),Brinjal,Round,Local,27/08/2026,5000,6000,5500
Tamil Nadu,Virudhunagar,Rajapalayam(Uzhavar Sandhai ),Brinjal,Round,Local,27/08/2026,3500,4000,3750
Tamil Nadu,Theni,Chinnamanur(Uzhavar Sandhai ),Brinjal,Round,Local,27/08/2026,2800,3400,3100
Tamil Nadu,The Nilgiris,Gudalur(Uzhavar Sandhai ),Brinjal,Round,Local,27/08/2026,4500,5000,4750
Tamil Nadu,Coimbatore,Sulur(Uzhavar Sandhai ),Brinjal,Round,Local,27/08/2026,4000,5000,4500
Tamil Nadu,Tuticorin,Tuticorin(Uzhavar Sandhai ),Brinjal,Round,Local,27/08/2026,3000,3500,3250
Tamil Nadu,Erode,Perundurai(Uzhavar Sandhai ),Brinjal,Round,Local,27/08/2026,4500,4800,4650
Tamil Nadu,Cuddalore,Chidambaram(Uzhavar Sandhai ),Brinjal,Round,Local,27/08/2026,5000,5000,5000
Tamil Nadu,Ariyalur,Jeyankondam (Uzhavar Sandhai ),Brinjal,Round,Local,27/08/2026,4600,5400,5000
Tamil Nadu,Coimbatore,Mettupalayam(Uzhavar Sandhai ),Brinjal,Round,Local,27/08/2026,3000,3400,3200
Tamil Nadu,Erode,Thalavadi(Uzhavar Sandhai ),Brinjal,Round,Local,27/08/2026,3000,3500,3250
Tamil Nadu,Madurai,Chokkikulam(Uzhavar Sandhai ),Brinjal,Round,Local,27/08/2026,3600,5000,4300
Telangana,Ranga Reddy,"Vanasthalipuram,RBZ ",Brinjal,Round/Long,Grade A,27/08/2026,2300,2300,2300
Gujarat,Gandhinagar,Mansa(Manas Veg Yard) APMC,Brinjal,Round/Long,Local,27/08/2026,2500,3000,3000
Tamil Nadu,Coimbatore,RSPuram(Uzhavar Sandhai ),Coriander(Leaves),I Sort,Local,27/08/2026,3500,4000,3750
Tamil Nadu,Thiruchirappalli,Lalgudi(Uzhavar Sandhai ),Coriander(Leaves),I Sort,Local,27/08/2026,3000,3000,3000
Tamil Nadu,Vellore,Pallikonda(Uzhavar Sandhai),Coriander(Leaves),I Sort,Local,27/08/2026,3000,3500,3250
Tamil Nadu,Krishnagiri,Kaveripattinam(Uzhavar Sandhai ),Coriander(Leaves),I Sort,Local,27/08/2026,5000,5000,5000
Tamil Nadu,Vellore,Thirupathur APMC,Coriander(Leaves),I Sort,Local,27/08/2026,4000,4000,4000
Tamil Nadu,Madurai,Anna nagar(Uzhavar Sandhai ),Coriander(Leaves),I Sort,Local,27/08/2026,4000,5000,4500
Tamil Nadu,Thirupur,Dharapuram(Uzhavar Sandhai ),Coriander(Leaves),I Sort,Local,27/08/2026,3500,4000,3750
Tamil Nadu,Villupuram,Villupuram(Uzhavar Sandhai ),Coriander(Leaves),I Sort,Local,27/08/2026,5000,5000,5000
Tamil Nadu,Perambalur,Perambalur(Uzhavar Sandhai ),Coriander(Leaves),I Sort,Local,27/08/2026,3000,3000,3000
Tamil Nadu,Karur,Kulithalai(Uzhavar Sandhai ),Coriander(Leaves),I Sort,Local,27/08/2026,2500,3000,2750
Tamil Nadu,Virudhunagar,Rajapalayam(Uzhavar Sandhai ),Coriander(Leaves),I Sort,Local,27/08/2026,4000,4500,4250
Tamil Nadu,Sivaganga,Singampunari(Uzhavar Sandhai ),Coriander(Leaves),I Sort,Local,27/08/2026,4200,4600,4400
Tamil Nadu,Thiruchirappalli,KKNagar(Uzhavar Sandhai ),Coriander(Leaves),I Sort,Local,27/08/2026,3000,3000,3000
Tamil Nadu,Dharmapuri,Karimangalam(Uzhavar Sandhai),Coriander(Leaves),I Sort,Local,27/08/2026,4500,5000,4750
Tamil Nadu,Cuddalore,Cuddalore(Uzhavar Sandhai ),Coriander(Leaves),I Sort,Local,27/08/2026,5000,5000,5000
Tamil Nadu,Thanjavur,Thanjavur(Uzhavar Sandhai ),Coriander(Leaves),I Sort,Local,27/08/2026,3500,3500,3500
Tamil Nadu,Dindigul,Chinnalapatti(Uzhavar Sandhai ),Coriander(Leaves),I Sort,Local,27/08/2026,3000,3500,3250
Tamil Nadu,Virudhunagar,Sivakasi(Uzhavar Sandhai ),Coriander(Leaves),I Sort,Local,27/08/2026,4000,5000,4500
Tamil Nadu,Erode,Perundurai(Uzhavar Sandhai ),Coriander(Leaves),I Sort,Local,27/08/2026,4000,4500,4250
Tamil Nadu,Thirupathur,Vaniyampadi(Uzhavar Sandhai ),Coriander(Leaves),I Sort,Local,27/08/2026,5000,5000,5000
Tamil Nadu,Thiruvannamalai,Cheyyar(Uzhavar Sandhai ),Coriander(Leaves),I Sort,Local,27/08/2026,4000,5000,4500
Tamil Nadu,Erode,Sathiyamagalam(Uzhavar Sandhai ),Coriander(Leaves),I Sort,Local,27/08/2026,4500,5000,4750
Tamil Nadu,Thiruvannamalai,Polur(Uzhavar Sandhai ),Coriander(Leaves),I Sort,Local,27/08/2026,4200,5000,4600
Tamil Nadu,Dharmapuri,Palacode(Uzhavar Sandhai ),Coriander(Leaves),I Sort,Local,27/08/2026,4600,5000,4800
Tamil Nadu,Theni,Theni(Uzhavar Sandhai ),Coriander(Leaves),I Sort,Local,27/08/2026,3000,3000,3000
Maharashtra,Pune,Pune(Pimpri) APMC,Coriander(Leaves),Other,Local,27/08/2026,7,8,8
Gujarat,Amreli,APMC Bagasara,Red gram/Arhar/Tur(whole),777 New Ind,Local,27/08/2026,5000,6000,5500
Tamil Nadu,Thiruchirappalli,KKNagar(Uzhavar Sandhai ),Green Peas,Green Peas,Local,27/08/2026,22000,22000,22000
Tamil Nadu,Krishnagiri,Avallapalli(Uzhavar Sandhai ),Green Peas,Green Peas,Local,27/08/2026,13000,14000,13500
Tamil Nadu,Dharmapuri,Karimangalam(Uzhavar Sandhai),Green Peas,Green Peas,Local,27/08/2026,18000,19000,18500
Rajasthan,Kota,Kota APMC,Linseed,Other,Local,27/08/2026,9000,9000,9000
Tamil Nadu,Virudhunagar,Sivakasi(Uzhavar Sandhai ),Chikoos(Sapota),Sapota,Local,27/08/2026,3500,4000,3750
Tamil Nadu,Erode,Perundurai(Uzhavar Sandhai ),Chikoos(Sapota),Sapota,Local,27/08/2026,3600,4000,3800
Tamil Nadu,Erode,Sathiyamagalam(Uzhavar Sandhai ),Chikoos(Sapota),Sapota,Local,27/08/2026,3500,4000,3750
Tamil Nadu,Erode,Gobichettipalayam(Uzhavar Sandhai ),Chikoos(Sapota),Sapota,Local,27/08/2026,3600,4000,3800
Tamil Nadu,Madurai,Anna nagar(Uzhavar Sandhai ),Chikoos(Sapota),Sapota,Local,27/08/2026,5000,6000,5500
Tamil Nadu,Madurai,Thirumangalam(Uzhavar Sandhai ),Chikoos(Sapota),Sapota,Local,27/08/2026,5000,6000,5500
Tamil Nadu,Coimbatore,Sulur(Uzhavar Sandhai ),Papaya,Papaya,Local,27/08/2026,4400,4800,4600
Tamil Nadu,Villupuram,Ulundurpettai APMC,Papaya,Papaya,Local,27/08/2026,3000,3000,3000
Tamil Nadu,Thiruchirappalli,KKNagar(Uzhavar Sandhai ),Papaya,Papaya,Local,27/08/2026,4000,4000,4000
Tamil Nadu,Pudukkottai,Viralimalai(Uzhavar Sandhai ),Papaya,Papaya,Local,27/08/2026,2500,3000,2750
Tamil Nadu,Pudukkottai,Aranthangi(Uzhavar Sandhai ),Papaya,Papaya,Local,27/08/2026,2500,3000,2750
Tamil Nadu,Thirupur,Dharapuram(Uzhavar Sandhai ),Papaya,Papaya,Local,27/08/2026,2500,3000,2750
Tamil Nadu,Thirupur,Palladam(Uzhavar Sandhai ),Papaya,Papaya,Local,27/08/2026,2000,2500,2250
Tamil Nadu,Coimbatore,Sundarapuram(Uzhavar Sandhai ),Papaya,Papaya,Local,27/08/2026,4000,4500,4250
Tamil Nadu,Namakkal,Mohanur(Uzhavar Sandhai ),Papaya,Papaya,Local,27/08/2026,3200,3600,3400
Tamil Nadu,Dindigul,Chinnalapatti(Uzhavar Sandhai ),Papaya,Papaya,Local,27/08/2026,4000,4500,4250
Tamil Nadu,Virudhunagar,Srivilliputhur(Uzhavar Sandhai ),Papaya,Papaya,Local,27/08/2026,2500,3000,2750
Tamil Nadu,The Nilgiris,Udhagamandalam(Uzhavar Sandhai ),Papaya,Papaya,Local,27/08/2026,4500,5000,4750
Tamil Nadu,Coimbatore,Vadavalli(Uzhavar Sandhai ),Papaya,Papaya,Local,27/08/2026,4400,4800,4600
Tamil Nadu,Coimbatore,Mettupalayam(Uzhavar Sandhai ),Papaya,Papaya,Local,27/08/2026,3500,4000,3750
Tamil Nadu,Namakkal,Tiruchengode APMC,Papaya,Papaya,Local,27/08/2026,3000,3500,3250
Tamil Nadu,Coimbatore,RSPuram(Uzhavar Sandhai ),Papaya,Papaya,Local,27/08/2026,4400,4800,4600
Tamil Nadu,Erode,Periyar Nagar(Uzhavar Sandhai ),Papaya,Papaya,Local,27/08/2026,3000,3400,3200
Tamil Nadu,Namakkal,Namakkal(Uzhavar Sandhai ),Papaya,Papaya,Local,27/08/2026,3000,3500,3250
Tamil Nadu,Virudhunagar,Sathur(Uzhavar Sandhai ),Papaya,Papaya,Local,27/08/2026,2500,3000,2750
Tamil Nadu,Thiruchirappalli,Manapparai(Uzhavar Sandhai ),Papaya,Papaya,Local,27/08/2026,4000,4000,4000
Tamil Nadu,Salem,Thathakapatti(Uzhavar Sandhai ),Papaya,Papaya,Local,27/08/2026,3500,4000,3750
Punjab,Hoshiarpur,Mukerian APMC,Papaya,Papaya,Grade B,27/08/2026,2500,3500,3000
Haryana,Hissar,Hansi APMC,Water Melon,Other,Grade B,27/08/2026,2500,3000,2750
Tamil Nadu,Erode,Periyar Nagar(Uzhavar Sandhai ),Water Melon,Water Melon,Local,27/08/2026,1200,1500,1350
Tamil Nadu,Salem,Vazhapadi(Uzhavar Sandhai),Water Melon,Water Melon,Local,27/08/2026,2000,2000,2000
Tamil Nadu,Coimbatore,Mettupalayam(Uzhavar Sandhai ),Water Melon,Water Melon,Local,27/08/2026,2000,2500,2250
Tamil Nadu,Krishnagiri,Krishnagiri(Uzhavar Sandhai ),Water Melon,Water Melon,Local,27/08/2026,1500,2000,1750
Tamil Nadu,Coimbatore,Vadavalli(Uzhavar Sandhai ),Water Melon,Water Melon,Local,27/08/2026,1500,2000,1750
Tamil Nadu,Madurai,Anaiyur(Uzhavar Sandhai ),Water Melon,Water Melon,Local,27/08/2026,2000,2500,2250
Tamil Nadu,Chengalpattu,Nanganallur(Uzhavar Sandhai ),Water Melon,Water Melon,Local,27/08/2026,2000,2000,2000
Maharashtra,Ratnagiri,Ratnagiri (Nachane) APMC,Guar,Other,Local,27/08/2026,4000,5000,4500
Tamil Nadu,Thanjavur,Thanjavur(Uzhavar Sandhai ),Mousambi(Sweet Lime),Mousambi,Local,27/08/2026,8000,8000,8000
Tamil Nadu,Namakkal,Namakkal(Uzhavar Sandhai ),Mousambi(Sweet Lime),Mousambi,Local,27/08/2026,3500,4000,3750
Tamil Nadu,Madurai,Chokkikulam(Uzhavar Sandhai ),Mousambi(Sweet Lime),Mousambi,Local,27/08/2026,7000,7500,7250
Tamil Nadu,Madurai,Anaiyur(Uzhavar Sandhai ),Mousambi(Sweet Lime),Mousambi,Local,27/08/2026,7000,7500,7250
Tamil Nadu,Thiruvannamalai,Tiruvannamalai(Uzhavar Sandhai ),Mousambi(Sweet Lime),Mousambi,Local,27/08/2026,5000,6000,5500
Himachal Pradesh,Kangra,SMY Palampur,Mousambi(Sweet Lime),Mousambi,Medium,27/08/2026,6000,6500,6200
Haryana,Mahendragarh-Narnaul,Narnaul APMC,Mousambi(Sweet Lime),Mousambi,Medium,27/08/2026,3000,3500,3500
Haryana,Rewari,Kosli APMC,Mousambi(Sweet Lime),Other,Medium,27/08/2026,3000,3000,3000
Maharashtra,Pune,Pune(Moshi) APMC,Mousambi(Sweet Lime),Other,Local,27/08/2026,4000,4000,4000
Telangana,Khammam,"Pavilion Ground,Khammam,RBZ",Tomato,Deshi,FAQ,27/08/2026,2600,2600,2600
Tamil Nadu,Namakkal,Mohanur(Uzhavar Sandhai ),Tomato,Deshi,Local,27/08/2026,2400,2800,2600
Tamil Nadu,Coimbatore,Mettupalayam(Uzhavar Sandhai ),Tomato,Deshi,Local,27/08/2026,1600,2000,1800
Tamil Nadu,Karur,Karur(Uzhavar Sandhai ),Tomato,Deshi,Local,27/08/2026,1900,2400,2150
Tamil Nadu,Thiruvannamalai,Tamarainagar(Uzhavar Sandhai ),Tomato,Deshi,Local,27/08/2026,1800,2000,1900
Tamil Nadu,Salem,Vazhapadi(Uzhavar Sandhai),Tomato,Deshi,Local,27/08/2026,1400,2000,1700
Tamil Nadu,Theni,Devaram(Uzhavar Sandhai ),Tomato,Deshi,Local,27/08/2026,1800,1800,1800
Tamil Nadu,Thiruvarur,Tiruvarur(Uzhavar Sandhai ),Tomato,Deshi,Local,27/08/2026,2600,2600,2600
Tamil Nadu,Salem,Thathakapatti(Uzhavar Sandhai ),Tomato,Deshi,Local,27/08/2026,1600,2000,1800
Tamil Nadu,Dindigul,Chinnalapatti(Uzhavar Sandhai ),Tomato,Deshi,Local,27/08/2026,1500,2000,1750
Tamil Nadu,Coimbatore,Singanallur(Uzhavar Sandhai ),Tomato,Deshi,Local,27/08/2026,1600,1800,1700
Tamil Nadu,Kallakuruchi,Kallakurichi(Uzhavar Sandhai ),Tomato,Deshi,Local,27/08/2026,2500,2500,2500
Tamil Nadu,Nagapattinam,Sirkali(Uzhavar Sandhai ),Tomato,Deshi,Local,27/08/2026,2500,3000,2750
Tamil Nadu,Salem,Attayampatti(Uzhavar Sandhai ),Tomato,Deshi,Local,27/08/2026,1800,2000,1900
Tamil Nadu,Ariyalur,Jeyankondam (Uzhavar Sandhai ),Tomato,Deshi,Local,27/08/2026,2500,3000,2750
Tamil Nadu,Chengalpattu,Thirukalukundram(Uzhavar Sandhai ),Tomato,Deshi,Local,27/08/2026,2200,2500,2350
Tamil Nadu,Dharmapuri,Harur(Uzhavar Sandhai ),Tomato,Deshi,Local,27/08/2026,1500,2000,1750
Tamil Nadu,The Nilgiris,Gudalur(Uzhavar Sandhai ),Tomato,Deshi,Local,27/08/2026,1500,2000,1750
Tamil Nadu,Thiruchirappalli,Thiruverumbur(Uzhavar Sandhai ),Tomato,Deshi,Local,27/08/2026,2200,2200,2200
Tamil Nadu,Pudukkottai,Viralimalai(Uzhavar Sandhai ),Tomato,Deshi,Local,27/08/2026,2200,2500,2350
Tamil Nadu,Cuddalore,Chidambaram(Uzhavar Sandhai ),Tomato,Local,Local,27/08/2026,2000,2000,2000
Tamil Nadu,Dharmapuri,Pennagaram(Uzhavar Sandhai ),Tomato,Local,Local,27/08/2026,1800,2000,1900
Tamil Nadu,Salem,Ammapet(Uzhavar Sandhai ),Tomato,Local,Local,27/08/2026,1800,2000,1900
Tamil Nadu,Thiruchirappalli,Manapparai(Uzhavar Sandhai ),Tomato,Local,Local,27/08/2026,2200,2200,2200
Uttarakhand,Haridwar,Roorkee APMC,Tomato,Other,Medium,27/08/2026,1200,2200,1600
Tamil Nadu,Karur,Gandhigramam(Uzhavar Sandhai),Tomato,Other,Local,27/08/2026,2200,2400,2300
Tamil Nadu,Karur,Pallapatti (Uzhavar Sandhai ),Tomato,Other,Local,27/08/2026,1800,2000,1900
Tamil Nadu,Sivaganga,Singampunari(Uzhavar Sandhai ),Tomato,Other,Local,27/08/2026,2200,2400,2300
Tamil Nadu,Thiruchirappalli,Thuraiyur APMC,Tomato,Other,Local,27/08/2026,1800,2200,2000
Tamil Nadu,Pudukkottai,Alangudi(Uzhavar Sandhai ),Tomato,Other,Local,27/08/2026,2000,2500,2250
Tamil Nadu,Theni,Kambam(Uzhavar Sandhai ),Tomato,Other,Local,27/08/2026,1500,1700,1600
West Bengal,Darjeeling,Darjeeling APMC,Tomato,Other,FAQ,27/08/2026,3500,3700,3600
West Bengal,Darjeeling,Karsiyang(Matigara) APMC,Tomato,Other,FAQ,27/08/2026,3500,3700,3600
Uttar Pradesh,Prayagraj,Sirsa APMC,Tomato,Other,FAQ,27/08/2026,1500,2040,2016
Haryana,Mewat,FerozpurZirkha(Nagina) APMC,Tomato,Other,Local,27/08/2026,2000,2400,2200
Haryana,Sonipat,Ganaur APMC,Tomato,Tomato,FAQ,27/08/2026,2500,3000,2800
Himachal Pradesh,Kangra,SMY Palampur,Tomato,Tomato,FAQ,27/08/2026,2000,2600,2300
Tamil Nadu,Namakkal,Paramathivelur(Uzhavar Sandhai ),Cluster beans,Cluster Beans,Local,27/08/2026,3500,4000,3750
Tamil Nadu,Madurai,Melur(Uzhavar Sandhai ),Cluster beans,Cluster Beans,Local,27/08/2026,3000,3600,3300
Tamil Nadu,Virudhunagar,Srivilliputhur(Uzhavar Sandhai ),Cluster beans,Cluster Beans,Local,27/08/2026,3500,4000,3750
Tamil Nadu,Sivaganga,Tirupatthur(Uzhavar Sandhai ),Cluster beans,Cluster Beans,Local,27/08/2026,3500,4000,3750
Tamil Nadu,Chengalpattu,Pallavaram(Uzhavar Sandhai ),Cluster beans,Cluster Beans,Local,27/08/2026,5000,6000,5500
Tamil Nadu,Salem,Thammampatti (Uzhavar Sandhai ),Cluster beans,Cluster Beans,Local,27/08/2026,4000,4000,4000
Tamil Nadu,Thirupur,Tiruppur (South) (Uzhavar Sandhai ),Cluster beans,Cluster Beans,Local,27/08/2026,3400,4000,3700
Tamil Nadu,Dharmapuri,Karimangalam(Uzhavar Sandhai),Cluster beans,Cluster Beans,Local,27/08/2026,2800,3000,2900
Tamil Nadu,Nagapattinam,Mayiladuthurai(Uzhavar Sandhai ),Cluster beans,Cluster Beans,Local,27/08/2026,4500,5000,4750
Tamil Nadu,Salem,Mettur(Uzhavar Sandhai ),Cluster beans,Cluster Beans,Local,27/08/2026,3000,3500,3250
Tamil Nadu,The Nilgiris,Udhagamandalam(Uzhavar Sandhai ),Cluster beans,Cluster Beans,Local,27/08/2026,3500,4000,3750
Tamil Nadu,Coimbatore,Vadavalli(Uzhavar Sandhai ),Cluster beans,Cluster Beans,Local,27/08/2026,3400,3800,3600
Tamil Nadu,Thiruchirappalli,Lalgudi(Uzhavar Sandhai ),Cluster beans,Cluster Beans,Local,27/08/2026,3600,3600,3600
Tamil Nadu,Vellore,Perampet(Uzhavar Sandhai),Cluster beans,Cluster Beans,Local,27/08/2026,4000,4000,4000
Tamil Nadu,Theni,Andipatti(Uzhavar Sandhai ),Cluster beans,Cluster Beans,Local,27/08/2026,2300,2500,2400
Tamil Nadu,Salem,Attayampatti(Uzhavar Sandhai ),Cluster beans,Cluster Beans,Local,27/08/2026,3600,3600,3600
Tamil Nadu,Nagercoil (Kannyiakumari),Vadaseri APMC,Cluster beans,Cluster Beans,Local,27/08/2026,4500,5000,4750
Tamil Nadu,Tuticorin,Kovilpatti(Uzhavar Sandhai ),Cluster beans,Cluster Beans,Local,27/08/2026,3000,3500,3250
Tamil Nadu,Theni,Theni(Uzhavar Sandhai ),Cluster beans,Cluster Beans,Local,27/08/2026,3400,3400,3400
Tamil Nadu,Madurai,Anaiyur(Uzhavar Sandhai ),Cluster beans,Cluster Beans,Local,27/08/2026,3000,3600,3300
Tamil Nadu,Virudhunagar,Kariyapatti(Uzhavar Sandhai ),Cluster beans,Cluster Beans,Local,27/08/2026,3500,4000,3750
Tamil Nadu,Virudhunagar,Sathur(Uzhavar Sandhai ),Cluster beans,Cluster Beans,Local,27/08/2026,3500,4000,3750
Tamil Nadu,Theni,Kambam(Uzhavar Sandhai ),Cluster beans,Cluster Beans,Local,27/08/2026,3000,3000,3000
Tamil Nadu,Dharmapuri,Pennagaram(Uzhavar Sandhai ),Cluster beans,Cluster Beans,Local,27/08/2026,3600,4000,3800
Tamil Nadu,Dharmapuri,Dharmapuri(Uzhavar Sandhai ),Cluster beans,Cluster Beans,Local,27/08/2026,2400,2600,2500
Tamil Nadu,Namakkal,Kumarapalayam(Uzhavar Sandhai ),Cluster beans,Cluster Beans,Local,27/08/2026,3600,4000,3800
Tamil Nadu,Coimbatore,Kurichi(Uzhavar Sandhai ),Cluster beans,Cluster Beans,Local,27/08/2026,4000,4500,4250
Tamil Nadu,Karur,Velayuthampalayam(Uzhavar Sandhai ),Cluster beans,Cluster Beans,Local,27/08/2026,3200,4000,3600
Tamil Nadu,Villupuram,Ulundurpettai APMC,Cluster beans,Cluster Beans,Local,27/08/2026,5000,5000,5000
Tamil Nadu,Thiruchirappalli,Manachanallur(Uzhavar Sandhai ),Cluster beans,Cluster Beans,Local,27/08/2026,3600,3600,3600
Tamil Nadu,Pudukkottai,Viralimalai(Uzhavar Sandhai ),Cluster beans,Cluster Beans,Local,27/08/2026,3500,4000,3750
Tamil Nadu,Krishnagiri,Hosur(Uzhavar Sandhai ),Cluster beans,Cluster Beans,Local,27/08/2026,3000,3500,3250
Punjab,Amritsar,Rayya APMC,Bitter gourd,Bitter Gourd,FAQ,27/08/2026,1362,1362,1362
Tamil Nadu,Dharmapuri,Harur(Uzhavar Sandhai ),Bitter gourd,Bitter Gourd,Local,27/08/2026,4000,5000,4500
Tamil Nadu,Coimbatore,Udumalpet APMC,Bitter gourd,Bitter Gourd,Local,27/08/2026,5500,6000,5750
Tamil Nadu,Virudhunagar,Sathur(Uzhavar Sandhai ),Bitter gourd,Bitter Gourd,Local,27/08/2026,5500,6000,5750
Tamil Nadu,Virudhunagar,Virudhunagar(Uzhavar Sandhai ),Bitter gourd,Bitter Gourd,Local,27/08/2026,4500,5000,4750
Tamil Nadu,Thiruvannamalai,Polur(Uzhavar Sandhai ),Bitter gourd,Bitter Gourd,Local,27/08/2026,4000,4800,4400
Tamil Nadu,Sivaganga,Karaikudi(Uzhavar Sandhai ),Bitter gourd,Bitter Gourd,Local,27/08/2026,6000,6500,6250
Tamil Nadu,Krishnagiri,Denkanikottai(Uzhavar Sandhai ),Bitter gourd,Bitter Gourd,Local,27/08/2026,4000,5000,4500
Tamil Nadu,Villupuram,Villupuram(Uzhavar Sandhai ),Bitter gourd,Bitter Gourd,Local,27/08/2026,6000,8000,7000
Tamil Nadu,Thanjavur,Thanjavur(Uzhavar Sandhai ),Bitter gourd,Bitter Gourd,Local,27/08/2026,6000,6000,6000
Tamil Nadu,Madurai,Chokkikulam(Uzhavar Sandhai ),Bitter gourd,Bitter Gourd,Local,27/08/2026,6000,7000,6500
Tamil Nadu,Vellore,Thirupathur APMC,Bitter gourd,Bitter Gourd,Local,27/08/2026,5000,5000,5000
Tamil Nadu,Madurai,Palanganatham(Uzhavar Sandhai ),Bitter gourd,Bitter Gourd,Local,27/08/2026,5500,6000,5750
Tamil Nadu,Salem,Vazhapadi(Uzhavar Sandhai),Bitter gourd,Bitter Gourd,Local,27/08/2026,5500,6000,5750
Tamil Nadu,Vellore,Perampet(Uzhavar Sandhai),Bitter gourd,Bitter Gourd,Local,27/08/2026,4000,4000,4000
Tamil Nadu,Pudukkottai,Pudukottai(Uzhavar Sandhai ),Bitter gourd,Bitter Gourd,Local,27/08/2026,8000,9000,8500
Tamil Nadu,Theni,Bodinayakanur(Uzhavar Sandhai ),Bitter gourd,Bitter Gourd,Local,27/08/2026,3600,3600,3600
Tamil Nadu,Krishnagiri,Kaveripattinam(Uzhavar Sandhai ),Bitter gourd,Bitter Gourd,Local,27/08/2026,6000,6000,6000
Tamil Nadu,Thanjavur,Pattukottai(Uzhavar Sandhai ),Bitter gourd,Bitter Gourd,Local,27/08/2026,6000,6000,6000
Tamil Nadu,Thiruchirappalli,Manachanallur(Uzhavar Sandhai ),Bitter gourd,Bitter Gourd,Local,27/08/2026,6000,6000,6000
Odisha,Dhenkanal,Hindol APMC,Bitter gourd,Bitter Gourd,Grade B,27/08/2026,5200,5500,5400
Keralam,Kottayam,Athirampuzha Market,Bitter gourd,Bitter Gourd,FAQ,27/08/2026,6000,6200,6100
Nagaland,Wokha,Baghty APMC,Bitter gourd,Bitter Gourd,FAQ,27/08/2026,4500,5000,4800
Tamil Nadu,Sivaganga,Sivagangai (Uzhavar Sandhai ),Bitter gourd,Other,Local,27/08/2026,5600,6200,5900
Tamil Nadu,Namakkal,Paramathivelur(Uzhavar Sandhai ),Bitter gourd,Other,Local,27/08/2026,6300,7000,6650
Tamil Nadu,Erode,Sathiyamagalam(Uzhavar Sandhai ),Bitter gourd,Other,Local,27/08/2026,5400,5800,5600
Tamil Nadu,Madurai,Melur(Uzhavar Sandhai ),Bitter gourd,Other,Local,27/08/2026,5500,6000,5750
Tamil Nadu,Thiruvannamalai,Cheyyar(Uzhavar Sandhai ),Bitter gourd,Other,Local,27/08/2026,3200,4000,3600
Tamil Nadu,Dharmapuri,AJattihalli(Uzhavar Sandhai ),Bitter gourd,Other,Local,27/08/2026,4000,4000,4000
Tamil Nadu,Dharmapuri,Palacode(Uzhavar Sandhai ),Bitter gourd,Other,Local,27/08/2026,4000,4500,4250
Tamil Nadu,Pudukkottai,Aranthangi(Uzhavar Sandhai ),Bitter gourd,Other,Local,27/08/2026,7000,8000,7500
Tamil Nadu,Karur,Vengamedu(Uzhavar Sandhai ),Bitter gourd,Other,Local,27/08/2026,5500,6000,5750
Tamil Nadu,Dindigul,Chinnalapatti(Uzhavar Sandhai ),Bitter gourd,Other,Local,27/08/2026,5000,7000,6000
Tamil Nadu,Ranipet,Ranipettai(Uzhavar Sandhai ),Bitter gourd,Other,Local,27/08/2026,4000,4000,4000
Tamil Nadu,Sivaganga,Singampunari(Uzhavar Sandhai ),Bitter gourd,Other,Local,27/08/2026,5600,6200,5900
Punjab,Mohali,Kurali APMC,Bitter gourd,Other,Medium,27/08/2026,2400,2600,2500
Haryana,Hissar,Hansi APMC,Bitter gourd,Other,FAQ,27/08/2026,3000,3500,3250
Punjab,Mohali,Lalru APMC,Bitter gourd,Other,Local,27/08/2026,2600,2600,2600
Uttarakhand,Dehradoon,Rishikesh APMC,Bitter gourd,Other,Medium,27/08/2026,1000,1800,1200
Tamil Nadu,Karur,Kulithalai(Uzhavar Sandhai ),Bottle gourd,Bottle Gourd,Local,27/08/2026,1500,2000,1750
Tamil Nadu,Namakkal,Namakkal(Uzhavar Sandhai ),Bottle gourd,Bottle Gourd,Local,27/08/2026,1500,2000,1750
Tamil Nadu,Thiruchirappalli,Manapparai(Uzhavar Sandhai ),Bottle gourd,Bottle Gourd,Local,27/08/2026,3000,3000,3000
Tamil Nadu,Thiruvannamalai,Cheyyar(Uzhavar Sandhai ),Bottle gourd,Bottle Gourd,Local,27/08/2026,1500,2000,1750
Tamil Nadu,Salem,Vazhapadi(Uzhavar Sandhai),Bottle gourd,Bottle Gourd,Local,27/08/2026,2500,3000,2750
Tamil Nadu,Salem,Thammampatti (Uzhavar Sandhai ),Bottle gourd,Bottle Gourd,Local,27/08/2026,2000,2500,2250
Tamil Nadu,Krishnagiri,Kaveripattinam(Uzhavar Sandhai ),Bottle gourd,Bottle Gourd,Local,27/08/2026,3000,3000,3000
Tamil Nadu,Dharmapuri,Palacode(Uzhavar Sandhai ),Bottle gourd,Bottle Gourd,Local,27/08/2026,1800,2000,1900
Tamil Nadu,Kancheepuram,Padappai(Uzhavar Sandhai ),Bottle gourd,Bottle Gourd,Local,27/08/2026,2500,3000,2750
Tamil Nadu,Salem,Sooramangalam(Uzhavar Sandhai ),Bottle gourd,Bottle Gourd,Local,27/08/2026,2000,3000,2500
Tamil Nadu,Namakkal,Paramathivelur(Uzhavar Sandhai ),Bottle gourd,Bottle Gourd,Local,27/08/2026,1700,2000,1850
Tamil Nadu,Dindigul,Chinnalapatti(Uzhavar Sandhai ),Bottle gourd,Bottle Gourd,Local,27/08/2026,2500,3000,2750
Tamil Nadu,Madurai,Anna nagar(Uzhavar Sandhai ),Bottle gourd,Bottle Gourd,Local,27/08/2026,2500,3000,2750
Tamil Nadu,Chengalpattu,Madhuranthagam(Uzhavar Sandhai ),Bottle gourd,Bottle Gourd,Local,27/08/2026,3000,3000,3000
Tamil Nadu,Nagapattinam,Vedaranyam(Uzhavar Sandhai),Bottle gourd,Bottle Gourd,Local,27/08/2026,2800,3000,2900
Tamil Nadu,Theni,Andipatti(Uzhavar Sandhai ),Bottle gourd,Bottle Gourd,Local,27/08/2026,1800,2000,1900
Tamil Nadu,Dharmapuri,Harur(Uzhavar Sandhai ),Bottle gourd,Bottle Gourd,Local,27/08/2026,2000,2500,2250
Tamil Nadu,Salem,Mettur(Uzhavar Sandhai ),Bottle gourd,Bottle Gourd,Local,27/08/2026,1500,2000,1750
Tamil Nadu,Cuddalore,Vadalur(Uzhavar Sandhai ),Bottle gourd,Bottle Gourd,Local,27/08/2026,2500,2500,2500
Tamil Nadu,Thirupur,Palladam(Uzhavar Sandhai ),Bottle gourd,Bottle Gourd,Local,27/08/2026,1500,2000,1750
Tamil Nadu,The Nilgiris,Gudalur(Uzhavar Sandhai ),Bottle gourd,Bottle Gourd,Local,27/08/2026,2500,3000,2750
Tamil Nadu,Krishnagiri,Denkanikottai(Uzhavar Sandhai ),Bottle gourd,Bottle Gourd,Local,27/08/2026,1500,2000,1750
Tamil Nadu,Thiruvarur,Tiruvarur(Uzhavar Sandhai ),Bottle gourd,Bottle Gourd,Local,27/08/2026,3000,3000,3000
Tamil Nadu,Kancheepuram,Sunguvarchatram(Uzhavar Sandhai ),Bottle gourd,Bottle Gourd,Local,27/08/2026,3000,3000,3000
Tamil Nadu,Madurai,Anaiyur(Uzhavar Sandhai ),Bottle gourd,Bottle Gourd,Local,27/08/2026,2400,3000,2700
Tamil Nadu,Krishnagiri,Avallapalli(Uzhavar Sandhai ),Bottle gourd,Bottle Gourd,Local,27/08/2026,1500,2000,1750
Tamil Nadu,Vellore,Perampet(Uzhavar Sandhai),Bottle gourd,Bottle Gourd,Local,27/08/2026,2000,2000,2000
Tamil Nadu,Namakkal,Rasipuram(Uzhavar Sandhai ),Bottle gourd,Bottle Gourd,Local,27/08/2026,2000,2500,2250
Uttar Pradesh,Amroha,Hasanpur APMC,Bottle gourd,Bottle Gourd,FAQ,27/08/2026,1450,1520,1500
Haryana,Rohtak,Meham,Bottle gourd,Bottle Gourd,Medium,27/08/2026,1000,1000,1000
Himachal Pradesh,Kangra,SMY Jaisinghpur,Bottle gourd,Bottle Gourd,FAQ,27/08/2026,2800,4500,3500
Madhya Pradesh,Harda,Sirali(F&V) APMC,Bottle gourd,Bottle Gourd,Grade A,27/08/2026,1000,1000,1000
Himachal Pradesh,Kangra,SMY Palampur,Bottle gourd,Bottle Gourd,FAQ,27/08/2026,2500,4000,3200
Maharashtra,Pune,Pune(Pimpri) APMC,Bottle gourd,Other,Local,27/08/2026,2500,3000,2750
Uttarakhand,Dehradoon,Rishikesh APMC,Bottle gourd,Other,Medium,27/08/2026,1000,1600,1300
Gujarat,Gandhinagar,Mansa(Manas Veg Yard) APMC,Bottle gourd,Other,Local,27/08/2026,1000,1000,1000
Keralam,Kottayam,Athirampuzha Market,Ashgourd,Ashgourd,FAQ,27/08/2026,2600,2800,2700
Tamil Nadu,Salem,Ammapet(Uzhavar Sandhai ),Ashgourd,Gouard,Local,27/08/2026,2200,2200,2200
Tamil Nadu,Perambalur,Perambalur(Uzhavar Sandhai ),Ashgourd,Gouard,Local,27/08/2026,2000,2500,2250
Tamil Nadu,Thirunelveli,Melapalayam(Uzhavar Sandhai ),Ashgourd,Gouard,Local,27/08/2026,1000,1200,1100
Tamil Nadu,Coimbatore,Mettupalayam(Uzhavar Sandhai ),Ashgourd,Gouard,Local,27/08/2026,1800,2200,2000
Tamil Nadu,Coimbatore,RSPuram(Uzhavar Sandhai ),Ashgourd,Gouard,Local,27/08/2026,1800,2000,1900
Tamil Nadu,Thiruvannamalai,Cheyyar(Uzhavar Sandhai ),Ashgourd,Gouard,Local,27/08/2026,2000,2500,2250
Tamil Nadu,Erode,Periyar Nagar(Uzhavar Sandhai ),Ashgourd,Gouard,Local,27/08/2026,2000,2400,2200
Tamil Nadu,Thiruchirappalli,Thuraiyur APMC,Ashgourd,Gouard,Local,27/08/2026,1200,1800,1500
Tamil Nadu,Madurai,Anaiyur(Uzhavar Sandhai ),Ashgourd,Gouard,Local,27/08/2026,1600,2000,1800
Tamil Nadu,Kallakuruchi,Kallakurichi(Uzhavar Sandhai ),Ashgourd,Gouard,Local,27/08/2026,3000,3000,3000
Tamil Nadu,Thiruvannamalai,Tamarainagar(Uzhavar Sandhai ),Ashgourd,Gouard,Local,27/08/2026,2000,2500,2250
Tamil Nadu,Erode,Perundurai(Uzhavar Sandhai ),Ashgourd,Gouard,Local,27/08/2026,2000,2400,2200
Tamil Nadu,Thirupur,Tiruppur (North) (Uzhavar Sandhai ),Ashgourd,Gouard,Local,27/08/2026,1500,2000,1750
Tamil Nadu,Tuticorin,Tuticorin(Uzhavar Sandhai ),Ashgourd,Gouard,Local,27/08/2026,1500,2000,1750
Tamil Nadu,Erode,Thalavadi(Uzhavar Sandhai ),Ashgourd,Gouard,Local,27/08/2026,1400,1800,1600
Tamil Nadu,Pudukkottai,Aranthangi(Uzhavar Sandhai ),Ashgourd,Gouard,Local,27/08/2026,1000,1500,1250
Tamil Nadu,Villupuram,Tindivanam APMC,Ashgourd,Gouard,Local,27/08/2026,1500,1500,1500
Tamil Nadu,Coimbatore,Sundarapuram(Uzhavar Sandhai ),Ashgourd,Gouard,Local,27/08/2026,2000,2200,2100
Tamil Nadu,Virudhunagar,Thalavaipuram(Uzhavar Sandhai ),Ashgourd,Gouard,Local,27/08/2026,2500,3000,2750
Tamil Nadu,Coimbatore,Singanallur(Uzhavar Sandhai ),Ashgourd,Gouard,Local,27/08/2026,1800,2000,1900
Tamil Nadu,Thiruvannamalai,Vandavasi(Uzhavar Sandhai ),Ashgourd,Gouard,Local,27/08/2026,2000,2500,2250
Tamil Nadu,Virudhunagar,Srivilliputhur(Uzhavar Sandhai ),Ashgourd,Gouard,Local,27/08/2026,2500,3000,2750
Tamil Nadu,Chengalpattu,Pallavaram(Uzhavar Sandhai ),Ashgourd,Gouard,Local,27/08/2026,2000,2500,2250
Tamil Nadu,Nagapattinam,Mayiladuthurai(Uzhavar Sandhai ),Ashgourd,Gouard,Local,27/08/2026,1500,2000,1750
Tamil Nadu,Salem,Mettur(Uzhavar Sandhai ),Ashgourd,Gouard,Local,27/08/2026,2000,2500,2250
Uttar Pradesh,Bulandshahar,Gulavati APMC,Pumpkin,Pumpkin,FAQ,27/08/2026,1000,1200,1100
Tamil Nadu,Salem,Ammapet(Uzhavar Sandhai ),Pumpkin,Pumpkin,Local,27/08/2026,2400,2400,2400
Tamil Nadu,Coimbatore,Vadavalli(Uzhavar Sandhai ),Pumpkin,Pumpkin,Local,27/08/2026,1800,2000,1900
Tamil Nadu,Virudhunagar,Sathur(Uzhavar Sandhai ),Pumpkin,Pumpkin,Local,27/08/2026,2000,2500,2250
Tamil Nadu,Salem,Thammampatti (Uzhavar Sandhai ),Pumpkin,Pumpkin,Local,27/08/2026,2000,2000,2000
Tamil Nadu,Theni,Bodinayakanur(Uzhavar Sandhai ),Pumpkin,Pumpkin,Local,27/08/2026,1800,1800,1800
Tamil Nadu,Karur,Kulithalai(Uzhavar Sandhai ),Pumpkin,Pumpkin,Local,27/08/2026,2500,3000,2750
Tamil Nadu,Virudhunagar,Rajapalayam(Uzhavar Sandhai ),Pumpkin,Pumpkin,Local,27/08/2026,2500,3000,2750
Tamil Nadu,Coimbatore,Sundarapuram(Uzhavar Sandhai ),Pumpkin,Pumpkin,Local,27/08/2026,1800,2000,1900
Tamil Nadu,Thiruvannamalai,Cheyyar(Uzhavar Sandhai ),Pumpkin,Pumpkin,Local,27/08/2026,2500,3000,2750
Tamil Nadu,Erode,Gobichettipalayam(Uzhavar Sandhai ),Pumpkin,Pumpkin,Local,27/08/2026,2600,3000,2800
Tamil Nadu,Salem,Attayampatti(Uzhavar Sandhai ),Pumpkin,Pumpkin,Local,27/08/2026,2400,2800,2600
Tamil Nadu,Cuddalore,Cuddalore(Uzhavar Sandhai ),Pumpkin,Pumpkin,Local,27/08/2026,2000,2000,2000
Tamil Nadu,Namakkal,Tiruchengode APMC,Pumpkin,Pumpkin,Local,27/08/2026,2000,2200,2100
Tamil Nadu,Thiruchirappalli,Lalgudi(Uzhavar Sandhai ),Pumpkin,Pumpkin,Local,27/08/2026,2000,2000,2000
Tamil Nadu,Vellore,Kahithapattarai(Uzhavar Sandhai ),Pumpkin,Pumpkin,Local,27/08/2026,2500,2500,2500
Tamil Nadu,Coimbatore,Udumalpet APMC,Pumpkin,Pumpkin,Local,27/08/2026,1500,2000,1750
Keralam,Kottayam,Kattampak  VFPCK Market,Pumpkin,Pumpkin,Grade A,27/08/2026,1300,1800,1600
Gujarat,Rajkot,Gondal(Veg.market Gondal) APMC,Pumpkin,Pumpkin,Local,27/08/2026,600,1200,900
Chandigarh,Chandigarh,Chandigarh (Grain/F&V) APMC,Pumpkin,Pumpkin,FAQ,27/08/2026,800,1000,900
Tamil Nadu,Salem,Hasthampatti(Uzhavar Sandhai ),Bhindi(Ladies Finger),Bhindi,Local,27/08/2026,3000,3500,3250
Tamil Nadu,Namakkal,Mohanur(Uzhavar Sandhai ),Bhindi(Ladies Finger),Bhindi,Local,27/08/2026,4400,4800,4600
Tamil Nadu,Theni,Kambam(Uzhavar Sandhai ),Bhindi(Ladies Finger),Bhindi,Local,27/08/2026,2800,3000,2900
Tamil Nadu,Thirunelveli,NGO Colony(Uzhavar Sandhai ),Bhindi(Ladies Finger),Bhindi,Local,27/08/2026,2400,2600,2500
Tamil Nadu,Coimbatore,Singanallur(Uzhavar Sandhai ),Bhindi(Ladies Finger),Bhindi,Local,27/08/2026,4500,4800,4650
Tamil Nadu,Salem,Mecheri(Uzhavar Sandhai),Bhindi(Ladies Finger),Bhindi,Local,27/08/2026,3000,3500,3250
Tamil Nadu,Thirupur,Dharapuram(Uzhavar Sandhai ),Bhindi(Ladies Finger),Bhindi,Local,27/08/2026,4500,5000,4750
Tamil Nadu,Nagapattinam,Vedaranyam(Uzhavar Sandhai),Bhindi(Ladies Finger),Bhindi,Local,27/08/2026,4200,4500,4350
Tamil Nadu,Salem,Elampillai(Uzhavar Sandhai ),Bhindi(Ladies Finger),Bhindi,Local,27/08/2026,2500,3000,2750
Tamil Nadu,Salem,Mettur(Uzhavar Sandhai ),Bhindi(Ladies Finger),Bhindi,Local,27/08/2026,2500,3000,2750
Tamil Nadu,The Nilgiris,Gudalur(Uzhavar Sandhai ),Bhindi(Ladies Finger),Bhindi,Local,27/08/2026,4500,5000,4750
Tamil Nadu,Kancheepuram,Kundrathur(Uzhavar Sandhai ),Bhindi(Ladies Finger),Bhindi,Local,27/08/2026,3000,3000,3000
Tamil Nadu,Kancheepuram,Sunguvarchatram(Uzhavar Sandhai ),Bhindi(Ladies Finger),Bhindi,Local,27/08/2026,3000,3000,3000
Tamil Nadu,Coimbatore,Sundarapuram(Uzhavar Sandhai ),Bhindi(Ladies Finger),Bhindi,Local,27/08/2026,4400,4800,4600
Tamil Nadu,Karur,Pallapatti (Uzhavar Sandhai ),Bhindi(Ladies Finger),Bhindi,Local,27/08/2026,3500,4000,3750
Tamil Nadu,Virudhunagar,Sathur(Uzhavar Sandhai ),Bhindi(Ladies Finger),Bhindi,Local,27/08/2026,3500,4000,3750
Tamil Nadu,Virudhunagar,Sivakasi(Uzhavar Sandhai ),Bhindi(Ladies Finger),Bhindi,Local,27/08/2026,3500,4000,3750
Tamil Nadu,Erode,Perundurai(Uzhavar Sandhai ),Bhindi(Ladies Finger),Bhindi,Local,27/08/2026,2600,3000,2800
Tamil Nadu,Vellore,Pallikonda(Uzhavar Sandhai),Bhindi(Ladies Finger),Bhindi,Local,27/08/2026,2500,3000,2750
Tamil Nadu,Krishnagiri,Krishnagiri(Uzhavar Sandhai ),Bhindi(Ladies Finger),Bhindi,Local,27/08/2026,2600,2800,2700
Tamil Nadu,Dharmapuri,Dharmapuri(Uzhavar Sandhai ),Bhindi(Ladies Finger),Bhindi,Local,27/08/2026,2200,2400,2300
Tamil Nadu,Madurai,Anaiyur(Uzhavar Sandhai ),Bhindi(Ladies Finger),Bhindi,Local,27/08/2026,2500,3000,2750
Tamil Nadu,Krishnagiri,Avallapalli(Uzhavar Sandhai ),Bhindi(Ladies Finger),Bhindi,Local,27/08/2026,3000,3500,3250
Tamil Nadu,Vellore,Perampet(Uzhavar Sandhai),Bhindi(Ladies Finger),Bhindi,Local,27/08/2026,2500,2500,2500
Tamil Nadu,Vellore,Kahithapattarai(Uzhavar Sandhai ),Bhindi(Ladies Finger),Bhindi,Local,27/08/2026,3000,3000,3000
Tamil Nadu,Kancheepuram,Kancheepuram(Uzhavar Sandhai ),Bhindi(Ladies Finger),Bhindi,Local,27/08/2026,2500,3000,2750
Tamil Nadu,Thirunelveli,Kandiyaperi(Uzhavar Sandhai ),Bhindi(Ladies Finger),Bhindi,Local,27/08/2026,2400,2600,2500
Tamil Nadu,Dindigul,Dindigul(Uzhavar Sandhai ),Bhindi(Ladies Finger),Bhindi,Local,27/08/2026,3000,4000,3500
Tamil Nadu,Thirupathur,Natrampalli(Uzhavar Sandhai ),Bhindi(Ladies Finger),Bhindi,Local,27/08/2026,2500,3000,2750
Tamil Nadu,Vellore,Thirupathur APMC,Bhindi(Ladies Finger),Bhindi,Local,27/08/2026,3000,3000,3000
Tamil Nadu,Thiruchirappalli,Manapparai(Uzhavar Sandhai ),Bhindi(Ladies Finger),Bhindi,Local,27/08/2026,4000,4000,4000
Tamil Nadu,Erode,Sathiyamagalam(Uzhavar Sandhai ),Bhindi(Ladies Finger),Bhindi,Local,27/08/2026,3400,3800,3600
Tamil Nadu,Salem,Vazhapadi(Uzhavar Sandhai),Bhindi(Ladies Finger),Bhindi,Local,27/08/2026,3800,3800,3800
Madhya Pradesh,Morena,Kailaras APMC,Bhindi(Ladies Finger),Bhindi,FAQ,27/08/2026,1200,1200,1200
Keralam,Kottayam,Pampady Market,Bhindi(Ladies Finger),Bhindi,FAQ,27/08/2026,4500,5500,5000
Jammu and Kashmir,Rajouri,Rajouri (Phaliana) (F&V),Bhindi(Ladies Finger),Bhindi,Grade B,27/08/2026,3500,3500,3500
Haryana,Rohtak,Meham,Bhindi(Ladies Finger),Bhindi,Medium,27/08/2026,3000,3000,3000
Chandigarh,Chandigarh,Chandigarh (Grain/F&V) APMC,Bhindi(Ladies Finger),Bhindi,FAQ,27/08/2026,800,1600,1400
Himachal Pradesh,Kangra,SMY Palampur,Bhindi(Ladies Finger),Bhindi,FAQ,27/08/2026,2500,3000,2800
Uttarakhand,Haridwar,Roorkee APMC,Bhindi(Ladies Finger),Other,Local,27/08/2026,1000,1500,1300
Haryana,Hissar,Hansi APMC,Bhindi(Ladies Finger),Other,FAQ,27/08/2026,1500,2000,1750
Tamil Nadu,Thanjavur,Thanjavur(Uzhavar Sandhai ),Amaranthus,Amaranthus,Local,27/08/2026,2000,2000,2000
Tamil Nadu,Tuticorin,Kovilpatti(Uzhavar Sandhai ),Amaranthus,Amaranthus,Local,27/08/2026,1500,1800,1650
Tamil Nadu,Namakkal,Rasipuram(Uzhavar Sandhai ),Amaranthus,Amaranthus,Local,27/08/2026,3500,4000,3750
Tamil Nadu,Coimbatore,Mettupalayam(Uzhavar Sandhai ),Amaranthus,Amaranthus,Local,27/08/2026,3000,4000,3500
Tamil Nadu,Coimbatore,Pollachi(Uzhavar Sandhai ),Amaranthus,Amaranthus,Local,27/08/2026,3000,4000,3500
Tamil Nadu,Thiruvannamalai,Chengam(Uzhavar Sandhai ),Amaranthus,Amaranthus,Local,27/08/2026,1000,1500,1250
Tamil Nadu,Thirupathur,Vaniyampadi(Uzhavar Sandhai ),Amaranthus,Amaranthus,Local,27/08/2026,3000,3000,3000
Tamil Nadu,Thiruvannamalai,Cheyyar(Uzhavar Sandhai ),Amaranthus,Amaranthus,Local,27/08/2026,2000,2500,2250
Tamil Nadu,Thiruvannamalai,Arani(Uzhavar Sandhai ),Amaranthus,Amaranthus,Local,27/08/2026,1500,2000,1750
Tamil Nadu,Madurai,Chokkikulam(Uzhavar Sandhai ),Amaranthus,Amaranthus,Local,27/08/2026,3000,3600,3300
Tamil Nadu,Thiruvarur,Valangaiman APMC,Amaranthus,Amaranthus,Local,27/08/2026,2000,2000,2000
Tamil Nadu,Thiruvarur,Muthupettai(Uzhavar Sandhai ),Amaranthus,Amaranthus,Local,27/08/2026,2000,2000,2000
Tamil Nadu,Thanjavur,Pattukottai(Uzhavar Sandhai ),Amaranthus,Amaranthus,Local,27/08/2026,2000,2000,2000
Tamil Nadu,The Nilgiris,Udhagamandalam(Uzhavar Sandhai ),Amaranthus,Amaranthus,Local,27/08/2026,5500,6000,5750
Tamil Nadu,Sivaganga,Karaikudi(Uzhavar Sandhai ),Amaranthus,Amaranthus,Local,27/08/2026,3500,4000,3750
Tamil Nadu,Chengalpattu,Nanganallur(Uzhavar Sandhai ),Amaranthus,Amaranthus,Local,27/08/2026,2000,2500,2250
Tamil Nadu,Sivaganga,Devakottai (Uzhavar Sandhai ),Amaranthus,Amaranthus,Local,27/08/2026,3500,4000,3750
Tamil Nadu,Pudukkottai,Gandarvakottai(Uzhavar Sandhai ),Amaranthus,Amaranthus,Local,27/08/2026,1000,1500,1250
Tamil Nadu,Vellore,Pallikonda(Uzhavar Sandhai),Amaranthus,Amaranthus,Local,27/08/2026,3000,3500,3250
Tamil Nadu,Cuddalore,Vadalur(Uzhavar Sandhai ),Amaranthus,Amaranthus,Local,27/08/2026,3000,3500,3250
Tamil Nadu,Thirunelveli,Kandiyaperi(Uzhavar Sandhai ),Amaranthus,Amaranthus,Local,27/08/2026,1200,1500,1350
Tamil Nadu,Thiruchirappalli,Manachanallur(Uzhavar Sandhai ),Amaranthus,Amaranthus,Local,27/08/2026,2000,2000,2000
Tamil Nadu,Thiruvannamalai,Tamarainagar(Uzhavar Sandhai ),Amaranthus,Amaranthus,Local,27/08/2026,3500,4200,3850
Tamil Nadu,Virudhunagar,Sathur(Uzhavar Sandhai ),Amaranthus,Amaranthus,Local,27/08/2026,2500,3000,2750
Tamil Nadu,Vellore,Thirupathur APMC,Amaranthus,Amaranthus,Local,27/08/2026,2000,2000,2000
Tamil Nadu,Erode,Thalavadi(Uzhavar Sandhai ),Amaranthus,Amaranthus,Local,27/08/2026,3500,4000,3750
Tamil Nadu,Ramanathapuram,Kamuthi(Uzhavar Sandhai ),Amaranthus,Amaranthus,Local,27/08/2026,3800,4000,3900
Tamil Nadu,Ranipet,Ranipettai(Uzhavar Sandhai ),Amaranthus,Amaranthus,Local,27/08/2026,3000,3000,3000
Tamil Nadu,Vellore,Perampet(Uzhavar Sandhai),Amaranthus,Amaranthus,Local,27/08/2026,4000,4000,4000
Tamil Nadu,Pudukkottai,Pudukottai(Uzhavar Sandhai ),Amaranthus,Amaranthus,Local,27/08/2026,1500,2000,1750
Tamil Nadu,Perambalur,Perambalur(Uzhavar Sandhai ),Amaranthus,Amaranthus,Local,27/08/2026,2000,3000,2500
Tamil Nadu,Virudhunagar,Srivilliputhur(Uzhavar Sandhai ),Amaranthus,Amaranthus,Local,27/08/2026,2500,3000,2750
Keralam,Kottayam,Pampady Market,Amaranthus,Amaranthus,FAQ,27/08/2026,3000,4500,3500
Punjab,Amritsar,Rayya APMC,Green Chilli,Green Chilly,FAQ,27/08/2026,1100,1100,1100
Uttarakhand,Dehradoon,Vikasnagar APMC,Green Chilli,Green Chilly,Medium,27/08/2026,1000,2600,1500
Tamil Nadu,Dharmapuri,Pennagaram(Uzhavar Sandhai ),Green Chilli,Green Chilly,Local,27/08/2026,5500,6000,5750
Tamil Nadu,Dharmapuri,Dharmapuri(Uzhavar Sandhai ),Green Chilli,Green Chilly,Local,27/08/2026,3000,3200,3100
Tamil Nadu,Perambalur,Perambalur(Uzhavar Sandhai ),Green Chilli,Green Chilly,Local,27/08/2026,5000,5600,5300
Tamil Nadu,Coimbatore,Mettupalayam(Uzhavar Sandhai ),Green Chilli,Green Chilly,Local,27/08/2026,4000,4400,4200
Tamil Nadu,Namakkal,Namakkal(Uzhavar Sandhai ),Green Chilli,Green Chilly,Local,27/08/2026,5000,6000,5500
Tamil Nadu,Madurai,Anaiyur(Uzhavar Sandhai ),Green Chilli,Green Chilly,Local,27/08/2026,7000,8000,7500
Tamil Nadu,Madurai,Thirumangalam(Uzhavar Sandhai ),Green Chilli,Green Chilly,Local,27/08/2026,7000,8000,7500
Tamil Nadu,Erode,Thalavadi(Uzhavar Sandhai ),Green Chilli,Green Chilly,Local,27/08/2026,4000,4400,4200
Tamil Nadu,Chengalpattu,Pallavaram(Uzhavar Sandhai ),Green Chilli,Green Chilly,Local,27/08/2026,4000,5000,4500
Tamil Nadu,Salem,Ammapet(Uzhavar Sandhai ),Green Chilli,Green Chilly,Local,27/08/2026,5000,5000,5000
Tamil Nadu,Namakkal,Mohanur(Uzhavar Sandhai ),Green Chilli,Green Chilly,Local,27/08/2026,5500,6000,5750
Tamil Nadu,Dindigul,Chinnalapatti(Uzhavar Sandhai ),Green Chilli,Green Chilly,Local,27/08/2026,5000,6000,5500
Tamil Nadu,Karur,Velayuthampalayam(Uzhavar Sandhai ),Green Chilli,Green Chilly,Local,27/08/2026,4000,5000,4500
Tamil Nadu,Thiruvannamalai,Chengam(Uzhavar Sandhai ),Green Chilli,Green Chilly,Local,27/08/2026,5000,6000,5500
Tamil Nadu,Virudhunagar,Srivilliputhur(Uzhavar Sandhai ),Green Chilli,Green Chilly,Local,27/08/2026,4500,5000,4750
Tamil Nadu,Salem,Elampillai(Uzhavar Sandhai ),Green Chilli,Green Chilly,Local,27/08/2026,4500,5000,4750
Tamil Nadu,Salem,Mettur(Uzhavar Sandhai ),Green Chilli,Green Chilly,Local,27/08/2026,4800,5200,5000
Tamil Nadu,Karur,Pallapatti (Uzhavar Sandhai ),Green Chilli,Green Chilly,Local,27/08/2026,5000,6000,5500
Tamil Nadu,Thiruvannamalai,Arani(Uzhavar Sandhai ),Green Chilli,Green Chilly,Local,27/08/2026,6000,7200,6600
Tamil Nadu,Nagapattinam,Vedaranyam(Uzhavar Sandhai),Green Chilli,Green Chilly,Local,27/08/2026,3800,4000,3900
Tamil Nadu,Theni,Theni(Uzhavar Sandhai ),Green Chilli,Green Chilly,Local,27/08/2026,6000,7000,6500
Tamil Nadu,Vellore,Pallikonda(Uzhavar Sandhai),Green Chilli,Green Chilly,Local,27/08/2026,3500,4000,3750
Tamil Nadu,Salem,Attayampatti(Uzhavar Sandhai ),Green Chilli,Green Chilly,Local,27/08/2026,4800,5200,5000
Chandigarh,Chandigarh,Chandigarh (Grain/F&V) APMC,Green Chilli,Green Chilly,FAQ,27/08/2026,1500,3000,2600
Telangana,Ranga Reddy,"Vanasthalipuram,RBZ ",Green Chilli,Green Chilly,Grade A,27/08/2026,2300,2300,2300
Himachal Pradesh,Kangra,SMY Palampur,Green Chilli,Green Chilly,FAQ,27/08/2026,4000,5000,4500
Maharashtra,Pune,Pune(Pimpri) APMC,Green Chilli,Other,Local,27/08/2026,3000,3500,3250
Maharashtra,Pune,Pune(Pimpri) APMC,Chilly Capsicum,Other,Local,27/08/2026,3000,3000,3000
Tamil Nadu,Coimbatore,Sundarapuram(Uzhavar Sandhai ),Cowpea(Veg),Cowpea (Veg),Local,27/08/2026,4000,4500,4250
Tamil Nadu,Perambalur,Perambalur(Uzhavar Sandhai ),Cowpea(Veg),Cowpea (Veg),Local,27/08/2026,4000,4000,4000
Tamil Nadu,Chengalpattu,Pallavaram(Uzhavar Sandhai ),Cowpea(Veg),Cowpea (Veg),Local,27/08/2026,6000,7000,6500
Tamil Nadu,Madurai,Melur(Uzhavar Sandhai ),Cowpea(Veg),Cowpea (Veg),Local,27/08/2026,3000,3600,3300
Tamil Nadu,Erode,Periyar Nagar(Uzhavar Sandhai ),Cowpea(Veg),Cowpea (Veg),Local,27/08/2026,3600,4000,3800
Tamil Nadu,Thiruchirappalli,Manachanallur(Uzhavar Sandhai ),Cowpea(Veg),Cowpea (Veg),Local,27/08/2026,4000,4000,4000
Tamil Nadu,Krishnagiri,Denkanikottai(Uzhavar Sandhai ),Cowpea(Veg),Cowpea (Veg),Local,27/08/2026,5000,6000,5500
Tamil Nadu,Thiruvannamalai,Arani(Uzhavar Sandhai ),Banana - Green,Banana - Green,Local,27/08/2026,1500,2000,1750
Tamil Nadu,Madurai,Chokkikulam(Uzhavar Sandhai ),Banana - Green,Banana - Green,Local,27/08/2026,2000,2400,2200
Tamil Nadu,Erode,Gobichettipalayam(Uzhavar Sandhai ),Banana - Green,Banana - Green,Local,27/08/2026,3000,3500,3250
Tamil Nadu,Nagapattinam,Nagapattinam(Uzhavar Sandhai ),Banana - Green,Banana - Green,Local,27/08/2026,2500,3000,2750
Tamil Nadu,Theni,Theni(Uzhavar Sandhai ),Banana - Green,Banana - Green,Local,27/08/2026,3000,3000,3000
Tamil Nadu,Madurai,Melur(Uzhavar Sandhai ),Banana - Green,Banana - Green,Local,27/08/2026,3000,3500,3250
Tamil Nadu,Salem,Jalagandapuram(Uzhavar Sandhai ),Banana - Green,Banana - Green,Local,27/08/2026,2500,2800,2650
Tamil Nadu,Vellore,Kahithapattarai(Uzhavar Sandhai ),Banana - Green,Banana - Green,Local,27/08/2026,5000,5000,5000
Tamil Nadu,Theni,Andipatti(Uzhavar Sandhai ),Banana - Green,Banana - Green,Local,27/08/2026,3000,3500,3250
Tamil Nadu,Krishnagiri,Kaveripattinam(Uzhavar Sandhai ),Banana - Green,Banana - Green,Local,27/08/2026,2500,3000,2750
Tamil Nadu,Salem,Mettur(Uzhavar Sandhai ),Banana - Green,Banana - Green,Local,27/08/2026,2500,3000,2750
Tamil Nadu,Salem,Ammapet(Uzhavar Sandhai ),Banana - Green,Banana - Green,Local,27/08/2026,2800,2800,2800
Tamil Nadu,Nagercoil (Kannyiakumari),Vadaseri APMC,Banana - Green,Banana - Green,Local,27/08/2026,8000,8500,8250
Tamil Nadu,Thirunelveli,NGO Colony(Uzhavar Sandhai ),Banana - Green,Banana - Green,Local,27/08/2026,2500,3000,2750
Tamil Nadu,Salem,Thammampatti (Uzhavar Sandhai ),Banana - Green,Banana - Green,Local,27/08/2026,2000,2500,2250
Tamil Nadu,Theni,Devaram(Uzhavar Sandhai ),Banana - Green,Banana - Green,Local,27/08/2026,3500,3500,3500
Tamil Nadu,Villupuram,Tindivanam APMC,Banana - Green,Banana - Green,Local,27/08/2026,5000,5000,5000
Tamil Nadu,Thanjavur,Tirukattupalli(Uzhavar Sandhai ),Banana - Green,Banana - Green,Local,27/08/2026,4000,4000,4000
Tamil Nadu,Sivaganga,Singampunari(Uzhavar Sandhai ),Banana - Green,Banana - Green,Local,27/08/2026,2500,3000,2750
Tamil Nadu,Kancheepuram,Sunguvarchatram(Uzhavar Sandhai ),Banana - Green,Banana - Green,Local,27/08/2026,3000,3000,3000
Tamil Nadu,Thanjavur,Thanjavur(Uzhavar Sandhai ),Banana - Green,Banana - Green,Local,27/08/2026,4000,4000,4000
Tamil Nadu,Tuticorin,Kovilpatti(Uzhavar Sandhai ),Banana - Green,Banana - Green,Local,27/08/2026,3000,3500,3250
Tamil Nadu,Dindigul,Chinnalapatti(Uzhavar Sandhai ),Banana - Green,Banana - Green,Local,27/08/2026,3000,3600,3300
Tamil Nadu,Karur,Karur(Uzhavar Sandhai ),Banana - Green,Banana - Green,Local,27/08/2026,2500,3000,2750
Tamil Nadu,Thirupathur,Natrampalli(Uzhavar Sandhai ),Banana - Green,Banana - Green,Local,27/08/2026,2500,3000,2750
Tamil Nadu,Virudhunagar,Virudhunagar(Uzhavar Sandhai ),Banana - Green,Banana - Green,Local,27/08/2026,2500,3000,2750
Uttar Pradesh,Amroha,Hasanpur APMC,Banana - Green,Banana - Green,FAQ,27/08/2026,1450,1520,1500
Tamil Nadu,Thanjavur,Pattukottai(Uzhavar Sandhai ),Beans,Beans (Whole),Local,27/08/2026,9000,9000,9000
Tamil Nadu,Dindigul,Dindigul(Uzhavar Sandhai ),Beans,Beans (Whole),Local,27/08/2026,8000,10000,9000
Tamil Nadu,Karur,Kulithalai(Uzhavar Sandhai ),Beans,Beans (Whole),Local,27/08/2026,6000,7000,6500
Tamil Nadu,Virudhunagar,Thalavaipuram(Uzhavar Sandhai ),Beans,Beans (Whole),Local,27/08/2026,6500,8000,7250
Tamil Nadu,Thiruchirappalli,Manachanallur(Uzhavar Sandhai ),Beans,Beans (Whole),Local,27/08/2026,8400,8400,8400
Tamil Nadu,Thiruvannamalai,Vandavasi(Uzhavar Sandhai ),Beans,Beans (Whole),Local,27/08/2026,7000,8000,7500
Tamil Nadu,Thiruchirappalli,Manapparai(Uzhavar Sandhai ),Beans,Beans (Whole),Local,27/08/2026,8000,8000,8000
Tamil Nadu,Thiruchirappalli,Thuraiyur APMC,Beans,Beans (Whole),Local,27/08/2026,7500,8500,8000
Tamil Nadu,Coimbatore,Udumalpet APMC,Beans,Beans (Whole),Local,27/08/2026,8500,9000,8750
Tamil Nadu,Dharmapuri,Palacode(Uzhavar Sandhai ),Beans,Beans (Whole),Local,27/08/2026,8500,9000,8750
Tamil Nadu,Thanjavur,Kumbakonam (Uzhavar Sandhai ),Beans,Beans (Whole),Local,27/08/2026,7200,9600,8400
Tamil Nadu,Sivaganga,Karaikudi(Uzhavar Sandhai ),Beans,Beans (Whole),Local,27/08/2026,10500,11500,11000
Tamil Nadu,Salem,Athur(Uzhavar Sandhai ),Beans,Beans (Whole),Local,27/08/2026,7000,8000,7500
Tamil Nadu,Theni,Kambam(Uzhavar Sandhai ),Beans,Beans (Whole),Local,27/08/2026,7500,9800,8650
Tamil Nadu,Coimbatore,Mettupalayam(Uzhavar Sandhai ),Beans,Beans (Whole),Local,27/08/2026,6000,6500,6250
Tamil Nadu,Thirupathur,Vaniyampadi(Uzhavar Sandhai ),Beans,Beans (Whole),Local,27/08/2026,8000,8000,8000
Tamil Nadu,Erode,Gobichettipalayam(Uzhavar Sandhai ),Beans,Beans (Whole),Local,27/08/2026,8000,9000,8500
Tamil Nadu,Coimbatore,Pollachi(Uzhavar Sandhai ),Beans,Beans (Whole),Local,27/08/2026,8000,9000,8500
Tamil Nadu,Ranipet,Arcot(Uzhavar Sandhai ),Beans,Beans (Whole),Local,27/08/2026,8000,8000,8000
Tamil Nadu,Vellore,Perampet(Uzhavar Sandhai),Beans,Beans (Whole),Local,27/08/2026,7000,7600,7300
Tamil Nadu,Thirupur,Tiruppur (North) (Uzhavar Sandhai ),Beans,Beans (Whole),Local,27/08/2026,6000,7000,6500
Tamil Nadu,Cuddalore,Cuddalore(Uzhavar Sandhai ),Tapioca,Tapioca,Local,27/08/2026,5000,5000,5000
Tamil Nadu,Madurai,Chokkikulam(Uzhavar Sandhai ),Tapioca,Tapioca,Local,27/08/2026,3600,4000,3800
Tamil Nadu,Coimbatore,Mettupalayam(Uzhavar Sandhai ),Tapioca,Tapioca,Local,27/08/2026,3000,3500,3250
Tamil Nadu,Pudukkottai,Aranthangi(Uzhavar Sandhai ),Tapioca,Tapioca,Local,27/08/2026,2500,3000,2750
Tamil Nadu,The Nilgiris,Gudalur(Uzhavar Sandhai ),Tapioca,Tapioca,Local,27/08/2026,3000,3500,3250
Tamil Nadu,Namakkal,Namakkal(Uzhavar Sandhai ),Tapioca,Tapioca,Local,27/08/2026,2500,3000,2750
Tamil Nadu,Coimbatore,RSPuram(Uzhavar Sandhai ),Tapioca,Tapioca,Local,27/08/2026,2500,3200,2850
Tamil Nadu,Salem,Attayampatti(Uzhavar Sandhai ),Tapioca,Tapioca,Local,27/08/2026,3500,3500,3500
Tamil Nadu,Salem,Thathakapatti(Uzhavar Sandhai ),Tapioca,Tapioca,Local,27/08/2026,3500,4000,3750
Tamil Nadu,Virudhunagar,Srivilliputhur(Uzhavar Sandhai ),Ginger(Green),Green Ginger,Local,27/08/2026,19000,20000,19500
Tamil Nadu,Sivaganga,Singampunari(Uzhavar Sandhai ),Ginger(Green),Green Ginger,Local,27/08/2026,11000,19000,15000
Tamil Nadu,Sivaganga,Devakottai (Uzhavar Sandhai ),Ginger(Green),Green Ginger,Local,27/08/2026,12000,19200,15600
Tamil Nadu,Salem,Elampillai(Uzhavar Sandhai ),Ginger(Green),Green Ginger,Local,27/08/2026,17000,17500,17250
Tamil Nadu,Theni,Andipatti(Uzhavar Sandhai ),Ginger(Green),Green Ginger,Local,27/08/2026,9000,13500,11250
Tamil Nadu,Nagapattinam,Sirkali(Uzhavar Sandhai ),Ginger(Green),Green Ginger,Local,27/08/2026,18000,20000,19000
Tamil Nadu,Coimbatore,Vadavalli(Uzhavar Sandhai ),Ginger(Green),Green Ginger,Local,27/08/2026,15000,16000,15500
Tamil Nadu,Karur,Velayuthampalayam(Uzhavar Sandhai ),Ginger(Green),Green Ginger,Local,27/08/2026,17000,19000,18000
Tamil Nadu,Coimbatore,Pollachi(Uzhavar Sandhai ),Ginger(Green),Green Ginger,Local,27/08/2026,20000,22000,21000
Tamil Nadu,Virudhunagar,Thalavaipuram(Uzhavar Sandhai ),Ginger(Green),Green Ginger,Local,27/08/2026,11000,13000,12000
Tamil Nadu,Sivaganga,Tirupatthur(Uzhavar Sandhai ),Ginger(Green),Green Ginger,Local,27/08/2026,12400,19500,15950
Tamil Nadu,Theni,Kambam(Uzhavar Sandhai ),Ginger(Green),Green Ginger,Local,27/08/2026,15000,15000,15000
Tamil Nadu,Namakkal,Tiruchengode APMC,Ginger(Green),Green Ginger,Local,27/08/2026,17000,19000,18000
Tamil Nadu,Erode,Thalavadi(Uzhavar Sandhai ),Ginger(Green),Green Ginger,Local,27/08/2026,13000,14000,13500
Tamil Nadu,Ranipet,Ranipettai(Uzhavar Sandhai ),Ginger(Green),Green Ginger,Local,27/08/2026,8000,17000,12500
Tamil Nadu,Chengalpattu,Pallavaram(Uzhavar Sandhai ),Ginger(Green),Green Ginger,Local,27/08/2026,16000,18000,17000
Tamil Nadu,Thirupur,Tiruppur (North) (Uzhavar Sandhai ),Ginger(Green),Green Ginger,Local,27/08/2026,16000,17000,16500
Tamil Nadu,Dharmapuri,Palacode(Uzhavar Sandhai ),Ginger(Green),Green Ginger,Local,27/08/2026,21600,22000,21800
Tamil Nadu,Dindigul,Dindigul(Uzhavar Sandhai ),Ginger(Green),Green Ginger,Local,27/08/2026,16000,18000,17000
Tamil Nadu,Villupuram,Ulundurpettai APMC,Ginger(Green),Green Ginger,Local,27/08/2026,11000,11000,11000
Tamil Nadu,Salem,Hasthampatti(Uzhavar Sandhai ),Ginger(Green),Green Ginger,Local,27/08/2026,17000,17500,17250
Tamil Nadu,Nagercoil (Kannyiakumari),Myladi(Uzhavar Sandhai ),Ginger(Green),Green Ginger,Local,27/08/2026,21000,22000,21500
Keralam,Kottayam,Pampady Market,Ginger(Green),Green Ginger,FAQ,27/08/2026,30000,35000,33000
Maharashtra,Pune,Pune(Moshi) APMC,Ginger(Green),Other,Local,27/08/2026,9000,10000,9500
Punjab,Mohali,Kurali APMC,Ginger(Green),Other,Medium,27/08/2026,8500,8700,8600
Rajasthan,Kota,Kota APMC,Corriander seed,Other,Local,27/08/2026,13000,13000,13000
Rajasthan,Kota,Kota APMC,Castor Seed,Other,Local,27/08/2026,5752,5752,5752
Tamil Nadu,Coimbatore,Kurichi(Uzhavar Sandhai ),Coconut,Coconut,Local,27/08/2026,5600,6000,5800
Tamil Nadu,Karur,Pallapatti (Uzhavar Sandhai ),Coconut,Coconut,Local,27/08/2026,5500,6000,5750
Tamil Nadu,Coimbatore,Mettupalayam(Uzhavar Sandhai ),Coconut,Coconut,Local,27/08/2026,5500,6000,5750
Tamil Nadu,Thirunelveli,Palayamkottai(Uzhavar Sandhai ),Coconut,Coconut,Local,27/08/2026,5800,6000,5900
Tamil Nadu,Madurai,Anaiyur(Uzhavar Sandhai ),Coconut,Coconut,Local,27/08/2026,6500,6800,6650
Tamil Nadu,Pudukkottai,Ponnamaravathi(Uzhavar Sandhai),Coconut,Coconut,Local,27/08/2026,3500,4000,3750
Tamil Nadu,Krishnagiri,Avallapalli(Uzhavar Sandhai ),Coconut,Coconut,Local,27/08/2026,5500,6000,5750
Tamil Nadu,Pudukkottai,Viralimalai(Uzhavar Sandhai ),Coconut,Coconut,Local,27/08/2026,3500,4000,3750
Tamil Nadu,Sivaganga,Sivagangai (Uzhavar Sandhai ),Coconut,Coconut,Local,27/08/2026,6600,7000,6800
Tamil Nadu,Theni,Chinnamanur(Uzhavar Sandhai ),Coconut,Coconut,Local,27/08/2026,5600,5600,5600
Tamil Nadu,Vellore,Kahithapattarai(Uzhavar Sandhai ),Coconut,Coconut,Local,27/08/2026,2500,2500,2500
Tamil Nadu,Cuddalore,Chidambaram(Uzhavar Sandhai ),Coconut,Coconut,Local,27/08/2026,6000,6000,6000
Tamil Nadu,Salem,Thathakapatti(Uzhavar Sandhai ),Coconut,Coconut,Local,27/08/2026,6000,6500,6250
Tamil Nadu,Chengalpattu,Thirukalukundram(Uzhavar Sandhai ),Coconut,Coconut,Local,27/08/2026,6000,7000,6500
Tamil Nadu,Thiruvannamalai,Tiruvannamalai(Uzhavar Sandhai ),Coconut,Coconut,Local,27/08/2026,4000,5000,4500
Tamil Nadu,Vellore,Perampet(Uzhavar Sandhai),Coconut,Coconut,Local,27/08/2026,2500,3000,2750
Tamil Nadu,Theni,Bodinayakanur(Uzhavar Sandhai ),Coconut,Coconut,Local,27/08/2026,5600,5600,5600
Tamil Nadu,Namakkal,Tiruchengode APMC,Coconut,Coconut,Local,27/08/2026,5600,6000,5800
Tamil Nadu,Dindigul,Dindigul(Uzhavar Sandhai ),Coconut,Coconut,Local,27/08/2026,6000,6500,6250
Tamil Nadu,Namakkal,Namakkal(Uzhavar Sandhai ),Coconut,Coconut,Local,27/08/2026,5500,6000,5750
Tamil Nadu,Kallakuruchi,Kallakurichi(Uzhavar Sandhai ),Coconut,Coconut,Local,27/08/2026,6000,6000,6000
Tamil Nadu,Thiruchirappalli,Manapparai(Uzhavar Sandhai ),Coconut,Coconut,Local,27/08/2026,7000,7000,7000
Tamil Nadu,Chengalpattu,Madhuranthagam(Uzhavar Sandhai ),Coconut,Coconut,Local,27/08/2026,3000,4000,3500
Tamil Nadu,Pudukkottai,Aranthangi(Uzhavar Sandhai ),Coconut,Coconut,Local,27/08/2026,3500,4000,3750
Tamil Nadu,Thirupur,Kangayam(Uzhavar Sandhai ),Coconut,Coconut,Local,27/08/2026,4500,5200,4850
Tamil Nadu,Thirupur,Tiruppur (South) (Uzhavar Sandhai ),Coconut,Coconut,Local,27/08/2026,5000,5500,5250
Tamil Nadu,Dharmapuri,Palacode(Uzhavar Sandhai ),Coconut,Coconut,Local,27/08/2026,6500,7000,6750
Tamil Nadu,Krishnagiri,Denkanikottai(Uzhavar Sandhai ),Coconut,Coconut,Local,27/08/2026,5000,6000,5500
Tamil Nadu,Salem,Elampillai(Uzhavar Sandhai ),Coconut,Coconut,Local,27/08/2026,6000,6500,6250
Tamil Nadu,Salem,Mettur(Uzhavar Sandhai ),Coconut,Coconut,Local,27/08/2026,5500,6000,5750
Tamil Nadu,Thiruvarur,Tiruvarur(Uzhavar Sandhai ),Coconut,Coconut,Local,27/08/2026,5000,5000,5000
Andhra Pradesh,Dr.B.R.A.Konaseema,Razole APMC,Coconut,Medium,FAQ,27/08/2026,15600,16000,15600
Tamil Nadu,Madurai,Palanganatham(Uzhavar Sandhai ),Betal Leaves,Mysore,Local,27/08/2026,20000,26000,23000
Tamil Nadu,Thanjavur,Thanjavur(Uzhavar Sandhai ),Sweet Potato,Hosur Red,Local,27/08/2026,6000,6000,6000
Tamil Nadu,Coimbatore,Singanallur(Uzhavar Sandhai ),Sweet Potato,Hosur Red,Local,27/08/2026,4500,5000,4750
Tamil Nadu,Thiruchirappalli,Thuraiyur APMC,Sweet Potato,Hosur Red,Local,27/08/2026,4000,4500,4250
Tamil Nadu,Dharmapuri,Pennagaram(Uzhavar Sandhai ),Sweet Potato,Hosur Red,Local,27/08/2026,2800,3000,2900
Tamil Nadu,Coimbatore,Sundarapuram(Uzhavar Sandhai ),Sweet Potato,Hosur Red,Local,27/08/2026,4500,5000,4750
Tamil Nadu,Thirupathur,Vaniyampadi(Uzhavar Sandhai ),Sweet Potato,Hosur Red,Local,27/08/2026,4000,4000,4000
Tamil Nadu,Villupuram,Villupuram(Uzhavar Sandhai ),Sweet Potato,Hosur Red,Local,27/08/2026,6000,6000,6000
Tamil Nadu,Thiruvannamalai,Arani(Uzhavar Sandhai ),Sweet Potato,Hosur Red,Local,27/08/2026,3500,4000,3750
Tamil Nadu,Salem,Attayampatti(Uzhavar Sandhai ),Sweet Potato,Hosur Red,Local,27/08/2026,4500,4500,4500
Tamil Nadu,Salem,Thathakapatti(Uzhavar Sandhai ),Sweet Potato,Hosur Red,Local,27/08/2026,4000,5000,4500
Tamil Nadu,Thiruvannamalai,Tamarainagar(Uzhavar Sandhai ),Sweet Potato,Hosur Red,Local,27/08/2026,4000,5000,4500
Tamil Nadu,Krishnagiri,Avallapalli(Uzhavar Sandhai ),Sweet Potato,Hosur Red,Local,27/08/2026,3500,4000,3750
Tamil Nadu,Salem,Jalagandapuram(Uzhavar Sandhai ),Sweet Potato,Hosur Red,Local,27/08/2026,4000,4500,4250
Tamil Nadu,Krishnagiri,Hosur(Uzhavar Sandhai ),Sweet Potato,Hosur Red,Local,27/08/2026,3500,4000,3750
Tamil Nadu,Dharmapuri,Harur(Uzhavar Sandhai ),Sweet Potato,Hosur Red,Local,27/08/2026,4000,5000,4500
Gujarat,Rajkot,Gondal(Veg.market Gondal) APMC,Sweet Potato,Sweet Potato,Local,27/08/2026,2000,3000,2500
Uttar Pradesh,Amroha,Hasanpur APMC,Carrot,Carrot,FAQ,27/08/2026,1850,2020,2000
Telangana,Ranga Reddy,"Vanasthalipuram,RBZ ",Carrot,Carrot,Grade A,27/08/2026,4500,4500,4500
Keralam,Kottayam,Athirampuzha Market,Carrot,Carrot,FAQ,27/08/2026,8000,8200,8100
Tamil Nadu,Thanjavur,Tirukattupalli(Uzhavar Sandhai ),Carrot,Pusakesar,Local,27/08/2026,8400,8400,8400
Tamil Nadu,Coimbatore,Mettupalayam(Uzhavar Sandhai ),Carrot,Pusakesar,Local,27/08/2026,7000,8000,7500
Tamil Nadu,Sivaganga,Devakottai (Uzhavar Sandhai ),Carrot,Pusakesar,Local,27/08/2026,5200,8200,6700
Tamil Nadu,Thirupur,Palladam(Uzhavar Sandhai ),Carrot,Pusakesar,Local,27/08/2026,6000,6500,6250
Tamil Nadu,Nagercoil (Kannyiakumari),Myladi(Uzhavar Sandhai ),Carrot,Pusakesar,Local,27/08/2026,7500,8000,7750
Tamil Nadu,Karur,Gandhigramam(Uzhavar Sandhai),Carrot,Pusakesar,Local,27/08/2026,8000,9000,8500
Tamil Nadu,Thirunelveli,NGO Colony(Uzhavar Sandhai ),Carrot,Pusakesar,Local,27/08/2026,4000,7000,5500
Tamil Nadu,Kallakuruchi,Sankarapuram(Uzhavar Sandhai ),Carrot,Pusakesar,Local,27/08/2026,9000,9000,9000
Tamil Nadu,Sivaganga,Tirupatthur(Uzhavar Sandhai ),Carrot,Pusakesar,Local,27/08/2026,5400,8500,6950
Tamil Nadu,Thanjavur,Pattukottai(Uzhavar Sandhai ),Carrot,Pusakesar,Local,27/08/2026,9400,9400,9400
Tamil Nadu,Erode,Thalavadi(Uzhavar Sandhai ),Carrot,Pusakesar,Local,27/08/2026,7500,8000,7750
Tamil Nadu,Virudhunagar,Rajapalayam(Uzhavar Sandhai ),Carrot,Pusakesar,Local,27/08/2026,4500,5000,4750
Tamil Nadu,Madurai,Anna nagar(Uzhavar Sandhai ),Carrot,Pusakesar,Local,27/08/2026,6500,7500,7000
Tamil Nadu,Salem,Edapadi (Uzhavar Sandhai ),Carrot,Pusakesar,Local,27/08/2026,7000,8000,7500
Tamil Nadu,Chengalpattu,Pallavaram(Uzhavar Sandhai ),Carrot,Pusakesar,Local,27/08/2026,8000,9000,8500
Tamil Nadu,Thiruvarur,Mannargudi I(Uzhavar Sandhai ),Carrot,Pusakesar,Local,27/08/2026,8000,8000,8000
Tamil Nadu,The Nilgiris,Udhagamandalam(Uzhavar Sandhai ),Carrot,Pusakesar,Local,27/08/2026,5000,5500,5250
Tamil Nadu,Tuticorin,Kovilpatti(Uzhavar Sandhai ),Carrot,Pusakesar,Local,27/08/2026,7500,8000,7750
Tamil Nadu,Namakkal,Rasipuram(Uzhavar Sandhai ),Carrot,Pusakesar,Local,27/08/2026,7000,8000,7500
Tamil Nadu,Dindigul,Dindigul(Uzhavar Sandhai ),Carrot,Pusakesar,Local,27/08/2026,7000,8000,7500
Tamil Nadu,Thiruvannamalai,Vandavasi(Uzhavar Sandhai ),Carrot,Pusakesar,Local,27/08/2026,6000,7200,6600
Tamil Nadu,Virudhunagar,Sivakasi(Uzhavar Sandhai ),Carrot,Pusakesar,Local,27/08/2026,3500,4000,3750
Tamil Nadu,Dharmapuri,Karimangalam(Uzhavar Sandhai),Carrot,Pusakesar,Local,27/08/2026,6500,7000,6750
Tamil Nadu,Theni,Kambam(Uzhavar Sandhai ),Carrot,Pusakesar,Local,27/08/2026,6200,6400,6300
Tamil Nadu,Thanjavur,Kumbakonam (Uzhavar Sandhai ),Cabbage,Cabbage,Local,27/08/2026,3600,3600,3600
Tamil Nadu,Kallakuruchi,Kallakurichi(Uzhavar Sandhai ),Cabbage,Cabbage,Local,27/08/2026,4000,4000,4000
Tamil Nadu,Vellore,Thirupathur APMC,Cabbage,Cabbage,Local,27/08/2026,3400,3400,3400
Tamil Nadu,Madurai,Anna nagar(Uzhavar Sandhai ),Cabbage,Cabbage,Local,27/08/2026,2500,3000,2750
Tamil Nadu,Vellore,Perampet(Uzhavar Sandhai),Cabbage,Cabbage,Local,27/08/2026,3000,3000,3000
Tamil Nadu,Theni,Devaram(Uzhavar Sandhai ),Cabbage,Cabbage,Local,27/08/2026,3000,3000,3000
Tamil Nadu,Thirunelveli,Melapalayam(Uzhavar Sandhai ),Cabbage,Cabbage,Local,27/08/2026,3200,3400,3300
Tamil Nadu,Karur,Kulithalai(Uzhavar Sandhai ),Cabbage,Cabbage,Local,27/08/2026,3000,3200,3100
Tamil Nadu,Virudhunagar,Thalavaipuram(Uzhavar Sandhai ),Cabbage,Cabbage,Local,27/08/2026,2600,3200,2900
Tamil Nadu,Thiruchirappalli,Manachanallur(Uzhavar Sandhai ),Cabbage,Cabbage,Local,27/08/2026,3000,3000,3000
Tamil Nadu,Thirupathur,Natrampalli(Uzhavar Sandhai ),Cabbage,Cabbage,Local,27/08/2026,2500,3000,2750
Tamil Nadu,Thiruchirappalli,Thuraiyur APMC,Cabbage,Cabbage,Local,27/08/2026,2500,3000,2750
Tamil Nadu,Vellore,Pallikonda(Uzhavar Sandhai),Cabbage,Cabbage,Local,27/08/2026,2500,2500,2500
Tamil Nadu,Nagapattinam,Vedaranyam(Uzhavar Sandhai),Cabbage,Cabbage,Local,27/08/2026,3400,3500,3450
Tamil Nadu,Thiruvarur,Mannargudi I(Uzhavar Sandhai ),Cabbage,Cabbage,Local,27/08/2026,3400,3400,3400
Tamil Nadu,Dharmapuri,Dharmapuri(Uzhavar Sandhai ),Cabbage,Cabbage,Local,27/08/2026,3200,3400,3300
Tamil Nadu,Kancheepuram,Kundrathur(Uzhavar Sandhai ),Cabbage,Cabbage,Local,27/08/2026,3000,3000,3000
Tamil Nadu,Thanjavur,Thanjavur(Uzhavar Sandhai ),Cabbage,Cabbage,Local,27/08/2026,3400,3400,3400
Tamil Nadu,Tuticorin,Kovilpatti(Uzhavar Sandhai ),Cabbage,Cabbage,Local,27/08/2026,3500,4000,3750
Tamil Nadu,Karur,Gandhigramam(Uzhavar Sandhai),Cabbage,Cabbage,Local,27/08/2026,4500,5000,4750
Tamil Nadu,Coimbatore,Mettupalayam(Uzhavar Sandhai ),Cabbage,Cabbage,Local,27/08/2026,3000,3500,3250
Tamil Nadu,Coimbatore,Pollachi(Uzhavar Sandhai ),Cabbage,Cabbage,Local,27/08/2026,3500,4000,3750
Tamil Nadu,Coimbatore,Singanallur(Uzhavar Sandhai ),Cabbage,Cabbage,Local,27/08/2026,2500,3000,2750
Tamil Nadu,Karur,Karur(Uzhavar Sandhai ),Cabbage,Cabbage,Local,27/08/2026,4500,5000,4750
Tamil Nadu,Thiruvannamalai,Cheyyar(Uzhavar Sandhai ),Cabbage,Cabbage,Local,27/08/2026,2500,3000,2750
Tamil Nadu,Chengalpattu,Pallavaram(Uzhavar Sandhai ),Cabbage,Cabbage,Local,27/08/2026,2000,2500,2250
Tamil Nadu,Thirupur,Tiruppur (North) (Uzhavar Sandhai ),Cabbage,Cabbage,Local,27/08/2026,2000,2500,2250
Tamil Nadu,Dharmapuri,Palacode(Uzhavar Sandhai ),Cabbage,Cabbage,Local,27/08/2026,2800,3000,2900
Tamil Nadu,Cuddalore,Cuddalore(Uzhavar Sandhai ),Cabbage,Cabbage,Local,27/08/2026,3000,3000,3000
Tamil Nadu,Thanjavur,Pattukottai(Uzhavar Sandhai ),Cabbage,Cabbage,Local,27/08/2026,3400,3400,3400
Tamil Nadu,Kancheepuram,Padappai(Uzhavar Sandhai ),Cabbage,Cabbage,Local,27/08/2026,2000,2500,2250
Tamil Nadu,Thiruchirappalli,Manapparai(Uzhavar Sandhai ),Cabbage,Cabbage,Local,27/08/2026,3000,3000,3000
Tamil Nadu,Thiruvannamalai,Polur(Uzhavar Sandhai ),Cabbage,Cabbage,Local,27/08/2026,2500,3000,2750
Tamil Nadu,Thiruvarur,Muthupettai(Uzhavar Sandhai ),Cabbage,Cabbage,Local,27/08/2026,3000,3000,3000
Himachal Pradesh,Kangra,SMY Palampur,Cabbage,Cabbage,FAQ,27/08/2026,2500,3000,2800
Himachal Pradesh,Kangra,SMY Jaisinghpur,Cabbage,Cabbage,FAQ,27/08/2026,2800,3200,3000
Keralam,Kottayam,Athirampuzha Market,Cabbage,Cabbage,FAQ,27/08/2026,3200,3400,3300
Telangana,Mahbubnagar,Mahabubnagar(Rythu Bazar),Cabbage,Cabbage,Local,27/08/2026,3000,3000,3000
Tamil Nadu,Virudhunagar,Srivilliputhur(Uzhavar Sandhai ),Snakeguard,Snakeguard,Local,27/08/2026,3500,4000,3750
Tamil Nadu,Erode,Periyar Nagar(Uzhavar Sandhai ),Snakeguard,Snakeguard,Local,27/08/2026,3600,4000,3800
Tamil Nadu,Thiruvannamalai,Tiruvannamalai(Uzhavar Sandhai ),Snakeguard,Snakeguard,Local,27/08/2026,3000,3600,3300
Tamil Nadu,Salem,Edapadi (Uzhavar Sandhai ),Snakeguard,Snakeguard,Local,27/08/2026,3500,4000,3750
Tamil Nadu,Thirupur,Kangayam(Uzhavar Sandhai ),Snakeguard,Snakeguard,Local,27/08/2026,4000,5000,4500
Tamil Nadu,Ariyalur,Jeyankondam (Uzhavar Sandhai ),Snakeguard,Snakeguard,Local,27/08/2026,3600,4000,3800
Tamil Nadu,Namakkal,Tiruchengode APMC,Snakeguard,Snakeguard,Local,27/08/2026,4500,5000,4750
Tamil Nadu,Salem,Elampillai(Uzhavar Sandhai ),Snakeguard,Snakeguard,Local,27/08/2026,3500,3800,3650
Tamil Nadu,The Nilgiris,Gudalur(Uzhavar Sandhai ),Snakeguard,Snakeguard,Local,27/08/2026,3500,4000,3750
Tamil Nadu,The Nilgiris,Udhagamandalam(Uzhavar Sandhai ),Snakeguard,Snakeguard,Local,27/08/2026,3000,3500,3250
Tamil Nadu,Thanjavur,Kumbakonam (Uzhavar Sandhai ),Snakeguard,Snakeguard,Local,27/08/2026,3600,3600,3600
Tamil Nadu,Krishnagiri,Denkanikottai(Uzhavar Sandhai ),Snakeguard,Snakeguard,Local,27/08/2026,3000,3500,3250
Tamil Nadu,Pudukkottai,Gandarvakottai(Uzhavar Sandhai ),Snakeguard,Snakeguard,Local,27/08/2026,3000,4000,3500
Tamil Nadu,Krishnagiri,Krishnagiri(Uzhavar Sandhai ),Snakeguard,Snakeguard,Local,27/08/2026,3000,3600,3300
Tamil Nadu,Villupuram,Gingee(Uzhavar Sandhai ),Snakeguard,Snakeguard,Local,27/08/2026,3000,3000,3000
Tamil Nadu,Thiruvarur,Tiruvarur(Uzhavar Sandhai ),Snakeguard,Snakeguard,Local,27/08/2026,4000,4000,4000
Tamil Nadu,Kancheepuram,Sunguvarchatram(Uzhavar Sandhai ),Snakeguard,Snakeguard,Local,27/08/2026,3000,3000,3000
Tamil Nadu,Thirunelveli,NGO Colony(Uzhavar Sandhai ),Snakeguard,Snakeguard,Local,27/08/2026,1600,1800,1700
Tamil Nadu,Coimbatore,Mettupalayam(Uzhavar Sandhai ),Snakeguard,Snakeguard,Local,27/08/2026,3000,3500,3250
Tamil Nadu,Thirunelveli,Palayamkottai(Uzhavar Sandhai ),Snakeguard,Snakeguard,Local,27/08/2026,1600,1800,1700
Tamil Nadu,Madurai,Chokkikulam(Uzhavar Sandhai ),Snakeguard,Snakeguard,Local,27/08/2026,3600,4500,4050
Tamil Nadu,Erode,Gobichettipalayam(Uzhavar Sandhai ),Snakeguard,Snakeguard,Local,27/08/2026,3800,4200,4000
Tamil Nadu,Pudukkottai,Viralimalai(Uzhavar Sandhai ),Snakeguard,Snakeguard,Local,27/08/2026,3500,4000,3750
Tamil Nadu,Thirupur,Tiruppur (North) (Uzhavar Sandhai ),Snakeguard,Snakeguard,Local,27/08/2026,3000,4000,3500
Tamil Nadu,Perambalur,Perambalur(Uzhavar Sandhai ),Snakeguard,Snakeguard,Local,27/08/2026,2800,2800,2800
Tamil Nadu,Tuticorin,Kovilpatti(Uzhavar Sandhai ),Snakeguard,Snakeguard,Local,27/08/2026,3500,4000,3750
Tamil Nadu,Namakkal,Rasipuram(Uzhavar Sandhai ),Snakeguard,Snakeguard,Local,27/08/2026,4500,5000,4750
Tamil Nadu,Karur,Kulithalai(Uzhavar Sandhai ),Snakeguard,Snakeguard,Local,27/08/2026,3000,3600,3300
Telangana,Ranga Reddy,"Vanasthalipuram,RBZ ",Snakeguard,Snakeguard,Grade A,27/08/2026,1300,1300,1300
Tamil Nadu,Dharmapuri,Dharmapuri(Uzhavar Sandhai ),Beetroot,Beetroot,Local,27/08/2026,5500,5800,5650
Tamil Nadu,Salem,Sooramangalam(Uzhavar Sandhai ),Beetroot,Beetroot,Local,27/08/2026,8000,8600,8300
Tamil Nadu,Tuticorin,Kovilpatti(Uzhavar Sandhai ),Beetroot,Beetroot,Local,27/08/2026,4500,5000,4750
Tamil Nadu,Tuticorin,Tuticorin(Uzhavar Sandhai ),Beetroot,Beetroot,Local,27/08/2026,5000,5500,5250
Tamil Nadu,Erode,Perundurai(Uzhavar Sandhai ),Beetroot,Beetroot,Local,27/08/2026,6000,6500,6250
Tamil Nadu,Madurai,Palanganatham(Uzhavar Sandhai ),Beetroot,Beetroot,Local,27/08/2026,5000,5500,5250
Tamil Nadu,Thiruvannamalai,Cheyyar(Uzhavar Sandhai ),Beetroot,Beetroot,Local,27/08/2026,4000,4800,4400
Tamil Nadu,Thirupur,Tiruppur (South) (Uzhavar Sandhai ),Beetroot,Beetroot,Local,27/08/2026,4000,6000,5000
Tamil Nadu,Dharmapuri,AJattihalli(Uzhavar Sandhai ),Beetroot,Beetroot,Local,27/08/2026,5000,5800,5400
Tamil Nadu,Ariyalur,Ariyalur(Uzhavar Sandhai),Beetroot,Beetroot,Local,27/08/2026,3500,4500,4000
Tamil Nadu,Namakkal,Tiruchengode APMC,Beetroot,Beetroot,Local,27/08/2026,7000,8000,7500
Tamil Nadu,Salem,Edapadi (Uzhavar Sandhai ),Beetroot,Beetroot,Local,27/08/2026,6000,7500,6750
Tamil Nadu,Chengalpattu,Nanganallur(Uzhavar Sandhai ),Beetroot,Beetroot,Local,27/08/2026,5000,6000,5500
Tamil Nadu,Salem,Mettur(Uzhavar Sandhai ),Beetroot,Beetroot,Local,27/08/2026,6500,7000,6750
Tamil Nadu,Namakkal,Paramathivelur(Uzhavar Sandhai ),Beetroot,Beetroot,Local,27/08/2026,8200,9000,8600
Tamil Nadu,Madurai,Anaiyur(Uzhavar Sandhai ),Beetroot,Beetroot,Local,27/08/2026,5000,5500,5250
Tamil Nadu,Vellore,Pallikonda(Uzhavar Sandhai),Beetroot,Beetroot,Local,27/08/2026,3500,4000,3750
Tamil Nadu,Theni,Bodinayakanur(Uzhavar Sandhai ),Beetroot,Beetroot,Local,27/08/2026,3600,3600,3600
Tamil Nadu,Dharmapuri,Pennagaram(Uzhavar Sandhai ),Beetroot,Beetroot,Local,27/08/2026,5200,5600,5400
Tamil Nadu,Perambalur,Perambalur(Uzhavar Sandhai ),Beetroot,Beetroot,Local,27/08/2026,5200,5600,5400
Tamil Nadu,Virudhunagar,Sathur(Uzhavar Sandhai ),Beetroot,Beetroot,Local,27/08/2026,4500,5000,4750
Tamil Nadu,Thiruchirappalli,Thuraiyur APMC,Beetroot,Beetroot,Local,27/08/2026,4000,5000,4500
Tamil Nadu,Sivaganga,Singampunari(Uzhavar Sandhai ),Beetroot,Beetroot,Local,27/08/2026,5200,5600,5400
Tamil Nadu,Salem,Vazhapadi(Uzhavar Sandhai),Beetroot,Beetroot,Local,27/08/2026,5000,5000,5000
Tamil Nadu,Dharmapuri,Karimangalam(Uzhavar Sandhai),Beetroot,Beetroot,Local,27/08/2026,5400,5800,5600
Tamil Nadu,Thirupur,Palladam(Uzhavar Sandhai ),Beetroot,Beetroot,Local,27/08/2026,2500,3000,2750
Tamil Nadu,Thiruvarur,Mannargudi I(Uzhavar Sandhai ),Beetroot,Beetroot,Local,27/08/2026,4400,4400,4400
Punjab,Kapurthala,Bhulath (Nadala) APMC,Cucumbar(Kheera),Cucumbar,Local,27/08/2026,650,700,700
Tamil Nadu,Chengalpattu,Nanganallur(Uzhavar Sandhai ),Cucumbar(Kheera),Cucumbar,Local,27/08/2026,5500,6000,5750
Tamil Nadu,Krishnagiri,Krishnagiri(Uzhavar Sandhai ),Cucumbar(Kheera),Cucumbar,Local,27/08/2026,2800,3000,2900
Tamil Nadu,Villupuram,Tindivanam APMC,Cucumbar(Kheera),Cucumbar,Local,27/08/2026,4500,4500,4500
Tamil Nadu,Nagercoil (Kannyiakumari),Vadaseri APMC,Cucumbar(Kheera),Cucumbar,Local,27/08/2026,2500,3000,2750
Tamil Nadu,Coimbatore,Kurichi(Uzhavar Sandhai ),Cucumbar(Kheera),Cucumbar,Local,27/08/2026,4000,4500,4250
Tamil Nadu,Chengalpattu,Pallavaram(Uzhavar Sandhai ),Cucumbar(Kheera),Cucumbar,Local,27/08/2026,4000,5000,4500
Tamil Nadu,Dharmapuri,Karimangalam(Uzhavar Sandhai),Cucumbar(Kheera),Cucumbar,Local,27/08/2026,4000,4500,4250
Tamil Nadu,The Nilgiris,Gudalur(Uzhavar Sandhai ),Cucumbar(Kheera),Cucumbar,Local,27/08/2026,3500,4000,3750
Tamil Nadu,Erode,Sathiyamagalam(Uzhavar Sandhai ),Cucumbar(Kheera),Cucumbar,Local,27/08/2026,2500,3000,2750
Tamil Nadu,Krishnagiri,Denkanikottai(Uzhavar Sandhai ),Cucumbar(Kheera),Cucumbar,Local,27/08/2026,2500,3000,2750
Tamil Nadu,Vellore,Perampet(Uzhavar Sandhai),Cucumbar(Kheera),Cucumbar,Local,27/08/2026,3000,3000,3000
Tamil Nadu,Dharmapuri,AJattihalli(Uzhavar Sandhai ),Cucumbar(Kheera),Cucumbar,Local,27/08/2026,4000,4600,4300
Tamil Nadu,Coimbatore,Sundarapuram(Uzhavar Sandhai ),Cucumbar(Kheera),Cucumbar,Local,27/08/2026,3500,4000,3750
Tamil Nadu,Coimbatore,Vadavalli(Uzhavar Sandhai ),Cucumbar(Kheera),Cucumbar,Local,27/08/2026,3400,3800,3600
Tamil Nadu,The Nilgiris,Udhagamandalam(Uzhavar Sandhai ),Cucumbar(Kheera),Cucumbar,Local,27/08/2026,4000,4500,4250
Keralam,Thiruvananthapuram,Parassala Market,Cucumbar(Kheera),Cucumbar,Local,27/08/2026,5200,5600,5400
Haryana,Mahendragarh-Narnaul,Narnaul APMC,Cucumbar(Kheera),Cucumbar,Medium,27/08/2026,2000,3500,2500
Punjab,Mohali,Kurali APMC,Cucumbar(Kheera),Other,Medium,27/08/2026,2700,2900,2800
Tamil Nadu,Cuddalore,Cuddalore(Uzhavar Sandhai ),Ridgeguard(Tori),Ridgeguard(Tori),Local,27/08/2026,6000,6000,6000
Tamil Nadu,Dharmapuri,Dharmapuri(Uzhavar Sandhai ),Ridgeguard(Tori),Ridgeguard(Tori),Local,27/08/2026,3300,3500,3400
Tamil Nadu,Thanjavur,Thanjavur(Uzhavar Sandhai ),Ridgeguard(Tori),Ridgeguard(Tori),Local,27/08/2026,5000,5000,5000
Tamil Nadu,Madurai,Anaiyur(Uzhavar Sandhai ),Ridgeguard(Tori),Ridgeguard(Tori),Local,27/08/2026,5000,6000,5500
Tamil Nadu,Virudhunagar,Kariyapatti(Uzhavar Sandhai ),Ridgeguard(Tori),Ridgeguard(Tori),Local,27/08/2026,5500,6000,5750
Tamil Nadu,Coimbatore,RSPuram(Uzhavar Sandhai ),Ridgeguard(Tori),Ridgeguard(Tori),Local,27/08/2026,3600,4000,3800
Tamil Nadu,Vellore,Kahithapattarai(Uzhavar Sandhai ),Ridgeguard(Tori),Ridgeguard(Tori),Local,27/08/2026,3500,3500,3500
Tamil Nadu,Villupuram,Tindivanam APMC,Ridgeguard(Tori),Ridgeguard(Tori),Local,27/08/2026,5000,5000,5000
Tamil Nadu,Tuticorin,Kovilpatti(Uzhavar Sandhai ),Ridgeguard(Tori),Ridgeguard(Tori),Local,27/08/2026,7500,8000,7750
Tamil Nadu,Namakkal,Rasipuram(Uzhavar Sandhai ),Ridgeguard(Tori),Ridgeguard(Tori),Local,27/08/2026,5000,5500,5250
Tamil Nadu,Coimbatore,Pollachi(Uzhavar Sandhai ),Ridgeguard(Tori),Ridgeguard(Tori),Local,27/08/2026,4500,5000,4750
Tamil Nadu,Virudhunagar,Thalavaipuram(Uzhavar Sandhai ),Ridgeguard(Tori),Ridgeguard(Tori),Local,27/08/2026,3200,4000,3600
Tamil Nadu,Thirupathur,Natrampalli(Uzhavar Sandhai ),Ridgeguard(Tori),Ridgeguard(Tori),Local,27/08/2026,3000,4000,3500
Tamil Nadu,Vellore,Thirupathur APMC,Ridgeguard(Tori),Ridgeguard(Tori),Local,27/08/2026,4000,4000,4000
Tamil Nadu,Erode,Periyar Nagar(Uzhavar Sandhai ),Ridgeguard(Tori),Ridgeguard(Tori),Local,27/08/2026,3600,4000,3800
Tamil Nadu,Pudukkottai,Aranthangi(Uzhavar Sandhai ),Ridgeguard(Tori),Ridgeguard(Tori),Local,27/08/2026,5000,6000,5500
Tamil Nadu,Thirupur,Kangayam(Uzhavar Sandhai ),Ridgeguard(Tori),Ridgeguard(Tori),Local,27/08/2026,5500,6000,5750
Tamil Nadu,Namakkal,Tiruchengode APMC,Ridgeguard(Tori),Ridgeguard(Tori),Local,27/08/2026,5000,6000,5500
Tamil Nadu,Sivaganga,Singampunari(Uzhavar Sandhai ),Ridgeguard(Tori),Ridgeguard(Tori),Local,27/08/2026,4400,5200,4800
Tamil Nadu,Theni,Chinnamanur(Uzhavar Sandhai ),Ridgeguard(Tori),Ridgeguard(Tori),Local,27/08/2026,3600,3600,3600
Tamil Nadu,Coimbatore,Sundarapuram(Uzhavar Sandhai ),Ridgeguard(Tori),Ridgeguard(Tori),Local,27/08/2026,3500,4000,3750
Tamil Nadu,Coimbatore,Kurichi(Uzhavar Sandhai ),Ridgeguard(Tori),Ridgeguard(Tori),Local,27/08/2026,3500,4000,3750
Tamil Nadu,Karur,Pallapatti (Uzhavar Sandhai ),Ridgeguard(Tori),Ridgeguard(Tori),Local,27/08/2026,5000,6000,5500
Tamil Nadu,Erode,Perundurai(Uzhavar Sandhai ),Ridgeguard(Tori),Ridgeguard(Tori),Local,27/08/2026,4000,4400,4200
Tamil Nadu,Pudukkottai,Gandarvakottai(Uzhavar Sandhai ),Ridgeguard(Tori),Ridgeguard(Tori),Local,27/08/2026,5000,6000,5500
Tamil Nadu,Krishnagiri,Krishnagiri(Uzhavar Sandhai ),Ridgeguard(Tori),Ridgeguard(Tori),Local,27/08/2026,2600,2800,2700
Tamil Nadu,Sivaganga,Sivagangai (Uzhavar Sandhai ),Ridgeguard(Tori),Ridgeguard(Tori),Local,27/08/2026,5200,6200,5700
Tamil Nadu,Villupuram,Villupuram(Uzhavar Sandhai ),Ridgeguard(Tori),Ridgeguard(Tori),Local,27/08/2026,6000,6000,6000
Uttar Pradesh,Amroha,Hasanpur APMC,Ridgeguard(Tori),Ridgeguard(Tori),FAQ,27/08/2026,1450,1520,1500
Tamil Nadu,Coimbatore,Singanallur(Uzhavar Sandhai ),Raddish,Raddish,Local,27/08/2026,3000,3500,3250
Tamil Nadu,Kallakuruchi,Kallakurichi(Uzhavar Sandhai ),Raddish,Raddish,Local,27/08/2026,5000,5000,5000
Tamil Nadu,Erode,Periyar Nagar(Uzhavar Sandhai ),Raddish,Raddish,Local,27/08/2026,2400,2600,2500
Tamil Nadu,Thiruchirappalli,Thuraiyur APMC,Raddish,Raddish,Local,27/08/2026,3000,3500,3250
Tamil Nadu,Madurai,Anna nagar(Uzhavar Sandhai ),Raddish,Raddish,Local,27/08/2026,2500,3000,2750
Tamil Nadu,Salem,Mecheri(Uzhavar Sandhai),Raddish,Raddish,Local,27/08/2026,2000,2500,2250
Tamil Nadu,Pudukkottai,Aranthangi(Uzhavar Sandhai ),Raddish,Raddish,Local,27/08/2026,3500,4000,3750
Tamil Nadu,Coimbatore,Udumalpet APMC,Raddish,Raddish,Local,27/08/2026,2800,3500,3150
Tamil Nadu,Kancheepuram,Padappai(Uzhavar Sandhai ),Raddish,Raddish,Local,27/08/2026,3000,3500,3250
Tamil Nadu,Coimbatore,Sulur(Uzhavar Sandhai ),Raddish,Raddish,Local,27/08/2026,3000,3500,3250
Tamil Nadu,Virudhunagar,Sathur(Uzhavar Sandhai ),Raddish,Raddish,Local,27/08/2026,3000,3500,3250
Tamil Nadu,Thiruvannamalai,Polur(Uzhavar Sandhai ),Raddish,Raddish,Local,27/08/2026,2500,3000,2750
Tamil Nadu,Krishnagiri,Denkanikottai(Uzhavar Sandhai ),Raddish,Raddish,Local,27/08/2026,1500,2000,1750
Tamil Nadu,Sivaganga,Devakottai (Uzhavar Sandhai ),Raddish,Raddish,Local,27/08/2026,2500,3000,2750
Tamil Nadu,Pudukkottai,Alangudi(Uzhavar Sandhai ),Raddish,Raddish,Local,27/08/2026,3500,4000,3750
Tamil Nadu,Vellore,Pallikonda(Uzhavar Sandhai),Raddish,Raddish,Local,27/08/2026,2500,3000,2750
Tamil Nadu,Krishnagiri,Krishnagiri(Uzhavar Sandhai ),Raddish,Raddish,Local,27/08/2026,1000,1200,1100
Tamil Nadu,Dharmapuri,Dharmapuri(Uzhavar Sandhai ),Raddish,Raddish,Local,27/08/2026,1500,1600,1550
Tamil Nadu,Thanjavur,Thanjavur(Uzhavar Sandhai ),Raddish,Raddish,Local,27/08/2026,2600,2600,2600
Tamil Nadu,Karur,Gandhigramam(Uzhavar Sandhai),Raddish,Raddish,Local,27/08/2026,2500,3000,2750
Tamil Nadu,Coimbatore,Mettupalayam(Uzhavar Sandhai ),Raddish,Raddish,Local,27/08/2026,3000,3500,3250
Tamil Nadu,Thirunelveli,Palayamkottai(Uzhavar Sandhai ),Raddish,Raddish,Local,27/08/2026,3000,3500,3250
Tamil Nadu,Sivaganga,Sivagangai (Uzhavar Sandhai ),Raddish,Raddish,Local,27/08/2026,3000,3200,3100
Tamil Nadu,Salem,Thathakapatti(Uzhavar Sandhai ),Raddish,Raddish,Local,27/08/2026,2400,2600,2500
Tamil Nadu,Ariyalur,Ariyalur(Uzhavar Sandhai),Raddish,Raddish,Local,27/08/2026,3500,4000,3750
Tamil Nadu,Chengalpattu,Nanganallur(Uzhavar Sandhai ),Raddish,Raddish,Local,27/08/2026,5500,6000,5750
Tamil Nadu,Salem,Jalagandapuram(Uzhavar Sandhai ),Raddish,Raddish,Local,27/08/2026,2500,2800,2650
Tamil Nadu,Theni,Bodinayakanur(Uzhavar Sandhai ),Raddish,Raddish,Local,27/08/2026,2200,2200,2200
Tamil Nadu,Krishnagiri,Kaveripattinam(Uzhavar Sandhai ),Raddish,Raddish,Local,27/08/2026,3000,3000,3000
Tamil Nadu,Thanjavur,Pattukottai(Uzhavar Sandhai ),Raddish,Raddish,Local,27/08/2026,4400,4400,4400
Uttar Pradesh,Amroha,Hasanpur APMC,Raddish,Raddish,FAQ,27/08/2026,1450,1520,1500
Haryana,Mahendragarh-Narnaul,Narnaul APMC,Raddish,Raddish,Medium,27/08/2026,2500,3000,3000
Tamil Nadu,Krishnagiri,Avallapalli(Uzhavar Sandhai ),Thondekai,Thondekai,Local,27/08/2026,3500,4000,3750
Tamil Nadu,Theni,Chinnamanur(Uzhavar Sandhai ),Thondekai,Thondekai,Local,27/08/2026,2800,2800,2800
Tamil Nadu,Dharmapuri,Harur(Uzhavar Sandhai ),Thondekai,Thondekai,Local,27/08/2026,6000,7000,6500
Tamil Nadu,Thiruvannamalai,Vandavasi(Uzhavar Sandhai ),Thondekai,Thondekai,Local,27/08/2026,3500,4000,3750
Tamil Nadu,Thiruchirappalli,Thuraiyur APMC,Thondekai,Thondekai,Local,27/08/2026,3500,4500,4000
Tamil Nadu,Salem,Hasthampatti(Uzhavar Sandhai ),Thondekai,Thondekai,Local,27/08/2026,4600,5000,4800
Tamil Nadu,Coimbatore,Vadavalli(Uzhavar Sandhai ),Thondekai,Thondekai,Local,27/08/2026,3500,3800,3650
Tamil Nadu,Dindigul,Dindigul(Uzhavar Sandhai ),Thondekai,Thondekai,Local,27/08/2026,3000,4000,3500
Tamil Nadu,Salem,Thammampatti (Uzhavar Sandhai ),Thondekai,Thondekai,Local,27/08/2026,4500,5000,4750
Tamil Nadu,Thiruchirappalli,Lalgudi(Uzhavar Sandhai ),Thondekai,Thondekai,Local,27/08/2026,4600,4600,4600
Tamil Nadu,Thiruchirappalli,KKNagar(Uzhavar Sandhai ),Thondekai,Thondekai,Local,27/08/2026,4600,4600,4600
Tamil Nadu,Theni,Bodinayakanur(Uzhavar Sandhai ),Thondekai,Thondekai,Local,27/08/2026,2800,2800,2800
Tamil Nadu,Thirupur,Palladam(Uzhavar Sandhai ),Thondekai,Thondekai,Local,27/08/2026,3500,4000,3750
Tamil Nadu,Thiruvannamalai,Tiruvannamalai(Uzhavar Sandhai ),Capsicum,Capsicum,Local,27/08/2026,5000,6000,5500
Tamil Nadu,Madurai,Palanganatham(Uzhavar Sandhai ),Capsicum,Capsicum,Local,27/08/2026,7000,8000,7500
Tamil Nadu,Salem,Mettur(Uzhavar Sandhai ),Capsicum,Capsicum,Local,27/08/2026,6500,7000,6750
Tamil Nadu,The Nilgiris,Gudalur(Uzhavar Sandhai ),Capsicum,Capsicum,Local,27/08/2026,5000,6000,5500
Tamil Nadu,Thanjavur,Kumbakonam (Uzhavar Sandhai ),Capsicum,Capsicum,Local,27/08/2026,8400,8400,8400
Tamil Nadu,Kancheepuram,Sunguvarchatram(Uzhavar Sandhai ),Capsicum,Capsicum,Local,27/08/2026,5000,5000,5000
Tamil Nadu,Perambalur,Perambalur(Uzhavar Sandhai ),Capsicum,Capsicum,Local,27/08/2026,7000,8000,7500
Tamil Nadu,Thiruchirappalli,Thuraiyur APMC,Capsicum,Capsicum,Local,27/08/2026,4500,5000,4750
Punjab,Hoshiarpur,Mukerian APMC,Capsicum,Capsicum,Grade B,27/08/2026,3500,5500,4500
Haryana,Mahendragarh-Narnaul,Narnaul APMC,Capsicum,Capsicum,Medium,27/08/2026,4000,5000,5000
Tamil Nadu,Coimbatore,Mettupalayam(Uzhavar Sandhai ),Green Avare(W),Green Avare (W),Local,27/08/2026,3500,4000,3750
Tamil Nadu,Villupuram,Villupuram(Uzhavar Sandhai ),Green Avare(W),Green Avare (W),Local,27/08/2026,8000,12000,10000
Tamil Nadu,Kallakuruchi,Sankarapuram(Uzhavar Sandhai ),Green Avare(W),Green Avare (W),Local,27/08/2026,7000,7000,7000
Tamil Nadu,Thirupathur,Natrampalli(Uzhavar Sandhai ),Green Avare(W),Green Avare (W),Local,27/08/2026,4000,5000,4500
Tamil Nadu,Pudukkottai,Viralimalai(Uzhavar Sandhai ),Green Avare(W),Green Avare (W),Local,27/08/2026,7500,8000,7750
Tamil Nadu,Krishnagiri,Kaveripattinam(Uzhavar Sandhai ),Green Avare(W),Green Avare (W),Local,27/08/2026,6000,6000,6000
Tamil Nadu,Thiruchirappalli,Lalgudi(Uzhavar Sandhai ),Green Avare(W),Green Avare (W),Local,27/08/2026,4600,4600,4600
Tamil Nadu,Thanjavur,Kumbakonam (Uzhavar Sandhai ),Green Avare(W),Green Avare (W),Local,27/08/2026,7200,9600,8400
Tamil Nadu,Thanjavur,Tirukattupalli(Uzhavar Sandhai ),Green Avare(W),Green Avare (W),Local,27/08/2026,4400,5600,5000
Tamil Nadu,Coimbatore,Sundarapuram(Uzhavar Sandhai ),Green Avare(W),Green Avare (W),Local,27/08/2026,5000,5500,5250
Tamil Nadu,Pudukkottai,Aranthangi(Uzhavar Sandhai ),Green Avare(W),Other,Local,27/08/2026,5000,6000,5500
Tamil Nadu,Karur,Vengamedu(Uzhavar Sandhai ),Green Avare(W),Other,Local,27/08/2026,6000,7000,6500
Tamil Nadu,Karur,Pallapatti (Uzhavar Sandhai ),Green Avare(W),Other,Local,27/08/2026,7000,8000,7500
Tamil Nadu,Dindigul,Chinnalapatti(Uzhavar Sandhai ),Green Avare(W),Other,Local,27/08/2026,7000,8000,7500
Tamil Nadu,Pudukkottai,Alangudi(Uzhavar Sandhai ),Green Avare(W),Other,Local,27/08/2026,5000,6000,5500
Tamil Nadu,Tuticorin,Kovilpatti(Uzhavar Sandhai ),Green Avare(W),Other,Local,27/08/2026,8000,8500,8250
Tamil Nadu,Thirunelveli,Melapalayam(Uzhavar Sandhai ),Green Avare(W),Other,Local,27/08/2026,5000,5500,5250
Tamil Nadu,Erode,Thalavadi(Uzhavar Sandhai ),Green Avare(W),Other,Local,27/08/2026,4000,4500,4250
Tamil Nadu,Thiruvannamalai,Cheyyar(Uzhavar Sandhai ),Green Avare(W),Other,Local,27/08/2026,4000,5000,4500
Tamil Nadu,Erode,Periyar Nagar(Uzhavar Sandhai ),Green Avare(W),Other,Local,27/08/2026,4600,5000,4800
Tamil Nadu,Theni,Andipatti(Uzhavar Sandhai ),Green Avare(W),Other,Local,27/08/2026,3000,3500,3250
Tamil Nadu,Thirupur,Tiruppur (South) (Uzhavar Sandhai ),Green Avare(W),Other,Local,27/08/2026,4500,6000,5250
Tamil Nadu,Kancheepuram,Kancheepuram(Uzhavar Sandhai ),Green Avare(W),Other,Local,27/08/2026,5000,6000,5500
Tamil Nadu,Theni,Theni(Uzhavar Sandhai ),Chow Chow,Chow Chow,Local,27/08/2026,3000,3000,3000
Tamil Nadu,Thirunelveli,Palayamkottai(Uzhavar Sandhai ),Chow Chow,Chow Chow,Local,27/08/2026,3600,3800,3700
Tamil Nadu,Thiruchirappalli,Manapparai(Uzhavar Sandhai ),Chow Chow,Chow Chow,Local,27/08/2026,4000,4000,4000
Tamil Nadu,Sivaganga,Karaikudi(Uzhavar Sandhai ),Chow Chow,Chow Chow,Local,27/08/2026,3000,3500,3250
Tamil Nadu,Salem,Jalagandapuram(Uzhavar Sandhai ),Chow Chow,Chow Chow,Local,27/08/2026,3500,4000,3750
Tamil Nadu,Theni,Chinnamanur(Uzhavar Sandhai ),Chow Chow,Chow Chow,Local,27/08/2026,3000,3000,3000
Tamil Nadu,Salem,Mettur(Uzhavar Sandhai ),Chow Chow,Chow Chow,Local,27/08/2026,3500,4000,3750
Tamil Nadu,Thirunelveli,NGO Colony(Uzhavar Sandhai ),Chow Chow,Chow Chow,Local,27/08/2026,3600,3800,3700
Tamil Nadu,Kallakuruchi,Kallakurichi(Uzhavar Sandhai ),Chow Chow,Chow Chow,Local,27/08/2026,5000,5000,5000
Tamil Nadu,Vellore,Perampet(Uzhavar Sandhai),Chow Chow,Chow Chow,Local,27/08/2026,3000,3600,3300
Tamil Nadu,Thirupur,Dharapuram(Uzhavar Sandhai ),Chow Chow,Chow Chow,Local,27/08/2026,3500,4000,3750
Tamil Nadu,Salem,Elampillai(Uzhavar Sandhai ),Chow Chow,Chow Chow,Local,27/08/2026,4000,4500,4250
Tamil Nadu,Dharmapuri,Pennagaram(Uzhavar Sandhai ),Chow Chow,Chow Chow,Local,27/08/2026,4600,5000,4800
Tamil Nadu,Perambalur,Perambalur(Uzhavar Sandhai ),Chow Chow,Chow Chow,Local,27/08/2026,4400,4400,4400
Tamil Nadu,Karur,Kulithalai(Uzhavar Sandhai ),Chow Chow,Chow Chow,Local,27/08/2026,3600,4000,3800
Tamil Nadu,Salem,Vazhapadi(Uzhavar Sandhai),Chow Chow,Chow Chow,Local,27/08/2026,4000,4000,4000
Tamil Nadu,Namakkal,Mohanur(Uzhavar Sandhai ),Chow Chow,Chow Chow,Local,27/08/2026,4000,5000,4500
Tamil Nadu,Tuticorin,Kovilpatti(Uzhavar Sandhai ),Chow Chow,Chow Chow,Local,27/08/2026,3500,4000,3750
Tamil Nadu,Coimbatore,Singanallur(Uzhavar Sandhai ),Chow Chow,Chow Chow,Local,27/08/2026,3200,3600,3400
Tamil Nadu,Virudhunagar,Sivakasi(Uzhavar Sandhai ),Chow Chow,Chow Chow,Local,27/08/2026,3500,4000,3750
Tamil Nadu,Erode,Perundurai(Uzhavar Sandhai ),Chow Chow,Chow Chow,Local,27/08/2026,2200,2500,2350
Tamil Nadu,Dharmapuri,Palacode(Uzhavar Sandhai ),Chow Chow,Chow Chow,Local,27/08/2026,4400,4600,4500
Tamil Nadu,Krishnagiri,Denkanikottai(Uzhavar Sandhai ),Drumstick,Drumstick,Local,27/08/2026,3000,4000,3500
Tamil Nadu,Vellore,Pallikonda(Uzhavar Sandhai),Drumstick,Drumstick,Local,27/08/2026,2500,3000,2750
Tamil Nadu,Dharmapuri,Dharmapuri(Uzhavar Sandhai ),Drumstick,Drumstick,Local,27/08/2026,3700,4000,3850
Tamil Nadu,Thirunelveli,Palayamkottai(Uzhavar Sandhai ),Drumstick,Drumstick,Local,27/08/2026,2400,2600,2500
Tamil Nadu,Erode,Gobichettipalayam(Uzhavar Sandhai ),Drumstick,Drumstick,Local,27/08/2026,2500,3000,2750
Tamil Nadu,Pudukkottai,Ponnamaravathi(Uzhavar Sandhai),Drumstick,Drumstick,Local,27/08/2026,5500,6000,5750
Tamil Nadu,Vellore,Kahithapattarai(Uzhavar Sandhai ),Drumstick,Drumstick,Local,27/08/2026,2000,2000,2000
Tamil Nadu,Theni,Devaram(Uzhavar Sandhai ),Drumstick,Drumstick,Local,27/08/2026,2500,2500,2500
Tamil Nadu,Theni,Bodinayakanur(Uzhavar Sandhai ),Drumstick,Drumstick,Local,27/08/2026,2600,2600,2600
Tamil Nadu,Kancheepuram,Padappai(Uzhavar Sandhai ),Drumstick,Drumstick,Local,27/08/2026,2500,3500,3000
Tamil Nadu,Kancheepuram,Kancheepuram(Uzhavar Sandhai ),Drumstick,Drumstick,Local,27/08/2026,2500,3500,3000
Tamil Nadu,Tuticorin,Kovilpatti(Uzhavar Sandhai ),Drumstick,Drumstick,Local,27/08/2026,3500,4000,3750
Tamil Nadu,Thiruvannamalai,Chengam(Uzhavar Sandhai ),Drumstick,Drumstick,Local,27/08/2026,3600,4000,3800
Tamil Nadu,Salem,Edapadi (Uzhavar Sandhai ),Drumstick,Drumstick,Local,27/08/2026,2000,2500,2250
Tamil Nadu,Namakkal,Mohanur(Uzhavar Sandhai ),Drumstick,Drumstick,Local,27/08/2026,2000,2400,2200
Tamil Nadu,Namakkal,Paramathivelur(Uzhavar Sandhai ),Drumstick,Drumstick,Local,27/08/2026,2100,2500,2300
Tamil Nadu,Kallakuruchi,Kallakurichi(Uzhavar Sandhai ),Drumstick,Drumstick,Local,27/08/2026,3000,3000,3000
Tamil Nadu,Thiruchirappalli,Manachanallur(Uzhavar Sandhai ),Drumstick,Drumstick,Local,27/08/2026,3600,3600,3600
Tamil Nadu,Sivaganga,Singampunari(Uzhavar Sandhai ),Drumstick,Drumstick,Local,27/08/2026,3400,5200,4300
Tamil Nadu,The Nilgiris,Gudalur(Uzhavar Sandhai ),Drumstick,Drumstick,Local,27/08/2026,3500,4000,3750
Tamil Nadu,The Nilgiris,Udhagamandalam(Uzhavar Sandhai ),Drumstick,Drumstick,Local,27/08/2026,3000,3500,3250
Tamil Nadu,Thanjavur,Kumbakonam (Uzhavar Sandhai ),Drumstick,Drumstick,Local,27/08/2026,4800,4800,4800
Maharashtra,Pune,Pune(Moshi) APMC,Drumstick,Other,Local,27/08/2026,3000,4000,3500
Tamil Nadu,Coimbatore,Sulur(Uzhavar Sandhai ),Mango(Raw-Ripe),Mango - Raw-Ripe,Local,27/08/2026,6000,6500,6250
Tamil Nadu,Thiruchirappalli,Manapparai(Uzhavar Sandhai ),Mango(Raw-Ripe),Mango - Raw-Ripe,Local,27/08/2026,10000,10000,10000
Tamil Nadu,Sivaganga,Devakottai (Uzhavar Sandhai ),Mango(Raw-Ripe),Mango - Raw-Ripe,Local,27/08/2026,5000,6000,5500
Tamil Nadu,Cuddalore,Vadalur(Uzhavar Sandhai ),Mango(Raw-Ripe),Mango - Raw-Ripe,Local,27/08/2026,5000,5000,5000
Tamil Nadu,Coimbatore,Sundarapuram(Uzhavar Sandhai ),Mango(Raw-Ripe),Mango - Raw-Ripe,Local,27/08/2026,9000,10000,9500
Tamil Nadu,Coimbatore,Singanallur(Uzhavar Sandhai ),Mango(Raw-Ripe),Mango - Raw-Ripe,Local,27/08/2026,6000,6500,6250
Tamil Nadu,Villupuram,Tindivanam APMC,Mango(Raw-Ripe),Mango - Raw-Ripe,Local,27/08/2026,6000,6000,6000
Tamil Nadu,Ariyalur,Ariyalur(Uzhavar Sandhai),Mango(Raw-Ripe),Mango - Raw-Ripe,Local,27/08/2026,3000,3500,3250
Tamil Nadu,Namakkal,Rasipuram(Uzhavar Sandhai ),Mango(Raw-Ripe),Mango - Raw-Ripe,Local,27/08/2026,5000,5500,5250
Tamil Nadu,Tuticorin,Kovilpatti(Uzhavar Sandhai ),Mango(Raw-Ripe),Mango - Raw-Ripe,Local,27/08/2026,6500,7000,6750
Tamil Nadu,Theni,Kambam(Uzhavar Sandhai ),Mango(Raw-Ripe),Mango - Raw-Ripe,Local,27/08/2026,4500,4500,4500
West Bengal,Medinipur(E),Tamluk (Medinipur E) APMC,Sweet Pumpkin,Sweet Pumpkin,FAQ,27/08/2026,2000,2400,2200
Haryana,Sonipat,Ganaur APMC,Peas Wet,Peas Wet,Medium,27/08/2026,10000,12000,12000
Chandigarh,Chandigarh,Chandigarh (Grain/F&V) APMC,Peas Wet,Peas Wet,FAQ,27/08/2026,3000,6500,6000
Tamil Nadu,Karur,Kulithalai(Uzhavar Sandhai ),Knool Khol,Knool Khol,Local,27/08/2026,4500,5000,4750
Tamil Nadu,Krishnagiri,Avallapalli(Uzhavar Sandhai ),Knool Khol,Knool Khol,Local,27/08/2026,1000,1500,1250
Tamil Nadu,Coimbatore,Vadavalli(Uzhavar Sandhai ),Knool Khol,Knool Khol,Local,27/08/2026,5000,5500,5250
Tamil Nadu,Dindigul,Dindigul(Uzhavar Sandhai ),Knool Khol,Knool Khol,Local,27/08/2026,4000,5000,4500
Tamil Nadu,Ranipet,Arcot(Uzhavar Sandhai ),Knool Khol,Knool Khol,Local,27/08/2026,4000,4000,4000
Tamil Nadu,Chengalpattu,Pallavaram(Uzhavar Sandhai ),Knool Khol,Knool Khol,Local,27/08/2026,5000,6000,5500
Tamil Nadu,Krishnagiri,Hosur(Uzhavar Sandhai ),Knool Khol,Knool Khol,Local,27/08/2026,1000,1500,1250
Tamil Nadu,Salem,Mettur(Uzhavar Sandhai ),Knool Khol,Knool Khol,Local,27/08/2026,4500,5000,4750
Tamil Nadu,Dharmapuri,Dharmapuri(Uzhavar Sandhai ),Knool Khol,Knool Khol,Local,27/08/2026,4200,4500,4350
Tamil Nadu,Salem,Ammapet(Uzhavar Sandhai ),Knool Khol,Knool Khol,Local,27/08/2026,4500,4500,4500
Tamil Nadu,Vellore,Thirupathur APMC,Knool Khol,Knool Khol,Local,27/08/2026,4500,4500,4500
Tamil Nadu,Namakkal,Namakkal(Uzhavar Sandhai ),Lime,Lime,Local,27/08/2026,3500,4000,3750
Tamil Nadu,Coimbatore,RSPuram(Uzhavar Sandhai ),Lime,Lime,Local,27/08/2026,12000,13000,12500
Tamil Nadu,Nagapattinam,Vedaranyam(Uzhavar Sandhai),Lime,Lime,Local,27/08/2026,2500,3000,2750
Tamil Nadu,Thiruvarur,Tiruvarur(Uzhavar Sandhai ),Lime,Lime,Local,27/08/2026,3000,3000,3000
Tamil Nadu,Tuticorin,Tuticorin(Uzhavar Sandhai ),Lime,Lime,Local,27/08/2026,19000,20000,19500
Tamil Nadu,Madurai,Anaiyur(Uzhavar Sandhai ),Lime,Lime,Local,27/08/2026,12000,14000,13000
Tamil Nadu,Salem,Jalagandapuram(Uzhavar Sandhai ),Lime,Lime,Local,27/08/2026,3000,3500,3250
Tamil Nadu,The Nilgiris,Udhagamandalam(Uzhavar Sandhai ),Lime,Lime,Local,27/08/2026,10000,11000,10500
Tamil Nadu,Virudhunagar,Thalavaipuram(Uzhavar Sandhai ),Lime,Lime,Local,27/08/2026,10000,12000,11000
Tamil Nadu,Salem,Thammampatti (Uzhavar Sandhai ),Lime,Lime,Local,27/08/2026,4000,4000,4000
Tamil Nadu,Thanjavur,Pattukottai(Uzhavar Sandhai ),Lime,Lime,Local,27/08/2026,4000,4000,4000
Tamil Nadu,Coimbatore,Singanallur(Uzhavar Sandhai ),Lime,Lime,Local,27/08/2026,21000,22000,21500
Tamil Nadu,Madurai,Melur(Uzhavar Sandhai ),Lime,Lime,Local,27/08/2026,3600,4000,3800
Tamil Nadu,Theni,Kambam(Uzhavar Sandhai ),Lime,Lime,Local,27/08/2026,12000,12000,12000
Maharashtra,Pune,Pune(Moshi) APMC,Lime,Other,Local,27/08/2026,3000,4000,3500
Himachal Pradesh,Kangra,SMY Palampur,Guava,Guava,Medium,27/08/2026,10000,11000,10500
Haryana,Mahendragarh-Narnaul,Narnaul APMC,Guava,Guava,Medium,27/08/2026,2000,3000,2500
Tamil Nadu,Namakkal,Rasipuram(Uzhavar Sandhai ),Guava,Guava Allahabad,Local,27/08/2026,5500,6000,5750
Tamil Nadu,Namakkal,Namakkal(Uzhavar Sandhai ),Guava,Guava Allahabad,Local,27/08/2026,5000,6000,5500
Tamil Nadu,Madurai,Anaiyur(Uzhavar Sandhai ),Guava,Guava Allahabad,Local,27/08/2026,5000,6000,5500
Tamil Nadu,Kallakuruchi,Kallakurichi(Uzhavar Sandhai ),Guava,Guava Allahabad,Local,27/08/2026,5000,5000,5000
Tamil Nadu,Virudhunagar,Kariyapatti(Uzhavar Sandhai ),Guava,Guava Allahabad,Local,27/08/2026,3500,4000,3750
Tamil Nadu,Madurai,Anna nagar(Uzhavar Sandhai ),Guava,Guava Allahabad,Local,27/08/2026,5000,6000,5500
Tamil Nadu,Thiruvannamalai,Tiruvannamalai(Uzhavar Sandhai ),Guava,Guava Allahabad,Local,27/08/2026,5000,6000,5500
Tamil Nadu,Salem,Edapadi (Uzhavar Sandhai ),Guava,Guava Allahabad,Local,27/08/2026,4000,5000,4500
Tamil Nadu,Krishnagiri,Krishnagiri(Uzhavar Sandhai ),Guava,Guava Allahabad,Local,27/08/2026,3500,4000,3750
Tamil Nadu,Coimbatore,Sundarapuram(Uzhavar Sandhai ),Guava,Guava Allahabad,Local,27/08/2026,5500,6000,5750
Tamil Nadu,Thiruchirappalli,Lalgudi(Uzhavar Sandhai ),Guava,Guava Allahabad,Local,27/08/2026,7000,7000,7000
Tamil Nadu,Virudhunagar,Rajapalayam(Uzhavar Sandhai ),Guava,Guava Allahabad,Local,27/08/2026,3500,4000,3750
Tamil Nadu,Salem,Thammampatti (Uzhavar Sandhai ),Guava,Guava Allahabad,Local,27/08/2026,6000,6000,6000
Tamil Nadu,Nagapattinam,Sirkali(Uzhavar Sandhai ),Guava,Guava Allahabad,Local,27/08/2026,4500,5000,4750
Tamil Nadu,Salem,Mettur(Uzhavar Sandhai ),Guava,Guava Allahabad,Local,27/08/2026,5000,6000,5500
Tamil Nadu,Salem,Ammapet(Uzhavar Sandhai ),Guava,Guava Allahabad,Local,27/08/2026,5000,6000,5500
Tamil Nadu,Coimbatore,Vadavalli(Uzhavar Sandhai ),Guava,Guava Allahabad,Local,27/08/2026,4500,5500,5000
Tamil Nadu,Perambalur,Perambalur(Uzhavar Sandhai ),Guava,Guava Allahabad,Local,27/08/2026,6000,7000,6500
Tamil Nadu,Coimbatore,Mettupalayam(Uzhavar Sandhai ),Guava,Guava Allahabad,Local,27/08/2026,5000,6000,5500
Tamil Nadu,Erode,Periyar Nagar(Uzhavar Sandhai ),Guava,Guava Allahabad,Local,27/08/2026,4600,5000,4800
Tamil Nadu,Thiruvannamalai,Arani(Uzhavar Sandhai ),Guava,Guava Allahabad,Local,27/08/2026,4000,5000,4500
Tamil Nadu,Thiruvannamalai,Polur(Uzhavar Sandhai ),Guava,Guava Allahabad,Local,27/08/2026,4200,5000,4600
Tamil Nadu,Chengalpattu,Nanganallur(Uzhavar Sandhai ),Karbuja(Musk Melon),Karbhuja,Local,27/08/2026,4500,5000,4750
Tamil Nadu,Thiruvannamalai,Tiruvannamalai(Uzhavar Sandhai ),Karbuja(Musk Melon),Karbhuja,Local,27/08/2026,3000,3500,3250
Tamil Nadu,Coimbatore,Vadavalli(Uzhavar Sandhai ),Karbuja(Musk Melon),Karbhuja,Local,27/08/2026,3000,3400,3200
Tamil Nadu,Thanjavur,Thanjavur(Uzhavar Sandhai ),Pomegranate,Pomogranate,Local,27/08/2026,24000,24000,24000
Tamil Nadu,Perambalur,Perambalur(Uzhavar Sandhai ),Pomegranate,Pomogranate,Local,27/08/2026,18000,20000,19000
Tamil Nadu,Thiruchirappalli,KKNagar(Uzhavar Sandhai ),Pomegranate,Pomogranate,Local,27/08/2026,13600,13600,13600
Punjab,Hoshiarpur,Mukerian APMC,Pomegranate,Pomogranate,Grade B,27/08/2026,13000,15000,14000
Haryana,Sonipat,Ganaur APMC,Pomegranate,Pomogranate,Medium,27/08/2026,10000,15000,12000
Himachal Pradesh,Kangra,SMY Palampur,Pomegranate,Pomogranate,Medium,27/08/2026,7000,15000,10000
Haryana,Mahendragarh-Narnaul,Narnaul APMC,Pomegranate,Pomogranate,Medium,27/08/2026,8000,10000,9000
Tamil Nadu,Coimbatore,Pollachi(Uzhavar Sandhai ),Tender Coconut,Tender Coconut,Local,27/08/2026,3500,4000,3750
Tamil Nadu,Virudhunagar,Srivilliputhur(Uzhavar Sandhai ),Tender Coconut,Tender Coconut,Local,27/08/2026,2000,2500,2250
Tamil Nadu,Thiruchirappalli,KKNagar(Uzhavar Sandhai ),Tender Coconut,Tender Coconut,Local,27/08/2026,5000,5000,5000
Tamil Nadu,Villupuram,Gingee(Uzhavar Sandhai ),Tender Coconut,Tender Coconut,Local,27/08/2026,3500,4000,3750
Tamil Nadu,Coimbatore,Mettupalayam(Uzhavar Sandhai ),Tender Coconut,Tender Coconut,Local,27/08/2026,3500,4000,3750
Tamil Nadu,Chengalpattu,Madhuranthagam(Uzhavar Sandhai ),Tender Coconut,Tender Coconut,Local,27/08/2026,3000,4000,3500
Tamil Nadu,Salem,Thammampatti (Uzhavar Sandhai ),Tender Coconut,Tender Coconut,Local,27/08/2026,3000,4000,3500
Tamil Nadu,Namakkal,Namakkal(Uzhavar Sandhai ),Tender Coconut,Tender Coconut,Local,27/08/2026,1500,3500,2500
Tamil Nadu,Vellore,Thirupathur APMC,Tender Coconut,Tender Coconut,Local,27/08/2026,3000,3000,3000
Tamil Nadu,Kancheepuram,Kancheepuram(Uzhavar Sandhai ),Tender Coconut,Tender Coconut,Local,27/08/2026,2200,2800,2500
Tamil Nadu,Namakkal,Paramathivelur(Uzhavar Sandhai ),Tender Coconut,Tender Coconut,Local,27/08/2026,3000,3500,3250
Tamil Nadu,Ranipet,Arcot(Uzhavar Sandhai ),Tender Coconut,Tender Coconut,Local,27/08/2026,2500,3000,2750
Tamil Nadu,Chengalpattu,Nanganallur(Uzhavar Sandhai ),Tender Coconut,Tender Coconut,Local,27/08/2026,4500,5000,4750
Tamil Nadu,Chengalpattu,Pallavaram(Uzhavar Sandhai ),Tender Coconut,Tender Coconut,Local,27/08/2026,2500,3000,2750
Tamil Nadu,Vellore,Kahithapattarai(Uzhavar Sandhai ),Tender Coconut,Tender Coconut,Local,27/08/2026,3000,3000,3000
Telangana,Bhadradri Kothagudem,Bhadrachalam APMC,Wood,Eucalyptus,FAQ,27/08/2026,400,400,400
Andhra Pradesh,SPSR Nellore,Rapur APMC,Wood,Eucalyptus,Local,27/08/2026,5600,6000,5800
Tamil Nadu,Thirupathur,Vaniyampadi(Uzhavar Sandhai ),Fig(Anjura/Anjeer),Anjura,Local,27/08/2026,8000,8000,8000
Tamil Nadu,Chengalpattu,Nanganallur(Uzhavar Sandhai ),Jasmine,Jasmine,Local,27/08/2026,29000,30000,29500
Tamil Nadu,Nagercoil (Kannyiakumari),Vadaseri APMC,Jasmine,Jasmine,Local,27/08/2026,25000,35000,30000
Tamil Nadu,Kallakuruchi,Kallakurichi(Uzhavar Sandhai ),Jasmine,Jasmine,Local,27/08/2026,60000,60000,60000
Tamil Nadu,Nagercoil (Kannyiakumari),Vadaseri APMC,Kakada,Kakada,Local,27/08/2026,20000,30000,25000
Tamil Nadu,Salem,Mettur(Uzhavar Sandhai ),Marigold(Calcutta),Marigold(Calcutta),Local,27/08/2026,24000,25000,24500
Tamil Nadu,Thiruvannamalai,Tamarainagar(Uzhavar Sandhai ),Marigold(Calcutta),Marigold(Calcutta),Local,27/08/2026,15000,20000,17500
Andhra Pradesh,Visakhapatnam,Visakhapatnam APMC,Ghee,Other,Grade Range-1,27/08/2026,58300,58300,58300
Rajasthan,Jodhpur,Osiyan Mathania APMC,Isabgul(Psyllium),Isabgul (Psyllium),Local,27/08/2026,9000,11000,10000
Andhra Pradesh,Sri Sathya Sai,Tenakallu APMC,Tamarind Fruit,Other,Local,27/08/2026,10000,18400,14400
Tamil Nadu,Nagercoil (Kannyiakumari),Vadaseri APMC,Tamarind Fruit,Tamarind Fruit,Local,27/08/2026,14000,14500,14250
Tamil Nadu,Dharmapuri,Dharmapuri(Uzhavar Sandhai ),Tamarind Fruit,Tamarind Fruit,Local,27/08/2026,11000,11800,11400
Tamil Nadu,Nagercoil (Kannyiakumari),Myladi(Uzhavar Sandhai ),Tamarind Fruit,Tamarind Fruit,Local,27/08/2026,14000,15000,14500
Tamil Nadu,Dindigul,Dindigul(Uzhavar Sandhai ),Tamarind Fruit,Tamarind Fruit,Local,27/08/2026,14000,15000,14500
Tamil Nadu,Salem,Thathakapatti(Uzhavar Sandhai ),Tamarind Fruit,Tamarind Fruit,Local,27/08/2026,14000,15000,14500
West Bengal,Darjeeling,Siliguri APMC,Black Gram Dal(Urd Dal),Black Gram Dal,FAQ,27/08/2026,12000,13000,12500
Tamil Nadu,Karur,Karur(Uzhavar Sandhai ),Elephant Yam(Suran)/Amorphophallus,Elephant Yam (Suran),Local,27/08/2026,4500,5000,4750
Tamil Nadu,Thiruvannamalai,Tamarainagar(Uzhavar Sandhai ),Elephant Yam(Suran)/Amorphophallus,Elephant Yam (Suran),Local,27/08/2026,5000,6000,5500
Tamil Nadu,Madurai,Usilampatti(Uzhavar Sandhai ),Elephant Yam(Suran)/Amorphophallus,Elephant Yam (Suran),Local,27/08/2026,4000,4500,4250
Tamil Nadu,Erode,Gobichettipalayam(Uzhavar Sandhai ),Elephant Yam(Suran)/Amorphophallus,Elephant Yam (Suran),Local,27/08/2026,4400,4800,4600
Tamil Nadu,Thiruchirappalli,KKNagar(Uzhavar Sandhai ),Elephant Yam(Suran)/Amorphophallus,Elephant Yam (Suran),Local,27/08/2026,5800,5800,5800
Tamil Nadu,Sivaganga,Devakottai (Uzhavar Sandhai ),Elephant Yam(Suran)/Amorphophallus,Elephant Yam (Suran),Local,27/08/2026,4400,4800,4600
Tamil Nadu,Salem,Sooramangalam(Uzhavar Sandhai ),Elephant Yam(Suran)/Amorphophallus,Elephant Yam (Suran),Local,27/08/2026,4500,5000,4750
Tamil Nadu,Namakkal,Paramathivelur(Uzhavar Sandhai ),Elephant Yam(Suran)/Amorphophallus,Elephant Yam (Suran),Local,27/08/2026,3900,4500,4200
Tamil Nadu,Madurai,Chokkikulam(Uzhavar Sandhai ),Elephant Yam(Suran)/Amorphophallus,Elephant Yam (Suran),Local,27/08/2026,4500,5000,4750
Tamil Nadu,Sivaganga,Tirupatthur(Uzhavar Sandhai ),Elephant Yam(Suran)/Amorphophallus,Elephant Yam (Suran),Local,27/08/2026,4500,5000,4750
Tamil Nadu,The Nilgiris,Gudalur(Uzhavar Sandhai ),Elephant Yam(Suran)/Amorphophallus,Elephant Yam (Suran),Local,27/08/2026,3500,4000,3750
Tamil Nadu,Thanjavur,Kumbakonam (Uzhavar Sandhai ),Elephant Yam(Suran)/Amorphophallus,Elephant Yam (Suran),Local,27/08/2026,4800,4800,4800
Tamil Nadu,Nagercoil (Kannyiakumari),Myladi(Uzhavar Sandhai ),Elephant Yam(Suran)/Amorphophallus,Elephant Yam (Suran),Local,27/08/2026,4500,5000,4750
Tamil Nadu,Virudhunagar,Sivakasi(Uzhavar Sandhai ),Elephant Yam(Suran)/Amorphophallus,Elephant Yam (Suran),Local,27/08/2026,4000,5000,4500
Tamil Nadu,Erode,Periyar Nagar(Uzhavar Sandhai ),Elephant Yam(Suran)/Amorphophallus,Elephant Yam (Suran),Local,27/08/2026,3000,3500,3250
Tamil Nadu,Thiruchirappalli,Thuraiyur APMC,Elephant Yam(Suran)/Amorphophallus,Elephant Yam (Suran),Local,27/08/2026,3500,4000,3750
Tamil Nadu,Thiruvannamalai,Tiruvannamalai(Uzhavar Sandhai ),Elephant Yam(Suran)/Amorphophallus,Elephant Yam (Suran),Local,27/08/2026,5000,6000,5500
Keralam,Thiruvananthapuram,Parassala Market,Elephant Yam(Suran)/Amorphophallus,Elephant Yam (Suran),Local,27/08/2026,5400,5800,5600
Tamil Nadu,Nagapattinam,Sirkali(Uzhavar Sandhai ),Yam(Ratalu),Yam (Ratalu),Local,27/08/2026,5500,6000,5750
Tamil Nadu,Dindigul,Chinnalapatti(Uzhavar Sandhai ),Yam(Ratalu),Yam (Ratalu),Local,27/08/2026,8000,10000,9000
Tamil Nadu,Coimbatore,Pollachi(Uzhavar Sandhai ),Yam(Ratalu),Yam (Ratalu),Local,27/08/2026,5000,6000,5500
Tamil Nadu,Sivaganga,Devakottai (Uzhavar Sandhai ),Yam(Ratalu),Yam (Ratalu),Local,27/08/2026,8200,9200,8700
Tamil Nadu,Sivaganga,Sivagangai (Uzhavar Sandhai ),Yam(Ratalu),Yam (Ratalu),Local,27/08/2026,8200,9200,8700
Tamil Nadu,Madurai,Melur(Uzhavar Sandhai ),Yam(Ratalu),Yam (Ratalu),Local,27/08/2026,8000,9000,8500
Tamil Nadu,Thiruvannamalai,Polur(Uzhavar Sandhai ),Yam(Ratalu),Yam (Ratalu),Local,27/08/2026,4000,4800,4400
Tamil Nadu,Thiruchirappalli,KKNagar(Uzhavar Sandhai ),Yam(Ratalu),Yam (Ratalu),Local,27/08/2026,10000,10000,10000
Tamil Nadu,Theni,Theni(Uzhavar Sandhai ),Yam(Ratalu),Yam (Ratalu),Local,27/08/2026,8000,8000,8000
Tamil Nadu,Vellore,Thirupathur APMC,Yam(Ratalu),Yam (Ratalu),Local,27/08/2026,4000,4000,4000
Himachal Pradesh,Kangra,SMY Jaisinghpur,French Beans(Frasbean),French Beans (Frasbean),FAQ,27/08/2026,6500,7500,7000
Jammu and Kashmir,Rajouri,Rajouri (Phaliana) (F&V),French Beans(Frasbean),Other,Grade B,27/08/2026,8500,8500,8500
Tamil Nadu,Madurai,Palanganatham(Uzhavar Sandhai ),Indian Beans(Seam),Indian Beans (Seam),Local,27/08/2026,5500,6000,5750
Tamil Nadu,Dindigul,Dindigul(Uzhavar Sandhai ),Indian Beans(Seam),Indian Beans (Seam),Local,27/08/2026,6000,7000,6500
Tamil Nadu,Madurai,Usilampatti(Uzhavar Sandhai ),Indian Beans(Seam),Indian Beans (Seam),Local,27/08/2026,5500,6000,5750
Tamil Nadu,Ranipet,Arcot(Uzhavar Sandhai ),Indian Beans(Seam),Indian Beans (Seam),Local,27/08/2026,6000,6000,6000
Tamil Nadu,Sivaganga,Sivagangai (Uzhavar Sandhai ),Indian Beans(Seam),Indian Beans (Seam),Local,27/08/2026,6200,6200,6200
Tamil Nadu,Theni,Theni(Uzhavar Sandhai ),Indian Beans(Seam),Indian Beans (Seam),Local,27/08/2026,4800,4800,4800
Tamil Nadu,Salem,Hasthampatti(Uzhavar Sandhai ),Indian Beans(Seam),Indian Beans (Seam),Local,27/08/2026,5000,6000,5500
Maharashtra,Pune,Pune(Moshi) APMC,Pointed gourd(Parval),Other,Local,27/08/2026,4000,5000,4500
Bihar,Supaul,Triveniganj APMC,Pointed gourd(Parval),Pointed gourd (Parval),Grade A,27/08/2026,3000,3000,3000
Tamil Nadu,Salem,Thathakapatti(Uzhavar Sandhai ),Lemon,Lemon,Local,27/08/2026,14000,16000,15000
Tamil Nadu,Tuticorin,Kovilpatti(Uzhavar Sandhai ),Lemon,Lemon,Local,27/08/2026,16000,17000,16500
Tamil Nadu,Virudhunagar,Sivakasi(Uzhavar Sandhai ),Lemon,Lemon,Local,27/08/2026,14000,16000,15000
Tamil Nadu,Madurai,Chokkikulam(Uzhavar Sandhai ),Lemon,Lemon,Local,27/08/2026,15000,17000,16000
Tamil Nadu,Chengalpattu,Pallavaram(Uzhavar Sandhai ),Lemon,Lemon,Local,27/08/2026,20000,22000,21000
Tamil Nadu,Pudukkottai,Aranthangi(Uzhavar Sandhai ),Lemon,Lemon,Local,27/08/2026,11000,12000,11500
Tamil Nadu,Dharmapuri,AJattihalli(Uzhavar Sandhai ),Lemon,Lemon,Local,27/08/2026,15000,20000,17500
Tamil Nadu,Dharmapuri,Palacode(Uzhavar Sandhai ),Lemon,Lemon,Local,27/08/2026,18500,19000,18750
Tamil Nadu,Ariyalur,Ariyalur(Uzhavar Sandhai),Lemon,Lemon,Local,27/08/2026,4000,4500,4250
Tamil Nadu,Kallakuruchi,Sankarapuram(Uzhavar Sandhai ),Lemon,Lemon,Local,27/08/2026,7000,7000,7000
Tamil Nadu,Namakkal,Tiruchengode APMC,Lemon,Lemon,Local,27/08/2026,8000,9000,8500
Tamil Nadu,Sivaganga,Devakottai (Uzhavar Sandhai ),Lemon,Lemon,Local,27/08/2026,15000,17000,16000
Tamil Nadu,Krishnagiri,Krishnagiri(Uzhavar Sandhai ),Lemon,Lemon,Local,27/08/2026,7000,8000,7500
Tamil Nadu,Vellore,Kahithapattarai(Uzhavar Sandhai ),Lemon,Lemon,Local,27/08/2026,10000,10000,10000
Tamil Nadu,Nagapattinam,Sirkali(Uzhavar Sandhai ),Lemon,Lemon,Local,27/08/2026,9000,10000,9500
Tamil Nadu,Thirunelveli,NGO Colony(Uzhavar Sandhai ),Lemon,Lemon,Local,27/08/2026,12000,13000,12500
Tamil Nadu,Madurai,Anaiyur(Uzhavar Sandhai ),Lemon,Lemon,Local,27/08/2026,15000,17000,16000
Tamil Nadu,Madurai,Anna nagar(Uzhavar Sandhai ),Lemon,Lemon,Local,27/08/2026,13000,15000,14000
Himachal Pradesh,Kangra,SMY Jaisinghpur,Lemon,Lemon,FAQ,27/08/2026,11000,13000,12000
Punjab,Mohali,Kurali APMC,Lemon,Other,Medium,27/08/2026,7700,7900,7800
Uttar Pradesh,Bulandshahar,Gulavati APMC,Sponge gourd,Other,FAQ,27/08/2026,2000,2200,2100
Haryana,Mahendragarh-Narnaul,Narnaul APMC,Sponge gourd,Sponge gourd,Medium,27/08/2026,3000,4000,4000
Punjab,Kapurthala,Bhulath (Nadala) APMC,Colacasia,Colacasia,Local,27/08/2026,1350,1400,1400
Tamil Nadu,Dindigul,Dindigul(Uzhavar Sandhai ),Colacasia,Colacasia,Local,27/08/2026,5000,6000,5500
Tamil Nadu,Virudhunagar,Thalavaipuram(Uzhavar Sandhai ),Colacasia,Colacasia,Local,27/08/2026,5500,7000,6250
Tamil Nadu,Thirupathur,Vaniyampadi(Uzhavar Sandhai ),Colacasia,Colacasia,Local,27/08/2026,5000,5000,5000
Tamil Nadu,Theni,Theni(Uzhavar Sandhai ),Colacasia,Colacasia,Local,27/08/2026,6000,6000,6000
Tamil Nadu,Thiruvannamalai,Vandavasi(Uzhavar Sandhai ),Colacasia,Colacasia,Local,27/08/2026,3600,4200,3900
Tamil Nadu,Salem,Sooramangalam(Uzhavar Sandhai ),Colacasia,Colacasia,Local,27/08/2026,6500,7000,6750
Tamil Nadu,Coimbatore,Singanallur(Uzhavar Sandhai ),Colacasia,Colacasia,Local,27/08/2026,4500,5000,4750
Tamil Nadu,Ranipet,Ranipettai(Uzhavar Sandhai ),Colacasia,Colacasia,Local,27/08/2026,3600,4000,3800
Haryana,Hissar,Hansi APMC,Pear(Marasebu),Other,Grade B,27/08/2026,4000,8000,6000
Uttarakhand,Dehradoon,Rishikesh APMC,Pear(Marasebu),Other,Medium,27/08/2026,4800,6000,5300
Tamil Nadu,Dharmapuri,Dharmapuri(Uzhavar Sandhai ),Pear(Marasebu),Pears,Local,27/08/2026,9000,10000,9500
Tamil Nadu,Salem,Hasthampatti(Uzhavar Sandhai ),Pear(Marasebu),Pears,Local,27/08/2026,11000,12000,11500
Himachal Pradesh,Kangra,SMY Jaisinghpur,Pear(Marasebu),Pears,Medium,27/08/2026,7000,12000,9000
Tamil Nadu,Madurai,Chokkikulam(Uzhavar Sandhai ),Mashrooms,Mashrooms,Local,27/08/2026,22500,25000,23750
Tamil Nadu,Kallakuruchi,Kallakurichi(Uzhavar Sandhai ),Mashrooms,Mashrooms,Local,27/08/2026,22500,22500,22500
Tamil Nadu,Thanjavur,Kumbakonam (Uzhavar Sandhai ),Mashrooms,Mashrooms,Local,27/08/2026,30000,30000,30000
Tamil Nadu,Thanjavur,Thanjavur(Uzhavar Sandhai ),Mashrooms,Mashrooms,Local,27/08/2026,25000,25000,25000
Maharashtra,Pune,Pune(Pimpri) APMC,Spinach,Other,Local,27/08/2026,7,9,8
Maharashtra,Pune,Pune(Moshi) APMC,Spinach,Other,Local,27/08/2026,5,10,8
Punjab,Amritsar,Rayya APMC,Tinda,Other,FAQ,27/08/2026,1795,1795,1795
Haryana,Hissar,Hansi APMC,Tinda,Other,FAQ,27/08/2026,3000,4000,3500
Keralam,Kottayam,Athirampuzha Market,Galgal(Lemon),Galgal(Lemon),FAQ,27/08/2026,14000,15000,14500
Tamil Nadu,Vellore,Kahithapattarai(Uzhavar Sandhai ),Custard Apple(Sharifa),Custard Apple(Sharifa),Local,27/08/2026,5000,5000,5000
Tamil Nadu,Coimbatore,Sulur(Uzhavar Sandhai ),Amla(Nelli Kai),Amla,Local,27/08/2026,8000,9000,8500
Tamil Nadu,Karur,Kulithalai(Uzhavar Sandhai ),Amla(Nelli Kai),Amla,Local,27/08/2026,7500,8000,7750
Tamil Nadu,Salem,Thathakapatti(Uzhavar Sandhai ),Amla(Nelli Kai),Amla,Local,27/08/2026,7000,7500,7250
Tamil Nadu,Dharmapuri,Dharmapuri(Uzhavar Sandhai ),Amla(Nelli Kai),Amla,Local,27/08/2026,7500,8000,7750
Tamil Nadu,Coimbatore,Pollachi(Uzhavar Sandhai ),Amla(Nelli Kai),Amla,Local,27/08/2026,7000,8000,7500
Tamil Nadu,Coimbatore,Singanallur(Uzhavar Sandhai ),Amla(Nelli Kai),Amla,Local,27/08/2026,8000,9000,8500
Tamil Nadu,Thirupur,Tiruppur (South) (Uzhavar Sandhai ),Amla(Nelli Kai),Amla,Local,27/08/2026,7000,8000,7500
Tamil Nadu,Coimbatore,RSPuram(Uzhavar Sandhai ),Amla(Nelli Kai),Amla,Local,27/08/2026,8500,9000,8750
Tamil Nadu,Dharmapuri,Harur(Uzhavar Sandhai ),Amla(Nelli Kai),Amla,Local,27/08/2026,6000,7000,6500
Tamil Nadu,Salem,Mettur(Uzhavar Sandhai ),Amla(Nelli Kai),Amla,Local,27/08/2026,7500,8000,7750
Tamil Nadu,Madurai,Anaiyur(Uzhavar Sandhai ),Amla(Nelli Kai),Amla,Local,27/08/2026,7500,8000,7750
Tamil Nadu,Thiruvannamalai,Tamarainagar(Uzhavar Sandhai ),Amla(Nelli Kai),Amla,Local,27/08/2026,10000,12000,11000
Tamil Nadu,Kancheepuram,Padappai(Uzhavar Sandhai ),Amla(Nelli Kai),Amla,Local,27/08/2026,7000,10000,8500
Tamil Nadu,Thanjavur,Pattukottai(Uzhavar Sandhai ),Onion Green,Onion Green,Local,27/08/2026,7800,7800,7800
Tamil Nadu,Nagercoil (Kannyiakumari),Myladi(Uzhavar Sandhai ),Onion Green,Onion Green,Local,27/08/2026,7500,8000,7750
Tamil Nadu,Coimbatore,Vadavalli(Uzhavar Sandhai ),Onion Green,Onion Green,Local,27/08/2026,7000,7500,7250
Tamil Nadu,Thiruchirappalli,Manachanallur(Uzhavar Sandhai ),Onion Green,Onion Green,Local,27/08/2026,8000,8000,8000
Tamil Nadu,Virudhunagar,Rajapalayam(Uzhavar Sandhai ),Onion Green,Onion Green,Local,27/08/2026,6000,7000,6500
Tamil Nadu,Thiruchirappalli,KKNagar(Uzhavar Sandhai ),Onion Green,Onion Green,Local,27/08/2026,8400,8400,8400
Tamil Nadu,Thirupur,Dharapuram(Uzhavar Sandhai ),Onion Green,Onion Green,Local,27/08/2026,6500,7500,7000
Tamil Nadu,Villupuram,Gingee(Uzhavar Sandhai ),Onion Green,Onion Green,Local,27/08/2026,7500,7500,7500
Tamil Nadu,Ariyalur,Jeyankondam (Uzhavar Sandhai ),Onion Green,Onion Green,Local,27/08/2026,6800,7500,7150
Tamil Nadu,Coimbatore,RSPuram(Uzhavar Sandhai ),Onion Green,Onion Green,Local,27/08/2026,7000,7500,7250
Tamil Nadu,Erode,Perundurai(Uzhavar Sandhai ),Onion Green,Onion Green,Local,27/08/2026,6500,7000,6750
Tamil Nadu,Dharmapuri,Dharmapuri(Uzhavar Sandhai ),Onion Green,Onion Green,Local,27/08/2026,5500,6000,5750
Tamil Nadu,Karur,Kulithalai(Uzhavar Sandhai ),Onion Green,Onion Green,Local,27/08/2026,7500,8000,7750
Tamil Nadu,Erode,Thalavadi(Uzhavar Sandhai ),Onion Green,Onion Green,Local,27/08/2026,5500,6000,5750
Tamil Nadu,Madurai,Palanganatham(Uzhavar Sandhai ),Onion Green,Onion Green,Local,27/08/2026,7000,7500,7250
Tamil Nadu,Thiruchirappalli,Thuraiyur APMC,Onion Green,Onion Green,Local,27/08/2026,7000,8000,7500
Tamil Nadu,Madurai,Chokkikulam(Uzhavar Sandhai ),Onion Green,Onion Green,Local,27/08/2026,7000,7500,7250
Tamil Nadu,Krishnagiri,Avallapalli(Uzhavar Sandhai ),Onion Green,Onion Green,Local,27/08/2026,7000,8000,7500
Tamil Nadu,Pudukkottai,Aranthangi(Uzhavar Sandhai ),Onion Green,Onion Green,Local,27/08/2026,7000,8000,7500
Tamil Nadu,Cuddalore,Vadalur(Uzhavar Sandhai ),Onion Green,Onion Green,Local,27/08/2026,8000,9000,8500
Tamil Nadu,Salem,Thathakapatti(Uzhavar Sandhai ),Onion Green,Onion Green,Local,27/08/2026,6000,6500,6250
Tamil Nadu,Namakkal,Paramathivelur(Uzhavar Sandhai ),Onion Green,Onion Green,Local,27/08/2026,6700,7500,7100
Tamil Nadu,Namakkal,Kumarapalayam(Uzhavar Sandhai ),Onion Green,Onion Green,Local,27/08/2026,5500,7500,6500
Tamil Nadu,Karur,Vengamedu(Uzhavar Sandhai ),Onion Green,Onion Green,Local,27/08/2026,7500,8000,7750
Tamil Nadu,Thiruvannamalai,Tiruvannamalai(Uzhavar Sandhai ),Onion Green,Onion Green,Local,27/08/2026,7000,8000,7500
Tamil Nadu,Salem,Thammampatti (Uzhavar Sandhai ),Onion Green,Onion Green,Local,27/08/2026,5000,6000,5500
Tamil Nadu,Nagapattinam,Sirkali(Uzhavar Sandhai ),Onion Green,Onion Green,Local,27/08/2026,5500,6000,5750
Tamil Nadu,Thiruvannamalai,Tamarainagar(Uzhavar Sandhai ),Mint(Pudina),Mint(Pudina),Local,27/08/2026,4000,5000,4500
Tamil Nadu,Salem,Thammampatti (Uzhavar Sandhai ),Mint(Pudina),Mint(Pudina),Local,27/08/2026,4000,4000,4000
Tamil Nadu,Theni,Devaram(Uzhavar Sandhai ),Mint(Pudina),Mint(Pudina),Local,27/08/2026,5000,5000,5000
Tamil Nadu,Karur,Pallapatti (Uzhavar Sandhai ),Mint(Pudina),Mint(Pudina),Local,27/08/2026,4500,5000,4750
Tamil Nadu,Karur,Velayuthampalayam(Uzhavar Sandhai ),Mint(Pudina),Mint(Pudina),Local,27/08/2026,4500,5500,5000
Tamil Nadu,Karur,Kulithalai(Uzhavar Sandhai ),Mint(Pudina),Mint(Pudina),Local,27/08/2026,4500,5000,4750
Tamil Nadu,Virudhunagar,Rajapalayam(Uzhavar Sandhai ),Mint(Pudina),Mint(Pudina),Local,27/08/2026,5000,5500,5250
Tamil Nadu,Salem,Vazhapadi(Uzhavar Sandhai),Mint(Pudina),Mint(Pudina),Local,27/08/2026,4000,4000,4000
Tamil Nadu,Dharmapuri,Karimangalam(Uzhavar Sandhai),Mint(Pudina),Mint(Pudina),Local,27/08/2026,5500,6000,5750
Tamil Nadu,Thirupur,Palladam(Uzhavar Sandhai ),Mint(Pudina),Mint(Pudina),Local,27/08/2026,2500,3000,2750
Tamil Nadu,Coimbatore,Sundarapuram(Uzhavar Sandhai ),Mint(Pudina),Mint(Pudina),Local,27/08/2026,4500,5000,4750
Tamil Nadu,Namakkal,Mohanur(Uzhavar Sandhai ),Mint(Pudina),Mint(Pudina),Local,27/08/2026,5400,6000,5700
Tamil Nadu,Thirupathur,Natrampalli(Uzhavar Sandhai ),Mint(Pudina),Mint(Pudina),Local,27/08/2026,3500,4000,3750
Tamil Nadu,Virudhunagar,Sivakasi(Uzhavar Sandhai ),Mint(Pudina),Mint(Pudina),Local,27/08/2026,5000,6000,5500
Tamil Nadu,Thiruvannamalai,Chengam(Uzhavar Sandhai ),Mint(Pudina),Mint(Pudina),Local,27/08/2026,3600,4000,3800
Tamil Nadu,Thiruvannamalai,Arani(Uzhavar Sandhai ),Mint(Pudina),Mint(Pudina),Local,27/08/2026,3500,4000,3750
Tamil Nadu,Salem,Attayampatti(Uzhavar Sandhai ),Mint(Pudina),Mint(Pudina),Local,27/08/2026,4000,4000,4000
Tamil Nadu,Thiruvarur,Tiruvarur(Uzhavar Sandhai ),Mint(Pudina),Mint(Pudina),Local,27/08/2026,5000,5000,5000
Tamil Nadu,Kallakuruchi,Sankarapuram(Uzhavar Sandhai ),Mint(Pudina),Mint(Pudina),Local,27/08/2026,3000,3000,3000
Tamil Nadu,Virudhunagar,Kariyapatti(Uzhavar Sandhai ),Mint(Pudina),Mint(Pudina),Local,27/08/2026,5500,6000,5750
Tamil Nadu,Thiruchirappalli,Manapparai(Uzhavar Sandhai ),Mint(Pudina),Mint(Pudina),Local,27/08/2026,5600,5600,5600
Tamil Nadu,Chengalpattu,Nanganallur(Uzhavar Sandhai ),Mint(Pudina),Mint(Pudina),Local,27/08/2026,3500,4000,3750
Tamil Nadu,Sivaganga,Devakottai (Uzhavar Sandhai ),Mint(Pudina),Mint(Pudina),Local,27/08/2026,5000,5400,5200
Tamil Nadu,Krishnagiri,Krishnagiri(Uzhavar Sandhai ),Mint(Pudina),Mint(Pudina),Local,27/08/2026,2500,3000,2750
Tamil Nadu,Nagapattinam,Sirkali(Uzhavar Sandhai ),Mint(Pudina),Mint(Pudina),Local,27/08/2026,4000,4500,4250
Tamil Nadu,Krishnagiri,Kaveripattinam(Uzhavar Sandhai ),Mint(Pudina),Mint(Pudina),Local,27/08/2026,5000,5000,5000
Tamil Nadu,Namakkal,Rasipuram(Uzhavar Sandhai ),Rose(Local),Rose (Local),Local,27/08/2026,14000,15000,14500
Tamil Nadu,Salem,Thathakapatti(Uzhavar Sandhai ),Rose(Local),Rose (Local),Local,27/08/2026,14000,15000,14500
Tamil Nadu,Thiruvannamalai,Keelpennathur(Uzhavar Sandhai ),Rose(Local),Rose (Local),Local,27/08/2026,11000,12000,11500
Tamil Nadu,Salem,Ammapet(Uzhavar Sandhai ),Rose(Local),Rose (Local),Local,27/08/2026,12000,12000,12000
Tamil Nadu,Krishnagiri,Hosur(Uzhavar Sandhai ),Tube Rose(Loose),Tube Rose (Loose),Local,27/08/2026,15000,20000,17500
Tamil Nadu,Salem,Thathakapatti(Uzhavar Sandhai ),Tube Rose(Loose),Tube Rose (Loose),Local,27/08/2026,18000,20000,19000
Madhya Pradesh,Morena,Kailaras APMC,Other green and fresh vegetables,Other green and fresh vegetables,FAQ,27/08/2026,1500,3000,3000
Tamil Nadu,Perambalur,Perambalur(Uzhavar Sandhai ),Sweet Corn ,Sweet Corn ,Local,27/08/2026,4000,5000,4500
Tamil Nadu,Chengalpattu,Pallavaram(Uzhavar Sandhai ),Sweet Corn ,Sweet Corn ,Local,27/08/2026,4000,4500,4250
Tamil Nadu,Villupuram,Villupuram(Uzhavar Sandhai ),Sweet Corn ,Sweet Corn ,Local,27/08/2026,4000,4000,4000
Tamil Nadu,Thiruvannamalai,Tamarainagar(Uzhavar Sandhai ),Sweet Corn ,Sweet Corn ,Local,27/08/2026,2500,3000,2750
Tamil Nadu,Coimbatore,Mettupalayam(Uzhavar Sandhai ),Sweet Corn ,Sweet Corn ,Local,27/08/2026,3500,4000,3750
Tamil Nadu,Namakkal,Namakkal(Uzhavar Sandhai ),Sweet Corn ,Sweet Corn ,Local,27/08/2026,5000,5500,5250
Tamil Nadu,Namakkal,Tiruchengode APMC,Sweet Corn ,Sweet Corn ,Local,27/08/2026,4500,5000,4750
Karnataka,Raichur,Manvi APMC,Paddy(Common),Sona Masuri New,Non-FAQ,27/08/2026,2200,2200,2200
Gujarat,Amreli,APMC Bagasara,Wheat,Lokwan Gujrat,Local,27/08/2026,2360,2730,2545
Gujarat,Amreli,Babra APMC,Wheat,Medium,FAQ,27/08/2026,2455,2620,2535
Gujarat,Rajkot,Dhoraji APMC,Wheat,Milbar,Non-FAQ,27/08/2026,2485,2650,2520
Andhra Pradesh,Krishna,Ghantsala (HQ-Kodali) APMC,Paddy(Common),1001,Local,27/08/2026,2200,2400,2300
Andhra Pradesh,Kakinada,Pithapuram APMC,Paddy(Common),1001,FAQ,27/08/2026,2369,2389,2379
Andhra Pradesh,Polavaram,Rampachodvaram APMC,Paddy(Common),1001,Grade Range-2,27/08/2026,2369,2389,2379
Andhra Pradesh,Srikakulam,Etcherla APMC,Paddy(Common),1121,FAQ,27/08/2026,2369,2369,2369
Andhra Pradesh,Bapatla,Chirala APMC,Paddy(Common),B P T,Local,27/08/2026,2400,2500,2450
Andhra Pradesh,Prakasam,Darsi APMC,Paddy(Common),B P T,Local,27/08/2026,2500,2600,2600
Andhra Pradesh,Kakinada,Jaggampet APMC,Paddy(Common),Common,FAQ,27/08/2026,2369,2380,2369
Andhra Pradesh,Ananthapuramu,RAYADURG APMC,Paddy(Common),I.R.-64,Grade Range-1,27/08/2026,2800,3200,3000
Andhra Pradesh,YSR Kadapa,Badvel APMC,Paddy(Common),Masuri,Local,27/08/2026,2360,2420,2380
Andhra Pradesh,Eluru,Kaikaluru APMC,Paddy(Common),MTU-1001,Local,27/08/2026,2440,2440,2440
Andhra Pradesh,East Godavari,Kovvur APMC,Paddy(Common),MTU-1010,Grade Range-2,27/08/2026,2441,2441,2441
Andhra Pradesh,Dr.B.R.A.Konaseema,Ramachandrapuram APMC,Paddy(Common),Paddy,FAQ,27/08/2026,2369,2380,2369
Andhra Pradesh,Palnadu,Rompicherla APMC,Paddy(Common),Paddy,FAQ,27/08/2026,2300,2480,2400
Andhra Pradesh,Srikakulam,Amadalavalasa APMC,Paddy(Common),Paddy,FAQ,27/08/2026,2369,2369,2369
Andhra Pradesh,Visakhapatnam,Visakhapatnam APMC,Rice,B P T,Grade Range-1,27/08/2026,6300,6300,6300
West Bengal,Medinipur(E),Kolaghat APMC,Rice,Common,FAQ,27/08/2026,3300,3500,3400
West Bengal,Uttar Dinajpur,Kaliaganj APMC,Rice,Fine,FAQ,27/08/2026,5300,5500,5400
West Bengal,Medinipur(E),Tamluk (Medinipur E) APMC,Rice,Fine,FAQ,27/08/2026,4300,4500,4400
West Bengal,Medinipur(E),Kolaghat APMC,Rice,Fine,FAQ,27/08/2026,4300,4500,4400
West Bengal,Darjeeling,Siliguri APMC,Rice,Fine(Basmati),FAQ,27/08/2026,5100,5300,5200
Andhra Pradesh,Eluru,Polavaram APMC,Maize,Local,Local,27/08/2026,2415,2415,2415
Madhya Pradesh,Khargone,Bhikangaon APMC,Maize,Local,FAQ,27/08/2026,2350,2350,2350
Andhra Pradesh,Sri Sathya Sai,Puttaparthi  APMC,Maize,Local,FAQ,27/08/2026,2400,2500,2450
Gujarat,Amreli,APMC Bagasara,Bengal Gram(Gram)(Whole),Desi (Whole),Local,27/08/2026,5500,5855,5675
Andhra Pradesh,Krishna,Divi (HQ-Avanigadda) APMC,Black Gram(Urd Beans)(Whole),Desi,FAQ,27/08/2026,8200,8600,8400
Rajasthan,Kota,Kota APMC,Black Gram(Urd Beans)(Whole),Other,Local,27/08/2026,7300,7300,7300
Andhra Pradesh,Palnadu,Narasaraopet APMC,Green Gram(Moong)(Whole),Local (Whole),FAQ,27/08/2026,7000,7000,7000
Rajasthan,Kota,Kota APMC,Green Gram(Moong)(Whole),Other,Local,27/08/2026,7250,7250,7250
Tamil Nadu,Dindigul,Dindigul(Uzhavar Sandhai ),Groundnut,Big (With Shell),Local,27/08/2026,6000,7000,6500
Tamil Nadu,Vellore,Thirupathur APMC,Groundnut,Big (With Shell),Local,27/08/2026,6000,6000,6000
Tamil Nadu,Thiruvannamalai,Tiruvannamalai(Uzhavar Sandhai ),Groundnut,Big (With Shell),Local,27/08/2026,7000,8000,7500
Tamil Nadu,Salem,Elampillai(Uzhavar Sandhai ),Groundnut,Big (With Shell),Local,27/08/2026,6500,7000,6750
Tamil Nadu,Erode,Periyar Nagar(Uzhavar Sandhai ),Groundnut,Big (With Shell),Local,27/08/2026,5500,6000,5750
Tamil Nadu,Villupuram,Villupuram(Uzhavar Sandhai ),Groundnut,Big (With Shell),Local,27/08/2026,9000,9000,9000
Tamil Nadu,Kallakuruchi,Sankarapuram(Uzhavar Sandhai ),Groundnut,Big (With Shell),Local,27/08/2026,7000,7000,7000
Tamil Nadu,Madurai,Chokkikulam(Uzhavar Sandhai ),Groundnut,Big (With Shell),Local,27/08/2026,7000,8000,7500
Tamil Nadu,Salem,Hasthampatti(Uzhavar Sandhai ),Groundnut,Big (With Shell),Local,27/08/2026,7000,7500,7250
Tamil Nadu,Thirupur,Tiruppur (North) (Uzhavar Sandhai ),Groundnut,Big (With Shell),Local,27/08/2026,5500,6000,5750
Tamil Nadu,Cuddalore,Cuddalore(Uzhavar Sandhai ),Groundnut,Big (With Shell),Local,27/08/2026,8000,8000,8000
Tamil Nadu,Ranipet,Ranipettai(Uzhavar Sandhai ),Groundnut,Big (With Shell),Local,27/08/2026,6000,6000,6000
Tamil Nadu,Nagapattinam,Sirkali(Uzhavar Sandhai ),Groundnut,Big (With Shell),Local,27/08/2026,5500,6000,5750
Madhya Pradesh,Alirajpur,Alirajpur APMC,Groundnut,Big (With Shell),FAQ,27/08/2026,4000,4000,4000
Andhra Pradesh,Tirupathi,Srikalahasti APMC,Groundnut,Local,Local,27/08/2026,6500,6800,6650
Karnataka,Raichur,Manvi APMC,Sunflower/Sunflower Seed,Other,Non-FAQ,27/08/2026,8280,8500,8496
Andhra Pradesh,Palnadu,Krosuru APMC,Cotton,Bramha,FAQ,27/08/2026,8000,8600,8300
Andhra Pradesh,Markapuram,Cumbum APMC,Cotton,Other,FAQ,27/08/2026,7900,8100,8000
Tamil Nadu,Salem,Ammapet(Uzhavar Sandhai ),Apple,American,Local,27/08/2026,24000,24000,24000
Tamil Nadu,Madurai,Anaiyur(Uzhavar Sandhai ),Apple,American,Local,27/08/2026,18000,27000,22500
Tamil Nadu,The Nilgiris,Udhagamandalam(Uzhavar Sandhai ),Apple,American,Local,27/08/2026,20000,23000,21500
Jammu and Kashmir,Baramulla,Sopore (Nowpora) (F&V),Apple,Other,Grade A,27/08/2026,7000,7000,7000
Tamil Nadu,Coimbatore,Singanallur(Uzhavar Sandhai ),Orange,Darjeeling,Local,27/08/2026,8000,9000,8500
Tamil Nadu,Madurai,Anaiyur(Uzhavar Sandhai ),Orange,Darjeeling,Local,27/08/2026,14000,16000,15000
Tamil Nadu,Krishnagiri,Hosur(Uzhavar Sandhai ),Orange,Darjeeling,Local,27/08/2026,16000,18000,17000
Tamil Nadu,The Nilgiris,Udhagamandalam(Uzhavar Sandhai ),Orange,Darjeeling,Local,27/08/2026,10000,13000,11500
Tamil Nadu,Chengalpattu,Nanganallur(Uzhavar Sandhai ),Orange,Darjeeling,Local,27/08/2026,11000,12000,11500
Maharashtra,Pune,Pune(Moshi) APMC,Orange,Other,Local,27/08/2026,7000,7000,7000
Andhra Pradesh,Tirupathi,Thiruchanur APMC,Banana,Banana - Ripe,Grade A,27/08/2026,1000,2000,1600
Haryana,Mahendragarh-Narnaul,Narnaul APMC,Banana,Banana - Ripe,Medium,27/08/2026,4000,5000,5000
Tamil Nadu,Thiruchirappalli,Lalgudi(Uzhavar Sandhai ),Banana,Besrai,Local,27/08/2026,4000,5000,4500
Tamil Nadu,Erode,Periyar Nagar(Uzhavar Sandhai ),Banana,Besrai,Local,27/08/2026,2400,2800,2600
Tamil Nadu,Thirupur,Dharapuram(Uzhavar Sandhai ),Banana,Besrai,Local,27/08/2026,4500,5000,4750
Tamil Nadu,Theni,Devaram(Uzhavar Sandhai ),Banana,Besrai,Local,27/08/2026,6000,6000,6000
Tamil Nadu,Coimbatore,Mettupalayam(Uzhavar Sandhai ),Banana,Besrai,Local,27/08/2026,4000,8000,6000
Tamil Nadu,Madurai,Anaiyur(Uzhavar Sandhai ),Banana,Besrai,Local,27/08/2026,4000,5000,4500
Tamil Nadu,Thiruvannamalai,Tamarainagar(Uzhavar Sandhai ),Banana,Besrai,Local,27/08/2026,5000,6000,5500
Tamil Nadu,Erode,Perundurai(Uzhavar Sandhai ),Banana,Besrai,Local,27/08/2026,2600,3000,2800
Tamil Nadu,Thirupathur,Vaniyampadi(Uzhavar Sandhai ),Banana,Besrai,Local,27/08/2026,4000,4000,4000
Tamil Nadu,Thiruvannamalai,Chengam(Uzhavar Sandhai ),Banana,Besrai,Local,27/08/2026,4000,5000,4500
Tamil Nadu,Erode,Gobichettipalayam(Uzhavar Sandhai ),Banana,Besrai,Local,27/08/2026,2200,2500,2350
Tamil Nadu,Dharmapuri,Karimangalam(Uzhavar Sandhai),Banana,Karpura,Local,27/08/2026,6500,7000,6750
Haryana,Rohtak,Meham,Banana,Medium,Medium,27/08/2026,1600,1600,1600
Keralam,Thiruvananthapuram,Parassala Market,Banana,Nendra Bale,Local,27/08/2026,6600,7000,6800
Uttarakhand,Haridwar,Roorkee APMC,Banana,Other,Medium,27/08/2026,800,1200,1000
Tamil Nadu,Karur,Velayuthampalayam(Uzhavar Sandhai ),Banana,Other,Local,27/08/2026,5000,6000,5500
Tamil Nadu,Ranipet,Arcot(Uzhavar Sandhai ),Banana,Other,Local,27/08/2026,6000,6000,6000
Uttarakhand,Dehradoon,Rishikesh APMC,Banana,Other,Medium,27/08/2026,1800,2200,2000
Tamil Nadu,Pudukkottai,Aranthangi(Uzhavar Sandhai ),Banana,Poovan,Local,27/08/2026,4500,5000,4750
Tamil Nadu,Thiruvannamalai,Cheyyar(Uzhavar Sandhai ),Banana,Poovan,Local,27/08/2026,4000,5000,4500
Tamil Nadu,Thanjavur,Thanjavur(Uzhavar Sandhai ),Banana,Red Banana,Local,27/08/2026,10000,10000,10000
Tamil Nadu,Theni,Theni(Uzhavar Sandhai ),Banana,Red Banana,Local,27/08/2026,6000,7000,6500
Tamil Nadu,Salem,Sooramangalam(Uzhavar Sandhai ),Banana,Red Banana,Local,27/08/2026,7000,7500,7250
Tamil Nadu,Namakkal,Paramathivelur(Uzhavar Sandhai ),Banana,Red Banana,Local,27/08/2026,7200,8000,7600
Tamil Nadu,Coimbatore,Pollachi(Uzhavar Sandhai ),Banana,Red Banana,Local,27/08/2026,7000,8000,7500
Tamil Nadu,Cuddalore,Vadalur(Uzhavar Sandhai ),Banana,Red Banana,Local,27/08/2026,7000,7000,7000
Tamil Nadu,Erode,Thalavadi(Uzhavar Sandhai ),Banana,Red Banana,Local,27/08/2026,5500,6000,5750
Tamil Nadu,Chengalpattu,Nanganallur(Uzhavar Sandhai ),Banana,Red Banana,Local,27/08/2026,8000,9000,8500
Tamil Nadu,Pudukkottai,Pudukottai(Uzhavar Sandhai ),Banana,Red Banana,Local,27/08/2026,8000,9000,8500
Tamil Nadu,Thirupur,Tiruppur (North) (Uzhavar Sandhai ),Banana,Red Banana,Local,27/08/2026,6000,7000,6500
Tamil Nadu,Salem,Sooramangalam(Uzhavar Sandhai ),Mango,Neelam,Local,27/08/2026,8000,10000,9000
Tamil Nadu,Karur,Kulithalai(Uzhavar Sandhai ),Mango,Neelam,Local,27/08/2026,5000,6000,5500
Tamil Nadu,Sivaganga,Singampunari(Uzhavar Sandhai ),Mango,Other,Local,27/08/2026,5600,6200,5900
Tamil Nadu,Thiruchirappalli,Lalgudi(Uzhavar Sandhai ),Mango,Safeda,Local,27/08/2026,7000,7000,7000
Tamil Nadu,Thanjavur,Thanjavur(Uzhavar Sandhai ),Mango,Safeda,Local,27/08/2026,8000,8000,8000
Tamil Nadu,Thiruvannamalai,Polur(Uzhavar Sandhai ),Mango,Safeda,Local,27/08/2026,6000,8000,7000
Tamil Nadu,Thirupathur,Vaniyampadi(Uzhavar Sandhai ),Mango,Safeda,Local,27/08/2026,8000,8000,8000
Tamil Nadu,Vellore,Thirupathur APMC,Mango,Safeda,Local,27/08/2026,8000,8000,8000
Maharashtra,Pune,Pune(Moshi) APMC,Pineapple,Other,Local,27/08/2026,5000,5000,5000
Tamil Nadu,Namakkal,Rasipuram(Uzhavar Sandhai ),Pineapple,Pine Apple,Local,27/08/2026,5000,5500,5250
Tamil Nadu,Thanjavur,Thanjavur(Uzhavar Sandhai ),Grapes,Annabesahai,Local,27/08/2026,12000,12000,12000
Tamil Nadu,Krishnagiri,Hosur(Uzhavar Sandhai ),Grapes,Annabesahai,Local,27/08/2026,14000,16000,15000
Bihar,Muzaffarpur,Bhagwanpur Mandi APMC,Onion,1st Sort,FAQ,27/08/2026,4300,4400,4361.54
Bihar,East Champaran/ Motihari,Raxaul APMC,Onion,1st Sort,Grade A,27/08/2026,4100,4300,4200
Tamil Nadu,Vellore,Perampet(Uzhavar Sandhai),Onion,Bellary,Local,27/08/2026,4000,4500,4250
Tamil Nadu,Nagapattinam,Mayiladuthurai(Uzhavar Sandhai ),Onion,Bellary,Local,27/08/2026,3500,4000,3750
Tamil Nadu,Karur,Kulithalai(Uzhavar Sandhai ),Onion,Bellary,Local,27/08/2026,5000,5800,5400
Tamil Nadu,Salem,Edapadi (Uzhavar Sandhai ),Onion,Bellary,Local,27/08/2026,5000,6000,5500
Tamil Nadu,Krishnagiri,Hosur(Uzhavar Sandhai ),Onion,Bellary,Local,27/08/2026,5000,5500,5250
Tamil Nadu,Cuddalore,Vadalur(Uzhavar Sandhai ),Onion,Bellary,Local,27/08/2026,5000,6000,5500
Tamil Nadu,Thiruvannamalai,Chengam(Uzhavar Sandhai ),Onion,Bellary,Local,27/08/2026,4000,5000,4500
Tamil Nadu,Thiruvannamalai,Keelpennathur(Uzhavar Sandhai ),Onion,Bellary,Local,27/08/2026,5500,6000,5750
Tamil Nadu,Chengalpattu,Nanganallur(Uzhavar Sandhai ),Onion,Bellary,Local,27/08/2026,5500,6000,5750
Tamil Nadu,Theni,Andipatti(Uzhavar Sandhai ),Onion,Bellary,Local,27/08/2026,5300,5500,5400
Tamil Nadu,Nagapattinam,Sirkali(Uzhavar Sandhai ),Onion,Bellary,Local,27/08/2026,4500,5000,4750
Tamil Nadu,Salem,Hasthampatti(Uzhavar Sandhai ),Onion,Bellary,Local,27/08/2026,5000,6000,5500
Tamil Nadu,Krishnagiri,Kaveripattinam(Uzhavar Sandhai ),Onion,Bellary,Local,27/08/2026,5000,5000,5000
Tamil Nadu,Coimbatore,Udumalpet APMC,Onion,Bellary,Local,27/08/2026,6000,6500,6250
Tamil Nadu,Coimbatore,Kurichi(Uzhavar Sandhai ),Onion,Bellary,Local,27/08/2026,5000,5500,5250
Tamil Nadu,Coimbatore,Singanallur(Uzhavar Sandhai ),Onion,Bellary,Local,27/08/2026,4800,5200,5000
Tamil Nadu,Thiruvannamalai,Arani(Uzhavar Sandhai ),Onion,Bellary,Local,27/08/2026,4500,5000,4750
Tamil Nadu,Theni,Chinnamanur(Uzhavar Sandhai ),Onion,Bellary,Local,27/08/2026,6000,6000,6000
Tamil Nadu,Thirupur,Dharapuram(Uzhavar Sandhai ),Onion,Bellary,Local,27/08/2026,5500,6000,5750
Tamil Nadu,Dharmapuri,Harur(Uzhavar Sandhai ),Onion,Bellary,Local,27/08/2026,4500,5500,5000
Haryana,Rewari,Rewari APMC,Onion,Medium,Medium,27/08/2026,1500,4500,3000
Madhya Pradesh,Indore,Gautampura APMC,Onion,Onion,Non-FAQ,27/08/2026,1500,1550,1550
Odisha,Dhenkanal,Hindol APMC,Onion,Other,Grade B,27/08/2026,4500,5000,4800
Punjab,Mohali,Lalru APMC,Onion,Other,Local,27/08/2026,4500,4500,4500
Tamil Nadu,Virudhunagar,Sathur(Uzhavar Sandhai ),Potato,Red Nanital,Local,27/08/2026,3500,4000,3750
Tamil Nadu,Virudhunagar,Virudhunagar(Uzhavar Sandhai ),Potato,Red Nanital,Local,27/08/2026,3000,3500,3250
Tamil Nadu,Sivaganga,Karaikudi(Uzhavar Sandhai ),Potato,Red Nanital,Local,27/08/2026,4500,5000,4750
Tamil Nadu,Vellore,Perampet(Uzhavar Sandhai),Potato,Red Nanital,Local,27/08/2026,3000,3000,3000
Tamil Nadu,Thiruvarur,Muthupettai(Uzhavar Sandhai ),Potato,Red Nanital,Local,27/08/2026,3000,3000,3000
Tamil Nadu,Dharmapuri,Pennagaram(Uzhavar Sandhai ),Potato,Red Nanital,Local,27/08/2026,3300,3500,3400
Tamil Nadu,Dharmapuri,Dharmapuri(Uzhavar Sandhai ),Potato,Red Nanital,Local,27/08/2026,2600,2800,2700
Tamil Nadu,Villupuram,Tindivanam APMC,Potato,Red Nanital,Local,27/08/2026,3800,3800,3800
Tamil Nadu,Chengalpattu,Madhuranthagam(Uzhavar Sandhai ),Potato,Red Nanital,Local,27/08/2026,4000,4000,4000
Tamil Nadu,Nagapattinam,Sirkali(Uzhavar Sandhai ),Potato,Red Nanital,Local,27/08/2026,3600,4000,3800
Tamil Nadu,Ariyalur,Ariyalur(Uzhavar Sandhai),Potato,Red Nanital,Local,27/08/2026,3500,4000,3750
Tamil Nadu,Nagercoil (Kannyiakumari),Myladi(Uzhavar Sandhai ),Potato,Red Nanital,Local,27/08/2026,3000,3500,3250
Tamil Nadu,Thiruvannamalai,Arani(Uzhavar Sandhai ),Potato,Red Nanital,Local,27/08/2026,3500,4000,3750
Tamil Nadu,Virudhunagar,Rajapalayam(Uzhavar Sandhai ),Potato,Red Nanital,Local,27/08/2026,2500,3000,2750
Tamil Nadu,Madurai,Anna nagar(Uzhavar Sandhai ),Potato,Red Nanital,Local,27/08/2026,5000,6000,5500
Tamil Nadu,Nagapattinam,Vedaranyam(Uzhavar Sandhai),Potato,Red Nanital,Local,27/08/2026,3200,3500,3350
Tamil Nadu,Thiruvannamalai,Chengam(Uzhavar Sandhai ),Potato,Red Nanital,Local,27/08/2026,3000,3600,3300
West Bengal,Medinipur(E),Kolaghat APMC,Potato,Jyoti,FAQ,27/08/2026,760,800,780
Tamil Nadu,Kancheepuram,Padappai(Uzhavar Sandhai ),Potato,Other,Local,27/08/2026,2800,4000,3400
West Bengal,Uttar Dinajpur,Kaliaganj APMC,Potato,Other,FAQ,27/08/2026,660,690,680
Tamil Nadu,Karur,Kulithalai(Uzhavar Sandhai ),Potato,Other,Local,27/08/2026,5000,5500,5250
Tamil Nadu,Cuddalore,Vadalur(Uzhavar Sandhai ),Potato,Other,Local,27/08/2026,4000,4000,4000
Tamil Nadu,Dharmapuri,AJattihalli(Uzhavar Sandhai ),Potato,Other,Local,27/08/2026,2400,2800,2600
Tamil Nadu,Vellore,Kahithapattarai(Uzhavar Sandhai ),Potato,Other,Local,27/08/2026,2200,2200,2200
Tamil Nadu,Salem,Mettur(Uzhavar Sandhai ),Potato,Other,Local,27/08/2026,4000,4500,4250
Tamil Nadu,Salem,Sooramangalam(Uzhavar Sandhai ),Potato,Other,Local,27/08/2026,6000,6400,6200
Tamil Nadu,Coimbatore,Vadavalli(Uzhavar Sandhai ),Potato,Other,Local,27/08/2026,6500,7000,6750
Tamil Nadu,Dindigul,Dindigul(Uzhavar Sandhai ),Potato,Other,Local,27/08/2026,5000,6000,5500
Tamil Nadu,Thiruvannamalai,Cheyyar(Uzhavar Sandhai ),Potato,Other,Local,27/08/2026,3200,4000,3600
Tripura,North Tripura,Dasda APMC,Potato,Other,FAQ,27/08/2026,1350,1350,1350
Punjab,Mohali,Lalru APMC,Potato,Other,Local,27/08/2026,950,950,950
Haryana,Mahendragarh-Narnaul,Narnaul APMC,Potato,Potato,Medium,27/08/2026,800,1000,900
Bihar,Madhubani,Madhubani APMC,Potato,Red,FAQ,27/08/2026,1050,1200,1100
Tamil Nadu,Thiruchirappalli,Manachanallur(Uzhavar Sandhai ),Garlic,Garlic,Local,27/08/2026,15000,15000,15000
Tamil Nadu,Krishnagiri,Denkanikottai(Uzhavar Sandhai ),Garlic,Garlic,Local,27/08/2026,22000,24000,23000
Tamil Nadu,Vellore,Pallikonda(Uzhavar Sandhai),Garlic,Garlic,Local,27/08/2026,18000,19000,18500
Tamil Nadu,Dharmapuri,Dharmapuri(Uzhavar Sandhai ),Garlic,Garlic,Local,27/08/2026,23000,23800,23400
Tamil Nadu,Namakkal,Namakkal(Uzhavar Sandhai ),Garlic,Garlic,Local,27/08/2026,24000,27000,25500
Tamil Nadu,Krishnagiri,Avallapalli(Uzhavar Sandhai ),Garlic,Garlic,Local,27/08/2026,22000,24000,23000
Tamil Nadu,The Nilgiris,Udhagamandalam(Uzhavar Sandhai ),Garlic,Garlic,Local,27/08/2026,15000,20000,17500
Tamil Nadu,Coimbatore,Pollachi(Uzhavar Sandhai ),Garlic,Garlic,Local,27/08/2026,18000,22000,20000
Tamil Nadu,Dindigul,Dindigul(Uzhavar Sandhai ),Garlic,Garlic,Local,27/08/2026,25000,28000,26500
Tamil Nadu,Thiruvannamalai,Tiruvannamalai(Uzhavar Sandhai ),Garlic,Garlic,Local,27/08/2026,26000,28000,27000
Tamil Nadu,Vellore,Kahithapattarai(Uzhavar Sandhai ),Garlic,Garlic,Local,27/08/2026,21000,21000,21000
Keralam,Kottayam,Athirampuzha Market,Garlic,Garlic,FAQ,27/08/2026,22000,23000,22500
Rajasthan,Kota,Kota APMC,Garlic,Other,Local,27/08/2026,13000,13000,13000
Tamil Nadu,Namakkal,Rasipuram(Uzhavar Sandhai ),Chili Red,Bold,Local,27/08/2026,16000,18000,17000
Rajasthan,Churu,Sadulpur APMC,Bajra(Pearl Millet/Cumbu),Local,Local,27/08/2026,2000,2000,2000
Karnataka,Raichur,Manvi APMC,Ragi(Finger Millet),Local,Non-FAQ,27/08/2026,3300,3320,3317
Punjab,Hoshiarpur,Mukerian APMC,Cauliflower,Cauliflower,Grade B,27/08/2026,4000,5000,4500
Himachal Pradesh,Kangra,SMY Palampur,Cauliflower,Cauliflower,FAQ,27/08/2026,5000,5500,5200
Madhya Pradesh,Badwani,Sendhwa(F&V) APMC,Cauliflower,Cauliflower,Medium,27/08/2026,900,1100,1000
Haryana,Hissar,Barwala(Hisar) APMC,Cauliflower,Cauliflower,Local,27/08/2026,3500,5000,4500
Punjab,Amritsar,Rayya APMC,Cauliflower,Local,FAQ,27/08/2026,3185,3185,3185
Punjab,Mohali,Lalru APMC,Cauliflower,Other,Local,27/08/2026,4500,4500,4500
Haryana,Hissar,Hansi APMC,Cauliflower,Other,FAQ,27/08/2026,4000,5000,4500
Tamil Nadu,Theni,Devaram(Uzhavar Sandhai ),Cauliflower,Ranchi,Local,27/08/2026,3000,3000,3000
Tamil Nadu,Dharmapuri,Palacode(Uzhavar Sandhai ),Cauliflower,Ranchi,Local,27/08/2026,2500,3000,2750
Tamil Nadu,Nagercoil (Kannyiakumari),Vadaseri APMC,Cauliflower,Ranchi,Local,27/08/2026,5500,6000,5750
Tamil Nadu,Perambalur,Perambalur(Uzhavar Sandhai ),Cauliflower,Ranchi,Local,27/08/2026,4000,5000,4500
Tamil Nadu,Thirunelveli,NGO Colony(Uzhavar Sandhai ),Cauliflower,Ranchi,Local,27/08/2026,4600,5000,4800
Tamil Nadu,Virudhunagar,Srivilliputhur(Uzhavar Sandhai ),Cauliflower,Ranchi,Local,27/08/2026,2500,3000,2750
Tamil Nadu,Dharmapuri,Harur(Uzhavar Sandhai ),Cauliflower,Ranchi,Local,27/08/2026,3500,4000,3750
Tamil Nadu,Madurai,Chokkikulam(Uzhavar Sandhai ),Cauliflower,Ranchi,Local,27/08/2026,3000,3500,3250
Tamil Nadu,Salem,Hasthampatti(Uzhavar Sandhai ),Cauliflower,Ranchi,Local,27/08/2026,2800,3000,2900
Tamil Nadu,Theni,Kambam(Uzhavar Sandhai ),Cauliflower,Ranchi,Local,27/08/2026,2800,3000,2900
Tamil Nadu,Thanjavur,Kumbakonam (Uzhavar Sandhai ),Cauliflower,Ranchi,Local,27/08/2026,4800,4800,4800
Tamil Nadu,Coimbatore,Vadavalli(Uzhavar Sandhai ),Cauliflower,Ranchi,Local,27/08/2026,4400,4800,4600
Tamil Nadu,Virudhunagar,Sathur(Uzhavar Sandhai ),Cauliflower,Ranchi,Local,27/08/2026,3500,4000,3750
Tamil Nadu,Sivaganga,Singampunari(Uzhavar Sandhai ),Cauliflower,Ranchi,Local,27/08/2026,3200,3600,3400
Tamil Nadu,Salem,Jalagandapuram(Uzhavar Sandhai ),Cauliflower,Ranchi,Local,27/08/2026,2000,2500,2250
Tamil Nadu,Nagapattinam,Sirkali(Uzhavar Sandhai ),Cauliflower,Ranchi,Local,27/08/2026,5000,5000,5000
Tamil Nadu,Dharmapuri,Pennagaram(Uzhavar Sandhai ),Cauliflower,Ranchi,Local,27/08/2026,2800,3000,2900
Tamil Nadu,Kancheepuram,Padappai(Uzhavar Sandhai ),Cauliflower,Ranchi,Local,27/08/2026,3000,3500,3250
Tamil Nadu,Dindigul,Dindigul(Uzhavar Sandhai ),Cauliflower,Ranchi,Local,27/08/2026,4000,5000,4500
Tamil Nadu,Thiruchirappalli,Lalgudi(Uzhavar Sandhai ),Cauliflower,Ranchi,Local,27/08/2026,3000,3000,3000
Tamil Nadu,Virudhunagar,Sivakasi(Uzhavar Sandhai ),Cauliflower,Ranchi,Local,27/08/2026,7000,8000,7500
Tamil Nadu,Thiruvannamalai,Chengam(Uzhavar Sandhai ),Cauliflower,Ranchi,Local,27/08/2026,3600,4000,3800
Tamil Nadu,Madurai,Palanganatham(Uzhavar Sandhai ),Cauliflower,Ranchi,Local,27/08/2026,3000,3500,3250
Tamil Nadu,Krishnagiri,Krishnagiri(Uzhavar Sandhai ),Cauliflower,Ranchi,Local,27/08/2026,2500,3000,2750
Bihar,Muzaffarpur,Bhagwanpur Mandi APMC,Brinjal,Arkasheela Mattigulla,Grade C,27/08/2026,1600,1700,1661.73
West Bengal,Medinipur(E),Tamluk (Medinipur E) APMC,Brinjal,Brinjal,FAQ,27/08/2026,3800,4200,4000
Haryana,Sonipat,Ganaur APMC,Brinjal,Brinjal,Medium,27/08/2026,3000,4000,3500
Punjab,Jalandhar,Shahkot APMC,Brinjal,Other,Local,27/08/2026,1800,1800,1800
Odisha,Cuttack,Banki APMC,Brinjal,Other,Medium,27/08/2026,5000,6000,5500
Tamil Nadu,Kallakuruchi,Kallakurichi(Uzhavar Sandhai ),Brinjal,Other,Local,27/08/2026,6000,6000,6000
Tamil Nadu,Thiruchirappalli,Thiruverumbur(Uzhavar Sandhai ),Brinjal,Other,Local,27/08/2026,4000,4600,4300
Tamil Nadu,Cuddalore,Vadalur(Uzhavar Sandhai ),Brinjal,Other,Local,27/08/2026,4000,4000,4000
Tamil Nadu,The Nilgiris,Udhagamandalam(Uzhavar Sandhai ),Brinjal,Other,Local,27/08/2026,3500,3800,3650
Tamil Nadu,Namakkal,Paramathivelur(Uzhavar Sandhai ),Brinjal,Other,Local,27/08/2026,4400,5000,4700
Tamil Nadu,Coimbatore,Kurichi(Uzhavar Sandhai ),Brinjal,Other,Local,27/08/2026,4500,5000,4750
Tamil Nadu,Erode,Periyar Nagar(Uzhavar Sandhai ),Brinjal,Other,Local,27/08/2026,4000,4200,4100
Tamil Nadu,Karur,Velayuthampalayam(Uzhavar Sandhai ),Brinjal,Other,Local,27/08/2026,3200,4000,3600
Tamil Nadu,Ranipet,Arcot(Uzhavar Sandhai ),Brinjal,Other,Local,27/08/2026,4000,4000,4000
Tamil Nadu,Theni,Andipatti(Uzhavar Sandhai ),Brinjal,Other,Local,27/08/2026,3300,3500,3400
Tamil Nadu,Namakkal,Mohanur(Uzhavar Sandhai ),Brinjal,Other,Local,27/08/2026,4800,6000,5400
Tamil Nadu,Coimbatore,Pollachi(Uzhavar Sandhai ),Brinjal,Other,Local,27/08/2026,4000,4500,4250
Punjab,Mohali,Kurali APMC,Brinjal,Other,Medium,27/08/2026,2700,2900,2800
Haryana,Mewat,FerozpurZirkha(Nagina) APMC,Brinjal,Other,Local,27/08/2026,1200,1600,1400
Tamil Nadu,Kancheepuram,Kancheepuram(Uzhavar Sandhai ),Brinjal,Round,Local,27/08/2026,2500,3500,3000
Tamil Nadu,Chengalpattu,Madhuranthagam(Uzhavar Sandhai ),Brinjal,Round,Local,27/08/2026,5000,5000,5000
Tamil Nadu,Namakkal,Tiruchengode APMC,Brinjal,Round,Local,27/08/2026,5000,6000,5500
Tamil Nadu,Villupuram,Ulundurpettai APMC,Brinjal,Round,Local,27/08/2026,5000,5000,5000
Tamil Nadu,Madurai,Melur(Uzhavar Sandhai ),Brinjal,Round,Local,27/08/2026,3000,3600,3300
Tamil Nadu,Madurai,Anna nagar(Uzhavar Sandhai ),Brinjal,Round,Local,27/08/2026,4000,5000,4500
Tamil Nadu,Thirupur,Dharapuram(Uzhavar Sandhai ),Brinjal,Round,Local,27/08/2026,5500,6000,5750
Tamil Nadu,Vellore,Pallikonda(Uzhavar Sandhai),Brinjal,Round,Local,27/08/2026,3000,3500,3250
Tamil Nadu,Nagapattinam,Mayiladuthurai(Uzhavar Sandhai ),Brinjal,Round,Local,27/08/2026,4500,5000,4750
Tamil Nadu,Thiruvarur,Valangaiman APMC,Brinjal,Round,Local,27/08/2026,4000,4000,4000
Tamil Nadu,Dharmapuri,Pennagaram(Uzhavar Sandhai ),Brinjal,Round,Local,27/08/2026,3500,3800,3650
Tamil Nadu,Dharmapuri,Dharmapuri(Uzhavar Sandhai ),Brinjal,Round,Local,27/08/2026,1800,2000,1900
Tamil Nadu,Thanjavur,Thanjavur(Uzhavar Sandhai ),Brinjal,Round,Local,27/08/2026,5000,5000,5000
Tamil Nadu,Madurai,Anaiyur(Uzhavar Sandhai ),Brinjal,Round,Local,27/08/2026,3600,5000,4300
Tamil Nadu,Pudukkottai,Ponnamaravathi(Uzhavar Sandhai),Brinjal,Round,Local,27/08/2026,6500,7000,6750
Tamil Nadu,Krishnagiri,Avallapalli(Uzhavar Sandhai ),Brinjal,Round,Local,27/08/2026,2500,3000,2750
Keralam,Thiruvananthapuram,Parassala Market,Brinjal,Round,Local,27/08/2026,4400,4800,4600
Tripura,North Tripura,Dasda APMC,Brinjal,Round/Long,FAQ,27/08/2026,2800,2800,2800
Uttar Pradesh,Amroha,Hasanpur APMC,Brinjal,Round/Long,FAQ,27/08/2026,1450,1520,1500
Andhra Pradesh,Kakinada,Tuni APMC,Cashewnuts,Local(Raw),FAQ,27/08/2026,13000,13000,13000
Himachal Pradesh,Kangra,SMY Palampur,Coriander(Leaves),Coriander,FAQ,27/08/2026,10000,15000,12500
Tamil Nadu,Thiruchirappalli,Manapparai(Uzhavar Sandhai ),Coriander(Leaves),I Sort,Local,27/08/2026,3000,3000,3000
Tamil Nadu,Thiruvannamalai,Tiruvannamalai(Uzhavar Sandhai ),Coriander(Leaves),I Sort,Local,27/08/2026,4000,5000,4500
Tamil Nadu,Chengalpattu,Nanganallur(Uzhavar Sandhai ),Coriander(Leaves),I Sort,Local,27/08/2026,4500,5000,4750
Tamil Nadu,Sivaganga,Devakottai (Uzhavar Sandhai ),Coriander(Leaves),I Sort,Local,27/08/2026,4400,4800,4600
Tamil Nadu,Pudukkottai,Gandarvakottai(Uzhavar Sandhai ),Coriander(Leaves),I Sort,Local,27/08/2026,4500,5000,4750
Tamil Nadu,Dharmapuri,Harur(Uzhavar Sandhai ),Coriander(Leaves),I Sort,Local,27/08/2026,3500,4000,3750
Tamil Nadu,Thanjavur,Kumbakonam (Uzhavar Sandhai ),Coriander(Leaves),I Sort,Local,27/08/2026,4200,4200,4200
Tamil Nadu,Namakkal,Paramathivelur(Uzhavar Sandhai ),Coriander(Leaves),I Sort,Local,27/08/2026,7200,8000,7600
Tamil Nadu,Kallakuruchi,Kallakurichi(Uzhavar Sandhai ),Coriander(Leaves),I Sort,Local,27/08/2026,6000,6000,6000
Tamil Nadu,Virudhunagar,Sathur(Uzhavar Sandhai ),Coriander(Leaves),I Sort,Local,27/08/2026,4500,5000,4750
Tamil Nadu,Erode,Thalavadi(Uzhavar Sandhai ),Coriander(Leaves),I Sort,Local,27/08/2026,3500,4000,3750
Tamil Nadu,Erode,Periyar Nagar(Uzhavar Sandhai ),Coriander(Leaves),I Sort,Local,27/08/2026,3200,3600,3400
Tamil Nadu,Sivaganga,Tirupatthur(Uzhavar Sandhai ),Coriander(Leaves),I Sort,Local,27/08/2026,4500,5000,4750
Tamil Nadu,Salem,Thammampatti (Uzhavar Sandhai ),Coriander(Leaves),I Sort,Local,27/08/2026,3000,3500,3250
Tamil Nadu,Pudukkottai,Pudukottai(Uzhavar Sandhai ),Coriander(Leaves),I Sort,Local,27/08/2026,5000,6000,5500
Tamil Nadu,Dharmapuri,Pennagaram(Uzhavar Sandhai ),Coriander(Leaves),I Sort,Local,27/08/2026,5500,6000,5750
Tamil Nadu,Namakkal,Kumarapalayam(Uzhavar Sandhai ),Coriander(Leaves),I Sort,Local,27/08/2026,7500,8500,8000
Tamil Nadu,Virudhunagar,Thalavaipuram(Uzhavar Sandhai ),Coriander(Leaves),I Sort,Local,27/08/2026,3600,4500,4050
Tamil Nadu,Chengalpattu,Thirukalukundram(Uzhavar Sandhai ),Coriander(Leaves),I Sort,Local,27/08/2026,4000,5000,4500
Tamil Nadu,Salem,Vazhapadi(Uzhavar Sandhai),Coriander(Leaves),I Sort,Local,27/08/2026,3500,4000,3750
Tamil Nadu,Nagapattinam,Mayiladuthurai(Uzhavar Sandhai ),Coriander(Leaves),I Sort,Local,27/08/2026,3500,4000,3750
Tamil Nadu,The Nilgiris,Gudalur(Uzhavar Sandhai ),Coriander(Leaves),I Sort,Local,27/08/2026,6000,7000,6500
Tamil Nadu,Dharmapuri,Dharmapuri(Uzhavar Sandhai ),Coriander(Leaves),I Sort,Local,27/08/2026,4600,5000,4800
Tamil Nadu,Coimbatore,Sundarapuram(Uzhavar Sandhai ),Coriander(Leaves),I Sort,Local,27/08/2026,3500,4000,3750
Tamil Nadu,Salem,Sooramangalam(Uzhavar Sandhai ),Coriander(Leaves),I Sort,Local,27/08/2026,3000,3200,3100
Tamil Nadu,Coimbatore,Mettupalayam(Uzhavar Sandhai ),Coriander(Leaves),I Sort,Local,27/08/2026,4500,5000,4750
Tamil Nadu,Villupuram,Ulundurpettai APMC,Coriander(Leaves),I Sort,Local,27/08/2026,6000,6000,6000
Tamil Nadu,Coimbatore,Singanallur(Uzhavar Sandhai ),Coriander(Leaves),I Sort,Local,27/08/2026,3500,4000,3750
Tamil Nadu,Karur,Karur(Uzhavar Sandhai ),Coriander(Leaves),I Sort,Local,27/08/2026,5000,5500,5250
Tamil Nadu,Madurai,Palanganatham(Uzhavar Sandhai ),Coriander(Leaves),I Sort,Local,27/08/2026,4000,4500,4250
Tamil Nadu,Thiruvarur,Muthupettai(Uzhavar Sandhai ),Coriander(Leaves),I Sort,Local,27/08/2026,3500,3500,3500
Tamil Nadu,Thanjavur,Pattukottai(Uzhavar Sandhai ),Coriander(Leaves),I Sort,Local,27/08/2026,3200,3200,3200
Rajasthan,Kota,Kota APMC,Methi Seeds,Other,Local,27/08/2026,5800,5800,5800
Andhra Pradesh,Nandyal,Dhone APMC,Red gram/Arhar/Tur(whole),Local,FAQ,27/08/2026,8000,8000,8000
Andhra Pradesh,Palnadu,Macharla APMC,Red gram/Arhar/Tur(whole),Local,Grade Range-1,27/08/2026,8500,8500,8500
Tamil Nadu,Salem,Sooramangalam(Uzhavar Sandhai ),Green Peas,Green Peas,Local,27/08/2026,13000,13400,13200
Tamil Nadu,Dindigul,Dindigul(Uzhavar Sandhai ),Green Peas,Green Peas,Local,27/08/2026,15000,16000,15500
Tamil Nadu,Salem,Thathakapatti(Uzhavar Sandhai ),Green Peas,Green Peas,Local,27/08/2026,13000,13400,13200
Tamil Nadu,Coimbatore,Mettupalayam(Uzhavar Sandhai ),Green Peas,Green Peas,Local,27/08/2026,15000,17000,16000
Tamil Nadu,Salem,Hasthampatti(Uzhavar Sandhai ),Green Peas,Green Peas,Local,27/08/2026,14000,15000,14500
Tamil Nadu,Coimbatore,Mettupalayam(Uzhavar Sandhai ),Chikoos(Sapota),Sapota,Local,27/08/2026,4500,5000,4750
Tamil Nadu,Namakkal,Rasipuram(Uzhavar Sandhai ),Chikoos(Sapota),Sapota,Local,27/08/2026,4000,4500,4250
Tamil Nadu,Virudhunagar,Sathur(Uzhavar Sandhai ),Chikoos(Sapota),Sapota,Local,27/08/2026,2500,3000,2750
Tamil Nadu,Thiruvannamalai,Tiruvannamalai(Uzhavar Sandhai ),Chikoos(Sapota),Sapota,Local,27/08/2026,4000,5000,4500
Tamil Nadu,Karur,Pallapatti (Uzhavar Sandhai ),Chikoos(Sapota),Sapota,Local,27/08/2026,3500,4000,3750
Tamil Nadu,Thirupur,Palladam(Uzhavar Sandhai ),Chikoos(Sapota),Sapota,Local,27/08/2026,3000,4000,3500
Tamil Nadu,Madurai,Melur(Uzhavar Sandhai ),Chikoos(Sapota),Sapota,Local,27/08/2026,4000,6000,5000
Maharashtra,Pune,Pune(Moshi) APMC,Papaya,Other,Local,27/08/2026,2500,2500,2500
Tamil Nadu,Dharmapuri,Pennagaram(Uzhavar Sandhai ),Papaya,Papaya,Local,27/08/2026,3300,3500,3400
Tamil Nadu,Coimbatore,Kurichi(Uzhavar Sandhai ),Papaya,Papaya,Local,27/08/2026,4000,4500,4250
Tamil Nadu,Chengalpattu,Thirukalukundram(Uzhavar Sandhai ),Papaya,Papaya,Local,27/08/2026,3000,4000,3500
Tamil Nadu,Pudukkottai,Ponnamaravathi(Uzhavar Sandhai),Papaya,Papaya,Local,27/08/2026,2500,3000,2750
Tamil Nadu,Krishnagiri,Denkanikottai(Uzhavar Sandhai ),Papaya,Papaya,Local,27/08/2026,3000,4000,3500
Tamil Nadu,Theni,Devaram(Uzhavar Sandhai ),Papaya,Papaya,Local,27/08/2026,3000,3000,3000
Tamil Nadu,Virudhunagar,Rajapalayam(Uzhavar Sandhai ),Papaya,Papaya,Local,27/08/2026,3000,3500,3250
Tamil Nadu,Chengalpattu,Nanganallur(Uzhavar Sandhai ),Papaya,Papaya,Local,27/08/2026,5500,6000,5750
Tamil Nadu,Pudukkottai,Alangudi(Uzhavar Sandhai ),Papaya,Papaya,Local,27/08/2026,2500,3000,2750
Tamil Nadu,Salem,Thammampatti (Uzhavar Sandhai ),Papaya,Papaya,Local,27/08/2026,2500,3000,2750
Tamil Nadu,Thirupur,Tiruppur (South) (Uzhavar Sandhai ),Papaya,Papaya,Local,27/08/2026,2400,3000,2700
Tamil Nadu,Nagapattinam,Sirkali(Uzhavar Sandhai ),Papaya,Papaya,Local,27/08/2026,2500,3000,2750
Tamil Nadu,Perambalur,Perambalur(Uzhavar Sandhai ),Papaya,Papaya,Local,27/08/2026,4000,5000,4500
Tamil Nadu,Kallakuruchi,Sankarapuram(Uzhavar Sandhai ),Papaya,Papaya,Local,27/08/2026,3000,3000,3000
Tamil Nadu,Thiruvannamalai,Polur(Uzhavar Sandhai ),Papaya,Papaya,Local,27/08/2026,2500,3000,2750
Tamil Nadu,Krishnagiri,Avallapalli(Uzhavar Sandhai ),Papaya,Papaya,Local,27/08/2026,3500,4000,3750
Tamil Nadu,Thanjavur,Thanjavur(Uzhavar Sandhai ),Papaya,Papaya,Local,27/08/2026,5000,5000,5000
Tamil Nadu,Coimbatore,Pollachi(Uzhavar Sandhai ),Papaya,Papaya,Local,27/08/2026,4000,4500,4250
Tamil Nadu,Madurai,Anaiyur(Uzhavar Sandhai ),Papaya,Papaya,Local,27/08/2026,4000,4500,4250
Tamil Nadu,Kallakuruchi,Kallakurichi(Uzhavar Sandhai ),Papaya,Papaya,Local,27/08/2026,3500,3500,3500
Tamil Nadu,Erode,Perundurai(Uzhavar Sandhai ),Papaya,Papaya,Local,27/08/2026,2600,3000,2800
Tamil Nadu,Erode,Sathiyamagalam(Uzhavar Sandhai ),Papaya,Papaya,Local,27/08/2026,2000,2400,2200
Tamil Nadu,Erode,Gobichettipalayam(Uzhavar Sandhai ),Papaya,Papaya,Local,27/08/2026,3000,3400,3200
Himachal Pradesh,Kangra,SMY Palampur,Papaya,Papaya,Medium,27/08/2026,5000,5500,5200
Tamil Nadu,Thiruvannamalai,Tamarainagar(Uzhavar Sandhai ),Water Melon,Water Melon,Local,27/08/2026,1700,2000,1850
Tamil Nadu,Namakkal,Mohanur(Uzhavar Sandhai ),Water Melon,Water Melon,Local,27/08/2026,1000,1200,1100
Tamil Nadu,Thiruvannamalai,Tiruvannamalai(Uzhavar Sandhai ),Water Melon,Water Melon,Local,27/08/2026,2000,2500,2250
Tamil Nadu,Krishnagiri,Hosur(Uzhavar Sandhai ),Water Melon,Water Melon,Local,27/08/2026,2000,2500,2250
Tamil Nadu,Salem,Thathakapatti(Uzhavar Sandhai ),Water Melon,Water Melon,Local,27/08/2026,1500,1800,1650
Tamil Nadu,Theni,Theni(Uzhavar Sandhai ),Water Melon,Water Melon,Local,27/08/2026,2000,2500,2250
Haryana,Hissar,Hansi APMC,Guar,Other,FAQ,27/08/2026,5000,6000,5500
Tamil Nadu,Namakkal,Kumarapalayam(Uzhavar Sandhai ),Mousambi(Sweet Lime),Mousambi,Local,27/08/2026,3000,3500,3250
Tamil Nadu,Vellore,Kahithapattarai(Uzhavar Sandhai ),Mousambi(Sweet Lime),Mousambi,Local,27/08/2026,5000,7000,6000
Tamil Nadu,Salem,Elampillai(Uzhavar Sandhai ),Mousambi(Sweet Lime),Mousambi,Local,27/08/2026,3000,3500,3250
Tamil Nadu,Salem,Ammapet(Uzhavar Sandhai ),Mousambi(Sweet Lime),Mousambi,Local,27/08/2026,4000,4000,4000
Tamil Nadu,Namakkal,Tiruchengode APMC,Mousambi(Sweet Lime),Mousambi,Local,27/08/2026,3000,3500,3250
Tamil Nadu,Chengalpattu,Nanganallur(Uzhavar Sandhai ),Mousambi(Sweet Lime),Mousambi,Local,27/08/2026,3500,4000,3750
Haryana,Sonipat,Ganaur APMC,Mousambi(Sweet Lime),Mousambi,Medium,27/08/2026,4000,5000,4500
Tamil Nadu,Dharmapuri,AJattihalli(Uzhavar Sandhai ),Tomato,Deshi,Local,27/08/2026,1600,2000,1800
Tamil Nadu,Nagapattinam,Mayiladuthurai(Uzhavar Sandhai ),Tomato,Deshi,Local,27/08/2026,2500,3000,2750
Tamil Nadu,Coimbatore,Pollachi(Uzhavar Sandhai ),Tomato,Deshi,Local,27/08/2026,1200,1500,1350
Tamil Nadu,Thirupathur,Vaniyampadi(Uzhavar Sandhai ),Tomato,Deshi,Local,27/08/2026,2500,2500,2500
Tamil Nadu,Chengalpattu,Madhuranthagam(Uzhavar Sandhai ),Tomato,Deshi,Local,27/08/2026,2000,2000,2000
Tamil Nadu,Thiruvarur,Valangaiman APMC,Tomato,Deshi,Local,27/08/2026,2400,2400,2400
Tamil Nadu,Thanjavur,Tirukattupalli(Uzhavar Sandhai ),Tomato,Deshi,Local,27/08/2026,2000,2000,2000
Tamil Nadu,Namakkal,Tiruchengode APMC,Tomato,Deshi,Local,27/08/2026,2000,2200,2100
Tamil Nadu,Villupuram,Ulundurpettai APMC,Tomato,Deshi,Local,27/08/2026,2000,2000,2000
Tamil Nadu,Thiruchirappalli,Manachanallur(Uzhavar Sandhai ),Tomato,Deshi,Local,27/08/2026,2200,2200,2200
Tamil Nadu,Virudhunagar,Rajapalayam(Uzhavar Sandhai ),Tomato,Deshi,Local,27/08/2026,1000,1500,1250
Tamil Nadu,Perambalur,Perambalur(Uzhavar Sandhai ),Tomato,Deshi,Local,27/08/2026,2500,3000,2750
Tamil Nadu,Karur,Kulithalai(Uzhavar Sandhai ),Tomato,Deshi,Local,27/08/2026,2000,2400,2200
Tamil Nadu,Virudhunagar,Sathur(Uzhavar Sandhai ),Tomato,Deshi,Local,27/08/2026,1800,2000,1900
Tamil Nadu,Virudhunagar,Sivakasi(Uzhavar Sandhai ),Tomato,Deshi,Local,27/08/2026,1300,1500,1400
Tamil Nadu,Vellore,Perampet(Uzhavar Sandhai),Tomato,Deshi,Local,27/08/2026,1800,2000,1900
Tamil Nadu,Vellore,Pallikonda(Uzhavar Sandhai),Tomato,Deshi,Local,27/08/2026,2200,2400,2300
Tamil Nadu,Krishnagiri,Krishnagiri(Uzhavar Sandhai ),Tomato,Deshi,Local,27/08/2026,1000,1500,1250
Punjab,Ludhiana,Doraha APMC,Tomato,Deshi,Local,27/08/2026,2000,2500,2300
Rajasthan,Churu,Churu APMC,Tomato,Hybrid,FAQ,27/08/2026,1900,2100,2000
Gujarat,Amreli,Damnagar APMC,Tomato,Local,Local,27/08/2026,2500,2500,2500
Tamil Nadu,Dharmapuri,Karimangalam(Uzhavar Sandhai),Tomato,Local,Local,27/08/2026,1800,2000,1900
Tamil Nadu,Salem,Edapadi (Uzhavar Sandhai ),Tomato,Local,Local,27/08/2026,1800,2200,2000
Tamil Nadu,Thiruvannamalai,Polur(Uzhavar Sandhai ),Tomato,Local,Local,27/08/2026,2000,2500,2250
Tamil Nadu,Kancheepuram,Sunguvarchatram(Uzhavar Sandhai ),Tomato,Other,Local,27/08/2026,2200,2200,2200
Tamil Nadu,Chengalpattu,Pallavaram(Uzhavar Sandhai ),Tomato,Other,Local,27/08/2026,2000,2500,2250
Tamil Nadu,Theni,Chinnamanur(Uzhavar Sandhai ),Tomato,Other,Local,27/08/2026,1600,1800,1700
Tamil Nadu,Dindigul,Dindigul(Uzhavar Sandhai ),Tomato,Other,Local,27/08/2026,1500,2000,1750
Tamil Nadu,Salem,Elampillai(Uzhavar Sandhai ),Tomato,Other,Local,27/08/2026,1800,2000,1900
Haryana,Rewari,Kosli APMC,Tomato,Other,FAQ,27/08/2026,2500,2500,2500
Odisha,Mayurbhanja,Betnoti APMC,Tomato,Tomato,FAQ,27/08/2026,3000,3400,3200
West Bengal,Darjeeling,Siliguri APMC,Tomato,Tomato,FAQ,27/08/2026,2600,2800,2700
Gujarat,Rajkot,Gondal(Veg.market Gondal) APMC,Tomato,Tomato,Local,27/08/2026,1000,2500,1750
Gujarat,Gandhinagar,Mansa(Manas Veg Yard) APMC,Tomato,Tomato,Local,27/08/2026,1500,1800,1500
Andhra Pradesh,Annamayya,Somala APMC,Tomato,Tomato,FAQ,27/08/2026,1000,1600,1300
Tamil Nadu,Namakkal,Mohanur(Uzhavar Sandhai ),Cluster beans,Cluster Beans,Local,27/08/2026,4400,4800,4600
Tamil Nadu,Madurai,Chokkikulam(Uzhavar Sandhai ),Cluster beans,Cluster Beans,Local,27/08/2026,3000,3600,3300
Tamil Nadu,Pudukkottai,Alangudi(Uzhavar Sandhai ),Cluster beans,Cluster Beans,Local,27/08/2026,3500,4000,3750
Tamil Nadu,Thiruvarur,Mannargudi I(Uzhavar Sandhai ),Cluster beans,Cluster Beans,Local,27/08/2026,4000,4000,4000
Tamil Nadu,Coimbatore,RSPuram(Uzhavar Sandhai ),Cluster beans,Cluster Beans,Local,27/08/2026,3400,3800,3600
Tamil Nadu,Madurai,Thirumangalam(Uzhavar Sandhai ),Cluster beans,Cluster Beans,Local,27/08/2026,3000,3600,3300
Tamil Nadu,Erode,Periyar Nagar(Uzhavar Sandhai ),Cluster beans,Cluster Beans,Local,27/08/2026,2600,3000,2800
Tamil Nadu,Thiruvellore,Perambakkam(Uzhavar Sandhai ),Cluster beans,Cluster Beans,Local,27/08/2026,4000,4000,4000
Tamil Nadu,Karur,Vengamedu(Uzhavar Sandhai ),Cluster beans,Cluster Beans,Local,27/08/2026,3500,4000,3750
Tamil Nadu,Karur,Karur(Uzhavar Sandhai ),Cluster beans,Cluster Beans,Local,27/08/2026,3500,4000,3750
Tamil Nadu,Erode,Perundurai(Uzhavar Sandhai ),Cluster beans,Cluster Beans,Local,27/08/2026,2200,2500,2350
Tamil Nadu,Thiruchirappalli,Manapparai(Uzhavar Sandhai ),Cluster beans,Cluster Beans,Local,27/08/2026,3000,3000,3000
Tamil Nadu,Erode,Sathiyamagalam(Uzhavar Sandhai ),Cluster beans,Cluster Beans,Local,27/08/2026,3400,3800,3600
Tamil Nadu,Salem,Jalagandapuram(Uzhavar Sandhai ),Cluster beans,Cluster Beans,Local,27/08/2026,3000,3400,3200
Tamil Nadu,Nagapattinam,Vedaranyam(Uzhavar Sandhai),Cluster beans,Cluster Beans,Local,27/08/2026,2800,3000,2900
Tamil Nadu,Krishnagiri,Kaveripattinam(Uzhavar Sandhai ),Cluster beans,Cluster Beans,Local,27/08/2026,4000,4000,4000
Tamil Nadu,Thirupathur,Natrampalli(Uzhavar Sandhai ),Cluster beans,Cluster Beans,Local,27/08/2026,3000,4000,3500
Tamil Nadu,Pudukkottai,Aranthangi(Uzhavar Sandhai ),Cluster beans,Cluster Beans,Local,27/08/2026,3500,4000,3750
Tamil Nadu,Dharmapuri,AJattihalli(Uzhavar Sandhai ),Cluster beans,Cluster Beans,Local,27/08/2026,2600,2600,2600
Tamil Nadu,Theni,Bodinayakanur(Uzhavar Sandhai ),Cluster beans,Cluster Beans,Local,27/08/2026,3600,3600,3600
Tamil Nadu,Thirupur,Palladam(Uzhavar Sandhai ),Cluster beans,Cluster Beans,Local,27/08/2026,3500,4000,3750
Uttar Pradesh,Mau(Maunathbhanjan),Kopaganj APMC,Bitter gourd,Bitter Gourd,FAQ,27/08/2026,2099,2150,2100
Tamil Nadu,Chengalpattu,Madhuranthagam(Uzhavar Sandhai ),Bitter gourd,Bitter Gourd,Local,27/08/2026,4000,4000,4000
Tamil Nadu,The Nilgiris,Gudalur(Uzhavar Sandhai ),Bitter gourd,Bitter Gourd,Local,27/08/2026,5500,6000,5750
Tamil Nadu,Thiruchirappalli,KKNagar(Uzhavar Sandhai ),Bitter gourd,Bitter Gourd,Local,27/08/2026,6000,6000,6000
Tamil Nadu,Villupuram,Gingee(Uzhavar Sandhai ),Bitter gourd,Bitter Gourd,Local,27/08/2026,5000,7000,6000
Tamil Nadu,Thanjavur,Tirukattupalli(Uzhavar Sandhai ),Bitter gourd,Bitter Gourd,Local,27/08/2026,5000,6000,5500
Tamil Nadu,Thirunelveli,NGO Colony(Uzhavar Sandhai ),Bitter gourd,Bitter Gourd,Local,27/08/2026,5000,5500,5250
Tamil Nadu,Thirunelveli,Palayamkottai(Uzhavar Sandhai ),Bitter gourd,Bitter Gourd,Local,27/08/2026,4500,5500,5000
Tamil Nadu,Madurai,Thirumangalam(Uzhavar Sandhai ),Bitter gourd,Bitter Gourd,Local,27/08/2026,6000,7000,6500
Tamil Nadu,Krishnagiri,Avallapalli(Uzhavar Sandhai ),Bitter gourd,Bitter Gourd,Local,27/08/2026,4500,5000,4750
Tamil Nadu,Thiruvarur,Valangaiman APMC,Bitter gourd,Bitter Gourd,Local,27/08/2026,6000,6000,6000
Tamil Nadu,Kallakuruchi,Sankarapuram(Uzhavar Sandhai ),Bitter gourd,Bitter Gourd,Local,27/08/2026,7000,7000,7000
Tamil Nadu,Thiruvannamalai,Chengam(Uzhavar Sandhai ),Bitter gourd,Bitter Gourd,Local,27/08/2026,5000,6000,5500
Tamil Nadu,Thiruvannamalai,Tiruvannamalai(Uzhavar Sandhai ),Bitter gourd,Bitter Gourd,Local,27/08/2026,5000,6000,5500
Tamil Nadu,Thiruvarur,Muthupettai(Uzhavar Sandhai ),Bitter gourd,Bitter Gourd,Local,27/08/2026,5400,5400,5400
Tamil Nadu,Salem,Ammapet(Uzhavar Sandhai ),Bitter gourd,Bitter Gourd,Local,27/08/2026,5000,5000,5000
Tamil Nadu,Nagercoil (Kannyiakumari),Vadaseri APMC,Bitter gourd,Bitter Gourd,Local,27/08/2026,7000,7500,7250
Tamil Nadu,Thiruvannamalai,Tamarainagar(Uzhavar Sandhai ),Bitter gourd,Bitter Gourd,Local,27/08/2026,5000,6000,5500
Punjab,Hoshiarpur,Mukerian APMC,Bitter gourd,Bitter Gourd,Grade B,27/08/2026,2500,3500,3000
Haryana,Sonipat,Ganaur APMC,Bitter gourd,Bitter Gourd,Medium,27/08/2026,2500,3000,2800
Chandigarh,Chandigarh,Chandigarh (Grain/F&V) APMC,Bitter gourd,Bitter Gourd,FAQ,27/08/2026,800,1400,1200
Odisha,Angul,Angul APMC,Bitter gourd,Bitter Gourd,Grade B,27/08/2026,2500,2500,2500
Telangana,Ranga Reddy,"Vanasthalipuram,RBZ ",Bitter gourd,Bitter Gourd,Grade A,27/08/2026,2600,2600,2600
Haryana,Rohtak,Meham,Bitter gourd,Bitter Gourd,Medium,27/08/2026,2500,2500,2500
Himachal Pradesh,Kangra,SMY Palampur,Bitter gourd,Bitter Gourd,FAQ,27/08/2026,2500,3500,3000
Tamil Nadu,Salem,Hasthampatti(Uzhavar Sandhai ),Bitter gourd,Other,Local,27/08/2026,4000,4500,4250
Tamil Nadu,Theni,Theni(Uzhavar Sandhai ),Bitter gourd,Other,Local,27/08/2026,3500,3500,3500
Tamil Nadu,Coimbatore,Kurichi(Uzhavar Sandhai ),Bitter gourd,Other,Local,27/08/2026,5500,6000,5750
Tamil Nadu,Namakkal,Namakkal(Uzhavar Sandhai ),Bitter gourd,Other,Local,27/08/2026,6000,6500,6250
Tamil Nadu,Thiruvannamalai,Vandavasi(Uzhavar Sandhai ),Bitter gourd,Other,Local,27/08/2026,4000,4800,4400
Tamil Nadu,Thiruchirappalli,Manapparai(Uzhavar Sandhai ),Bitter gourd,Other,Local,27/08/2026,5600,5600,5600
Tamil Nadu,Dindigul,Dindigul(Uzhavar Sandhai ),Bitter gourd,Other,Local,27/08/2026,6000,7000,6500
Tamil Nadu,Chengalpattu,Pallavaram(Uzhavar Sandhai ),Bitter gourd,Other,Local,27/08/2026,5000,6000,5500
Tamil Nadu,Thirupur,Tiruppur (North) (Uzhavar Sandhai ),Bitter gourd,Other,Local,27/08/2026,5000,5500,5250
Tamil Nadu,Salem,Mettur(Uzhavar Sandhai ),Bitter gourd,Other,Local,27/08/2026,4500,5000,4750
Tamil Nadu,Karur,Kulithalai(Uzhavar Sandhai ),Bitter gourd,Other,Local,27/08/2026,5000,6000,5500
Maharashtra,Pune,Pune(Moshi) APMC,Bitter gourd,Other,Local,27/08/2026,2000,4000,3000
Gujarat,Gandhinagar,Mansa(Manas Veg Yard) APMC,Bitter gourd,Other,Local,27/08/2026,2500,2500,2500
Uttar Pradesh,Mau(Maunathbhanjan),Kopaganj APMC,Bottle gourd,Bottle Gourd,FAQ,27/08/2026,1309,1360,1340
Tamil Nadu,Coimbatore,Pollachi(Uzhavar Sandhai ),Bottle gourd,Bottle Gourd,Local,27/08/2026,3000,3500,3250
Tamil Nadu,Erode,Sathiyamagalam(Uzhavar Sandhai ),Bottle gourd,Bottle Gourd,Local,27/08/2026,1500,2000,1750
Tamil Nadu,Chengalpattu,Thirukalukundram(Uzhavar Sandhai ),Bottle gourd,Bottle Gourd,Local,27/08/2026,4000,4500,4250
Tamil Nadu,Thirupur,Kangayam(Uzhavar Sandhai ),Bottle gourd,Bottle Gourd,Local,27/08/2026,1500,1800,1650
Tamil Nadu,Thirupur,Tiruppur (South) (Uzhavar Sandhai ),Bottle gourd,Bottle Gourd,Local,27/08/2026,1500,2000,1750
Tamil Nadu,Nagapattinam,Sirkali(Uzhavar Sandhai ),Bottle gourd,Bottle Gourd,Local,27/08/2026,2500,3000,2750
Tamil Nadu,Dharmapuri,AJattihalli(Uzhavar Sandhai ),Bottle gourd,Bottle Gourd,Local,27/08/2026,1600,1600,1600
Tamil Nadu,Thiruvarur,Muthupettai(Uzhavar Sandhai ),Bottle gourd,Bottle Gourd,Local,27/08/2026,3000,3000,3000
Tamil Nadu,Ariyalur,Jeyankondam (Uzhavar Sandhai ),Bottle gourd,Bottle Gourd,Local,27/08/2026,2500,3000,2750
Tamil Nadu,Salem,Ammapet(Uzhavar Sandhai ),Bottle gourd,Bottle Gourd,Local,27/08/2026,2000,2500,2250
Tamil Nadu,Nagercoil (Kannyiakumari),Vadaseri APMC,Bottle gourd,Bottle Gourd,Local,27/08/2026,2800,3300,3050
Tamil Nadu,Namakkal,Kumarapalayam(Uzhavar Sandhai ),Bottle gourd,Bottle Gourd,Local,27/08/2026,1800,2000,1900
Tamil Nadu,Coimbatore,Singanallur(Uzhavar Sandhai ),Bottle gourd,Bottle Gourd,Local,27/08/2026,2500,3000,2750
Tamil Nadu,Thiruchirappalli,Manachanallur(Uzhavar Sandhai ),Bottle gourd,Bottle Gourd,Local,27/08/2026,3000,3000,3000
Tamil Nadu,Thiruvannamalai,Tamarainagar(Uzhavar Sandhai ),Bottle gourd,Bottle Gourd,Local,27/08/2026,2000,2500,2250
Tamil Nadu,Pudukkottai,Alangudi(Uzhavar Sandhai ),Bottle gourd,Bottle Gourd,Local,27/08/2026,2000,2500,2250
Tamil Nadu,Theni,Chinnamanur(Uzhavar Sandhai ),Bottle gourd,Bottle Gourd,Local,27/08/2026,2000,2000,2000
Tamil Nadu,Coimbatore,Udumalpet APMC,Bottle gourd,Bottle Gourd,Local,27/08/2026,1500,2000,1750
Tamil Nadu,Coimbatore,Vadavalli(Uzhavar Sandhai ),Bottle gourd,Bottle Gourd,Local,27/08/2026,2800,3200,3000
Tamil Nadu,Karur,Gandhigramam(Uzhavar Sandhai),Bottle gourd,Bottle Gourd,Local,27/08/2026,2500,3000,2750
Tamil Nadu,Thirunelveli,Kandiyaperi(Uzhavar Sandhai ),Bottle gourd,Bottle Gourd,Local,27/08/2026,800,1000,900
Tamil Nadu,Virudhunagar,Sathur(Uzhavar Sandhai ),Bottle gourd,Bottle Gourd,Local,27/08/2026,1800,2000,1900
Tamil Nadu,Thiruchirappalli,KKNagar(Uzhavar Sandhai ),Bottle gourd,Bottle Gourd,Local,27/08/2026,3000,3000,3000
Tamil Nadu,Sivaganga,Sivagangai (Uzhavar Sandhai ),Bottle gourd,Bottle Gourd,Local,27/08/2026,2600,3200,2900
Tamil Nadu,Cuddalore,Cuddalore(Uzhavar Sandhai ),Bottle gourd,Bottle Gourd,Local,27/08/2026,2000,2000,2000
Tamil Nadu,Dharmapuri,Pennagaram(Uzhavar Sandhai ),Bottle gourd,Bottle Gourd,Local,27/08/2026,2200,2400,2300
Tamil Nadu,Thanjavur,Thanjavur(Uzhavar Sandhai ),Bottle gourd,Bottle Gourd,Local,27/08/2026,3000,3000,3000
Tamil Nadu,Coimbatore,Mettupalayam(Uzhavar Sandhai ),Bottle gourd,Bottle Gourd,Local,27/08/2026,2000,3000,2500
Tamil Nadu,Madurai,Thirumangalam(Uzhavar Sandhai ),Bottle gourd,Bottle Gourd,Local,27/08/2026,2500,3000,2750
Tamil Nadu,Pudukkottai,Ponnamaravathi(Uzhavar Sandhai),Bottle gourd,Bottle Gourd,Local,27/08/2026,2500,3000,2750
Tamil Nadu,Salem,Jalagandapuram(Uzhavar Sandhai ),Bottle gourd,Bottle Gourd,Local,27/08/2026,2500,3000,2750
Tamil Nadu,Krishnagiri,Hosur(Uzhavar Sandhai ),Bottle gourd,Bottle Gourd,Local,27/08/2026,1500,2000,1750
Tamil Nadu,Salem,Thathakapatti(Uzhavar Sandhai ),Bottle gourd,Bottle Gourd,Local,27/08/2026,2500,3000,2750
Tamil Nadu,Perambalur,Perambalur(Uzhavar Sandhai ),Bottle gourd,Bottle Gourd,Local,27/08/2026,1800,2200,2000
Tamil Nadu,Tuticorin,Kovilpatti(Uzhavar Sandhai ),Bottle gourd,Bottle Gourd,Local,27/08/2026,2500,3000,2750
Haryana,Rewari,Kosli APMC,Bottle gourd,Bottle Gourd,FAQ,27/08/2026,1000,1500,1200
Keralam,Kottayam,Athirampuzha Market,Bottle gourd,Bottle Gourd,FAQ,27/08/2026,3000,3200,3100
Madhya Pradesh,Badwani,Sendhwa(F&V) APMC,Bottle gourd,Bottle Gourd,Medium,27/08/2026,700,1100,900
Haryana,Hissar,Hansi APMC,Bottle gourd,Other,FAQ,27/08/2026,1000,1500,1250
Tamil Nadu,Thirunelveli,Kandiyaperi(Uzhavar Sandhai ),Ashgourd,Gouard,Local,27/08/2026,1000,1200,1100
Tamil Nadu,Kallakuruchi,Sankarapuram(Uzhavar Sandhai ),Ashgourd,Gouard,Local,27/08/2026,3000,3000,3000
Tamil Nadu,Namakkal,Tiruchengode APMC,Ashgourd,Gouard,Local,27/08/2026,1800,2000,1900
Tamil Nadu,Madurai,Thirumangalam(Uzhavar Sandhai ),Ashgourd,Gouard,Local,27/08/2026,1500,2000,1750
Tamil Nadu,Vellore,Perampet(Uzhavar Sandhai),Ashgourd,Gouard,Local,27/08/2026,2400,2400,2400
Tamil Nadu,Thiruvarur,Valangaiman APMC,Ashgourd,Gouard,Local,27/08/2026,2400,2400,2400
Tamil Nadu,Thanjavur,Thanjavur(Uzhavar Sandhai ),Ashgourd,Gouard,Local,27/08/2026,2000,2000,2000
Tamil Nadu,Karur,Kulithalai(Uzhavar Sandhai ),Ashgourd,Gouard,Local,27/08/2026,2500,3000,2750
Tamil Nadu,Karur,Karur(Uzhavar Sandhai ),Ashgourd,Gouard,Local,27/08/2026,2500,3000,2750
Tamil Nadu,Virudhunagar,Sathur(Uzhavar Sandhai ),Ashgourd,Gouard,Local,27/08/2026,2000,2500,2250
Tamil Nadu,Thiruvannamalai,Chengam(Uzhavar Sandhai ),Ashgourd,Gouard,Local,27/08/2026,2000,2500,2250
Tamil Nadu,Erode,Gobichettipalayam(Uzhavar Sandhai ),Ashgourd,Gouard,Local,27/08/2026,3000,3500,3250
Tamil Nadu,Salem,Jalagandapuram(Uzhavar Sandhai ),Ashgourd,Gouard,Local,27/08/2026,2000,2400,2200
Tamil Nadu,Sivaganga,Sivagangai (Uzhavar Sandhai ),Ashgourd,Gouard,Local,27/08/2026,1800,2200,2000
Tamil Nadu,Salem,Thathakapatti(Uzhavar Sandhai ),Ashgourd,Gouard,Local,27/08/2026,1800,2000,1900
Tamil Nadu,Pudukkottai,Viralimalai(Uzhavar Sandhai ),Ashgourd,Gouard,Local,27/08/2026,1200,1500,1350
Tamil Nadu,Krishnagiri,Denkanikottai(Uzhavar Sandhai ),Ashgourd,Gouard,Local,27/08/2026,1500,2000,1750
Tamil Nadu,Thirupur,Kangayam(Uzhavar Sandhai ),Ashgourd,Gouard,Local,27/08/2026,2000,2400,2200
Tamil Nadu,Vellore,Kahithapattarai(Uzhavar Sandhai ),Ashgourd,Gouard,Local,27/08/2026,2500,2500,2500
Tamil Nadu,Krishnagiri,Hosur(Uzhavar Sandhai ),Ashgourd,Gouard,Local,27/08/2026,2500,3000,2750
Tamil Nadu,Kancheepuram,Kundrathur(Uzhavar Sandhai ),Ashgourd,Gouard,Local,27/08/2026,2000,2000,2000
Tamil Nadu,Kancheepuram,Sunguvarchatram(Uzhavar Sandhai ),Ashgourd,Gouard,Local,27/08/2026,2000,2000,2000
Tamil Nadu,Namakkal,Paramathivelur(Uzhavar Sandhai ),Ashgourd,Gouard,Local,27/08/2026,1700,2000,1850
Tamil Nadu,Karur,Gandhigramam(Uzhavar Sandhai),Ashgourd,Gouard,Local,27/08/2026,2700,3000,2850
Tamil Nadu,Madurai,Melur(Uzhavar Sandhai ),Ashgourd,Gouard,Local,27/08/2026,1600,2000,1800
Tamil Nadu,Virudhunagar,Rajapalayam(Uzhavar Sandhai ),Ashgourd,Gouard,Local,27/08/2026,2000,2500,2250
Tamil Nadu,Madurai,Chokkikulam(Uzhavar Sandhai ),Ashgourd,Gouard,Local,27/08/2026,1600,2000,1800
Tamil Nadu,Salem,Vazhapadi(Uzhavar Sandhai),Ashgourd,Gouard,Local,27/08/2026,3000,3000,3000
Tamil Nadu,Pudukkottai,Alangudi(Uzhavar Sandhai ),Ashgourd,Gouard,Local,27/08/2026,1000,1200,1100
Punjab,Kapurthala,Bhulath (Nadala) APMC,Pumpkin,Pumpkin,Local,27/08/2026,650,700,700
Punjab,Kapurthala,Bhulath APMC,Pumpkin,Pumpkin,Local,27/08/2026,750,800,800
Uttarakhand,Dehradoon,Vikasnagar APMC,Pumpkin,Pumpkin,Medium,27/08/2026,500,600,600
Tamil Nadu,Nagercoil (Kannyiakumari),Vadaseri APMC,Pumpkin,Pumpkin,Local,27/08/2026,2000,2500,2250
Tamil Nadu,Erode,Periyar Nagar(Uzhavar Sandhai ),Pumpkin,Pumpkin,Local,27/08/2026,2000,2200,2100
Tamil Nadu,Pudukkottai,Pudukottai(Uzhavar Sandhai ),Pumpkin,Pumpkin,Local,27/08/2026,1000,1500,1250
Tamil Nadu,Villupuram,Villupuram(Uzhavar Sandhai ),Pumpkin,Pumpkin,Local,27/08/2026,2000,2000,2000
Tamil Nadu,Thiruvarur,Valangaiman APMC,Pumpkin,Pumpkin,Local,27/08/2026,2400,2400,2400
Tamil Nadu,Virudhunagar,Srivilliputhur(Uzhavar Sandhai ),Pumpkin,Pumpkin,Local,27/08/2026,2500,3000,2750
Tamil Nadu,Pudukkottai,Viralimalai(Uzhavar Sandhai ),Pumpkin,Pumpkin,Local,27/08/2026,1200,1500,1350
Tamil Nadu,Dharmapuri,Dharmapuri(Uzhavar Sandhai ),Pumpkin,Pumpkin,Local,27/08/2026,1500,1600,1550
Tamil Nadu,Thanjavur,Thanjavur(Uzhavar Sandhai ),Pumpkin,Pumpkin,Local,27/08/2026,2000,2000,2000
Tamil Nadu,Kancheepuram,Kancheepuram(Uzhavar Sandhai ),Pumpkin,Pumpkin,Local,27/08/2026,2000,3000,2500
Tamil Nadu,Namakkal,Mohanur(Uzhavar Sandhai ),Pumpkin,Pumpkin,Local,27/08/2026,2400,3000,2700
Tamil Nadu,Tuticorin,Kovilpatti(Uzhavar Sandhai ),Pumpkin,Pumpkin,Local,27/08/2026,2500,3000,2750
Tamil Nadu,Villupuram,Ulundurpettai APMC,Pumpkin,Pumpkin,Local,27/08/2026,2500,2500,2500
Tamil Nadu,Virudhunagar,Sivakasi(Uzhavar Sandhai ),Pumpkin,Pumpkin,Local,27/08/2026,2000,2500,2250
Tamil Nadu,Thiruvannamalai,Chengam(Uzhavar Sandhai ),Pumpkin,Pumpkin,Local,27/08/2026,2000,2500,2250
Tamil Nadu,Erode,Sathiyamagalam(Uzhavar Sandhai ),Pumpkin,Pumpkin,Local,27/08/2026,3000,3300,3150
Tamil Nadu,Thirupur,Tiruppur (North) (Uzhavar Sandhai ),Pumpkin,Pumpkin,Local,27/08/2026,1200,1500,1350
Tamil Nadu,Thanjavur,Pattukottai(Uzhavar Sandhai ),Pumpkin,Pumpkin,Local,27/08/2026,2600,2600,2600
Tamil Nadu,Thirunelveli,Melapalayam(Uzhavar Sandhai ),Pumpkin,Pumpkin,Local,27/08/2026,800,1000,900
Tamil Nadu,Kallakuruchi,Sankarapuram(Uzhavar Sandhai ),Pumpkin,Pumpkin,Local,27/08/2026,2500,2500,2500
Tamil Nadu,Dindigul,Dindigul(Uzhavar Sandhai ),Pumpkin,Pumpkin,Local,27/08/2026,1500,2000,1750
Tamil Nadu,Thiruchirappalli,Manapparai(Uzhavar Sandhai ),Pumpkin,Pumpkin,Local,27/08/2026,2000,2000,2000
Tamil Nadu,Thiruvannamalai,Tiruvannamalai(Uzhavar Sandhai ),Pumpkin,Pumpkin,Local,27/08/2026,2000,2500,2250
Tamil Nadu,Pudukkottai,Gandarvakottai(Uzhavar Sandhai ),Pumpkin,Pumpkin,Local,27/08/2026,1000,1500,1250
Odisha,Dhenkanal,Hindol APMC,Pumpkin,Pumpkin,Grade B,27/08/2026,1500,1700,1600
Uttar Pradesh,Shamli,Kairana APMC,Pumpkin,Pumpkin,FAQ,27/08/2026,1000,1100,1050
Odisha,Angul,Angul(Atthamallick) APMC,Bhindi(Ladies Finger),Bhindi,Grade B,27/08/2026,3500,4500,4000
Punjab,Amritsar,Rayya APMC,Bhindi(Ladies Finger),Bhindi,FAQ,27/08/2026,696,696,696
Tamil Nadu,Krishnagiri,Kaveripattinam(Uzhavar Sandhai ),Bhindi(Ladies Finger),Bhindi,Local,27/08/2026,3000,3000,3000
Tamil Nadu,Salem,Ammapet(Uzhavar Sandhai ),Bhindi(Ladies Finger),Bhindi,Local,27/08/2026,3500,3800,3650
Tamil Nadu,Nagercoil (Kannyiakumari),Myladi(Uzhavar Sandhai ),Bhindi(Ladies Finger),Bhindi,Local,27/08/2026,6500,7000,6750
Tamil Nadu,Namakkal,Kumarapalayam(Uzhavar Sandhai ),Bhindi(Ladies Finger),Bhindi,Local,27/08/2026,3400,4200,3800
Tamil Nadu,Thiruvannamalai,Arani(Uzhavar Sandhai ),Bhindi(Ladies Finger),Bhindi,Local,27/08/2026,3000,3600,3300
Tamil Nadu,Ramanathapuram,Kamuthi(Uzhavar Sandhai ),Bhindi(Ladies Finger),Bhindi,Local,27/08/2026,4800,5000,4900
Tamil Nadu,Theni,Chinnamanur(Uzhavar Sandhai ),Bhindi(Ladies Finger),Bhindi,Local,27/08/2026,3600,3600,3600
Tamil Nadu,Dharmapuri,Harur(Uzhavar Sandhai ),Bhindi(Ladies Finger),Bhindi,Local,27/08/2026,2000,3000,2500
Tamil Nadu,Tuticorin,Tuticorin(Uzhavar Sandhai ),Bhindi(Ladies Finger),Bhindi,Local,27/08/2026,3500,4000,3750
Tamil Nadu,Thanjavur,Thanjavur(Uzhavar Sandhai ),Bhindi(Ladies Finger),Bhindi,Local,27/08/2026,4000,4000,4000
Tamil Nadu,Theni,Theni(Uzhavar Sandhai ),Bhindi(Ladies Finger),Bhindi,Local,27/08/2026,3000,3400,3200
Tamil Nadu,Coimbatore,Mettupalayam(Uzhavar Sandhai ),Bhindi(Ladies Finger),Bhindi,Local,27/08/2026,3000,3500,3250
Tamil Nadu,Madurai,Chokkikulam(Uzhavar Sandhai ),Bhindi(Ladies Finger),Bhindi,Local,27/08/2026,2600,3000,2800
Tamil Nadu,Theni,Bodinayakanur(Uzhavar Sandhai ),Bhindi(Ladies Finger),Bhindi,Local,27/08/2026,3600,3600,3600
Tamil Nadu,Kallakuruchi,Sankarapuram(Uzhavar Sandhai ),Bhindi(Ladies Finger),Bhindi,Local,27/08/2026,3000,3000,3000
Tamil Nadu,Virudhunagar,Thalavaipuram(Uzhavar Sandhai ),Bhindi(Ladies Finger),Bhindi,Local,27/08/2026,2500,3000,2750
Tamil Nadu,Thiruchirappalli,Thiruverumbur(Uzhavar Sandhai ),Bhindi(Ladies Finger),Bhindi,Local,27/08/2026,4000,4000,4000
Tamil Nadu,Madurai,Palanganatham(Uzhavar Sandhai ),Bhindi(Ladies Finger),Bhindi,Local,27/08/2026,2600,3000,2800
Tamil Nadu,Chengalpattu,Madhuranthagam(Uzhavar Sandhai ),Bhindi(Ladies Finger),Bhindi,Local,27/08/2026,5000,5000,5000
Tamil Nadu,Salem,Edapadi (Uzhavar Sandhai ),Bhindi(Ladies Finger),Bhindi,Local,27/08/2026,2000,2500,2250
Tamil Nadu,Pudukkottai,Aranthangi(Uzhavar Sandhai ),Bhindi(Ladies Finger),Bhindi,Local,27/08/2026,3500,4000,3750
Bihar,East Champaran/ Motihari,Raxaul APMC,Bhindi(Ladies Finger),Bhindi,Grade A,27/08/2026,900,1100,1000
Madhya Pradesh,Badwani,Sendhwa(F&V) APMC,Bhindi(Ladies Finger),Bhindi,Local,27/08/2026,700,1100,900
Gujarat,Rajkot,Gondal(Veg.market Gondal) APMC,Bhindi(Ladies Finger),Bhindi,Local,27/08/2026,1000,4000,2500
Uttarakhand,Dehradoon,Vikasnagar APMC,Bhindi(Ladies Finger),Other,Medium,27/08/2026,800,1200,1200
Tamil Nadu,Dindigul,Chinnalapatti(Uzhavar Sandhai ),Amaranthus,Amaranthus,Local,27/08/2026,2500,3000,2750
Tamil Nadu,Madurai,Thirumangalam(Uzhavar Sandhai ),Amaranthus,Amaranthus,Local,27/08/2026,3000,3600,3300
Tamil Nadu,Thiruvannamalai,Vandavasi(Uzhavar Sandhai ),Amaranthus,Amaranthus,Local,27/08/2026,2500,3000,2750
Tamil Nadu,Madurai,Usilampatti(Uzhavar Sandhai ),Amaranthus,Amaranthus,Local,27/08/2026,3000,3600,3300
Tamil Nadu,Chengalpattu,Pallavaram(Uzhavar Sandhai ),Amaranthus,Amaranthus,Local,27/08/2026,2500,3000,2750
Tamil Nadu,Thirupur,Tiruppur (South) (Uzhavar Sandhai ),Amaranthus,Amaranthus,Local,27/08/2026,2000,3000,2500
Tamil Nadu,Dharmapuri,AJattihalli(Uzhavar Sandhai ),Amaranthus,Amaranthus,Local,27/08/2026,2500,2500,2500
Tamil Nadu,Thiruvarur,Tiruvarur(Uzhavar Sandhai ),Amaranthus,Amaranthus,Local,27/08/2026,1500,2000,1750
Tamil Nadu,Coimbatore,Kurichi(Uzhavar Sandhai ),Amaranthus,Amaranthus,Local,27/08/2026,5000,6500,5750
Tamil Nadu,Theni,Theni(Uzhavar Sandhai ),Amaranthus,Amaranthus,Local,27/08/2026,2000,2000,2000
Tamil Nadu,Dindigul,Dindigul(Uzhavar Sandhai ),Amaranthus,Amaranthus,Local,27/08/2026,2500,3000,2750
Tamil Nadu,Coimbatore,RSPuram(Uzhavar Sandhai ),Amaranthus,Amaranthus,Local,27/08/2026,5600,6500,6050
Tamil Nadu,Thiruchirappalli,Lalgudi(Uzhavar Sandhai ),Amaranthus,Amaranthus,Local,27/08/2026,1000,1000,1000
Tamil Nadu,Ranipet,Arcot(Uzhavar Sandhai ),Amaranthus,Amaranthus,Local,27/08/2026,2500,3000,2750
Tamil Nadu,Chengalpattu,Madhuranthagam(Uzhavar Sandhai ),Amaranthus,Amaranthus,Local,27/08/2026,4000,4000,4000
Tamil Nadu,Vellore,Kahithapattarai(Uzhavar Sandhai ),Amaranthus,Amaranthus,Local,27/08/2026,3000,3600,3300
Tamil Nadu,Coimbatore,Udumalpet APMC,Amaranthus,Amaranthus,Local,27/08/2026,2500,3000,2750
Tamil Nadu,Thanjavur,Kumbakonam (Uzhavar Sandhai ),Amaranthus,Amaranthus,Local,27/08/2026,2000,2000,2000
Tamil Nadu,Kancheepuram,Kancheepuram(Uzhavar Sandhai ),Amaranthus,Amaranthus,Local,27/08/2026,3000,3500,3250
Tamil Nadu,Nagercoil (Kannyiakumari),Vadaseri APMC,Amaranthus,Amaranthus,Local,27/08/2026,2500,3000,2750
Tamil Nadu,Madurai,Anaiyur(Uzhavar Sandhai ),Amaranthus,Amaranthus,Local,27/08/2026,3000,3600,3300
Tamil Nadu,Madurai,Anna nagar(Uzhavar Sandhai ),Amaranthus,Amaranthus,Local,27/08/2026,3000,3600,3300
Tamil Nadu,Krishnagiri,Denkanikottai(Uzhavar Sandhai ),Amaranthus,Amaranthus,Local,27/08/2026,3000,4000,3500
Tamil Nadu,Salem,Thammampatti (Uzhavar Sandhai ),Amaranthus,Amaranthus,Local,27/08/2026,2000,2500,2250
Tamil Nadu,Thirupur,Kangayam(Uzhavar Sandhai ),Amaranthus,Amaranthus,Local,27/08/2026,2500,2700,2600
Tamil Nadu,Villupuram,Tindivanam APMC,Amaranthus,Amaranthus,Local,27/08/2026,4000,4000,4000
Tamil Nadu,Dharmapuri,Pennagaram(Uzhavar Sandhai ),Amaranthus,Amaranthus,Local,27/08/2026,2400,2500,2450
Tamil Nadu,Namakkal,Kumarapalayam(Uzhavar Sandhai ),Amaranthus,Amaranthus,Local,27/08/2026,4500,5000,4750
Tamil Nadu,Karur,Pallapatti (Uzhavar Sandhai ),Amaranthus,Amaranthus,Local,27/08/2026,2500,3000,2750
Tamil Nadu,Karur,Kulithalai(Uzhavar Sandhai ),Amaranthus,Amaranthus,Local,27/08/2026,2000,3000,2500
Tamil Nadu,Thiruchirappalli,KKNagar(Uzhavar Sandhai ),Amaranthus,Amaranthus,Local,27/08/2026,2000,2000,2000
Tamil Nadu,Nagapattinam,Mayiladuthurai(Uzhavar Sandhai ),Amaranthus,Amaranthus,Local,27/08/2026,1500,2000,1750
Punjab,Kapurthala,Bhulath (Nadala) APMC,Green Chilli,Green Chilly,Local,27/08/2026,1450,1500,1500
Gujarat,Amreli,Damnagar APMC,Green Chilli,Green Chilly,Local,27/08/2026,4000,4000,4000
Tamil Nadu,Tuticorin,Kovilpatti(Uzhavar Sandhai ),Green Chilli,Green Chilly,Local,27/08/2026,4000,4500,4250
Tamil Nadu,Namakkal,Rasipuram(Uzhavar Sandhai ),Green Chilli,Green Chilly,Local,27/08/2026,5500,6000,5750
Tamil Nadu,Thiruchirappalli,Thiruverumbur(Uzhavar Sandhai ),Green Chilli,Green Chilly,Local,27/08/2026,4800,4800,4800
Tamil Nadu,Chengalpattu,Thirukalukundram(Uzhavar Sandhai ),Green Chilli,Green Chilly,Local,27/08/2026,5000,5500,5250
Tamil Nadu,Salem,Thathakapatti(Uzhavar Sandhai ),Green Chilli,Green Chilly,Local,27/08/2026,5000,5400,5200
Tamil Nadu,Karur,Karur(Uzhavar Sandhai ),Green Chilli,Green Chilly,Local,27/08/2026,4000,5000,4500
Tamil Nadu,Chengalpattu,Madhuranthagam(Uzhavar Sandhai ),Green Chilli,Green Chilly,Local,27/08/2026,5000,5000,5000
Tamil Nadu,Salem,Mecheri(Uzhavar Sandhai),Green Chilli,Green Chilly,Local,27/08/2026,4500,5000,4750
Tamil Nadu,Thiruvannamalai,Tiruvannamalai(Uzhavar Sandhai ),Green Chilli,Green Chilly,Local,27/08/2026,5000,6000,5500
Tamil Nadu,Chengalpattu,Nanganallur(Uzhavar Sandhai ),Green Chilli,Green Chilly,Local,27/08/2026,7500,8000,7750
Tamil Nadu,Sivaganga,Devakottai (Uzhavar Sandhai ),Green Chilli,Green Chilly,Local,27/08/2026,6200,7200,6700
Tamil Nadu,Pudukkottai,Pudukottai(Uzhavar Sandhai ),Green Chilli,Green Chilly,Local,27/08/2026,6000,7000,6500
Tamil Nadu,Coimbatore,Udumalpet APMC,Green Chilli,Green Chilly,Local,27/08/2026,4500,5500,5000
Tamil Nadu,Thirupur,Palladam(Uzhavar Sandhai ),Green Chilli,Green Chilly,Local,27/08/2026,3500,4000,3750
Tamil Nadu,Thanjavur,Pattukottai(Uzhavar Sandhai ),Green Chilli,Green Chilly,Local,27/08/2026,5400,5400,5400
Tamil Nadu,Kancheepuram,Kundrathur(Uzhavar Sandhai ),Green Chilli,Green Chilly,Local,27/08/2026,5000,5000,5000
Tamil Nadu,Thirunelveli,NGO Colony(Uzhavar Sandhai ),Green Chilli,Green Chilly,Local,27/08/2026,4200,4600,4400
Tamil Nadu,Villupuram,Ulundurpettai APMC,Green Chilli,Green Chilly,Local,27/08/2026,6000,6000,6000
Tamil Nadu,Thiruchirappalli,KKNagar(Uzhavar Sandhai ),Green Chilli,Green Chilly,Local,27/08/2026,5000,5000,5000
Tamil Nadu,Sivaganga,Tirupatthur(Uzhavar Sandhai ),Green Chilli,Green Chilly,Local,27/08/2026,6400,7500,6950
Tamil Nadu,Sivaganga,Sivagangai (Uzhavar Sandhai ),Green Chilli,Green Chilly,Local,27/08/2026,6200,7200,6700
Tamil Nadu,Theni,Chinnamanur(Uzhavar Sandhai ),Green Chilli,Green Chilly,Local,27/08/2026,4000,5500,4750
Tamil Nadu,The Nilgiris,Gudalur(Uzhavar Sandhai ),Green Chilli,Green Chilly,Local,27/08/2026,4500,5000,4750
Tamil Nadu,Coimbatore,RSPuram(Uzhavar Sandhai ),Green Chilli,Green Chilly,Local,27/08/2026,4500,5000,4750
Tamil Nadu,Virudhunagar,Virudhunagar(Uzhavar Sandhai ),Green Chilli,Green Chilly,Local,27/08/2026,4500,5000,4750
Tamil Nadu,Krishnagiri,Denkanikottai(Uzhavar Sandhai ),Green Chilli,Green Chilly,Local,27/08/2026,4000,5000,4500
Tamil Nadu,Thiruvarur,Muthupettai(Uzhavar Sandhai ),Green Chilli,Green Chilly,Local,27/08/2026,5000,5000,5000
Keralam,Kottayam,Athirampuzha Market,Green Chilli,Green Chilly,FAQ,27/08/2026,5500,5700,5600
Madhya Pradesh,Badwani,Sendhwa(F&V) APMC,Green Chilli,Green Chilly,Medium,27/08/2026,900,1300,1100
Tamil Nadu,Coimbatore,Singanallur(Uzhavar Sandhai ),Cowpea(Veg),Cowpea (Veg),Local,27/08/2026,4000,4500,4250
Tamil Nadu,The Nilgiris,Udhagamandalam(Uzhavar Sandhai ),Cowpea(Veg),Cowpea (Veg),Local,27/08/2026,4000,4500,4250
Tamil Nadu,Coimbatore,Pollachi(Uzhavar Sandhai ),Cowpea(Veg),Cowpea (Veg),Local,27/08/2026,4000,4500,4250
Tamil Nadu,Ranipet,Ranipettai(Uzhavar Sandhai ),Cowpea(Veg),Cowpea (Veg),Local,27/08/2026,5000,5000,5000
Tamil Nadu,Krishnagiri,Krishnagiri(Uzhavar Sandhai ),Cowpea(Veg),Cowpea (Veg),Local,27/08/2026,5500,6000,5750
Tamil Nadu,Vellore,Kahithapattarai(Uzhavar Sandhai ),Cowpea(Veg),Cowpea (Veg),Local,27/08/2026,2500,2500,2500
Tamil Nadu,Namakkal,Namakkal(Uzhavar Sandhai ),Cowpea(Veg),Cowpea (Veg),Local,27/08/2026,4500,5000,4750
Tamil Nadu,Thiruchirappalli,Manapparai(Uzhavar Sandhai ),Cowpea(Veg),Cowpea (Veg),Local,27/08/2026,4000,4000,4000
Tamil Nadu,Theni,Kambam(Uzhavar Sandhai ),Cowpea(Veg),Cowpea (Veg),Local,27/08/2026,3500,5000,4250
Tamil Nadu,Erode,Sathiyamagalam(Uzhavar Sandhai ),Banana - Green,Banana - Green,Local,27/08/2026,3000,3500,3250
Tamil Nadu,Krishnagiri,Hosur(Uzhavar Sandhai ),Banana - Green,Banana - Green,Local,27/08/2026,4500,5000,4750
Tamil Nadu,Thirupur,Tiruppur (South) (Uzhavar Sandhai ),Banana - Green,Banana - Green,Local,27/08/2026,2500,3000,2750
Tamil Nadu,Thiruvarur,Valangaiman APMC,Banana - Green,Banana - Green,Local,27/08/2026,4000,4000,4000
Tamil Nadu,Thiruvarur,Tiruvarur(Uzhavar Sandhai ),Banana - Green,Banana - Green,Local,27/08/2026,4000,4000,4000
Tamil Nadu,Dharmapuri,Palacode(Uzhavar Sandhai ),Banana - Green,Banana - Green,Local,27/08/2026,2000,2500,2250
Tamil Nadu,Kallakuruchi,Sankarapuram(Uzhavar Sandhai ),Banana - Green,Banana - Green,Local,27/08/2026,3000,3000,3000
Tamil Nadu,Thirunelveli,Palayamkottai(Uzhavar Sandhai ),Banana - Green,Banana - Green,Local,27/08/2026,2500,3000,2750
Tamil Nadu,Thiruvannamalai,Tiruvannamalai(Uzhavar Sandhai ),Banana - Green,Banana - Green,Local,27/08/2026,2500,3000,2750
Tamil Nadu,Sivaganga,Devakottai (Uzhavar Sandhai ),Banana - Green,Banana - Green,Local,27/08/2026,2500,3000,2750
Tamil Nadu,Theni,Chinnamanur(Uzhavar Sandhai ),Banana - Green,Banana - Green,Local,27/08/2026,3600,3600,3600
Tamil Nadu,Villupuram,Gingee(Uzhavar Sandhai ),Banana - Green,Banana - Green,Local,27/08/2026,4000,4000,4000
Tamil Nadu,Nagercoil (Kannyiakumari),Myladi(Uzhavar Sandhai ),Banana - Green,Banana - Green,Local,27/08/2026,6500,7000,6750
Tamil Nadu,Namakkal,Paramathivelur(Uzhavar Sandhai ),Banana - Green,Banana - Green,Local,27/08/2026,3500,4000,3750
Tamil Nadu,Pudukkottai,Aranthangi(Uzhavar Sandhai ),Banana - Green,Banana - Green,Local,27/08/2026,2500,3000,2750
Tamil Nadu,Thirupur,Kangayam(Uzhavar Sandhai ),Banana - Green,Banana - Green,Local,27/08/2026,2500,3000,2750
Tamil Nadu,Thirupur,Dharapuram(Uzhavar Sandhai ),Banana - Green,Banana - Green,Local,27/08/2026,2500,3000,2750
Tamil Nadu,Cuddalore,Chidambaram(Uzhavar Sandhai ),Banana - Green,Banana - Green,Local,27/08/2026,2500,3000,2750
Tamil Nadu,The Nilgiris,Gudalur(Uzhavar Sandhai ),Banana - Green,Banana - Green,Local,27/08/2026,4500,5000,4750
Tamil Nadu,Coimbatore,Sulur(Uzhavar Sandhai ),Banana - Green,Banana - Green,Local,27/08/2026,4000,4500,4250
Tamil Nadu,Virudhunagar,Srivilliputhur(Uzhavar Sandhai ),Banana - Green,Banana - Green,Local,27/08/2026,2500,3000,2750
Tamil Nadu,Salem,Thathakapatti(Uzhavar Sandhai ),Banana - Green,Banana - Green,Local,27/08/2026,3500,4000,3750
Tamil Nadu,Kancheepuram,Kundrathur(Uzhavar Sandhai ),Banana - Green,Banana - Green,Local,27/08/2026,3000,3000,3000
Tamil Nadu,Villupuram,Ulundurpettai APMC,Banana - Green,Banana - Green,Local,27/08/2026,3000,3000,3000
Tamil Nadu,Madurai,Usilampatti(Uzhavar Sandhai ),Banana - Green,Banana - Green,Local,27/08/2026,2500,3000,2750
Tamil Nadu,Thiruchirappalli,Thiruverumbur(Uzhavar Sandhai ),Banana - Green,Banana - Green,Local,27/08/2026,2500,2500,2500
Tamil Nadu,Erode,Perundurai(Uzhavar Sandhai ),Banana - Green,Banana - Green,Local,27/08/2026,2500,2800,2650
Odisha,Dhenkanal,Hindol APMC,Banana - Green,Other,Grade B,27/08/2026,2500,2800,2700
Tamil Nadu,Salem,Ammapet(Uzhavar Sandhai ),Beans,Beans (Whole),Local,27/08/2026,7500,8000,7750
Tamil Nadu,Nagercoil (Kannyiakumari),Vadaseri APMC,Beans,Beans (Whole),Local,27/08/2026,11000,11500,11250
Tamil Nadu,Namakkal,Tiruchengode APMC,Beans,Beans (Whole),Local,27/08/2026,7000,8000,7500
Tamil Nadu,Virudhunagar,Rajapalayam(Uzhavar Sandhai ),Beans,Beans (Whole),Local,27/08/2026,7000,8000,7500
Tamil Nadu,Madurai,Anna nagar(Uzhavar Sandhai ),Beans,Beans (Whole),Local,27/08/2026,8000,10000,9000
Tamil Nadu,The Nilgiris,Udhagamandalam(Uzhavar Sandhai ),Beans,Beans (Whole),Local,27/08/2026,8000,9000,8500
Tamil Nadu,Virudhunagar,Sathur(Uzhavar Sandhai ),Beans,Beans (Whole),Local,27/08/2026,8000,9000,8500
Tamil Nadu,Virudhunagar,Sivakasi(Uzhavar Sandhai ),Beans,Beans (Whole),Local,27/08/2026,8000,10000,9000
Tamil Nadu,Thiruchirappalli,KKNagar(Uzhavar Sandhai ),Beans,Beans (Whole),Local,27/08/2026,8000,8000,8000
Tamil Nadu,Theni,Andipatti(Uzhavar Sandhai ),Beans,Beans (Whole),Local,27/08/2026,9600,10000,9800
Tamil Nadu,Cuddalore,Cuddalore(Uzhavar Sandhai ),Beans,Beans (Whole),Local,27/08/2026,9000,9000,9000
Tamil Nadu,Coimbatore,Sundarapuram(Uzhavar Sandhai ),Beans,Beans (Whole),Local,27/08/2026,8000,8500,8250
Tamil Nadu,Coimbatore,Vadavalli(Uzhavar Sandhai ),Beans,Beans (Whole),Local,27/08/2026,8000,8500,8250
Tamil Nadu,Thirunelveli,Melapalayam(Uzhavar Sandhai ),Beans,Beans (Whole),Local,27/08/2026,7600,8000,7800
Tamil Nadu,Thirunelveli,Palayamkottai(Uzhavar Sandhai ),Beans,Beans (Whole),Local,27/08/2026,7600,8000,7800
Tamil Nadu,Madurai,Chokkikulam(Uzhavar Sandhai ),Beans,Beans (Whole),Local,27/08/2026,10000,11000,10500
Tamil Nadu,Krishnagiri,Hosur(Uzhavar Sandhai ),Beans,Beans (Whole),Local,27/08/2026,6500,7000,6750
Tamil Nadu,Tuticorin,Tuticorin(Uzhavar Sandhai ),Beans,Beans (Whole),Local,27/08/2026,11000,12000,11500
Tamil Nadu,Kallakuruchi,Sankarapuram(Uzhavar Sandhai ),Beans,Beans (Whole),Local,27/08/2026,12000,12000,12000
Tamil Nadu,Coimbatore,RSPuram(Uzhavar Sandhai ),Beans,Beans (Whole),Local,27/08/2026,8000,8500,8250
Tamil Nadu,Vellore,Thirupathur APMC,Beans,Beans (Whole),Local,27/08/2026,7000,7000,7000
Tamil Nadu,Thiruvannamalai,Tiruvannamalai(Uzhavar Sandhai ),Beans,Beans (Whole),Local,27/08/2026,8000,10000,9000
Tamil Nadu,Chengalpattu,Nanganallur(Uzhavar Sandhai ),Beans,Beans (Whole),Local,27/08/2026,8500,9000,8750
Maharashtra,Pune,Pune(Pimpri) APMC,Beans,Other,Local,27/08/2026,4000,4000,4000
Tamil Nadu,Namakkal,Kumarapalayam(Uzhavar Sandhai ),Tapioca,Tapioca,Local,27/08/2026,2400,3000,2700
Tamil Nadu,Karur,Pallapatti (Uzhavar Sandhai ),Tapioca,Tapioca,Local,27/08/2026,2500,3000,2750
Tamil Nadu,Thiruvannamalai,Chengam(Uzhavar Sandhai ),Tapioca,Tapioca,Local,27/08/2026,1600,2000,1800
Tamil Nadu,Krishnagiri,Hosur(Uzhavar Sandhai ),Tapioca,Tapioca,Local,27/08/2026,3500,4000,3750
Tamil Nadu,Salem,Hasthampatti(Uzhavar Sandhai ),Tapioca,Tapioca,Local,27/08/2026,3000,3500,3250
Tamil Nadu,The Nilgiris,Udhagamandalam(Uzhavar Sandhai ),Tapioca,Tapioca,Local,27/08/2026,3000,3500,3250
Tamil Nadu,Salem,Sooramangalam(Uzhavar Sandhai ),Tapioca,Tapioca,Local,27/08/2026,3000,3500,3250
Tamil Nadu,Namakkal,Tiruchengode APMC,Tapioca,Tapioca,Local,27/08/2026,2500,3000,2750
Tamil Nadu,Pudukkottai,Pudukottai(Uzhavar Sandhai ),Tapioca,Tapioca,Local,27/08/2026,3000,4000,3500
Tamil Nadu,Thiruvannamalai,Tamarainagar(Uzhavar Sandhai ),Tapioca,Tapioca,Local,27/08/2026,1800,2200,2000
Tamil Nadu,Vellore,Thirupathur APMC,Tapioca,Tapioca,Local,27/08/2026,3000,3000,3000
Tamil Nadu,Erode,Periyar Nagar(Uzhavar Sandhai ),Tapioca,Tapioca,Local,27/08/2026,2200,2500,2350
Tamil Nadu,Kallakuruchi,Kallakurichi(Uzhavar Sandhai ),Tapioca,Tapioca,Local,27/08/2026,3000,3000,3000
Tamil Nadu,Madurai,Usilampatti(Uzhavar Sandhai ),Tapioca,Tapioca,Local,27/08/2026,3600,4000,3800
Tamil Nadu,Vellore,Kahithapattarai(Uzhavar Sandhai ),Ginger(Green),Green Ginger,Local,27/08/2026,7000,7000,7000
Tamil Nadu,Thirupur,Dharapuram(Uzhavar Sandhai ),Ginger(Green),Green Ginger,Local,27/08/2026,15000,17000,16000
Tamil Nadu,Krishnagiri,Kaveripattinam(Uzhavar Sandhai ),Ginger(Green),Green Ginger,Local,27/08/2026,18000,18000,18000
Tamil Nadu,Thanjavur,Pattukottai(Uzhavar Sandhai ),Ginger(Green),Green Ginger,Local,27/08/2026,12000,18000,15000
Tamil Nadu,Thiruvannamalai,Polur(Uzhavar Sandhai ),Ginger(Green),Green Ginger,Local,27/08/2026,15000,18000,16500
Tamil Nadu,Chengalpattu,Madhuranthagam(Uzhavar Sandhai ),Ginger(Green),Green Ginger,Local,27/08/2026,12000,12000,12000
Tamil Nadu,Vellore,Perampet(Uzhavar Sandhai),Ginger(Green),Green Ginger,Local,27/08/2026,17000,18000,17500
Tamil Nadu,Villupuram,Tindivanam APMC,Ginger(Green),Green Ginger,Local,27/08/2026,10000,10000,10000
Tamil Nadu,The Nilgiris,Gudalur(Uzhavar Sandhai ),Ginger(Green),Green Ginger,Local,27/08/2026,10000,15000,12500
Tamil Nadu,Kancheepuram,Padappai(Uzhavar Sandhai ),Ginger(Green),Green Ginger,Local,27/08/2026,13000,16000,14500
Tamil Nadu,Thanjavur,Thanjavur(Uzhavar Sandhai ),Ginger(Green),Green Ginger,Local,27/08/2026,20000,20000,20000
Tamil Nadu,Coimbatore,Mettupalayam(Uzhavar Sandhai ),Ginger(Green),Green Ginger,Local,27/08/2026,8000,16000,12000
Tamil Nadu,Kallakuruchi,Kallakurichi(Uzhavar Sandhai ),Ginger(Green),Green Ginger,Local,27/08/2026,22000,22000,22000
Tamil Nadu,Coimbatore,RSPuram(Uzhavar Sandhai ),Ginger(Green),Green Ginger,Local,27/08/2026,15000,16000,15500
Tamil Nadu,Krishnagiri,Denkanikottai(Uzhavar Sandhai ),Ginger(Green),Green Ginger,Local,27/08/2026,14000,15000,14500
Tamil Nadu,Salem,Jalagandapuram(Uzhavar Sandhai ),Ginger(Green),Green Ginger,Local,27/08/2026,16000,16600,16300
Tamil Nadu,Dharmapuri,AJattihalli(Uzhavar Sandhai ),Ginger(Green),Green Ginger,Local,27/08/2026,20000,23000,21500
Tamil Nadu,Dharmapuri,Pennagaram(Uzhavar Sandhai ),Ginger(Green),Green Ginger,Local,27/08/2026,19000,20000,19500
Tamil Nadu,Thiruvannamalai,Chengam(Uzhavar Sandhai ),Ginger(Green),Green Ginger,Local,27/08/2026,16000,20000,18000
Tamil Nadu,Vellore,Pallikonda(Uzhavar Sandhai),Ginger(Green),Green Ginger,Local,27/08/2026,14000,15000,14500
Tamil Nadu,Namakkal,Kumarapalayam(Uzhavar Sandhai ),Ginger(Green),Green Ginger,Local,27/08/2026,18000,19000,18500
Keralam,Thiruvananthapuram,Parassala Market,Ginger(Green),Green Ginger,Local,27/08/2026,9000,9400,9200
Gujarat,Ahmedabad,Viramgam APMC,Castor Seed,Castor seed,Local,27/08/2026,7075,7130,7105
Karnataka,Raichur,Manvi APMC,Dry Chillies,Local,Small,27/08/2026,5000,5000,5000
Tamil Nadu,Thanjavur,Tirukattupalli(Uzhavar Sandhai ),Coconut,Coconut,Local,27/08/2026,6000,6000,6000
Tamil Nadu,Thanjavur,Thanjavur(Uzhavar Sandhai ),Coconut,Coconut,Local,27/08/2026,6000,6000,6000
Tamil Nadu,Kancheepuram,Kancheepuram(Uzhavar Sandhai ),Coconut,Coconut,Local,27/08/2026,5500,6500,6000
Tamil Nadu,Theni,Kambam(Uzhavar Sandhai ),Coconut,Coconut,Local,27/08/2026,5000,5400,5200
Tamil Nadu,Karur,Gandhigramam(Uzhavar Sandhai),Coconut,Coconut,Local,27/08/2026,5500,6000,5750
Tamil Nadu,Thirunelveli,Melapalayam(Uzhavar Sandhai ),Coconut,Coconut,Local,27/08/2026,5800,6200,6000
Tamil Nadu,Madurai,Thirumangalam(Uzhavar Sandhai ),Coconut,Coconut,Local,27/08/2026,6500,6800,6650
Tamil Nadu,Thiruvarur,Mannargudi I(Uzhavar Sandhai ),Coconut,Coconut,Local,27/08/2026,4000,4000,4000
Tamil Nadu,Kallakuruchi,Sankarapuram(Uzhavar Sandhai ),Coconut,Coconut,Local,27/08/2026,6000,6000,6000
Tamil Nadu,Erode,Thalavadi(Uzhavar Sandhai ),Coconut,Coconut,Local,27/08/2026,4500,5000,4750
Tamil Nadu,Thiruvannamalai,Chengam(Uzhavar Sandhai ),Coconut,Coconut,Local,27/08/2026,4000,5000,4500
Tamil Nadu,Thiruvannamalai,Keelpennathur(Uzhavar Sandhai ),Coconut,Coconut,Local,27/08/2026,6500,7000,6750
Tamil Nadu,Salem,Vazhapadi(Uzhavar Sandhai),Coconut,Coconut,Local,27/08/2026,6500,6500,6500
Tamil Nadu,Salem,Jalagandapuram(Uzhavar Sandhai ),Coconut,Coconut,Local,27/08/2026,5500,6000,5750
Tamil Nadu,Salem,Thammampatti (Uzhavar Sandhai ),Coconut,Coconut,Local,27/08/2026,6000,6500,6250
Tamil Nadu,Krishnagiri,Kaveripattinam(Uzhavar Sandhai ),Coconut,Coconut,Local,27/08/2026,5000,6000,5500
Tamil Nadu,Tuticorin,Kovilpatti(Uzhavar Sandhai ),Coconut,Coconut,Local,27/08/2026,6500,7000,6750
Tamil Nadu,Karur,Velayuthampalayam(Uzhavar Sandhai ),Coconut,Coconut,Local,27/08/2026,5000,6000,5500
Tamil Nadu,Villupuram,Ulundurpettai APMC,Coconut,Coconut,Local,27/08/2026,3000,3000,3000
Tamil Nadu,Thiruchirappalli,Lalgudi(Uzhavar Sandhai ),Coconut,Coconut,Local,27/08/2026,6600,6600,6600
Tamil Nadu,Thiruchirappalli,Thiruverumbur(Uzhavar Sandhai ),Coconut,Coconut,Local,27/08/2026,7000,7000,7000
Tamil Nadu,Erode,Periyar Nagar(Uzhavar Sandhai ),Coconut,Coconut,Local,27/08/2026,5000,5400,5200
Tamil Nadu,Thiruvannamalai,Arani(Uzhavar Sandhai ),Coconut,Coconut,Local,27/08/2026,3800,4500,4150
Tamil Nadu,Salem,Mecheri(Uzhavar Sandhai),Coconut,Coconut,Local,27/08/2026,5500,6000,5750
Tamil Nadu,Thirupur,Dharapuram(Uzhavar Sandhai ),Coconut,Coconut,Local,27/08/2026,5500,6000,5750
Tamil Nadu,Dharmapuri,Harur(Uzhavar Sandhai ),Coconut,Coconut,Local,27/08/2026,6000,7000,6500
Tamil Nadu,Coimbatore,Udumalpet APMC,Coconut,Coconut,Local,27/08/2026,5500,6000,5750
Tamil Nadu,The Nilgiris,Gudalur(Uzhavar Sandhai ),Coconut,Coconut,Local,27/08/2026,6000,6500,6250
Tamil Nadu,Nagercoil (Kannyiakumari),Myladi(Uzhavar Sandhai ),Coconut,Coconut,Local,27/08/2026,5800,6000,5900
Tamil Nadu,Salem,Sooramangalam(Uzhavar Sandhai ),Coconut,Coconut,Local,27/08/2026,6000,6500,6250
Tamil Nadu,Thiruvannamalai,Polur(Uzhavar Sandhai ),Coconut,Coconut,Local,27/08/2026,4000,4500,4250
Tamil Nadu,Sivaganga,Devakottai (Uzhavar Sandhai ),Coconut,Coconut,Local,27/08/2026,6500,7000,6750
Tamil Nadu,Vellore,Pallikonda(Uzhavar Sandhai),Coconut,Coconut,Local,27/08/2026,3500,4000,3750
Tamil Nadu,Madurai,Anaiyur(Uzhavar Sandhai ),Betal Leaves,Mysore,Local,27/08/2026,22000,26000,24000
Tamil Nadu,Krishnagiri,Hosur(Uzhavar Sandhai ),Betal Leaves,Mysore,Local,27/08/2026,10000,12000,11000
Tamil Nadu,Salem,Sooramangalam(Uzhavar Sandhai ),Sweet Potato,Hosur Red,Local,27/08/2026,4000,4500,4250
Tamil Nadu,Karur,Kulithalai(Uzhavar Sandhai ),Sweet Potato,Hosur Red,Local,27/08/2026,2500,3000,2750
Tamil Nadu,Madurai,Chokkikulam(Uzhavar Sandhai ),Sweet Potato,Hosur Red,Local,27/08/2026,4500,5000,4750
Tamil Nadu,Dharmapuri,AJattihalli(Uzhavar Sandhai ),Sweet Potato,Hosur Red,Local,27/08/2026,3400,3400,3400
Tamil Nadu,Karur,Pallapatti (Uzhavar Sandhai ),Sweet Potato,Hosur Red,Local,27/08/2026,4500,5000,4750
Tamil Nadu,Madurai,Melur(Uzhavar Sandhai ),Sweet Potato,Hosur Red,Local,27/08/2026,4500,5000,4750
Tamil Nadu,The Nilgiris,Udhagamandalam(Uzhavar Sandhai ),Sweet Potato,Hosur Red,Local,27/08/2026,4000,4500,4250
Tamil Nadu,Kallakuruchi,Sankarapuram(Uzhavar Sandhai ),Sweet Potato,Hosur Red,Local,27/08/2026,6000,6000,6000
Tamil Nadu,Vellore,Thirupathur APMC,Sweet Potato,Hosur Red,Local,27/08/2026,4000,4000,4000
Tamil Nadu,Chengalpattu,Nanganallur(Uzhavar Sandhai ),Sweet Potato,Hosur Red,Local,27/08/2026,6500,7000,6750
Tamil Nadu,Krishnagiri,Krishnagiri(Uzhavar Sandhai ),Sweet Potato,Hosur Red,Local,27/08/2026,2600,2800,2700
Tamil Nadu,Thirupur,Tiruppur (North) (Uzhavar Sandhai ),Sweet Potato,Hosur Red,Local,27/08/2026,3500,4000,3750
Keralam,Thiruvananthapuram,Parassala Market,Carrot,Carrot,Local,27/08/2026,4000,4400,4200
Maharashtra,Ratnagiri,Ratnagiri (Nachane) APMC,Carrot,Other,Local,27/08/2026,2000,4000,3000
Tamil Nadu,Cuddalore,Cuddalore(Uzhavar Sandhai ),Carrot,Pusakesar,Local,27/08/2026,6000,6000,6000
Tamil Nadu,Kancheepuram,Sunguvarchatram(Uzhavar Sandhai ),Carrot,Pusakesar,Local,27/08/2026,5000,6000,5500
Tamil Nadu,Thanjavur,Thanjavur(Uzhavar Sandhai ),Carrot,Pusakesar,Local,27/08/2026,8400,8400,8400
Tamil Nadu,Dindigul,Chinnalapatti(Uzhavar Sandhai ),Carrot,Pusakesar,Local,27/08/2026,6000,8000,7000
Tamil Nadu,Virudhunagar,Kariyapatti(Uzhavar Sandhai ),Carrot,Pusakesar,Local,27/08/2026,7500,8000,7750
Tamil Nadu,Madurai,Chokkikulam(Uzhavar Sandhai ),Carrot,Pusakesar,Local,27/08/2026,5000,7000,6000
Tamil Nadu,Sivaganga,Singampunari(Uzhavar Sandhai ),Carrot,Pusakesar,Local,27/08/2026,5400,8200,6800
Tamil Nadu,Krishnagiri,Hosur(Uzhavar Sandhai ),Carrot,Pusakesar,Local,27/08/2026,5500,6000,5750
Tamil Nadu,Theni,Andipatti(Uzhavar Sandhai ),Carrot,Pusakesar,Local,27/08/2026,6400,6800,6600
Tamil Nadu,Salem,Mettur(Uzhavar Sandhai ),Carrot,Pusakesar,Local,27/08/2026,7500,8000,7750
Tamil Nadu,Kancheepuram,Kundrathur(Uzhavar Sandhai ),Carrot,Pusakesar,Local,27/08/2026,5000,5000,5000
Tamil Nadu,Coimbatore,Vadavalli(Uzhavar Sandhai ),Carrot,Pusakesar,Local,27/08/2026,6200,7500,6850
Tamil Nadu,Vellore,Thirupathur APMC,Carrot,Pusakesar,Local,27/08/2026,7000,7000,7000
Tamil Nadu,Madurai,Palanganatham(Uzhavar Sandhai ),Carrot,Pusakesar,Local,27/08/2026,5000,8000,6500
Tamil Nadu,Chengalpattu,Nanganallur(Uzhavar Sandhai ),Carrot,Pusakesar,Local,27/08/2026,7500,8000,7750
Tamil Nadu,Theni,Chinnamanur(Uzhavar Sandhai ),Carrot,Pusakesar,Local,27/08/2026,7500,7500,7500
Tamil Nadu,Vellore,Kahithapattarai(Uzhavar Sandhai ),Carrot,Pusakesar,Local,27/08/2026,4600,4600,4600
Tamil Nadu,Salem,Ammapet(Uzhavar Sandhai ),Carrot,Pusakesar,Local,27/08/2026,8500,9000,8750
Tamil Nadu,Kallakuruchi,Kallakurichi(Uzhavar Sandhai ),Carrot,Pusakesar,Local,27/08/2026,8000,8000,8000
Tamil Nadu,Coimbatore,RSPuram(Uzhavar Sandhai ),Carrot,Pusakesar,Local,27/08/2026,7000,7500,7250
Tamil Nadu,Thirupur,Tiruppur (North) (Uzhavar Sandhai ),Carrot,Pusakesar,Local,27/08/2026,7000,7500,7250
Tamil Nadu,Dharmapuri,Harur(Uzhavar Sandhai ),Carrot,Pusakesar,Local,27/08/2026,7000,8000,7500
Tamil Nadu,Nagercoil (Kannyiakumari),Vadaseri APMC,Carrot,Pusakesar,Local,27/08/2026,8000,8500,8250
Tamil Nadu,Thiruchirappalli,Thiruverumbur(Uzhavar Sandhai ),Carrot,Pusakesar,Local,27/08/2026,10000,10000,10000
Tamil Nadu,Salem,Ammapet(Uzhavar Sandhai ),Cabbage,Cabbage,Local,27/08/2026,3000,3000,3000
Tamil Nadu,Nagercoil (Kannyiakumari),Myladi(Uzhavar Sandhai ),Cabbage,Cabbage,Local,27/08/2026,4500,5000,4750
Tamil Nadu,Virudhunagar,Kariyapatti(Uzhavar Sandhai ),Cabbage,Cabbage,Local,27/08/2026,3500,4000,3750
Tamil Nadu,Dharmapuri,Pennagaram(Uzhavar Sandhai ),Cabbage,Cabbage,Local,27/08/2026,3600,4000,3800
Tamil Nadu,Coimbatore,Sulur(Uzhavar Sandhai ),Cabbage,Cabbage,Local,27/08/2026,2500,3000,2750
Tamil Nadu,Virudhunagar,Virudhunagar(Uzhavar Sandhai ),Cabbage,Cabbage,Local,27/08/2026,3500,4000,3750
Tamil Nadu,Salem,Hasthampatti(Uzhavar Sandhai ),Cabbage,Cabbage,Local,27/08/2026,3000,3500,3250
Tamil Nadu,Salem,Thathakapatti(Uzhavar Sandhai ),Cabbage,Cabbage,Local,27/08/2026,3000,3600,3300
Tamil Nadu,Salem,Sooramangalam(Uzhavar Sandhai ),Cabbage,Cabbage,Local,27/08/2026,2500,3000,2750
Tamil Nadu,Namakkal,Mohanur(Uzhavar Sandhai ),Cabbage,Cabbage,Local,27/08/2026,3000,3500,3250
Tamil Nadu,Thiruvannamalai,Chengam(Uzhavar Sandhai ),Cabbage,Cabbage,Local,27/08/2026,3000,3600,3300
Tamil Nadu,Madurai,Palanganatham(Uzhavar Sandhai ),Cabbage,Cabbage,Local,27/08/2026,2400,2600,2500
Tamil Nadu,Erode,Gobichettipalayam(Uzhavar Sandhai ),Cabbage,Cabbage,Local,27/08/2026,2000,2500,2250
Tamil Nadu,Krishnagiri,Avallapalli(Uzhavar Sandhai ),Cabbage,Cabbage,Local,27/08/2026,1000,1500,1250
Tamil Nadu,Dharmapuri,AJattihalli(Uzhavar Sandhai ),Cabbage,Cabbage,Local,27/08/2026,3000,3400,3200
Tamil Nadu,Ariyalur,Ariyalur(Uzhavar Sandhai),Cabbage,Cabbage,Local,27/08/2026,3000,3500,3250
Tamil Nadu,Namakkal,Namakkal(Uzhavar Sandhai ),Cabbage,Cabbage,Local,27/08/2026,2500,2800,2650
Tamil Nadu,Thiruchirappalli,Lalgudi(Uzhavar Sandhai ),Cabbage,Cabbage,Local,27/08/2026,3000,3000,3000
Tamil Nadu,Ranipet,Arcot(Uzhavar Sandhai ),Cabbage,Cabbage,Local,27/08/2026,3000,3000,3000
Tamil Nadu,Sivaganga,Karaikudi(Uzhavar Sandhai ),Cabbage,Cabbage,Local,27/08/2026,2800,3000,2900
Tamil Nadu,Salem,Edapadi (Uzhavar Sandhai ),Cabbage,Cabbage,Local,27/08/2026,2500,3000,2750
Tamil Nadu,Chengalpattu,Nanganallur(Uzhavar Sandhai ),Cabbage,Cabbage,Local,27/08/2026,5500,6000,5750
Tamil Nadu,Salem,Jalagandapuram(Uzhavar Sandhai ),Cabbage,Cabbage,Local,27/08/2026,2500,3000,2750
Tamil Nadu,Krishnagiri,Krishnagiri(Uzhavar Sandhai ),Cabbage,Cabbage,Local,27/08/2026,2800,3000,2900
Tamil Nadu,Coimbatore,Udumalpet APMC,Cabbage,Cabbage,Local,27/08/2026,3000,3500,3250
Keralam,Thiruvananthapuram,Parassala Market,Cabbage,Cabbage,Local,27/08/2026,2800,3200,3000
Madhya Pradesh,Morena,Kailaras APMC,Cabbage,Cabbage,FAQ,27/08/2026,2000,2000,2000
Haryana,Sonipat,Ganaur APMC,Cabbage,Cabbage,Medium,27/08/2026,2000,3000,2500
Uttar Pradesh,Amroha,Hasanpur APMC,Cabbage,Cabbage,FAQ,27/08/2026,1450,1520,1500
Chandigarh,Chandigarh,Chandigarh (Grain/F&V) APMC,Cabbage,Cabbage,FAQ,27/08/2026,300,1600,1400
West Bengal,Darjeeling,Darjeeling APMC,Cabbage,Other,FAQ,27/08/2026,2700,2900,2800
Maharashtra,Ratnagiri,Ratnagiri (Nachane) APMC,Cabbage,Other,Local,27/08/2026,1000,1500,1200
Gujarat,Gandhinagar,Mansa(Manas Veg Yard) APMC,Cabbage,Other,Local,27/08/2026,1800,1800,1800
Tamil Nadu,Thirupathur,Natrampalli(Uzhavar Sandhai ),Snakeguard,Snakeguard,Local,27/08/2026,3000,4000,3500
Tamil Nadu,Thiruchirappalli,Thiruverumbur(Uzhavar Sandhai ),Snakeguard,Snakeguard,Local,27/08/2026,4000,4000,4000
Tamil Nadu,Madurai,Palanganatham(Uzhavar Sandhai ),Snakeguard,Snakeguard,Local,27/08/2026,3600,4500,4050
Tamil Nadu,Thiruchirappalli,Manapparai(Uzhavar Sandhai ),Snakeguard,Snakeguard,Local,27/08/2026,4400,4400,4400
Tamil Nadu,Chengalpattu,Thirukalukundram(Uzhavar Sandhai ),Snakeguard,Snakeguard,Local,27/08/2026,4000,4500,4250
Tamil Nadu,Salem,Vazhapadi(Uzhavar Sandhai),Snakeguard,Snakeguard,Local,27/08/2026,3000,3400,3200
Tamil Nadu,Chengalpattu,Nanganallur(Uzhavar Sandhai ),Snakeguard,Snakeguard,Local,27/08/2026,4500,5000,4750
Tamil Nadu,Salem,Thammampatti (Uzhavar Sandhai ),Snakeguard,Snakeguard,Local,27/08/2026,3500,3800,3650
Tamil Nadu,Dharmapuri,Karimangalam(Uzhavar Sandhai),Snakeguard,Snakeguard,Local,27/08/2026,2800,3000,2900
Tamil Nadu,Thanjavur,Pattukottai(Uzhavar Sandhai ),Snakeguard,Snakeguard,Local,27/08/2026,4000,4000,4000
Tamil Nadu,Salem,Sooramangalam(Uzhavar Sandhai ),Snakeguard,Snakeguard,Local,27/08/2026,3800,4000,3900
Tamil Nadu,Namakkal,Paramathivelur(Uzhavar Sandhai ),Snakeguard,Snakeguard,Local,27/08/2026,4400,5000,4700
Tamil Nadu,Villupuram,Ulundurpettai APMC,Snakeguard,Snakeguard,Local,27/08/2026,4000,4000,4000
Tamil Nadu,Kallakuruchi,Kallakurichi(Uzhavar Sandhai ),Snakeguard,Snakeguard,Local,27/08/2026,4000,4000,4000
Tamil Nadu,Thiruchirappalli,Manachanallur(Uzhavar Sandhai ),Snakeguard,Snakeguard,Local,27/08/2026,4000,4000,4000
Tamil Nadu,Sivaganga,Devakottai (Uzhavar Sandhai ),Snakeguard,Snakeguard,Local,27/08/2026,3200,3800,3500
Tamil Nadu,Thirupur,Dharapuram(Uzhavar Sandhai ),Snakeguard,Snakeguard,Local,27/08/2026,3500,4000,3750
Tamil Nadu,Dharmapuri,Harur(Uzhavar Sandhai ),Snakeguard,Snakeguard,Local,27/08/2026,2500,3000,2750
Tamil Nadu,Coimbatore,Udumalpet APMC,Snakeguard,Snakeguard,Local,27/08/2026,3000,4000,3500
Tamil Nadu,Coimbatore,Vadavalli(Uzhavar Sandhai ),Snakeguard,Snakeguard,Local,27/08/2026,3800,4200,4000
Tamil Nadu,Coimbatore,Kurichi(Uzhavar Sandhai ),Snakeguard,Snakeguard,Local,27/08/2026,3500,4000,3750
Tamil Nadu,Sivaganga,Sivagangai (Uzhavar Sandhai ),Snakeguard,Snakeguard,Local,27/08/2026,3800,4600,4200
Tamil Nadu,Salem,Attayampatti(Uzhavar Sandhai ),Snakeguard,Snakeguard,Local,27/08/2026,3400,3800,3600
Tamil Nadu,Dharmapuri,Pennagaram(Uzhavar Sandhai ),Snakeguard,Snakeguard,Local,27/08/2026,3300,3500,3400
Tamil Nadu,Ariyalur,Ariyalur(Uzhavar Sandhai),Snakeguard,Snakeguard,Local,27/08/2026,3000,3500,3250
Tamil Nadu,Salem,Jalagandapuram(Uzhavar Sandhai ),Snakeguard,Snakeguard,Local,27/08/2026,3600,3800,3700
Tamil Nadu,Villupuram,Tindivanam APMC,Snakeguard,Snakeguard,Local,27/08/2026,3000,3000,3000
Tamil Nadu,Thiruvellore,Perambakkam(Uzhavar Sandhai ),Snakeguard,Snakeguard,Local,27/08/2026,4000,4000,4000
Tamil Nadu,Dindigul,Dindigul(Uzhavar Sandhai ),Snakeguard,Snakeguard,Local,27/08/2026,6000,7000,6500
Tamil Nadu,Namakkal,Namakkal(Uzhavar Sandhai ),Snakeguard,Snakeguard,Local,27/08/2026,4500,5000,4750
Keralam,Kottayam,Athirampuzha Market,Snakeguard,Snakeguard,FAQ,27/08/2026,4500,4700,4600
Tamil Nadu,Namakkal,Rasipuram(Uzhavar Sandhai ),Beetroot,Beetroot,Local,27/08/2026,7000,8000,7500
Tamil Nadu,Coimbatore,Pollachi(Uzhavar Sandhai ),Beetroot,Beetroot,Local,27/08/2026,5000,7500,6250
Tamil Nadu,Coimbatore,Singanallur(Uzhavar Sandhai ),Beetroot,Beetroot,Local,27/08/2026,5000,7500,6250
Tamil Nadu,Virudhunagar,Sivakasi(Uzhavar Sandhai ),Beetroot,Beetroot,Local,27/08/2026,4000,5000,4500
Tamil Nadu,Chengalpattu,Pallavaram(Uzhavar Sandhai ),Beetroot,Beetroot,Local,27/08/2026,4000,5000,4500
Tamil Nadu,Thiruvarur,Muthupettai(Uzhavar Sandhai ),Beetroot,Beetroot,Local,27/08/2026,4200,4200,4200
Tamil Nadu,Nagercoil (Kannyiakumari),Myladi(Uzhavar Sandhai ),Beetroot,Beetroot,Local,27/08/2026,4500,5000,4750
Tamil Nadu,Dindigul,Dindigul(Uzhavar Sandhai ),Beetroot,Beetroot,Local,27/08/2026,7000,8000,7500
Tamil Nadu,Thiruchirappalli,Manapparai(Uzhavar Sandhai ),Beetroot,Beetroot,Local,27/08/2026,5000,5000,5000
Tamil Nadu,Ranipet,Arcot(Uzhavar Sandhai ),Beetroot,Beetroot,Local,27/08/2026,5000,5000,5000
Tamil Nadu,Theni,Andipatti(Uzhavar Sandhai ),Beetroot,Beetroot,Local,27/08/2026,3300,3500,3400
Tamil Nadu,Salem,Athur(Uzhavar Sandhai ),Beetroot,Beetroot,Local,27/08/2026,6000,7000,6500
Tamil Nadu,Coimbatore,Vadavalli(Uzhavar Sandhai ),Beetroot,Beetroot,Local,27/08/2026,6500,7000,6750
Tamil Nadu,Kallakuruchi,Kallakurichi(Uzhavar Sandhai ),Beetroot,Beetroot,Local,27/08/2026,6000,6000,6000
Tamil Nadu,Thirupur,Dharapuram(Uzhavar Sandhai ),Beetroot,Beetroot,Local,27/08/2026,4000,8000,6000
Tamil Nadu,Thiruchirappalli,Manachanallur(Uzhavar Sandhai ),Beetroot,Beetroot,Local,27/08/2026,5000,5000,5000
Tamil Nadu,Krishnagiri,Denkanikottai(Uzhavar Sandhai ),Beetroot,Beetroot,Local,27/08/2026,3000,4000,3500
Haryana,Hissar,Hansi APMC,Beetroot,Other,FAQ,27/08/2026,4000,5000,4500
Maharashtra,Pune,Pune(Moshi) APMC,Beetroot,Other,Local,27/08/2026,3000,3000,3000
Uttar Pradesh,Mau(Maunathbhanjan),Kopaganj APMC,Cucumbar(Kheera),Cucumbar,FAQ,27/08/2026,1600,1690,1650
Tamil Nadu,Thiruchirappalli,Lalgudi(Uzhavar Sandhai ),Cucumbar(Kheera),Cucumbar,Local,27/08/2026,5000,5000,5000
Tamil Nadu,Ranipet,Arcot(Uzhavar Sandhai ),Cucumbar(Kheera),Cucumbar,Local,27/08/2026,4000,4000,4000
Tamil Nadu,Vellore,Pallikonda(Uzhavar Sandhai),Cucumbar(Kheera),Cucumbar,Local,27/08/2026,4000,4000,4000
Tamil Nadu,Thirupur,Dharapuram(Uzhavar Sandhai ),Cucumbar(Kheera),Cucumbar,Local,27/08/2026,3500,4000,3750
Tamil Nadu,Salem,Thathakapatti(Uzhavar Sandhai ),Cucumbar(Kheera),Cucumbar,Local,27/08/2026,4000,5000,4500
Tamil Nadu,Perambalur,Perambalur(Uzhavar Sandhai ),Cucumbar(Kheera),Cucumbar,Local,27/08/2026,5600,6000,5800
Tamil Nadu,Madurai,Anna nagar(Uzhavar Sandhai ),Cucumbar(Kheera),Cucumbar,Local,27/08/2026,6000,10000,8000
Tamil Nadu,Kancheepuram,Kundrathur(Uzhavar Sandhai ),Cucumbar(Kheera),Cucumbar,Local,27/08/2026,3000,3000,3000
Tamil Nadu,Karur,Kulithalai(Uzhavar Sandhai ),Cucumbar(Kheera),Cucumbar,Local,27/08/2026,6000,6500,6250
Tamil Nadu,Salem,Hasthampatti(Uzhavar Sandhai ),Cucumbar(Kheera),Cucumbar,Local,27/08/2026,4600,5000,4800
Tamil Nadu,Coimbatore,Sulur(Uzhavar Sandhai ),Cucumbar(Kheera),Cucumbar,Local,27/08/2026,4000,4500,4250
Tamil Nadu,Nagapattinam,Sirkali(Uzhavar Sandhai ),Cucumbar(Kheera),Cucumbar,Local,27/08/2026,2500,3000,2750
Uttar Pradesh,Amroha,Hasanpur APMC,Cucumbar(Kheera),Cucumbar,FAQ,27/08/2026,1450,1520,1500
Haryana,Hissar,Barwala(Hisar) APMC,Cucumbar(Kheera),Cucumbar,Local,27/08/2026,1500,2000,1800
Nagaland,Wokha,Baghty APMC,Cucumbar(Kheera),Cucumber-Organic,Local,27/08/2026,3000,3500,3200
Uttarakhand,Dehradoon,Vikasnagar APMC,Cucumbar(Kheera),Other,Medium,27/08/2026,500,600,600
Odisha,Angul,Angul APMC,Cucumbar(Kheera),Other,Grade B,27/08/2026,3500,3500,3500
Maharashtra,Pune,Pune(Moshi) APMC,Ridgeguard(Tori),Other,Local,27/08/2026,2500,3000,2750
Punjab,Kapurthala,Bhulath (Nadala) APMC,Ridgeguard(Tori),Ridgeguard(Tori),Local,27/08/2026,1050,1100,1100
Tamil Nadu,Thirunelveli,Palayamkottai(Uzhavar Sandhai ),Ridgeguard(Tori),Ridgeguard(Tori),Local,27/08/2026,3500,4000,3750
Tamil Nadu,Madurai,Thirumangalam(Uzhavar Sandhai ),Ridgeguard(Tori),Ridgeguard(Tori),Local,27/08/2026,5000,6000,5500
Tamil Nadu,Thirupathur,Vaniyampadi(Uzhavar Sandhai ),Ridgeguard(Tori),Ridgeguard(Tori),Local,27/08/2026,4000,4000,4000
Tamil Nadu,Pudukkottai,Viralimalai(Uzhavar Sandhai ),Ridgeguard(Tori),Ridgeguard(Tori),Local,27/08/2026,5500,6000,5750
Tamil Nadu,Thiruvannamalai,Chengam(Uzhavar Sandhai ),Ridgeguard(Tori),Ridgeguard(Tori),Local,27/08/2026,5000,6000,5500
Tamil Nadu,Virudhunagar,Srivilliputhur(Uzhavar Sandhai ),Ridgeguard(Tori),Ridgeguard(Tori),Local,27/08/2026,4500,5000,4750
Tamil Nadu,Erode,Sathiyamagalam(Uzhavar Sandhai ),Ridgeguard(Tori),Ridgeguard(Tori),Local,27/08/2026,4000,4500,4250
Tamil Nadu,Salem,Edapadi (Uzhavar Sandhai ),Ridgeguard(Tori),Ridgeguard(Tori),Local,27/08/2026,3000,4000,3500
Tamil Nadu,Pudukkottai,Pudukottai(Uzhavar Sandhai ),Ridgeguard(Tori),Ridgeguard(Tori),Local,27/08/2026,5000,6000,5500
Tamil Nadu,Thirupur,Tiruppur (South) (Uzhavar Sandhai ),Ridgeguard(Tori),Ridgeguard(Tori),Local,27/08/2026,4000,5000,4500
Tamil Nadu,Dharmapuri,AJattihalli(Uzhavar Sandhai ),Ridgeguard(Tori),Ridgeguard(Tori),Local,27/08/2026,3500,3500,3500
Tamil Nadu,Krishnagiri,Kaveripattinam(Uzhavar Sandhai ),Ridgeguard(Tori),Ridgeguard(Tori),Local,27/08/2026,6000,6000,6000
Tamil Nadu,Salem,Sooramangalam(Uzhavar Sandhai ),Ridgeguard(Tori),Ridgeguard(Tori),Local,27/08/2026,3500,4000,3750
Tamil Nadu,Madurai,Melur(Uzhavar Sandhai ),Ridgeguard(Tori),Ridgeguard(Tori),Local,27/08/2026,4000,5000,4500
Tamil Nadu,Chengalpattu,Madhuranthagam(Uzhavar Sandhai ),Ridgeguard(Tori),Ridgeguard(Tori),Local,27/08/2026,4000,4000,4000
Tamil Nadu,Pudukkottai,Alangudi(Uzhavar Sandhai ),Ridgeguard(Tori),Ridgeguard(Tori),Local,27/08/2026,5000,6000,5500
Tamil Nadu,Theni,Andipatti(Uzhavar Sandhai ),Ridgeguard(Tori),Ridgeguard(Tori),Local,27/08/2026,3400,3600,3500
Tamil Nadu,Coimbatore,Sulur(Uzhavar Sandhai ),Ridgeguard(Tori),Ridgeguard(Tori),Local,27/08/2026,3500,4000,3750
Tamil Nadu,Thiruchirappalli,KKNagar(Uzhavar Sandhai ),Ridgeguard(Tori),Ridgeguard(Tori),Local,27/08/2026,5600,5600,5600
Tamil Nadu,Sivaganga,Tirupatthur(Uzhavar Sandhai ),Ridgeguard(Tori),Ridgeguard(Tori),Local,27/08/2026,4400,5500,4950
Tamil Nadu,Vellore,Pallikonda(Uzhavar Sandhai),Ridgeguard(Tori),Ridgeguard(Tori),Local,27/08/2026,3500,4000,3750
Telangana,Ranga Reddy,"Vanasthalipuram,RBZ ",Ridgeguard(Tori),Ridgeguard(Tori),Grade A,27/08/2026,3200,3200,3200
Maharashtra,Pune,Pune(Moshi) APMC,Raddish,Other,Local,27/08/2026,10,10,10
Tamil Nadu,Dindigul,Dindigul(Uzhavar Sandhai ),Raddish,Raddish,Local,27/08/2026,3000,4000,3500
Tamil Nadu,Karur,Kulithalai(Uzhavar Sandhai ),Raddish,Raddish,Local,27/08/2026,3000,3200,3100
Tamil Nadu,Thiruvannamalai,Tamarainagar(Uzhavar Sandhai ),Raddish,Raddish,Local,27/08/2026,2500,3000,2750
Tamil Nadu,Thiruchirappalli,Manapparai(Uzhavar Sandhai ),Raddish,Raddish,Local,27/08/2026,3600,3600,3600
Tamil Nadu,Thiruvannamalai,Arani(Uzhavar Sandhai ),Raddish,Raddish,Local,27/08/2026,2500,3000,2750
Tamil Nadu,Erode,Sathiyamagalam(Uzhavar Sandhai ),Raddish,Raddish,Local,27/08/2026,2500,3000,2750
Tamil Nadu,Thirupur,Kangayam(Uzhavar Sandhai ),Raddish,Raddish,Local,27/08/2026,3000,3600,3300
Tamil Nadu,Thirupur,Tiruppur (South) (Uzhavar Sandhai ),Raddish,Raddish,Local,27/08/2026,1500,2000,1750
Tamil Nadu,Salem,Hasthampatti(Uzhavar Sandhai ),Raddish,Raddish,Local,27/08/2026,2400,2800,2600
Tamil Nadu,Dharmapuri,Palacode(Uzhavar Sandhai ),Raddish,Raddish,Local,27/08/2026,1500,1800,1650
Tamil Nadu,Salem,Sooramangalam(Uzhavar Sandhai ),Raddish,Raddish,Local,27/08/2026,2400,2600,2500
Tamil Nadu,Dindigul,Chinnalapatti(Uzhavar Sandhai ),Raddish,Raddish,Local,27/08/2026,3600,4000,3800
Tamil Nadu,Thiruchirappalli,KKNagar(Uzhavar Sandhai ),Raddish,Raddish,Local,27/08/2026,3600,3600,3600
Tamil Nadu,Villupuram,Gingee(Uzhavar Sandhai ),Raddish,Raddish,Local,27/08/2026,4000,4000,4000
Tamil Nadu,Thiruvarur,Tiruvarur(Uzhavar Sandhai ),Raddish,Raddish,Local,27/08/2026,3000,3000,3000
Tamil Nadu,Cuddalore,Vadalur(Uzhavar Sandhai ),Raddish,Raddish,Local,27/08/2026,4000,4000,4000
Tamil Nadu,Thirupur,Palladam(Uzhavar Sandhai ),Raddish,Raddish,Local,27/08/2026,3000,3500,3250
Tamil Nadu,Thanjavur,Tirukattupalli(Uzhavar Sandhai ),Raddish,Raddish,Local,27/08/2026,2600,2600,2600
Tamil Nadu,Dharmapuri,Pennagaram(Uzhavar Sandhai ),Raddish,Raddish,Local,27/08/2026,2600,2800,2700
Tamil Nadu,Coimbatore,Sundarapuram(Uzhavar Sandhai ),Raddish,Raddish,Local,27/08/2026,3500,4000,3750
Tamil Nadu,Coimbatore,Vadavalli(Uzhavar Sandhai ),Raddish,Raddish,Local,27/08/2026,2500,3200,2850
Tamil Nadu,Karur,Vengamedu(Uzhavar Sandhai ),Raddish,Raddish,Local,27/08/2026,2500,3000,2750
Tamil Nadu,Karur,Pallapatti (Uzhavar Sandhai ),Raddish,Raddish,Local,27/08/2026,3500,4000,3750
Tamil Nadu,Sivaganga,Tirupatthur(Uzhavar Sandhai ),Raddish,Raddish,Local,27/08/2026,2800,3000,2900
Tamil Nadu,Pudukkottai,Ponnamaravathi(Uzhavar Sandhai),Raddish,Raddish,Local,27/08/2026,3500,4000,3750
Tamil Nadu,Thiruvarur,Valangaiman APMC,Raddish,Raddish,Local,27/08/2026,3000,3000,3000
Tamil Nadu,Kancheepuram,Kundrathur(Uzhavar Sandhai ),Raddish,Raddish,Local,27/08/2026,3000,3000,3000
Tamil Nadu,Coimbatore,Pollachi(Uzhavar Sandhai ),Raddish,Raddish,Local,27/08/2026,3500,4000,3750
Tamil Nadu,Coimbatore,RSPuram(Uzhavar Sandhai ),Raddish,Raddish,Local,27/08/2026,2800,3200,3000
Tamil Nadu,Thiruvannamalai,Chengam(Uzhavar Sandhai ),Raddish,Raddish,Local,27/08/2026,2600,3000,2800
Tamil Nadu,Madurai,Palanganatham(Uzhavar Sandhai ),Raddish,Raddish,Local,27/08/2026,2800,3000,2900
Tamil Nadu,Chengalpattu,Pallavaram(Uzhavar Sandhai ),Raddish,Raddish,Local,27/08/2026,3500,4000,3750
Tamil Nadu,Salem,Thammampatti (Uzhavar Sandhai ),Raddish,Raddish,Local,27/08/2026,2500,2800,2650
Tamil Nadu,Pudukkottai,Pudukottai(Uzhavar Sandhai ),Raddish,Raddish,Local,27/08/2026,3000,4000,3500
Uttar Pradesh,Shamli,Kairana APMC,Raddish,Raddish,FAQ,27/08/2026,1000,1100,1050
Gujarat,Rajkot,Gondal(Veg.market Gondal) APMC,Raddish,Raddish,Local,27/08/2026,1250,2250,1750
Himachal Pradesh,Kangra,SMY Palampur,Raddish,Raddish,FAQ,27/08/2026,2500,3000,2800
Tamil Nadu,Karur,Gandhigramam(Uzhavar Sandhai),Thondekai,Thondekai,Local,27/08/2026,4000,4500,4250
Tamil Nadu,Theni,Theni(Uzhavar Sandhai ),Thondekai,Thondekai,Local,27/08/2026,2800,2800,2800
Tamil Nadu,Villupuram,Ulundurpettai APMC,Thondekai,Thondekai,Local,27/08/2026,5000,5000,5000
Tamil Nadu,Thiruvannamalai,Cheyyar(Uzhavar Sandhai ),Thondekai,Thondekai,Local,27/08/2026,3200,4000,3600
Tamil Nadu,Dharmapuri,Karimangalam(Uzhavar Sandhai),Thondekai,Thondekai,Local,27/08/2026,5000,5500,5250
Tamil Nadu,Salem,Sooramangalam(Uzhavar Sandhai ),Thondekai,Thondekai,Local,27/08/2026,4000,4500,4250
Tamil Nadu,Madurai,Chokkikulam(Uzhavar Sandhai ),Thondekai,Thondekai,Local,27/08/2026,3600,4500,4050
Tamil Nadu,Vellore,Kahithapattarai(Uzhavar Sandhai ),Thondekai,Thondekai,Local,27/08/2026,4000,4000,4000
Tamil Nadu,Dharmapuri,AJattihalli(Uzhavar Sandhai ),Thondekai,Thondekai,Local,27/08/2026,5200,5200,5200
Tamil Nadu,Thirunelveli,Palayamkottai(Uzhavar Sandhai ),Thondekai,Thondekai,Local,27/08/2026,4000,4500,4250
Tamil Nadu,Madurai,Palanganatham(Uzhavar Sandhai ),Thondekai,Thondekai,Local,27/08/2026,3600,4500,4050
Tamil Nadu,Theni,Devaram(Uzhavar Sandhai ),Thondekai,Thondekai,Local,27/08/2026,2800,2800,2800
Tamil Nadu,Madurai,Anaiyur(Uzhavar Sandhai ),Thondekai,Thondekai,Local,27/08/2026,3600,4500,4050
Tamil Nadu,Vellore,Thirupathur APMC,Thondekai,Thondekai,Local,27/08/2026,4000,4000,4000
Tamil Nadu,Thiruvannamalai,Tiruvannamalai(Uzhavar Sandhai ),Thondekai,Thondekai,Local,27/08/2026,2500,3000,2750
Tamil Nadu,Salem,Thathakapatti(Uzhavar Sandhai ),Thondekai,Thondekai,Local,27/08/2026,4500,5000,4750
Tamil Nadu,Thanjavur,Pattukottai(Uzhavar Sandhai ),Capsicum,Capsicum,Local,27/08/2026,6000,6000,6000
Tamil Nadu,Dindigul,Dindigul(Uzhavar Sandhai ),Capsicum,Capsicum,Local,27/08/2026,7000,8000,7500
Tamil Nadu,Sivaganga,Karaikudi(Uzhavar Sandhai ),Capsicum,Capsicum,Local,27/08/2026,9000,9500,9250
Tamil Nadu,Krishnagiri,Hosur(Uzhavar Sandhai ),Capsicum,Capsicum,Local,27/08/2026,4500,5000,4750
Tamil Nadu,Dharmapuri,Harur(Uzhavar Sandhai ),Capsicum,Capsicum,Local,27/08/2026,6000,7000,6500
Tamil Nadu,Theni,Kambam(Uzhavar Sandhai ),Capsicum,Capsicum,Local,27/08/2026,6000,6000,6000
Tamil Nadu,The Nilgiris,Udhagamandalam(Uzhavar Sandhai ),Capsicum,Capsicum,Local,27/08/2026,4500,5000,4750
Tamil Nadu,Thirunelveli,NGO Colony(Uzhavar Sandhai ),Capsicum,Capsicum,Local,27/08/2026,5500,6000,5750
Tamil Nadu,Thiruchirappalli,Thiruverumbur(Uzhavar Sandhai ),Capsicum,Capsicum,Local,27/08/2026,5500,5500,5500
Tamil Nadu,Krishnagiri,Denkanikottai(Uzhavar Sandhai ),Capsicum,Capsicum,Local,27/08/2026,4000,5000,4500
Tamil Nadu,Dharmapuri,Palacode(Uzhavar Sandhai ),Capsicum,Capsicum,Local,27/08/2026,5800,6000,5900
Tamil Nadu,Salem,Ammapet(Uzhavar Sandhai ),Capsicum,Capsicum,Local,27/08/2026,6000,6000,6000
Tamil Nadu,Coimbatore,Sulur(Uzhavar Sandhai ),Capsicum,Capsicum,Local,27/08/2026,5500,6000,5750
Tamil Nadu,Thiruchirappalli,KKNagar(Uzhavar Sandhai ),Capsicum,Capsicum,Local,27/08/2026,5400,5400,5400
Tamil Nadu,Krishnagiri,Avallapalli(Uzhavar Sandhai ),Capsicum,Capsicum,Local,27/08/2026,4500,5000,4750
Tamil Nadu,Vellore,Kahithapattarai(Uzhavar Sandhai ),Capsicum,Capsicum,Local,27/08/2026,4600,4600,4600
Haryana,Sonipat,Ganaur APMC,Capsicum,Capsicum,Medium,27/08/2026,5000,6000,5500
Haryana,Rohtak,Meham,Capsicum,Capsicum,Medium,27/08/2026,4000,4000,4000
Chandigarh,Chandigarh,Chandigarh (Grain/F&V) APMC,Capsicum,Capsicum,FAQ,27/08/2026,2000,2600,2400
Haryana,Hissar,Hansi APMC,Capsicum,Other,FAQ,27/08/2026,5000,6000,5500
Tamil Nadu,Erode,Gobichettipalayam(Uzhavar Sandhai ),Green Avare(W),Green Avare (W),Local,27/08/2026,5800,6400,6100
Tamil Nadu,Chengalpattu,Madhuranthagam(Uzhavar Sandhai ),Green Avare(W),Green Avare (W),Local,27/08/2026,6000,6000,6000
Tamil Nadu,Madurai,Thirumangalam(Uzhavar Sandhai ),Green Avare(W),Green Avare (W),Local,27/08/2026,6000,7000,6500
Tamil Nadu,Ranipet,Arcot(Uzhavar Sandhai ),Green Avare(W),Green Avare (W),Local,27/08/2026,4400,4400,4400
Tamil Nadu,Salem,Vazhapadi(Uzhavar Sandhai),Green Avare(W),Green Avare (W),Local,27/08/2026,8000,8000,8000
Tamil Nadu,Chengalpattu,Nanganallur(Uzhavar Sandhai ),Green Avare(W),Green Avare (W),Local,27/08/2026,6500,7000,6750
Tamil Nadu,Nagapattinam,Mayiladuthurai(Uzhavar Sandhai ),Green Avare(W),Green Avare (W),Local,27/08/2026,7000,8000,7500
Tamil Nadu,Virudhunagar,Thalavaipuram(Uzhavar Sandhai ),Green Avare(W),Green Avare (W),Local,27/08/2026,3200,4000,3600
Tamil Nadu,Thiruvannamalai,Tamarainagar(Uzhavar Sandhai ),Green Avare(W),Green Avare (W),Local,27/08/2026,4000,5000,4500
Tamil Nadu,Chengalpattu,Thirukalukundram(Uzhavar Sandhai ),Green Avare(W),Green Avare (W),Local,27/08/2026,4000,5000,4500
Tamil Nadu,Dharmapuri,AJattihalli(Uzhavar Sandhai ),Green Avare(W),Green Avare (W),Local,27/08/2026,4000,4000,4000
Tamil Nadu,Dharmapuri,Harur(Uzhavar Sandhai ),Green Avare(W),Green Avare (W),Local,27/08/2026,5000,6000,5500
Tamil Nadu,Dharmapuri,Palacode(Uzhavar Sandhai ),Green Avare(W),Green Avare (W),Local,27/08/2026,4000,4500,4250
Tamil Nadu,Virudhunagar,Virudhunagar(Uzhavar Sandhai ),Green Avare(W),Green Avare (W),Local,27/08/2026,6500,7000,6750
Tamil Nadu,Sivaganga,Karaikudi(Uzhavar Sandhai ),Green Avare(W),Green Avare (W),Local,27/08/2026,4000,4500,4250
Tamil Nadu,Vellore,Pallikonda(Uzhavar Sandhai),Green Avare(W),Green Avare (W),Local,27/08/2026,3500,4000,3750
Tamil Nadu,Cuddalore,Cuddalore(Uzhavar Sandhai ),Green Avare(W),Green Avare (W),Local,27/08/2026,6000,6000,6000
Tamil Nadu,Kancheepuram,Sunguvarchatram(Uzhavar Sandhai ),Green Avare(W),Green Avare (W),Local,27/08/2026,4500,4500,4500
Tamil Nadu,Thanjavur,Thanjavur(Uzhavar Sandhai ),Green Avare(W),Green Avare (W),Local,27/08/2026,4400,6000,5200
Tamil Nadu,Thiruchirappalli,KKNagar(Uzhavar Sandhai ),Green Avare(W),Other,Local,27/08/2026,4600,4600,4600
Tamil Nadu,Sivaganga,Singampunari(Uzhavar Sandhai ),Green Avare(W),Other,Local,27/08/2026,3800,4200,4000
Tamil Nadu,Salem,Hasthampatti(Uzhavar Sandhai ),Green Avare(W),Other,Local,27/08/2026,4600,5000,4800
Tamil Nadu,Salem,Mecheri(Uzhavar Sandhai),Green Avare(W),Other,Local,27/08/2026,6500,7000,6750
Tamil Nadu,Salem,Sooramangalam(Uzhavar Sandhai ),Green Avare(W),Other,Local,27/08/2026,4800,5000,4900
Tamil Nadu,Coimbatore,Vadavalli(Uzhavar Sandhai ),Green Avare(W),Other,Local,27/08/2026,4500,5000,4750
Tamil Nadu,Salem,Elampillai(Uzhavar Sandhai ),Green Avare(W),Other,Local,27/08/2026,4500,5000,4750
Tamil Nadu,Salem,Jalagandapuram(Uzhavar Sandhai ),Green Avare(W),Other,Local,27/08/2026,6000,6800,6400
Tamil Nadu,The Nilgiris,Udhagamandalam(Uzhavar Sandhai ),Chow Chow,Chow Chow,Local,27/08/2026,2000,2500,2250
Tamil Nadu,Ariyalur,Ariyalur(Uzhavar Sandhai),Chow Chow,Chow Chow,Local,27/08/2026,3500,4000,3750
Tamil Nadu,Thiruchirappalli,Lalgudi(Uzhavar Sandhai ),Chow Chow,Chow Chow,Local,27/08/2026,4000,4000,4000
Tamil Nadu,Thiruvannamalai,Arani(Uzhavar Sandhai ),Chow Chow,Chow Chow,Local,27/08/2026,3000,3600,3300
Tamil Nadu,Thiruvannamalai,Polur(Uzhavar Sandhai ),Chow Chow,Chow Chow,Local,27/08/2026,3300,4000,3650
Tamil Nadu,Dharmapuri,Harur(Uzhavar Sandhai ),Chow Chow,Chow Chow,Local,27/08/2026,4000,5000,4500
Tamil Nadu,Theni,Bodinayakanur(Uzhavar Sandhai ),Chow Chow,Chow Chow,Local,27/08/2026,3000,3000,3000
Tamil Nadu,Virudhunagar,Thalavaipuram(Uzhavar Sandhai ),Chow Chow,Chow Chow,Local,27/08/2026,2800,3500,3150
Tamil Nadu,Salem,Hasthampatti(Uzhavar Sandhai ),Chow Chow,Chow Chow,Local,27/08/2026,4000,4500,4250
Tamil Nadu,Thiruvarur,Mannargudi I(Uzhavar Sandhai ),Chow Chow,Chow Chow,Local,27/08/2026,3800,3800,3800
Tamil Nadu,Salem,Sooramangalam(Uzhavar Sandhai ),Chow Chow,Chow Chow,Local,27/08/2026,3500,4000,3750
Tamil Nadu,Karur,Gandhigramam(Uzhavar Sandhai),Chow Chow,Chow Chow,Local,27/08/2026,3500,4000,3750
Tamil Nadu,Coimbatore,Mettupalayam(Uzhavar Sandhai ),Chow Chow,Chow Chow,Local,27/08/2026,3500,4000,3750
Tamil Nadu,Karur,Karur(Uzhavar Sandhai ),Chow Chow,Chow Chow,Local,27/08/2026,3500,4000,3750
Tamil Nadu,Thiruchirappalli,Thiruverumbur(Uzhavar Sandhai ),Chow Chow,Chow Chow,Local,27/08/2026,4000,4000,4000
Tamil Nadu,Madurai,Palanganatham(Uzhavar Sandhai ),Chow Chow,Chow Chow,Local,27/08/2026,2500,3000,2750
Tamil Nadu,Thiruvannamalai,Cheyyar(Uzhavar Sandhai ),Chow Chow,Chow Chow,Local,27/08/2026,3000,3600,3300
Tamil Nadu,Madurai,Chokkikulam(Uzhavar Sandhai ),Chow Chow,Chow Chow,Local,27/08/2026,2500,3000,2750
Tamil Nadu,Erode,Gobichettipalayam(Uzhavar Sandhai ),Chow Chow,Chow Chow,Local,27/08/2026,3200,3600,3400
Tamil Nadu,Krishnagiri,Avallapalli(Uzhavar Sandhai ),Chow Chow,Chow Chow,Local,27/08/2026,2000,2500,2250
Tamil Nadu,Chengalpattu,Pallavaram(Uzhavar Sandhai ),Chow Chow,Chow Chow,Local,27/08/2026,3500,4000,3750
Tamil Nadu,Thirupur,Tiruppur (North) (Uzhavar Sandhai ),Chow Chow,Chow Chow,Local,27/08/2026,2000,3000,2500
Tamil Nadu,Cuddalore,Cuddalore(Uzhavar Sandhai ),Chow Chow,Chow Chow,Local,27/08/2026,3000,3000,3000
Tamil Nadu,Coimbatore,Vadavalli(Uzhavar Sandhai ),Drumstick,Drumstick,Local,27/08/2026,2800,3000,2900
Tamil Nadu,Karur,Gandhigramam(Uzhavar Sandhai),Drumstick,Drumstick,Local,27/08/2026,2500,3000,2750
Tamil Nadu,Karur,Pallapatti (Uzhavar Sandhai ),Drumstick,Drumstick,Local,27/08/2026,2200,2500,2350
Tamil Nadu,Virudhunagar,Sathur(Uzhavar Sandhai ),Drumstick,Drumstick,Local,27/08/2026,3500,4000,3750
Tamil Nadu,Salem,Attayampatti(Uzhavar Sandhai ),Drumstick,Drumstick,Local,27/08/2026,3000,3000,3000
Tamil Nadu,Cuddalore,Cuddalore(Uzhavar Sandhai ),Drumstick,Drumstick,Local,27/08/2026,4000,4000,4000
Tamil Nadu,Coimbatore,RSPuram(Uzhavar Sandhai ),Drumstick,Drumstick,Local,27/08/2026,2800,3000,2900
Tamil Nadu,Salem,Jalagandapuram(Uzhavar Sandhai ),Drumstick,Drumstick,Local,27/08/2026,2000,2500,2250
Tamil Nadu,Thirupur,Tiruppur (North) (Uzhavar Sandhai ),Drumstick,Drumstick,Local,27/08/2026,2500,3000,2750
Tamil Nadu,Villupuram,Tindivanam APMC,Drumstick,Drumstick,Local,27/08/2026,4000,4000,4000
Tamil Nadu,Kallakuruchi,Sankarapuram(Uzhavar Sandhai ),Drumstick,Drumstick,Local,27/08/2026,3000,3000,3000
Tamil Nadu,Dindigul,Dindigul(Uzhavar Sandhai ),Drumstick,Drumstick,Local,27/08/2026,3000,4000,3500
Tamil Nadu,Thiruvannamalai,Vandavasi(Uzhavar Sandhai ),Drumstick,Drumstick,Local,27/08/2026,3600,4200,3900
Tamil Nadu,Thiruchirappalli,Thiruverumbur(Uzhavar Sandhai ),Drumstick,Drumstick,Local,27/08/2026,3600,3600,3600
Tamil Nadu,Thiruchirappalli,Manapparai(Uzhavar Sandhai ),Drumstick,Drumstick,Local,27/08/2026,3600,3600,3600
Tamil Nadu,Thiruvannamalai,Cheyyar(Uzhavar Sandhai ),Drumstick,Drumstick,Local,27/08/2026,3500,4200,3850
Tamil Nadu,Ranipet,Arcot(Uzhavar Sandhai ),Drumstick,Drumstick,Local,27/08/2026,4000,4000,4000
Tamil Nadu,Chengalpattu,Nanganallur(Uzhavar Sandhai ),Drumstick,Drumstick,Local,27/08/2026,4500,5000,4750
Tamil Nadu,Pudukkottai,Aranthangi(Uzhavar Sandhai ),Drumstick,Drumstick,Local,27/08/2026,4500,5000,4750
Tamil Nadu,Cuddalore,Vadalur(Uzhavar Sandhai ),Drumstick,Drumstick,Local,27/08/2026,3000,3000,3000
Tamil Nadu,Dindigul,Chinnalapatti(Uzhavar Sandhai ),Drumstick,Drumstick,Local,27/08/2026,3000,4000,3500
Tamil Nadu,Villupuram,Ulundurpettai APMC,Drumstick,Drumstick,Local,27/08/2026,4000,4000,4000
Tamil Nadu,Thiruchirappalli,Lalgudi(Uzhavar Sandhai ),Drumstick,Drumstick,Local,27/08/2026,3600,3600,3600
Tamil Nadu,Thiruvannamalai,Arani(Uzhavar Sandhai ),Drumstick,Drumstick,Local,27/08/2026,3500,4200,3850
Tamil Nadu,Sivaganga,Devakottai (Uzhavar Sandhai ),Drumstick,Drumstick,Local,27/08/2026,3200,3400,3300
Tamil Nadu,Pudukkottai,Alangudi(Uzhavar Sandhai ),Drumstick,Drumstick,Local,27/08/2026,5000,6000,5500
Tamil Nadu,Thirupur,Dharapuram(Uzhavar Sandhai ),Drumstick,Drumstick,Local,27/08/2026,3000,3500,3250
Tamil Nadu,Thirupur,Palladam(Uzhavar Sandhai ),Drumstick,Drumstick,Local,27/08/2026,3000,4000,3500
Tamil Nadu,Sivaganga,Karaikudi(Uzhavar Sandhai ),Mango(Raw-Ripe),Mango - Raw-Ripe,Local,27/08/2026,6500,7000,6750
Tamil Nadu,Namakkal,Paramathivelur(Uzhavar Sandhai ),Mango(Raw-Ripe),Mango - Raw-Ripe,Local,27/08/2026,6300,7000,6650
Tamil Nadu,Karur,Pallapatti (Uzhavar Sandhai ),Mango(Raw-Ripe),Mango - Raw-Ripe,Local,27/08/2026,7500,8000,7750
Tamil Nadu,Thirunelveli,Palayamkottai(Uzhavar Sandhai ),Mango(Raw-Ripe),Mango - Raw-Ripe,Local,27/08/2026,5500,6000,5750
Tamil Nadu,Thiruchirappalli,Manachanallur(Uzhavar Sandhai ),Mango(Raw-Ripe),Mango - Raw-Ripe,Local,27/08/2026,8000,8000,8000
Tamil Nadu,Chengalpattu,Nanganallur(Uzhavar Sandhai ),Mango(Raw-Ripe),Mango - Raw-Ripe,Local,27/08/2026,8500,9000,8750
Tamil Nadu,Cuddalore,Chidambaram(Uzhavar Sandhai ),Mango(Raw-Ripe),Mango - Raw-Ripe,Local,27/08/2026,8000,8000,8000
Tamil Nadu,The Nilgiris,Udhagamandalam(Uzhavar Sandhai ),Mango(Raw-Ripe),Mango - Raw-Ripe,Local,27/08/2026,10000,12000,11000
Tamil Nadu,Nagercoil (Kannyiakumari),Myladi(Uzhavar Sandhai ),Mango(Raw-Ripe),Mango - Raw-Ripe,Local,27/08/2026,6500,7000,6750
Tamil Nadu,Perambalur,Perambalur(Uzhavar Sandhai ),Mango(Raw-Ripe),Mango - Raw-Ripe,Local,27/08/2026,9000,9600,9300
Tamil Nadu,Coimbatore,Mettupalayam(Uzhavar Sandhai ),Mango(Raw-Ripe),Mango - Raw-Ripe,Local,27/08/2026,6000,7000,6500
Tamil Nadu,Thiruchirappalli,Lalgudi(Uzhavar Sandhai ),Mango(Raw-Ripe),Mango - Raw-Ripe,Local,27/08/2026,8000,8000,8000
Tamil Nadu,Thanjavur,Thanjavur(Uzhavar Sandhai ),Mango(Raw-Ripe),Mango - Raw-Ripe,Local,27/08/2026,6600,6600,6600
Tamil Nadu,Vellore,Thirupathur APMC,Mango(Raw-Ripe),Mango - Raw-Ripe,Local,27/08/2026,8000,8000,8000
Tamil Nadu,Thiruvannamalai,Arani(Uzhavar Sandhai ),Mango(Raw-Ripe),Mango - Raw-Ripe,Local,27/08/2026,7000,8000,7500
Tamil Nadu,Thiruvannamalai,Polur(Uzhavar Sandhai ),Mango(Raw-Ripe),Mango - Raw-Ripe,Local,27/08/2026,4200,5000,4600
Haryana,Hissar,Hansi APMC,Peas Wet,Other,FAQ,27/08/2026,10000,12000,11000
Tamil Nadu,Thiruvannamalai,Vandavasi(Uzhavar Sandhai ),Knool Khol,Knool Khol,Local,27/08/2026,3600,4200,3900
Tamil Nadu,Vellore,Kahithapattarai(Uzhavar Sandhai ),Knool Khol,Knool Khol,Local,27/08/2026,2500,2500,2500
Tamil Nadu,Theni,Devaram(Uzhavar Sandhai ),Knool Khol,Knool Khol,Local,27/08/2026,3500,3500,3500
Tamil Nadu,Sivaganga,Karaikudi(Uzhavar Sandhai ),Knool Khol,Knool Khol,Local,27/08/2026,4500,5000,4750
Tamil Nadu,Vellore,Perampet(Uzhavar Sandhai),Knool Khol,Knool Khol,Local,27/08/2026,3000,3600,3300
Tamil Nadu,Dharmapuri,Harur(Uzhavar Sandhai ),Knool Khol,Knool Khol,Local,27/08/2026,5000,6000,5500
Tamil Nadu,Madurai,Anaiyur(Uzhavar Sandhai ),Knool Khol,Knool Khol,Local,27/08/2026,4000,4500,4250
Tamil Nadu,Virudhunagar,Rajapalayam(Uzhavar Sandhai ),Knool Khol,Knool Khol,Local,27/08/2026,5000,6000,5500
Tamil Nadu,Krishnagiri,Denkanikottai(Uzhavar Sandhai ),Knool Khol,Knool Khol,Local,27/08/2026,1000,1500,1250
Tamil Nadu,Madurai,Anna nagar(Uzhavar Sandhai ),Knool Khol,Knool Khol,Local,27/08/2026,3500,4000,3750
Tamil Nadu,Krishnagiri,Krishnagiri(Uzhavar Sandhai ),Knool Khol,Knool Khol,Local,27/08/2026,4500,5000,4750
Tamil Nadu,Pudukkottai,Pudukottai(Uzhavar Sandhai ),Lime,Lime,Local,27/08/2026,1500,2000,1750
Tamil Nadu,Salem,Sooramangalam(Uzhavar Sandhai ),Lime,Lime,Local,27/08/2026,3500,4000,3750
Tamil Nadu,Thiruchirappalli,Thuraiyur APMC,Lime,Lime,Local,27/08/2026,4000,4800,4400
Tamil Nadu,Salem,Edapadi (Uzhavar Sandhai ),Lime,Lime,Local,27/08/2026,2500,3000,2750
Tamil Nadu,Thiruvarur,Muthupettai(Uzhavar Sandhai ),Lime,Lime,Local,27/08/2026,3000,3000,3000
Tamil Nadu,Nagercoil (Kannyiakumari),Vadaseri APMC,Lime,Lime,Local,27/08/2026,5000,5500,5250
Tamil Nadu,Coimbatore,Mettupalayam(Uzhavar Sandhai ),Jack Fruit(Ripe),Jack Fruit,Local,27/08/2026,3500,4000,3750
Tamil Nadu,Thanjavur,Kumbakonam (Uzhavar Sandhai ),Jack Fruit(Ripe),Jack Fruit,Local,27/08/2026,3000,3000,3000
Tamil Nadu,Pudukkottai,Pudukottai(Uzhavar Sandhai ),Jamun(Narale Hannu),Jamun,Local,27/08/2026,15000,16000,15500
Uttar Pradesh,Shamli,Kairana APMC,Guava,Guava,Medium,27/08/2026,2100,2200,2150
Tamil Nadu,Kallakuruchi,Sankarapuram(Uzhavar Sandhai ),Guava,Guava Allahabad,Local,27/08/2026,5000,5000,5000
Tamil Nadu,Coimbatore,RSPuram(Uzhavar Sandhai ),Guava,Guava Allahabad,Local,27/08/2026,4500,5500,5000
Tamil Nadu,Vellore,Thirupathur APMC,Guava,Guava Allahabad,Local,27/08/2026,5000,5000,5000
Tamil Nadu,Thiruchirappalli,Manapparai(Uzhavar Sandhai ),Guava,Guava Allahabad,Local,27/08/2026,7000,7000,7000
Tamil Nadu,Dharmapuri,Palacode(Uzhavar Sandhai ),Guava,Guava Allahabad,Local,27/08/2026,5500,6000,5750
Tamil Nadu,Coimbatore,Sulur(Uzhavar Sandhai ),Guava,Guava Allahabad,Local,27/08/2026,5500,6000,5750
Tamil Nadu,Thiruvannamalai,Tamarainagar(Uzhavar Sandhai ),Guava,Guava Allahabad,Local,27/08/2026,5000,6000,5500
Tamil Nadu,Thiruvannamalai,Chengam(Uzhavar Sandhai ),Guava,Guava Allahabad,Local,27/08/2026,5000,6000,5500
Tamil Nadu,Karur,Gandhigramam(Uzhavar Sandhai),Guava,Guava Allahabad,Local,27/08/2026,5000,6000,5500
Tamil Nadu,Thirunelveli,Palayamkottai(Uzhavar Sandhai ),Guava,Guava Allahabad,Local,27/08/2026,6000,8000,7000
Tamil Nadu,Virudhunagar,Thalavaipuram(Uzhavar Sandhai ),Guava,Guava Allahabad,Local,27/08/2026,3200,4000,3600
Tamil Nadu,Madurai,Melur(Uzhavar Sandhai ),Guava,Guava Allahabad,Local,27/08/2026,5000,6000,5500
Tamil Nadu,Sivaganga,Singampunari(Uzhavar Sandhai ),Guava,Guava Allahabad,Local,27/08/2026,5000,6000,5500
Tamil Nadu,Salem,Vazhapadi(Uzhavar Sandhai),Guava,Guava Allahabad,Local,27/08/2026,5000,5000,5000
Tamil Nadu,Sivaganga,Tirupatthur(Uzhavar Sandhai ),Guava,Guava Allahabad,Local,27/08/2026,5400,6500,5950
Tamil Nadu,The Nilgiris,Udhagamandalam(Uzhavar Sandhai ),Guava,Guava Allahabad,Local,27/08/2026,7000,8000,7500
Tamil Nadu,Dharmapuri,Harur(Uzhavar Sandhai ),Guava,Guava Allahabad,Local,27/08/2026,4000,5000,4500
Tamil Nadu,Namakkal,Namakkal(Uzhavar Sandhai ),Karbuja(Musk Melon),Karbhuja,Local,27/08/2026,2500,3000,2750
Maharashtra,Pune,Pune(Moshi) APMC,Pomegranate,Other,Local,27/08/2026,8000,10000,9000
Tamil Nadu,Coimbatore,Singanallur(Uzhavar Sandhai ),Pomegranate,Pomogranate,Local,27/08/2026,13000,14000,13500
Tamil Nadu,Madurai,Anaiyur(Uzhavar Sandhai ),Pomegranate,Pomogranate,Local,27/08/2026,18000,23000,20500
Tamil Nadu,Thirunelveli,Palayamkottai(Uzhavar Sandhai ),Pomegranate,Pomogranate,Local,27/08/2026,16000,18000,17000
Tamil Nadu,Chengalpattu,Nanganallur(Uzhavar Sandhai ),Pomegranate,Pomogranate,Local,27/08/2026,12000,14000,13000
Chandigarh,Chandigarh,Chandigarh (Grain/F&V) APMC,Pomegranate,Pomogranate,Medium,27/08/2026,4000,11000,8000
Tamil Nadu,Perambalur,Perambalur(Uzhavar Sandhai ),Tender Coconut,Tender Coconut,Local,27/08/2026,3000,4000,3500
Tamil Nadu,Thiruvannamalai,Polur(Uzhavar Sandhai ),Tender Coconut,Tender Coconut,Local,27/08/2026,1500,2000,1750
Tamil Nadu,Salem,Jalagandapuram(Uzhavar Sandhai ),Tender Coconut,Tender Coconut,Local,27/08/2026,3000,3500,3250
Tamil Nadu,Thiruchirappalli,Manachanallur(Uzhavar Sandhai ),Tender Coconut,Tender Coconut,Local,27/08/2026,3500,4500,4000
Tamil Nadu,Salem,Mettur(Uzhavar Sandhai ),Tender Coconut,Tender Coconut,Local,27/08/2026,3500,4000,3750
Tamil Nadu,Nagapattinam,Mayiladuthurai(Uzhavar Sandhai ),Tender Coconut,Tender Coconut,Local,27/08/2026,2000,2500,2250
Tamil Nadu,Cuddalore,Vadalur(Uzhavar Sandhai ),Tender Coconut,Tender Coconut,Local,27/08/2026,2500,3000,2750
Tamil Nadu,Nagercoil (Kannyiakumari),Vadaseri APMC,Tender Coconut,Tender Coconut,Local,27/08/2026,5000,5500,5250
Tamil Nadu,Nagapattinam,Sirkali(Uzhavar Sandhai ),Tender Coconut,Tender Coconut,Local,27/08/2026,2000,2500,2250
Tamil Nadu,Villupuram,Villupuram(Uzhavar Sandhai ),Tender Coconut,Tender Coconut,Local,27/08/2026,4000,4000,4000
Tamil Nadu,Dharmapuri,AJattihalli(Uzhavar Sandhai ),Tender Coconut,Tender Coconut,Local,27/08/2026,3000,3500,3250
Haryana,Mahendragarh-Narnaul,Narnaul APMC,Tender Coconut,Tender Coconut,Medium,27/08/2026,5500,6500,6000
Uttar Pradesh,Badaun,Babrala APMC,Wood,Eucalyptus,Local,27/08/2026,630,650,640
Tamil Nadu,Thiruvannamalai,Tiruvannamalai(Uzhavar Sandhai ),Fig(Anjura/Anjeer),Anjura,Local,27/08/2026,7000,8000,7500
Tamil Nadu,Namakkal,Namakkal(Uzhavar Sandhai ),Jasmine,Jasmine,Local,27/08/2026,45000,50000,47500
Tamil Nadu,Thiruvannamalai,Tiruvannamalai(Uzhavar Sandhai ),Marigold(Calcutta),Marigold(Calcutta),Local,27/08/2026,30000,35000,32500
Tamil Nadu,Namakkal,Rasipuram(Uzhavar Sandhai ),Marigold(Calcutta),Marigold(Calcutta),Local,27/08/2026,25000,28000,26500
Andhra Pradesh,Sri Sathya Sai,Kadiri APMC,Tamarind Fruit,Other,FAQ,27/08/2026,5600,9200,7500
Tamil Nadu,Thiruvannamalai,Tamarainagar(Uzhavar Sandhai ),Tamarind Fruit,Tamarind Fruit,Local,27/08/2026,10000,12000,11000
Tamil Nadu,Thirupathur,Vaniyampadi(Uzhavar Sandhai ),Tamarind Fruit,Tamarind Fruit,Local,27/08/2026,10000,10000,10000
Tamil Nadu,Thiruvannamalai,Tiruvannamalai(Uzhavar Sandhai ),Tamarind Fruit,Tamarind Fruit,Local,27/08/2026,12000,15000,13500
Tamil Nadu,Krishnagiri,Avallapalli(Uzhavar Sandhai ),Tamarind Fruit,Tamarind Fruit,Local,27/08/2026,9000,10000,9500
Tamil Nadu,Pudukkottai,Pudukottai(Uzhavar Sandhai ),Tamarind Fruit,Tamarind Fruit,Local,27/08/2026,6000,7000,6500
Tamil Nadu,Coimbatore,Pollachi(Uzhavar Sandhai ),Elephant Yam(Suran)/Amorphophallus,Elephant Yam (Suran),Local,27/08/2026,3500,4000,3750
Tamil Nadu,Karur,Kulithalai(Uzhavar Sandhai ),Elephant Yam(Suran)/Amorphophallus,Elephant Yam (Suran),Local,27/08/2026,5000,5500,5250
Tamil Nadu,Kallakuruchi,Kallakurichi(Uzhavar Sandhai ),Elephant Yam(Suran)/Amorphophallus,Elephant Yam (Suran),Local,27/08/2026,4000,4000,4000
Tamil Nadu,Erode,Perundurai(Uzhavar Sandhai ),Elephant Yam(Suran)/Amorphophallus,Elephant Yam (Suran),Local,27/08/2026,2600,3000,2800
Tamil Nadu,Coimbatore,Kurichi(Uzhavar Sandhai ),Elephant Yam(Suran)/Amorphophallus,Elephant Yam (Suran),Local,27/08/2026,3800,4200,4000
Tamil Nadu,Villupuram,Ulundurpettai APMC,Elephant Yam(Suran)/Amorphophallus,Elephant Yam (Suran),Local,27/08/2026,6000,6000,6000
Tamil Nadu,Madurai,Palanganatham(Uzhavar Sandhai ),Elephant Yam(Suran)/Amorphophallus,Elephant Yam (Suran),Local,27/08/2026,4500,5000,4750
Tamil Nadu,Krishnagiri,Hosur(Uzhavar Sandhai ),Elephant Yam(Suran)/Amorphophallus,Elephant Yam (Suran),Local,27/08/2026,4500,5000,4750
Tamil Nadu,Thirupur,Dharapuram(Uzhavar Sandhai ),Elephant Yam(Suran)/Amorphophallus,Elephant Yam (Suran),Local,27/08/2026,4500,5000,4750
Tamil Nadu,Theni,Bodinayakanur(Uzhavar Sandhai ),Elephant Yam(Suran)/Amorphophallus,Elephant Yam (Suran),Local,27/08/2026,4000,4000,4000
Tamil Nadu,Thirunelveli,Palayamkottai(Uzhavar Sandhai ),Elephant Yam(Suran)/Amorphophallus,Elephant Yam (Suran),Local,27/08/2026,4000,4500,4250
Tamil Nadu,Coimbatore,Singanallur(Uzhavar Sandhai ),Elephant Yam(Suran)/Amorphophallus,Elephant Yam (Suran),Local,27/08/2026,3500,4000,3750
Tamil Nadu,Chengalpattu,Nanganallur(Uzhavar Sandhai ),Elephant Yam(Suran)/Amorphophallus,Elephant Yam (Suran),Local,27/08/2026,5500,6000,5750
Tamil Nadu,Salem,Ammapet(Uzhavar Sandhai ),Elephant Yam(Suran)/Amorphophallus,Elephant Yam (Suran),Local,27/08/2026,4000,5000,4500
Tamil Nadu,Namakkal,Rasipuram(Uzhavar Sandhai ),Elephant Yam(Suran)/Amorphophallus,Elephant Yam (Suran),Local,27/08/2026,3500,4000,3750
Tamil Nadu,Namakkal,Tiruchengode APMC,Elephant Yam(Suran)/Amorphophallus,Elephant Yam (Suran),Local,27/08/2026,3500,4000,3750
Tamil Nadu,Krishnagiri,Avallapalli(Uzhavar Sandhai ),Elephant Yam(Suran)/Amorphophallus,Elephant Yam (Suran),Local,27/08/2026,4500,5000,4750
Telangana,Ranga Reddy,"Vanasthalipuram,RBZ ",Elephant Yam(Suran)/Amorphophallus,Elephant Yam (Suran),Grade A,27/08/2026,2800,2800,2800
Keralam,Kottayam,Pampady Market,Elephant Yam(Suran)/Amorphophallus,Other,FAQ,27/08/2026,4600,5500,5000
Tamil Nadu,Madurai,Chokkikulam(Uzhavar Sandhai ),Yam(Ratalu),Yam (Ratalu),Local,27/08/2026,8000,9000,8500
Tamil Nadu,Chengalpattu,Pallavaram(Uzhavar Sandhai ),Yam(Ratalu),Yam (Ratalu),Local,27/08/2026,6000,7000,6500
Tamil Nadu,Theni,Andipatti(Uzhavar Sandhai ),Yam(Ratalu),Yam (Ratalu),Local,27/08/2026,7600,8000,7800
Tamil Nadu,Karur,Kulithalai(Uzhavar Sandhai ),Yam(Ratalu),Yam (Ratalu),Local,27/08/2026,7000,8000,7500
Tamil Nadu,Virudhunagar,Srivilliputhur(Uzhavar Sandhai ),Yam(Ratalu),Yam (Ratalu),Local,27/08/2026,8000,9000,8500
Tamil Nadu,Thiruvannamalai,Cheyyar(Uzhavar Sandhai ),Yam(Ratalu),Yam (Ratalu),Local,27/08/2026,4000,4800,4400
Tamil Nadu,Madurai,Anna nagar(Uzhavar Sandhai ),Yam(Ratalu),Yam (Ratalu),Local,27/08/2026,8000,9000,8500
Tamil Nadu,Madurai,Thirumangalam(Uzhavar Sandhai ),Yam(Ratalu),Yam (Ratalu),Local,27/08/2026,8000,9000,8500
Tamil Nadu,Sivaganga,Karaikudi(Uzhavar Sandhai ),Yam(Ratalu),Yam (Ratalu),Local,27/08/2026,8400,9500,8950
Tamil Nadu,Salem,Ammapet(Uzhavar Sandhai ),Yam(Ratalu),Yam (Ratalu),Local,27/08/2026,7000,7000,7000
Tamil Nadu,Salem,Sooramangalam(Uzhavar Sandhai ),Yam(Ratalu),Yam (Ratalu),Local,27/08/2026,8000,8500,8250
Haryana,Sonipat,Ganaur APMC,Yam(Ratalu),Yam (Ratalu),Medium,27/08/2026,2000,2500,2200
Punjab,Kapurthala,Bhulath APMC,French Beans(Frasbean),French Beans (Frasbean),Local,27/08/2026,1900,2000,2000
Maharashtra,Ratnagiri,Ratnagiri (Nachane) APMC,French Beans(Frasbean),Other,Local,27/08/2026,4000,7000,5500
Telangana,Ranga Reddy,"Vanasthalipuram,RBZ ",French Beans(Frasbean),Other,Grade A,27/08/2026,5500,5500,5500
Tamil Nadu,Thiruchirappalli,Thiruverumbur(Uzhavar Sandhai ),Indian Beans(Seam),Indian Beans (Seam),Local,27/08/2026,7000,7000,7000
Tamil Nadu,Thirupathur,Vaniyampadi(Uzhavar Sandhai ),Indian Beans(Seam),Indian Beans (Seam),Local,27/08/2026,6000,6000,6000
Tamil Nadu,Coimbatore,RSPuram(Uzhavar Sandhai ),Indian Beans(Seam),Indian Beans (Seam),Local,27/08/2026,6000,6500,6250
Tamil Nadu,Madurai,Anna nagar(Uzhavar Sandhai ),Indian Beans(Seam),Indian Beans (Seam),Local,27/08/2026,4500,5000,4750
Tamil Nadu,Chengalpattu,Pallavaram(Uzhavar Sandhai ),Indian Beans(Seam),Indian Beans (Seam),Local,27/08/2026,6000,7000,6500
Tamil Nadu,Krishnagiri,Hosur(Uzhavar Sandhai ),Indian Beans(Seam),Indian Beans (Seam),Local,27/08/2026,3500,4000,3750
Tamil Nadu,Theni,Devaram(Uzhavar Sandhai ),Indian Beans(Seam),Indian Beans (Seam),Local,27/08/2026,4000,4000,4000
Telangana,Ranga Reddy,"Vanasthalipuram,RBZ ",Little gourd(Kundru),Little gourd (Kundru),Grade A,27/08/2026,2100,2100,2100
Odisha,Kalahandi,Bhawanipatna APMC,Pointed gourd(Parval),Pointed gourd (Parval),Local,27/08/2026,2900,2900,2900
Himachal Pradesh,Kangra,SMY Palampur,Pea Pod/Pea Cod/हरी मटर,Other,FAQ,27/08/2026,8000,12000,10000
Tamil Nadu,Coimbatore,Sulur(Uzhavar Sandhai ),Lemon,Lemon,Local,27/08/2026,13000,14500,13750
Tamil Nadu,Karur,Velayuthampalayam(Uzhavar Sandhai ),Lemon,Lemon,Local,27/08/2026,17000,19000,18000
Tamil Nadu,Thiruchirappalli,KKNagar(Uzhavar Sandhai ),Lemon,Lemon,Local,27/08/2026,18000,18000,18000
Tamil Nadu,Thiruvannamalai,Keelpennathur(Uzhavar Sandhai ),Lemon,Lemon,Local,27/08/2026,9000,10000,9500
Tamil Nadu,Thirupur,Palladam(Uzhavar Sandhai ),Lemon,Lemon,Local,27/08/2026,11000,12000,11500
Tamil Nadu,The Nilgiris,Gudalur(Uzhavar Sandhai ),Lemon,Lemon,Local,27/08/2026,14000,15000,14500
Tamil Nadu,Namakkal,Rasipuram(Uzhavar Sandhai ),Lemon,Lemon,Local,27/08/2026,7500,8500,8000
Tamil Nadu,Coimbatore,Mettupalayam(Uzhavar Sandhai ),Lemon,Lemon,Local,27/08/2026,18000,20000,19000
Tamil Nadu,Dindigul,Chinnalapatti(Uzhavar Sandhai ),Lemon,Lemon,Local,27/08/2026,8000,10000,9000
Tamil Nadu,Coimbatore,Pollachi(Uzhavar Sandhai ),Lemon,Lemon,Local,27/08/2026,12000,14000,13000
Tamil Nadu,Karur,Karur(Uzhavar Sandhai ),Lemon,Lemon,Local,27/08/2026,18500,19000,18750
Tamil Nadu,Thiruchirappalli,Thiruverumbur(Uzhavar Sandhai ),Lemon,Lemon,Local,27/08/2026,17000,17000,17000
Tamil Nadu,Thirupur,Tiruppur (North) (Uzhavar Sandhai ),Lemon,Lemon,Local,27/08/2026,10000,12000,11000
Tamil Nadu,Theni,Kambam(Uzhavar Sandhai ),Lemon,Lemon,Local,27/08/2026,11000,12000,11500
Tamil Nadu,The Nilgiris,Udhagamandalam(Uzhavar Sandhai ),Lemon,Lemon,Local,27/08/2026,10000,15000,12500
Tamil Nadu,Dindigul,Dindigul(Uzhavar Sandhai ),Lemon,Lemon,Local,27/08/2026,8000,10000,9000
Tamil Nadu,Chengalpattu,Nanganallur(Uzhavar Sandhai ),Lemon,Lemon,Local,27/08/2026,8500,9000,8750
Tamil Nadu,Krishnagiri,Kaveripattinam(Uzhavar Sandhai ),Lemon,Lemon,Local,27/08/2026,8000,8000,8000
Tamil Nadu,Coimbatore,Udumalpet APMC,Lemon,Lemon,Local,27/08/2026,16000,17000,16500
Tamil Nadu,Namakkal,Paramathivelur(Uzhavar Sandhai ),Lemon,Lemon,Local,27/08/2026,8200,9000,8600
Tamil Nadu,Kallakuruchi,Kallakurichi(Uzhavar Sandhai ),Lemon,Lemon,Local,27/08/2026,7000,7000,7000
Tamil Nadu,Thiruvannamalai,Tamarainagar(Uzhavar Sandhai ),Lemon,Lemon,Local,27/08/2026,15000,18000,16500
Tamil Nadu,Vellore,Thirupathur APMC,Lemon,Lemon,Local,27/08/2026,5000,5000,5000
Uttar Pradesh,Bulandshahar,Gulavati APMC,Lemon,Other,FAQ,27/08/2026,9000,9200,9100
Tamil Nadu,Madurai,Melur(Uzhavar Sandhai ),Colacasia,Colacasia,Local,27/08/2026,5000,6000,5500
Tamil Nadu,Madurai,Anaiyur(Uzhavar Sandhai ),Colacasia,Colacasia,Local,27/08/2026,5000,6000,5500
Tamil Nadu,Thiruvannamalai,Arani(Uzhavar Sandhai ),Colacasia,Colacasia,Local,27/08/2026,3500,4200,3850
Tamil Nadu,Krishnagiri,Avallapalli(Uzhavar Sandhai ),Colacasia,Colacasia,Local,27/08/2026,4500,5000,4750
Tamil Nadu,Madurai,Chokkikulam(Uzhavar Sandhai ),Colacasia,Colacasia,Local,27/08/2026,5000,6000,5500
Tamil Nadu,Vellore,Kahithapattarai(Uzhavar Sandhai ),Colacasia,Colacasia,Local,27/08/2026,4500,4500,4500
Keralam,Thiruvananthapuram,Parassala Market,Colacasia,Colacasia,Local,27/08/2026,7000,7400,7200
Telangana,Ranga Reddy,"Vanasthalipuram,RBZ ",Colacasia,Colacasia,Grade A,27/08/2026,2300,2300,2300
Tamil Nadu,Coimbatore,RSPuram(Uzhavar Sandhai ),Pear(Marasebu),Pears,Local,27/08/2026,14000,15000,14500
West Bengal,Darjeeling,Karsiyang(Matigara) APMC,Squash(Chappal Kadoo),Other,FAQ,27/08/2026,2400,2600,2500
Tamil Nadu,Madurai,Palanganatham(Uzhavar Sandhai ),Mashrooms,Mashrooms,Local,27/08/2026,22500,25000,23750
Tamil Nadu,Karur,Kulithalai(Uzhavar Sandhai ),Mashrooms,Mashrooms,Local,27/08/2026,16000,20000,18000
Tamil Nadu,Coimbatore,Pollachi(Uzhavar Sandhai ),Mashrooms,Mashrooms,Local,27/08/2026,18000,20000,19000
Uttar Pradesh,Amroha,Hasanpur APMC,Spinach,Other,FAQ,27/08/2026,1450,1520,1500
Haryana,Mahendragarh-Narnaul,Narnaul APMC,Spinach,Spinach,Medium,27/08/2026,2500,3000,3000
Haryana,Sonipat,Ganaur APMC,Spinach,Spinach,Local,27/08/2026,3000,4000,3500
Haryana,Sonipat,Ganaur APMC,Tinda,Tinda,Medium,27/08/2026,4000,5000,4500
Tamil Nadu,Salem,Elampillai(Uzhavar Sandhai ),Custard Apple(Sharifa),Custard Apple(Sharifa),Local,27/08/2026,3500,4000,3750
Tamil Nadu,Namakkal,Rasipuram(Uzhavar Sandhai ),Custard Apple(Sharifa),Custard Apple(Sharifa),Local,27/08/2026,3500,4000,3750
Tamil Nadu,Coimbatore,RSPuram(Uzhavar Sandhai ),Custard Apple(Sharifa),Custard Apple(Sharifa),Local,27/08/2026,5000,6000,5500
Tamil Nadu,Thiruvannamalai,Tiruvannamalai(Uzhavar Sandhai ),Custard Apple(Sharifa),Custard Apple(Sharifa),Local,27/08/2026,7000,8000,7500
Tamil Nadu,Namakkal,Kumarapalayam(Uzhavar Sandhai ),Amla(Nelli Kai),Amla,Local,27/08/2026,9000,9500,9250
Tamil Nadu,Thirunelveli,Melapalayam(Uzhavar Sandhai ),Amla(Nelli Kai),Amla,Local,27/08/2026,4500,5000,4750
Tamil Nadu,Madurai,Thirumangalam(Uzhavar Sandhai ),Amla(Nelli Kai),Amla,Local,27/08/2026,7000,8000,7500
Tamil Nadu,Namakkal,Rasipuram(Uzhavar Sandhai ),Amla(Nelli Kai),Amla,Local,27/08/2026,8000,9000,8500
Tamil Nadu,Coimbatore,Mettupalayam(Uzhavar Sandhai ),Amla(Nelli Kai),Amla,Local,27/08/2026,8000,9000,8500
Tamil Nadu,Thiruvannamalai,Chengam(Uzhavar Sandhai ),Amla(Nelli Kai),Amla,Local,27/08/2026,8000,10000,9000
Tamil Nadu,Madurai,Chokkikulam(Uzhavar Sandhai ),Amla(Nelli Kai),Amla,Local,27/08/2026,7000,8000,7500
Tamil Nadu,The Nilgiris,Udhagamandalam(Uzhavar Sandhai ),Amla(Nelli Kai),Amla,Local,27/08/2026,8000,9000,8500
Tamil Nadu,Kallakuruchi,Sankarapuram(Uzhavar Sandhai ),Amla(Nelli Kai),Amla,Local,27/08/2026,8000,8000,8000
Tamil Nadu,Thirunelveli,Palayamkottai(Uzhavar Sandhai ),Amla(Nelli Kai),Amla,Local,27/08/2026,4500,5000,4750
Tamil Nadu,Thiruchirappalli,Lalgudi(Uzhavar Sandhai ),Amla(Nelli Kai),Amla,Local,27/08/2026,9600,9600,9600
Tamil Nadu,Ranipet,Arcot(Uzhavar Sandhai ),Amla(Nelli Kai),Amla,Local,27/08/2026,12000,12000,12000
Tamil Nadu,Salem,Jalagandapuram(Uzhavar Sandhai ),Amla(Nelli Kai),Amla,Local,27/08/2026,6500,7000,6750
Tamil Nadu,Thirupur,Kangayam(Uzhavar Sandhai ),Amla(Nelli Kai),Amla,Local,27/08/2026,7000,8000,7500
Tamil Nadu,Kancheepuram,Sunguvarchatram(Uzhavar Sandhai ),Onion Green,Onion Green,Local,27/08/2026,6000,6000,6000
Tamil Nadu,Coimbatore,Singanallur(Uzhavar Sandhai ),Onion Green,Onion Green,Local,27/08/2026,7000,7500,7250
Tamil Nadu,Sivaganga,Tirupatthur(Uzhavar Sandhai ),Onion Green,Onion Green,Local,27/08/2026,7500,8000,7750
Tamil Nadu,Theni,Chinnamanur(Uzhavar Sandhai ),Onion Green,Onion Green,Local,27/08/2026,6800,6800,6800
Tamil Nadu,Virudhunagar,Sivakasi(Uzhavar Sandhai ),Onion Green,Onion Green,Local,27/08/2026,7000,8000,7500
Tamil Nadu,Virudhunagar,Virudhunagar(Uzhavar Sandhai ),Onion Green,Onion Green,Local,27/08/2026,7000,7500,7250
Tamil Nadu,Erode,Periyar Nagar(Uzhavar Sandhai ),Onion Green,Onion Green,Local,27/08/2026,5500,6000,5750
Tamil Nadu,Vellore,Pallikonda(Uzhavar Sandhai),Onion Green,Onion Green,Local,27/08/2026,7500,8000,7750
Tamil Nadu,Thanjavur,Thanjavur(Uzhavar Sandhai ),Onion Green,Onion Green,Local,27/08/2026,7600,7600,7600
Tamil Nadu,Coimbatore,Pollachi(Uzhavar Sandhai ),Onion Green,Onion Green,Local,27/08/2026,7000,7500,7250
Tamil Nadu,Salem,Jalagandapuram(Uzhavar Sandhai ),Onion Green,Onion Green,Local,27/08/2026,5500,6000,5750
Tamil Nadu,Krishnagiri,Hosur(Uzhavar Sandhai ),Onion Green,Onion Green,Local,27/08/2026,7500,8000,7750
Tamil Nadu,Dharmapuri,Karimangalam(Uzhavar Sandhai),Onion Green,Onion Green,Local,27/08/2026,5500,6000,5750
Tamil Nadu,Dharmapuri,Palacode(Uzhavar Sandhai ),Onion Green,Onion Green,Local,27/08/2026,6000,6500,6250
Tamil Nadu,Namakkal,Mohanur(Uzhavar Sandhai ),Onion Green,Onion Green,Local,27/08/2026,3600,8000,5800
Tamil Nadu,Nagercoil (Kannyiakumari),Vadaseri APMC,Onion Green,Onion Green,Local,27/08/2026,8000,8500,8250
Tamil Nadu,Theni,Kambam(Uzhavar Sandhai ),Onion Green,Onion Green,Local,27/08/2026,6000,6700,6350
Tamil Nadu,Karur,Pallapatti (Uzhavar Sandhai ),Onion Green,Onion Green,Local,27/08/2026,7500,8000,7750
Tamil Nadu,Kallakuruchi,Sankarapuram(Uzhavar Sandhai ),Onion Green,Onion Green,Local,27/08/2026,8000,8000,8000
Tamil Nadu,Virudhunagar,Thalavaipuram(Uzhavar Sandhai ),Onion Green,Onion Green,Local,27/08/2026,5500,6500,6000
Tamil Nadu,Karur,Karur(Uzhavar Sandhai ),Onion Green,Onion Green,Local,27/08/2026,7500,8000,7750
Tamil Nadu,Kallakuruchi,Kallakurichi(Uzhavar Sandhai ),Onion Green,Onion Green,Local,27/08/2026,7000,7000,7000
Tamil Nadu,Virudhunagar,Srivilliputhur(Uzhavar Sandhai ),Onion Green,Onion Green,Local,27/08/2026,6000,7000,6500
Tamil Nadu,Chengalpattu,Nanganallur(Uzhavar Sandhai ),Onion Green,Onion Green,Local,27/08/2026,7500,8000,7750
Tamil Nadu,Sivaganga,Devakottai (Uzhavar Sandhai ),Onion Green,Onion Green,Local,27/08/2026,7400,7800,7600
Tamil Nadu,Theni,Andipatti(Uzhavar Sandhai ),Onion Green,Onion Green,Local,27/08/2026,6500,7000,6750
Tamil Nadu,Krishnagiri,Kaveripattinam(Uzhavar Sandhai ),Onion Green,Onion Green,Local,27/08/2026,7000,8000,7500
Tamil Nadu,Thirunelveli,NGO Colony(Uzhavar Sandhai ),Mint(Pudina),Mint(Pudina),Local,27/08/2026,5500,6000,5750
Tamil Nadu,Madurai,Anaiyur(Uzhavar Sandhai ),Mint(Pudina),Mint(Pudina),Local,27/08/2026,4500,5000,4750
Tamil Nadu,Thiruchirappalli,Manachanallur(Uzhavar Sandhai ),Mint(Pudina),Mint(Pudina),Local,27/08/2026,5500,5500,5500
Tamil Nadu,Pudukkottai,Pudukottai(Uzhavar Sandhai ),Mint(Pudina),Mint(Pudina),Local,27/08/2026,5000,6000,5500
Tamil Nadu,Villupuram,Tindivanam APMC,Mint(Pudina),Mint(Pudina),Local,27/08/2026,3000,3000,3000
Tamil Nadu,Coimbatore,Sulur(Uzhavar Sandhai ),Mint(Pudina),Mint(Pudina),Local,27/08/2026,4500,5000,4750
Tamil Nadu,Virudhunagar,Thalavaipuram(Uzhavar Sandhai ),Mint(Pudina),Mint(Pudina),Local,27/08/2026,4500,5500,5000
Tamil Nadu,Sivaganga,Singampunari(Uzhavar Sandhai ),Mint(Pudina),Mint(Pudina),Local,27/08/2026,4600,5200,4900
Tamil Nadu,Pudukkottai,Viralimalai(Uzhavar Sandhai ),Mint(Pudina),Mint(Pudina),Local,27/08/2026,4500,5000,4750
Tamil Nadu,Dharmapuri,Dharmapuri(Uzhavar Sandhai ),Mint(Pudina),Mint(Pudina),Local,27/08/2026,4600,5000,4800
Tamil Nadu,Ariyalur,Ariyalur(Uzhavar Sandhai),Mint(Pudina),Mint(Pudina),Local,27/08/2026,5000,5500,5250
Tamil Nadu,Coimbatore,Mettupalayam(Uzhavar Sandhai ),Mint(Pudina),Mint(Pudina),Local,27/08/2026,5000,6000,5500
Tamil Nadu,Thiruvannamalai,Vandavasi(Uzhavar Sandhai ),Mint(Pudina),Mint(Pudina),Local,27/08/2026,3500,4000,3750
Tamil Nadu,Thiruchirappalli,Thiruverumbur(Uzhavar Sandhai ),Mint(Pudina),Mint(Pudina),Local,27/08/2026,5800,5800,5800
Tamil Nadu,Thirupathur,Vaniyampadi(Uzhavar Sandhai ),Mint(Pudina),Mint(Pudina),Local,27/08/2026,4000,4000,4000
Tamil Nadu,Sivaganga,Sivagangai (Uzhavar Sandhai ),Mint(Pudina),Mint(Pudina),Local,27/08/2026,4600,5200,4900
Tamil Nadu,Dharmapuri,Palacode(Uzhavar Sandhai ),Mint(Pudina),Mint(Pudina),Local,27/08/2026,5000,5500,5250
Tamil Nadu,Thirunelveli,Palayamkottai(Uzhavar Sandhai ),Mint(Pudina),Mint(Pudina),Local,27/08/2026,5500,6000,5750
Tamil Nadu,Coimbatore,RSPuram(Uzhavar Sandhai ),Mint(Pudina),Mint(Pudina),Local,27/08/2026,4500,5000,4750
Tamil Nadu,Thiruvannamalai,Tiruvannamalai(Uzhavar Sandhai ),Mint(Pudina),Mint(Pudina),Local,27/08/2026,4000,5000,4500
Tamil Nadu,Vellore,Pallikonda(Uzhavar Sandhai),Mint(Pudina),Mint(Pudina),Local,27/08/2026,3000,3500,3250
Tamil Nadu,Vellore,Kahithapattarai(Uzhavar Sandhai ),Mint(Pudina),Mint(Pudina),Local,27/08/2026,7000,7000,7000
Tamil Nadu,Theni,Andipatti(Uzhavar Sandhai ),Mint(Pudina),Mint(Pudina),Local,27/08/2026,4800,5000,4900
Maharashtra,Pune,Pune(Moshi) APMC,Mint(Pudina),Other,Local,27/08/2026,5,5,5
Tamil Nadu,Thiruvannamalai,Tiruvannamalai(Uzhavar Sandhai ),Rose(Local),Rose (Local),Local,27/08/2026,20000,25000,22500
Tamil Nadu,Vellore,Kahithapattarai(Uzhavar Sandhai ),Rose(Local),Rose (Local),Local,27/08/2026,9000,13000,11000
Tamil Nadu,Krishnagiri,Hosur(Uzhavar Sandhai ),Rose(Local),Rose (Local),Local,27/08/2026,7000,8000,7500
West Bengal,Medinipur(E),Kolaghat APMC,Marigold(loose),Marigold(Loose),FAQ,27/08/2026,5500,6500,6000
West Bengal,Medinipur(E),Kolaghat APMC,Tube Rose(Loose),Tube Rose (Loose),FAQ,27/08/2026,6000,7000,6500
Telangana,Ranga Reddy,"Vanasthalipuram,RBZ ",Other green and fresh vegetables,Other,Grade A,27/08/2026,2000,2000,2000
Telangana,Ranga Reddy,"Vanasthalipuram,RBZ ",Field Bean(Anumulu),Field Bean(Anumulu),Grade A,27/08/2026,2800,2800,2800
Tamil Nadu,Karur,Gandhigramam(Uzhavar Sandhai),Baby Corn,Baby Corn,Grade A,27/08/2026,3500,4000,3750
Tamil Nadu,Coimbatore,Mettupalayam(Uzhavar Sandhai ),Baby Corn,Baby Corn,Grade A,27/08/2026,2500,3000,2750
Tamil Nadu,Salem,Ammapet(Uzhavar Sandhai ),Sweet Corn ,Sweet Corn ,Local,27/08/2026,3500,3500,3500
Tamil Nadu,Villupuram,Tindivanam APMC,Sweet Corn ,Sweet Corn ,Local,27/08/2026,3800,3800,3800
Tamil Nadu,Coimbatore,Udumalpet APMC,Sweet Corn ,Sweet Corn ,Local,27/08/2026,3500,4000,3750
Tamil Nadu,Kancheepuram,Kancheepuram(Uzhavar Sandhai ),Sweet Corn ,Sweet Corn ,Local,27/08/2026,3000,3500,3250
Tamil Nadu,Kallakuruchi,Sankarapuram(Uzhavar Sandhai ),Sweet Corn ,Sweet Corn ,Local,27/08/2026,5000,5000,5000
Tamil Nadu,Vellore,Kahithapattarai(Uzhavar Sandhai ),Sweet Corn ,Sweet Corn ,Local,27/08/2026,3500,3500,3500
Tamil Nadu,Salem,Hasthampatti(Uzhavar Sandhai ),Sweet Corn ,Sweet Corn ,Local,27/08/2026,3600,4000,3800
Tamil Nadu,Vellore,Perampet(Uzhavar Sandhai),Sweet Corn ,Sweet Corn ,Local,27/08/2026,3000,3000,3000
Tamil Nadu,Dharmapuri,Pennagaram(Uzhavar Sandhai ),Sweet Corn ,Sweet Corn ,Local,27/08/2026,1800,2000,1900
Tamil Nadu,Coimbatore,Sundarapuram(Uzhavar Sandhai ),Sweet Corn ,Sweet Corn ,Local,27/08/2026,3500,4000,3750
Tamil Nadu,Ranipet,Arcot(Uzhavar Sandhai ),Sweet Corn ,Sweet Corn ,Local,27/08/2026,4000,4000,4000
Tamil Nadu,Thiruchirappalli,KKNagar(Uzhavar Sandhai ),Sweet Corn ,Sweet Corn ,Local,27/08/2026,3000,3000,3000
Tamil Nadu,Thiruvannamalai,Tiruvannamalai(Uzhavar Sandhai ),Sweet Corn ,Sweet Corn ,Local,27/08/2026,3500,4000,3750
Andhra Pradesh,Kakinada,Prattipadu APMC,Paddy(Common),1001,FAQ,27/08/2026,2369,2380,2379
Andhra Pradesh,Krishna,Gannavaram APMC,Paddy(Common),1001,Local,27/08/2026,2400,2400,2400
Andhra Pradesh,West Godavari,Achanta APMC,Paddy(Common),1121,Local,27/08/2026,2359,2375,2369
Andhra Pradesh,Palnadu,Krosuru APMC,Paddy(Common),B P T,FAQ,27/08/2026,2200,2600,2400
Andhra Pradesh,Kakinada,Kakinada (Urban) APMC,Paddy(Common),Common,FAQ,27/08/2026,2369,2390,2375
Andhra Pradesh,SPSR Nellore,Rapur APMC,Paddy(Common),Common,Local,27/08/2026,2390,2490,2440
Andhra Pradesh,Srikakulam,Hiramandalam APMC,Paddy(Common),Masuri,Local,27/08/2026,2400,2400,2400
Telangana,Karimnagar,Huzzurabad APMC,Paddy(Common),MTU-1010,FAQ,27/08/2026,2369,2389,2369
Andhra Pradesh,Srikakulam,Kothabommali APMC,Paddy(Common),Paddy,Local,27/08/2026,2800,2800,2800
Andhra Pradesh,Kakinada,Samalkot APMC,Paddy(Common),Paddy,FAQ,27/08/2026,2365,2380,2369
Andhra Pradesh,Srikakulam,Narasannapet APMC,Paddy(Common),Paddy,FAQ,27/08/2026,2369,2369,2369
Andhra Pradesh,West Godavari,Palakole APMC,Paddy(Common),Paddy,Local,27/08/2026,2375,2375,2375
Andhra Pradesh,Srikakulam,Ichapuram APMC,Paddy(Common),Sannalu,Local,27/08/2026,2369,2369,2369
Pondicherry,Karaikal,Karaikal APMC,Paddy(Common),White Ponni,FAQ,27/08/2026,1941,1941,1941
Andhra Pradesh,Palnadu,Narasaraopet APMC,Rice,B P T,FAQ,27/08/2026,6000,6000,6000
Andhra Pradesh,NTR,Tiruvuru APMC,Rice,Sona,Local,27/08/2026,4900,4900,4900
Andhra Pradesh,NTR,Mylavaram APMC,Maize,Hybrid,Local,27/08/2026,2350,2350,2350
Andhra Pradesh,NTR,Tiruvuru APMC,Maize,Hybrid,Local,27/08/2026,2400,2400,2400
Andhra Pradesh,Sri Sathya Sai,Penukonda APMC,Maize,Hybrid/Local,FAQ,27/08/2026,2450,2550,2500
Telangana,Bhadradri Kothagudem,Yellandu APMC,Maize,Local,Local,27/08/2026,2200,2400,2300
Rajasthan,Kota,Kota APMC,Maize,Local,Local,27/08/2026,2200,2200,2200
Andhra Pradesh,Markapuram,Cumbum APMC,Bengal Gram(Gram)(Whole),Desi (Whole),FAQ,27/08/2026,5700,5900,5800
Andhra Pradesh,Palnadu,Narasaraopet APMC,Black Gram(Urd Beans)(Whole),Local,FAQ,27/08/2026,8500,8500,8500
Andhra Pradesh,Krishna,Movva (HQ-Kuchipudi) APMC,Black Gram(Urd Beans)(Whole),Local,Local,27/08/2026,9600,9600,9600
Rajasthan,Churu,Sadulpur APMC,Green Gram(Moong)(Whole),Other,Local,27/08/2026,6200,6200,6200
Tamil Nadu,Ranipet,Arcot(Uzhavar Sandhai ),Groundnut,Big (With Shell),Local,27/08/2026,6000,6000,6000
Tamil Nadu,Thiruchirappalli,KKNagar(Uzhavar Sandhai ),Groundnut,Big (With Shell),Local,27/08/2026,8000,8000,8000
Tamil Nadu,Dharmapuri,Palacode(Uzhavar Sandhai ),Groundnut,Big (With Shell),Local,27/08/2026,6500,7000,6750
Tamil Nadu,Chengalpattu,Pallavaram(Uzhavar Sandhai ),Groundnut,Big (With Shell),Local,27/08/2026,7000,8000,7500
Tamil Nadu,Villupuram,Tindivanam APMC,Groundnut,Big (With Shell),Local,27/08/2026,7000,7000,7000
Tamil Nadu,Salem,Attayampatti(Uzhavar Sandhai ),Groundnut,Big (With Shell),Local,27/08/2026,7000,7000,7000
Tamil Nadu,Coimbatore,Mettupalayam(Uzhavar Sandhai ),Groundnut,Big (With Shell),Local,27/08/2026,7000,8000,7500
Tamil Nadu,Namakkal,Rasipuram(Uzhavar Sandhai ),Groundnut,Big (With Shell),Local,27/08/2026,6500,7000,6750
Tamil Nadu,Vellore,Perampet(Uzhavar Sandhai),Groundnut,Big (With Shell),Local,27/08/2026,7000,7600,7300
Andhra Pradesh,Sri Sathya Sai,Penukonda APMC,Groundnut,Local,FAQ,27/08/2026,7400,7600,7500
Andhra Pradesh,Markapuram,Yerragondapalem APMC,Cotton,170-C2  (Ginned),FAQ,27/08/2026,7600,7600,7600
Andhra Pradesh,Palnadu,Macharla APMC,Cotton,Bunny,Grade Range-1,27/08/2026,9200,9200,9200
Andhra Pradesh,NTR,Mylavaram APMC,Cotton,Bunny,Local,27/08/2026,6900,6900,6900
Andhra Pradesh,Markapuram,Markapur APMC,Cotton,Desi,FAQ,27/08/2026,8000,8000,8000
Tamil Nadu,Thiruvannamalai,Tiruvannamalai(Uzhavar Sandhai ),Apple,American,Local,27/08/2026,22000,24000,23000
Tamil Nadu,Krishnagiri,Hosur(Uzhavar Sandhai ),Apple,American,Local,27/08/2026,24000,28000,26000
Tamil Nadu,Thanjavur,Thanjavur(Uzhavar Sandhai ),Apple,American,Local,27/08/2026,26000,26000,26000
Tamil Nadu,Perambalur,Perambalur(Uzhavar Sandhai ),Apple,American,Local,27/08/2026,23000,25000,24000
Tamil Nadu,Salem,Hasthampatti(Uzhavar Sandhai ),Apple,American,Local,27/08/2026,21000,22000,21500
Jammu and Kashmir,Rajouri,Rajouri (Phaliana) (F&V),Apple,Apple,Grade B,27/08/2026,5500,5500,5500
Haryana,Gurgaon,Pataudi APMC,Apple,Apple,Grade B,27/08/2026,5000,6000,5500
Himachal Pradesh,Kangra,SMY Palampur,Apple,Kullu Delicious,Medium,27/08/2026,3000,15000,9000
Tamil Nadu,Thiruvannamalai,Tiruvannamalai(Uzhavar Sandhai ),Orange,Darjeeling,Local,27/08/2026,16000,18000,17000
Tamil Nadu,Salem,Hasthampatti(Uzhavar Sandhai ),Orange,Darjeeling,Local,27/08/2026,9000,10000,9500
Tamil Nadu,Nagapattinam,Sirkali(Uzhavar Sandhai ),Banana,Besrai,Local,27/08/2026,4000,5000,4500
Tamil Nadu,Virudhunagar,Rajapalayam(Uzhavar Sandhai ),Banana,Besrai,Local,27/08/2026,3500,4000,3750
Tamil Nadu,Thiruchirappalli,Thuraiyur APMC,Banana,Besrai,Local,27/08/2026,5000,6000,5500
Tamil Nadu,Pudukkottai,Ponnamaravathi(Uzhavar Sandhai),Banana,Besrai,Local,27/08/2026,6500,7000,6750
Tamil Nadu,Nagapattinam,Mayiladuthurai(Uzhavar Sandhai ),Banana,Besrai,Local,27/08/2026,3500,4000,3750
Tamil Nadu,Cuddalore,Cuddalore(Uzhavar Sandhai ),Banana,Besrai,Local,27/08/2026,4000,4000,4000
Tamil Nadu,Dharmapuri,Dharmapuri(Uzhavar Sandhai ),Banana,Besrai,Local,27/08/2026,5000,5500,5250
Tamil Nadu,Villupuram,Ulundurpettai APMC,Banana,Besrai,Local,27/08/2026,3000,4000,3500
Tamil Nadu,Coimbatore,Sulur(Uzhavar Sandhai ),Banana,Karpura,Local,27/08/2026,5000,8600,6800
Tamil Nadu,Thiruvannamalai,Vandavasi(Uzhavar Sandhai ),Banana,Karpura,Local,27/08/2026,4000,5000,4500
Tamil Nadu,Coimbatore,Udumalpet APMC,Banana,Karpura,Local,27/08/2026,5500,6000,5750
Tamil Nadu,Sivaganga,Singampunari(Uzhavar Sandhai ),Banana,Karpura,Local,27/08/2026,3500,4000,3750
Keralam,Malappuram,Kalikavu VFPCK Market,Banana,Nendra Bale,Local,27/08/2026,5500,5700,5600
Uttarakhand,Haridwar,Bhagwanpur(Naveen Mandi Sthal) APMC,Banana,Other,Grade A,27/08/2026,700,1000,800
Haryana,Rewari,Rewari APMC,Banana,Other,Medium,27/08/2026,2000,3500,2500
Tamil Nadu,Namakkal,Kumarapalayam(Uzhavar Sandhai ),Banana,Red Banana,Local,27/08/2026,5500,6000,5750
Tamil Nadu,Karur,Karur(Uzhavar Sandhai ),Banana,Red Banana,Local,27/08/2026,5000,6000,5500
Tamil Nadu,Kancheepuram,Kundrathur(Uzhavar Sandhai ),Banana,Red Banana,Local,27/08/2026,7000,8000,7500
Tamil Nadu,Salem,Elampillai(Uzhavar Sandhai ),Banana,Red Banana,Local,27/08/2026,7500,8000,7750
Tamil Nadu,Salem,Mettur(Uzhavar Sandhai ),Banana,Red Banana,Local,27/08/2026,7000,7500,7250
Tamil Nadu,Coimbatore,Kurichi(Uzhavar Sandhai ),Banana,Red Banana,Local,27/08/2026,7000,8000,7500
Tamil Nadu,Namakkal,Namakkal(Uzhavar Sandhai ),Banana,Red Banana,Local,27/08/2026,7000,8000,7500
Tamil Nadu,Kallakuruchi,Kallakurichi(Uzhavar Sandhai ),Banana,Red Banana,Local,27/08/2026,7000,7000,7000
Uttar Pradesh,Mau(Maunathbhanjan),Kopaganj APMC,Mango,Dusheri,Grade B,27/08/2026,3300,3400,3395
Tamil Nadu,Coimbatore,Sundarapuram(Uzhavar Sandhai ),Mango,Neelam,Local,27/08/2026,8000,9000,8500
Tamil Nadu,Salem,Vazhapadi(Uzhavar Sandhai),Mango,Neelam,Local,27/08/2026,5000,5000,5000
Tamil Nadu,Thiruchirappalli,KKNagar(Uzhavar Sandhai ),Mango,Other,Local,27/08/2026,8000,8000,8000
Chandigarh,Chandigarh,Chandigarh (Grain/F&V) APMC,Mango,Other,Medium,27/08/2026,4000,12000,10000
Tamil Nadu,Madurai,Anna nagar(Uzhavar Sandhai ),Mango,Safeda,Local,27/08/2026,7000,7500,7250
Tamil Nadu,Theni,Theni(Uzhavar Sandhai ),Pineapple,Pine Apple,Local,27/08/2026,8000,8000,8000
Tamil Nadu,Perambalur,Perambalur(Uzhavar Sandhai ),Grapes,Annabesahai,Local,27/08/2026,10000,12000,11000
Tamil Nadu,Thirunelveli,Palayamkottai(Uzhavar Sandhai ),Grapes,Annabesahai,Local,27/08/2026,11000,12000,11500
Tamil Nadu,Madurai,Anaiyur(Uzhavar Sandhai ),Grapes,Annabesahai,Local,27/08/2026,11000,12000,11500
Tamil Nadu,Thiruchirappalli,Manapparai(Uzhavar Sandhai ),Grapes,Annabesahai,Local,27/08/2026,9000,9000,9000
Tamil Nadu,The Nilgiris,Gudalur(Uzhavar Sandhai ),Onion,Bellary,Local,27/08/2026,5000,6000,5500
Tamil Nadu,Theni,Theni(Uzhavar Sandhai ),Onion,Bellary,Local,27/08/2026,5000,5500,5250
Tamil Nadu,Madurai,Usilampatti(Uzhavar Sandhai ),Onion,Bellary,Local,27/08/2026,6000,6600,6300
Tamil Nadu,Erode,Perundurai(Uzhavar Sandhai ),Onion,Bellary,Local,27/08/2026,5000,5400,5200
Tamil Nadu,Vellore,Kahithapattarai(Uzhavar Sandhai ),Onion,Bellary,Local,27/08/2026,5000,5000,5000
Tamil Nadu,Thanjavur,Thanjavur(Uzhavar Sandhai ),Onion,Bellary,Local,27/08/2026,4800,6000,5400
Tamil Nadu,Perambalur,Perambalur(Uzhavar Sandhai ),Onion,Bellary,Local,27/08/2026,6000,6600,6300
Tamil Nadu,Tuticorin,Kovilpatti(Uzhavar Sandhai ),Onion,Bellary,Local,27/08/2026,5500,6000,5750
Tamil Nadu,Coimbatore,Mettupalayam(Uzhavar Sandhai ),Onion,Bellary,Local,27/08/2026,5400,5800,5600
Tamil Nadu,Namakkal,Namakkal(Uzhavar Sandhai ),Onion,Bellary,Local,27/08/2026,5000,5600,5300
Tamil Nadu,Thirupathur,Vaniyampadi(Uzhavar Sandhai ),Onion,Bellary,Local,27/08/2026,5000,5000,5000
Tamil Nadu,Madurai,Palanganatham(Uzhavar Sandhai ),Onion,Bellary,Local,27/08/2026,4000,6600,5300
Tamil Nadu,Pudukkottai,Ponnamaravathi(Uzhavar Sandhai),Onion,Bellary,Local,27/08/2026,6500,7000,6750
Tamil Nadu,Chengalpattu,Pallavaram(Uzhavar Sandhai ),Onion,Bellary,Local,27/08/2026,5000,6000,5500
Tamil Nadu,Dharmapuri,Karimangalam(Uzhavar Sandhai),Onion,Bellary,Local,27/08/2026,5000,5500,5250
Tamil Nadu,Dharmapuri,AJattihalli(Uzhavar Sandhai ),Onion,Bellary,Local,27/08/2026,5000,5700,5350
Tamil Nadu,Kancheepuram,Padappai(Uzhavar Sandhai ),Onion,Bellary,Local,27/08/2026,4000,5500,4750
Tamil Nadu,Namakkal,Mohanur(Uzhavar Sandhai ),Onion,Bellary,Local,27/08/2026,5400,6000,5700
Tamil Nadu,Namakkal,Paramathivelur(Uzhavar Sandhai ),Onion,Bellary,Local,27/08/2026,5400,6000,5700
Tamil Nadu,Theni,Kambam(Uzhavar Sandhai ),Onion,Bellary,Local,27/08/2026,5400,5500,5450
Tamil Nadu,Sivaganga,Singampunari(Uzhavar Sandhai ),Onion,Bellary,Local,27/08/2026,4200,6000,5100
Tamil Nadu,Thiruvarur,Mannargudi I(Uzhavar Sandhai ),Onion,Bellary,Local,27/08/2026,5000,6600,5800
Tamil Nadu,The Nilgiris,Udhagamandalam(Uzhavar Sandhai ),Onion,Bellary,Local,27/08/2026,5500,6000,5750
Tamil Nadu,Nagercoil (Kannyiakumari),Myladi(Uzhavar Sandhai ),Onion,Bellary,Local,27/08/2026,5500,6000,5750
Tamil Nadu,Karur,Gandhigramam(Uzhavar Sandhai),Onion,Bellary,Local,27/08/2026,5500,6000,5750
Tamil Nadu,Madurai,Melur(Uzhavar Sandhai ),Onion,Bellary,Local,27/08/2026,3000,4000,3500
Tamil Nadu,Sivaganga,Tirupatthur(Uzhavar Sandhai ),Onion,Bellary,Local,27/08/2026,5500,6000,5750
Keralam,Kottayam,Athirampuzha Market,Onion,Big,FAQ,27/08/2026,4600,4800,4700
Keralam,Kottayam,Pampady Market,Onion,Big,FAQ,27/08/2026,3600,4500,4000
Maharashtra,Pune,Pune(Pimpri) APMC,Onion,Local,Local,27/08/2026,1600,3800,2700
West Bengal,Darjeeling,Karsiyang(Matigara) APMC,Onion,Nasik,FAQ,27/08/2026,5600,5800,5700
Odisha,Angul,Angul APMC,Onion,Other,Grade B,27/08/2026,3500,3500,3500
Uttarakhand,Dehradoon,Rishikesh APMC,Onion,Other,Medium,27/08/2026,2200,3800,3000
Tamil Nadu,Thiruvannamalai,Polur(Uzhavar Sandhai ),Potato,Red Nanital,Local,27/08/2026,2500,3000,2750
Tamil Nadu,Krishnagiri,Krishnagiri(Uzhavar Sandhai ),Potato,Red Nanital,Local,27/08/2026,2200,2600,2400
Tamil Nadu,Cuddalore,Chidambaram(Uzhavar Sandhai ),Potato,Red Nanital,Local,27/08/2026,4000,4000,4000
Tamil Nadu,Madurai,Anaiyur(Uzhavar Sandhai ),Potato,Red Nanital,Local,27/08/2026,5500,6000,5750
Tamil Nadu,Theni,Bodinayakanur(Uzhavar Sandhai ),Potato,Red Nanital,Local,27/08/2026,2500,2500,2500
Tamil Nadu,Coimbatore,Udumalpet APMC,Potato,Red Nanital,Local,27/08/2026,3500,4000,3750
Tamil Nadu,Namakkal,Tiruchengode APMC,Potato,Red Nanital,Local,27/08/2026,2500,3000,2750
Tamil Nadu,Sivaganga,Tirupatthur(Uzhavar Sandhai ),Potato,Red Nanital,Local,27/08/2026,4500,5000,4750
Tamil Nadu,Dharmapuri,Harur(Uzhavar Sandhai ),Potato,Red Nanital,Local,27/08/2026,2500,3000,2750
Tamil Nadu,The Nilgiris,Gudalur(Uzhavar Sandhai ),Potato,Red Nanital,Local,27/08/2026,4000,5500,4750
Tamil Nadu,Nagercoil (Kannyiakumari),Vadaseri APMC,Potato,Red Nanital,Local,27/08/2026,3500,4000,3750
Tamil Nadu,Dindigul,Chinnalapatti(Uzhavar Sandhai ),Potato,Red Nanital,Local,27/08/2026,4000,6000,5000
Tamil Nadu,Thirupathur,Natrampalli(Uzhavar Sandhai ),Potato,Red Nanital,Local,27/08/2026,3000,3500,3250
Tamil Nadu,Virudhunagar,Srivilliputhur(Uzhavar Sandhai ),Potato,Red Nanital,Local,27/08/2026,2500,3000,2750
West Bengal,Medinipur(E),Tamluk (Medinipur E) APMC,Potato,Jyoti,FAQ,27/08/2026,760,800,780
Tamil Nadu,Namakkal,Rasipuram(Uzhavar Sandhai ),Potato,Other,Local,27/08/2026,3000,3500,3250
Tamil Nadu,Thiruchirappalli,KKNagar(Uzhavar Sandhai ),Potato,Other,Local,27/08/2026,3000,3000,3000
Tamil Nadu,Theni,Theni(Uzhavar Sandhai ),Potato,Other,Local,27/08/2026,2600,2600,2600
Tamil Nadu,Thiruvannamalai,Vandavasi(Uzhavar Sandhai ),Potato,Other,Local,27/08/2026,3500,4000,3750
Tamil Nadu,Pudukkottai,Alangudi(Uzhavar Sandhai ),Potato,Other,Local,27/08/2026,6000,7000,6500
Tamil Nadu,Theni,Chinnamanur(Uzhavar Sandhai ),Potato,Other,Local,27/08/2026,2500,2500,2500
Tamil Nadu,Salem,Elampillai(Uzhavar Sandhai ),Potato,Other,Local,27/08/2026,2800,3000,2900
Tamil Nadu,Thirupur,Tiruppur (South) (Uzhavar Sandhai ),Potato,Other,Local,27/08/2026,4000,5000,4500
Tamil Nadu,Salem,Jalagandapuram(Uzhavar Sandhai ),Potato,Other,Local,27/08/2026,2600,2800,2700
Tamil Nadu,Thirupur,Tiruppur (North) (Uzhavar Sandhai ),Potato,Other,Local,27/08/2026,5000,6000,5500
Tamil Nadu,The Nilgiris,Udhagamandalam(Uzhavar Sandhai ),Potato,Other,Local,27/08/2026,5000,5500,5250
Tamil Nadu,Tuticorin,Kovilpatti(Uzhavar Sandhai ),Potato,Other,Local,27/08/2026,3000,3500,3250
Tamil Nadu,Thirunelveli,Melapalayam(Uzhavar Sandhai ),Potato,Other,Local,27/08/2026,2400,2600,2500
Tamil Nadu,Thirunelveli,Palayamkottai(Uzhavar Sandhai ),Potato,Other,Local,27/08/2026,2400,2600,2500
Haryana,Rewari,Rewari APMC,Potato,Other,Medium,27/08/2026,800,1600,1200
Punjab,Amritsar,Rayya APMC,Potato,Potato,FAQ,27/08/2026,752,752,752
Haryana,Rohtak,Meham,Potato,Potato,Medium,27/08/2026,800,1000,900
Himachal Pradesh,Kangra,SMY Palampur,Potato,Potato,FAQ,27/08/2026,1000,2300,1600
Haryana,Sonipat,Ganaur APMC,Garlic,Average,Local,27/08/2026,12000,15000,14000
Himachal Pradesh,Kangra,SMY Palampur,Garlic,Average,FAQ,27/08/2026,18000,20000,19000
Tamil Nadu,Thirupathur,Natrampalli(Uzhavar Sandhai ),Garlic,Garlic,Local,27/08/2026,22000,25000,23500
Tamil Nadu,Thiruchirappalli,Thiruverumbur(Uzhavar Sandhai ),Garlic,Garlic,Local,27/08/2026,19000,19000,19000
Tamil Nadu,Salem,Vazhapadi(Uzhavar Sandhai),Garlic,Garlic,Local,27/08/2026,25000,25000,25000
Tamil Nadu,Coimbatore,Singanallur(Uzhavar Sandhai ),Garlic,Garlic,Local,27/08/2026,22000,23000,22500
Tamil Nadu,Thirupathur,Vaniyampadi(Uzhavar Sandhai ),Garlic,Garlic,Local,27/08/2026,28000,28000,28000
Tamil Nadu,Chengalpattu,Madhuranthagam(Uzhavar Sandhai ),Garlic,Garlic,Local,27/08/2026,16000,16000,16000
Tamil Nadu,Krishnagiri,Krishnagiri(Uzhavar Sandhai ),Garlic,Garlic,Local,27/08/2026,20000,24000,22000
Tamil Nadu,Thanjavur,Kumbakonam (Uzhavar Sandhai ),Garlic,Garlic,Local,27/08/2026,20000,20000,20000
Tamil Nadu,Kallakuruchi,Kallakurichi(Uzhavar Sandhai ),Garlic,Garlic,Local,27/08/2026,26000,26000,26000
Tamil Nadu,Salem,Thammampatti (Uzhavar Sandhai ),Garlic,Garlic,Local,27/08/2026,25000,28000,26500
Tamil Nadu,Salem,Mettur(Uzhavar Sandhai ),Garlic,Garlic,Local,27/08/2026,27000,28000,27500
Haryana,Hissar,Hansi APMC,Ginger(Dry),Other,FAQ,27/08/2026,8000,10000,9000
Madhya Pradesh,Morena,Kailaras APMC,Ginger(Dry),Other,FAQ,27/08/2026,8500,8500,8500
Uttar Pradesh,Bulandshahar,Gulavati APMC,Cauliflower,Cauliflower,FAQ,27/08/2026,2000,2200,2100
Telangana,Ranga Reddy,"Vanasthalipuram,RBZ ",Cauliflower,Cauliflower,Grade A,27/08/2026,1800,1800,1800
Himachal Pradesh,Kangra,SMY Jaisinghpur,Cauliflower,Cauliflower,FAQ,27/08/2026,5200,5800,5500
Gujarat,Gandhinagar,Mansa(Manas Veg Yard) APMC,Cauliflower,Cauliflower,Local,27/08/2026,3000,3000,3000
Gujarat,Rajkot,Gondal(Veg.market Gondal) APMC,Cauliflower,Cauliflower,Local,27/08/2026,400,3500,1950
Uttar Pradesh,Amroha,Hasanpur APMC,Cauliflower,Local,FAQ,27/08/2026,2500,3010,3000
Uttarakhand,Haridwar,Roorkee APMC,Cauliflower,Other,Local,27/08/2026,1000,1400,1200
Odisha,Bolangir,Kantabaji APMC,Cauliflower,Other,Grade B,27/08/2026,4500,5500,5000
Tamil Nadu,Karur,Gandhigramam(Uzhavar Sandhai),Cauliflower,Ranchi,Local,27/08/2026,3500,4000,3750
Tamil Nadu,Thiruchirappalli,Manachanallur(Uzhavar Sandhai ),Cauliflower,Ranchi,Local,27/08/2026,4000,4000,4000
Tamil Nadu,Sivaganga,Karaikudi(Uzhavar Sandhai ),Cauliflower,Ranchi,Local,27/08/2026,3500,4000,3750
Tamil Nadu,Krishnagiri,Hosur(Uzhavar Sandhai ),Cauliflower,Ranchi,Local,27/08/2026,3000,3500,3250
Tamil Nadu,Dharmapuri,Dharmapuri(Uzhavar Sandhai ),Cauliflower,Ranchi,Local,27/08/2026,3300,3500,3400
Tamil Nadu,Kancheepuram,Sunguvarchatram(Uzhavar Sandhai ),Cauliflower,Ranchi,Local,27/08/2026,3000,3500,3250
Tamil Nadu,Virudhunagar,Rajapalayam(Uzhavar Sandhai ),Cauliflower,Ranchi,Local,27/08/2026,2500,3000,2750
Tamil Nadu,Sivaganga,Tirupatthur(Uzhavar Sandhai ),Cauliflower,Ranchi,Local,27/08/2026,3500,4000,3750
Tamil Nadu,Thanjavur,Thanjavur(Uzhavar Sandhai ),Cauliflower,Ranchi,Local,27/08/2026,5000,5000,5000
Tamil Nadu,Coimbatore,Sulur(Uzhavar Sandhai ),Cauliflower,Ranchi,Local,27/08/2026,4400,4800,4600
Tamil Nadu,Coimbatore,Mettupalayam(Uzhavar Sandhai ),Cauliflower,Ranchi,Local,27/08/2026,4000,4500,4250
Tamil Nadu,Kallakuruchi,Kallakurichi(Uzhavar Sandhai ),Cauliflower,Ranchi,Local,27/08/2026,3000,3000,3000
Tamil Nadu,Salem,Mettur(Uzhavar Sandhai ),Cauliflower,Ranchi,Local,27/08/2026,2500,3000,2750
Tamil Nadu,The Nilgiris,Udhagamandalam(Uzhavar Sandhai ),Cauliflower,Ranchi,Local,27/08/2026,4000,4500,4250
Tamil Nadu,Madurai,Anaiyur(Uzhavar Sandhai ),Cauliflower,Ranchi,Local,27/08/2026,3000,3500,3250
Tamil Nadu,Vellore,Thirupathur APMC,Cauliflower,Ranchi,Local,27/08/2026,3000,3000,3000
Tamil Nadu,Erode,Perundurai(Uzhavar Sandhai ),Cauliflower,Ranchi,Local,27/08/2026,3000,3400,3200
Tamil Nadu,Thiruchirappalli,KKNagar(Uzhavar Sandhai ),Cauliflower,Ranchi,Local,27/08/2026,5000,5000,5000
Tamil Nadu,Thiruvannamalai,Tiruvannamalai(Uzhavar Sandhai ),Cauliflower,Ranchi,Local,27/08/2026,3600,4000,3800
Tamil Nadu,Chengalpattu,Nanganallur(Uzhavar Sandhai ),Cauliflower,Ranchi,Local,27/08/2026,4500,5000,4750
Tamil Nadu,Thirupur,Kangayam(Uzhavar Sandhai ),Cauliflower,Ranchi,Local,27/08/2026,3000,3400,3200
Tamil Nadu,Thirupur,Dharapuram(Uzhavar Sandhai ),Cauliflower,Ranchi,Local,27/08/2026,3000,3500,3250
Odisha,Mayurbhanja,Betnoti APMC,Brinjal,Brinjal,FAQ,27/08/2026,4600,5000,4800
Punjab,Hoshiarpur,Mukerian APMC,Brinjal,Brinjal,Grade B,27/08/2026,1500,2500,2000
Himachal Pradesh,Kangra,SMY Jaisinghpur,Brinjal,Brinjal,FAQ,27/08/2026,2800,3800,3200
Gujarat,Amreli,Damnagar APMC,Brinjal,Other,Local,27/08/2026,3500,3500,3500
Tamil Nadu,Karur,Gandhigramam(Uzhavar Sandhai),Brinjal,Other,Local,27/08/2026,3500,4000,3750
Tamil Nadu,Dindigul,Chinnalapatti(Uzhavar Sandhai ),Brinjal,Other,Local,27/08/2026,6000,7000,6500
Tamil Nadu,Karur,Kulithalai(Uzhavar Sandhai ),Brinjal,Other,Local,27/08/2026,3000,3600,3300
Tamil Nadu,Sivaganga,Devakottai (Uzhavar Sandhai ),Brinjal,Other,Local,27/08/2026,4200,4400,4300
Tamil Nadu,Salem,Elampillai(Uzhavar Sandhai ),Brinjal,Other,Local,27/08/2026,3000,3500,3250
Tamil Nadu,Kancheepuram,Sunguvarchatram(Uzhavar Sandhai ),Brinjal,Other,Local,27/08/2026,3500,4000,3750
Tamil Nadu,Salem,Vazhapadi(Uzhavar Sandhai),Brinjal,Other,Local,27/08/2026,3200,3200,3200
Tamil Nadu,Salem,Mettur(Uzhavar Sandhai ),Brinjal,Other,Local,27/08/2026,3500,4000,3750
Punjab,Mohali,Lalru APMC,Brinjal,Other,Local,27/08/2026,2800,2800,2800
Maharashtra,Ratnagiri,Ratnagiri (Nachane) APMC,Brinjal,Other,Local,27/08/2026,1500,3000,2000
Odisha,Angul,Angul APMC,Brinjal,Other,Grade B,27/08/2026,3000,3000,3000
Punjab,Amritsar,Rayya APMC,Brinjal,Round,FAQ,27/08/2026,1829,1829,1829
Tamil Nadu,Salem,Thammampatti (Uzhavar Sandhai ),Brinjal,Round,Local,27/08/2026,3000,4000,3500
Tamil Nadu,Thiruvarur,Mannargudi I(Uzhavar Sandhai ),Brinjal,Round,Local,27/08/2026,4000,4000,4000
Tamil Nadu,Ariyalur,Ariyalur(Uzhavar Sandhai),Brinjal,Round,Local,27/08/2026,3500,4500,4000
Tamil Nadu,Villupuram,Gingee(Uzhavar Sandhai ),Brinjal,Round,Local,27/08/2026,3500,4000,3750
Tamil Nadu,Thiruvellore,Perambakkam(Uzhavar Sandhai ),Brinjal,Round,Local,27/08/2026,5000,5000,5000
Tamil Nadu,Virudhunagar,Kariyapatti(Uzhavar Sandhai ),Brinjal,Round,Local,27/08/2026,3500,4000,3750
Tamil Nadu,Madurai,Usilampatti(Uzhavar Sandhai ),Brinjal,Round,Local,27/08/2026,3600,4000,3800
Tamil Nadu,Sivaganga,Karaikudi(Uzhavar Sandhai ),Brinjal,Round,Local,27/08/2026,4000,4500,4250
Tamil Nadu,Krishnagiri,Krishnagiri(Uzhavar Sandhai ),Brinjal,Round,Local,27/08/2026,2000,2400,2200
Tamil Nadu,Salem,Attayampatti(Uzhavar Sandhai ),Brinjal,Round,Local,27/08/2026,4000,4400,4200
Tamil Nadu,Thiruvarur,Muthupettai(Uzhavar Sandhai ),Brinjal,Round,Local,27/08/2026,3800,3800,3800
Tamil Nadu,Pudukkottai,Viralimalai(Uzhavar Sandhai ),Brinjal,Round,Local,27/08/2026,5500,6000,5750
Tamil Nadu,Chengalpattu,Pallavaram(Uzhavar Sandhai ),Brinjal,Round,Local,27/08/2026,3500,4000,3750
Tamil Nadu,Theni,Devaram(Uzhavar Sandhai ),Brinjal,Round,Local,27/08/2026,3500,3500,3500
Tamil Nadu,Virudhunagar,Kariyapatti(Uzhavar Sandhai ),Coriander(Leaves),I Sort,Local,27/08/2026,3500,4000,3750
Tamil Nadu,Salem,Edapadi (Uzhavar Sandhai ),Coriander(Leaves),I Sort,Local,27/08/2026,3000,4000,3500
Tamil Nadu,Villupuram,Gingee(Uzhavar Sandhai ),Coriander(Leaves),I Sort,Local,27/08/2026,4000,4000,4000
Tamil Nadu,Nagapattinam,Sirkali(Uzhavar Sandhai ),Coriander(Leaves),I Sort,Local,27/08/2026,3500,4000,3750
Tamil Nadu,Salem,Mettur(Uzhavar Sandhai ),Coriander(Leaves),I Sort,Local,27/08/2026,3500,4000,3750
Tamil Nadu,Cuddalore,Vadalur(Uzhavar Sandhai ),Coriander(Leaves),I Sort,Local,27/08/2026,4000,4000,4000
Tamil Nadu,Nagercoil (Kannyiakumari),Vadaseri APMC,Coriander(Leaves),I Sort,Local,27/08/2026,4800,5300,5050
Tamil Nadu,Thirunelveli,NGO Colony(Uzhavar Sandhai ),Coriander(Leaves),I Sort,Local,27/08/2026,3500,4000,3750
Tamil Nadu,Thiruvannamalai,Tamarainagar(Uzhavar Sandhai ),Coriander(Leaves),I Sort,Local,27/08/2026,4000,5000,4500
Tamil Nadu,Krishnagiri,Denkanikottai(Uzhavar Sandhai ),Coriander(Leaves),I Sort,Local,27/08/2026,3000,4000,3500
Tamil Nadu,Vellore,Perampet(Uzhavar Sandhai),Coriander(Leaves),I Sort,Local,27/08/2026,5000,5000,5000
Tamil Nadu,Salem,Elampillai(Uzhavar Sandhai ),Coriander(Leaves),I Sort,Local,27/08/2026,3000,4000,3500
Tamil Nadu,Theni,Devaram(Uzhavar Sandhai ),Coriander(Leaves),I Sort,Local,27/08/2026,3000,3000,3000
Tamil Nadu,Kancheepuram,Padappai(Uzhavar Sandhai ),Coriander(Leaves),I Sort,Local,27/08/2026,4000,5000,4500
Tamil Nadu,Coimbatore,Sulur(Uzhavar Sandhai ),Coriander(Leaves),I Sort,Local,27/08/2026,3500,4000,3750
Tamil Nadu,Karur,Pallapatti (Uzhavar Sandhai ),Coriander(Leaves),I Sort,Local,27/08/2026,4500,5000,4750
Tamil Nadu,Virudhunagar,Srivilliputhur(Uzhavar Sandhai ),Coriander(Leaves),I Sort,Local,27/08/2026,3500,4000,3750
Tamil Nadu,Thirupur,Palladam(Uzhavar Sandhai ),Coriander(Leaves),I Sort,Local,27/08/2026,3500,4000,3750
Tamil Nadu,Salem,Thathakapatti(Uzhavar Sandhai ),Coriander(Leaves),I Sort,Local,27/08/2026,3000,3500,3250
Tamil Nadu,Karur,Gandhigramam(Uzhavar Sandhai),Coriander(Leaves),I Sort,Local,27/08/2026,5000,5500,5250
Tamil Nadu,Namakkal,Rasipuram(Uzhavar Sandhai ),Coriander(Leaves),I Sort,Local,27/08/2026,7500,8000,7750
Tamil Nadu,Thirunelveli,Melapalayam(Uzhavar Sandhai ),Coriander(Leaves),I Sort,Local,27/08/2026,3500,4000,3750
Tamil Nadu,Thiruchirappalli,Thiruverumbur(Uzhavar Sandhai ),Coriander(Leaves),I Sort,Local,27/08/2026,2800,2800,2800
Tamil Nadu,Madurai,Chokkikulam(Uzhavar Sandhai ),Coriander(Leaves),I Sort,Local,27/08/2026,4000,4500,4250
Tamil Nadu,Erode,Gobichettipalayam(Uzhavar Sandhai ),Coriander(Leaves),I Sort,Local,27/08/2026,6000,6500,6250
Tamil Nadu,Theni,Kambam(Uzhavar Sandhai ),Coriander(Leaves),I Sort,Local,27/08/2026,3000,3000,3000
Tamil Nadu,Thiruvarur,Tiruvarur(Uzhavar Sandhai ),Coriander(Leaves),I Sort,Local,27/08/2026,4000,4000,4000
Tamil Nadu,Coimbatore,Kurichi(Uzhavar Sandhai ),Coriander(Leaves),I Sort,Local,27/08/2026,3500,4000,3750
Tamil Nadu,Thirunelveli,Palayamkottai(Uzhavar Sandhai ),Coriander(Leaves),I Sort,Local,27/08/2026,3500,4000,3750
Tamil Nadu,Dindigul,Dindigul(Uzhavar Sandhai ),Coriander(Leaves),I Sort,Local,27/08/2026,3000,3500,3250
Maharashtra,Pune,Pune(Moshi) APMC,Methi(Leaves),Other,Local,27/08/2026,10,10,10
Tamil Nadu,Madurai,Anna nagar(Uzhavar Sandhai ),Green Peas,Green Peas,Local,27/08/2026,15000,17000,16000
Tamil Nadu,Krishnagiri,Hosur(Uzhavar Sandhai ),Green Peas,Green Peas,Local,27/08/2026,12000,14000,13000
Tamil Nadu,The Nilgiris,Udhagamandalam(Uzhavar Sandhai ),Green Peas,Green Peas,Local,27/08/2026,10000,13000,11500
Tamil Nadu,Madurai,Palanganatham(Uzhavar Sandhai ),Green Peas,Green Peas,Local,27/08/2026,13000,14000,13500
Tamil Nadu,Theni,Theni(Uzhavar Sandhai ),Green Peas,Green Peas,Local,27/08/2026,14000,14000,14000
Haryana,Hissar,Hansi APMC,Chikoos(Sapota),Other,Grade B,27/08/2026,6000,8000,7000
Tamil Nadu,Salem,Ammapet(Uzhavar Sandhai ),Chikoos(Sapota),Sapota,Local,27/08/2026,4000,4000,4000
Tamil Nadu,Namakkal,Tiruchengode APMC,Chikoos(Sapota),Sapota,Local,27/08/2026,4000,4500,4250
Tamil Nadu,Salem,Attayampatti(Uzhavar Sandhai ),Chikoos(Sapota),Sapota,Local,27/08/2026,4500,4500,4500
Tamil Nadu,Thiruchirappalli,Manapparai(Uzhavar Sandhai ),Chikoos(Sapota),Sapota,Local,27/08/2026,4000,4000,4000
Tamil Nadu,Namakkal,Kumarapalayam(Uzhavar Sandhai ),Chikoos(Sapota),Sapota,Local,27/08/2026,3500,4000,3750
Tamil Nadu,Sivaganga,Devakottai (Uzhavar Sandhai ),Chikoos(Sapota),Sapota,Local,27/08/2026,4400,6200,5300
Tamil Nadu,Thirupur,Dharapuram(Uzhavar Sandhai ),Chikoos(Sapota),Sapota,Local,27/08/2026,3500,4000,3750
Tamil Nadu,Cuddalore,Cuddalore(Uzhavar Sandhai ),Papaya,Papaya,Local,27/08/2026,4000,4000,4000
Tamil Nadu,Namakkal,Kumarapalayam(Uzhavar Sandhai ),Papaya,Papaya,Local,27/08/2026,2500,3000,2750
Tamil Nadu,Sivaganga,Devakottai (Uzhavar Sandhai ),Papaya,Papaya,Local,27/08/2026,4000,4800,4400
Tamil Nadu,Villupuram,Gingee(Uzhavar Sandhai ),Papaya,Papaya,Local,27/08/2026,5000,5000,5000
Tamil Nadu,Theni,Bodinayakanur(Uzhavar Sandhai ),Papaya,Papaya,Local,27/08/2026,3000,3000,3000
Tamil Nadu,Madurai,Melur(Uzhavar Sandhai ),Papaya,Papaya,Local,27/08/2026,4000,4500,4250
Tamil Nadu,Thiruvannamalai,Vandavasi(Uzhavar Sandhai ),Papaya,Papaya,Local,27/08/2026,3000,4000,3500
Tamil Nadu,Madurai,Chokkikulam(Uzhavar Sandhai ),Papaya,Papaya,Local,27/08/2026,4000,4500,4250
Tamil Nadu,Salem,Vazhapadi(Uzhavar Sandhai),Papaya,Papaya,Local,27/08/2026,4000,4000,4000
Tamil Nadu,Pudukkottai,Pudukottai(Uzhavar Sandhai ),Papaya,Papaya,Local,27/08/2026,2500,3000,2750
Tamil Nadu,Coimbatore,Udumalpet APMC,Papaya,Papaya,Local,27/08/2026,3000,3500,3250
Tamil Nadu,Salem,Mettur(Uzhavar Sandhai ),Papaya,Papaya,Local,27/08/2026,2500,3000,2750
Tamil Nadu,Thanjavur,Kumbakonam (Uzhavar Sandhai ),Papaya,Papaya,Local,27/08/2026,4000,4000,4000
Tamil Nadu,Nagercoil (Kannyiakumari),Myladi(Uzhavar Sandhai ),Papaya,Papaya,Local,27/08/2026,2500,3000,2750
Tamil Nadu,Thirupathur,Vaniyampadi(Uzhavar Sandhai ),Papaya,Papaya,Local,27/08/2026,4000,4000,4000
Tamil Nadu,Thiruvannamalai,Tiruvannamalai(Uzhavar Sandhai ),Papaya,Papaya,Local,27/08/2026,3500,4000,3750
Tamil Nadu,Theni,Andipatti(Uzhavar Sandhai ),Papaya,Papaya,Local,27/08/2026,2500,3000,2750
Tamil Nadu,Salem,Attayampatti(Uzhavar Sandhai ),Papaya,Papaya,Local,27/08/2026,3000,3000,3000
Tamil Nadu,Karur,Kulithalai(Uzhavar Sandhai ),Papaya,Papaya,Local,27/08/2026,2500,3000,2750
Tamil Nadu,Erode,Thalavadi(Uzhavar Sandhai ),Papaya,Papaya,Local,27/08/2026,2000,2400,2200
Tamil Nadu,Salem,Edapadi (Uzhavar Sandhai ),Papaya,Papaya,Local,27/08/2026,2500,3000,2750
Tamil Nadu,Kancheepuram,Kancheepuram(Uzhavar Sandhai ),Water Melon,Water Melon,Local,27/08/2026,1500,2500,2000
Tamil Nadu,Namakkal,Rasipuram(Uzhavar Sandhai ),Water Melon,Water Melon,Local,27/08/2026,1800,2000,1900
Tamil Nadu,Karur,Kulithalai(Uzhavar Sandhai ),Water Melon,Water Melon,Local,27/08/2026,2500,3000,2750
Tamil Nadu,Namakkal,Namakkal(Uzhavar Sandhai ),Water Melon,Water Melon,Local,27/08/2026,1000,1200,1100
Tamil Nadu,Pudukkottai,Pudukottai(Uzhavar Sandhai ),Water Melon,Water Melon,Local,27/08/2026,1000,1500,1250
Gujarat,Amreli,Damnagar APMC,Guar,Gwar,Local,27/08/2026,8000,8000,8000
Gujarat,Rajkot,Gondal(Veg.market Gondal) APMC,Guar,Gwar,Local,27/08/2026,1000,6000,3500
Tamil Nadu,Salem,Sooramangalam(Uzhavar Sandhai ),Mousambi(Sweet Lime),Mousambi,Local,27/08/2026,3500,4000,3750
Chandigarh,Chandigarh,Chandigarh (Grain/F&V) APMC,Mousambi(Sweet Lime),Mousambi,Medium,27/08/2026,2000,4000,3500
Tamil Nadu,Cuddalore,Cuddalore(Uzhavar Sandhai ),Tomato,Deshi,Local,27/08/2026,2200,2200,2200
Tamil Nadu,Thiruvellore,Perambakkam(Uzhavar Sandhai ),Tomato,Deshi,Local,27/08/2026,2500,2500,2500
Tamil Nadu,Krishnagiri,Avallapalli(Uzhavar Sandhai ),Tomato,Deshi,Local,27/08/2026,1000,1500,1250
Tamil Nadu,Salem,Thammampatti (Uzhavar Sandhai ),Tomato,Deshi,Local,27/08/2026,1500,2000,1750
Tamil Nadu,Theni,Bodinayakanur(Uzhavar Sandhai ),Tomato,Deshi,Local,27/08/2026,2000,2000,2000
Tamil Nadu,Thirupur,Palladam(Uzhavar Sandhai ),Tomato,Deshi,Local,27/08/2026,1200,1600,1400
Tamil Nadu,The Nilgiris,Udhagamandalam(Uzhavar Sandhai ),Tomato,Deshi,Local,27/08/2026,2000,2300,2150
Tamil Nadu,Coimbatore,Udumalpet APMC,Tomato,Deshi,Local,27/08/2026,1500,1800,1650
Tamil Nadu,Thirunelveli,NGO Colony(Uzhavar Sandhai ),Tomato,Deshi,Local,27/08/2026,2000,2500,2250
Tamil Nadu,Thiruchirappalli,Lalgudi(Uzhavar Sandhai ),Tomato,Deshi,Local,27/08/2026,2200,2200,2200
Tamil Nadu,Thiruvannamalai,Arani(Uzhavar Sandhai ),Tomato,Deshi,Local,27/08/2026,2000,2500,2250
Tamil Nadu,Ramanathapuram,Kamuthi(Uzhavar Sandhai ),Tomato,Deshi,Local,27/08/2026,2500,3000,2750
Tamil Nadu,Vellore,Kahithapattarai(Uzhavar Sandhai ),Tomato,Deshi,Local,27/08/2026,2000,2000,2000
Tamil Nadu,Nagapattinam,Vedaranyam(Uzhavar Sandhai),Tomato,Deshi,Local,27/08/2026,3200,3500,3350
Tamil Nadu,Salem,Mecheri(Uzhavar Sandhai),Tomato,Deshi,Local,27/08/2026,1500,2000,1750
Punjab,Mohali,Lalru APMC,Tomato,Deshi,Local,27/08/2026,2400,2400,2400
Rajasthan,Hanumangarh,Rawatsar APMC,Tomato,Deshi,FAQ,27/08/2026,800,2000,1200
Tamil Nadu,Kancheepuram,Padappai(Uzhavar Sandhai ),Tomato,Local,Local,27/08/2026,1600,2500,2050
Tamil Nadu,Salem,Sooramangalam(Uzhavar Sandhai ),Tomato,Local,Local,27/08/2026,1800,2000,1900
Tamil Nadu,Thiruvannamalai,Cheyyar(Uzhavar Sandhai ),Tomato,Local,Local,27/08/2026,2000,2500,2250
Tamil Nadu,Theni,Andipatti(Uzhavar Sandhai ),Tomato,Other,Local,27/08/2026,1800,2000,1900
Tamil Nadu,Kancheepuram,Kundrathur(Uzhavar Sandhai ),Tomato,Other,Local,27/08/2026,2200,2200,2200
Tamil Nadu,Sivaganga,Tirupatthur(Uzhavar Sandhai ),Tomato,Other,Local,27/08/2026,2200,2500,2350
Tamil Nadu,Namakkal,Rasipuram(Uzhavar Sandhai ),Tomato,Other,Local,27/08/2026,2000,2200,2100
Tamil Nadu,Erode,Thalavadi(Uzhavar Sandhai ),Tomato,Other,Local,27/08/2026,1200,1600,1400
Punjab,Mohali,Kurali APMC,Tomato,Other,Medium,27/08/2026,2800,3000,2900
Haryana,Hissar,Hansi APMC,Tomato,Other,FAQ,27/08/2026,2500,3500,3000
Telangana,Ranga Reddy,"Vanasthalipuram,RBZ ",Tomato,Other,Grade A,27/08/2026,1700,1700,1700
Uttarakhand,Dehradoon,Rishikesh APMC,Tomato,Other,Medium,27/08/2026,1500,2100,2000
Punjab,Jalandhar,Shahkot APMC,Tomato,Tomato,Local,27/08/2026,1200,1200,1200
Odisha,Dhenkanal,Hindol APMC,Tomato,Tomato,Grade B,27/08/2026,2800,3200,3000
Odisha,Kalahandi,Bhawanipatna APMC,Tomato,Tomato,Local,27/08/2026,3300,3300,3300
Punjab,Hoshiarpur,Mukerian APMC,Tomato,Tomato,Grade B,27/08/2026,1500,2500,2000
Himachal Pradesh,Kangra,SMY Jaisinghpur,Tomato,Tomato,FAQ,27/08/2026,2200,2800,2500
Haryana,Mahendragarh-Narnaul,Narnaul APMC,Tomato,Tomato,Medium,27/08/2026,2000,3000,2500
Chandigarh,Chandigarh,Chandigarh (Grain/F&V) APMC,Tomato,Tomato,FAQ,27/08/2026,400,1600,1600
Tamil Nadu,Ranipet,Arcot(Uzhavar Sandhai ),Cluster beans,Cluster Beans,Local,27/08/2026,4000,4000,4000
Tamil Nadu,Salem,Mecheri(Uzhavar Sandhai),Cluster beans,Cluster Beans,Local,27/08/2026,3000,3500,3250
Tamil Nadu,Nagapattinam,Sirkali(Uzhavar Sandhai ),Cluster beans,Cluster Beans,Local,27/08/2026,4500,5000,4750
Tamil Nadu,Coimbatore,Udumalpet APMC,Cluster beans,Cluster Beans,Local,27/08/2026,3500,4000,3750
Tamil Nadu,Thanjavur,Kumbakonam (Uzhavar Sandhai ),Cluster beans,Cluster Beans,Local,27/08/2026,5400,5400,5400
Tamil Nadu,Perambalur,Perambalur(Uzhavar Sandhai ),Cluster beans,Cluster Beans,Local,27/08/2026,4800,4800,4800
Tamil Nadu,Vellore,Thirupathur APMC,Cluster beans,Cluster Beans,Local,27/08/2026,4000,4000,4000
Tamil Nadu,Thiruchirappalli,Thiruverumbur(Uzhavar Sandhai ),Cluster beans,Cluster Beans,Local,27/08/2026,3600,3600,3600
Tamil Nadu,Thiruvannamalai,Arani(Uzhavar Sandhai ),Cluster beans,Cluster Beans,Local,27/08/2026,4000,4800,4400
Tamil Nadu,Thiruchirappalli,Thuraiyur APMC,Cluster beans,Cluster Beans,Local,27/08/2026,3000,3500,3250
Tamil Nadu,Pudukkottai,Gandarvakottai(Uzhavar Sandhai ),Cluster beans,Cluster Beans,Local,27/08/2026,3500,4000,3750
Tamil Nadu,Vellore,Pallikonda(Uzhavar Sandhai),Cluster beans,Cluster Beans,Local,27/08/2026,3500,3500,3500
Tamil Nadu,Thiruvarur,Valangaiman APMC,Cluster beans,Cluster Beans,Local,27/08/2026,4000,4000,4000
Tamil Nadu,Thirunelveli,NGO Colony(Uzhavar Sandhai ),Cluster beans,Cluster Beans,Local,27/08/2026,2400,2600,2500
Tamil Nadu,Karur,Kulithalai(Uzhavar Sandhai ),Cluster beans,Cluster Beans,Local,27/08/2026,3600,4000,3800
Tamil Nadu,Krishnagiri,Krishnagiri(Uzhavar Sandhai ),Cluster beans,Cluster Beans,Local,27/08/2026,2500,3000,2750
Tamil Nadu,Sivaganga,Sivagangai (Uzhavar Sandhai ),Cluster beans,Cluster Beans,Local,27/08/2026,3200,3800,3500
Tamil Nadu,Dharmapuri,Palacode(Uzhavar Sandhai ),Cluster beans,Cluster Beans,Local,27/08/2026,3200,3500,3350
Tamil Nadu,Ariyalur,Ariyalur(Uzhavar Sandhai),Cluster beans,Cluster Beans,Local,27/08/2026,3500,4000,3750
Tamil Nadu,Sivaganga,Karaikudi(Uzhavar Sandhai ),Cluster beans,Cluster Beans,Local,27/08/2026,3500,4000,3750
Tamil Nadu,Krishnagiri,Denkanikottai(Uzhavar Sandhai ),Cluster beans,Cluster Beans,Local,27/08/2026,3000,3500,3250
Tamil Nadu,Sivaganga,Devakottai (Uzhavar Sandhai ),Cluster beans,Cluster Beans,Local,27/08/2026,3400,3800,3600
Tamil Nadu,Vellore,Kahithapattarai(Uzhavar Sandhai ),Cluster beans,Cluster Beans,Local,27/08/2026,2000,2000,2000
Tamil Nadu,Thirupur,Dharapuram(Uzhavar Sandhai ),Cluster beans,Cluster Beans,Local,27/08/2026,3500,4000,3750
Tamil Nadu,Theni,Devaram(Uzhavar Sandhai ),Cluster beans,Cluster Beans,Local,27/08/2026,2500,2500,2500
Tamil Nadu,Salem,Hasthampatti(Uzhavar Sandhai ),Cluster beans,Cluster Beans,Local,27/08/2026,3400,3600,3500
Keralam,Thiruvananthapuram,Parassala Market,Cluster beans,Cluster Beans,Local,27/08/2026,4000,4400,4200
Tamil Nadu,Salem,Mecheri(Uzhavar Sandhai),Bitter gourd,Bitter Gourd,Local,27/08/2026,5000,5500,5250
Tamil Nadu,The Nilgiris,Udhagamandalam(Uzhavar Sandhai ),Bitter gourd,Bitter Gourd,Local,27/08/2026,5500,5800,5650
Tamil Nadu,Vellore,Pallikonda(Uzhavar Sandhai),Bitter gourd,Bitter Gourd,Local,27/08/2026,4500,4500,4500
Tamil Nadu,Coimbatore,Mettupalayam(Uzhavar Sandhai ),Bitter gourd,Bitter Gourd,Local,27/08/2026,4500,5500,5000
Tamil Nadu,Pudukkottai,Ponnamaravathi(Uzhavar Sandhai),Bitter gourd,Bitter Gourd,Local,27/08/2026,8500,9000,8750
Tamil Nadu,Pudukkottai,Viralimalai(Uzhavar Sandhai ),Bitter gourd,Bitter Gourd,Local,27/08/2026,7500,8000,7750
Tamil Nadu,Vellore,Kahithapattarai(Uzhavar Sandhai ),Bitter gourd,Bitter Gourd,Local,27/08/2026,4600,4600,4600
Tamil Nadu,Nagapattinam,Mayiladuthurai(Uzhavar Sandhai ),Bitter gourd,Bitter Gourd,Local,27/08/2026,5500,6000,5750
Tamil Nadu,Perambalur,Perambalur(Uzhavar Sandhai ),Bitter gourd,Bitter Gourd,Local,27/08/2026,5600,6000,5800
Tamil Nadu,Virudhunagar,Srivilliputhur(Uzhavar Sandhai ),Bitter gourd,Bitter Gourd,Local,27/08/2026,7000,8000,7500
Tamil Nadu,Chengalpattu,Nanganallur(Uzhavar Sandhai ),Bitter gourd,Bitter Gourd,Local,27/08/2026,5500,6000,5750
Tamil Nadu,Nagapattinam,Sirkali(Uzhavar Sandhai ),Bitter gourd,Bitter Gourd,Local,27/08/2026,5500,6000,5750
Tamil Nadu,Salem,Athur(Uzhavar Sandhai ),Bitter gourd,Bitter Gourd,Local,27/08/2026,4500,5000,4750
Tamil Nadu,Namakkal,Mohanur(Uzhavar Sandhai ),Bitter gourd,Bitter Gourd,Local,27/08/2026,6400,6800,6600
Tamil Nadu,Karur,Velayuthampalayam(Uzhavar Sandhai ),Bitter gourd,Bitter Gourd,Local,27/08/2026,5200,6000,5600
Tamil Nadu,Villupuram,Ulundurpettai APMC,Bitter gourd,Bitter Gourd,Local,27/08/2026,6000,6000,6000
Tamil Nadu,Coimbatore,Singanallur(Uzhavar Sandhai ),Bitter gourd,Bitter Gourd,Local,27/08/2026,5000,5500,5250
Tamil Nadu,Kallakuruchi,Kallakurichi(Uzhavar Sandhai ),Bitter gourd,Bitter Gourd,Local,27/08/2026,6000,6000,6000
Tamil Nadu,Thiruchirappalli,Lalgudi(Uzhavar Sandhai ),Bitter gourd,Bitter Gourd,Local,27/08/2026,6000,6000,6000
Tamil Nadu,Thiruvannamalai,Arani(Uzhavar Sandhai ),Bitter gourd,Bitter Gourd,Local,27/08/2026,4000,4800,4400
Tamil Nadu,Virudhunagar,Rajapalayam(Uzhavar Sandhai ),Bitter gourd,Bitter Gourd,Local,27/08/2026,7000,8000,7500
Bihar,East Champaran/ Motihari,Raxaul APMC,Bitter gourd,Bitter Gourd,Grade A,27/08/2026,1000,1200,1100
Punjab,Tarntaran,Tarantaran APMC,Bitter gourd,Bitter Gourd,Local,27/08/2026,2500,2500,2500
Jammu and Kashmir,Rajouri,Rajouri (Phaliana) (F&V),Bitter gourd,Bitter Gourd,Grade B,27/08/2026,3500,3500,3500
Keralam,Kottayam,Pampady Market,Bitter gourd,Bitter Gourd,FAQ,27/08/2026,7000,8500,7500
Gujarat,Rajkot,Gondal(Veg.market Gondal) APMC,Bitter gourd,Bitter Gourd,Local,27/08/2026,500,3000,1750
Uttarakhand,Haridwar,Roorkee APMC,Bitter gourd,Other,Local,27/08/2026,650,850,750
Tamil Nadu,Pudukkottai,Gandarvakottai(Uzhavar Sandhai ),Bitter gourd,Other,Local,27/08/2026,7000,8000,7500
Tamil Nadu,Erode,Periyar Nagar(Uzhavar Sandhai ),Bitter gourd,Other,Local,27/08/2026,4200,4600,4400
Tamil Nadu,Thiruchirappalli,Thuraiyur APMC,Bitter gourd,Other,Local,27/08/2026,5600,6600,6100
Tamil Nadu,Pudukkottai,Alangudi(Uzhavar Sandhai ),Bitter gourd,Other,Local,27/08/2026,7000,8000,7500
Tamil Nadu,Tuticorin,Kovilpatti(Uzhavar Sandhai ),Bitter gourd,Other,Local,27/08/2026,11000,12000,11500
Tamil Nadu,Dharmapuri,Karimangalam(Uzhavar Sandhai),Bitter gourd,Other,Local,27/08/2026,3800,4000,3900
Tamil Nadu,Thirupur,Tiruppur (South) (Uzhavar Sandhai ),Bitter gourd,Other,Local,27/08/2026,5000,6000,5500
Tamil Nadu,Namakkal,Kumarapalayam(Uzhavar Sandhai ),Bitter gourd,Other,Local,27/08/2026,5400,6000,5700
Tamil Nadu,Salem,Jalagandapuram(Uzhavar Sandhai ),Bitter gourd,Other,Local,27/08/2026,5000,5500,5250
Tamil Nadu,Karur,Gandhigramam(Uzhavar Sandhai),Bitter gourd,Other,Local,27/08/2026,5500,6000,5750
Tamil Nadu,Karur,Karur(Uzhavar Sandhai ),Bitter gourd,Other,Local,27/08/2026,5500,6000,5750
Uttarakhand,Dehradoon,Vikasnagar APMC,Bitter gourd,Other,Medium,27/08/2026,800,1300,1300
Uttar Pradesh,Bulandshahar,Gulavati APMC,Bottle gourd,Bottle Gourd,FAQ,27/08/2026,1400,1600,1500
Tamil Nadu,Kallakuruchi,Sankarapuram(Uzhavar Sandhai ),Bottle gourd,Bottle Gourd,Local,27/08/2026,1500,1500,1500
Tamil Nadu,Thiruchirappalli,Thiruverumbur(Uzhavar Sandhai ),Bottle gourd,Bottle Gourd,Local,27/08/2026,3000,3000,3000
Tamil Nadu,Thiruvannamalai,Chengam(Uzhavar Sandhai ),Bottle gourd,Bottle Gourd,Local,27/08/2026,1600,2000,1800
Tamil Nadu,Thiruvannamalai,Tiruvannamalai(Uzhavar Sandhai ),Bottle gourd,Bottle Gourd,Local,27/08/2026,2000,2500,2250
Tamil Nadu,Dharmapuri,Karimangalam(Uzhavar Sandhai),Bottle gourd,Bottle Gourd,Local,27/08/2026,2300,2500,2400
Tamil Nadu,Karur,Velayuthampalayam(Uzhavar Sandhai ),Bottle gourd,Bottle Gourd,Local,27/08/2026,2400,3000,2700
Tamil Nadu,Namakkal,Tiruchengode APMC,Bottle gourd,Bottle Gourd,Local,27/08/2026,1200,1500,1350
Tamil Nadu,Salem,Mecheri(Uzhavar Sandhai),Bottle gourd,Bottle Gourd,Local,27/08/2026,2000,2500,2250
Tamil Nadu,Sivaganga,Devakottai (Uzhavar Sandhai ),Bottle gourd,Bottle Gourd,Local,27/08/2026,3000,3400,3200
Tamil Nadu,Salem,Elampillai(Uzhavar Sandhai ),Bottle gourd,Bottle Gourd,Local,27/08/2026,2500,3000,2750
Tamil Nadu,Cuddalore,Chidambaram(Uzhavar Sandhai ),Bottle gourd,Bottle Gourd,Local,27/08/2026,3000,3000,3000
Tamil Nadu,Coimbatore,Kurichi(Uzhavar Sandhai ),Bottle gourd,Bottle Gourd,Local,27/08/2026,2500,3200,2850
Tamil Nadu,Karur,Pallapatti (Uzhavar Sandhai ),Bottle gourd,Bottle Gourd,Local,27/08/2026,2000,2500,2250
Tamil Nadu,Thirunelveli,Melapalayam(Uzhavar Sandhai ),Bottle gourd,Bottle Gourd,Local,27/08/2026,800,1000,900
Tamil Nadu,Madurai,Usilampatti(Uzhavar Sandhai ),Bottle gourd,Bottle Gourd,Local,27/08/2026,2800,3000,2900
Tamil Nadu,Virudhunagar,Virudhunagar(Uzhavar Sandhai ),Bottle gourd,Bottle Gourd,Local,27/08/2026,1500,2000,1750
Tamil Nadu,Thiruvannamalai,Polur(Uzhavar Sandhai ),Bottle gourd,Bottle Gourd,Local,27/08/2026,1600,2000,1800
Tamil Nadu,Vellore,Pallikonda(Uzhavar Sandhai),Bottle gourd,Bottle Gourd,Local,27/08/2026,2000,2500,2250
Tamil Nadu,Krishnagiri,Krishnagiri(Uzhavar Sandhai ),Bottle gourd,Bottle Gourd,Local,27/08/2026,1800,2000,1900
Tamil Nadu,Villupuram,Villupuram(Uzhavar Sandhai ),Bottle gourd,Bottle Gourd,Local,27/08/2026,2500,2500,2500
Tamil Nadu,Thanjavur,Tirukattupalli(Uzhavar Sandhai ),Bottle gourd,Bottle Gourd,Local,27/08/2026,3000,3000,3000
Tamil Nadu,Dharmapuri,Dharmapuri(Uzhavar Sandhai ),Bottle gourd,Bottle Gourd,Local,27/08/2026,1500,1600,1550
Tamil Nadu,Madurai,Chokkikulam(Uzhavar Sandhai ),Bottle gourd,Bottle Gourd,Local,27/08/2026,2400,3000,2700
Tamil Nadu,Erode,Gobichettipalayam(Uzhavar Sandhai ),Bottle gourd,Bottle Gourd,Local,27/08/2026,1500,2000,1750
Tamil Nadu,Vellore,Kahithapattarai(Uzhavar Sandhai ),Bottle gourd,Bottle Gourd,Local,27/08/2026,1500,1500,1500
Tamil Nadu,Tuticorin,Tuticorin(Uzhavar Sandhai ),Bottle gourd,Bottle Gourd,Local,27/08/2026,1500,2000,1750
Uttar Pradesh,Shamli,Kairana APMC,Bottle gourd,Bottle Gourd,FAQ,27/08/2026,900,1000,950
Haryana,Sonipat,Ganaur APMC,Bottle gourd,Bottle Gourd,Medium,27/08/2026,1500,2000,1800
Telangana,Ranga Reddy,"Vanasthalipuram,RBZ ",Bottle gourd,Bottle Gourd,Grade A,27/08/2026,700,700,700
Haryana,Mahendragarh-Narnaul,Narnaul APMC,Bottle gourd,Bottle Gourd,Medium,27/08/2026,800,1500,1000
Haryana,Hissar,Barwala(Hisar) APMC,Bottle gourd,Bottle Gourd,Local,27/08/2026,1000,1200,1100
Punjab,Jalandhar,Shahkot APMC,Bottle gourd,Other,Local,27/08/2026,900,900,900
Tamil Nadu,Salem,Athur(Uzhavar Sandhai ),Ashgourd,Gouard,Local,27/08/2026,2200,2500,2350
Tamil Nadu,Coimbatore,Vadavalli(Uzhavar Sandhai ),Ashgourd,Gouard,Local,27/08/2026,1800,2000,1900
Tamil Nadu,Thiruchirappalli,Lalgudi(Uzhavar Sandhai ),Ashgourd,Gouard,Local,27/08/2026,2000,2000,2000
Tamil Nadu,Vellore,Thirupathur APMC,Ashgourd,Gouard,Local,27/08/2026,2000,2000,2000
Tamil Nadu,Vellore,Pallikonda(Uzhavar Sandhai),Ashgourd,Gouard,Local,27/08/2026,2500,2500,2500
Tamil Nadu,Thiruvarur,Tiruvarur(Uzhavar Sandhai ),Ashgourd,Gouard,Local,27/08/2026,2500,2500,2500
Tamil Nadu,Nagercoil (Kannyiakumari),Vadaseri APMC,Ashgourd,Gouard,Local,27/08/2026,2500,3000,2750
Tamil Nadu,Virudhunagar,Kariyapatti(Uzhavar Sandhai ),Ashgourd,Gouard,Local,27/08/2026,3500,4000,3750
Tamil Nadu,Theni,Kambam(Uzhavar Sandhai ),Ashgourd,Gouard,Local,27/08/2026,1400,1400,1400
Tamil Nadu,Cuddalore,Vadalur(Uzhavar Sandhai ),Ashgourd,Gouard,Local,27/08/2026,2000,2000,2000
Tamil Nadu,Dharmapuri,Dharmapuri(Uzhavar Sandhai ),Ashgourd,Gouard,Local,27/08/2026,1500,1600,1550
Tamil Nadu,Coimbatore,Sulur(Uzhavar Sandhai ),Ashgourd,Gouard,Local,27/08/2026,1800,2000,1900
Tamil Nadu,Karur,Pallapatti (Uzhavar Sandhai ),Ashgourd,Gouard,Local,27/08/2026,2000,2500,2250
Tamil Nadu,Karur,Velayuthampalayam(Uzhavar Sandhai ),Ashgourd,Gouard,Local,27/08/2026,2400,3000,2700
Tamil Nadu,Pudukkottai,Ponnamaravathi(Uzhavar Sandhai),Ashgourd,Gouard,Local,27/08/2026,1000,1500,1250
Tamil Nadu,Theni,Chinnamanur(Uzhavar Sandhai ),Ashgourd,Gouard,Local,27/08/2026,2000,2000,2000
Tamil Nadu,Thirupur,Dharapuram(Uzhavar Sandhai ),Ashgourd,Gouard,Local,27/08/2026,2000,2500,2250
Tamil Nadu,Villupuram,Gingee(Uzhavar Sandhai ),Ashgourd,Gouard,Local,27/08/2026,2500,2500,2500
Tamil Nadu,Salem,Hasthampatti(Uzhavar Sandhai ),Ashgourd,Gouard,Local,27/08/2026,2000,2200,2100
Tamil Nadu,Kancheepuram,Padappai(Uzhavar Sandhai ),Ashgourd,Gouard,Local,27/08/2026,2000,3000,2500
Tamil Nadu,Ranipet,Ranipettai(Uzhavar Sandhai ),Ashgourd,Gouard,Local,27/08/2026,3000,3000,3000
Tamil Nadu,Sivaganga,Singampunari(Uzhavar Sandhai ),Ashgourd,Gouard,Local,27/08/2026,1800,2200,2000
Tamil Nadu,Chengalpattu,Madhuranthagam(Uzhavar Sandhai ),Ashgourd,Gouard,Local,27/08/2026,2000,2000,2000
Tamil Nadu,Nagapattinam,Sirkali(Uzhavar Sandhai ),Ashgourd,Gouard,Local,27/08/2026,2500,3000,2750
Tamil Nadu,Nagapattinam,Nagapattinam(Uzhavar Sandhai ),Ashgourd,Gouard,Local,27/08/2026,3200,3200,3200
Tamil Nadu,Coimbatore,Udumalpet APMC,Ashgourd,Gouard,Local,27/08/2026,1500,2000,1750
Maharashtra,Pune,Pune(Moshi) APMC,Pumpkin,Other,Local,27/08/2026,3000,3000,3000
Haryana,Hissar,Hansi APMC,Pumpkin,Other,FAQ,27/08/2026,1000,1500,1250
Tamil Nadu,Thanjavur,Kumbakonam (Uzhavar Sandhai ),Pumpkin,Pumpkin,Local,27/08/2026,2400,2400,2400
Tamil Nadu,Namakkal,Paramathivelur(Uzhavar Sandhai ),Pumpkin,Pumpkin,Local,27/08/2026,1700,2000,1850
Tamil Nadu,Madurai,Anaiyur(Uzhavar Sandhai ),Pumpkin,Pumpkin,Local,27/08/2026,2000,2400,2200
Tamil Nadu,Thiruchirappalli,Manachanallur(Uzhavar Sandhai ),Pumpkin,Pumpkin,Local,27/08/2026,2000,2000,2000
Tamil Nadu,Erode,Thalavadi(Uzhavar Sandhai ),Pumpkin,Pumpkin,Local,27/08/2026,1000,1200,1100
Tamil Nadu,Madurai,Anna nagar(Uzhavar Sandhai ),Pumpkin,Pumpkin,Local,27/08/2026,1800,2000,1900
Tamil Nadu,Theni,Devaram(Uzhavar Sandhai ),Pumpkin,Pumpkin,Local,27/08/2026,1800,1800,1800
Tamil Nadu,Dharmapuri,Pennagaram(Uzhavar Sandhai ),Pumpkin,Pumpkin,Local,27/08/2026,1800,2000,1900
Tamil Nadu,Perambalur,Perambalur(Uzhavar Sandhai ),Pumpkin,Pumpkin,Local,27/08/2026,2000,2500,2250
Tamil Nadu,Coimbatore,Sulur(Uzhavar Sandhai ),Pumpkin,Pumpkin,Local,27/08/2026,2000,2200,2100
Tamil Nadu,Thirunelveli,Kandiyaperi(Uzhavar Sandhai ),Pumpkin,Pumpkin,Local,27/08/2026,800,1000,900
Tamil Nadu,Virudhunagar,Thalavaipuram(Uzhavar Sandhai ),Pumpkin,Pumpkin,Local,27/08/2026,2000,2500,2250
Tamil Nadu,Sivaganga,Singampunari(Uzhavar Sandhai ),Pumpkin,Pumpkin,Local,27/08/2026,2200,2600,2400
Tamil Nadu,Nagapattinam,Vedaranyam(Uzhavar Sandhai),Pumpkin,Pumpkin,Local,27/08/2026,2200,2500,2350
Tamil Nadu,Salem,Hasthampatti(Uzhavar Sandhai ),Pumpkin,Pumpkin,Local,27/08/2026,2000,2200,2100
Tamil Nadu,Nagapattinam,Mayiladuthurai(Uzhavar Sandhai ),Pumpkin,Pumpkin,Local,27/08/2026,1500,2000,1750
Tamil Nadu,Salem,Thathakapatti(Uzhavar Sandhai ),Pumpkin,Pumpkin,Local,27/08/2026,2000,2400,2200
Tamil Nadu,Namakkal,Rasipuram(Uzhavar Sandhai ),Pumpkin,Pumpkin,Local,27/08/2026,2500,2800,2650
Tamil Nadu,Coimbatore,Pollachi(Uzhavar Sandhai ),Pumpkin,Pumpkin,Local,27/08/2026,2000,2500,2250
Tamil Nadu,Erode,Perundurai(Uzhavar Sandhai ),Pumpkin,Pumpkin,Local,27/08/2026,2200,2500,2350
Tamil Nadu,Thirupathur,Vaniyampadi(Uzhavar Sandhai ),Pumpkin,Pumpkin,Local,27/08/2026,3000,3000,3000
Tamil Nadu,Chengalpattu,Pallavaram(Uzhavar Sandhai ),Pumpkin,Pumpkin,Local,27/08/2026,2500,3000,2750
Tamil Nadu,Sivaganga,Sivagangai (Uzhavar Sandhai ),Pumpkin,Pumpkin,Local,27/08/2026,2200,2600,2400
Tamil Nadu,Thirupur,Tiruppur (South) (Uzhavar Sandhai ),Pumpkin,Pumpkin,Local,27/08/2026,1500,2000,1750
Tamil Nadu,Dharmapuri,AJattihalli(Uzhavar Sandhai ),Pumpkin,Pumpkin,Local,27/08/2026,2500,2500,2500
Tamil Nadu,Theni,Theni(Uzhavar Sandhai ),Pumpkin,Pumpkin,Local,27/08/2026,1500,1800,1650
Tamil Nadu,Virudhunagar,Kariyapatti(Uzhavar Sandhai ),Pumpkin,Pumpkin,Local,27/08/2026,2500,3000,2750
Tamil Nadu,Chengalpattu,Madhuranthagam(Uzhavar Sandhai ),Pumpkin,Pumpkin,Local,27/08/2026,3000,3000,3000
Tamil Nadu,Chengalpattu,Nanganallur(Uzhavar Sandhai ),Pumpkin,Pumpkin,Local,27/08/2026,3500,4000,3750
Tamil Nadu,Sivaganga,Devakottai (Uzhavar Sandhai ),Pumpkin,Pumpkin,Local,27/08/2026,2200,2600,2400
Tamil Nadu,Vellore,Pallikonda(Uzhavar Sandhai),Pumpkin,Pumpkin,Local,27/08/2026,3000,3000,3000
Tamil Nadu,Krishnagiri,Krishnagiri(Uzhavar Sandhai ),Pumpkin,Pumpkin,Local,27/08/2026,1800,2000,1900
Tamil Nadu,Villupuram,Gingee(Uzhavar Sandhai ),Pumpkin,Pumpkin,Local,27/08/2026,2500,2500,2500
Tamil Nadu,Dharmapuri,Harur(Uzhavar Sandhai ),Pumpkin,Pumpkin,Local,27/08/2026,1500,2000,1750
Tamil Nadu,Thanjavur,Tirukattupalli(Uzhavar Sandhai ),Pumpkin,Pumpkin,Local,27/08/2026,2000,2000,2000
Odisha,Mayurbhanja,Betnoti APMC,Pumpkin,Pumpkin,FAQ,27/08/2026,2000,2400,2200
Uttar Pradesh,Amroha,Hasanpur APMC,Pumpkin,Pumpkin,FAQ,27/08/2026,1450,1520,1500
Himachal Pradesh,Kangra,SMY Palampur,Pumpkin,Pumpkin,FAQ,27/08/2026,2000,2200,2100
Bihar,Muzaffarpur,Bhagwanpur Mandi APMC,Bhindi(Ladies Finger),Bhindi,Grade C,27/08/2026,800,850,825.81
Bihar,Supaul,Triveniganj APMC,Bhindi(Ladies Finger),Bhindi,Grade A,27/08/2026,2600,2600,2600
Tamil Nadu,Dharmapuri,Karimangalam(Uzhavar Sandhai),Bhindi(Ladies Finger),Bhindi,Local,27/08/2026,2800,3000,2900
Tamil Nadu,Dharmapuri,AJattihalli(Uzhavar Sandhai ),Bhindi(Ladies Finger),Bhindi,Local,27/08/2026,2400,2400,2400
Tamil Nadu,Cuddalore,Vadalur(Uzhavar Sandhai ),Bhindi(Ladies Finger),Bhindi,Local,27/08/2026,4000,4000,4000
Tamil Nadu,Thiruvarur,Mannargudi I(Uzhavar Sandhai ),Bhindi(Ladies Finger),Bhindi,Local,27/08/2026,3800,3800,3800
Tamil Nadu,Ariyalur,Ariyalur(Uzhavar Sandhai),Bhindi(Ladies Finger),Bhindi,Local,27/08/2026,3500,4000,3750
Tamil Nadu,Salem,Sooramangalam(Uzhavar Sandhai ),Bhindi(Ladies Finger),Bhindi,Local,27/08/2026,3000,3400,3200
Tamil Nadu,Namakkal,Paramathivelur(Uzhavar Sandhai ),Bhindi(Ladies Finger),Bhindi,Local,27/08/2026,4400,5000,4700
Tamil Nadu,Villupuram,Ulundurpettai APMC,Bhindi(Ladies Finger),Bhindi,Local,27/08/2026,4000,4000,4000
Tamil Nadu,Sivaganga,Devakottai (Uzhavar Sandhai ),Bhindi(Ladies Finger),Bhindi,Local,27/08/2026,3000,3500,3250
Tamil Nadu,Pudukkottai,Alangudi(Uzhavar Sandhai ),Bhindi(Ladies Finger),Bhindi,Local,27/08/2026,3500,4000,3750
Tamil Nadu,Thirupur,Palladam(Uzhavar Sandhai ),Bhindi(Ladies Finger),Bhindi,Local,27/08/2026,4000,5000,4500
Tamil Nadu,Coimbatore,Vadavalli(Uzhavar Sandhai ),Bhindi(Ladies Finger),Bhindi,Local,27/08/2026,4000,4400,4200
Tamil Nadu,Coimbatore,Sulur(Uzhavar Sandhai ),Bhindi(Ladies Finger),Bhindi,Local,27/08/2026,4500,4800,4650
Tamil Nadu,Karur,Gandhigramam(Uzhavar Sandhai),Bhindi(Ladies Finger),Bhindi,Local,27/08/2026,3500,4000,3750
Tamil Nadu,Coimbatore,Kurichi(Uzhavar Sandhai ),Bhindi(Ladies Finger),Bhindi,Local,27/08/2026,4500,4800,4650
Tamil Nadu,Virudhunagar,Kariyapatti(Uzhavar Sandhai ),Bhindi(Ladies Finger),Bhindi,Local,27/08/2026,3000,3500,3250
Tamil Nadu,Sivaganga,Tirupatthur(Uzhavar Sandhai ),Bhindi(Ladies Finger),Bhindi,Local,27/08/2026,3000,3500,3250
Tamil Nadu,Sivaganga,Karaikudi(Uzhavar Sandhai ),Bhindi(Ladies Finger),Bhindi,Local,27/08/2026,3000,3500,3250
Tamil Nadu,Sivaganga,Sivagangai (Uzhavar Sandhai ),Bhindi(Ladies Finger),Bhindi,Local,27/08/2026,2800,3200,3000
Tamil Nadu,Thiruvarur,Valangaiman APMC,Bhindi(Ladies Finger),Bhindi,Local,27/08/2026,4000,4000,4000
Tamil Nadu,Thiruvarur,Tiruvarur(Uzhavar Sandhai ),Bhindi(Ladies Finger),Bhindi,Local,27/08/2026,4000,4000,4000
Tamil Nadu,Thirunelveli,Palayamkottai(Uzhavar Sandhai ),Bhindi(Ladies Finger),Bhindi,Local,27/08/2026,2400,2600,2500
Tamil Nadu,Madurai,Thirumangalam(Uzhavar Sandhai ),Bhindi(Ladies Finger),Bhindi,Local,27/08/2026,2500,3000,2750
Tamil Nadu,Erode,Thalavadi(Uzhavar Sandhai ),Bhindi(Ladies Finger),Bhindi,Local,27/08/2026,3000,3400,3200
Tamil Nadu,Thirupathur,Vaniyampadi(Uzhavar Sandhai ),Bhindi(Ladies Finger),Bhindi,Local,27/08/2026,3000,3000,3000
Tamil Nadu,Erode,Gobichettipalayam(Uzhavar Sandhai ),Bhindi(Ladies Finger),Bhindi,Local,27/08/2026,3500,4000,3750
Tamil Nadu,Chengalpattu,Thirukalukundram(Uzhavar Sandhai ),Bhindi(Ladies Finger),Bhindi,Local,27/08/2026,4000,4500,4250
Tamil Nadu,Pudukkottai,Viralimalai(Uzhavar Sandhai ),Bhindi(Ladies Finger),Bhindi,Local,27/08/2026,3500,4000,3750
Tamil Nadu,Salem,Jalagandapuram(Uzhavar Sandhai ),Bhindi(Ladies Finger),Bhindi,Local,27/08/2026,3000,3400,3200
Tamil Nadu,Chengalpattu,Pallavaram(Uzhavar Sandhai ),Bhindi(Ladies Finger),Bhindi,Local,27/08/2026,3500,4000,3750
Tamil Nadu,Theni,Devaram(Uzhavar Sandhai ),Bhindi(Ladies Finger),Bhindi,Local,27/08/2026,3500,3500,3500
Tamil Nadu,Thirupur,Tiruppur (North) (Uzhavar Sandhai ),Bhindi(Ladies Finger),Bhindi,Local,27/08/2026,5000,5500,5250
Tamil Nadu,Kancheepuram,Padappai(Uzhavar Sandhai ),Bhindi(Ladies Finger),Bhindi,Local,27/08/2026,2500,3500,3000
Tamil Nadu,Perambalur,Perambalur(Uzhavar Sandhai ),Bhindi(Ladies Finger),Bhindi,Local,27/08/2026,4000,4800,4400
Tamil Nadu,Namakkal,Rasipuram(Uzhavar Sandhai ),Bhindi(Ladies Finger),Bhindi,Local,27/08/2026,4000,4400,4200
Tamil Nadu,Coimbatore,Pollachi(Uzhavar Sandhai ),Bhindi(Ladies Finger),Bhindi,Local,27/08/2026,4500,5000,4750
Tamil Nadu,Erode,Periyar Nagar(Uzhavar Sandhai ),Bhindi(Ladies Finger),Bhindi,Local,27/08/2026,2600,3000,2800
Tamil Nadu,Ranipet,Arcot(Uzhavar Sandhai ),Bhindi(Ladies Finger),Bhindi,Local,27/08/2026,3000,3000,3000
Tamil Nadu,Thiruchirappalli,Thuraiyur APMC,Bhindi(Ladies Finger),Bhindi,Local,27/08/2026,4000,4500,4250
Tamil Nadu,Thiruvannamalai,Tiruvannamalai(Uzhavar Sandhai ),Bhindi(Ladies Finger),Bhindi,Local,27/08/2026,2400,3000,2700
Tamil Nadu,Thirupur,Tiruppur (South) (Uzhavar Sandhai ),Bhindi(Ladies Finger),Bhindi,Local,27/08/2026,4000,5000,4500
Odisha,Dhenkanal,Hindol APMC,Bhindi(Ladies Finger),Bhindi,Grade B,27/08/2026,5500,6000,5800
Haryana,Hissar,Barwala(Hisar) APMC,Bhindi(Ladies Finger),Bhindi,Local,27/08/2026,2000,2500,2250
Tamil Nadu,Salem,Thathakapatti(Uzhavar Sandhai ),Amaranthus,Amaranthus,Local,27/08/2026,2000,2400,2200
Tamil Nadu,Thiruvellore,Perambakkam(Uzhavar Sandhai ),Amaranthus,Amaranthus,Local,27/08/2026,3000,3000,3000
Tamil Nadu,Salem,Sooramangalam(Uzhavar Sandhai ),Amaranthus,Amaranthus,Local,27/08/2026,1800,2000,1900
Tamil Nadu,Namakkal,Mohanur(Uzhavar Sandhai ),Amaranthus,Amaranthus,Local,27/08/2026,4800,6000,5400
Tamil Nadu,Karur,Gandhigramam(Uzhavar Sandhai),Amaranthus,Amaranthus,Local,27/08/2026,2000,2500,2250
Tamil Nadu,Villupuram,Ulundurpettai APMC,Amaranthus,Amaranthus,Local,27/08/2026,2500,2500,2500
Tamil Nadu,Virudhunagar,Sivakasi(Uzhavar Sandhai ),Amaranthus,Amaranthus,Local,27/08/2026,2500,3000,2750
Tamil Nadu,Madurai,Palanganatham(Uzhavar Sandhai ),Amaranthus,Amaranthus,Local,27/08/2026,3000,3600,3300
Tamil Nadu,Sivaganga,Sivagangai (Uzhavar Sandhai ),Amaranthus,Amaranthus,Local,27/08/2026,3000,4000,3500
Tamil Nadu,Krishnagiri,Hosur(Uzhavar Sandhai ),Amaranthus,Amaranthus,Local,27/08/2026,5500,6000,5750
Tamil Nadu,Dharmapuri,Palacode(Uzhavar Sandhai ),Amaranthus,Amaranthus,Local,27/08/2026,2000,2500,2250
Tamil Nadu,Salem,Jalagandapuram(Uzhavar Sandhai ),Amaranthus,Amaranthus,Local,27/08/2026,2000,2400,2200
Tamil Nadu,Villupuram,Gingee(Uzhavar Sandhai ),Amaranthus,Amaranthus,Local,27/08/2026,4000,5000,4500
Tamil Nadu,Nagapattinam,Sirkali(Uzhavar Sandhai ),Amaranthus,Amaranthus,Local,27/08/2026,1500,2000,1750
Tamil Nadu,Krishnagiri,Kaveripattinam(Uzhavar Sandhai ),Amaranthus,Amaranthus,Local,27/08/2026,2000,2500,2250
Tamil Nadu,Salem,Ammapet(Uzhavar Sandhai ),Amaranthus,Amaranthus,Local,27/08/2026,2000,2500,2250
Tamil Nadu,Nagercoil (Kannyiakumari),Myladi(Uzhavar Sandhai ),Amaranthus,Amaranthus,Local,27/08/2026,1200,1500,1350
Tamil Nadu,Coimbatore,Vadavalli(Uzhavar Sandhai ),Amaranthus,Amaranthus,Local,27/08/2026,5400,6200,5800
Tamil Nadu,Theni,Devaram(Uzhavar Sandhai ),Amaranthus,Amaranthus,Local,27/08/2026,2500,2500,2500
Tamil Nadu,Villupuram,Villupuram(Uzhavar Sandhai ),Amaranthus,Amaranthus,Local,27/08/2026,4000,5000,4500
Tamil Nadu,Coimbatore,Sulur(Uzhavar Sandhai ),Amaranthus,Amaranthus,Local,27/08/2026,4500,5000,4750
Tamil Nadu,Karur,Velayuthampalayam(Uzhavar Sandhai ),Amaranthus,Amaranthus,Local,27/08/2026,2000,2500,2250
Tamil Nadu,Virudhunagar,Thalavaipuram(Uzhavar Sandhai ),Amaranthus,Amaranthus,Local,27/08/2026,2800,3500,3150
Tamil Nadu,Sivaganga,Singampunari(Uzhavar Sandhai ),Amaranthus,Amaranthus,Local,27/08/2026,3000,4000,3500
Tamil Nadu,Pudukkottai,Viralimalai(Uzhavar Sandhai ),Amaranthus,Amaranthus,Local,27/08/2026,1500,2000,1750
Tamil Nadu,Dharmapuri,Karimangalam(Uzhavar Sandhai),Amaranthus,Amaranthus,Local,27/08/2026,2300,2500,2400
Keralam,Thiruvananthapuram,Parassala Market,Amaranthus,Amaranthus,Local,27/08/2026,6600,7000,6800
Tamil Nadu,Madurai,Palanganatham(Uzhavar Sandhai ),Green Chilli,Green Chilly,Local,27/08/2026,6000,8000,7000
Tamil Nadu,Ranipet,Ranipettai(Uzhavar Sandhai ),Green Chilli,Green Chilly,Local,27/08/2026,5000,6000,5500
Tamil Nadu,Krishnagiri,Avallapalli(Uzhavar Sandhai ),Green Chilli,Green Chilly,Local,27/08/2026,4500,5000,4750
Tamil Nadu,Salem,Jalagandapuram(Uzhavar Sandhai ),Green Chilli,Green Chilly,Local,27/08/2026,5000,5200,5100
Tamil Nadu,Dharmapuri,Karimangalam(Uzhavar Sandhai),Green Chilli,Green Chilly,Local,27/08/2026,4500,5000,4750
Tamil Nadu,Theni,Devaram(Uzhavar Sandhai ),Green Chilli,Green Chilly,Local,27/08/2026,6000,6000,6000
Tamil Nadu,Theni,Bodinayakanur(Uzhavar Sandhai ),Green Chilli,Green Chilly,Local,27/08/2026,5600,5600,5600
Tamil Nadu,Salem,Sooramangalam(Uzhavar Sandhai ),Green Chilli,Green Chilly,Local,27/08/2026,5000,5200,5100
Tamil Nadu,Theni,Kambam(Uzhavar Sandhai ),Green Chilli,Green Chilly,Local,27/08/2026,4500,5000,4750
Tamil Nadu,Virudhunagar,Thalavaipuram(Uzhavar Sandhai ),Green Chilli,Green Chilly,Local,27/08/2026,4000,5000,4500
Tamil Nadu,Sivaganga,Singampunari(Uzhavar Sandhai ),Green Chilli,Green Chilly,Local,27/08/2026,6200,7200,6700
Tamil Nadu,Thanjavur,Tirukattupalli(Uzhavar Sandhai ),Green Chilli,Green Chilly,Local,27/08/2026,5400,5400,5400
Tamil Nadu,Kancheepuram,Sunguvarchatram(Uzhavar Sandhai ),Green Chilli,Green Chilly,Local,27/08/2026,5000,5000,5000
Tamil Nadu,Coimbatore,Sundarapuram(Uzhavar Sandhai ),Green Chilli,Green Chilly,Local,27/08/2026,4200,4800,4500
Tamil Nadu,Karur,Gandhigramam(Uzhavar Sandhai),Green Chilli,Green Chilly,Local,27/08/2026,4000,5000,4500
Tamil Nadu,Thiruchirappalli,Manachanallur(Uzhavar Sandhai ),Green Chilli,Green Chilly,Local,27/08/2026,4800,4800,4800
Tamil Nadu,Thirupur,Dharapuram(Uzhavar Sandhai ),Green Chilli,Green Chilly,Local,27/08/2026,4500,5000,4750
Tamil Nadu,Villupuram,Gingee(Uzhavar Sandhai ),Green Chilli,Green Chilly,Local,27/08/2026,6000,6000,6000
Tamil Nadu,Thanjavur,Kumbakonam (Uzhavar Sandhai ),Green Chilli,Green Chilly,Local,27/08/2026,6000,6000,6000
Tamil Nadu,Coimbatore,Sulur(Uzhavar Sandhai ),Green Chilli,Green Chilly,Local,27/08/2026,4000,4500,4250
Tamil Nadu,Thirunelveli,Palayamkottai(Uzhavar Sandhai ),Green Chilli,Green Chilly,Local,27/08/2026,4200,4800,4500
Tamil Nadu,Virudhunagar,Sathur(Uzhavar Sandhai ),Green Chilli,Green Chilly,Local,27/08/2026,5500,6000,5750
Tamil Nadu,Thirupur,Tiruppur (North) (Uzhavar Sandhai ),Green Chilli,Green Chilly,Local,27/08/2026,4000,4800,4400
Tamil Nadu,Nagapattinam,Mayiladuthurai(Uzhavar Sandhai ),Green Chilli,Green Chilly,Local,27/08/2026,5500,6000,5750
Tamil Nadu,Thiruvarur,Tiruvarur(Uzhavar Sandhai ),Green Chilli,Green Chilly,Local,27/08/2026,6000,6000,6000
Keralam,Thiruvananthapuram,Parassala Market,Green Chilli,Green Chilly,Local,27/08/2026,8600,9000,8800
West Bengal,Darjeeling,Siliguri APMC,Green Chilli,Green Chilly,FAQ,27/08/2026,4200,4800,4500
Keralam,Kottayam,Pampady Market,Green Chilli,Green Chilly,FAQ,27/08/2026,5500,6500,6000
Telangana,Mahbubnagar,Mahabubnagar(Rythu Bazar),Green Chilli,Green Chilly,Local,27/08/2026,4000,4000,4000
Gujarat,Gandhinagar,Mansa(Manas Veg Yard) APMC,Green Chilli,Other,Local,27/08/2026,1000,2000,1500
Uttarakhand,Dehradoon,Rishikesh APMC,Green Chilli,Other,Medium,27/08/2026,2500,4000,3500
Maharashtra,Ratnagiri,Ratnagiri (Nachane) APMC,Chilly Capsicum,Other,Local,27/08/2026,3000,4000,3500
Tamil Nadu,Coimbatore,Mettupalayam(Uzhavar Sandhai ),Cowpea(Veg),Cowpea (Veg),Local,27/08/2026,2500,3000,2750
Tamil Nadu,Thiruchirappalli,Thuraiyur APMC,Cowpea(Veg),Cowpea (Veg),Local,27/08/2026,3500,4000,3750
Tamil Nadu,Krishnagiri,Avallapalli(Uzhavar Sandhai ),Cowpea(Veg),Cowpea (Veg),Local,27/08/2026,5000,6000,5500
Tamil Nadu,Krishnagiri,Hosur(Uzhavar Sandhai ),Cowpea(Veg),Cowpea (Veg),Local,27/08/2026,5500,6000,5750
Tamil Nadu,Thirupur,Palladam(Uzhavar Sandhai ),Cowpea(Veg),Cowpea (Veg),Local,27/08/2026,3500,4000,3750
Tamil Nadu,The Nilgiris,Gudalur(Uzhavar Sandhai ),Cowpea(Veg),Cowpea (Veg),Local,27/08/2026,4500,5000,4750
Tamil Nadu,Coimbatore,Kurichi(Uzhavar Sandhai ),Cowpea(Veg),Cowpea (Veg),Local,27/08/2026,4000,4500,4250
Tamil Nadu,Thirunelveli,Palayamkottai(Uzhavar Sandhai ),Cowpea(Veg),Cowpea (Veg),Local,27/08/2026,1800,2000,1900
Tamil Nadu,Thiruchirappalli,Thiruverumbur(Uzhavar Sandhai ),Cowpea(Veg),Cowpea (Veg),Local,27/08/2026,4000,4000,4000
Tamil Nadu,Erode,Sathiyamagalam(Uzhavar Sandhai ),Cowpea(Veg),Cowpea (Veg),Local,27/08/2026,2400,2800,2600
Tamil Nadu,Vellore,Thirupathur APMC,Cowpea(Veg),Cowpea (Veg),Local,27/08/2026,6000,6000,6000
Tamil Nadu,Vellore,Perampet(Uzhavar Sandhai),Cowpea(Veg),Cowpea (Veg),Local,27/08/2026,5000,5600,5300
Tamil Nadu,Pudukkottai,Pudukottai(Uzhavar Sandhai ),Cowpea(Veg),Cowpea (Veg),Local,27/08/2026,1500,2000,1750
Tamil Nadu,Thiruchirappalli,KKNagar(Uzhavar Sandhai ),Cowpea(Veg),Cowpea (Veg),Local,27/08/2026,3600,3600,3600
Tamil Nadu,Dharmapuri,Pennagaram(Uzhavar Sandhai ),Cowpea(Veg),Cowpea (Veg),Local,27/08/2026,5500,6000,5750
Keralam,Thiruvananthapuram,Parassala Market,Cowpea(Veg),Cowpea (Veg),Local,27/08/2026,7000,7400,7200
Keralam,Kottayam,Kattampak  VFPCK Market,Cowpea(Veg),Cowpea (Veg),Grade A,27/08/2026,6000,6800,6500
Tamil Nadu,Thiruvannamalai,Polur(Uzhavar Sandhai ),Banana - Green,Banana - Green,Local,27/08/2026,1600,2000,1800
Tamil Nadu,Pudukkottai,Alangudi(Uzhavar Sandhai ),Banana - Green,Banana - Green,Local,27/08/2026,2500,3000,2750
Tamil Nadu,Sivaganga,Sivagangai (Uzhavar Sandhai ),Banana - Green,Banana - Green,Local,27/08/2026,3000,3000,3000
Tamil Nadu,Theni,Kambam(Uzhavar Sandhai ),Banana - Green,Banana - Green,Local,27/08/2026,2500,3400,2950
Tamil Nadu,The Nilgiris,Udhagamandalam(Uzhavar Sandhai ),Banana - Green,Banana - Green,Local,27/08/2026,4000,4500,4250
Tamil Nadu,Sivaganga,Karaikudi(Uzhavar Sandhai ),Banana - Green,Banana - Green,Local,27/08/2026,2500,3000,2750
Tamil Nadu,Salem,Edapadi (Uzhavar Sandhai ),Banana - Green,Banana - Green,Local,27/08/2026,2500,3000,2750
Tamil Nadu,Pudukkottai,Gandarvakottai(Uzhavar Sandhai ),Banana - Green,Banana - Green,Local,27/08/2026,1500,3000,2250
Tamil Nadu,Vellore,Pallikonda(Uzhavar Sandhai),Banana - Green,Banana - Green,Local,27/08/2026,2500,3000,2750
Tamil Nadu,Nagapattinam,Vedaranyam(Uzhavar Sandhai),Banana - Green,Banana - Green,Local,27/08/2026,1800,2000,1900
Tamil Nadu,Dharmapuri,Harur(Uzhavar Sandhai ),Banana - Green,Banana - Green,Local,27/08/2026,2000,2500,2250
Tamil Nadu,Coimbatore,Udumalpet APMC,Banana - Green,Banana - Green,Local,27/08/2026,2500,3000,2750
Tamil Nadu,Kancheepuram,Kancheepuram(Uzhavar Sandhai ),Banana - Green,Banana - Green,Local,27/08/2026,4000,5000,4500
Tamil Nadu,Coimbatore,Vadavalli(Uzhavar Sandhai ),Banana - Green,Banana - Green,Local,27/08/2026,3600,4400,4000
Tamil Nadu,Kallakuruchi,Kallakurichi(Uzhavar Sandhai ),Banana - Green,Banana - Green,Local,27/08/2026,3000,3000,3000
Tamil Nadu,Thiruvannamalai,Tamarainagar(Uzhavar Sandhai ),Banana - Green,Banana - Green,Local,27/08/2026,3500,4200,3850
Tamil Nadu,Virudhunagar,Sathur(Uzhavar Sandhai ),Banana - Green,Banana - Green,Local,27/08/2026,3500,4000,3750
Tamil Nadu,Vellore,Thirupathur APMC,Banana - Green,Banana - Green,Local,27/08/2026,2500,2500,2500
Tamil Nadu,Erode,Periyar Nagar(Uzhavar Sandhai ),Banana - Green,Banana - Green,Local,27/08/2026,3000,3500,3250
Tamil Nadu,Ranipet,Ranipettai(Uzhavar Sandhai ),Banana - Green,Banana - Green,Local,27/08/2026,4000,5000,4500
Tamil Nadu,Villupuram,Villupuram(Uzhavar Sandhai ),Banana - Green,Banana - Green,Local,27/08/2026,3000,3000,3000
Tamil Nadu,Perambalur,Perambalur(Uzhavar Sandhai ),Banana - Green,Banana - Green,Local,27/08/2026,3000,4000,3500
Tamil Nadu,Tuticorin,Tuticorin(Uzhavar Sandhai ),Banana - Green,Banana - Green,Local,27/08/2026,2500,3000,2750
Tamil Nadu,Thirunelveli,Melapalayam(Uzhavar Sandhai ),Banana - Green,Banana - Green,Local,27/08/2026,2500,3000,2750
Tamil Nadu,Karur,Velayuthampalayam(Uzhavar Sandhai ),Banana - Green,Banana - Green,Local,27/08/2026,2400,3000,2700
Tamil Nadu,Krishnagiri,Avallapalli(Uzhavar Sandhai ),Banana - Green,Banana - Green,Local,27/08/2026,3500,4000,3750
Tamil Nadu,Dharmapuri,Karimangalam(Uzhavar Sandhai),Banana - Green,Banana - Green,Local,27/08/2026,2800,3000,2900
Tamil Nadu,Salem,Hasthampatti(Uzhavar Sandhai ),Banana - Green,Banana - Green,Local,27/08/2026,1800,2000,1900
Tamil Nadu,Nagapattinam,Mayiladuthurai(Uzhavar Sandhai ),Banana - Green,Banana - Green,Local,27/08/2026,3000,3500,3250
Tamil Nadu,Cuddalore,Cuddalore(Uzhavar Sandhai ),Banana - Green,Banana - Green,Local,27/08/2026,2000,2000,2000
Tamil Nadu,Dharmapuri,Dharmapuri(Uzhavar Sandhai ),Banana - Green,Banana - Green,Local,27/08/2026,3200,3500,3350
Tamil Nadu,Salem,Sooramangalam(Uzhavar Sandhai ),Banana - Green,Banana - Green,Local,27/08/2026,2000,2400,2200
Tamil Nadu,Namakkal,Mohanur(Uzhavar Sandhai ),Banana - Green,Banana - Green,Local,27/08/2026,3200,3600,3400
Tamil Nadu,Karur,Gandhigramam(Uzhavar Sandhai),Banana - Green,Banana - Green,Local,27/08/2026,2000,3000,2500
Tamil Nadu,Namakkal,Rasipuram(Uzhavar Sandhai ),Banana - Green,Banana - Green,Local,27/08/2026,3500,4000,3750
Tamil Nadu,Coimbatore,Pollachi(Uzhavar Sandhai ),Banana - Green,Banana - Green,Local,27/08/2026,4000,4500,4250
Keralam,Kottayam,Pampady Market,Banana - Green,Banana - Green,FAQ,27/08/2026,8500,9500,9000
Tamil Nadu,Tuticorin,Kovilpatti(Uzhavar Sandhai ),Beans,Beans (Whole),Local,27/08/2026,8000,8500,8250
Tamil Nadu,Coimbatore,Singanallur(Uzhavar Sandhai ),Beans,Beans (Whole),Local,27/08/2026,7000,8000,7500
Tamil Nadu,Kallakuruchi,Kallakurichi(Uzhavar Sandhai ),Beans,Beans (Whole),Local,27/08/2026,9000,9000,9000
Tamil Nadu,Thiruvannamalai,Tamarainagar(Uzhavar Sandhai ),Beans,Beans (Whole),Local,27/08/2026,7500,9000,8250
Tamil Nadu,Thiruchirappalli,Lalgudi(Uzhavar Sandhai ),Beans,Beans (Whole),Local,27/08/2026,8400,8400,8400
Tamil Nadu,Thiruchirappalli,Thiruverumbur(Uzhavar Sandhai ),Beans,Beans (Whole),Local,27/08/2026,8400,8400,8400
Tamil Nadu,Thiruvannamalai,Cheyyar(Uzhavar Sandhai ),Beans,Beans (Whole),Local,27/08/2026,6500,8000,7250
Tamil Nadu,Dharmapuri,Karimangalam(Uzhavar Sandhai),Beans,Beans (Whole),Local,27/08/2026,9000,9500,9250
Tamil Nadu,Dharmapuri,Harur(Uzhavar Sandhai ),Beans,Beans (Whole),Local,27/08/2026,8000,8500,8250
Tamil Nadu,Salem,Sooramangalam(Uzhavar Sandhai ),Beans,Beans (Whole),Local,27/08/2026,6800,7000,6900
Tamil Nadu,Namakkal,Paramathivelur(Uzhavar Sandhai ),Beans,Beans (Whole),Local,27/08/2026,7200,8000,7600
Tamil Nadu,Karur,Karur(Uzhavar Sandhai ),Beans,Beans (Whole),Local,27/08/2026,6500,7000,6750
Tamil Nadu,Virudhunagar,Virudhunagar(Uzhavar Sandhai ),Beans,Beans (Whole),Local,27/08/2026,6500,7000,6750
Tamil Nadu,Erode,Perundurai(Uzhavar Sandhai ),Beans,Beans (Whole),Local,27/08/2026,7000,7500,7250
Tamil Nadu,Thiruvannamalai,Polur(Uzhavar Sandhai ),Beans,Beans (Whole),Local,27/08/2026,7000,8400,7700
Tamil Nadu,Sivaganga,Devakottai (Uzhavar Sandhai ),Beans,Beans (Whole),Local,27/08/2026,10200,11200,10700
Tamil Nadu,Krishnagiri,Krishnagiri(Uzhavar Sandhai ),Beans,Beans (Whole),Local,27/08/2026,5500,6000,5750
Tamil Nadu,Thirupur,Palladam(Uzhavar Sandhai ),Beans,Beans (Whole),Local,27/08/2026,7500,8000,7750
Tamil Nadu,Thanjavur,Tirukattupalli(Uzhavar Sandhai ),Beans,Beans (Whole),Local,27/08/2026,6600,6600,6600
Tamil Nadu,Nagercoil (Kannyiakumari),Myladi(Uzhavar Sandhai ),Beans,Beans (Whole),Local,27/08/2026,11000,12000,11500
Tamil Nadu,Thanjavur,Thanjavur(Uzhavar Sandhai ),Beans,Beans (Whole),Local,27/08/2026,6600,6600,6600
Tamil Nadu,Karur,Gandhigramam(Uzhavar Sandhai),Beans,Beans (Whole),Local,27/08/2026,6000,7000,6500
Tamil Nadu,Virudhunagar,Kariyapatti(Uzhavar Sandhai ),Beans,Beans (Whole),Local,27/08/2026,7500,8000,7750
Tamil Nadu,Sivaganga,Sivagangai (Uzhavar Sandhai ),Beans,Beans (Whole),Local,27/08/2026,10200,11200,10700
Tamil Nadu,Vellore,Kahithapattarai(Uzhavar Sandhai ),Beans,Beans (Whole),Local,27/08/2026,5500,6600,6050
Tamil Nadu,Villupuram,Tindivanam APMC,Beans,Beans (Whole),Local,27/08/2026,9000,9000,9000
Tamil Nadu,Madurai,Palanganatham(Uzhavar Sandhai ),Beans,Beans (Whole),Local,27/08/2026,10000,11000,10500
Tamil Nadu,Salem,Edapadi (Uzhavar Sandhai ),Beans,Beans (Whole),Local,27/08/2026,8000,9000,8500
Tamil Nadu,Salem,Jalagandapuram(Uzhavar Sandhai ),Beans,Beans (Whole),Local,27/08/2026,6500,7000,6750
Tamil Nadu,Coimbatore,Sundarapuram(Uzhavar Sandhai ),Tapioca,Tapioca,Local,27/08/2026,3000,3500,3250
Tamil Nadu,Coimbatore,Kurichi(Uzhavar Sandhai ),Tapioca,Tapioca,Local,27/08/2026,3000,3500,3250
Tamil Nadu,Nagercoil (Kannyiakumari),Myladi(Uzhavar Sandhai ),Tapioca,Tapioca,Local,27/08/2026,3500,4000,3750
Tamil Nadu,Erode,Thalavadi(Uzhavar Sandhai ),Tapioca,Tapioca,Local,27/08/2026,2500,3000,2750
Tamil Nadu,Krishnagiri,Krishnagiri(Uzhavar Sandhai ),Tapioca,Tapioca,Local,27/08/2026,2600,2800,2700
Tamil Nadu,Krishnagiri,Avallapalli(Uzhavar Sandhai ),Tapioca,Tapioca,Local,27/08/2026,3500,4000,3750
Tamil Nadu,Coimbatore,Vadavalli(Uzhavar Sandhai ),Tapioca,Tapioca,Local,27/08/2026,2500,3200,2850
Tamil Nadu,Thirupathur,Vaniyampadi(Uzhavar Sandhai ),Tapioca,Tapioca,Local,27/08/2026,3000,3000,3000
Tamil Nadu,Erode,Gobichettipalayam(Uzhavar Sandhai ),Tapioca,Tapioca,Local,27/08/2026,2000,2400,2200
Tamil Nadu,Dharmapuri,Karimangalam(Uzhavar Sandhai),Tapioca,Tapioca,Local,27/08/2026,2800,3000,2900
Tamil Nadu,Pudukkottai,Pudukottai(Uzhavar Sandhai ),Ginger(Green),Green Ginger,Local,27/08/2026,27000,28000,27500
Tamil Nadu,Cuddalore,Vadalur(Uzhavar Sandhai ),Ginger(Green),Green Ginger,Local,27/08/2026,18000,18000,18000
Tamil Nadu,The Nilgiris,Udhagamandalam(Uzhavar Sandhai ),Ginger(Green),Green Ginger,Local,27/08/2026,15000,16000,15500
Tamil Nadu,Karur,Gandhigramam(Uzhavar Sandhai),Ginger(Green),Green Ginger,Local,27/08/2026,17000,19000,18000
Tamil Nadu,Thirunelveli,Palayamkottai(Uzhavar Sandhai ),Ginger(Green),Green Ginger,Local,27/08/2026,16000,17000,16500
Tamil Nadu,Coimbatore,Singanallur(Uzhavar Sandhai ),Ginger(Green),Green Ginger,Local,27/08/2026,16000,17000,16500
Tamil Nadu,Thiruvannamalai,Arani(Uzhavar Sandhai ),Ginger(Green),Green Ginger,Local,27/08/2026,17000,20000,18500
Tamil Nadu,Madurai,Chokkikulam(Uzhavar Sandhai ),Ginger(Green),Green Ginger,Local,27/08/2026,12000,19000,15500
Tamil Nadu,Salem,Vazhapadi(Uzhavar Sandhai),Ginger(Green),Green Ginger,Local,27/08/2026,10000,17000,13500
Tamil Nadu,Sivaganga,Sivagangai (Uzhavar Sandhai ),Ginger(Green),Green Ginger,Local,27/08/2026,13000,20000,16500
Tamil Nadu,Madurai,Anaiyur(Uzhavar Sandhai ),Ginger(Green),Green Ginger,Local,27/08/2026,12000,19000,15500
Tamil Nadu,Thirupathur,Vaniyampadi(Uzhavar Sandhai ),Ginger(Green),Green Ginger,Local,27/08/2026,18000,18000,18000
Tamil Nadu,Salem,Edapadi (Uzhavar Sandhai ),Ginger(Green),Green Ginger,Local,27/08/2026,17000,18000,17500
Tamil Nadu,Thiruvarur,Mannargudi I(Uzhavar Sandhai ),Ginger(Green),Green Ginger,Local,27/08/2026,10000,18000,14000
Tamil Nadu,Cuddalore,Cuddalore(Uzhavar Sandhai ),Ginger(Green),Green Ginger,Local,27/08/2026,18000,18000,18000
Tamil Nadu,Namakkal,Mohanur(Uzhavar Sandhai ),Ginger(Green),Green Ginger,Local,27/08/2026,21000,22000,21500
Tamil Nadu,Kallakuruchi,Sankarapuram(Uzhavar Sandhai ),Ginger(Green),Green Ginger,Local,27/08/2026,22000,22000,22000
Tamil Nadu,Thiruchirappalli,Thiruverumbur(Uzhavar Sandhai ),Ginger(Green),Green Ginger,Local,27/08/2026,19000,19000,19000
Tamil Nadu,Thiruchirappalli,KKNagar(Uzhavar Sandhai ),Ginger(Green),Green Ginger,Local,27/08/2026,18600,18600,18600
Tamil Nadu,Krishnagiri,Hosur(Uzhavar Sandhai ),Ginger(Green),Green Ginger,Local,27/08/2026,13000,15000,14000
Tamil Nadu,Villupuram,Gingee(Uzhavar Sandhai ),Ginger(Green),Green Ginger,Local,27/08/2026,13000,13000,13000
Tamil Nadu,Thirupur,Tiruppur (South) (Uzhavar Sandhai ),Ginger(Green),Green Ginger,Local,27/08/2026,12000,15000,13500
Tamil Nadu,Coimbatore,Udumalpet APMC,Ginger(Green),Green Ginger,Local,27/08/2026,17000,17500,17250
Tamil Nadu,Salem,Thathakapatti(Uzhavar Sandhai ),Ginger(Green),Green Ginger,Local,27/08/2026,15000,16000,15500
Tamil Nadu,Namakkal,Paramathivelur(Uzhavar Sandhai ),Ginger(Green),Green Ginger,Local,27/08/2026,17000,19000,18000
Himachal Pradesh,Kangra,SMY Palampur,Ginger(Green),Green Ginger,FAQ,27/08/2026,12000,15000,13500
Nagaland,Wokha,Wokha Town APMC,Ginger(Green),Other,Local,27/08/2026,8000,9500,8600
Maharashtra,Ratnagiri,Ratnagiri (Nachane) APMC,Ginger(Green),Other,Local,27/08/2026,10000,15000,12000
Tamil Nadu,Cuddalore,Cuddalore(Uzhavar Sandhai ),Coconut,Coconut,Local,27/08/2026,5000,5000,5000
Tamil Nadu,Coimbatore,Sundarapuram(Uzhavar Sandhai ),Coconut,Coconut,Local,27/08/2026,5600,6000,5800
Tamil Nadu,Coimbatore,Vadavalli(Uzhavar Sandhai ),Coconut,Coconut,Local,27/08/2026,5400,5800,5600
Tamil Nadu,Karur,Vengamedu(Uzhavar Sandhai ),Coconut,Coconut,Local,27/08/2026,5500,6000,5750
Tamil Nadu,Virudhunagar,Kariyapatti(Uzhavar Sandhai ),Coconut,Coconut,Local,27/08/2026,5500,6000,5750
Tamil Nadu,Madurai,Usilampatti(Uzhavar Sandhai ),Coconut,Coconut,Local,27/08/2026,6500,6800,6650
Tamil Nadu,Erode,Gobichettipalayam(Uzhavar Sandhai ),Coconut,Coconut,Local,27/08/2026,4500,5000,4750
Tamil Nadu,Ariyalur,Ariyalur(Uzhavar Sandhai),Coconut,Coconut,Local,27/08/2026,5500,6500,6000
Tamil Nadu,Theni,Theni(Uzhavar Sandhai ),Coconut,Coconut,Local,27/08/2026,5600,5600,5600
Tamil Nadu,Coimbatore,Pollachi(Uzhavar Sandhai ),Coconut,Coconut,Local,27/08/2026,5500,6000,5750
Tamil Nadu,Thirupathur,Natrampalli(Uzhavar Sandhai ),Coconut,Coconut,Local,27/08/2026,2500,3000,2750
Tamil Nadu,Coimbatore,RSPuram(Uzhavar Sandhai ),Coconut,Coconut,Local,27/08/2026,5400,5800,5600
Tamil Nadu,Thanjavur,Pattukottai(Uzhavar Sandhai ),Coconut,Coconut,Local,27/08/2026,5000,5000,5000
Tamil Nadu,Salem,Ammapet(Uzhavar Sandhai ),Coconut,Coconut,Local,27/08/2026,6000,6500,6250
Tamil Nadu,Namakkal,Mohanur(Uzhavar Sandhai ),Coconut,Coconut,Local,27/08/2026,5500,6000,5750
Tamil Nadu,Nagercoil (Kannyiakumari),Vadaseri APMC,Coconut,Coconut,Local,27/08/2026,6300,6800,6550
Tamil Nadu,Karur,Kulithalai(Uzhavar Sandhai ),Coconut,Coconut,Local,27/08/2026,6000,6500,6250
Tamil Nadu,Thiruvannamalai,Cheyyar(Uzhavar Sandhai ),Coconut,Coconut,Local,27/08/2026,3700,4500,4100
Tamil Nadu,Thiruchirappalli,Thuraiyur APMC,Coconut,Coconut,Local,27/08/2026,6000,7000,6500
Tamil Nadu,Nagapattinam,Vedaranyam(Uzhavar Sandhai),Coconut,Coconut,Local,27/08/2026,4800,5000,4900
Tamil Nadu,Dindigul,Chinnalapatti(Uzhavar Sandhai ),Coconut,Coconut,Local,27/08/2026,5000,6500,5750
Tamil Nadu,Erode,Perundurai(Uzhavar Sandhai ),Coconut,Coconut,Local,27/08/2026,5000,5400,5200
Tamil Nadu,Theni,Andipatti(Uzhavar Sandhai ),Coconut,Coconut,Local,27/08/2026,5400,5600,5500
Tamil Nadu,Villupuram,Villupuram(Uzhavar Sandhai ),Coconut,Coconut,Local,27/08/2026,5000,5000,5000
Tamil Nadu,Salem,Attayampatti(Uzhavar Sandhai ),Coconut,Coconut,Local,27/08/2026,6500,6500,6500
Andhra Pradesh,Dr.B.R.A.Konaseema,Nagaram APMC,Coconut,Medium,FAQ,27/08/2026,15400,16000,15400
West Bengal,Medinipur(E),Tamluk (Medinipur E) APMC,Betal Leaves,Local,FAQ,27/08/2026,3500,10500,7500
Tamil Nadu,Theni,Theni(Uzhavar Sandhai ),Betal Leaves,Mysore,Local,27/08/2026,22000,22000,22000
Tamil Nadu,Karur,Kulithalai(Uzhavar Sandhai ),Betal Leaves,Mysore,Local,27/08/2026,9000,10000,9500
Tamil Nadu,Theni,Kambam(Uzhavar Sandhai ),Betal Leaves,Mysore,Local,27/08/2026,22000,22000,22000
Tamil Nadu,Madurai,Chokkikulam(Uzhavar Sandhai ),Betal Leaves,Mysore,Local,27/08/2026,24000,26000,25000
Tamil Nadu,Thiruchirappalli,KKNagar(Uzhavar Sandhai ),Betal Leaves,Mysore,Local,27/08/2026,10000,10000,10000
West Bengal,Medinipur(E),Tamluk (Medinipur E) APMC,Betal Leaves,Other,FAQ,27/08/2026,15500,40000,27500
Tamil Nadu,Krishnagiri,Denkanikottai(Uzhavar Sandhai ),Sweet Potato,Hosur Red,Local,27/08/2026,3000,4000,3500
Tamil Nadu,Vellore,Kahithapattarai(Uzhavar Sandhai ),Sweet Potato,Hosur Red,Local,27/08/2026,3500,3500,3500
Tamil Nadu,Thirunelveli,Palayamkottai(Uzhavar Sandhai ),Sweet Potato,Hosur Red,Local,27/08/2026,5000,5500,5250
Tamil Nadu,Madurai,Anaiyur(Uzhavar Sandhai ),Sweet Potato,Hosur Red,Local,27/08/2026,4000,5000,4500
Tamil Nadu,Coimbatore,Udumalpet APMC,Sweet Potato,Hosur Red,Local,27/08/2026,6000,6500,6250
Tamil Nadu,Salem,Ammapet(Uzhavar Sandhai ),Sweet Potato,Hosur Red,Local,27/08/2026,3500,4000,3750
Tamil Nadu,Chengalpattu,Pallavaram(Uzhavar Sandhai ),Sweet Potato,Hosur Red,Local,27/08/2026,6000,7000,6500
Haryana,Sonipat,Ganaur APMC,Carrot,Carrot,Medium,27/08/2026,5000,6000,5500
Gujarat,Rajkot,Gondal(Veg.market Gondal) APMC,Carrot,Carrot,Local,27/08/2026,1000,3500,2250
West Bengal,Darjeeling,Karsiyang(Matigara) APMC,Carrot,Other,FAQ,27/08/2026,3100,3300,3200
Tamil Nadu,Dharmapuri,Dharmapuri(Uzhavar Sandhai ),Carrot,Pusakesar,Local,27/08/2026,6600,7000,6800
Tamil Nadu,Karur,Karur(Uzhavar Sandhai ),Carrot,Pusakesar,Local,27/08/2026,8500,9000,8750
Tamil Nadu,Erode,Gobichettipalayam(Uzhavar Sandhai ),Carrot,Pusakesar,Local,27/08/2026,6800,7800,7300
Tamil Nadu,Thiruchirappalli,KKNagar(Uzhavar Sandhai ),Carrot,Pusakesar,Local,27/08/2026,9000,9000,9000
Tamil Nadu,Salem,Elampillai(Uzhavar Sandhai ),Carrot,Pusakesar,Local,27/08/2026,7000,8000,7500
Tamil Nadu,Ariyalur,Ariyalur(Uzhavar Sandhai),Carrot,Pusakesar,Local,27/08/2026,7000,8000,7500
Tamil Nadu,Nagapattinam,Sirkali(Uzhavar Sandhai ),Carrot,Pusakesar,Local,27/08/2026,8500,9000,8750
Tamil Nadu,Virudhunagar,Thalavaipuram(Uzhavar Sandhai ),Carrot,Pusakesar,Local,27/08/2026,4000,5000,4500
Tamil Nadu,Coimbatore,Singanallur(Uzhavar Sandhai ),Carrot,Pusakesar,Local,27/08/2026,7500,8200,7850
Tamil Nadu,Thiruchirappalli,Lalgudi(Uzhavar Sandhai ),Carrot,Pusakesar,Local,27/08/2026,10000,10000,10000
Tamil Nadu,Thiruvannamalai,Arani(Uzhavar Sandhai ),Carrot,Pusakesar,Local,27/08/2026,6000,7200,6600
Tamil Nadu,Salem,Jalagandapuram(Uzhavar Sandhai ),Carrot,Pusakesar,Local,27/08/2026,8000,8600,8300
Tamil Nadu,Dharmapuri,Palacode(Uzhavar Sandhai ),Carrot,Pusakesar,Local,27/08/2026,6800,7000,6900
Tamil Nadu,Namakkal,Mohanur(Uzhavar Sandhai ),Carrot,Pusakesar,Local,27/08/2026,7000,8000,7500
Tamil Nadu,Erode,Perundurai(Uzhavar Sandhai ),Carrot,Pusakesar,Local,27/08/2026,6500,7000,6750
Tamil Nadu,Thiruchirappalli,Manapparai(Uzhavar Sandhai ),Carrot,Pusakesar,Local,27/08/2026,9600,9600,9600
Tamil Nadu,Thiruvannamalai,Cheyyar(Uzhavar Sandhai ),Carrot,Pusakesar,Local,27/08/2026,6000,7200,6600
Tamil Nadu,Erode,Sathiyamagalam(Uzhavar Sandhai ),Carrot,Pusakesar,Local,27/08/2026,7000,7300,7150
Tamil Nadu,Thiruvannamalai,Polur(Uzhavar Sandhai ),Carrot,Pusakesar,Local,27/08/2026,6000,7200,6600
Tamil Nadu,Sivaganga,Karaikudi(Uzhavar Sandhai ),Carrot,Pusakesar,Local,27/08/2026,5500,8500,7000
Tamil Nadu,Krishnagiri,Denkanikottai(Uzhavar Sandhai ),Carrot,Pusakesar,Local,27/08/2026,5000,6000,5500
Tamil Nadu,Vellore,Pallikonda(Uzhavar Sandhai),Carrot,Pusakesar,Local,27/08/2026,4000,4500,4250
Bihar,Muzaffarpur,Bhagwanpur Mandi APMC,Cabbage,Cabbage,Grade A,27/08/2026,2400,2400,2400
Tamil Nadu,Coimbatore,Vadavalli(Uzhavar Sandhai ),Cabbage,Cabbage,Local,27/08/2026,2200,2700,2450
Tamil Nadu,Thirunelveli,NGO Colony(Uzhavar Sandhai ),Cabbage,Cabbage,Local,27/08/2026,3200,3400,3300
Tamil Nadu,Madurai,Anaiyur(Uzhavar Sandhai ),Cabbage,Cabbage,Local,27/08/2026,2400,2600,2500
Tamil Nadu,Theni,Bodinayakanur(Uzhavar Sandhai ),Cabbage,Cabbage,Local,27/08/2026,3000,3000,3000
Tamil Nadu,Virudhunagar,Sathur(Uzhavar Sandhai ),Cabbage,Cabbage,Local,27/08/2026,3500,4000,3750
Tamil Nadu,Virudhunagar,Srivilliputhur(Uzhavar Sandhai ),Cabbage,Cabbage,Local,27/08/2026,3000,3500,3250
Tamil Nadu,Sivaganga,Singampunari(Uzhavar Sandhai ),Cabbage,Cabbage,Local,27/08/2026,2600,2800,2700
Tamil Nadu,Thiruchirappalli,KKNagar(Uzhavar Sandhai ),Cabbage,Cabbage,Local,27/08/2026,3200,3200,3200
Tamil Nadu,Salem,Vazhapadi(Uzhavar Sandhai),Cabbage,Cabbage,Local,27/08/2026,3500,3500,3500
Tamil Nadu,Thirupur,Palladam(Uzhavar Sandhai ),Cabbage,Cabbage,Local,27/08/2026,2500,3000,2750
Tamil Nadu,Kancheepuram,Sunguvarchatram(Uzhavar Sandhai ),Cabbage,Cabbage,Local,27/08/2026,3000,3000,3000
Tamil Nadu,Coimbatore,Sundarapuram(Uzhavar Sandhai ),Cabbage,Cabbage,Local,27/08/2026,2500,3000,2750
Tamil Nadu,Namakkal,Kumarapalayam(Uzhavar Sandhai ),Cabbage,Cabbage,Local,27/08/2026,3600,4000,3800
Tamil Nadu,Dindigul,Chinnalapatti(Uzhavar Sandhai ),Cabbage,Cabbage,Local,27/08/2026,3600,4000,3800
Tamil Nadu,Krishnagiri,Hosur(Uzhavar Sandhai ),Cabbage,Cabbage,Local,27/08/2026,1000,1500,1250
Tamil Nadu,Tuticorin,Tuticorin(Uzhavar Sandhai ),Cabbage,Cabbage,Local,27/08/2026,3500,4000,3750
Tamil Nadu,Theni,Theni(Uzhavar Sandhai ),Cabbage,Cabbage,Local,27/08/2026,3000,3000,3000
Tamil Nadu,Namakkal,Tiruchengode APMC,Cabbage,Cabbage,Local,27/08/2026,2500,3000,2750
Tamil Nadu,Thiruvannamalai,Arani(Uzhavar Sandhai ),Cabbage,Cabbage,Local,27/08/2026,2500,3000,2750
Tamil Nadu,Sivaganga,Devakottai (Uzhavar Sandhai ),Cabbage,Cabbage,Local,27/08/2026,2800,3000,2900
Tamil Nadu,Theni,Andipatti(Uzhavar Sandhai ),Cabbage,Cabbage,Local,27/08/2026,2800,3000,2900
Tamil Nadu,Theni,Kambam(Uzhavar Sandhai ),Cabbage,Cabbage,Local,27/08/2026,3000,3000,3000
Punjab,Hoshiarpur,Mukerian APMC,Cabbage,Cabbage,Grade B,27/08/2026,1500,2500,2000
Gujarat,Rajkot,Gondal(Veg.market Gondal) APMC,Cabbage,Cabbage,Local,27/08/2026,700,2200,1450
Madhya Pradesh,Badwani,Sendhwa(F&V) APMC,Cabbage,Cabbage,Medium,27/08/2026,900,1100,1000
Maharashtra,Pune,Pune(Moshi) APMC,Cabbage,Other,Local,27/08/2026,1000,1500,1250
Telangana,Ranga Reddy,"Vanasthalipuram,RBZ ",Ladies Finger,Ladies Finger,Grade A,27/08/2026,3500,3500,3500
Tamil Nadu,Thiruvannamalai,Chengam(Uzhavar Sandhai ),Snakeguard,Snakeguard,Local,27/08/2026,3000,3600,3300
Tamil Nadu,Thiruvannamalai,Cheyyar(Uzhavar Sandhai ),Snakeguard,Snakeguard,Local,27/08/2026,2500,3000,2750
Tamil Nadu,Ranipet,Arcot(Uzhavar Sandhai ),Snakeguard,Snakeguard,Local,27/08/2026,3000,3000,3000
Tamil Nadu,Thiruchirappalli,Thuraiyur APMC,Snakeguard,Snakeguard,Local,27/08/2026,4000,4500,4250
Tamil Nadu,Nagapattinam,Sirkali(Uzhavar Sandhai ),Snakeguard,Snakeguard,Local,27/08/2026,4500,5000,4750
Tamil Nadu,Krishnagiri,Kaveripattinam(Uzhavar Sandhai ),Snakeguard,Snakeguard,Local,27/08/2026,3000,3000,3000
Tamil Nadu,Nagercoil (Kannyiakumari),Vadaseri APMC,Snakeguard,Snakeguard,Local,27/08/2026,6000,6500,6250
Tamil Nadu,Karur,Velayuthampalayam(Uzhavar Sandhai ),Snakeguard,Snakeguard,Local,27/08/2026,3200,4000,3600
Tamil Nadu,Sivaganga,Singampunari(Uzhavar Sandhai ),Snakeguard,Snakeguard,Local,27/08/2026,3200,3800,3500
Tamil Nadu,Coimbatore,Sundarapuram(Uzhavar Sandhai ),Snakeguard,Snakeguard,Local,27/08/2026,3600,4000,3800
Tamil Nadu,Nagercoil (Kannyiakumari),Myladi(Uzhavar Sandhai ),Snakeguard,Snakeguard,Local,27/08/2026,5500,6000,5750
Tamil Nadu,Theni,Kambam(Uzhavar Sandhai ),Snakeguard,Snakeguard,Local,27/08/2026,3500,4500,4000
Tamil Nadu,Coimbatore,Sulur(Uzhavar Sandhai ),Snakeguard,Snakeguard,Local,27/08/2026,3500,4000,3750
Tamil Nadu,Karur,Gandhigramam(Uzhavar Sandhai),Snakeguard,Snakeguard,Local,27/08/2026,3500,4000,3750
Tamil Nadu,Virudhunagar,Virudhunagar(Uzhavar Sandhai ),Snakeguard,Snakeguard,Local,27/08/2026,2000,2500,2250
Tamil Nadu,Sivaganga,Tirupatthur(Uzhavar Sandhai ),Snakeguard,Snakeguard,Local,27/08/2026,3500,4000,3750
Tamil Nadu,Sivaganga,Karaikudi(Uzhavar Sandhai ),Snakeguard,Snakeguard,Local,27/08/2026,3500,4000,3750
Tamil Nadu,Vellore,Pallikonda(Uzhavar Sandhai),Snakeguard,Snakeguard,Local,27/08/2026,2500,2500,2500
Tamil Nadu,Madurai,Anaiyur(Uzhavar Sandhai ),Snakeguard,Snakeguard,Local,27/08/2026,3600,4500,4050
Tamil Nadu,Virudhunagar,Kariyapatti(Uzhavar Sandhai ),Snakeguard,Snakeguard,Local,27/08/2026,3500,4000,3750
Tamil Nadu,Erode,Thalavadi(Uzhavar Sandhai ),Snakeguard,Snakeguard,Local,27/08/2026,4400,4800,4600
Tamil Nadu,Thirupathur,Vaniyampadi(Uzhavar Sandhai ),Snakeguard,Snakeguard,Local,27/08/2026,3000,3000,3000
Tamil Nadu,Chengalpattu,Pallavaram(Uzhavar Sandhai ),Snakeguard,Snakeguard,Local,27/08/2026,3500,4000,3750
Keralam,Thiruvananthapuram,Parassala Market,Snakeguard,Snakeguard,Local,27/08/2026,8000,8400,8200
Tamil Nadu,Namakkal,Mohanur(Uzhavar Sandhai ),Beetroot,Beetroot,Local,27/08/2026,5600,7000,6300
Tamil Nadu,Karur,Gandhigramam(Uzhavar Sandhai),Beetroot,Beetroot,Local,27/08/2026,7500,8000,7750
Tamil Nadu,Karur,Karur(Uzhavar Sandhai ),Beetroot,Beetroot,Local,27/08/2026,7500,8000,7750
Tamil Nadu,Thirupathur,Vaniyampadi(Uzhavar Sandhai ),Beetroot,Beetroot,Local,27/08/2026,6000,6000,6000
Tamil Nadu,Erode,Sathiyamagalam(Uzhavar Sandhai ),Beetroot,Beetroot,Local,27/08/2026,6000,6400,6200
Tamil Nadu,Madurai,Chokkikulam(Uzhavar Sandhai ),Beetroot,Beetroot,Local,27/08/2026,4500,5500,5000
Tamil Nadu,Erode,Gobichettipalayam(Uzhavar Sandhai ),Beetroot,Beetroot,Local,27/08/2026,7000,8000,7500
Tamil Nadu,Sivaganga,Sivagangai (Uzhavar Sandhai ),Beetroot,Beetroot,Local,27/08/2026,5200,5600,5400
Tamil Nadu,Krishnagiri,Hosur(Uzhavar Sandhai ),Beetroot,Beetroot,Local,27/08/2026,3500,4000,3750
Tamil Nadu,Nagapattinam,Mayiladuthurai(Uzhavar Sandhai ),Beetroot,Beetroot,Local,27/08/2026,6000,6000,6000
Tamil Nadu,Dharmapuri,Palacode(Uzhavar Sandhai ),Beetroot,Beetroot,Local,27/08/2026,5400,5800,5600
Tamil Nadu,Namakkal,Namakkal(Uzhavar Sandhai ),Beetroot,Beetroot,Local,27/08/2026,8000,8500,8250
Tamil Nadu,Sivaganga,Karaikudi(Uzhavar Sandhai ),Beetroot,Beetroot,Local,27/08/2026,5500,6000,5750
Tamil Nadu,Sivaganga,Devakottai (Uzhavar Sandhai ),Beetroot,Beetroot,Local,27/08/2026,5000,5800,5400
Tamil Nadu,Salem,Jalagandapuram(Uzhavar Sandhai ),Beetroot,Beetroot,Local,27/08/2026,5000,6000,5500
Tamil Nadu,Theni,Chinnamanur(Uzhavar Sandhai ),Beetroot,Beetroot,Local,27/08/2026,3600,3600,3600
Tamil Nadu,Thirunelveli,NGO Colony(Uzhavar Sandhai ),Beetroot,Beetroot,Local,27/08/2026,4600,5600,5100
Tamil Nadu,Vellore,Thirupathur APMC,Beetroot,Beetroot,Local,27/08/2026,5600,5600,5600
Tamil Nadu,Salem,Thammampatti (Uzhavar Sandhai ),Beetroot,Beetroot,Local,27/08/2026,6500,7000,6750
Tamil Nadu,Thirupur,Kangayam(Uzhavar Sandhai ),Beetroot,Beetroot,Local,27/08/2026,2500,3000,2750
Tamil Nadu,Theni,Devaram(Uzhavar Sandhai ),Beetroot,Beetroot,Local,27/08/2026,3500,3500,3500
Tamil Nadu,Coimbatore,Sulur(Uzhavar Sandhai ),Beetroot,Beetroot,Local,27/08/2026,5000,7500,6250
Tamil Nadu,Namakkal,Kumarapalayam(Uzhavar Sandhai ),Beetroot,Beetroot,Local,27/08/2026,6500,7500,7000
Tamil Nadu,Virudhunagar,Virudhunagar(Uzhavar Sandhai ),Beetroot,Beetroot,Local,27/08/2026,3500,4000,3750
Tamil Nadu,Thiruchirappalli,KKNagar(Uzhavar Sandhai ),Beetroot,Beetroot,Local,27/08/2026,5000,5000,5000
Tamil Nadu,Salem,Thathakapatti(Uzhavar Sandhai ),Beetroot,Beetroot,Local,27/08/2026,7600,8000,7800
Telangana,Ranga Reddy,"Vanasthalipuram,RBZ ",Beetroot,Beetroot,Grade A,27/08/2026,3500,3500,3500
Uttar Pradesh,Bulandshahar,Gulavati APMC,Cucumbar(Kheera),Cucumbar,FAQ,27/08/2026,1400,1600,1500
Tamil Nadu,Thiruvannamalai,Chengam(Uzhavar Sandhai ),Cucumbar(Kheera),Cucumbar,Local,27/08/2026,4200,4800,4500
Tamil Nadu,Thirupathur,Vaniyampadi(Uzhavar Sandhai ),Cucumbar(Kheera),Cucumbar,Local,27/08/2026,4000,4000,4000
Tamil Nadu,Salem,Elampillai(Uzhavar Sandhai ),Cucumbar(Kheera),Cucumbar,Local,27/08/2026,3500,4000,3750
Tamil Nadu,Thirupathur,Natrampalli(Uzhavar Sandhai ),Cucumbar(Kheera),Cucumbar,Local,27/08/2026,2500,3000,2750
Tamil Nadu,Coimbatore,RSPuram(Uzhavar Sandhai ),Cucumbar(Kheera),Cucumbar,Local,27/08/2026,3400,3800,3600
Tamil Nadu,Erode,Thalavadi(Uzhavar Sandhai ),Cucumbar(Kheera),Cucumbar,Local,27/08/2026,2000,2400,2200
Tamil Nadu,Krishnagiri,Avallapalli(Uzhavar Sandhai ),Cucumbar(Kheera),Cucumbar,Local,27/08/2026,2500,3000,2750
Tamil Nadu,Dharmapuri,Harur(Uzhavar Sandhai ),Cucumbar(Kheera),Cucumbar,Local,27/08/2026,4000,5000,4500
Tamil Nadu,Namakkal,Namakkal(Uzhavar Sandhai ),Cucumbar(Kheera),Cucumbar,Local,27/08/2026,6000,9000,7500
Tamil Nadu,Madurai,Chokkikulam(Uzhavar Sandhai ),Cucumbar(Kheera),Cucumbar,Local,27/08/2026,4000,5000,4500
Tamil Nadu,Theni,Kambam(Uzhavar Sandhai ),Cucumbar(Kheera),Cucumbar,Local,27/08/2026,1800,1800,1800
Tamil Nadu,Ranipet,Ranipettai(Uzhavar Sandhai ),Cucumbar(Kheera),Cucumbar,Local,27/08/2026,4000,4000,4000
Tamil Nadu,Salem,Mettur(Uzhavar Sandhai ),Cucumbar(Kheera),Cucumbar,Local,27/08/2026,3500,4000,3750
Tamil Nadu,Kancheepuram,Padappai(Uzhavar Sandhai ),Cucumbar(Kheera),Cucumbar,Local,27/08/2026,2000,3000,2500
Odisha,Mayurbhanja,Betnoti APMC,Cucumbar(Kheera),Cucumbar,FAQ,27/08/2026,2300,2700,2500
Himachal Pradesh,Kangra,SMY Palampur,Cucumbar(Kheera),Cucumbar,FAQ,27/08/2026,2800,4000,3400
Uttarakhand,Haridwar,Roorkee APMC,Cucumbar(Kheera),Other,Local,27/08/2026,700,900,800
Haryana,Hissar,Hansi APMC,Cucumbar(Kheera),Other,FAQ,27/08/2026,2500,3500,3000
Punjab,Mohali,Lalru APMC,Cucumbar(Kheera),Other,Local,27/08/2026,2500,2500,2500
Gujarat,Gandhinagar,Mansa(Manas Veg Yard) APMC,Cucumbar(Kheera),Other,Local,27/08/2026,2500,3000,3000
Punjab,Amritsar,Rayya APMC,Ridgeguard(Tori),Other,FAQ,27/08/2026,2052,2052,2052
Haryana,Hissar,Hansi APMC,Ridgeguard(Tori),Other,FAQ,27/08/2026,3000,3500,3250
Odisha,Dhenkanal,Hindol APMC,Ridgeguard(Tori),Other,Grade B,27/08/2026,5000,5500,5200
Punjab,Ludhiana,Doraha APMC,Ridgeguard(Tori),Other,Local,27/08/2026,1000,2000,1500
Tripura,South Tripura,Barpathari APMC,Ridgeguard(Tori),Ridgeguard(Tori),Local,27/08/2026,4900,5100,5000
Tamil Nadu,Thiruvellore,Perambakkam(Uzhavar Sandhai ),Ridgeguard(Tori),Ridgeguard(Tori),Local,27/08/2026,5000,5000,5000
Tamil Nadu,Krishnagiri,Avallapalli(Uzhavar Sandhai ),Ridgeguard(Tori),Ridgeguard(Tori),Local,27/08/2026,3000,3500,3250
Tamil Nadu,Chengalpattu,Pallavaram(Uzhavar Sandhai ),Ridgeguard(Tori),Ridgeguard(Tori),Local,27/08/2026,6000,7000,6500
Tamil Nadu,Perambalur,Perambalur(Uzhavar Sandhai ),Ridgeguard(Tori),Ridgeguard(Tori),Local,27/08/2026,5600,5600,5600
Tamil Nadu,Thiruchirappalli,Thiruverumbur(Uzhavar Sandhai ),Ridgeguard(Tori),Ridgeguard(Tori),Local,27/08/2026,5600,5600,5600
Tamil Nadu,Madurai,Palanganatham(Uzhavar Sandhai ),Ridgeguard(Tori),Ridgeguard(Tori),Local,27/08/2026,5000,6000,5500
Tamil Nadu,Chengalpattu,Thirukalukundram(Uzhavar Sandhai ),Ridgeguard(Tori),Ridgeguard(Tori),Local,27/08/2026,7000,7500,7250
Tamil Nadu,Salem,Vazhapadi(Uzhavar Sandhai),Ridgeguard(Tori),Ridgeguard(Tori),Local,27/08/2026,4000,4500,4250
Tamil Nadu,Chengalpattu,Nanganallur(Uzhavar Sandhai ),Ridgeguard(Tori),Ridgeguard(Tori),Local,27/08/2026,6500,7000,6750
Tamil Nadu,Salem,Thammampatti (Uzhavar Sandhai ),Ridgeguard(Tori),Ridgeguard(Tori),Local,27/08/2026,4000,4500,4250
Tamil Nadu,Nagapattinam,Sirkali(Uzhavar Sandhai ),Ridgeguard(Tori),Ridgeguard(Tori),Local,27/08/2026,5500,6000,5750
Tamil Nadu,Salem,Hasthampatti(Uzhavar Sandhai ),Ridgeguard(Tori),Ridgeguard(Tori),Local,27/08/2026,3500,4000,3750
Tamil Nadu,Thanjavur,Pattukottai(Uzhavar Sandhai ),Ridgeguard(Tori),Ridgeguard(Tori),Local,27/08/2026,5600,5600,5600
Tamil Nadu,Salem,Ammapet(Uzhavar Sandhai ),Ridgeguard(Tori),Ridgeguard(Tori),Local,27/08/2026,3500,4000,3750
Tamil Nadu,Karur,Velayuthampalayam(Uzhavar Sandhai ),Ridgeguard(Tori),Ridgeguard(Tori),Local,27/08/2026,4000,5000,4500
Tamil Nadu,Coimbatore,Singanallur(Uzhavar Sandhai ),Ridgeguard(Tori),Ridgeguard(Tori),Local,27/08/2026,3500,4000,3750
Tamil Nadu,Kallakuruchi,Kallakurichi(Uzhavar Sandhai ),Ridgeguard(Tori),Ridgeguard(Tori),Local,27/08/2026,4000,4000,4000
Tamil Nadu,Thiruchirappalli,Manachanallur(Uzhavar Sandhai ),Ridgeguard(Tori),Ridgeguard(Tori),Local,27/08/2026,5600,5600,5600
Tamil Nadu,Thiruvannamalai,Arani(Uzhavar Sandhai ),Ridgeguard(Tori),Ridgeguard(Tori),Local,27/08/2026,3500,4200,3850
Tamil Nadu,Virudhunagar,Rajapalayam(Uzhavar Sandhai ),Ridgeguard(Tori),Ridgeguard(Tori),Local,27/08/2026,3500,4000,3750
Tamil Nadu,Sivaganga,Devakottai (Uzhavar Sandhai ),Ridgeguard(Tori),Ridgeguard(Tori),Local,27/08/2026,4400,5200,4800
Tamil Nadu,Nagapattinam,Vedaranyam(Uzhavar Sandhai),Ridgeguard(Tori),Ridgeguard(Tori),Local,27/08/2026,3800,4000,3900
Tamil Nadu,Salem,Elampillai(Uzhavar Sandhai ),Ridgeguard(Tori),Ridgeguard(Tori),Local,27/08/2026,3500,4000,3750
Tamil Nadu,Dharmapuri,Harur(Uzhavar Sandhai ),Ridgeguard(Tori),Ridgeguard(Tori),Local,27/08/2026,3500,4000,3750
Tamil Nadu,The Nilgiris,Udhagamandalam(Uzhavar Sandhai ),Ridgeguard(Tori),Ridgeguard(Tori),Local,27/08/2026,4500,4800,4650
Tamil Nadu,Coimbatore,Vadavalli(Uzhavar Sandhai ),Ridgeguard(Tori),Ridgeguard(Tori),Local,27/08/2026,3600,4000,3800
Tamil Nadu,Karur,Vengamedu(Uzhavar Sandhai ),Ridgeguard(Tori),Ridgeguard(Tori),Local,27/08/2026,4500,5000,4750
Tamil Nadu,Virudhunagar,Virudhunagar(Uzhavar Sandhai ),Ridgeguard(Tori),Ridgeguard(Tori),Local,27/08/2026,3500,4000,3750
Tamil Nadu,Thiruvannamalai,Polur(Uzhavar Sandhai ),Ridgeguard(Tori),Ridgeguard(Tori),Local,27/08/2026,4000,4800,4400
Tamil Nadu,Sivaganga,Karaikudi(Uzhavar Sandhai ),Ridgeguard(Tori),Ridgeguard(Tori),Local,27/08/2026,4500,5500,5000
Tamil Nadu,Salem,Attayampatti(Uzhavar Sandhai ),Ridgeguard(Tori),Ridgeguard(Tori),Local,27/08/2026,4000,4600,4300
Haryana,Sonipat,Ganaur APMC,Ridgeguard(Tori),Ridgeguard(Tori),Medium,27/08/2026,2500,3000,2800
Haryana,Hissar,Hansi APMC,Raddish,Other,FAQ,27/08/2026,2000,2500,2250
Tamil Nadu,Karur,Velayuthampalayam(Uzhavar Sandhai ),Raddish,Raddish,Local,27/08/2026,2400,3000,2700
Tamil Nadu,Namakkal,Tiruchengode APMC,Raddish,Raddish,Local,27/08/2026,2400,2800,2600
Tamil Nadu,Namakkal,Namakkal(Uzhavar Sandhai ),Raddish,Raddish,Local,27/08/2026,3000,3500,3250
Tamil Nadu,Thiruchirappalli,Manachanallur(Uzhavar Sandhai ),Raddish,Raddish,Local,27/08/2026,3000,3000,3000
Tamil Nadu,Thiruvannamalai,Vandavasi(Uzhavar Sandhai ),Raddish,Raddish,Local,27/08/2026,2500,3000,2750
Tamil Nadu,Thiruchirappalli,Thiruverumbur(Uzhavar Sandhai ),Raddish,Raddish,Local,27/08/2026,3000,3000,3000
Tamil Nadu,Thiruvannamalai,Cheyyar(Uzhavar Sandhai ),Raddish,Raddish,Local,27/08/2026,2500,3000,2750
Tamil Nadu,Thirupur,Dharapuram(Uzhavar Sandhai ),Raddish,Raddish,Local,27/08/2026,3000,3500,3250
Tamil Nadu,Karur,Karur(Uzhavar Sandhai ),Raddish,Raddish,Local,27/08/2026,2500,3000,2750
Tamil Nadu,Madurai,Melur(Uzhavar Sandhai ),Raddish,Raddish,Local,27/08/2026,2800,3000,2900
Tamil Nadu,Erode,Perundurai(Uzhavar Sandhai ),Raddish,Raddish,Local,27/08/2026,2200,2500,2350
Tamil Nadu,Salem,Elampillai(Uzhavar Sandhai ),Raddish,Raddish,Local,27/08/2026,2500,2800,2650
Tamil Nadu,Villupuram,Villupuram(Uzhavar Sandhai ),Raddish,Raddish,Local,27/08/2026,4000,4000,4000
Tamil Nadu,Salem,Mettur(Uzhavar Sandhai ),Raddish,Raddish,Local,27/08/2026,2500,3000,2750
Tamil Nadu,Thirunelveli,Melapalayam(Uzhavar Sandhai ),Raddish,Raddish,Local,27/08/2026,3000,3500,3250
Tamil Nadu,Madurai,Anaiyur(Uzhavar Sandhai ),Raddish,Raddish,Local,27/08/2026,2500,3000,2750
Tamil Nadu,Erode,Gobichettipalayam(Uzhavar Sandhai ),Raddish,Raddish,Local,27/08/2026,2500,3000,2750
Tamil Nadu,Krishnagiri,Avallapalli(Uzhavar Sandhai ),Raddish,Raddish,Local,27/08/2026,1500,2000,1750
Tamil Nadu,Nagapattinam,Mayiladuthurai(Uzhavar Sandhai ),Raddish,Raddish,Local,27/08/2026,3500,4000,3750
Tamil Nadu,Villupuram,Tindivanam APMC,Raddish,Raddish,Local,27/08/2026,3800,3800,3800
Tamil Nadu,Perambalur,Perambalur(Uzhavar Sandhai ),Raddish,Raddish,Local,27/08/2026,2800,3200,3000
Tamil Nadu,Thirupathur,Natrampalli(Uzhavar Sandhai ),Raddish,Raddish,Local,27/08/2026,1500,2000,1750
Tamil Nadu,Erode,Thalavadi(Uzhavar Sandhai ),Raddish,Raddish,Local,27/08/2026,2400,2800,2600
Tamil Nadu,Vellore,Thirupathur APMC,Raddish,Raddish,Local,27/08/2026,2400,2400,2400
Tamil Nadu,Virudhunagar,Srivilliputhur(Uzhavar Sandhai ),Raddish,Raddish,Local,27/08/2026,3000,3500,3250
Tamil Nadu,Salem,Edapadi (Uzhavar Sandhai ),Raddish,Raddish,Local,27/08/2026,2000,2500,2250
Tamil Nadu,Nagapattinam,Sirkali(Uzhavar Sandhai ),Raddish,Raddish,Local,27/08/2026,3600,4000,3800
Tamil Nadu,Thirupur,Tiruppur (North) (Uzhavar Sandhai ),Raddish,Raddish,Local,27/08/2026,3000,3500,3250
Tamil Nadu,Nagercoil (Kannyiakumari),Vadaseri APMC,Raddish,Raddish,Local,27/08/2026,4500,5000,4750
Tamil Nadu,Salem,Ammapet(Uzhavar Sandhai ),Thondekai,Thondekai,Local,27/08/2026,5000,5000,5000
Tamil Nadu,Tuticorin,Kovilpatti(Uzhavar Sandhai ),Thondekai,Thondekai,Local,27/08/2026,4000,4500,4250
Tamil Nadu,Coimbatore,Pollachi(Uzhavar Sandhai ),Thondekai,Thondekai,Local,27/08/2026,4500,5000,4750
Tamil Nadu,Krishnagiri,Hosur(Uzhavar Sandhai ),Thondekai,Thondekai,Local,27/08/2026,3500,4000,3750
Tamil Nadu,Dharmapuri,Dharmapuri(Uzhavar Sandhai ),Thondekai,Thondekai,Local,27/08/2026,4800,5200,5000
Tamil Nadu,Namakkal,Rasipuram(Uzhavar Sandhai ),Thondekai,Thondekai,Local,27/08/2026,4500,5000,4750
Tamil Nadu,Karur,Kulithalai(Uzhavar Sandhai ),Thondekai,Thondekai,Local,27/08/2026,4500,5000,4750
Tamil Nadu,Namakkal,Namakkal(Uzhavar Sandhai ),Thondekai,Thondekai,Local,27/08/2026,3500,4000,3750
Tamil Nadu,Kallakuruchi,Kallakurichi(Uzhavar Sandhai ),Thondekai,Thondekai,Local,27/08/2026,5000,5000,5000
Tamil Nadu,Krishnagiri,Denkanikottai(Uzhavar Sandhai ),Thondekai,Thondekai,Local,27/08/2026,3000,4000,3500
Tamil Nadu,Theni,Kambam(Uzhavar Sandhai ),Thondekai,Thondekai,Local,27/08/2026,2800,2800,2800
Tamil Nadu,Cuddalore,Vadalur(Uzhavar Sandhai ),Thondekai,Thondekai,Local,27/08/2026,5000,5000,5000
Tamil Nadu,Coimbatore,Sundarapuram(Uzhavar Sandhai ),Thondekai,Thondekai,Local,27/08/2026,3500,4000,3750
Tamil Nadu,Coimbatore,Mettupalayam(Uzhavar Sandhai ),Thondekai,Thondekai,Local,27/08/2026,3000,3500,3250
Tamil Nadu,Chengalpattu,Thirukalukundram(Uzhavar Sandhai ),Thondekai,Thondekai,Local,27/08/2026,4000,5000,4500
Tamil Nadu,The Nilgiris,Udhagamandalam(Uzhavar Sandhai ),Thondekai,Thondekai,Local,27/08/2026,4500,5000,4750
Tamil Nadu,Salem,Vazhapadi(Uzhavar Sandhai),Thondekai,Thondekai,Local,27/08/2026,5000,5000,5000
Tamil Nadu,Villupuram,Tindivanam APMC,Thondekai,Thondekai,Local,27/08/2026,3500,3500,3500
Tamil Nadu,Dharmapuri,Palacode(Uzhavar Sandhai ),Thondekai,Thondekai,Local,27/08/2026,4800,5000,4900
Tamil Nadu,Salem,Sooramangalam(Uzhavar Sandhai ),Capsicum,Capsicum,Local,27/08/2026,5000,5600,5300
Tamil Nadu,Kallakuruchi,Kallakurichi(Uzhavar Sandhai ),Capsicum,Capsicum,Local,27/08/2026,9000,9000,9000
Tamil Nadu,Cuddalore,Cuddalore(Uzhavar Sandhai ),Capsicum,Capsicum,Local,27/08/2026,6000,6000,6000
Tamil Nadu,Dharmapuri,Pennagaram(Uzhavar Sandhai ),Capsicum,Capsicum,Local,27/08/2026,6600,7000,6800
Tamil Nadu,Coimbatore,RSPuram(Uzhavar Sandhai ),Capsicum,Capsicum,Local,27/08/2026,5000,5600,5300
Tamil Nadu,Vellore,Thirupathur APMC,Capsicum,Capsicum,Local,27/08/2026,5000,5000,5000
Tamil Nadu,Kancheepuram,Kundrathur(Uzhavar Sandhai ),Capsicum,Capsicum,Local,27/08/2026,5000,5000,5000
Tamil Nadu,Coimbatore,Sundarapuram(Uzhavar Sandhai ),Capsicum,Capsicum,Local,27/08/2026,5500,6000,5750
Tamil Nadu,Coimbatore,Mettupalayam(Uzhavar Sandhai ),Capsicum,Capsicum,Local,27/08/2026,6000,7000,6500
Tamil Nadu,Namakkal,Namakkal(Uzhavar Sandhai ),Capsicum,Capsicum,Local,27/08/2026,5500,6000,5750
Tamil Nadu,Salem,Jalagandapuram(Uzhavar Sandhai ),Capsicum,Capsicum,Local,27/08/2026,5400,5800,5600
Tamil Nadu,Villupuram,Tindivanam APMC,Capsicum,Capsicum,Local,27/08/2026,6000,6000,6000
Tamil Nadu,Thirunelveli,Palayamkottai(Uzhavar Sandhai ),Capsicum,Capsicum,Local,27/08/2026,5500,6000,5750
Tamil Nadu,Chengalpattu,Nanganallur(Uzhavar Sandhai ),Capsicum,Capsicum,Local,27/08/2026,4500,5000,4750
Jammu and Kashmir,Rajouri,Rajouri (Phaliana) (F&V),Capsicum,Capsicum,Grade B,27/08/2026,5000,5000,5000
Himachal Pradesh,Kangra,SMY Palampur,Capsicum,Capsicum,FAQ,27/08/2026,4000,5000,4500
Himachal Pradesh,Kangra,SMY Jaisinghpur,Capsicum,Capsicum,FAQ,27/08/2026,4500,5500,5000
Punjab,Mohali,Kurali APMC,Capsicum,Other,Medium,27/08/2026,4700,4900,4800
Tamil Nadu,Madurai,Anaiyur(Uzhavar Sandhai ),Green Avare(W),Green Avare (W),Local,27/08/2026,4000,7000,5500
Tamil Nadu,Thirupathur,Vaniyampadi(Uzhavar Sandhai ),Green Avare(W),Green Avare (W),Local,27/08/2026,4000,4000,4000
Tamil Nadu,Salem,Thathakapatti(Uzhavar Sandhai ),Green Avare(W),Green Avare (W),Local,27/08/2026,5500,6500,6000
Tamil Nadu,Ariyalur,Ariyalur(Uzhavar Sandhai),Green Avare(W),Green Avare (W),Local,27/08/2026,7000,8000,7500
Tamil Nadu,Coimbatore,Kurichi(Uzhavar Sandhai ),Green Avare(W),Green Avare (W),Local,27/08/2026,5400,5800,5600
Tamil Nadu,Thirunelveli,NGO Colony(Uzhavar Sandhai ),Green Avare(W),Green Avare (W),Local,27/08/2026,4500,5500,5000
Tamil Nadu,Vellore,Thirupathur APMC,Green Avare(W),Green Avare (W),Local,27/08/2026,4600,4600,4600
Tamil Nadu,Pudukkottai,Ponnamaravathi(Uzhavar Sandhai),Green Avare(W),Green Avare (W),Local,27/08/2026,5500,6000,5750
Tamil Nadu,Vellore,Perampet(Uzhavar Sandhai),Green Avare(W),Green Avare (W),Local,27/08/2026,5000,5000,5000
Tamil Nadu,Thiruvarur,Valangaiman APMC,Green Avare(W),Green Avare (W),Local,27/08/2026,6000,6000,6000
Tamil Nadu,Kallakuruchi,Kallakurichi(Uzhavar Sandhai ),Green Avare(W),Green Avare (W),Local,27/08/2026,7000,7000,7000
Tamil Nadu,Virudhunagar,Rajapalayam(Uzhavar Sandhai ),Green Avare(W),Green Avare (W),Local,27/08/2026,3500,4000,3750
Tamil Nadu,Thiruchirappalli,Thuraiyur APMC,Green Avare(W),Green Avare (W),Local,27/08/2026,4000,4500,4250
Tamil Nadu,The Nilgiris,Gudalur(Uzhavar Sandhai ),Green Avare(W),Green Avare (W),Local,27/08/2026,4500,5000,4750
Tamil Nadu,Coimbatore,Sulur(Uzhavar Sandhai ),Green Avare(W),Green Avare (W),Local,27/08/2026,5000,5600,5300
Tamil Nadu,Villupuram,Ulundurpettai APMC,Green Avare(W),Green Avare (W),Local,27/08/2026,8000,8000,8000
Tamil Nadu,Erode,Perundurai(Uzhavar Sandhai ),Green Avare(W),Green Avare (W),Local,27/08/2026,5000,5500,5250
Tamil Nadu,Dharmapuri,Pennagaram(Uzhavar Sandhai ),Green Avare(W),Green Avare (W),Local,27/08/2026,6500,7000,6750
Tamil Nadu,Salem,Athur(Uzhavar Sandhai ),Green Avare(W),Green Avare (W),Local,27/08/2026,7500,8000,7750
Tamil Nadu,Salem,Edapadi (Uzhavar Sandhai ),Green Avare(W),Other,Local,27/08/2026,7000,8000,7500
Tamil Nadu,Pudukkottai,Pudukottai(Uzhavar Sandhai ),Green Avare(W),Other,Local,27/08/2026,5000,6000,5500
Tamil Nadu,Namakkal,Paramathivelur(Uzhavar Sandhai ),Green Avare(W),Other,Local,27/08/2026,7200,8000,7600
Tamil Nadu,Thiruchirappalli,Manapparai(Uzhavar Sandhai ),Green Avare(W),Other,Local,27/08/2026,7600,7600,7600
Tamil Nadu,Theni,Kambam(Uzhavar Sandhai ),Green Avare(W),Other,Local,27/08/2026,3000,3500,3250
Tamil Nadu,Tuticorin,Tuticorin(Uzhavar Sandhai ),Green Avare(W),Other,Local,27/08/2026,7500,8000,7750
Tamil Nadu,Dindigul,Dindigul(Uzhavar Sandhai ),Green Avare(W),Other,Local,27/08/2026,7000,8000,7500
Tamil Nadu,Erode,Sathiyamagalam(Uzhavar Sandhai ),Green Avare(W),Other,Local,27/08/2026,5000,5600,5300
Tamil Nadu,Vellore,Kahithapattarai(Uzhavar Sandhai ),Green Avare(W),Other,Local,27/08/2026,3500,3500,3500
Tamil Nadu,Kancheepuram,Padappai(Uzhavar Sandhai ),Green Avare(W),Other,Local,27/08/2026,5000,6000,5500
Tamil Nadu,Karur,Velayuthampalayam(Uzhavar Sandhai ),Green Avare(W),Other,Local,27/08/2026,5200,6000,5600
Tamil Nadu,Namakkal,Tiruchengode APMC,Chow Chow,Chow Chow,Local,27/08/2026,2500,3000,2750
Tamil Nadu,Salem,Edapadi (Uzhavar Sandhai ),Chow Chow,Chow Chow,Local,27/08/2026,3000,4000,3500
Tamil Nadu,Chengalpattu,Nanganallur(Uzhavar Sandhai ),Chow Chow,Chow Chow,Local,27/08/2026,4500,5000,4750
Tamil Nadu,Vellore,Kahithapattarai(Uzhavar Sandhai ),Chow Chow,Chow Chow,Local,27/08/2026,3000,3000,3000
Tamil Nadu,Cuddalore,Vadalur(Uzhavar Sandhai ),Chow Chow,Chow Chow,Local,27/08/2026,4000,4800,4400
Tamil Nadu,Salem,Ammapet(Uzhavar Sandhai ),Chow Chow,Chow Chow,Local,27/08/2026,4500,4500,4500
Tamil Nadu,Madurai,Anaiyur(Uzhavar Sandhai ),Chow Chow,Chow Chow,Local,27/08/2026,2500,3000,2750
Tamil Nadu,Madurai,Anna nagar(Uzhavar Sandhai ),Chow Chow,Chow Chow,Local,27/08/2026,2500,3000,2750
Tamil Nadu,Salem,Thammampatti (Uzhavar Sandhai ),Chow Chow,Chow Chow,Local,27/08/2026,4000,4000,4000
Tamil Nadu,Krishnagiri,Kaveripattinam(Uzhavar Sandhai ),Chow Chow,Chow Chow,Local,27/08/2026,4000,4000,4000
Tamil Nadu,Coimbatore,Sulur(Uzhavar Sandhai ),Chow Chow,Chow Chow,Local,27/08/2026,3200,3600,3400
Tamil Nadu,Virudhunagar,Virudhunagar(Uzhavar Sandhai ),Chow Chow,Chow Chow,Local,27/08/2026,3500,4000,3750
Tamil Nadu,Virudhunagar,Srivilliputhur(Uzhavar Sandhai ),Chow Chow,Chow Chow,Local,27/08/2026,3000,3500,3250
Tamil Nadu,Thiruchirappalli,Thuraiyur APMC,Chow Chow,Chow Chow,Local,27/08/2026,3500,4000,3750
Tamil Nadu,Thiruchirappalli,KKNagar(Uzhavar Sandhai ),Chow Chow,Chow Chow,Local,27/08/2026,4000,4000,4000
Tamil Nadu,Krishnagiri,Denkanikottai(Uzhavar Sandhai ),Chow Chow,Chow Chow,Local,27/08/2026,2000,2500,2250
Tamil Nadu,Thirupur,Palladam(Uzhavar Sandhai ),Chow Chow,Chow Chow,Local,27/08/2026,2500,3000,2750
Tamil Nadu,Namakkal,Rasipuram(Uzhavar Sandhai ),Chow Chow,Chow Chow,Local,27/08/2026,2500,3000,2750
Tamil Nadu,Coimbatore,Pollachi(Uzhavar Sandhai ),Chow Chow,Chow Chow,Local,27/08/2026,3500,4000,3750
Tamil Nadu,Thiruvannamalai,Chengam(Uzhavar Sandhai ),Chow Chow,Chow Chow,Local,27/08/2026,3600,4000,3800
Tamil Nadu,Erode,Sathiyamagalam(Uzhavar Sandhai ),Chow Chow,Chow Chow,Local,27/08/2026,2500,3000,2750
Tamil Nadu,Sivaganga,Sivagangai (Uzhavar Sandhai ),Chow Chow,Chow Chow,Local,27/08/2026,2600,3200,2900
Tamil Nadu,Krishnagiri,Hosur(Uzhavar Sandhai ),Chow Chow,Chow Chow,Local,27/08/2026,2000,2500,2250
Tamil Nadu,Coimbatore,Sundarapuram(Uzhavar Sandhai ),Drumstick,Drumstick,Local,27/08/2026,3000,3600,3300
Tamil Nadu,Coimbatore,Sulur(Uzhavar Sandhai ),Drumstick,Drumstick,Local,27/08/2026,2800,3200,3000
Tamil Nadu,Coimbatore,Kurichi(Uzhavar Sandhai ),Drumstick,Drumstick,Local,27/08/2026,3400,3800,3600
Tamil Nadu,Virudhunagar,Sivakasi(Uzhavar Sandhai ),Drumstick,Drumstick,Local,27/08/2026,3500,4000,3750
Tamil Nadu,Sivaganga,Sivagangai (Uzhavar Sandhai ),Drumstick,Drumstick,Local,27/08/2026,3200,5200,4200
Tamil Nadu,Thanjavur,Thanjavur(Uzhavar Sandhai ),Drumstick,Drumstick,Local,27/08/2026,3400,3400,3400
Tamil Nadu,Madurai,Anaiyur(Uzhavar Sandhai ),Drumstick,Drumstick,Local,27/08/2026,3000,5000,4000
Tamil Nadu,Erode,Thalavadi(Uzhavar Sandhai ),Drumstick,Drumstick,Local,27/08/2026,2500,3000,2750
Tamil Nadu,Chengalpattu,Pallavaram(Uzhavar Sandhai ),Drumstick,Drumstick,Local,27/08/2026,6000,7000,6500
Tamil Nadu,Krishnagiri,Hosur(Uzhavar Sandhai ),Drumstick,Drumstick,Local,27/08/2026,3500,4000,3750
Tamil Nadu,Salem,Thathakapatti(Uzhavar Sandhai ),Drumstick,Drumstick,Local,27/08/2026,2000,2500,2250
Tamil Nadu,Nagercoil (Kannyiakumari),Vadaseri APMC,Drumstick,Drumstick,Local,27/08/2026,4800,5300,5050
Tamil Nadu,Namakkal,Namakkal(Uzhavar Sandhai ),Drumstick,Drumstick,Local,27/08/2026,1500,2000,1750
Tamil Nadu,Vellore,Thirupathur APMC,Drumstick,Drumstick,Local,27/08/2026,4000,4000,4000
Tamil Nadu,Salem,Vazhapadi(Uzhavar Sandhai),Drumstick,Drumstick,Local,27/08/2026,1500,2000,1750
Tamil Nadu,Thirupur,Tiruppur (South) (Uzhavar Sandhai ),Drumstick,Drumstick,Local,27/08/2026,1700,2000,1850
Tamil Nadu,Salem,Hasthampatti(Uzhavar Sandhai ),Drumstick,Drumstick,Local,27/08/2026,2000,2500,2250
Tamil Nadu,Dharmapuri,AJattihalli(Uzhavar Sandhai ),Drumstick,Drumstick,Local,27/08/2026,3000,4000,3500
Tamil Nadu,Dharmapuri,Palacode(Uzhavar Sandhai ),Drumstick,Drumstick,Local,27/08/2026,2000,2500,2250
Tamil Nadu,Salem,Ammapet(Uzhavar Sandhai ),Drumstick,Drumstick,Local,27/08/2026,2000,2500,2250
Tamil Nadu,Nagercoil (Kannyiakumari),Myladi(Uzhavar Sandhai ),Drumstick,Drumstick,Local,27/08/2026,4500,5000,4750
Tamil Nadu,Theni,Kambam(Uzhavar Sandhai ),Drumstick,Drumstick,Local,27/08/2026,2000,2600,2300
Tamil Nadu,Namakkal,Kumarapalayam(Uzhavar Sandhai ),Drumstick,Drumstick,Local,27/08/2026,2000,2500,2250
Tamil Nadu,Virudhunagar,Rajapalayam(Uzhavar Sandhai ),Drumstick,Drumstick,Local,27/08/2026,3500,4000,3750
Tamil Nadu,Madurai,Anna nagar(Uzhavar Sandhai ),Drumstick,Drumstick,Local,27/08/2026,5000,6000,5500
Tamil Nadu,Salem,Elampillai(Uzhavar Sandhai ),Drumstick,Drumstick,Local,27/08/2026,2000,2500,2250
Tamil Nadu,Theni,Andipatti(Uzhavar Sandhai ),Drumstick,Drumstick,Local,27/08/2026,2500,2500,2500
Tamil Nadu,Dharmapuri,Harur(Uzhavar Sandhai ),Drumstick,Drumstick,Local,27/08/2026,3000,3500,3250
Tamil Nadu,Coimbatore,Udumalpet APMC,Drumstick,Drumstick,Local,27/08/2026,2500,3200,2850
Keralam,Kottayam,Athirampuzha Market,Drumstick,Drumstick,FAQ,27/08/2026,4000,4200,4100
Keralam,Kottayam,Pampady Market,Drumstick,Drumstick,FAQ,27/08/2026,6500,7500,7000
Telangana,Ranga Reddy,"Vanasthalipuram,RBZ ",Leafy Vegetable,Leafy Vegetables,Grade A,27/08/2026,5000,5000,5000
Tamil Nadu,Thirupathur,Vaniyampadi(Uzhavar Sandhai ),Mango(Raw-Ripe),Mango - Raw-Ripe,Local,27/08/2026,10000,10000,10000
Tamil Nadu,Thiruchirappalli,KKNagar(Uzhavar Sandhai ),Mango(Raw-Ripe),Mango - Raw-Ripe,Local,27/08/2026,10000,10000,10000
Tamil Nadu,Madurai,Melur(Uzhavar Sandhai ),Mango(Raw-Ripe),Mango - Raw-Ripe,Local,27/08/2026,6000,6500,6250
Tamil Nadu,Madurai,Chokkikulam(Uzhavar Sandhai ),Mango(Raw-Ripe),Mango - Raw-Ripe,Local,27/08/2026,6500,14000,10250
Tamil Nadu,Ranipet,Ranipettai(Uzhavar Sandhai ),Mango(Raw-Ripe),Mango - Raw-Ripe,Local,27/08/2026,8000,8000,8000
Tamil Nadu,Chengalpattu,Pallavaram(Uzhavar Sandhai ),Mango(Raw-Ripe),Mango - Raw-Ripe,Local,27/08/2026,5000,6000,5500
Tamil Nadu,Vellore,Kahithapattarai(Uzhavar Sandhai ),Mango(Raw-Ripe),Mango - Raw-Ripe,Local,27/08/2026,9000,9000,9000
Tamil Nadu,Thanjavur,Kumbakonam (Uzhavar Sandhai ),Mango(Raw-Ripe),Mango - Raw-Ripe,Local,27/08/2026,9600,9600,9600
Tamil Nadu,Thiruchirappalli,Thuraiyur APMC,Mango(Raw-Ripe),Mango - Raw-Ripe,Local,27/08/2026,8000,9000,8500
Tamil Nadu,Sivaganga,Singampunari(Uzhavar Sandhai ),Mango(Raw-Ripe),Mango - Raw-Ripe,Local,27/08/2026,6000,6600,6300
Tamil Nadu,Namakkal,Namakkal(Uzhavar Sandhai ),Mango(Raw-Ripe),Mango - Raw-Ripe,Local,27/08/2026,4500,5000,4750
Tamil Nadu,Thiruvannamalai,Tamarainagar(Uzhavar Sandhai ),Mango(Raw-Ripe),Mango - Raw-Ripe,Local,27/08/2026,7000,8000,7500
Tamil Nadu,Thiruchirappalli,Thiruverumbur(Uzhavar Sandhai ),Mango(Raw-Ripe),Mango - Raw-Ripe,Local,27/08/2026,8000,8000,8000
Tamil Nadu,Thiruvarur,Tiruvarur(Uzhavar Sandhai ),Mango(Raw-Ripe),Mango - Raw-Ripe,Local,27/08/2026,7000,7000,7000
Keralam,Kottayam,Athirampuzha Market,Mango(Raw-Ripe),Mango - Raw-Ripe,FAQ,27/08/2026,7000,7200,7100
Tamil Nadu,The Nilgiris,Udhagamandalam(Uzhavar Sandhai ),Knool Khol,Knool Khol,Local,27/08/2026,4000,4500,4250
Tamil Nadu,Thiruchirappalli,Manapparai(Uzhavar Sandhai ),Knool Khol,Knool Khol,Local,27/08/2026,3600,3600,3600
Tamil Nadu,Thiruvannamalai,Polur(Uzhavar Sandhai ),Knool Khol,Knool Khol,Local,27/08/2026,3300,4000,3650
Tamil Nadu,Chengalpattu,Nanganallur(Uzhavar Sandhai ),Knool Khol,Knool Khol,Local,27/08/2026,4500,5000,4750
Tamil Nadu,Salem,Thammampatti (Uzhavar Sandhai ),Knool Khol,Knool Khol,Local,27/08/2026,4500,5000,4750
Tamil Nadu,Cuddalore,Cuddalore(Uzhavar Sandhai ),Knool Khol,Knool Khol,Local,27/08/2026,3000,3000,3000
Tamil Nadu,Coimbatore,Singanallur(Uzhavar Sandhai ),Knool Khol,Knool Khol,Local,27/08/2026,4000,4500,4250
Tamil Nadu,Ranipet,Ranipettai(Uzhavar Sandhai ),Knool Khol,Knool Khol,Local,27/08/2026,4000,4000,4000
Tamil Nadu,Dharmapuri,Palacode(Uzhavar Sandhai ),Knool Khol,Knool Khol,Local,27/08/2026,4200,4500,4350
Tamil Nadu,Thirupathur,Vaniyampadi(Uzhavar Sandhai ),Knool Khol,Knool Khol,Local,27/08/2026,6000,6000,6000
Tamil Nadu,Madurai,Palanganatham(Uzhavar Sandhai ),Knool Khol,Knool Khol,Local,27/08/2026,4000,4500,4250
Tamil Nadu,Virudhunagar,Rajapalayam(Uzhavar Sandhai ),Lime,Lime,Local,27/08/2026,11000,12000,11500
Tamil Nadu,Karur,Pallapatti (Uzhavar Sandhai ),Lime,Lime,Local,27/08/2026,3500,4000,3750
Tamil Nadu,Thiruvannamalai,Tamarainagar(Uzhavar Sandhai ),Lime,Lime,Local,27/08/2026,4000,5000,4500
Tamil Nadu,Nagapattinam,Sirkali(Uzhavar Sandhai ),Lime,Lime,Local,27/08/2026,3500,4000,3750
Tamil Nadu,Thiruvannamalai,Tiruvannamalai(Uzhavar Sandhai ),Lime,Lime,Local,27/08/2026,3500,4000,3750
Tamil Nadu,Krishnagiri,Hosur(Uzhavar Sandhai ),Lime,Lime,Local,27/08/2026,9000,10000,9500
Tamil Nadu,Vellore,Thirupathur APMC,Jack Fruit(Ripe),Jack Fruit,Local,27/08/2026,3000,3000,3000
Tamil Nadu,Namakkal,Namakkal(Uzhavar Sandhai ),Jack Fruit(Ripe),Jack Fruit,Local,27/08/2026,2500,3000,2750
Tamil Nadu,Thiruvannamalai,Keelpennathur(Uzhavar Sandhai ),Jamun(Narale Hannu),Jamun,Local,27/08/2026,11000,12000,11500
Tamil Nadu,Karur,Kulithalai(Uzhavar Sandhai ),Guava,Guava Allahabad,Local,27/08/2026,4000,5000,4500
Tamil Nadu,Virudhunagar,Sathur(Uzhavar Sandhai ),Guava,Guava Allahabad,Local,27/08/2026,4500,5000,4750
Tamil Nadu,Erode,Thalavadi(Uzhavar Sandhai ),Guava,Guava Allahabad,Local,27/08/2026,5000,5500,5250
Tamil Nadu,Coimbatore,Kurichi(Uzhavar Sandhai ),Guava,Guava Allahabad,Local,27/08/2026,5500,6000,5750
Tamil Nadu,Madurai,Palanganatham(Uzhavar Sandhai ),Guava,Guava Allahabad,Local,27/08/2026,5000,6000,5500
Tamil Nadu,Chengalpattu,Thirukalukundram(Uzhavar Sandhai ),Guava,Guava Allahabad,Local,27/08/2026,5000,6000,5500
Tamil Nadu,Thiruchirappalli,KKNagar(Uzhavar Sandhai ),Guava,Guava Allahabad,Local,27/08/2026,8000,8000,8000
Tamil Nadu,Thirupur,Palladam(Uzhavar Sandhai ),Guava,Guava Allahabad,Local,27/08/2026,3000,4000,3500
Tamil Nadu,Kancheepuram,Kancheepuram(Uzhavar Sandhai ),Guava,Guava Allahabad,Local,27/08/2026,4000,5000,4500
Tamil Nadu,Chengalpattu,Nanganallur(Uzhavar Sandhai ),Guava,Guava Allahabad,Local,27/08/2026,5500,6000,5750
Tamil Nadu,Namakkal,Tiruchengode APMC,Guava,Guava Allahabad,Local,27/08/2026,6000,7000,6500
Haryana,Hissar,Hansi APMC,Guava,Other,Grade B,27/08/2026,3000,5000,4000
Haryana,Sonipat,Ganaur APMC,Guava,Other,Medium,27/08/2026,2500,3000,2800
Tamil Nadu,Theni,Theni(Uzhavar Sandhai ),Karbuja(Musk Melon),Karbhuja,Local,27/08/2026,6000,6000,6000
Tamil Nadu,Kallakuruchi,Kallakurichi(Uzhavar Sandhai ),Karbuja(Musk Melon),Karbhuja,Local,27/08/2026,5000,5000,5000
Tamil Nadu,Salem,Thathakapatti(Uzhavar Sandhai ),Pomegranate,Pomogranate,Local,27/08/2026,12000,16000,14000
Tamil Nadu,Ranipet,Arcot(Uzhavar Sandhai ),Pomegranate,Pomogranate,Local,27/08/2026,15000,15000,15000
Tamil Nadu,Madurai,Anna nagar(Uzhavar Sandhai ),Pomegranate,Pomogranate,Local,27/08/2026,20000,22000,21000
Haryana,Rohtak,Meham,Pomegranate,Pomogranate,Medium,27/08/2026,5000,5000,5000
Tamil Nadu,Salem,Sooramangalam(Uzhavar Sandhai ),Tender Coconut,Tender Coconut,Local,27/08/2026,3500,4000,3750
Tamil Nadu,Vellore,Perampet(Uzhavar Sandhai),Tender Coconut,Tender Coconut,Local,27/08/2026,2000,2500,2250
Tamil Nadu,Salem,Ammapet(Uzhavar Sandhai ),Tender Coconut,Tender Coconut,Local,27/08/2026,3500,4000,3750
Tamil Nadu,Kancheepuram,Padappai(Uzhavar Sandhai ),Tender Coconut,Tender Coconut,Local,27/08/2026,2200,2800,2500
Tamil Nadu,Namakkal,Rasipuram(Uzhavar Sandhai ),Tender Coconut,Tender Coconut,Local,27/08/2026,3000,4000,3500
Tamil Nadu,Kallakuruchi,Sankarapuram(Uzhavar Sandhai ),Tender Coconut,Tender Coconut,Local,27/08/2026,3000,3000,3000
Tamil Nadu,Villupuram,Ulundurpettai APMC,Tender Coconut,Tender Coconut,Local,27/08/2026,3000,3000,3000
Tamil Nadu,Coimbatore,RSPuram(Uzhavar Sandhai ),Tender Coconut,Tender Coconut,Local,27/08/2026,4000,4500,4250
Tamil Nadu,Thirupathur,Vaniyampadi(Uzhavar Sandhai ),Tender Coconut,Tender Coconut,Local,27/08/2026,3000,3000,3000
Tamil Nadu,Namakkal,Rasipuram(Uzhavar Sandhai ),Fig(Anjura/Anjeer),Anjura,Local,27/08/2026,14000,15000,14500
Tamil Nadu,Namakkal,Kumarapalayam(Uzhavar Sandhai ),Jasmine,Jasmine,Local,27/08/2026,55000,60000,57500
Tamil Nadu,Salem,Thathakapatti(Uzhavar Sandhai ),Kakada,Kakada,Local,27/08/2026,25000,30000,27500
Maharashtra,Pune,Pune(Pimpri) APMC,Rajgir,Other,Local,27/08/2026,6,7,7
West Bengal,Darjeeling,Siliguri APMC,Masur Dal,Masur Dal,FAQ,27/08/2026,12300,12700,12500
Tamil Nadu,Thiruvannamalai,Chengam(Uzhavar Sandhai ),Tamarind Fruit,Tamarind Fruit,Local,27/08/2026,9000,10000,9500
Tamil Nadu,Krishnagiri,Hosur(Uzhavar Sandhai ),Tamarind Fruit,Tamarind Fruit,Local,27/08/2026,10000,15000,12500
Tamil Nadu,Dharmapuri,Palacode(Uzhavar Sandhai ),Tamarind Fruit,Tamarind Fruit,Local,27/08/2026,11000,11500,11250
Andhra Pradesh,Ananthapuramu,Rapthadu APMC,Ground Nut Seed,Ground Nut Seed,Grade Range-1,27/08/2026,9500,11500,10500
Gujarat,Rajkot,Dhoraji APMC,Ground Nut Seed,Ground Nut Seed,Local,27/08/2026,8355,9230,9130
Tamil Nadu,Thanjavur,Thanjavur(Uzhavar Sandhai ),Elephant Yam(Suran)/Amorphophallus,Elephant Yam (Suran),Local,27/08/2026,5000,5000,5000
Tamil Nadu,Tuticorin,Kovilpatti(Uzhavar Sandhai ),Elephant Yam(Suran)/Amorphophallus,Elephant Yam (Suran),Local,27/08/2026,4000,4500,4250
Tamil Nadu,Thirupur,Tiruppur (North) (Uzhavar Sandhai ),Elephant Yam(Suran)/Amorphophallus,Elephant Yam (Suran),Local,27/08/2026,3500,4000,3750
Tamil Nadu,Dharmapuri,Palacode(Uzhavar Sandhai ),Elephant Yam(Suran)/Amorphophallus,Elephant Yam (Suran),Local,27/08/2026,5500,6000,5750
Tamil Nadu,Salem,Thathakapatti(Uzhavar Sandhai ),Elephant Yam(Suran)/Amorphophallus,Elephant Yam (Suran),Local,27/08/2026,5000,5500,5250
Tamil Nadu,Dindigul,Dindigul(Uzhavar Sandhai ),Elephant Yam(Suran)/Amorphophallus,Elephant Yam (Suran),Local,27/08/2026,5000,6000,5500
Tamil Nadu,Karur,Gandhigramam(Uzhavar Sandhai),Elephant Yam(Suran)/Amorphophallus,Elephant Yam (Suran),Local,27/08/2026,4000,5000,4500
Tamil Nadu,Virudhunagar,Srivilliputhur(Uzhavar Sandhai ),Elephant Yam(Suran)/Amorphophallus,Elephant Yam (Suran),Local,27/08/2026,4500,5000,4750
Tamil Nadu,Nagapattinam,Sirkali(Uzhavar Sandhai ),Elephant Yam(Suran)/Amorphophallus,Elephant Yam (Suran),Local,27/08/2026,6500,7000,6750
Tamil Nadu,Perambalur,Perambalur(Uzhavar Sandhai ),Elephant Yam(Suran)/Amorphophallus,Elephant Yam (Suran),Local,27/08/2026,5200,5200,5200
Tamil Nadu,Coimbatore,Mettupalayam(Uzhavar Sandhai ),Elephant Yam(Suran)/Amorphophallus,Elephant Yam (Suran),Local,27/08/2026,3500,4000,3750
Maharashtra,Pune,Pune(Moshi) APMC,Elephant Yam(Suran)/Amorphophallus,Other,Local,27/08/2026,2500,2500,2500
Tamil Nadu,Dindigul,Dindigul(Uzhavar Sandhai ),Yam(Ratalu),Yam (Ratalu),Local,27/08/2026,8000,10000,9000
Tamil Nadu,Virudhunagar,Sivakasi(Uzhavar Sandhai ),Yam(Ratalu),Yam (Ratalu),Local,27/08/2026,8000,10000,9000
Tamil Nadu,Kancheepuram,Sunguvarchatram(Uzhavar Sandhai ),Yam(Ratalu),Yam (Ratalu),Local,27/08/2026,4000,4000,4000
Tamil Nadu,Karur,Karur(Uzhavar Sandhai ),Yam(Ratalu),Yam (Ratalu),Local,27/08/2026,9000,10000,9500
Tamil Nadu,Kallakuruchi,Kallakurichi(Uzhavar Sandhai ),Yam(Ratalu),Yam (Ratalu),Local,27/08/2026,3000,3000,3000
Tamil Nadu,Krishnagiri,Avallapalli(Uzhavar Sandhai ),Yam(Ratalu),Yam (Ratalu),Local,27/08/2026,4500,5000,4750
Tamil Nadu,Villupuram,Gingee(Uzhavar Sandhai ),Yam(Ratalu),Yam (Ratalu),Local,27/08/2026,6000,6000,6000
Tamil Nadu,Villupuram,Tindivanam APMC,Yam(Ratalu),Yam (Ratalu),Local,27/08/2026,6000,6000,6000
Tamil Nadu,Virudhunagar,Rajapalayam(Uzhavar Sandhai ),Yam(Ratalu),Yam (Ratalu),Local,27/08/2026,9000,10000,9500
Tamil Nadu,Salem,Thathakapatti(Uzhavar Sandhai ),Yam(Ratalu),Yam (Ratalu),Local,27/08/2026,7000,8000,7500
Tamil Nadu,Thiruvannamalai,Vandavasi(Uzhavar Sandhai ),Yam(Ratalu),Yam (Ratalu),Local,27/08/2026,4000,4800,4400
Tamil Nadu,Thiruvannamalai,Chengam(Uzhavar Sandhai ),Yam(Ratalu),Yam (Ratalu),Local,27/08/2026,5000,6000,5500
Tamil Nadu,Vellore,Kahithapattarai(Uzhavar Sandhai ),Yam(Ratalu),Yam (Ratalu),Local,27/08/2026,5000,5000,5000
Punjab,Mohali,Kurali APMC,French Beans(Frasbean),French Beans (Frasbean),Medium,27/08/2026,6400,6500,6450
Himachal Pradesh,Kangra,SMY Palampur,French Beans(Frasbean),Other,FAQ,27/08/2026,6000,7000,6500
Tamil Nadu,Thanjavur,Thanjavur(Uzhavar Sandhai ),Indian Beans(Seam),Indian Beans (Seam),Local,27/08/2026,7000,7000,7000
Tamil Nadu,Madurai,Chokkikulam(Uzhavar Sandhai ),Indian Beans(Seam),Indian Beans (Seam),Local,27/08/2026,5500,6000,5750
Tamil Nadu,Dharmapuri,AJattihalli(Uzhavar Sandhai ),Indian Beans(Seam),Indian Beans (Seam),Local,27/08/2026,6000,6000,6000
Tamil Nadu,Dindigul,Chinnalapatti(Uzhavar Sandhai ),Indian Beans(Seam),Indian Beans (Seam),Local,27/08/2026,6600,7000,6800
Tamil Nadu,Salem,Ammapet(Uzhavar Sandhai ),Indian Beans(Seam),Indian Beans (Seam),Local,27/08/2026,6000,6000,6000
Tamil Nadu,Madurai,Anaiyur(Uzhavar Sandhai ),Indian Beans(Seam),Indian Beans (Seam),Local,27/08/2026,5500,6000,5750
Tamil Nadu,Thiruchirappalli,KKNagar(Uzhavar Sandhai ),Indian Beans(Seam),Indian Beans (Seam),Local,27/08/2026,7000,7000,7000
Tamil Nadu,Thiruchirappalli,Thuraiyur APMC,Indian Beans(Seam),Indian Beans (Seam),Local,27/08/2026,5500,6600,6050
Keralam,Kottayam,Pampady Market,Indian Beans(Seam),Other,FAQ,27/08/2026,5000,6000,5500
Maharashtra,Pune,Pune(Moshi) APMC,Little gourd(Kundru),Other,Local,27/08/2026,4000,4000,4000
Odisha,Angul,Angul APMC,Pointed gourd(Parval),Other,Grade B,27/08/2026,4500,4500,4500
Tripura,South Tripura,Barpathari APMC,Pointed gourd(Parval),Pointed gourd (Parval),Local,27/08/2026,6400,6600,6500
Haryana,Mahendragarh-Narnaul,Narnaul APMC,Pointed gourd(Parval),Pointed gourd (Parval),Medium,27/08/2026,2000,3000,2500
Tripura,South Tripura,Barpathari APMC,"Spiny Gourd / Kartali(Kantola)
",Kartali (Kantola),Local,27/08/2026,4900,5100,5000
Himachal Pradesh,Kangra,SMY Jaisinghpur,Pea Pod/Pea Cod/हरी मटर,Other,FAQ,27/08/2026,9000,13000,11000
Gujarat,Amreli,Damnagar APMC,Lemon,Lemon,Local,27/08/2026,1500,1500,1500
Tamil Nadu,Perambalur,Perambalur(Uzhavar Sandhai ),Lemon,Lemon,Local,27/08/2026,8000,10000,9000
Tamil Nadu,Namakkal,Kumarapalayam(Uzhavar Sandhai ),Lemon,Lemon,Local,27/08/2026,5500,7500,6500
Tamil Nadu,Karur,Pallapatti (Uzhavar Sandhai ),Lemon,Lemon,Local,27/08/2026,10000,12000,11000
Tamil Nadu,Virudhunagar,Srivilliputhur(Uzhavar Sandhai ),Lemon,Lemon,Local,27/08/2026,13000,14000,13500
Tamil Nadu,Thiruchirappalli,Thuraiyur APMC,Lemon,Lemon,Local,27/08/2026,10000,12000,11000
Tamil Nadu,Sivaganga,Singampunari(Uzhavar Sandhai ),Lemon,Lemon,Local,27/08/2026,15000,17000,16000
Tamil Nadu,Pudukkottai,Ponnamaravathi(Uzhavar Sandhai),Lemon,Lemon,Local,27/08/2026,12000,13000,12500
Tamil Nadu,Dharmapuri,Karimangalam(Uzhavar Sandhai),Lemon,Lemon,Local,27/08/2026,9000,10000,9500
Tamil Nadu,Salem,Hasthampatti(Uzhavar Sandhai ),Lemon,Lemon,Local,27/08/2026,6000,8000,7000
Tamil Nadu,Dharmapuri,Dharmapuri(Uzhavar Sandhai ),Lemon,Lemon,Local,27/08/2026,19000,19800,19400
Tamil Nadu,Coimbatore,Sundarapuram(Uzhavar Sandhai ),Lemon,Lemon,Local,27/08/2026,14000,15000,14500
Tamil Nadu,Salem,Sooramangalam(Uzhavar Sandhai ),Lemon,Lemon,Local,27/08/2026,8000,10000,9000
Tamil Nadu,Thanjavur,Thanjavur(Uzhavar Sandhai ),Lemon,Lemon,Local,27/08/2026,10000,10000,10000
Tamil Nadu,Karur,Gandhigramam(Uzhavar Sandhai),Lemon,Lemon,Local,27/08/2026,17000,19000,18000
Tamil Nadu,Karur,Vengamedu(Uzhavar Sandhai ),Lemon,Lemon,Local,27/08/2026,18500,19000,18750
Tamil Nadu,Villupuram,Ulundurpettai APMC,Lemon,Lemon,Local,27/08/2026,5000,5000,5000
Tamil Nadu,Coimbatore,Singanallur(Uzhavar Sandhai ),Lemon,Lemon,Local,27/08/2026,13000,14500,13750
Tamil Nadu,Thiruvannamalai,Chengam(Uzhavar Sandhai ),Lemon,Lemon,Local,27/08/2026,6000,8000,7000
Tamil Nadu,Thirupathur,Vaniyampadi(Uzhavar Sandhai ),Lemon,Lemon,Local,27/08/2026,4000,4000,4000
Tamil Nadu,Madurai,Palanganatham(Uzhavar Sandhai ),Lemon,Lemon,Local,27/08/2026,15000,17000,16000
Tamil Nadu,Sivaganga,Sivagangai (Uzhavar Sandhai ),Lemon,Lemon,Local,27/08/2026,15500,17500,16500
Tamil Nadu,Thiruvarur,Muthupettai(Uzhavar Sandhai ),Lemon,Lemon,Local,27/08/2026,12000,12000,12000
Tamil Nadu,Thiruvarur,Tiruvarur(Uzhavar Sandhai ),Lemon,Lemon,Local,27/08/2026,12000,12000,12000
Tamil Nadu,Cuddalore,Cuddalore(Uzhavar Sandhai ),Lemon,Lemon,Local,27/08/2026,10000,10000,10000
Tamil Nadu,Madurai,Melur(Uzhavar Sandhai ),Lemon,Lemon,Local,27/08/2026,12000,14000,13000
Tamil Nadu,Coimbatore,RSPuram(Uzhavar Sandhai ),Lemon,Lemon,Local,27/08/2026,14000,15000,14500
Tamil Nadu,Ranipet,Arcot(Uzhavar Sandhai ),Lemon,Lemon,Local,27/08/2026,12000,12000,12000
Tamil Nadu,Thiruvannamalai,Arani(Uzhavar Sandhai ),Lemon,Lemon,Local,27/08/2026,10000,12000,11000
Tamil Nadu,Thiruvannamalai,Polur(Uzhavar Sandhai ),Lemon,Lemon,Local,27/08/2026,8000,10000,9000
Tamil Nadu,Thiruvannamalai,Tiruvannamalai(Uzhavar Sandhai ),Lemon,Lemon,Local,27/08/2026,14000,16000,15000
Tamil Nadu,Salem,Edapadi (Uzhavar Sandhai ),Lemon,Lemon,Local,27/08/2026,9000,10000,9500
Tamil Nadu,Theni,Chinnamanur(Uzhavar Sandhai ),Lemon,Lemon,Local,27/08/2026,8000,12000,10000
Tamil Nadu,Villupuram,Gingee(Uzhavar Sandhai ),Lemon,Lemon,Local,27/08/2026,10000,10000,10000
Tamil Nadu,Theni,Andipatti(Uzhavar Sandhai ),Lemon,Lemon,Local,27/08/2026,11500,12000,11750
Tamil Nadu,Salem,Mettur(Uzhavar Sandhai ),Lemon,Lemon,Local,27/08/2026,11500,12000,11750
Tamil Nadu,Erode,Thalavadi(Uzhavar Sandhai ),Lemon,Lemon,Local,27/08/2026,6500,7000,6750
Tamil Nadu,Erode,Periyar Nagar(Uzhavar Sandhai ),Lemon,Lemon,Local,27/08/2026,16000,17000,16500
Tamil Nadu,Salem,Thammampatti (Uzhavar Sandhai ),Lemon,Lemon,Local,27/08/2026,6000,8000,7000
Tamil Nadu,Thirupur,Kangayam(Uzhavar Sandhai ),Lemon,Lemon,Local,27/08/2026,13000,14000,13500
Tamil Nadu,Salem,Elampillai(Uzhavar Sandhai ),Lemon,Lemon,Local,27/08/2026,4000,5000,4500
Tamil Nadu,Theni,Bodinayakanur(Uzhavar Sandhai ),Lemon,Lemon,Local,27/08/2026,12000,12000,12000
Himachal Pradesh,Kangra,SMY Palampur,Lemon,Other,FAQ,27/08/2026,10000,12000,11000
Odisha,Mayurbhanja,Betnoti APMC,Papaya(Raw),Other,FAQ,27/08/2026,2500,2900,2700
Punjab,Mohali,Kurali APMC,Colacasia,Arabi,Medium,27/08/2026,2800,3000,2900
Punjab,Kapurthala,Bhulath APMC,Colacasia,Colacasia,Local,27/08/2026,1250,1300,1300
Tamil Nadu,Thirunelveli,Palayamkottai(Uzhavar Sandhai ),Colacasia,Colacasia,Local,27/08/2026,5000,6000,5500
Tamil Nadu,Virudhunagar,Srivilliputhur(Uzhavar Sandhai ),Colacasia,Colacasia,Local,27/08/2026,5000,6000,5500
Tamil Nadu,Villupuram,Tindivanam APMC,Colacasia,Colacasia,Local,27/08/2026,5800,5800,5800
Tamil Nadu,Coimbatore,RSPuram(Uzhavar Sandhai ),Colacasia,Colacasia,Local,27/08/2026,4500,5000,4750
Tamil Nadu,Chengalpattu,Nanganallur(Uzhavar Sandhai ),Colacasia,Colacasia,Local,27/08/2026,5500,6000,5750
Tamil Nadu,Salem,Thathakapatti(Uzhavar Sandhai ),Colacasia,Colacasia,Local,27/08/2026,5000,6000,5500
Tamil Nadu,Thanjavur,Kumbakonam (Uzhavar Sandhai ),Colacasia,Colacasia,Local,27/08/2026,6000,6000,6000
Tamil Nadu,Perambalur,Perambalur(Uzhavar Sandhai ),Colacasia,Colacasia,Local,27/08/2026,5600,6000,5800
Tamil Nadu,Madurai,Anna nagar(Uzhavar Sandhai ),Colacasia,Colacasia,Local,27/08/2026,4500,5000,4750
Tamil Nadu,Chengalpattu,Pallavaram(Uzhavar Sandhai ),Colacasia,Colacasia,Local,27/08/2026,5000,6000,5500
Tamil Nadu,Thanjavur,Thanjavur(Uzhavar Sandhai ),Colacasia,Colacasia,Local,27/08/2026,5600,5600,5600
Tamil Nadu,Madurai,Palanganatham(Uzhavar Sandhai ),Colacasia,Colacasia,Local,27/08/2026,5000,6000,5500
Uttar Pradesh,Amroha,Hasanpur APMC,Colacasia,Colacasia,FAQ,27/08/2026,1800,2020,2000
Jammu and Kashmir,Baramulla,Sopore (Nowpora) (F&V),Pear(Marasebu),Other,Grade A,27/08/2026,4600,4600,4600
Tamil Nadu,Coimbatore,RSPuram(Uzhavar Sandhai ),Mashrooms,Mashrooms,Local,27/08/2026,20000,25000,22500
Tamil Nadu,Coimbatore,Mettupalayam(Uzhavar Sandhai ),Mashrooms,Mashrooms,Local,27/08/2026,16000,20000,18000
Tamil Nadu,Thiruvannamalai,Tiruvannamalai(Uzhavar Sandhai ),Mashrooms,Mashrooms,Local,27/08/2026,20000,25000,22500
Tamil Nadu,Theni,Kambam(Uzhavar Sandhai ),Mashrooms,Mashrooms,Local,27/08/2026,25000,25000,25000
Tamil Nadu,Madurai,Anaiyur(Uzhavar Sandhai ),Mashrooms,Mashrooms,Local,27/08/2026,22500,25000,23750
Tamil Nadu,Krishnagiri,Hosur(Uzhavar Sandhai ),Mashrooms,Mashrooms,Local,27/08/2026,18000,20000,19000
Himachal Pradesh,Kangra,SMY Palampur,Mashrooms,Mashrooms,FAQ,27/08/2026,20000,22500,21000
Tamil Nadu,Karur,Kulithalai(Uzhavar Sandhai ),Turnip,Turnip,Local,27/08/2026,4000,5000,4500
Madhya Pradesh,Morena,Kailaras APMC,Spinach,Spinach,FAQ,27/08/2026,1000,1000,1000
Tamil Nadu,Thiruvannamalai,Chengam(Uzhavar Sandhai ),Custard Apple(Sharifa),Custard Apple(Sharifa),Local,27/08/2026,4500,5000,4750
Tamil Nadu,Thirupathur,Vaniyampadi(Uzhavar Sandhai ),Custard Apple(Sharifa),Custard Apple(Sharifa),Local,27/08/2026,4000,4000,4000
Tamil Nadu,Salem,Hasthampatti(Uzhavar Sandhai ),Amla(Nelli Kai),Amla,Local,27/08/2026,6000,7000,6500
Tamil Nadu,Krishnagiri,Hosur(Uzhavar Sandhai ),Amla(Nelli Kai),Amla,Local,27/08/2026,8000,10000,9000
Tamil Nadu,Dharmapuri,Palacode(Uzhavar Sandhai ),Amla(Nelli Kai),Amla,Local,27/08/2026,8500,9000,8750
Tamil Nadu,Theni,Theni(Uzhavar Sandhai ),Amla(Nelli Kai),Amla,Local,27/08/2026,6000,6000,6000
Tamil Nadu,Namakkal,Namakkal(Uzhavar Sandhai ),Amla(Nelli Kai),Amla,Local,27/08/2026,6500,7000,6750
Tamil Nadu,Salem,Edapadi (Uzhavar Sandhai ),Amla(Nelli Kai),Amla,Local,27/08/2026,8000,9000,8500
Tamil Nadu,Chengalpattu,Nanganallur(Uzhavar Sandhai ),Amla(Nelli Kai),Amla,Local,27/08/2026,9000,10000,9500
Tamil Nadu,Vellore,Thirupathur APMC,Amla(Nelli Kai),Amla,Local,27/08/2026,8000,8000,8000
Tamil Nadu,Madurai,Anna nagar(Uzhavar Sandhai ),Amla(Nelli Kai),Amla,Local,27/08/2026,6000,7000,6500
Tamil Nadu,Villupuram,Ulundurpettai APMC,Onion Green,Onion Green,Local,27/08/2026,7000,7000,7000
Tamil Nadu,Madurai,Melur(Uzhavar Sandhai ),Onion Green,Onion Green,Local,27/08/2026,7000,7500,7250
Tamil Nadu,Thiruvannamalai,Arani(Uzhavar Sandhai ),Onion Green,Onion Green,Local,27/08/2026,5000,6000,5500
Tamil Nadu,Madurai,Anna nagar(Uzhavar Sandhai ),Onion Green,Onion Green,Local,27/08/2026,7000,7500,7250
Tamil Nadu,Dharmapuri,Harur(Uzhavar Sandhai ),Onion Green,Onion Green,Local,27/08/2026,5000,6000,5500
Tamil Nadu,Theni,Theni(Uzhavar Sandhai ),Onion Green,Onion Green,Local,27/08/2026,6000,7500,6750
Tamil Nadu,Thirunelveli,Kandiyaperi(Uzhavar Sandhai ),Onion Green,Onion Green,Local,27/08/2026,5500,7600,6550
Tamil Nadu,Sivaganga,Karaikudi(Uzhavar Sandhai ),Onion Green,Onion Green,Local,27/08/2026,7500,8000,7750
Tamil Nadu,Vellore,Perampet(Uzhavar Sandhai),Onion Green,Onion Green,Local,27/08/2026,7000,8000,7500
Tamil Nadu,Thiruvarur,Muthupettai(Uzhavar Sandhai ),Onion Green,Onion Green,Local,27/08/2026,8000,8000,8000
Tamil Nadu,Kancheepuram,Kancheepuram(Uzhavar Sandhai ),Onion Green,Onion Green,Local,27/08/2026,5500,7000,6250
Tamil Nadu,Tuticorin,Kovilpatti(Uzhavar Sandhai ),Onion Green,Onion Green,Local,27/08/2026,7000,7500,7250
Tamil Nadu,Karur,Velayuthampalayam(Uzhavar Sandhai ),Onion Green,Onion Green,Local,27/08/2026,7000,8000,7500
Tamil Nadu,Thiruvannamalai,Vandavasi(Uzhavar Sandhai ),Onion Green,Onion Green,Local,27/08/2026,5000,6000,5500
Tamil Nadu,Thirupathur,Vaniyampadi(Uzhavar Sandhai ),Onion Green,Onion Green,Local,27/08/2026,8000,8000,8000
Tamil Nadu,Thiruchirappalli,Manapparai(Uzhavar Sandhai ),Onion Green,Onion Green,Local,27/08/2026,8000,8000,8000
Tamil Nadu,Salem,Vazhapadi(Uzhavar Sandhai),Onion Green,Onion Green,Local,27/08/2026,6000,6500,6250
Tamil Nadu,Theni,Devaram(Uzhavar Sandhai ),Onion Green,Onion Green,Local,27/08/2026,6500,6500,6500
Tamil Nadu,Dharmapuri,AJattihalli(Uzhavar Sandhai ),Onion Green,Onion Green,Local,27/08/2026,5500,6000,5750
Tamil Nadu,Kancheepuram,Padappai(Uzhavar Sandhai ),Onion Green,Onion Green,Local,27/08/2026,5000,6000,5500
Tamil Nadu,Salem,Sooramangalam(Uzhavar Sandhai ),Onion Green,Onion Green,Local,27/08/2026,5500,6000,5750
Tamil Nadu,Thiruvannamalai,Tamarainagar(Uzhavar Sandhai ),Onion Green,Onion Green,Local,27/08/2026,9000,11000,10000
Tamil Nadu,Vellore,Thirupathur APMC,Onion Green,Onion Green,Local,27/08/2026,7500,7500,7500
Tamil Nadu,Sivaganga,Singampunari(Uzhavar Sandhai ),Onion Green,Onion Green,Local,27/08/2026,7200,7600,7400
Tamil Nadu,Salem,Elampillai(Uzhavar Sandhai ),Onion Green,Onion Green,Local,27/08/2026,6000,6500,6250
Tamil Nadu,Salem,Hasthampatti(Uzhavar Sandhai ),Onion Green,Onion Green,Local,27/08/2026,6000,6200,6100
Maharashtra,Pune,Pune(Moshi) APMC,Onion Green,Other,Local,27/08/2026,15,15,15
Tamil Nadu,Salem,Ammapet(Uzhavar Sandhai ),Mint(Pudina),Mint(Pudina),Local,27/08/2026,3500,3500,3500
Tamil Nadu,Virudhunagar,Sathur(Uzhavar Sandhai ),Mint(Pudina),Mint(Pudina),Local,27/08/2026,3500,4000,3750
Tamil Nadu,Erode,Thalavadi(Uzhavar Sandhai ),Mint(Pudina),Mint(Pudina),Local,27/08/2026,4400,4800,4600
Tamil Nadu,Erode,Periyar Nagar(Uzhavar Sandhai ),Mint(Pudina),Mint(Pudina),Local,27/08/2026,4500,5000,4750
Tamil Nadu,Ranipet,Ranipettai(Uzhavar Sandhai ),Mint(Pudina),Mint(Pudina),Local,27/08/2026,3000,3000,3000
Tamil Nadu,Vellore,Perampet(Uzhavar Sandhai),Mint(Pudina),Mint(Pudina),Local,27/08/2026,4000,4000,4000
Tamil Nadu,Thirupur,Kangayam(Uzhavar Sandhai ),Mint(Pudina),Mint(Pudina),Local,27/08/2026,4000,4800,4400
Tamil Nadu,Karur,Vengamedu(Uzhavar Sandhai ),Mint(Pudina),Mint(Pudina),Local,27/08/2026,5000,5500,5250
Tamil Nadu,Virudhunagar,Srivilliputhur(Uzhavar Sandhai ),Mint(Pudina),Mint(Pudina),Local,27/08/2026,5000,6000,5500
Tamil Nadu,Thiruchirappalli,KKNagar(Uzhavar Sandhai ),Mint(Pudina),Mint(Pudina),Local,27/08/2026,5600,5600,5600
Tamil Nadu,Salem,Sooramangalam(Uzhavar Sandhai ),Mint(Pudina),Mint(Pudina),Local,27/08/2026,3000,3200,3100
Tamil Nadu,Tuticorin,Kovilpatti(Uzhavar Sandhai ),Mint(Pudina),Mint(Pudina),Local,27/08/2026,5000,5500,5250
Tamil Nadu,Karur,Karur(Uzhavar Sandhai ),Mint(Pudina),Mint(Pudina),Local,27/08/2026,5000,5500,5250
Tamil Nadu,Erode,Perundurai(Uzhavar Sandhai ),Mint(Pudina),Mint(Pudina),Local,27/08/2026,2600,3000,2800
Tamil Nadu,Thiruvannamalai,Cheyyar(Uzhavar Sandhai ),Mint(Pudina),Mint(Pudina),Local,27/08/2026,3200,4000,3600
Tamil Nadu,Erode,Sathiyamagalam(Uzhavar Sandhai ),Mint(Pudina),Mint(Pudina),Local,27/08/2026,4500,5000,4750
Tamil Nadu,Erode,Gobichettipalayam(Uzhavar Sandhai ),Mint(Pudina),Mint(Pudina),Local,27/08/2026,3500,4000,3750
Tamil Nadu,Thirupur,Tiruppur (South) (Uzhavar Sandhai ),Mint(Pudina),Mint(Pudina),Local,27/08/2026,1600,2000,1800
Tamil Nadu,Thirupur,Tiruppur (North) (Uzhavar Sandhai ),Mint(Pudina),Mint(Pudina),Local,27/08/2026,2000,2500,2250
Tamil Nadu,Theni,Kambam(Uzhavar Sandhai ),Mint(Pudina),Mint(Pudina),Local,27/08/2026,5000,5000,5000
Tamil Nadu,Thiruvarur,Muthupettai(Uzhavar Sandhai ),Mint(Pudina),Mint(Pudina),Local,27/08/2026,5000,5000,5000
Tamil Nadu,Cuddalore,Cuddalore(Uzhavar Sandhai ),Mint(Pudina),Mint(Pudina),Local,27/08/2026,5000,5000,5000
Tamil Nadu,Thanjavur,Pattukottai(Uzhavar Sandhai ),Mint(Pudina),Mint(Pudina),Local,27/08/2026,5800,5800,5800
Tamil Nadu,The Nilgiris,Udhagamandalam(Uzhavar Sandhai ),Mint(Pudina),Mint(Pudina),Local,27/08/2026,5500,6000,5750
Tamil Nadu,Coimbatore,Kurichi(Uzhavar Sandhai ),Mint(Pudina),Mint(Pudina),Local,27/08/2026,4500,5000,4750
Tamil Nadu,Theni,Theni(Uzhavar Sandhai ),Mint(Pudina),Mint(Pudina),Local,27/08/2026,5000,5000,5000
Tamil Nadu,Dindigul,Dindigul(Uzhavar Sandhai ),Mint(Pudina),Mint(Pudina),Local,27/08/2026,3000,3500,3250
Tamil Nadu,Madurai,Melur(Uzhavar Sandhai ),Mint(Pudina),Mint(Pudina),Local,27/08/2026,4500,5000,4750
Tamil Nadu,Chengalpattu,Madhuranthagam(Uzhavar Sandhai ),Mint(Pudina),Mint(Pudina),Local,27/08/2026,3000,3000,3000
Tamil Nadu,Dharmapuri,Harur(Uzhavar Sandhai ),Mint(Pudina),Mint(Pudina),Local,27/08/2026,3500,4000,3750
Tamil Nadu,Thiruvannamalai,Tamarainagar(Uzhavar Sandhai ),Rose(Local),Rose (Local),Local,27/08/2026,15000,20000,17500
Tamil Nadu,Thiruvannamalai,Polur(Uzhavar Sandhai ),Rose(Local),Rose (Local),Local,27/08/2026,10000,12000,11000
Tamil Nadu,Salem,Sooramangalam(Uzhavar Sandhai ),Rose(Local),Rose (Local),Local,27/08/2026,7000,8000,7500
Tamil Nadu,Thiruvellore,Perambakkam(Uzhavar Sandhai ),Tube Rose(Loose),Tube Rose (Loose),Local,27/08/2026,12000,12000,12000
Rajasthan,Jodhpur,Osiyan Mathania APMC,Guar Seed(Cluster Beans Seed),Other,Local,27/08/2026,5800,6000,5900
Telangana,Ranga Reddy,"Vanasthalipuram,RBZ ",Wild Cucumber,Wild Cucumber,Grade A,27/08/2026,1500,1500,1500
Andhra Pradesh,Dr.B.R.A.Konaseema,Mummidivaram APMC,Prawn,Prawn-White Prawn,FAQ,27/08/2026,20000,21000,20000
Tamil Nadu,Salem,Sooramangalam(Uzhavar Sandhai ),Baby Corn,Baby Corn,Grade A,27/08/2026,2500,3000,2750
Tamil Nadu,Namakkal,Rasipuram(Uzhavar Sandhai ),Baby Corn,Baby Corn,Grade A,27/08/2026,2000,2500,2250
Tamil Nadu,Salem,Ammapet(Uzhavar Sandhai ),Baby Corn,Baby Corn,Grade A,27/08/2026,2500,2500,2500
Tamil Nadu,Kallakuruchi,Kallakurichi(Uzhavar Sandhai ),Baby Corn,Baby Corn,Grade A,27/08/2026,3000,3000,3000
Tamil Nadu,Kancheepuram,Padappai(Uzhavar Sandhai ),Sweet Corn ,Sweet Corn ,Local,27/08/2026,3000,4000,3500
Tamil Nadu,Dharmapuri,Dharmapuri(Uzhavar Sandhai ),Sweet Corn ,Sweet Corn ,Local,27/08/2026,2800,3000,2900
Tamil Nadu,Erode,Sathiyamagalam(Uzhavar Sandhai ),Sweet Corn ,Sweet Corn ,Local,27/08/2026,2500,3000,2750
Tamil Nadu,Salem,Mettur(Uzhavar Sandhai ),Sweet Corn ,Sweet Corn ,Local,27/08/2026,3000,3500,3250
Tamil Nadu,Dharmapuri,Palacode(Uzhavar Sandhai ),Sweet Corn ,Sweet Corn ,Local,27/08/2026,2800,3000,2900
Tamil Nadu,Salem,Thathakapatti(Uzhavar Sandhai ),Sweet Corn ,Sweet Corn ,Local,27/08/2026,3500,4000,3750
Rajasthan,Kota,Kota APMC,Wheat,Local,Local,27/08/2026,2600,2600,2600
Rajasthan,Chittorgarh,Begu APMC,Wheat,Other,Local,27/08/2026,2600,2600,2600
Gujarat,Ahmedabad,Viramgam APMC,Wheat,Other,Local,27/08/2026,2500,2685,2590
Andhra Pradesh,West Godavari,Penugonda APMC,Paddy(Common),1001,Local,27/08/2026,2369,2380,2370
Andhra Pradesh,Kakinada,Peddapuram APMC,Paddy(Common),1001,FAQ,27/08/2026,2369,2390,2369
Andhra Pradesh,YSR Kadapa,Kamalapuram APMC,Paddy(Common),B P T,Local,27/08/2026,2550,2550,2550
Pondicherry,Karaikal,Karaikal APMC,Paddy(Common),B P T,FAQ,27/08/2026,1935,1935,1935
Telangana,Hanumakonda,Kamalapur APMC,Paddy(Common),Common,FAQ,27/08/2026,2369,2389,2369
Pondicherry,Karaikal,Karaikal APMC,Paddy(Common),Common,FAQ,27/08/2026,1936,1936,1936
Andhra Pradesh,West Godavari,Undi APMC,Paddy(Common),MTU-1001,Local,27/08/2026,2369,2369,2369
Andhra Pradesh,Tirupathi,Naidupet APMC,Paddy(Common),MTU-1010,Local,27/08/2026,2350,2450,2400
Andhra Pradesh,West Godavari,Attili APMC,Paddy(Common),Paddy,Local,27/08/2026,2369,2389,2369
Telangana,Khammam,Sattupally APMC,Paddy(Common),Samba Masuri,Non-FAQ,27/08/2026,2300,2369,2350
Maharashtra,Palghar,APMC VASAI,Rice,1009 Kar,Local,27/08/2026,3390,4250,3950
Tripura,North Tripura,Dasda APMC,Rice,Other,FAQ,27/08/2026,3300,3300,3300
Karnataka,Raichur,Manvi APMC,Rice,Other,Small,27/08/2026,2850,2940,2916
Andhra Pradesh,Srikakulam,Etcherla APMC,Maize,Deshi White,Local,27/08/2026,2400,2400,2400
Andhra Pradesh,NTR,Nandigama APMC,Maize,Hybrid,Grade Range-1,27/08/2026,2360,2360,2360
Uttar Pradesh,Badaun,Babrala APMC,Maize,Local,Local,27/08/2026,2030,2050,2040
Telangana,Mahbubnagar,Badepally APMC,Maize,Local,Local,27/08/2026,2221,2221,2221
Andhra Pradesh,Ananthapuramu,RAYADURG APMC,Maize,Local,Grade Range-1,27/08/2026,2200,2600,2400
Andhra Pradesh,Vijayanagaram,Bobbili APMC,Maize,Local,FAQ,27/08/2026,4800,4800,4800
Tamil Nadu,Cuddalore,Veppur APMC,Maize,Other,Local,27/08/2026,2631,2703,2667
Andhra Pradesh,Kurnool,Alur APMC,Jowar(Sorghum),Hybrid,FAQ,27/08/2026,3725,3725,3725
Andhra Pradesh,Nandyal,Koilkunta APMC,Jowar(Sorghum),Jowar ( White),FAQ,27/08/2026,2900,3300,3100
Andhra Pradesh,YSR Kadapa,Jammalamadugu APMC,Jowar(Sorghum),Local,FAQ,27/08/2026,2500,2700,2600
Andhra Pradesh,Prakasam,Kondapi APMC,Bengal Gram(Gram)(Whole),Average (Whole),Local,27/08/2026,5500,6000,5750
Andhra Pradesh,Palnadu,Narasaraopet APMC,Bengal Gram(Gram)(Whole),Desi (Whole),FAQ,27/08/2026,6000,6000,6000
Andhra Pradesh,Palnadu,Chilakaluripet APMC,Bengal Gram(Gram)(Whole),Other,Local,27/08/2026,5000,5900,5600
Tamil Nadu,Madurai,Melur(Uzhavar Sandhai ),Groundnut,Big (With Shell),Local,27/08/2026,7000,8000,7500
Tamil Nadu,Salem,Ammapet(Uzhavar Sandhai ),Groundnut,Big (With Shell),Local,27/08/2026,7000,7000,7000
Tamil Nadu,Salem,Vazhapadi(Uzhavar Sandhai),Groundnut,Big (With Shell),Local,27/08/2026,6500,6500,6500
Tamil Nadu,Dharmapuri,Dharmapuri(Uzhavar Sandhai ),Groundnut,Big (With Shell),Local,27/08/2026,4600,5000,4800
Tamil Nadu,Thiruvannamalai,Tamarainagar(Uzhavar Sandhai ),Groundnut,Big (With Shell),Local,27/08/2026,6500,7500,7000
Tamil Nadu,Salem,Jalagandapuram(Uzhavar Sandhai ),Groundnut,Big (With Shell),Local,27/08/2026,6500,7000,6750
Tamil Nadu,Villupuram,Gingee(Uzhavar Sandhai ),Groundnut,Big (With Shell),Local,27/08/2026,7000,7000,7000
Andhra Pradesh,Ananthapuramu,Singanamala APMC,Groundnut,Local,Grade Range-1,27/08/2026,6600,7900,7300
Andhra Pradesh,YSR Kadapa,Kamalapuram APMC,Groundnut,Local,Local,27/08/2026,7500,7500,7500
Rajasthan,Kota,Kota APMC,"Sesamum(Sesame,Gingelly,Til)",Sesame,Local,27/08/2026,9000,9000,9000
Gujarat,Amreli,APMC Bagasara,"Sesamum(Sesame,Gingelly,Til)",White,Local,27/08/2026,10350,11000,10675
Rajasthan,Jodhpur,Osiyan Mathania APMC,Mustard,Other,Local,27/08/2026,7400,7600,7500
Tamil Nadu,Theni,Theni(Uzhavar Sandhai ),Soyabean,Local,Local,27/08/2026,9000,9500,9250
Tamil Nadu,Theni,Andipatti(Uzhavar Sandhai ),Soyabean,Local,Local,27/08/2026,9000,9500,9250
Andhra Pradesh,Ananthapuramu,Gooti APMC,Cotton,Bramha,Grade Range-1,27/08/2026,4500,10040,9750
Gujarat,Amreli,Babra APMC,Cotton,Shanker 6 (B) 30mm FIne,FAQ,27/08/2026,7900,9500,8700
Uttar Pradesh,Mau(Maunathbhanjan),Kopaganj APMC,Apple,Apple,Grade B,27/08/2026,8999,9100,9000
Haryana,Sonipat,Ganaur APMC,Apple,Apple,Medium,27/08/2026,12000,15000,14000
Chandigarh,Chandigarh,Chandigarh (Grain/F&V) APMC,Apple,Apple,Medium,27/08/2026,6000,16000,15000
Haryana,Rohtak,Meham,Apple,Apple,Medium,27/08/2026,12000,12000,12000
Punjab,Hoshiarpur,Tanda Urmur APMC,Apple,Apple,Grade A,27/08/2026,8000,10000,9000
Haryana,Hissar,Hansi APMC,Apple,Other,Grade B,27/08/2026,8000,20000,15000
Uttar Pradesh,Shamli,Kairana APMC,Apple,Other,Medium,27/08/2026,3100,3200,3150
Tamil Nadu,Theni,Theni(Uzhavar Sandhai ),Orange,Darjeeling,Local,27/08/2026,16000,16000,16000
Tamil Nadu,Thiruchirappalli,KKNagar(Uzhavar Sandhai ),Orange,Darjeeling,Local,27/08/2026,9500,9500,9500
West Bengal,Darjeeling,Siliguri APMC,Banana,Banana - Ripe,Grade A,27/08/2026,2200,2400,2300
Jammu and Kashmir,Rajouri,Rajouri (Phaliana) (F&V),Banana,Banana - Ripe,Grade B,27/08/2026,6000,6000,6000
Tamil Nadu,Salem,Thathakapatti(Uzhavar Sandhai ),Banana,Besrai,Local,27/08/2026,4000,8000,6000
Tamil Nadu,Vellore,Kahithapattarai(Uzhavar Sandhai ),Banana,Besrai,Local,27/08/2026,5000,6000,5500
Tamil Nadu,Krishnagiri,Kaveripattinam(Uzhavar Sandhai ),Banana,Besrai,Local,27/08/2026,4000,7000,5500
Tamil Nadu,Thanjavur,Kumbakonam (Uzhavar Sandhai ),Banana,Besrai,Local,27/08/2026,4000,4000,4000
Tamil Nadu,Nagercoil (Kannyiakumari),Vadaseri APMC,Banana,Besrai,Local,27/08/2026,6000,6500,6250
Tamil Nadu,Thiruchirappalli,Manachanallur(Uzhavar Sandhai ),Banana,Besrai,Local,27/08/2026,5000,5000,5000
Tamil Nadu,Theni,Bodinayakanur(Uzhavar Sandhai ),Banana,Besrai,Local,27/08/2026,5500,5500,5500
Tamil Nadu,Virudhunagar,Virudhunagar(Uzhavar Sandhai ),Banana,Besrai,Local,27/08/2026,3500,4000,3750
Tamil Nadu,Chengalpattu,Thirukalukundram(Uzhavar Sandhai ),Banana,Besrai,Local,27/08/2026,5000,6000,5500
Tamil Nadu,Dharmapuri,Pennagaram(Uzhavar Sandhai ),Banana,Besrai,Local,27/08/2026,4600,5000,4800
Tamil Nadu,Kallakuruchi,Sankarapuram(Uzhavar Sandhai ),Banana,Besrai,Local,27/08/2026,4000,4000,4000
Tamil Nadu,Virudhunagar,Kariyapatti(Uzhavar Sandhai ),Banana,Besrai,Local,27/08/2026,3500,4000,3750
Tamil Nadu,Vellore,Thirupathur APMC,Banana,Besrai,Local,27/08/2026,4000,4000,4000
Tamil Nadu,Thanjavur,Tirukattupalli(Uzhavar Sandhai ),Banana,Besrai,Local,27/08/2026,6500,6500,6500
Tamil Nadu,Sivaganga,Tirupatthur(Uzhavar Sandhai ),Banana,Karpura,Local,27/08/2026,4000,4000,4000
Tamil Nadu,Salem,Mecheri(Uzhavar Sandhai),Banana,Karpura,Local,27/08/2026,4500,5000,4750
Tamil Nadu,Thirupur,Palladam(Uzhavar Sandhai ),Banana,Karpura,Local,27/08/2026,4000,5000,4500
Tamil Nadu,Namakkal,Tiruchengode APMC,Banana,Karpura,Local,27/08/2026,4000,5000,4500
Tamil Nadu,Thirupur,Kangayam(Uzhavar Sandhai ),Banana,Karpura,Local,27/08/2026,3500,4000,3750
Tamil Nadu,Villupuram,Gingee(Uzhavar Sandhai ),Banana,Karpura,Local,27/08/2026,4000,5000,4500
Keralam,Malappuram,Chungathara VFPCK Market,Banana,Nendra Bale,Grade Range-1,27/08/2026,5900,6100,6000
Tamil Nadu,Vellore,Perampet(Uzhavar Sandhai),Banana,Other,Local,27/08/2026,5000,5000,5000
Tamil Nadu,Thiruvannamalai,Arani(Uzhavar Sandhai ),Banana,Other,Local,27/08/2026,5000,6000,5500
Gujarat,Narmada,Rajpipla APMC,Banana,Other,Medium,27/08/2026,1250,1500,1375
Keralam,Thiruvananthapuram,Parassala Market,Banana,Palayamthodan,Local,27/08/2026,2800,3200,3000
Tamil Nadu,Sivaganga,Devakottai (Uzhavar Sandhai ),Banana,Poovan,Local,27/08/2026,3500,4000,3750
Tamil Nadu,Thiruchirappalli,Thiruverumbur(Uzhavar Sandhai ),Banana,Poovan,Local,27/08/2026,5000,5000,5000
Keralam,Thiruvananthapuram,Parassala Market,Banana,Rasakathai,Local,27/08/2026,6600,7000,6800
Tamil Nadu,Perambalur,Perambalur(Uzhavar Sandhai ),Banana,Red Banana,Local,27/08/2026,7000,8000,7500
Tamil Nadu,Salem,Edapadi (Uzhavar Sandhai ),Banana,Red Banana,Local,27/08/2026,6000,7500,6750
Tamil Nadu,Salem,Hasthampatti(Uzhavar Sandhai ),Banana,Red Banana,Local,27/08/2026,7000,8000,7500
Tamil Nadu,Karur,Vengamedu(Uzhavar Sandhai ),Banana,Red Banana,Local,27/08/2026,5000,6000,5500
Tamil Nadu,Theni,Kambam(Uzhavar Sandhai ),Banana,Red Banana,Local,27/08/2026,5500,6000,5750
Tamil Nadu,Coimbatore,RSPuram(Uzhavar Sandhai ),Mango,Neelam,Local,27/08/2026,8000,9000,8500
Tamil Nadu,Namakkal,Namakkal(Uzhavar Sandhai ),Mango,Neelam,Local,27/08/2026,5000,8500,6750
Haryana,Hissar,Hansi APMC,Mango,Other,Grade B,27/08/2026,10000,12000,11000
Tamil Nadu,Madurai,Thirumangalam(Uzhavar Sandhai ),Mango,Safeda,Local,27/08/2026,7000,8000,7500
Tamil Nadu,The Nilgiris,Udhagamandalam(Uzhavar Sandhai ),Mango,Safeda,Local,27/08/2026,10000,12000,11000
Tamil Nadu,Thanjavur,Kumbakonam (Uzhavar Sandhai ),Mango,Safeda,Local,27/08/2026,3000,8000,5500
Tamil Nadu,Madurai,Chokkikulam(Uzhavar Sandhai ),Mango,Safeda,Local,27/08/2026,6000,8000,7000
Tamil Nadu,Thiruvannamalai,Tiruvannamalai(Uzhavar Sandhai ),Mango,Safeda,Local,27/08/2026,7000,8000,7500
Tamil Nadu,Nagercoil (Kannyiakumari),Myladi(Uzhavar Sandhai ),Pineapple,Pine Apple,Local,27/08/2026,5500,6000,5750
Tamil Nadu,Madurai,Chokkikulam(Uzhavar Sandhai ),Pineapple,Pine Apple,Local,27/08/2026,6000,7000,6500
Tamil Nadu,Theni,Theni(Uzhavar Sandhai ),Grapes,Annabesahai,Local,27/08/2026,12000,12000,12000
Tamil Nadu,Thirunelveli,NGO Colony(Uzhavar Sandhai ),Grapes,Annabesahai,Local,27/08/2026,11000,12000,11500
Tamil Nadu,Madurai,Chokkikulam(Uzhavar Sandhai ),Grapes,Annabesahai,Local,27/08/2026,11000,12000,11500
Tamil Nadu,Thiruchirappalli,KKNagar(Uzhavar Sandhai ),Grapes,Annabesahai,Local,27/08/2026,10000,10000,10000
Tamil Nadu,Dindigul,Chinnalapatti(Uzhavar Sandhai ),Grapes,Annabesahai,Local,27/08/2026,7000,8000,7500
Tamil Nadu,The Nilgiris,Udhagamandalam(Uzhavar Sandhai ),Grapes,Annabesahai,Local,27/08/2026,10000,12000,11000
Tamil Nadu,Coimbatore,Vadavalli(Uzhavar Sandhai ),Grapes,Annabesahai,Local,27/08/2026,9000,10000,9500
Tamil Nadu,Madurai,Palanganatham(Uzhavar Sandhai ),Grapes,Annabesahai,Local,27/08/2026,11000,12000,11500
Rajasthan,Hanumangarh,Rawatsar APMC,Onion,1st Sort,FAQ,27/08/2026,800,1500,1000
Tamil Nadu,Thanjavur,Kumbakonam (Uzhavar Sandhai ),Onion,Bellary,Local,27/08/2026,6000,7200,6600
Tamil Nadu,Coimbatore,Sulur(Uzhavar Sandhai ),Onion,Bellary,Local,27/08/2026,4800,5200,5000
Tamil Nadu,Virudhunagar,Kariyapatti(Uzhavar Sandhai ),Onion,Bellary,Local,27/08/2026,5500,6000,5750
Tamil Nadu,Virudhunagar,Sathur(Uzhavar Sandhai ),Onion,Bellary,Local,27/08/2026,4500,5000,4750
Tamil Nadu,Coimbatore,RSPuram(Uzhavar Sandhai ),Onion,Bellary,Local,27/08/2026,5000,5300,5150
Tamil Nadu,Thiruvannamalai,Polur(Uzhavar Sandhai ),Onion,Bellary,Local,27/08/2026,4200,5000,4600
Tamil Nadu,Sivaganga,Karaikudi(Uzhavar Sandhai ),Onion,Bellary,Local,27/08/2026,5500,6000,5750
Tamil Nadu,Vellore,Pallikonda(Uzhavar Sandhai),Onion,Bellary,Local,27/08/2026,5000,5500,5250
Tamil Nadu,Krishnagiri,Krishnagiri(Uzhavar Sandhai ),Onion,Bellary,Local,27/08/2026,5000,5500,5250
Tamil Nadu,Cuddalore,Cuddalore(Uzhavar Sandhai ),Onion,Bellary,Local,27/08/2026,5000,5000,5000
Tamil Nadu,Dharmapuri,Pennagaram(Uzhavar Sandhai ),Onion,Bellary,Local,27/08/2026,5500,5800,5650
Tamil Nadu,Kancheepuram,Kancheepuram(Uzhavar Sandhai ),Onion,Bellary,Local,27/08/2026,4500,5500,5000
Tamil Nadu,Thirunelveli,Melapalayam(Uzhavar Sandhai ),Onion,Bellary,Local,27/08/2026,4600,5600,5100
Tamil Nadu,Namakkal,Rasipuram(Uzhavar Sandhai ),Onion,Bellary,Local,27/08/2026,5500,6000,5750
Tamil Nadu,Thiruchirappalli,Manapparai(Uzhavar Sandhai ),Onion,Bellary,Local,27/08/2026,5000,5000,5000
Tamil Nadu,Thirupur,Kangayam(Uzhavar Sandhai ),Onion,Bellary,Local,27/08/2026,4000,4500,4250
Tamil Nadu,Thirupur,Tiruppur (South) (Uzhavar Sandhai ),Onion,Bellary,Local,27/08/2026,4000,5000,4500
Tamil Nadu,Theni,Devaram(Uzhavar Sandhai ),Onion,Bellary,Local,27/08/2026,5500,5500,5500
Tamil Nadu,Theni,Bodinayakanur(Uzhavar Sandhai ),Onion,Bellary,Local,27/08/2026,5800,5800,5800
Tamil Nadu,Salem,Ammapet(Uzhavar Sandhai ),Onion,Bellary,Local,27/08/2026,5000,6000,5500
Tamil Nadu,Dindigul,Chinnalapatti(Uzhavar Sandhai ),Onion,Bellary,Local,27/08/2026,5000,6000,5500
Tamil Nadu,Kallakuruchi,Sankarapuram(Uzhavar Sandhai ),Onion,Bellary,Local,27/08/2026,6000,6000,6000
Tamil Nadu,Sivaganga,Devakottai (Uzhavar Sandhai ),Onion,Bellary,Local,27/08/2026,5500,5800,5650
Tamil Nadu,Salem,Thammampatti (Uzhavar Sandhai ),Onion,Bellary,Local,27/08/2026,5500,6000,5750
Tamil Nadu,Salem,Mettur(Uzhavar Sandhai ),Onion,Bellary,Local,27/08/2026,5500,6000,5750
Tamil Nadu,Kancheepuram,Sunguvarchatram(Uzhavar Sandhai ),Onion,Bellary,Local,27/08/2026,4000,4000,4000
Tamil Nadu,Thirunelveli,NGO Colony(Uzhavar Sandhai ),Onion,Bellary,Local,27/08/2026,4800,5600,5200
Tamil Nadu,Namakkal,Tiruchengode APMC,Onion,Bellary,Local,27/08/2026,4000,5000,4500
Tamil Nadu,Villupuram,Ulundurpettai APMC,Onion,Bellary,Local,27/08/2026,4000,4000,4000
Tamil Nadu,Thiruchirappalli,Manachanallur(Uzhavar Sandhai ),Onion,Bellary,Local,27/08/2026,6000,6000,6000
Tamil Nadu,Virudhunagar,Rajapalayam(Uzhavar Sandhai ),Onion,Bellary,Local,27/08/2026,5000,6000,5500
Tamil Nadu,Villupuram,Gingee(Uzhavar Sandhai ),Onion,Bellary,Local,27/08/2026,5000,6000,5500
Bihar,Muzaffarpur,Bhagwanpur Mandi APMC,Onion,Medium,Grade A,27/08/2026,4300,4300,4300
Haryana,Rohtak,Meham,Onion,Medium,Medium,27/08/2026,4000,4000,4000
Bihar,Madhubani,Madhubani APMC,Onion,Nasik,FAQ,27/08/2026,4500,4700,4600
Punjab,Hoshiarpur,Mukerian APMC,Onion,Onion,Grade B,27/08/2026,3600,4400,4000
Telangana,Ranga Reddy,"Vanasthalipuram,RBZ ",Onion,Onion,Grade A,27/08/2026,4000,4000,4000
Haryana,Mahendragarh-Narnaul,Narnaul APMC,Onion,Onion,Medium,27/08/2026,3000,4000,3500
Haryana,Hissar,Barwala(Hisar) APMC,Onion,Onion,Local,27/08/2026,3500,4200,4000
Uttarakhand,Haridwar,Roorkee APMC,Onion,Other,Medium,27/08/2026,2000,4000,3000
Haryana,Rewari,Kosli APMC,Onion,Other,FAQ,27/08/2026,3000,3000,3000
Haryana,Hissar,Hansi APMC,Onion,Other,FAQ,27/08/2026,4000,5000,4500
Madhya Pradesh,Badwani,Sendhwa(F&V) APMC,Onion,Red,Medium,27/08/2026,800,1100,1000
Tamil Nadu,Virudhunagar,Kariyapatti(Uzhavar Sandhai ),Potato,Red Nanital,Local,27/08/2026,3000,3500,3250
Tamil Nadu,Virudhunagar,Sivakasi(Uzhavar Sandhai ),Potato,Red Nanital,Local,27/08/2026,3500,4000,3750
Tamil Nadu,Krishnagiri,Denkanikottai(Uzhavar Sandhai ),Potato,Red Nanital,Local,27/08/2026,2000,2500,2250
Bihar,Muzaffarpur,Bhagwanpur Mandi APMC,Potato,Red Nanital,Grade A,27/08/2026,1200,1200,1200
Bihar,Supaul,Triveniganj APMC,Potato,Red Nanital,Grade A,27/08/2026,1400,1400,1400
Tamil Nadu,Erode,Thalavadi(Uzhavar Sandhai ),Potato,Red Nanital,Local,27/08/2026,3400,3800,3600
Tamil Nadu,Krishnagiri,Hosur(Uzhavar Sandhai ),Potato,Red Nanital,Local,27/08/2026,2000,2500,2250
Tamil Nadu,Chengalpattu,Nanganallur(Uzhavar Sandhai ),Potato,Red Nanital,Local,27/08/2026,3500,4000,3750
Tamil Nadu,Thanjavur,Tirukattupalli(Uzhavar Sandhai ),Potato,Red Nanital,Local,27/08/2026,3000,3000,3000
Tamil Nadu,Thiruchirappalli,Manachanallur(Uzhavar Sandhai ),Potato,Red Nanital,Local,27/08/2026,3000,3000,3000
Tamil Nadu,Kallakuruchi,Kallakurichi(Uzhavar Sandhai ),Potato,Red Nanital,Local,27/08/2026,3500,3500,3500
Tamil Nadu,Vellore,Thirupathur APMC,Potato,Red Nanital,Local,27/08/2026,3000,3000,3000
Bihar,East Champaran/ Motihari,Raxaul APMC,Potato,Red Nanital,Grade A,27/08/2026,1350,1500,1450
Rajasthan,Churu,Churu APMC,Potato,Red Nanital,FAQ,27/08/2026,900,1100,1000
West Bengal,Darjeeling,Siliguri APMC,Potato,Jyoti,FAQ,27/08/2026,620,650,640
Tamil Nadu,Perambalur,Perambalur(Uzhavar Sandhai ),Potato,Other,Local,27/08/2026,2800,3000,2900
Tamil Nadu,Karur,Gandhigramam(Uzhavar Sandhai),Potato,Other,Local,27/08/2026,3500,6000,4750
Tamil Nadu,Ranipet,Ranipettai(Uzhavar Sandhai ),Potato,Other,Local,27/08/2026,3000,3000,3000
Tamil Nadu,Salem,Hasthampatti(Uzhavar Sandhai ),Potato,Other,Local,27/08/2026,4600,5000,4800
Uttarakhand,Haridwar,Roorkee APMC,Potato,Other,Medium,27/08/2026,800,1200,1000
Uttarakhand,Dehradoon,Vikasnagar APMC,Potato,Other,Medium,27/08/2026,800,1000,1000
Tamil Nadu,Dharmapuri,Palacode(Uzhavar Sandhai ),Potato,Other,Local,27/08/2026,2600,3000,2800
Tamil Nadu,Thanjavur,Thanjavur(Uzhavar Sandhai ),Potato,Other,Local,27/08/2026,3000,3000,3000
Tamil Nadu,Kancheepuram,Kancheepuram(Uzhavar Sandhai ),Potato,Other,Local,27/08/2026,2600,4000,3300
Haryana,Hissar,Hansi APMC,Potato,Other,FAQ,27/08/2026,1000,4000,1000
Punjab,Hoshiarpur,Mukerian APMC,Potato,Potato,Local,27/08/2026,900,1100,1000
Himachal Pradesh,Kangra,SMY Jaisinghpur,Potato,Potato,FAQ,27/08/2026,1200,2500,1800
Chandigarh,Chandigarh,Chandigarh (Grain/F&V) APMC,Potato,Potato,FAQ,27/08/2026,400,1300,1000
Tamil Nadu,Dharmapuri,Pennagaram(Uzhavar Sandhai ),Garlic,Garlic,Local,27/08/2026,21000,22000,21500
Tamil Nadu,Coimbatore,Sulur(Uzhavar Sandhai ),Garlic,Garlic,Local,27/08/2026,22000,23000,22500
Tamil Nadu,Coimbatore,RSPuram(Uzhavar Sandhai ),Garlic,Garlic,Local,27/08/2026,21500,23000,22250
Tamil Nadu,Theni,Theni(Uzhavar Sandhai ),Garlic,Garlic,Local,27/08/2026,10000,20000,15000
Tamil Nadu,Chengalpattu,Pallavaram(Uzhavar Sandhai ),Garlic,Garlic,Local,27/08/2026,22000,30000,26000
Tamil Nadu,Coimbatore,Vadavalli(Uzhavar Sandhai ),Garlic,Garlic,Local,27/08/2026,21500,23000,22250
Tamil Nadu,Thiruvannamalai,Arani(Uzhavar Sandhai ),Garlic,Garlic,Local,27/08/2026,20000,24000,22000
Tamil Nadu,Thiruvannamalai,Polur(Uzhavar Sandhai ),Garlic,Garlic,Local,27/08/2026,20000,24000,22000
Tamil Nadu,Dharmapuri,Karimangalam(Uzhavar Sandhai),Garlic,Garlic,Local,27/08/2026,20000,21000,20500
Tamil Nadu,Dharmapuri,Harur(Uzhavar Sandhai ),Garlic,Garlic,Local,27/08/2026,18000,20000,19000
Tamil Nadu,Madurai,Anaiyur(Uzhavar Sandhai ),Garlic,Garlic,Local,27/08/2026,14000,27000,20500
Andhra Pradesh,Palnadu,Gurazala APMC,Chili Red,Red,Grade Range-1,27/08/2026,17000,27500,24500
Andhra Pradesh,Visakhapatnam,Bhimunipatnam APMC,Ragi(Finger Millet),Local,Local,27/08/2026,5000,5000,5000
Bihar,Madhubani,Madhubani APMC,Cauliflower,Cauliflower,FAQ,27/08/2026,9500,9800,9600
Punjab,Mohali,Kurali APMC,Cauliflower,Cauliflower,Medium,27/08/2026,4500,4600,4550
Haryana,Mahendragarh-Narnaul,Narnaul APMC,Cauliflower,Cauliflower,Medium,27/08/2026,4000,6000,5000
Maharashtra,Pune,Pune(Moshi) APMC,Cauliflower,Other,Local,27/08/2026,1000,1500,1250
Haryana,Sonipat,Ganaur APMC,Cauliflower,Other,Medium,27/08/2026,5000,6000,5500
Tamil Nadu,Salem,Elampillai(Uzhavar Sandhai ),Cauliflower,Ranchi,Local,27/08/2026,2500,3000,2750
Tamil Nadu,Theni,Andipatti(Uzhavar Sandhai ),Cauliflower,Ranchi,Local,27/08/2026,3000,3600,3300
Tamil Nadu,Salem,Ammapet(Uzhavar Sandhai ),Cauliflower,Ranchi,Local,27/08/2026,3000,3000,3000
Tamil Nadu,Thiruchirappalli,Thiruverumbur(Uzhavar Sandhai ),Cauliflower,Ranchi,Local,27/08/2026,5000,5000,5000
Tamil Nadu,Thiruvannamalai,Polur(Uzhavar Sandhai ),Cauliflower,Ranchi,Local,27/08/2026,2500,3000,2750
Tamil Nadu,Sivaganga,Devakottai (Uzhavar Sandhai ),Cauliflower,Ranchi,Local,27/08/2026,3200,4000,3600
Tamil Nadu,Chengalpattu,Pallavaram(Uzhavar Sandhai ),Cauliflower,Ranchi,Local,27/08/2026,2500,3000,2750
Tamil Nadu,Dharmapuri,Karimangalam(Uzhavar Sandhai),Cauliflower,Ranchi,Local,27/08/2026,3800,4000,3900
Tamil Nadu,Theni,Bodinayakanur(Uzhavar Sandhai ),Cauliflower,Ranchi,Local,27/08/2026,3600,3600,3600
Tamil Nadu,Thirupur,Palladam(Uzhavar Sandhai ),Cauliflower,Ranchi,Local,27/08/2026,3500,4000,3750
Tamil Nadu,Tuticorin,Kovilpatti(Uzhavar Sandhai ),Cauliflower,Ranchi,Local,27/08/2026,4000,4500,4250
Tamil Nadu,Dindigul,Chinnalapatti(Uzhavar Sandhai ),Cauliflower,Ranchi,Local,27/08/2026,4000,5000,4500
Tamil Nadu,Karur,Kulithalai(Uzhavar Sandhai ),Cauliflower,Ranchi,Local,27/08/2026,3500,4000,3750
Tamil Nadu,Coimbatore,Singanallur(Uzhavar Sandhai ),Cauliflower,Ranchi,Local,27/08/2026,4400,4800,4600
Tamil Nadu,Karur,Karur(Uzhavar Sandhai ),Cauliflower,Ranchi,Local,27/08/2026,3500,4000,3750
Tamil Nadu,Virudhunagar,Kariyapatti(Uzhavar Sandhai ),Cauliflower,Ranchi,Local,27/08/2026,3500,4000,3750
Tamil Nadu,Krishnagiri,Denkanikottai(Uzhavar Sandhai ),Cauliflower,Ranchi,Local,27/08/2026,3000,3500,3250
Tamil Nadu,Vellore,Kahithapattarai(Uzhavar Sandhai ),Cauliflower,Ranchi,Local,27/08/2026,1500,1500,1500
Tamil Nadu,Dharmapuri,AJattihalli(Uzhavar Sandhai ),Cauliflower,Ranchi,Local,27/08/2026,3500,3500,3500
Tamil Nadu,Namakkal,Paramathivelur(Uzhavar Sandhai ),Cauliflower,Ranchi,Local,27/08/2026,3500,4000,3750
Tamil Nadu,Namakkal,Rasipuram(Uzhavar Sandhai ),Cauliflower,Ranchi,Local,27/08/2026,3500,4000,3750
Tamil Nadu,Thirunelveli,Palayamkottai(Uzhavar Sandhai ),Cauliflower,Ranchi,Local,27/08/2026,4600,5000,4800
Tamil Nadu,Virudhunagar,Virudhunagar(Uzhavar Sandhai ),Cauliflower,Ranchi,Local,27/08/2026,3500,4000,3750
Tamil Nadu,Thanjavur,Pattukottai(Uzhavar Sandhai ),Cauliflower,Ranchi,Local,27/08/2026,4800,4800,4800
Tamil Nadu,Ranipet,Arcot(Uzhavar Sandhai ),Cauliflower,Ranchi,Local,27/08/2026,3000,4000,3500
Bihar,Muzaffarpur,Bhagwanpur Mandi APMC,Brinjal,Arkasheela Mattigulla,FAQ,27/08/2026,1800,1800,1800
Bihar,East Champaran/ Motihari,Raxaul APMC,Brinjal,Arkasheela Mattigulla,Grade A,27/08/2026,1600,1800,1700
Telangana,Mahbubnagar,Mahabubnagar(Rythu Bazar),Brinjal,Arkasheela Mattigulla,Local,27/08/2026,3000,3000,3000
Odisha,Angul,Angul(Atthamallick) APMC,Brinjal,Brinjal,Grade B,27/08/2026,4000,6000,5000
Uttar Pradesh,Mau(Maunathbhanjan),Kopaganj APMC,Brinjal,Brinjal,FAQ,27/08/2026,1445,1490,1480
Uttar Pradesh,Hathras,Shadabad APMC,Brinjal,Brinjal,Small,27/08/2026,600,700,650
Keralam,Kottayam,Pampady Market,Brinjal,Brinjal,FAQ,27/08/2026,3500,4500,4000
Keralam,Kottayam,Athirampuzha Market,Brinjal,Brinjal,FAQ,27/08/2026,4000,4200,4100
Haryana,Hissar,Barwala(Hisar) APMC,Brinjal,Brinjal,Local,27/08/2026,1500,2000,1800
Uttarakhand,Haridwar,Roorkee APMC,Brinjal,Other,Local,27/08/2026,650,850,750
Tamil Nadu,Karur,Vengamedu(Uzhavar Sandhai ),Brinjal,Other,Local,27/08/2026,4000,5000,4500
Tamil Nadu,Namakkal,Rasipuram(Uzhavar Sandhai ),Brinjal,Other,Local,27/08/2026,6500,6800,6650
Tamil Nadu,Ranipet,Ranipettai(Uzhavar Sandhai ),Brinjal,Other,Local,27/08/2026,3000,3000,3000
Tamil Nadu,Sivaganga,Sivagangai (Uzhavar Sandhai ),Brinjal,Other,Local,27/08/2026,3800,4200,4000
Tamil Nadu,Theni,Theni(Uzhavar Sandhai ),Brinjal,Other,Local,27/08/2026,3000,3500,3250
Tamil Nadu,Thirupur,Palladam(Uzhavar Sandhai ),Brinjal,Other,Local,27/08/2026,3500,4000,3750
Tamil Nadu,Thiruvannamalai,Cheyyar(Uzhavar Sandhai ),Brinjal,Other,Local,27/08/2026,3000,3500,3250
Tamil Nadu,Vellore,Kahithapattarai(Uzhavar Sandhai ),Brinjal,Other,Local,27/08/2026,3000,3000,3000
Tamil Nadu,Thirupur,Kangayam(Uzhavar Sandhai ),Brinjal,Other,Local,27/08/2026,5500,6200,5850
Tamil Nadu,Dharmapuri,AJattihalli(Uzhavar Sandhai ),Brinjal,Other,Local,27/08/2026,1800,2000,1900
Tamil Nadu,Salem,Ammapet(Uzhavar Sandhai ),Brinjal,Other,Local,27/08/2026,3500,3500,3500
Tamil Nadu,Namakkal,Kumarapalayam(Uzhavar Sandhai ),Brinjal,Other,Local,27/08/2026,5500,6000,5750
Tamil Nadu,Salem,Mecheri(Uzhavar Sandhai),Brinjal,Other,Local,27/08/2026,3500,4000,3750
Tamil Nadu,Thirupur,Tiruppur (North) (Uzhavar Sandhai ),Brinjal,Other,Local,27/08/2026,2500,3000,2750
Uttarakhand,Dehradoon,Rishikesh APMC,Brinjal,Other,Medium,27/08/2026,1250,1800,1500
Tamil Nadu,Kancheepuram,Padappai(Uzhavar Sandhai ),Brinjal,Round,Local,27/08/2026,2500,3500,3000
Tamil Nadu,Thiruvannamalai,Chengam(Uzhavar Sandhai ),Brinjal,Round,Local,27/08/2026,3600,4000,3800
Tamil Nadu,Virudhunagar,Srivilliputhur(Uzhavar Sandhai ),Brinjal,Round,Local,27/08/2026,3000,3500,3250
Tamil Nadu,Nagapattinam,Sirkali(Uzhavar Sandhai ),Brinjal,Round,Local,27/08/2026,5000,5500,5250
Tamil Nadu,Salem,Hasthampatti(Uzhavar Sandhai ),Brinjal,Round,Local,27/08/2026,3000,3500,3250
Tamil Nadu,Coimbatore,Singanallur(Uzhavar Sandhai ),Brinjal,Round,Local,27/08/2026,4000,5000,4500
Tamil Nadu,Thiruvannamalai,Arani(Uzhavar Sandhai ),Brinjal,Round,Local,27/08/2026,3500,4200,3850
Tamil Nadu,Nagapattinam,Vedaranyam(Uzhavar Sandhai),Brinjal,Round,Local,27/08/2026,4500,5000,4750
Tamil Nadu,Virudhunagar,Virudhunagar(Uzhavar Sandhai ),Brinjal,Round,Local,27/08/2026,3500,4000,3750
Tamil Nadu,Krishnagiri,Denkanikottai(Uzhavar Sandhai ),Brinjal,Round,Local,27/08/2026,2500,3000,2750
Tamil Nadu,Villupuram,Villupuram(Uzhavar Sandhai ),Brinjal,Round,Local,27/08/2026,4000,6000,5000
Tamil Nadu,Thirupathur,Vaniyampadi(Uzhavar Sandhai ),Brinjal,Round,Local,27/08/2026,4000,4000,4000
Tamil Nadu,Chengalpattu,Thirukalukundram(Uzhavar Sandhai ),Brinjal,Round,Local,27/08/2026,3000,3500,3250
Gujarat,Amreli,Damnagar APMC,Coriander(Leaves),Coriander,Local,27/08/2026,4500,4500,4500
Haryana,Sonipat,Ganaur APMC,Coriander(Leaves),Coriander,Medium,27/08/2026,5000,6000,5500
Tamil Nadu,Madurai,Melur(Uzhavar Sandhai ),Coriander(Leaves),I Sort,Local,27/08/2026,4000,4500,4250
Tamil Nadu,Ranipet,Arcot(Uzhavar Sandhai ),Coriander(Leaves),I Sort,Local,27/08/2026,3000,3000,3000
Tamil Nadu,Chengalpattu,Madhuranthagam(Uzhavar Sandhai ),Coriander(Leaves),I Sort,Local,27/08/2026,4000,4000,4000
Tamil Nadu,Salem,Jalagandapuram(Uzhavar Sandhai ),Coriander(Leaves),I Sort,Local,27/08/2026,1600,2000,1800
Tamil Nadu,Theni,Chinnamanur(Uzhavar Sandhai ),Coriander(Leaves),I Sort,Local,27/08/2026,3000,3000,3000
Tamil Nadu,Theni,Andipatti(Uzhavar Sandhai ),Coriander(Leaves),I Sort,Local,27/08/2026,2800,3000,2900
Tamil Nadu,Coimbatore,Udumalpet APMC,Coriander(Leaves),I Sort,Local,27/08/2026,4500,5000,4750
Tamil Nadu,Salem,Ammapet(Uzhavar Sandhai ),Coriander(Leaves),I Sort,Local,27/08/2026,3000,3600,3300
Tamil Nadu,Madurai,Anaiyur(Uzhavar Sandhai ),Coriander(Leaves),I Sort,Local,27/08/2026,4000,4500,4250
Tamil Nadu,Ranipet,Ranipettai(Uzhavar Sandhai ),Coriander(Leaves),I Sort,Local,27/08/2026,3000,3000,3000
Tamil Nadu,Villupuram,Tindivanam APMC,Coriander(Leaves),I Sort,Local,27/08/2026,4000,4000,4000
Tamil Nadu,Thiruchirappalli,Thuraiyur APMC,Coriander(Leaves),I Sort,Local,27/08/2026,2200,2700,2450
Tamil Nadu,Pudukkottai,Ponnamaravathi(Uzhavar Sandhai),Coriander(Leaves),I Sort,Local,27/08/2026,5500,6000,5750
Tamil Nadu,Krishnagiri,Avallapalli(Uzhavar Sandhai ),Coriander(Leaves),I Sort,Local,27/08/2026,3500,4000,3750
Tamil Nadu,Salem,Hasthampatti(Uzhavar Sandhai ),Coriander(Leaves),I Sort,Local,27/08/2026,1800,2000,1900
Tamil Nadu,Namakkal,Mohanur(Uzhavar Sandhai ),Coriander(Leaves),I Sort,Local,27/08/2026,7200,8000,7600
Tamil Nadu,Thirupathur,Natrampalli(Uzhavar Sandhai ),Coriander(Leaves),I Sort,Local,27/08/2026,2000,2500,2250
Tamil Nadu,Thiruvannamalai,Vandavasi(Uzhavar Sandhai ),Coriander(Leaves),I Sort,Local,27/08/2026,4000,5000,4500
Tamil Nadu,Thiruvannamalai,Chengam(Uzhavar Sandhai ),Coriander(Leaves),I Sort,Local,27/08/2026,4500,5000,4750
Tamil Nadu,Sivaganga,Sivagangai (Uzhavar Sandhai ),Coriander(Leaves),I Sort,Local,27/08/2026,4200,4600,4400
Tamil Nadu,Krishnagiri,Hosur(Uzhavar Sandhai ),Coriander(Leaves),I Sort,Local,27/08/2026,3500,4000,3750
Tamil Nadu,Thirupur,Tiruppur (South) (Uzhavar Sandhai ),Coriander(Leaves),I Sort,Local,27/08/2026,2500,3000,2750
Tamil Nadu,Thirupur,Tiruppur (North) (Uzhavar Sandhai ),Coriander(Leaves),I Sort,Local,27/08/2026,2500,3000,2750
Tamil Nadu,Dharmapuri,AJattihalli(Uzhavar Sandhai ),Coriander(Leaves),I Sort,Local,27/08/2026,4000,5000,4500
Tamil Nadu,Salem,Attayampatti(Uzhavar Sandhai ),Coriander(Leaves),I Sort,Local,27/08/2026,2500,2500,2500
Tamil Nadu,The Nilgiris,Udhagamandalam(Uzhavar Sandhai ),Coriander(Leaves),I Sort,Local,27/08/2026,6500,7000,6750
Tamil Nadu,Kallakuruchi,Sankarapuram(Uzhavar Sandhai ),Coriander(Leaves),I Sort,Local,27/08/2026,6000,6000,6000
Tamil Nadu,Namakkal,Tiruchengode APMC,Coriander(Leaves),I Sort,Local,27/08/2026,7500,8000,7750
Andhra Pradesh,Markapuram,Podili APMC,Red gram/Arhar/Tur(whole),Arhar (Whole),FAQ,27/08/2026,8000,8200,8100
Tamil Nadu,Madurai,Anaiyur(Uzhavar Sandhai ),Green Peas,Green Peas,Local,27/08/2026,13000,14000,13500
Tamil Nadu,Dharmapuri,Dharmapuri(Uzhavar Sandhai ),Green Peas,Green Peas,Local,27/08/2026,17800,18600,18200
Tamil Nadu,Coimbatore,RSPuram(Uzhavar Sandhai ),Green Peas,Green Peas,Local,27/08/2026,22500,23500,23000
Tamil Nadu,Namakkal,Namakkal(Uzhavar Sandhai ),Green Peas,Green Peas,Local,27/08/2026,16000,18000,17000
Punjab,Mohali,Kurali APMC,Field Pea,Other,Medium,27/08/2026,8800,9000,8900
Tamil Nadu,Tuticorin,Kovilpatti(Uzhavar Sandhai ),Chikoos(Sapota),Sapota,Local,27/08/2026,4500,5000,4750
Tamil Nadu,Vellore,Thirupathur APMC,Chikoos(Sapota),Sapota,Local,27/08/2026,4000,4000,4000
Tamil Nadu,Salem,Thathakapatti(Uzhavar Sandhai ),Chikoos(Sapota),Sapota,Local,27/08/2026,3500,4000,3750
Tamil Nadu,Karur,Gandhigramam(Uzhavar Sandhai),Chikoos(Sapota),Sapota,Local,27/08/2026,4500,5000,4750
Tamil Nadu,Virudhunagar,Rajapalayam(Uzhavar Sandhai ),Chikoos(Sapota),Sapota,Local,27/08/2026,3000,3500,3250
Tamil Nadu,Salem,Vazhapadi(Uzhavar Sandhai),Chikoos(Sapota),Sapota,Local,27/08/2026,4500,4500,4500
Tamil Nadu,Sivaganga,Tirupatthur(Uzhavar Sandhai ),Chikoos(Sapota),Sapota,Local,27/08/2026,4400,6500,5450
Tamil Nadu,Salem,Thammampatti (Uzhavar Sandhai ),Chikoos(Sapota),Sapota,Local,27/08/2026,4000,4000,4000
Tamil Nadu,Karur,Pallapatti (Uzhavar Sandhai ),Papaya,Papaya,Local,27/08/2026,3000,3500,3250
Tamil Nadu,Madurai,Palanganatham(Uzhavar Sandhai ),Papaya,Papaya,Local,27/08/2026,4000,4500,4250
Tamil Nadu,Sivaganga,Karaikudi(Uzhavar Sandhai ),Papaya,Papaya,Local,27/08/2026,4500,5000,4750
Tamil Nadu,Thirupur,Kangayam(Uzhavar Sandhai ),Papaya,Papaya,Local,27/08/2026,2000,2500,2250
Tamil Nadu,Krishnagiri,Hosur(Uzhavar Sandhai ),Papaya,Papaya,Local,27/08/2026,3500,4000,3750
Tamil Nadu,Namakkal,Paramathivelur(Uzhavar Sandhai ),Papaya,Papaya,Local,27/08/2026,3300,3800,3550
Tamil Nadu,Karur,Gandhigramam(Uzhavar Sandhai),Papaya,Papaya,Local,27/08/2026,3500,4000,3750
Tamil Nadu,Virudhunagar,Thalavaipuram(Uzhavar Sandhai ),Papaya,Papaya,Local,27/08/2026,2800,3500,3150
Tamil Nadu,Coimbatore,Singanallur(Uzhavar Sandhai ),Papaya,Papaya,Local,27/08/2026,4400,4800,4600
Tamil Nadu,Ranipet,Arcot(Uzhavar Sandhai ),Papaya,Papaya,Local,27/08/2026,4000,4000,4000
Tamil Nadu,Sivaganga,Singampunari(Uzhavar Sandhai ),Papaya,Papaya,Local,27/08/2026,4200,4600,4400
Tamil Nadu,Sivaganga,Tirupatthur(Uzhavar Sandhai ),Papaya,Papaya,Local,27/08/2026,4500,5000,4750
Tamil Nadu,Vellore,Thirupathur APMC,Papaya,Papaya,Local,27/08/2026,4000,4000,4000
Tamil Nadu,Thiruvannamalai,Arani(Uzhavar Sandhai ),Papaya,Papaya,Local,27/08/2026,3000,4000,3500
Tamil Nadu,Thiruchirappalli,Thuraiyur APMC,Papaya,Papaya,Local,27/08/2026,3000,4000,3500
Tamil Nadu,Vellore,Perampet(Uzhavar Sandhai),Papaya,Papaya,Local,27/08/2026,3000,3500,3250
Tamil Nadu,Pudukkottai,Gandarvakottai(Uzhavar Sandhai ),Papaya,Papaya,Local,27/08/2026,2500,3000,2750
Tamil Nadu,Virudhunagar,Kariyapatti(Uzhavar Sandhai ),Papaya,Papaya,Local,27/08/2026,3000,3500,3250
Tamil Nadu,Thiruvannamalai,Chengam(Uzhavar Sandhai ),Papaya,Papaya,Local,27/08/2026,3000,4000,3500
Tamil Nadu,Salem,Jalagandapuram(Uzhavar Sandhai ),Papaya,Papaya,Local,27/08/2026,3000,3500,3250
Tamil Nadu,Krishnagiri,Krishnagiri(Uzhavar Sandhai ),Papaya,Papaya,Local,27/08/2026,2800,3000,2900
Tamil Nadu,Dharmapuri,Palacode(Uzhavar Sandhai ),Papaya,Papaya,Local,27/08/2026,3000,3500,3250
Chandigarh,Chandigarh,Chandigarh (Grain/F&V) APMC,Water Melon,Other,Medium,27/08/2026,1500,2500,2000
Tamil Nadu,Salem,Ammapet(Uzhavar Sandhai ),Water Melon,Water Melon,Local,27/08/2026,2000,2000,2000
Tamil Nadu,Salem,Sooramangalam(Uzhavar Sandhai ),Water Melon,Water Melon,Local,27/08/2026,2000,2500,2250
Tamil Nadu,Coimbatore,RSPuram(Uzhavar Sandhai ),Water Melon,Water Melon,Local,27/08/2026,1500,2000,1750
Andhra Pradesh,Chittor,S.R.Puram APMC,Gur(Jaggery),NO 3,Local,27/08/2026,1600,2000,1800
Andhra Pradesh,Tirupathi,Pakala APMC,Gur(Jaggery),NO 3,Local,27/08/2026,2900,2900,2900
Maharashtra,Pune,Pune(Moshi) APMC,Guar,Other,Local,27/08/2026,4000,5000,4500
Tamil Nadu,Madurai,Anna nagar(Uzhavar Sandhai ),Mousambi(Sweet Lime),Mousambi,Local,27/08/2026,8000,10000,9000
Tamil Nadu,Theni,Theni(Uzhavar Sandhai ),Mousambi(Sweet Lime),Mousambi,Local,27/08/2026,8000,8000,8000
Tamil Nadu,Perambalur,Perambalur(Uzhavar Sandhai ),Mousambi(Sweet Lime),Mousambi,Local,27/08/2026,8000,9000,8500
Tamil Nadu,Namakkal,Rasipuram(Uzhavar Sandhai ),Mousambi(Sweet Lime),Mousambi,Local,27/08/2026,3500,4000,3750
Haryana,Rohtak,Meham,Mousambi(Sweet Lime),Mousambi,Medium,27/08/2026,2200,2500,2300
Haryana,Hissar,Hansi APMC,Mousambi(Sweet Lime),Other,Grade B,27/08/2026,3500,4000,3750
Uttarakhand,Dehradoon,Rishikesh APMC,Mousambi(Sweet Lime),Other,Medium,27/08/2026,2200,3000,2600
Tamil Nadu,Karur,Vengamedu(Uzhavar Sandhai ),Tomato,Deshi,Local,27/08/2026,1500,2000,1750
Tamil Nadu,Madurai,Chokkikulam(Uzhavar Sandhai ),Tomato,Deshi,Local,27/08/2026,2000,2200,2100
Tamil Nadu,Erode,Gobichettipalayam(Uzhavar Sandhai ),Tomato,Deshi,Local,27/08/2026,1500,2000,1750
Tamil Nadu,Sivaganga,Devakottai (Uzhavar Sandhai ),Tomato,Deshi,Local,27/08/2026,2200,2500,2350
Tamil Nadu,Krishnagiri,Hosur(Uzhavar Sandhai ),Tomato,Deshi,Local,27/08/2026,1000,1500,1250
Tamil Nadu,Salem,Hasthampatti(Uzhavar Sandhai ),Tomato,Deshi,Local,27/08/2026,1600,1800,1700
Tamil Nadu,Virudhunagar,Thalavaipuram(Uzhavar Sandhai ),Tomato,Deshi,Local,27/08/2026,1200,1500,1350
Tamil Nadu,Vellore,Thirupathur APMC,Tomato,Deshi,Local,27/08/2026,2400,2400,2400
Tamil Nadu,Thiruvannamalai,Chengam(Uzhavar Sandhai ),Tomato,Deshi,Local,27/08/2026,2000,2500,2250
Tamil Nadu,Virudhunagar,Srivilliputhur(Uzhavar Sandhai ),Tomato,Deshi,Local,27/08/2026,1700,2000,1850
Tamil Nadu,Thiruvannamalai,Tiruvannamalai(Uzhavar Sandhai ),Tomato,Deshi,Local,27/08/2026,1600,2000,1800
Tamil Nadu,Ariyalur,Ariyalur(Uzhavar Sandhai),Tomato,Deshi,Local,27/08/2026,2500,3000,2750
Tamil Nadu,Nagercoil (Kannyiakumari),Myladi(Uzhavar Sandhai ),Tomato,Deshi,Local,27/08/2026,2200,2500,2350
Tamil Nadu,Coimbatore,Sulur(Uzhavar Sandhai ),Tomato,Deshi,Local,27/08/2026,1600,1800,1700
Tamil Nadu,Erode,Perundurai(Uzhavar Sandhai ),Tomato,Deshi,Local,27/08/2026,1800,2200,2000
Tamil Nadu,Thanjavur,Kumbakonam (Uzhavar Sandhai ),Tomato,Deshi,Local,27/08/2026,2400,2800,2600
Tamil Nadu,Virudhunagar,Virudhunagar(Uzhavar Sandhai ),Tomato,Deshi,Local,27/08/2026,1600,2000,1800
Tamil Nadu,Thiruvannamalai,Keelpennathur(Uzhavar Sandhai ),Tomato,Deshi,Local,27/08/2026,1800,2000,1900
Telangana,Mahbubnagar,Mahabubnagar(Rythu Bazar),Tomato,Deshi,Local,27/08/2026,2400,2400,2400
Tamil Nadu,Thirupur,Tiruppur (South) (Uzhavar Sandhai ),Tomato,Local,Local,27/08/2026,1200,1400,1300
Tamil Nadu,Dharmapuri,Palacode(Uzhavar Sandhai ),Tomato,Local,Local,27/08/2026,1800,2000,1900
Tamil Nadu,Thirupur,Tiruppur (North) (Uzhavar Sandhai ),Tomato,Local,Local,27/08/2026,1200,1600,1400
Tamil Nadu,Cuddalore,Vadalur(Uzhavar Sandhai ),Tomato,Local,Local,27/08/2026,2000,2000,2000
Tamil Nadu,Kancheepuram,Kancheepuram(Uzhavar Sandhai ),Tomato,Local,Local,27/08/2026,1800,2400,2100
Tamil Nadu,Coimbatore,Kurichi(Uzhavar Sandhai ),Tomato,Local,Local,27/08/2026,1500,1800,1650
Tamil Nadu,Thiruvannamalai,Vandavasi(Uzhavar Sandhai ),Tomato,Local,Local,27/08/2026,2000,2500,2250
Tamil Nadu,Coimbatore,Vadavalli(Uzhavar Sandhai ),Tomato,Local,Local,27/08/2026,1600,1900,1750
Tamil Nadu,Tuticorin,Kovilpatti(Uzhavar Sandhai ),Tomato,Local,Local,27/08/2026,2000,2500,2250
Maharashtra,Pune,Pune(Pimpri) APMC,Tomato,Local,Local,27/08/2026,1000,1400,1200
Andhra Pradesh,Annamayya,B.Kothakota H/Q Angallu,Tomato,Local,FAQ,27/08/2026,1000,1600,1300
Madhya Pradesh,Morena,Kailaras APMC,Tomato,Other,FAQ,27/08/2026,2000,2500,2500
Tamil Nadu,Namakkal,Kumarapalayam(Uzhavar Sandhai ),Tomato,Other,Local,27/08/2026,1700,2500,2100
Tamil Nadu,Thirunelveli,Kandiyaperi(Uzhavar Sandhai ),Tomato,Other,Local,27/08/2026,2000,2500,2250
Tamil Nadu,Theni,Theni(Uzhavar Sandhai ),Tomato,Other,Local,27/08/2026,2000,2000,2000
Maharashtra,Ratnagiri,Ratnagiri (Nachane) APMC,Tomato,Other,Local,27/08/2026,1000,1200,1100
Odisha,Angul,Angul(Atthamallick) APMC,Tomato,Tomato,Grade B,27/08/2026,4000,6000,5000
Bihar,Madhubani,Madhubani APMC,Tomato,Tomato,FAQ,27/08/2026,3800,4000,3900
Haryana,Rohtak,Meham,Tomato,Tomato,Medium,27/08/2026,2200,2500,2300
Keralam,Kottayam,Athirampuzha Market,Tomato,Tomato,FAQ,27/08/2026,2800,3000,2900
Haryana,Hissar,Barwala(Hisar) APMC,Tomato,Tomato,Local,27/08/2026,2000,2500,2250
Tamil Nadu,The Nilgiris,Gudalur(Uzhavar Sandhai ),Cluster beans,Cluster Beans,Local,27/08/2026,3500,4000,3750
Tamil Nadu,Kancheepuram,Kundrathur(Uzhavar Sandhai ),Cluster beans,Cluster Beans,Local,27/08/2026,3500,3500,3500
Tamil Nadu,Salem,Sooramangalam(Uzhavar Sandhai ),Cluster beans,Cluster Beans,Local,27/08/2026,3000,3400,3200
Tamil Nadu,Karur,Gandhigramam(Uzhavar Sandhai),Cluster beans,Cluster Beans,Local,27/08/2026,3500,4000,3750
Tamil Nadu,Dindigul,Chinnalapatti(Uzhavar Sandhai ),Cluster beans,Cluster Beans,Local,27/08/2026,3600,4000,3800
Tamil Nadu,Virudhunagar,Thalavaipuram(Uzhavar Sandhai ),Cluster beans,Cluster Beans,Local,27/08/2026,2800,3500,3150
Tamil Nadu,Coimbatore,Singanallur(Uzhavar Sandhai ),Cluster beans,Cluster Beans,Local,27/08/2026,3500,4000,3750
Tamil Nadu,Thiruvannamalai,Vandavasi(Uzhavar Sandhai ),Cluster beans,Cluster Beans,Local,27/08/2026,3600,4200,3900
Tamil Nadu,Virudhunagar,Rajapalayam(Uzhavar Sandhai ),Cluster beans,Cluster Beans,Local,27/08/2026,3000,3500,3250
Tamil Nadu,Ranipet,Ranipettai(Uzhavar Sandhai ),Cluster beans,Cluster Beans,Local,27/08/2026,2500,2500,2500
Tamil Nadu,Salem,Ammapet(Uzhavar Sandhai ),Cluster beans,Cluster Beans,Local,27/08/2026,3500,3500,3500
Tamil Nadu,Coimbatore,Mettupalayam(Uzhavar Sandhai ),Cluster beans,Cluster Beans,Local,27/08/2026,3000,3500,3250
Tamil Nadu,Kallakuruchi,Sankarapuram(Uzhavar Sandhai ),Cluster beans,Cluster Beans,Local,27/08/2026,5000,5000,5000
Tamil Nadu,Namakkal,Tiruchengode APMC,Cluster beans,Cluster Beans,Local,27/08/2026,3500,4000,3750
Tamil Nadu,Virudhunagar,Sivakasi(Uzhavar Sandhai ),Cluster beans,Cluster Beans,Local,27/08/2026,4000,5000,4500
Tamil Nadu,Thirupathur,Vaniyampadi(Uzhavar Sandhai ),Cluster beans,Cluster Beans,Local,27/08/2026,3000,3000,3000
Tamil Nadu,Thiruvannamalai,Cheyyar(Uzhavar Sandhai ),Cluster beans,Cluster Beans,Local,27/08/2026,3500,4200,3850
Tamil Nadu,Thiruvannamalai,Polur(Uzhavar Sandhai ),Cluster beans,Cluster Beans,Local,27/08/2026,4000,4800,4400
Tamil Nadu,Dharmapuri,Harur(Uzhavar Sandhai ),Cluster beans,Cluster Beans,Local,27/08/2026,3500,4000,3750
Tamil Nadu,Thanjavur,Thanjavur(Uzhavar Sandhai ),Cluster beans,Cluster Beans,Local,27/08/2026,4000,4000,4000
Tamil Nadu,Thiruvannamalai,Chengam(Uzhavar Sandhai ),Cluster beans,Cluster Beans,Local,27/08/2026,4000,4800,4400
Tamil Nadu,Thirupur,Tiruppur (North) (Uzhavar Sandhai ),Cluster beans,Cluster Beans,Local,27/08/2026,3500,4000,3750
Tamil Nadu,Cuddalore,Vadalur(Uzhavar Sandhai ),Cluster beans,Cluster Beans,Local,27/08/2026,4000,4000,4000
Tamil Nadu,Thanjavur,Pattukottai(Uzhavar Sandhai ),Cluster beans,Cluster Beans,Local,27/08/2026,4000,4000,4000
Tamil Nadu,Karur,Pallapatti (Uzhavar Sandhai ),Cluster beans,Cluster Beans,Local,27/08/2026,3500,4000,3750
Tamil Nadu,Theni,Chinnamanur(Uzhavar Sandhai ),Cluster beans,Cluster Beans,Local,27/08/2026,3600,3600,3600
Telangana,Ranga Reddy,"Vanasthalipuram,RBZ ",Cluster beans,Cluster Beans,Grade A,27/08/2026,2300,2300,2300
Tamil Nadu,Thirupur,Dharapuram(Uzhavar Sandhai ),Bitter gourd,Bitter Gourd,Local,27/08/2026,5500,6000,5750
Tamil Nadu,Thanjavur,Kumbakonam (Uzhavar Sandhai ),Bitter gourd,Bitter Gourd,Local,27/08/2026,3600,7200,5400
Tamil Nadu,Nagercoil (Kannyiakumari),Myladi(Uzhavar Sandhai ),Bitter gourd,Bitter Gourd,Local,27/08/2026,6500,7000,6750
Tamil Nadu,Coimbatore,Sulur(Uzhavar Sandhai ),Bitter gourd,Bitter Gourd,Local,27/08/2026,5000,5500,5250
Tamil Nadu,Virudhunagar,Sivakasi(Uzhavar Sandhai ),Bitter gourd,Bitter Gourd,Local,27/08/2026,5000,6000,5500
Tamil Nadu,Krishnagiri,Krishnagiri(Uzhavar Sandhai ),Bitter gourd,Bitter Gourd,Local,27/08/2026,3000,3600,3300
Tamil Nadu,Dharmapuri,Dharmapuri(Uzhavar Sandhai ),Bitter gourd,Bitter Gourd,Local,27/08/2026,3600,4000,3800
Tamil Nadu,Madurai,Anaiyur(Uzhavar Sandhai ),Bitter gourd,Bitter Gourd,Local,27/08/2026,6000,7000,6500
Tamil Nadu,Virudhunagar,Kariyapatti(Uzhavar Sandhai ),Bitter gourd,Bitter Gourd,Local,27/08/2026,7500,8000,7750
Tamil Nadu,Thirupathur,Vaniyampadi(Uzhavar Sandhai ),Bitter gourd,Bitter Gourd,Local,27/08/2026,4000,4000,4000
Tamil Nadu,Erode,Gobichettipalayam(Uzhavar Sandhai ),Bitter gourd,Bitter Gourd,Local,27/08/2026,5000,5600,5300
Tamil Nadu,Krishnagiri,Hosur(Uzhavar Sandhai ),Bitter gourd,Bitter Gourd,Local,27/08/2026,4500,5000,4750
Tamil Nadu,Theni,Devaram(Uzhavar Sandhai ),Bitter gourd,Bitter Gourd,Local,27/08/2026,3500,3500,3500
Tamil Nadu,Salem,Thathakapatti(Uzhavar Sandhai ),Bitter gourd,Bitter Gourd,Local,27/08/2026,5000,5400,5200
Tamil Nadu,Chengalpattu,Thirukalukundram(Uzhavar Sandhai ),Bitter gourd,Bitter Gourd,Local,27/08/2026,6000,6500,6250
Tamil Nadu,Salem,Edapadi (Uzhavar Sandhai ),Bitter gourd,Bitter Gourd,Local,27/08/2026,5000,5500,5250
Tamil Nadu,Namakkal,Tiruchengode APMC,Bitter gourd,Bitter Gourd,Local,27/08/2026,5000,6000,5500
Tamil Nadu,Madurai,Anna nagar(Uzhavar Sandhai ),Bitter gourd,Bitter Gourd,Local,27/08/2026,5500,6500,6000
West Bengal,Medinipur(E),Tamluk (Medinipur E) APMC,Bitter gourd,Bitter Gourd,FAQ,27/08/2026,3600,4000,3800
Keralam,Thiruvananthapuram,Parassala Market,Bitter gourd,Bitter Gourd,Local,27/08/2026,4800,5200,5000
Uttar Pradesh,Amroha,Hasanpur APMC,Bitter gourd,Bitter Gourd,FAQ,27/08/2026,1450,1520,1500
Tamil Nadu,Sivaganga,Devakottai (Uzhavar Sandhai ),Bitter gourd,Other,Local,27/08/2026,6000,6200,6100
Tamil Nadu,Erode,Thalavadi(Uzhavar Sandhai ),Bitter gourd,Other,Local,27/08/2026,4500,5000,4750
Tamil Nadu,Madurai,Usilampatti(Uzhavar Sandhai ),Bitter gourd,Other,Local,27/08/2026,5500,6000,5750
Tamil Nadu,Theni,Chinnamanur(Uzhavar Sandhai ),Bitter gourd,Other,Local,27/08/2026,3600,3600,3600
Tamil Nadu,Theni,Andipatti(Uzhavar Sandhai ),Bitter gourd,Other,Local,27/08/2026,3200,3500,3350
Tamil Nadu,Sivaganga,Tirupatthur(Uzhavar Sandhai ),Bitter gourd,Other,Local,27/08/2026,6000,6500,6250
Tamil Nadu,Coimbatore,Sundarapuram(Uzhavar Sandhai ),Bitter gourd,Other,Local,27/08/2026,5500,6000,5750
Tamil Nadu,Kancheepuram,Padappai(Uzhavar Sandhai ),Bitter gourd,Other,Local,27/08/2026,3000,4000,3500
Tamil Nadu,Namakkal,Rasipuram(Uzhavar Sandhai ),Bitter gourd,Other,Local,27/08/2026,6000,6500,6250
Tamil Nadu,Karur,Pallapatti (Uzhavar Sandhai ),Bitter gourd,Other,Local,27/08/2026,5000,6000,5500
Tamil Nadu,Virudhunagar,Thalavaipuram(Uzhavar Sandhai ),Bitter gourd,Other,Local,27/08/2026,6500,8000,7250
Odisha,Kalahandi,Bhawanipatna APMC,Bitter gourd,Other,Local,27/08/2026,3000,3000,3000
Maharashtra,Ratnagiri,Ratnagiri (Nachane) APMC,Bitter gourd,Other,Local,27/08/2026,1500,2500,2000
Gujarat,Amreli,Damnagar APMC,Bottle gourd,Bottle Gourd,Local,27/08/2026,2000,2000,2000
Tamil Nadu,Dindigul,Dindigul(Uzhavar Sandhai ),Bottle gourd,Bottle Gourd,Local,27/08/2026,2500,3000,2750
Tamil Nadu,Virudhunagar,Thalavaipuram(Uzhavar Sandhai ),Bottle gourd,Bottle Gourd,Local,27/08/2026,1600,2000,1800
Tamil Nadu,Thirupathur,Natrampalli(Uzhavar Sandhai ),Bottle gourd,Bottle Gourd,Local,27/08/2026,1500,2000,1750
Tamil Nadu,Madurai,Palanganatham(Uzhavar Sandhai ),Bottle gourd,Bottle Gourd,Local,27/08/2026,2400,3000,2700
Tamil Nadu,Ranipet,Arcot(Uzhavar Sandhai ),Bottle gourd,Bottle Gourd,Local,27/08/2026,2000,2000,2000
Tamil Nadu,Pudukkottai,Aranthangi(Uzhavar Sandhai ),Bottle gourd,Bottle Gourd,Local,27/08/2026,2000,2500,2250
Tamil Nadu,Thanjavur,Pattukottai(Uzhavar Sandhai ),Bottle gourd,Bottle Gourd,Local,27/08/2026,2600,2600,2600
Tamil Nadu,Namakkal,Mohanur(Uzhavar Sandhai ),Bottle gourd,Bottle Gourd,Local,27/08/2026,1600,2000,1800
Tamil Nadu,Karur,Karur(Uzhavar Sandhai ),Bottle gourd,Bottle Gourd,Local,27/08/2026,2500,3000,2750
Tamil Nadu,Madurai,Melur(Uzhavar Sandhai ),Bottle gourd,Bottle Gourd,Local,27/08/2026,2000,2400,2200
Tamil Nadu,Thiruvannamalai,Arani(Uzhavar Sandhai ),Bottle gourd,Bottle Gourd,Local,27/08/2026,1500,2000,1750
Tamil Nadu,Virudhunagar,Rajapalayam(Uzhavar Sandhai ),Bottle gourd,Bottle Gourd,Local,27/08/2026,1500,2000,1750
Tamil Nadu,Ranipet,Ranipettai(Uzhavar Sandhai ),Bottle gourd,Bottle Gourd,Local,27/08/2026,2000,2500,2250
Tamil Nadu,Sivaganga,Singampunari(Uzhavar Sandhai ),Bottle gourd,Bottle Gourd,Local,27/08/2026,2600,3200,2900
Tamil Nadu,Thiruvarur,Mannargudi I(Uzhavar Sandhai ),Bottle gourd,Bottle Gourd,Local,27/08/2026,3000,3000,3000
Tamil Nadu,Thanjavur,Kumbakonam (Uzhavar Sandhai ),Bottle gourd,Bottle Gourd,Local,27/08/2026,3600,3600,3600
Tamil Nadu,Theni,Kambam(Uzhavar Sandhai ),Bottle gourd,Bottle Gourd,Local,27/08/2026,1600,2000,1800
Tamil Nadu,Coimbatore,Sulur(Uzhavar Sandhai ),Bottle gourd,Bottle Gourd,Local,27/08/2026,2500,3000,2750
Tamil Nadu,Karur,Vengamedu(Uzhavar Sandhai ),Bottle gourd,Bottle Gourd,Local,27/08/2026,2500,3000,2750
Tamil Nadu,Virudhunagar,Sivakasi(Uzhavar Sandhai ),Bottle gourd,Bottle Gourd,Local,27/08/2026,2500,3000,2750
Tamil Nadu,Erode,Perundurai(Uzhavar Sandhai ),Bottle gourd,Bottle Gourd,Local,27/08/2026,1400,1600,1500
Tamil Nadu,Sivaganga,Tirupatthur(Uzhavar Sandhai ),Bottle gourd,Bottle Gourd,Local,27/08/2026,3200,3500,3350
Tamil Nadu,Pudukkottai,Gandarvakottai(Uzhavar Sandhai ),Bottle gourd,Bottle Gourd,Local,27/08/2026,2000,2500,2250
Tamil Nadu,Villupuram,Gingee(Uzhavar Sandhai ),Bottle gourd,Bottle Gourd,Local,27/08/2026,2500,2500,2500
Tamil Nadu,Coimbatore,RSPuram(Uzhavar Sandhai ),Bottle gourd,Bottle Gourd,Local,27/08/2026,2800,3200,3000
Tamil Nadu,Pudukkottai,Viralimalai(Uzhavar Sandhai ),Bottle gourd,Bottle Gourd,Local,27/08/2026,2200,2500,2350
Tamil Nadu,Chengalpattu,Pallavaram(Uzhavar Sandhai ),Bottle gourd,Bottle Gourd,Local,27/08/2026,3500,4000,3750
Tamil Nadu,Thirupur,Tiruppur (North) (Uzhavar Sandhai ),Bottle gourd,Bottle Gourd,Local,27/08/2026,1200,1500,1350
Tamil Nadu,Nagapattinam,Mayiladuthurai(Uzhavar Sandhai ),Bottle gourd,Bottle Gourd,Local,27/08/2026,2500,3000,2750
Tamil Nadu,Kancheepuram,Kundrathur(Uzhavar Sandhai ),Bottle gourd,Bottle Gourd,Local,27/08/2026,3000,3000,3000
Punjab,Mohali,Kurali APMC,Bottle gourd,Bottle Gourd,Medium,27/08/2026,2000,2200,2100
Chandigarh,Chandigarh,Chandigarh (Grain/F&V) APMC,Bottle gourd,Bottle Gourd,FAQ,27/08/2026,900,1300,1100
Punjab,Mohali,Lalru APMC,Bottle gourd,Other,Local,27/08/2026,2200,2200,2200
Maharashtra,Pune,Pune(Moshi) APMC,Bottle gourd,Other,Local,27/08/2026,1000,2000,1500
Madhya Pradesh,Morena,Kailaras APMC,Bottle gourd,Other,FAQ,27/08/2026,400,700,700
Haryana,Mewat,FerozpurZirkha(Nagina) APMC,Bottle gourd,Other,Local,27/08/2026,1000,1400,1200
Keralam,Kottayam,Pampady Market,Ashgourd,Ashgourd,FAQ,27/08/2026,3500,4500,4000
Tamil Nadu,Thanjavur,Kumbakonam (Uzhavar Sandhai ),Ashgourd,Gouard,Local,27/08/2026,2400,2400,2400
Tamil Nadu,Nagercoil (Kannyiakumari),Myladi(Uzhavar Sandhai ),Ashgourd,Gouard,Local,27/08/2026,2200,2500,2350
Tamil Nadu,Virudhunagar,Sivakasi(Uzhavar Sandhai ),Ashgourd,Gouard,Local,27/08/2026,2500,3000,2750
Tamil Nadu,Thiruchirappalli,Thiruverumbur(Uzhavar Sandhai ),Ashgourd,Gouard,Local,27/08/2026,2000,2000,2000
Tamil Nadu,Thiruvannamalai,Tiruvannamalai(Uzhavar Sandhai ),Ashgourd,Gouard,Local,27/08/2026,2000,2500,2250
Tamil Nadu,Krishnagiri,Avallapalli(Uzhavar Sandhai ),Ashgourd,Gouard,Local,27/08/2026,1500,2000,1750
Tamil Nadu,Salem,Attayampatti(Uzhavar Sandhai ),Ashgourd,Gouard,Local,27/08/2026,2400,2800,2600
Tamil Nadu,Tuticorin,Kovilpatti(Uzhavar Sandhai ),Ashgourd,Gouard,Local,27/08/2026,2000,2500,2250
Tamil Nadu,Thirunelveli,NGO Colony(Uzhavar Sandhai ),Ashgourd,Gouard,Local,27/08/2026,1000,1200,1100
Tamil Nadu,Namakkal,Namakkal(Uzhavar Sandhai ),Ashgourd,Gouard,Local,27/08/2026,1500,2000,1750
Tamil Nadu,Thiruchirappalli,Manapparai(Uzhavar Sandhai ),Ashgourd,Gouard,Local,27/08/2026,2000,2000,2000
Tamil Nadu,Erode,Sathiyamagalam(Uzhavar Sandhai ),Ashgourd,Gouard,Local,27/08/2026,2000,2600,2300
Tamil Nadu,Nagapattinam,Vedaranyam(Uzhavar Sandhai),Ashgourd,Gouard,Local,27/08/2026,2200,2400,2300
Tamil Nadu,Dharmapuri,Palacode(Uzhavar Sandhai ),Ashgourd,Gouard,Local,27/08/2026,1400,1600,1500
Tamil Nadu,Thanjavur,Pattukottai(Uzhavar Sandhai ),Ashgourd,Gouard,Local,27/08/2026,3000,3000,3000
Tamil Nadu,Coimbatore,Kurichi(Uzhavar Sandhai ),Ashgourd,Gouard,Local,27/08/2026,2000,2200,2100
Tamil Nadu,Villupuram,Ulundurpettai APMC,Ashgourd,Gouard,Local,27/08/2026,2000,2000,2000
Tamil Nadu,Thiruchirappalli,KKNagar(Uzhavar Sandhai ),Ashgourd,Gouard,Local,27/08/2026,2200,2200,2200
Tamil Nadu,Sivaganga,Karaikudi(Uzhavar Sandhai ),Ashgourd,Gouard,Local,27/08/2026,2000,2500,2250
Tamil Nadu,Salem,Elampillai(Uzhavar Sandhai ),Ashgourd,Gouard,Local,27/08/2026,2000,2400,2200
Tamil Nadu,Theni,Devaram(Uzhavar Sandhai ),Ashgourd,Gouard,Local,27/08/2026,1500,1500,1500
Tamil Nadu,Theni,Bodinayakanur(Uzhavar Sandhai ),Ashgourd,Gouard,Local,27/08/2026,1800,1800,1800
Tamil Nadu,Thanjavur,Tirukattupalli(Uzhavar Sandhai ),Ashgourd,Gouard,Local,27/08/2026,2000,2000,2000
Tamil Nadu,Salem,Sooramangalam(Uzhavar Sandhai ),Ashgourd,Gouard,Local,27/08/2026,1800,2000,1900
Tamil Nadu,Namakkal,Mohanur(Uzhavar Sandhai ),Ashgourd,Gouard,Local,27/08/2026,2400,3000,2700
Tamil Nadu,Thirunelveli,Palayamkottai(Uzhavar Sandhai ),Ashgourd,Gouard,Local,27/08/2026,1000,1200,1100
Tamil Nadu,Ranipet,Arcot(Uzhavar Sandhai ),Ashgourd,Gouard,Local,27/08/2026,3000,3000,3000
Tamil Nadu,Sivaganga,Tirupatthur(Uzhavar Sandhai ),Ashgourd,Gouard,Local,27/08/2026,2000,2500,2250
Tamil Nadu,Salem,Thammampatti (Uzhavar Sandhai ),Ashgourd,Gouard,Local,27/08/2026,2000,2000,2000
Tamil Nadu,Pudukkottai,Pudukottai(Uzhavar Sandhai ),Ashgourd,Gouard,Local,27/08/2026,1000,1500,1250
Tamil Nadu,Thiruvarur,Mannargudi I(Uzhavar Sandhai ),Ashgourd,Gouard,Local,27/08/2026,3000,3000,3000
Odisha,Cuttack,Banki APMC,Pumpkin,Other,Medium,27/08/2026,1200,2000,1500
Tamil Nadu,Kancheepuram,Kundrathur(Uzhavar Sandhai ),Pumpkin,Pumpkin,Local,27/08/2026,2000,2000,2000
Tamil Nadu,Kancheepuram,Sunguvarchatram(Uzhavar Sandhai ),Pumpkin,Pumpkin,Local,27/08/2026,2000,2000,2000
Tamil Nadu,Thirunelveli,NGO Colony(Uzhavar Sandhai ),Pumpkin,Pumpkin,Local,27/08/2026,800,1000,900
Tamil Nadu,Thiruvannamalai,Tamarainagar(Uzhavar Sandhai ),Pumpkin,Pumpkin,Local,27/08/2026,2000,2500,2250
Tamil Nadu,Madurai,Thirumangalam(Uzhavar Sandhai ),Pumpkin,Pumpkin,Local,27/08/2026,2000,2400,2200
Tamil Nadu,Vellore,Thirupathur APMC,Pumpkin,Pumpkin,Local,27/08/2026,2000,2000,2000
Tamil Nadu,Sivaganga,Tirupatthur(Uzhavar Sandhai ),Pumpkin,Pumpkin,Local,27/08/2026,2500,2800,2650
Tamil Nadu,Thirupur,Kangayam(Uzhavar Sandhai ),Pumpkin,Pumpkin,Local,27/08/2026,2000,2200,2100
Tamil Nadu,Salem,Elampillai(Uzhavar Sandhai ),Pumpkin,Pumpkin,Local,27/08/2026,2000,2400,2200
Tamil Nadu,Kancheepuram,Padappai(Uzhavar Sandhai ),Pumpkin,Pumpkin,Local,27/08/2026,2000,2500,2250
Tamil Nadu,Karur,Pallapatti (Uzhavar Sandhai ),Pumpkin,Pumpkin,Local,27/08/2026,2000,2500,2250
Tamil Nadu,Karur,Velayuthampalayam(Uzhavar Sandhai ),Pumpkin,Pumpkin,Local,27/08/2026,2400,3000,2700
Tamil Nadu,Virudhunagar,Virudhunagar(Uzhavar Sandhai ),Pumpkin,Pumpkin,Local,27/08/2026,2500,3000,2750
Tamil Nadu,Thiruchirappalli,Thuraiyur APMC,Pumpkin,Pumpkin,Local,27/08/2026,1200,1800,1500
Tamil Nadu,Salem,Vazhapadi(Uzhavar Sandhai),Pumpkin,Pumpkin,Local,27/08/2026,2500,2500,2500
Tamil Nadu,The Nilgiris,Gudalur(Uzhavar Sandhai ),Pumpkin,Pumpkin,Local,27/08/2026,1800,2000,1900
Tamil Nadu,Coimbatore,Mettupalayam(Uzhavar Sandhai ),Pumpkin,Pumpkin,Local,27/08/2026,1600,2000,1800
Tamil Nadu,Coimbatore,Singanallur(Uzhavar Sandhai ),Pumpkin,Pumpkin,Local,27/08/2026,2000,2200,2100
Tamil Nadu,Madurai,Palanganatham(Uzhavar Sandhai ),Pumpkin,Pumpkin,Local,27/08/2026,2000,2400,2200
Tamil Nadu,Madurai,Chokkikulam(Uzhavar Sandhai ),Pumpkin,Pumpkin,Local,27/08/2026,2000,2400,2200
Tamil Nadu,The Nilgiris,Udhagamandalam(Uzhavar Sandhai ),Pumpkin,Pumpkin,Local,27/08/2026,1500,2000,1750
Tamil Nadu,Thirunelveli,Palayamkottai(Uzhavar Sandhai ),Pumpkin,Pumpkin,Local,27/08/2026,900,1000,950
Tamil Nadu,Namakkal,Namakkal(Uzhavar Sandhai ),Pumpkin,Pumpkin,Local,27/08/2026,1500,2200,1850
Tamil Nadu,Madurai,Melur(Uzhavar Sandhai ),Pumpkin,Pumpkin,Local,27/08/2026,2000,2400,2200
Tamil Nadu,Salem,Jalagandapuram(Uzhavar Sandhai ),Pumpkin,Pumpkin,Local,27/08/2026,1800,2000,1900
Tamil Nadu,Nagapattinam,Sirkali(Uzhavar Sandhai ),Pumpkin,Pumpkin,Local,27/08/2026,2500,3000,2750
Tamil Nadu,Cuddalore,Vadalur(Uzhavar Sandhai ),Pumpkin,Pumpkin,Local,27/08/2026,2500,2500,2500
Haryana,Sonipat,Ganaur APMC,Pumpkin,Pumpkin,Medium,27/08/2026,2000,3000,2500
Haryana,Mahendragarh-Narnaul,Narnaul APMC,Pumpkin,Pumpkin,Medium,27/08/2026,800,1500,1000
Uttar Pradesh,Bulandshahar,Gulavati APMC,Bhindi(Ladies Finger),Bhindi,FAQ,27/08/2026,3000,3200,3100
Gujarat,Amreli,Damnagar APMC,Bhindi(Ladies Finger),Bhindi,Local,27/08/2026,2500,2500,2500
Bihar,Muzaffarpur,Bhagwanpur Mandi APMC,Bhindi(Ladies Finger),Bhindi,Grade B,27/08/2026,900,900,900
Uttar Pradesh,Mau(Maunathbhanjan),Kopaganj APMC,Bhindi(Ladies Finger),Bhindi,FAQ,27/08/2026,1566,1600,1588
Tamil Nadu,Nagapattinam,Sirkali(Uzhavar Sandhai ),Bhindi(Ladies Finger),Bhindi,Local,27/08/2026,4500,5000,4750
Tamil Nadu,Dharmapuri,Palacode(Uzhavar Sandhai ),Bhindi(Ladies Finger),Bhindi,Local,27/08/2026,2500,2800,2650
Tamil Nadu,Salem,Athur(Uzhavar Sandhai ),Bhindi(Ladies Finger),Bhindi,Local,27/08/2026,3500,4000,3750
Tamil Nadu,Madurai,Melur(Uzhavar Sandhai ),Bhindi(Ladies Finger),Bhindi,Local,27/08/2026,2600,3000,2800
Tamil Nadu,Thiruchirappalli,Lalgudi(Uzhavar Sandhai ),Bhindi(Ladies Finger),Bhindi,Local,27/08/2026,4000,4000,4000
Tamil Nadu,Virudhunagar,Rajapalayam(Uzhavar Sandhai ),Bhindi(Ladies Finger),Bhindi,Local,27/08/2026,2500,3000,2750
Tamil Nadu,Villupuram,Gingee(Uzhavar Sandhai ),Bhindi(Ladies Finger),Bhindi,Local,27/08/2026,3000,3000,3000
Tamil Nadu,Karur,Vengamedu(Uzhavar Sandhai ),Bhindi(Ladies Finger),Bhindi,Local,27/08/2026,4000,4500,4250
Tamil Nadu,Madurai,Usilampatti(Uzhavar Sandhai ),Bhindi(Ladies Finger),Bhindi,Local,27/08/2026,2600,3000,2800
Tamil Nadu,Thiruchirappalli,KKNagar(Uzhavar Sandhai ),Bhindi(Ladies Finger),Bhindi,Local,27/08/2026,4600,4600,4600
Tamil Nadu,Villupuram,Villupuram(Uzhavar Sandhai ),Bhindi(Ladies Finger),Bhindi,Local,27/08/2026,4000,4000,4000
Tamil Nadu,Nagapattinam,Mayiladuthurai(Uzhavar Sandhai ),Bhindi(Ladies Finger),Bhindi,Local,27/08/2026,4500,5000,4750
Tamil Nadu,Thiruvarur,Muthupettai(Uzhavar Sandhai ),Bhindi(Ladies Finger),Bhindi,Local,27/08/2026,3600,3600,3600
Tamil Nadu,Cuddalore,Cuddalore(Uzhavar Sandhai ),Bhindi(Ladies Finger),Bhindi,Local,27/08/2026,4500,4500,4500
Tamil Nadu,Dharmapuri,Pennagaram(Uzhavar Sandhai ),Bhindi(Ladies Finger),Bhindi,Local,27/08/2026,3300,3500,3400
Tamil Nadu,Ariyalur,Jeyankondam (Uzhavar Sandhai ),Bhindi(Ladies Finger),Bhindi,Local,27/08/2026,3600,4000,3800
Tamil Nadu,Coimbatore,RSPuram(Uzhavar Sandhai ),Bhindi(Ladies Finger),Bhindi,Local,27/08/2026,4000,4400,4200
Tamil Nadu,Tuticorin,Kovilpatti(Uzhavar Sandhai ),Bhindi(Ladies Finger),Bhindi,Local,27/08/2026,3000,3500,3250
Tamil Nadu,Karur,Kulithalai(Uzhavar Sandhai ),Bhindi(Ladies Finger),Bhindi,Local,27/08/2026,3600,4000,3800
Tamil Nadu,Thiruvannamalai,Chengam(Uzhavar Sandhai ),Bhindi(Ladies Finger),Bhindi,Local,27/08/2026,3300,3600,3450
Tamil Nadu,Virudhunagar,Srivilliputhur(Uzhavar Sandhai ),Bhindi(Ladies Finger),Bhindi,Local,27/08/2026,2500,3000,2750
Tamil Nadu,Ranipet,Ranipettai(Uzhavar Sandhai ),Bhindi(Ladies Finger),Bhindi,Local,27/08/2026,3000,3000,3000
Tamil Nadu,Thirupur,Kangayam(Uzhavar Sandhai ),Bhindi(Ladies Finger),Bhindi,Local,27/08/2026,5000,6000,5500
Tamil Nadu,Pudukkottai,Pudukottai(Uzhavar Sandhai ),Bhindi(Ladies Finger),Bhindi,Local,27/08/2026,3500,4000,3750
Punjab,Mohali,Kurali APMC,Bhindi(Ladies Finger),Bhindi,Medium,27/08/2026,3200,3300,3250
Keralam,Kottayam,Athirampuzha Market,Bhindi(Ladies Finger),Bhindi,FAQ,27/08/2026,4500,4700,4600
Telangana,Mahbubnagar,Mahabubnagar(Rythu Bazar),Bhindi(Ladies Finger),Bhindi,Local,27/08/2026,3200,3200,3200
Gujarat,Gandhinagar,Mansa(Manas Veg Yard) APMC,Bhindi(Ladies Finger),Other,Local,27/08/2026,1500,2000,2000
Tamil Nadu,Cuddalore,Cuddalore(Uzhavar Sandhai ),Amaranthus,Amaranthus,Local,27/08/2026,2000,2000,2000
Tamil Nadu,Kancheepuram,Kundrathur(Uzhavar Sandhai ),Amaranthus,Amaranthus,Local,27/08/2026,3000,3000,3000
Tamil Nadu,Coimbatore,Singanallur(Uzhavar Sandhai ),Amaranthus,Amaranthus,Local,27/08/2026,4500,5000,4750
Tamil Nadu,Thirupathur,Natrampalli(Uzhavar Sandhai ),Amaranthus,Amaranthus,Local,27/08/2026,1500,2000,1750
Tamil Nadu,Thiruchirappalli,Thiruverumbur(Uzhavar Sandhai ),Amaranthus,Amaranthus,Local,27/08/2026,2500,2500,2500
Tamil Nadu,Pudukkottai,Alangudi(Uzhavar Sandhai ),Amaranthus,Amaranthus,Local,27/08/2026,1500,2000,1750
Tamil Nadu,Thirupur,Tiruppur (North) (Uzhavar Sandhai ),Amaranthus,Amaranthus,Local,27/08/2026,2200,2600,2400
Tamil Nadu,Salem,Attayampatti(Uzhavar Sandhai ),Amaranthus,Amaranthus,Local,27/08/2026,2800,2800,2800
Tamil Nadu,Kallakuruchi,Sankarapuram(Uzhavar Sandhai ),Amaranthus,Amaranthus,Local,27/08/2026,4000,4000,4000
Tamil Nadu,Namakkal,Tiruchengode APMC,Amaranthus,Amaranthus,Local,27/08/2026,3500,4000,3750
Tamil Nadu,Namakkal,Namakkal(Uzhavar Sandhai ),Amaranthus,Amaranthus,Local,27/08/2026,3500,4000,3750
Tamil Nadu,Virudhunagar,Kariyapatti(Uzhavar Sandhai ),Amaranthus,Amaranthus,Local,27/08/2026,3000,3500,3250
Tamil Nadu,Thiruvannamalai,Tiruvannamalai(Uzhavar Sandhai ),Amaranthus,Amaranthus,Local,27/08/2026,3500,4000,3750
Tamil Nadu,Salem,Mecheri(Uzhavar Sandhai),Amaranthus,Amaranthus,Local,27/08/2026,2000,2500,2250
Tamil Nadu,Krishnagiri,Krishnagiri(Uzhavar Sandhai ),Amaranthus,Amaranthus,Local,27/08/2026,2500,3000,2750
Tamil Nadu,Theni,Chinnamanur(Uzhavar Sandhai ),Amaranthus,Amaranthus,Local,27/08/2026,2500,2500,2500
Tamil Nadu,Theni,Andipatti(Uzhavar Sandhai ),Amaranthus,Amaranthus,Local,27/08/2026,2000,2500,2250
Tamil Nadu,Salem,Mettur(Uzhavar Sandhai ),Amaranthus,Amaranthus,Local,27/08/2026,2000,2500,2250
Tamil Nadu,Thirunelveli,NGO Colony(Uzhavar Sandhai ),Amaranthus,Amaranthus,Local,27/08/2026,1000,1500,1250
Tamil Nadu,Kallakuruchi,Kallakurichi(Uzhavar Sandhai ),Amaranthus,Amaranthus,Local,27/08/2026,3000,3000,3000
Tamil Nadu,Erode,Periyar Nagar(Uzhavar Sandhai ),Amaranthus,Amaranthus,Local,27/08/2026,3000,3500,3250
Tamil Nadu,Sivaganga,Tirupatthur(Uzhavar Sandhai ),Amaranthus,Amaranthus,Local,27/08/2026,3500,4000,3750
Tamil Nadu,Pudukkottai,Aranthangi(Uzhavar Sandhai ),Amaranthus,Amaranthus,Local,27/08/2026,1500,2000,1750
Tamil Nadu,Thirupur,Dharapuram(Uzhavar Sandhai ),Amaranthus,Amaranthus,Local,27/08/2026,2500,3000,2750
Tamil Nadu,Salem,Elampillai(Uzhavar Sandhai ),Amaranthus,Amaranthus,Local,27/08/2026,2000,2400,2200
Tamil Nadu,Theni,Bodinayakanur(Uzhavar Sandhai ),Amaranthus,Amaranthus,Local,27/08/2026,2500,2500,2500
Tamil Nadu,Karur,Vengamedu(Uzhavar Sandhai ),Amaranthus,Amaranthus,Local,27/08/2026,2000,2500,2250
Tamil Nadu,Thiruchirappalli,Thuraiyur APMC,Amaranthus,Amaranthus,Local,27/08/2026,1500,2000,1750
Tamil Nadu,Pudukkottai,Ponnamaravathi(Uzhavar Sandhai),Amaranthus,Amaranthus,Local,27/08/2026,1500,2000,1750
Tamil Nadu,Salem,Hasthampatti(Uzhavar Sandhai ),Amaranthus,Amaranthus,Local,27/08/2026,2000,2400,2200
Tamil Nadu,Thirupur,Palladam(Uzhavar Sandhai ),Amaranthus,Amaranthus,Local,27/08/2026,2500,3000,2750
Punjab,Jalandhar,Shahkot APMC,Green Chilli,Green Chilly,Local,27/08/2026,2200,2200,2200
Punjab,Kapurthala,Bhulath APMC,Green Chilli,Green Chilly,Local,27/08/2026,1550,1600,1600
Tamil Nadu,Cuddalore,Cuddalore(Uzhavar Sandhai ),Green Chilli,Green Chilly,Local,27/08/2026,6000,6000,6000
Tamil Nadu,Thanjavur,Thanjavur(Uzhavar Sandhai ),Green Chilli,Green Chilly,Local,27/08/2026,5400,5400,5400
Tamil Nadu,Thirunelveli,Kandiyaperi(Uzhavar Sandhai ),Green Chilli,Green Chilly,Local,27/08/2026,4200,4600,4400
Tamil Nadu,Karur,Kulithalai(Uzhavar Sandhai ),Green Chilli,Green Chilly,Local,27/08/2026,4600,5000,4800
Tamil Nadu,Thiruchirappalli,Manapparai(Uzhavar Sandhai ),Green Chilli,Green Chilly,Local,27/08/2026,4600,4600,4600
Tamil Nadu,Thiruvannamalai,Cheyyar(Uzhavar Sandhai ),Green Chilli,Green Chilly,Local,27/08/2026,6000,7200,6600
Tamil Nadu,Thiruchirappalli,Thuraiyur APMC,Green Chilli,Green Chilly,Local,27/08/2026,4500,5000,4750
Tamil Nadu,Madurai,Chokkikulam(Uzhavar Sandhai ),Green Chilli,Green Chilly,Local,27/08/2026,7000,8000,7500
Tamil Nadu,Pudukkottai,Ponnamaravathi(Uzhavar Sandhai),Green Chilli,Green Chilly,Local,27/08/2026,6500,7000,6750
Tamil Nadu,Pudukkottai,Aranthangi(Uzhavar Sandhai ),Green Chilli,Green Chilly,Local,27/08/2026,5000,6000,5500
Tamil Nadu,Krishnagiri,Hosur(Uzhavar Sandhai ),Green Chilli,Green Chilly,Local,27/08/2026,4500,5000,4750
Tamil Nadu,Thirupur,Tiruppur (South) (Uzhavar Sandhai ),Green Chilli,Green Chilly,Local,27/08/2026,3000,4000,3500
Tamil Nadu,Dharmapuri,AJattihalli(Uzhavar Sandhai ),Green Chilli,Green Chilly,Local,27/08/2026,3500,4000,3750
Tamil Nadu,Cuddalore,Vadalur(Uzhavar Sandhai ),Green Chilli,Green Chilly,Local,27/08/2026,6000,6000,6000
Tamil Nadu,Kancheepuram,Padappai(Uzhavar Sandhai ),Green Chilli,Green Chilly,Local,27/08/2026,4000,5000,4500
Tamil Nadu,Salem,Thammampatti (Uzhavar Sandhai ),Green Chilli,Green Chilly,Local,27/08/2026,5000,5500,5250
Tamil Nadu,Theni,Andipatti(Uzhavar Sandhai ),Green Chilli,Green Chilly,Local,27/08/2026,5000,5600,5300
Tamil Nadu,Nagapattinam,Sirkali(Uzhavar Sandhai ),Green Chilli,Green Chilly,Local,27/08/2026,5500,6000,5750
Tamil Nadu,Salem,Hasthampatti(Uzhavar Sandhai ),Green Chilli,Green Chilly,Local,27/08/2026,5000,5200,5100
Tamil Nadu,Ariyalur,Ariyalur(Uzhavar Sandhai),Green Chilli,Green Chilly,Local,27/08/2026,4500,5500,5000
Tamil Nadu,Coimbatore,Vadavalli(Uzhavar Sandhai ),Green Chilli,Green Chilly,Local,27/08/2026,4500,5000,4750
Tamil Nadu,Coimbatore,Kurichi(Uzhavar Sandhai ),Green Chilli,Green Chilly,Local,27/08/2026,4500,4800,4650
Tamil Nadu,Namakkal,Tiruchengode APMC,Green Chilli,Green Chilly,Local,27/08/2026,4500,5000,4750
Tamil Nadu,Coimbatore,Singanallur(Uzhavar Sandhai ),Green Chilli,Green Chilly,Local,27/08/2026,4000,4500,4250
Tamil Nadu,Thiruchirappalli,Lalgudi(Uzhavar Sandhai ),Green Chilli,Green Chilly,Local,27/08/2026,4800,4800,4800
Tamil Nadu,Virudhunagar,Rajapalayam(Uzhavar Sandhai ),Green Chilli,Green Chilly,Local,27/08/2026,4500,5000,4750
Tamil Nadu,Madurai,Anna nagar(Uzhavar Sandhai ),Green Chilli,Green Chilly,Local,27/08/2026,6000,7000,6500
Tamil Nadu,Pudukkottai,Gandarvakottai(Uzhavar Sandhai ),Green Chilli,Green Chilly,Local,27/08/2026,5500,6000,5750
Tamil Nadu,Dharmapuri,Harur(Uzhavar Sandhai ),Green Chilli,Green Chilly,Local,27/08/2026,4500,5000,4750
Tamil Nadu,Virudhunagar,Sivakasi(Uzhavar Sandhai ),Green Chilli,Green Chilly,Local,27/08/2026,5000,6000,5500
Tamil Nadu,Madurai,Usilampatti(Uzhavar Sandhai ),Green Chilli,Green Chilly,Local,27/08/2026,7500,8000,7750
Tamil Nadu,Erode,Perundurai(Uzhavar Sandhai ),Green Chilli,Green Chilly,Local,27/08/2026,5000,5400,5200
Tamil Nadu,Vellore,Perampet(Uzhavar Sandhai),Green Chilli,Green Chilly,Local,27/08/2026,5000,5600,5300
Tamil Nadu,Krishnagiri,Krishnagiri(Uzhavar Sandhai ),Green Chilli,Green Chilly,Local,27/08/2026,3200,3600,3400
Tamil Nadu,Vellore,Kahithapattarai(Uzhavar Sandhai ),Green Chilli,Green Chilly,Local,27/08/2026,4600,4600,4600
Punjab,Hoshiarpur,Mukerian APMC,Green Chilli,Green Chilly,Grade B,27/08/2026,2500,4500,3500
Haryana,Sonipat,Ganaur APMC,Green Chilli,Green Chilly,Medium,27/08/2026,4000,5000,4500
Maharashtra,Ratnagiri,Ratnagiri (Nachane) APMC,Green Chilli,Other,Local,27/08/2026,2000,3500,3000
Maharashtra,Pune,Pune(Moshi) APMC,Green Chilli,Other,Local,27/08/2026,3000,4000,3500
Odisha,Bolangir,Kantabaji APMC,Green Chilli,Other,Grade B,27/08/2026,4500,5500,5000
Maharashtra,Pune,Pune(Moshi) APMC,Chilly Capsicum,Other,Local,27/08/2026,2000,3000,2500
Tamil Nadu,Dharmapuri,Dharmapuri(Uzhavar Sandhai ),Cowpea(Veg),Cowpea (Veg),Local,27/08/2026,4600,5000,4800
Tamil Nadu,Dharmapuri,Palacode(Uzhavar Sandhai ),Cowpea(Veg),Cowpea (Veg),Local,27/08/2026,4800,5000,4900
Tamil Nadu,Thirupur,Tiruppur (North) (Uzhavar Sandhai ),Cowpea(Veg),Cowpea (Veg),Local,27/08/2026,3000,4000,3500
Tamil Nadu,Coimbatore,Udumalpet APMC,Cowpea(Veg),Cowpea (Veg),Local,27/08/2026,3500,4000,3750
Tamil Nadu,Salem,Ammapet(Uzhavar Sandhai ),Cowpea(Veg),Cowpea (Veg),Local,27/08/2026,4500,4500,4500
Tamil Nadu,Coimbatore,Sulur(Uzhavar Sandhai ),Cowpea(Veg),Cowpea (Veg),Local,27/08/2026,4000,4500,4250
Tamil Nadu,Pudukkottai,Ponnamaravathi(Uzhavar Sandhai),Cowpea(Veg),Cowpea (Veg),Local,27/08/2026,1500,2000,1750
Tamil Nadu,Thirupur,Dharapuram(Uzhavar Sandhai ),Cowpea(Veg),Cowpea (Veg),Local,27/08/2026,3500,4000,3750
Tamil Nadu,Salem,Hasthampatti(Uzhavar Sandhai ),Cowpea(Veg),Cowpea (Veg),Local,27/08/2026,4600,5000,4800
Keralam,Kottayam,Pampady Market,Cowpea(Veg),Cowpea (Veg),FAQ,27/08/2026,5500,6500,6000
Tamil Nadu,Chengalpattu,Chengalpet(Uzhavar Sandhai ),Banana - Green,Banana - Green,Local,27/08/2026,3500,4000,3750
Tamil Nadu,Thirupur,Tiruppur (North) (Uzhavar Sandhai ),Banana - Green,Banana - Green,Local,27/08/2026,2500,3000,2750
Tamil Nadu,Thiruvarur,Muthupettai(Uzhavar Sandhai ),Banana - Green,Banana - Green,Local,27/08/2026,4000,4000,4000
Tamil Nadu,Thanjavur,Pattukottai(Uzhavar Sandhai ),Banana - Green,Banana - Green,Local,27/08/2026,3000,3000,3000
Tamil Nadu,Dindigul,Dindigul(Uzhavar Sandhai ),Banana - Green,Banana - Green,Local,27/08/2026,1500,2000,1750
Tamil Nadu,Virudhunagar,Kariyapatti(Uzhavar Sandhai ),Banana - Green,Banana - Green,Local,27/08/2026,3000,3500,3250
Tamil Nadu,Coimbatore,RSPuram(Uzhavar Sandhai ),Banana - Green,Banana - Green,Local,27/08/2026,3600,4400,4000
Tamil Nadu,Thiruchirappalli,Lalgudi(Uzhavar Sandhai ),Banana - Green,Banana - Green,Local,27/08/2026,3000,3000,3000
Tamil Nadu,Ranipet,Arcot(Uzhavar Sandhai ),Banana - Green,Banana - Green,Local,27/08/2026,4000,5000,4500
Tamil Nadu,Salem,Mecheri(Uzhavar Sandhai),Banana - Green,Banana - Green,Local,27/08/2026,2000,2500,2250
Tamil Nadu,Krishnagiri,Krishnagiri(Uzhavar Sandhai ),Banana - Green,Banana - Green,Local,27/08/2026,2500,3000,2750
Tamil Nadu,Thanjavur,Kumbakonam (Uzhavar Sandhai ),Banana - Green,Banana - Green,Local,27/08/2026,4800,4800,4800
Tamil Nadu,Madurai,Anaiyur(Uzhavar Sandhai ),Banana - Green,Banana - Green,Local,27/08/2026,2000,2400,2200
Tamil Nadu,Erode,Thalavadi(Uzhavar Sandhai ),Banana - Green,Banana - Green,Local,27/08/2026,3000,3600,3300
Tamil Nadu,Madurai,Anna nagar(Uzhavar Sandhai ),Banana - Green,Banana - Green,Local,27/08/2026,2500,3000,2750
Tamil Nadu,Sivaganga,Tirupatthur(Uzhavar Sandhai ),Banana - Green,Banana - Green,Local,27/08/2026,2500,3000,2750
Tamil Nadu,Salem,Elampillai(Uzhavar Sandhai ),Banana - Green,Banana - Green,Local,27/08/2026,2000,2400,2200
Tamil Nadu,Dharmapuri,Pennagaram(Uzhavar Sandhai ),Banana - Green,Banana - Green,Local,27/08/2026,2800,3000,2900
Tamil Nadu,Kancheepuram,Padappai(Uzhavar Sandhai ),Banana - Green,Banana - Green,Local,27/08/2026,3500,4500,4000
Tamil Nadu,Karur,Vengamedu(Uzhavar Sandhai ),Banana - Green,Banana - Green,Local,27/08/2026,2500,3000,2750
Tamil Nadu,Karur,Pallapatti (Uzhavar Sandhai ),Banana - Green,Banana - Green,Local,27/08/2026,2500,3000,2750
Tamil Nadu,Karur,Kulithalai(Uzhavar Sandhai ),Banana - Green,Banana - Green,Local,27/08/2026,3000,3500,3250
Tamil Nadu,Virudhunagar,Thalavaipuram(Uzhavar Sandhai ),Banana - Green,Banana - Green,Local,27/08/2026,2800,3500,3150
Tamil Nadu,Virudhunagar,Rajapalayam(Uzhavar Sandhai ),Banana - Green,Banana - Green,Local,27/08/2026,3000,3600,3300
Tamil Nadu,Thiruchirappalli,Thuraiyur APMC,Banana - Green,Banana - Green,Local,27/08/2026,2000,2500,2250
Tamil Nadu,Chengalpattu,Thirukalukundram(Uzhavar Sandhai ),Banana - Green,Banana - Green,Local,27/08/2026,3800,4000,3900
Tamil Nadu,Salem,Vazhapadi(Uzhavar Sandhai),Banana - Green,Banana - Green,Local,27/08/2026,2500,2500,2500
Tamil Nadu,Pudukkottai,Ponnamaravathi(Uzhavar Sandhai),Banana - Green,Banana - Green,Local,27/08/2026,2500,3000,2750
Tamil Nadu,Pudukkottai,Viralimalai(Uzhavar Sandhai ),Banana - Green,Banana - Green,Local,27/08/2026,2500,3000,2750
Tamil Nadu,Thirupur,Palladam(Uzhavar Sandhai ),Banana - Green,Banana - Green,Local,27/08/2026,2500,3000,2750
Tamil Nadu,Thiruvarur,Mannargudi I(Uzhavar Sandhai ),Banana - Green,Banana - Green,Local,27/08/2026,4800,4800,4800
Tamil Nadu,Coimbatore,Mettupalayam(Uzhavar Sandhai ),Banana - Green,Banana - Green,Local,27/08/2026,4500,5000,4750
Tamil Nadu,Virudhunagar,Sivakasi(Uzhavar Sandhai ),Banana - Green,Banana - Green,Local,27/08/2026,3500,4000,3750
Tamil Nadu,Thirupathur,Vaniyampadi(Uzhavar Sandhai ),Banana - Green,Banana - Green,Local,27/08/2026,3000,3000,3000
Telangana,Ranga Reddy,"Vanasthalipuram,RBZ ",Banana - Green,Banana - Green,Grade A,27/08/2026,4000,4000,4000
Uttar Pradesh,Balrampur,Panchpedwa APMC,Banana - Green,Banana - Green,FAQ,27/08/2026,1200,1400,1300
Tamil Nadu,Namakkal,Rasipuram(Uzhavar Sandhai ),Beans,Beans (Whole),Local,27/08/2026,8000,9000,8500
Tamil Nadu,Namakkal,Namakkal(Uzhavar Sandhai ),Beans,Beans (Whole),Local,27/08/2026,6500,7500,7000
Tamil Nadu,Thiruvannamalai,Arani(Uzhavar Sandhai ),Beans,Beans (Whole),Local,27/08/2026,7000,8000,7500
Tamil Nadu,Erode,Sathiyamagalam(Uzhavar Sandhai ),Beans,Beans (Whole),Local,27/08/2026,7500,8000,7750
Tamil Nadu,Thirupur,Dharapuram(Uzhavar Sandhai ),Beans,Beans (Whole),Local,27/08/2026,8000,8500,8250
Tamil Nadu,Thirupur,Tiruppur (South) (Uzhavar Sandhai ),Beans,Beans (Whole),Local,27/08/2026,8000,9000,8500
Tamil Nadu,Coimbatore,Sulur(Uzhavar Sandhai ),Beans,Beans (Whole),Local,27/08/2026,5000,7500,6250
Tamil Nadu,Dindigul,Chinnalapatti(Uzhavar Sandhai ),Beans,Beans (Whole),Local,27/08/2026,9000,10000,9500
Tamil Nadu,Sivaganga,Singampunari(Uzhavar Sandhai ),Beans,Beans (Whole),Local,27/08/2026,10200,11200,10700
Tamil Nadu,Krishnagiri,Denkanikottai(Uzhavar Sandhai ),Beans,Beans (Whole),Local,27/08/2026,6000,7000,6500
Tamil Nadu,Villupuram,Gingee(Uzhavar Sandhai ),Beans,Beans (Whole),Local,27/08/2026,9000,9000,9000
Tamil Nadu,Nagapattinam,Nagapattinam(Uzhavar Sandhai ),Beans,Beans (Whole),Local,27/08/2026,9500,11100,10300
Tamil Nadu,Madurai,Anaiyur(Uzhavar Sandhai ),Beans,Beans (Whole),Local,27/08/2026,10000,11000,10500
Tamil Nadu,Theni,Chinnamanur(Uzhavar Sandhai ),Beans,Beans (Whole),Local,27/08/2026,11000,11000,11000
Tamil Nadu,Perambalur,Perambalur(Uzhavar Sandhai ),Beans,Beans (Whole),Local,27/08/2026,9200,9600,9400
Tamil Nadu,Thirunelveli,NGO Colony(Uzhavar Sandhai ),Beans,Beans (Whole),Local,27/08/2026,7600,8000,7800
Tamil Nadu,Theni,Theni(Uzhavar Sandhai ),Beans,Beans (Whole),Local,27/08/2026,10000,10000,10000
Tamil Nadu,Thirupathur,Natrampalli(Uzhavar Sandhai ),Beans,Beans (Whole),Local,27/08/2026,8000,10000,9000
Tamil Nadu,Thiruvannamalai,Chengam(Uzhavar Sandhai ),Beans,Beans (Whole),Local,27/08/2026,7500,8400,7950
Tamil Nadu,Salem,Vazhapadi(Uzhavar Sandhai),Beans,Beans (Whole),Local,27/08/2026,7500,8000,7750
Tamil Nadu,Chengalpattu,Pallavaram(Uzhavar Sandhai ),Beans,Beans (Whole),Local,27/08/2026,8000,9000,8500
Tamil Nadu,Salem,Thammampatti (Uzhavar Sandhai ),Beans,Beans (Whole),Local,27/08/2026,7000,7000,7000
Tamil Nadu,Krishnagiri,Kaveripattinam(Uzhavar Sandhai ),Beans,Beans (Whole),Local,27/08/2026,10000,10000,10000
Maharashtra,Pune,Pune(Moshi) APMC,Beans,Other,Local,27/08/2026,2500,3000,2750
Tamil Nadu,Dharmapuri,Dharmapuri(Uzhavar Sandhai ),Tapioca,Tapioca,Local,27/08/2026,3200,3400,3300
Tamil Nadu,Coimbatore,Singanallur(Uzhavar Sandhai ),Tapioca,Tapioca,Local,27/08/2026,3200,3600,3400
Tamil Nadu,Madurai,Melur(Uzhavar Sandhai ),Tapioca,Tapioca,Local,27/08/2026,3600,4000,3800
Tamil Nadu,Vellore,Kahithapattarai(Uzhavar Sandhai ),Tapioca,Tapioca,Local,27/08/2026,3500,3500,3500
Tamil Nadu,Namakkal,Rasipuram(Uzhavar Sandhai ),Tapioca,Tapioca,Local,27/08/2026,4000,4200,4100
Tamil Nadu,Kallakuruchi,Sankarapuram(Uzhavar Sandhai ),Tapioca,Tapioca,Local,27/08/2026,3000,3000,3000
Tamil Nadu,Salem,Edapadi (Uzhavar Sandhai ),Tapioca,Tapioca,Local,27/08/2026,3000,3500,3250
Tamil Nadu,Villupuram,Villupuram(Uzhavar Sandhai ),Tapioca,Tapioca,Local,27/08/2026,5000,5000,5000
Tamil Nadu,Coimbatore,Udumalpet APMC,Tapioca,Tapioca,Local,27/08/2026,3500,4000,3750
Tamil Nadu,Salem,Mettur(Uzhavar Sandhai ),Tapioca,Tapioca,Local,27/08/2026,2500,3000,2750
Tamil Nadu,Dharmapuri,Pennagaram(Uzhavar Sandhai ),Tapioca,Tapioca,Local,27/08/2026,2800,3000,2900
Tamil Nadu,Coimbatore,Sulur(Uzhavar Sandhai ),Tapioca,Tapioca,Local,27/08/2026,3200,3600,3400
Tamil Nadu,Erode,Perundurai(Uzhavar Sandhai ),Tapioca,Tapioca,Local,27/08/2026,2000,2500,2250
Tamil Nadu,Erode,Sathiyamagalam(Uzhavar Sandhai ),Tapioca,Tapioca,Local,27/08/2026,2500,3000,2750
Keralam,Thiruvananthapuram,Parassala Market,Tapioca,Tapioca,Local,27/08/2026,2800,3200,3000
Tamil Nadu,Nagapattinam,Vedaranyam(Uzhavar Sandhai),Ginger(Green),Green Ginger,Local,27/08/2026,14500,15000,14750
Tamil Nadu,Thanjavur,Kumbakonam (Uzhavar Sandhai ),Ginger(Green),Green Ginger,Local,27/08/2026,10800,22000,16400
Tamil Nadu,Ariyalur,Ariyalur(Uzhavar Sandhai),Ginger(Green),Green Ginger,Local,27/08/2026,17000,18000,17500
Tamil Nadu,Nagercoil (Kannyiakumari),Vadaseri APMC,Ginger(Green),Green Ginger,Local,27/08/2026,20000,21000,20500
Tamil Nadu,Thiruchirappalli,Manachanallur(Uzhavar Sandhai ),Ginger(Green),Green Ginger,Local,27/08/2026,18000,18000,18000
Tamil Nadu,Thiruchirappalli,Thuraiyur APMC,Ginger(Green),Green Ginger,Local,27/08/2026,17000,18000,17500
Tamil Nadu,Salem,Thammampatti (Uzhavar Sandhai ),Ginger(Green),Green Ginger,Local,27/08/2026,17000,17500,17250
Tamil Nadu,Dharmapuri,Harur(Uzhavar Sandhai ),Ginger(Green),Green Ginger,Local,27/08/2026,14000,17000,15500
Tamil Nadu,Namakkal,Namakkal(Uzhavar Sandhai ),Ginger(Green),Green Ginger,Local,27/08/2026,16000,17000,16500
Tamil Nadu,Krishnagiri,Krishnagiri(Uzhavar Sandhai ),Ginger(Green),Green Ginger,Local,27/08/2026,10000,18000,14000
Tamil Nadu,Dharmapuri,Dharmapuri(Uzhavar Sandhai ),Ginger(Green),Green Ginger,Local,27/08/2026,22000,23000,22500
Tamil Nadu,Tuticorin,Kovilpatti(Uzhavar Sandhai ),Ginger(Green),Green Ginger,Local,27/08/2026,17000,18000,17500
Tamil Nadu,Namakkal,Rasipuram(Uzhavar Sandhai ),Ginger(Green),Green Ginger,Local,27/08/2026,18000,19000,18500
Tamil Nadu,Dindigul,Chinnalapatti(Uzhavar Sandhai ),Ginger(Green),Green Ginger,Local,27/08/2026,16000,18000,17000
Tamil Nadu,Erode,Sathiyamagalam(Uzhavar Sandhai ),Ginger(Green),Green Ginger,Local,27/08/2026,14900,16000,15450
Tamil Nadu,Erode,Gobichettipalayam(Uzhavar Sandhai ),Ginger(Green),Green Ginger,Local,27/08/2026,14400,15500,14950
Tamil Nadu,Madurai,Anna nagar(Uzhavar Sandhai ),Ginger(Green),Green Ginger,Local,27/08/2026,18000,22000,20000
Tamil Nadu,Thiruvannamalai,Tiruvannamalai(Uzhavar Sandhai ),Ginger(Green),Green Ginger,Local,27/08/2026,16000,18000,17000
Tamil Nadu,Dharmapuri,Karimangalam(Uzhavar Sandhai),Ginger(Green),Green Ginger,Local,27/08/2026,22000,23000,22500
Tamil Nadu,Coimbatore,Sundarapuram(Uzhavar Sandhai ),Ginger(Green),Green Ginger,Local,27/08/2026,16000,17000,16500
Tamil Nadu,Thirunelveli,NGO Colony(Uzhavar Sandhai ),Ginger(Green),Green Ginger,Local,27/08/2026,16000,17000,16500
Tamil Nadu,Karur,Karur(Uzhavar Sandhai ),Ginger(Green),Green Ginger,Local,27/08/2026,18500,19000,18750
Haryana,Sonipat,Ganaur APMC,Ginger(Green),Green Ginger,Medium,27/08/2026,10000,15000,12000
Haryana,Mahendragarh-Narnaul,Narnaul APMC,Ginger(Green),Green Ginger,Medium,27/08/2026,6000,10000,7000
Andhra Pradesh,NTR,Tiruvuru APMC,Dry Chillies,Dry Chillies,Local,27/08/2026,21000,21000,21000
Tamil Nadu,Thirupathur,Vaniyampadi(Uzhavar Sandhai ),Coconut,Coconut,Local,27/08/2026,2000,2000,2000
Tamil Nadu,Madurai,Chokkikulam(Uzhavar Sandhai ),Coconut,Coconut,Local,27/08/2026,6500,6800,6650
Tamil Nadu,Ranipet,Ranipettai(Uzhavar Sandhai ),Coconut,Coconut,Local,27/08/2026,4000,5000,4500
Tamil Nadu,Krishnagiri,Hosur(Uzhavar Sandhai ),Coconut,Coconut,Local,27/08/2026,5500,6000,5750
Tamil Nadu,Theni,Devaram(Uzhavar Sandhai ),Coconut,Coconut,Local,27/08/2026,5400,5400,5400
Tamil Nadu,Thiruvarur,Valangaiman APMC,Coconut,Coconut,Local,27/08/2026,5000,5000,5000
Tamil Nadu,Kancheepuram,Kundrathur(Uzhavar Sandhai ),Coconut,Coconut,Local,27/08/2026,5000,6000,5500
Tamil Nadu,Thirunelveli,Kandiyaperi(Uzhavar Sandhai ),Coconut,Coconut,Local,27/08/2026,5600,6000,5800
Tamil Nadu,Virudhunagar,Srivilliputhur(Uzhavar Sandhai ),Coconut,Coconut,Local,27/08/2026,5000,6000,5500
Tamil Nadu,Ranipet,Arcot(Uzhavar Sandhai ),Coconut,Coconut,Local,27/08/2026,4000,5000,4500
Tamil Nadu,Salem,Edapadi (Uzhavar Sandhai ),Coconut,Coconut,Local,27/08/2026,5000,6000,5500
Tamil Nadu,Chengalpattu,Nanganallur(Uzhavar Sandhai ),Coconut,Coconut,Local,27/08/2026,6500,7000,6750
Tamil Nadu,Pudukkottai,Pudukottai(Uzhavar Sandhai ),Coconut,Coconut,Local,27/08/2026,3000,4000,3500
Tamil Nadu,Nagapattinam,Sirkali(Uzhavar Sandhai ),Coconut,Coconut,Local,27/08/2026,3500,4000,3750
Tamil Nadu,Thiruvarur,Muthupettai(Uzhavar Sandhai ),Coconut,Coconut,Local,27/08/2026,4000,4000,4000
Tamil Nadu,Namakkal,Rasipuram(Uzhavar Sandhai ),Coconut,Coconut,Local,27/08/2026,6000,6200,6100
Tamil Nadu,Virudhunagar,Thalavaipuram(Uzhavar Sandhai ),Coconut,Coconut,Local,27/08/2026,5000,6000,5500
Tamil Nadu,Coimbatore,Singanallur(Uzhavar Sandhai ),Coconut,Coconut,Local,27/08/2026,5500,5800,5650
Tamil Nadu,Thiruchirappalli,Manachanallur(Uzhavar Sandhai ),Coconut,Coconut,Local,27/08/2026,7000,7000,7000
Tamil Nadu,Thiruvannamalai,Tamarainagar(Uzhavar Sandhai ),Coconut,Coconut,Local,27/08/2026,6400,7400,6900
Tamil Nadu,Dharmapuri,Karimangalam(Uzhavar Sandhai),Coconut,Coconut,Local,27/08/2026,6500,7000,6750
Tamil Nadu,Salem,Hasthampatti(Uzhavar Sandhai ),Coconut,Coconut,Local,27/08/2026,6000,6500,6250
Tamil Nadu,Namakkal,Paramathivelur(Uzhavar Sandhai ),Coconut,Coconut,Local,27/08/2026,5200,5800,5500
Tamil Nadu,Coimbatore,Sulur(Uzhavar Sandhai ),Coconut,Coconut,Local,27/08/2026,5500,5800,5650
Tamil Nadu,Madurai,Melur(Uzhavar Sandhai ),Coconut,Coconut,Local,27/08/2026,6500,6800,6650
Tamil Nadu,Virudhunagar,Sathur(Uzhavar Sandhai ),Coconut,Coconut,Local,27/08/2026,5500,6000,5750
Tamil Nadu,Virudhunagar,Sivakasi(Uzhavar Sandhai ),Coconut,Coconut,Local,27/08/2026,5000,6000,5500
Tamil Nadu,Pudukkottai,Alangudi(Uzhavar Sandhai ),Coconut,Coconut,Local,27/08/2026,3500,4000,3750
Tamil Nadu,Cuddalore,Vadalur(Uzhavar Sandhai ),Coconut,Coconut,Local,27/08/2026,5000,6000,5500
Tamil Nadu,Thirupur,Palladam(Uzhavar Sandhai ),Coconut,Coconut,Local,27/08/2026,5000,6000,5500
Tamil Nadu,Thanjavur,Thanjavur(Uzhavar Sandhai ),Betal Leaves,Mysore,Local,27/08/2026,18000,18000,18000
Tamil Nadu,Namakkal,Tiruchengode APMC,Sweet Potato,Hosur Red,Local,27/08/2026,4500,5000,4750
Tamil Nadu,Salem,Mettur(Uzhavar Sandhai ),Sweet Potato,Hosur Red,Local,27/08/2026,3500,4000,3750
Tamil Nadu,Coimbatore,Vadavalli(Uzhavar Sandhai ),Sweet Potato,Hosur Red,Local,27/08/2026,4500,5000,4750
Tamil Nadu,Dindigul,Dindigul(Uzhavar Sandhai ),Sweet Potato,Hosur Red,Local,27/08/2026,5000,6000,5500
Tamil Nadu,Thiruchirappalli,KKNagar(Uzhavar Sandhai ),Sweet Potato,Hosur Red,Local,27/08/2026,6800,6800,6800
Tamil Nadu,Thiruvannamalai,Tiruvannamalai(Uzhavar Sandhai ),Sweet Potato,Hosur Red,Local,27/08/2026,3500,4000,3750
Tamil Nadu,Perambalur,Perambalur(Uzhavar Sandhai ),Sweet Potato,Hosur Red,Local,27/08/2026,6000,6400,6200
Tamil Nadu,Karur,Gandhigramam(Uzhavar Sandhai),Sweet Potato,Hosur Red,Local,27/08/2026,3500,4000,3750
Chandigarh,Chandigarh,Chandigarh (Grain/F&V) APMC,Carrot,Carrot,FAQ,27/08/2026,1500,2000,1800
Tamil Nadu,Dharmapuri,Pennagaram(Uzhavar Sandhai ),Carrot,Pusakesar,Local,27/08/2026,7500,8000,7750
Tamil Nadu,Namakkal,Kumarapalayam(Uzhavar Sandhai ),Carrot,Pusakesar,Local,27/08/2026,7000,7500,7250
Tamil Nadu,Salem,Thathakapatti(Uzhavar Sandhai ),Carrot,Pusakesar,Local,27/08/2026,8000,8400,8200
Tamil Nadu,Perambalur,Perambalur(Uzhavar Sandhai ),Carrot,Pusakesar,Local,27/08/2026,9600,10000,9800
Tamil Nadu,Thirunelveli,Palayamkottai(Uzhavar Sandhai ),Carrot,Pusakesar,Local,27/08/2026,4000,7000,5500
Tamil Nadu,Thiruvannamalai,Chengam(Uzhavar Sandhai ),Carrot,Pusakesar,Local,27/08/2026,6000,7200,6600
Tamil Nadu,Ranipet,Arcot(Uzhavar Sandhai ),Carrot,Pusakesar,Local,27/08/2026,6600,6600,6600
Tamil Nadu,Thiruvannamalai,Tiruvannamalai(Uzhavar Sandhai ),Carrot,Pusakesar,Local,27/08/2026,5000,6000,5500
Tamil Nadu,Vellore,Perampet(Uzhavar Sandhai),Carrot,Pusakesar,Local,27/08/2026,5000,5600,5300
Tamil Nadu,Sivaganga,Sivagangai (Uzhavar Sandhai ),Carrot,Pusakesar,Local,27/08/2026,5200,8200,6700
Tamil Nadu,Villupuram,Tindivanam APMC,Carrot,Pusakesar,Local,27/08/2026,7000,7000,7000
Tamil Nadu,Krishnagiri,Kaveripattinam(Uzhavar Sandhai ),Carrot,Pusakesar,Local,27/08/2026,7000,7000,7000
Tamil Nadu,Thiruchirappalli,Manachanallur(Uzhavar Sandhai ),Carrot,Pusakesar,Local,27/08/2026,10000,10000,10000
Tamil Nadu,Thiruchirappalli,Thuraiyur APMC,Carrot,Pusakesar,Local,27/08/2026,9000,10500,9750
Tamil Nadu,Ranipet,Ranipettai(Uzhavar Sandhai ),Carrot,Pusakesar,Local,27/08/2026,6500,6500,6500
Tamil Nadu,Dharmapuri,AJattihalli(Uzhavar Sandhai ),Carrot,Pusakesar,Local,27/08/2026,7000,7000,7000
Tamil Nadu,Namakkal,Namakkal(Uzhavar Sandhai ),Carrot,Pusakesar,Local,27/08/2026,8000,8200,8100
Tamil Nadu,Virudhunagar,Sathur(Uzhavar Sandhai ),Carrot,Pusakesar,Local,27/08/2026,5500,6000,5750
Tamil Nadu,Villupuram,Gingee(Uzhavar Sandhai ),Carrot,Pusakesar,Local,27/08/2026,7000,7000,7000
Tamil Nadu,Salem,Hasthampatti(Uzhavar Sandhai ),Carrot,Pusakesar,Local,27/08/2026,7600,8000,7800
Tamil Nadu,Coimbatore,Udumalpet APMC,Carrot,Pusakesar,Local,27/08/2026,8000,9000,8500
Tamil Nadu,Sivaganga,Tirupatthur(Uzhavar Sandhai ),Cabbage,Cabbage,Local,27/08/2026,2800,3000,2900
Tamil Nadu,Salem,Thammampatti (Uzhavar Sandhai ),Cabbage,Cabbage,Local,27/08/2026,3500,4000,3750
Tamil Nadu,Thirupur,Dharapuram(Uzhavar Sandhai ),Cabbage,Cabbage,Local,27/08/2026,3000,3500,3250
Tamil Nadu,Perambalur,Perambalur(Uzhavar Sandhai ),Cabbage,Cabbage,Local,27/08/2026,3600,3600,3600
Tamil Nadu,Virudhunagar,Rajapalayam(Uzhavar Sandhai ),Cabbage,Cabbage,Local,27/08/2026,2700,3200,2950
Tamil Nadu,Krishnagiri,Denkanikottai(Uzhavar Sandhai ),Cabbage,Cabbage,Local,27/08/2026,1000,1500,1250
Tamil Nadu,Villupuram,Tindivanam APMC,Cabbage,Cabbage,Local,27/08/2026,3500,3500,3500
Tamil Nadu,Namakkal,Rasipuram(Uzhavar Sandhai ),Cabbage,Cabbage,Local,27/08/2026,3500,3800,3650
Tamil Nadu,Erode,Perundurai(Uzhavar Sandhai ),Cabbage,Cabbage,Local,27/08/2026,2500,2800,2650
Tamil Nadu,Erode,Sathiyamagalam(Uzhavar Sandhai ),Cabbage,Cabbage,Local,27/08/2026,2500,3000,2750
Tamil Nadu,Madurai,Chokkikulam(Uzhavar Sandhai ),Cabbage,Cabbage,Local,27/08/2026,2400,2600,2500
Tamil Nadu,Ranipet,Ranipettai(Uzhavar Sandhai ),Cabbage,Cabbage,Local,27/08/2026,2500,2500,2500
Tamil Nadu,The Nilgiris,Gudalur(Uzhavar Sandhai ),Cabbage,Cabbage,Local,27/08/2026,2000,2500,2250
Tamil Nadu,The Nilgiris,Udhagamandalam(Uzhavar Sandhai ),Cabbage,Cabbage,Local,27/08/2026,2000,2500,2250
Tamil Nadu,Thirunelveli,Palayamkottai(Uzhavar Sandhai ),Cabbage,Cabbage,Local,27/08/2026,3200,3400,3300
Tamil Nadu,Dindigul,Dindigul(Uzhavar Sandhai ),Cabbage,Cabbage,Local,27/08/2026,3000,4000,3500
Tamil Nadu,Coimbatore,RSPuram(Uzhavar Sandhai ),Cabbage,Cabbage,Local,27/08/2026,2200,2500,2350
Tamil Nadu,Vellore,Kahithapattarai(Uzhavar Sandhai ),Cabbage,Cabbage,Local,27/08/2026,2500,2500,2500
Tamil Nadu,Nagapattinam,Sirkali(Uzhavar Sandhai ),Cabbage,Cabbage,Local,27/08/2026,2500,3000,2750
Tamil Nadu,Dharmapuri,Harur(Uzhavar Sandhai ),Cabbage,Cabbage,Local,27/08/2026,3000,3500,3250
Tamil Nadu,Cuddalore,Vadalur(Uzhavar Sandhai ),Cabbage,Cabbage,Local,27/08/2026,3500,3500,3500
Keralam,Kottayam,Pampady Market,Cabbage,Cabbage,FAQ,27/08/2026,4500,5500,5000
Haryana,Rohtak,Meham,Cabbage,Cabbage,Medium,27/08/2026,4000,4000,4000
Telangana,Ranga Reddy,"Vanasthalipuram,RBZ ",Cabbage,Cabbage,Grade A,27/08/2026,1400,1400,1400
Haryana,Hissar,Hansi APMC,Cabbage,Other,FAQ,27/08/2026,2500,3000,2750
Punjab,Mohali,Kurali APMC,Cabbage,Other,Medium,27/08/2026,1800,2000,1900
West Bengal,Darjeeling,Karsiyang(Matigara) APMC,Cabbage,Other,FAQ,27/08/2026,2700,2900,2800
Haryana,Mewat,FerozpurZirkha(Nagina) APMC,Cabbage,Other,Local,27/08/2026,1800,2200,2000
Tamil Nadu,Thiruvannamalai,Vandavasi(Uzhavar Sandhai ),Snakeguard,Snakeguard,Local,27/08/2026,2500,3000,2750
Tamil Nadu,Pudukkottai,Aranthangi(Uzhavar Sandhai ),Snakeguard,Snakeguard,Local,27/08/2026,3000,3500,3250
Tamil Nadu,Pudukkottai,Pudukottai(Uzhavar Sandhai ),Snakeguard,Snakeguard,Local,27/08/2026,3000,4000,3500
Tamil Nadu,Salem,Hasthampatti(Uzhavar Sandhai ),Snakeguard,Snakeguard,Local,27/08/2026,3500,3800,3650
Tamil Nadu,Thiruvarur,Muthupettai(Uzhavar Sandhai ),Snakeguard,Snakeguard,Local,27/08/2026,3400,3400,3400
Tamil Nadu,Salem,Ammapet(Uzhavar Sandhai ),Snakeguard,Snakeguard,Local,27/08/2026,3500,3800,3650
Tamil Nadu,Namakkal,Mohanur(Uzhavar Sandhai ),Snakeguard,Snakeguard,Local,27/08/2026,5000,5400,5200
Tamil Nadu,Madurai,Melur(Uzhavar Sandhai ),Snakeguard,Snakeguard,Local,27/08/2026,3000,3600,3300
Tamil Nadu,Virudhunagar,Rajapalayam(Uzhavar Sandhai ),Snakeguard,Snakeguard,Local,27/08/2026,3000,3500,3250
Tamil Nadu,Madurai,Anna nagar(Uzhavar Sandhai ),Snakeguard,Snakeguard,Local,27/08/2026,4000,4500,4250
Tamil Nadu,Chengalpattu,Madhuranthagam(Uzhavar Sandhai ),Snakeguard,Snakeguard,Local,27/08/2026,4000,4000,4000
Tamil Nadu,Salem,Mecheri(Uzhavar Sandhai),Snakeguard,Snakeguard,Local,27/08/2026,3500,4000,3750
Tamil Nadu,Nagapattinam,Vedaranyam(Uzhavar Sandhai),Snakeguard,Snakeguard,Local,27/08/2026,3500,4000,3750
Tamil Nadu,Cuddalore,Vadalur(Uzhavar Sandhai ),Snakeguard,Snakeguard,Local,27/08/2026,3000,3000,3000
Tamil Nadu,Karur,Vengamedu(Uzhavar Sandhai ),Snakeguard,Snakeguard,Local,27/08/2026,3500,4000,3750
Tamil Nadu,Karur,Pallapatti (Uzhavar Sandhai ),Snakeguard,Snakeguard,Local,27/08/2026,3500,4000,3750
Tamil Nadu,Erode,Perundurai(Uzhavar Sandhai ),Snakeguard,Snakeguard,Local,27/08/2026,3500,3800,3650
Tamil Nadu,Thiruvannamalai,Polur(Uzhavar Sandhai ),Snakeguard,Snakeguard,Local,27/08/2026,2500,3000,2750
Tamil Nadu,Thiruchirappalli,KKNagar(Uzhavar Sandhai ),Snakeguard,Snakeguard,Local,27/08/2026,4000,4000,4000
Tamil Nadu,Thanjavur,Tirukattupalli(Uzhavar Sandhai ),Snakeguard,Snakeguard,Local,27/08/2026,4000,4000,4000
Tamil Nadu,Dharmapuri,Dharmapuri(Uzhavar Sandhai ),Snakeguard,Snakeguard,Local,27/08/2026,2400,2600,2500
Tamil Nadu,Thanjavur,Thanjavur(Uzhavar Sandhai ),Snakeguard,Snakeguard,Local,27/08/2026,4000,4000,4000
Tamil Nadu,Madurai,Thirumangalam(Uzhavar Sandhai ),Snakeguard,Snakeguard,Local,27/08/2026,4000,4500,4250
Tamil Nadu,Vellore,Kahithapattarai(Uzhavar Sandhai ),Snakeguard,Snakeguard,Local,27/08/2026,2500,2500,2500
Tamil Nadu,Krishnagiri,Hosur(Uzhavar Sandhai ),Snakeguard,Snakeguard,Local,27/08/2026,3000,3500,3250
Tamil Nadu,Theni,Devaram(Uzhavar Sandhai ),Snakeguard,Snakeguard,Local,27/08/2026,3600,3600,3600
Tamil Nadu,Nagapattinam,Mayiladuthurai(Uzhavar Sandhai ),Snakeguard,Snakeguard,Local,27/08/2026,4500,5000,4750
Tamil Nadu,Thiruvarur,Valangaiman APMC,Snakeguard,Snakeguard,Local,27/08/2026,4000,4000,4000
Tamil Nadu,Kancheepuram,Kundrathur(Uzhavar Sandhai ),Snakeguard,Snakeguard,Local,27/08/2026,3000,3000,3000
Tamil Nadu,Coimbatore,Pollachi(Uzhavar Sandhai ),Snakeguard,Snakeguard,Local,27/08/2026,3500,4000,3750
Tamil Nadu,Virudhunagar,Thalavaipuram(Uzhavar Sandhai ),Snakeguard,Snakeguard,Local,27/08/2026,2800,3500,3150
Tamil Nadu,Thanjavur,Thanjavur(Uzhavar Sandhai ),Beetroot,Beetroot,Local,27/08/2026,5000,6000,5500
Tamil Nadu,Thiruchirappalli,Thiruverumbur(Uzhavar Sandhai ),Beetroot,Beetroot,Local,27/08/2026,5000,5000,5000
Tamil Nadu,Krishnagiri,Avallapalli(Uzhavar Sandhai ),Beetroot,Beetroot,Local,27/08/2026,3500,4000,3750
Tamil Nadu,Thirupur,Tiruppur (North) (Uzhavar Sandhai ),Beetroot,Beetroot,Local,27/08/2026,5000,6000,5500
Tamil Nadu,Cuddalore,Cuddalore(Uzhavar Sandhai ),Beetroot,Beetroot,Local,27/08/2026,5000,5000,5000
Tamil Nadu,The Nilgiris,Udhagamandalam(Uzhavar Sandhai ),Beetroot,Beetroot,Local,27/08/2026,4500,5000,4750
Tamil Nadu,Theni,Theni(Uzhavar Sandhai ),Beetroot,Beetroot,Local,27/08/2026,3500,3500,3500
Tamil Nadu,Thirunelveli,Palayamkottai(Uzhavar Sandhai ),Beetroot,Beetroot,Local,27/08/2026,4600,5600,5100
Tamil Nadu,Coimbatore,RSPuram(Uzhavar Sandhai ),Beetroot,Beetroot,Local,27/08/2026,6500,7000,6750
Tamil Nadu,Thiruvannamalai,Arani(Uzhavar Sandhai ),Beetroot,Beetroot,Local,27/08/2026,4000,4800,4400
Tamil Nadu,Villupuram,Gingee(Uzhavar Sandhai ),Beetroot,Beetroot,Local,27/08/2026,5000,5000,5000
Tamil Nadu,Nagapattinam,Sirkali(Uzhavar Sandhai ),Beetroot,Beetroot,Local,27/08/2026,4500,5000,4750
Tamil Nadu,Coimbatore,Udumalpet APMC,Beetroot,Beetroot,Local,27/08/2026,4000,8000,6000
Tamil Nadu,Salem,Ammapet(Uzhavar Sandhai ),Beetroot,Beetroot,Local,27/08/2026,6000,6000,6000
Tamil Nadu,Nagercoil (Kannyiakumari),Vadaseri APMC,Beetroot,Beetroot,Local,27/08/2026,5500,6000,5750
Tamil Nadu,Thirunelveli,Melapalayam(Uzhavar Sandhai ),Beetroot,Beetroot,Local,27/08/2026,4800,5600,5200
Tamil Nadu,Virudhunagar,Kariyapatti(Uzhavar Sandhai ),Beetroot,Beetroot,Local,27/08/2026,4500,5000,4750
Tamil Nadu,Erode,Thalavadi(Uzhavar Sandhai ),Beetroot,Beetroot,Local,27/08/2026,3400,3800,3600
Tamil Nadu,Sivaganga,Tirupatthur(Uzhavar Sandhai ),Beetroot,Beetroot,Local,27/08/2026,5500,6000,5750
Tamil Nadu,Vellore,Perampet(Uzhavar Sandhai),Beetroot,Beetroot,Local,27/08/2026,4600,4600,4600
Tamil Nadu,Salem,Elampillai(Uzhavar Sandhai ),Beetroot,Beetroot,Local,27/08/2026,5000,6000,5500
Tamil Nadu,Virudhunagar,Thalavaipuram(Uzhavar Sandhai ),Beetroot,Beetroot,Local,27/08/2026,4000,5000,4500
Tamil Nadu,Virudhunagar,Rajapalayam(Uzhavar Sandhai ),Beetroot,Beetroot,Local,27/08/2026,4500,5000,4750
Tamil Nadu,Nagapattinam,Vedaranyam(Uzhavar Sandhai),Beetroot,Beetroot,Local,27/08/2026,3800,4000,3900
Tamil Nadu,Salem,Hasthampatti(Uzhavar Sandhai ),Beetroot,Beetroot,Local,27/08/2026,6000,7000,6500
Tamil Nadu,Villupuram,Tindivanam APMC,Beetroot,Beetroot,Local,27/08/2026,4800,4800,4800
Keralam,Kottayam,Athirampuzha Market,Beetroot,Beetroot,FAQ,27/08/2026,5000,5200,5100
Maharashtra,Pune,Pune(Pimpri) APMC,Beetroot,Other,Local,27/08/2026,2000,2300,2150
Tripura,South Tripura,Barpathari APMC,Cucumbar(Kheera),Cucumbar,Local,27/08/2026,4400,4600,4500
Tamil Nadu,Madurai,Anaiyur(Uzhavar Sandhai ),Cucumbar(Kheera),Cucumbar,Local,27/08/2026,5000,6000,5500
Tamil Nadu,Thiruchirappalli,KKNagar(Uzhavar Sandhai ),Cucumbar(Kheera),Cucumbar,Local,27/08/2026,4800,4800,4800
Tamil Nadu,Coimbatore,Udumalpet APMC,Cucumbar(Kheera),Cucumbar,Local,27/08/2026,4000,5000,4500
Tamil Nadu,Dharmapuri,Palacode(Uzhavar Sandhai ),Cucumbar(Kheera),Cucumbar,Local,27/08/2026,4000,4400,4200
Tamil Nadu,Thiruvannamalai,Cheyyar(Uzhavar Sandhai ),Cucumbar(Kheera),Cucumbar,Local,27/08/2026,2500,3000,2750
Tamil Nadu,Krishnagiri,Hosur(Uzhavar Sandhai ),Cucumbar(Kheera),Cucumbar,Local,27/08/2026,2500,3000,2750
Tamil Nadu,Salem,Attayampatti(Uzhavar Sandhai ),Cucumbar(Kheera),Cucumbar,Local,27/08/2026,4000,5000,4500
Tamil Nadu,Kancheepuram,Sunguvarchatram(Uzhavar Sandhai ),Cucumbar(Kheera),Cucumbar,Local,27/08/2026,3000,3000,3000
Tamil Nadu,Salem,Sooramangalam(Uzhavar Sandhai ),Cucumbar(Kheera),Cucumbar,Local,27/08/2026,4000,4500,4250
Tamil Nadu,Coimbatore,Singanallur(Uzhavar Sandhai ),Cucumbar(Kheera),Cucumbar,Local,27/08/2026,4000,4500,4250
Tamil Nadu,Vellore,Kahithapattarai(Uzhavar Sandhai ),Cucumbar(Kheera),Cucumbar,Local,27/08/2026,4000,4000,4000
Tamil Nadu,Cuddalore,Vadalur(Uzhavar Sandhai ),Cucumbar(Kheera),Cucumbar,Local,27/08/2026,4000,4000,4000
Tamil Nadu,Madurai,Melur(Uzhavar Sandhai ),Cucumbar(Kheera),Cucumbar,Local,27/08/2026,4000,5000,4500
Tamil Nadu,Dharmapuri,Pennagaram(Uzhavar Sandhai ),Cucumbar(Kheera),Cucumbar,Local,27/08/2026,3600,4000,3800
Chandigarh,Chandigarh,Chandigarh (Grain/F&V) APMC,Cucumbar(Kheera),Cucumbar,FAQ,27/08/2026,1000,2200,1800
Gujarat,Rajkot,Gondal(Veg.market Gondal) APMC,Cucumbar(Kheera),Cucumbar,Local,27/08/2026,200,3000,1600
Madhya Pradesh,Badwani,Sendhwa(F&V) APMC,Cucumbar(Kheera),Cucumbar,Medium,27/08/2026,400,800,600
Keralam,Kottayam,Pampady Market,Cucumbar(Kheera),Cucumbar,FAQ,27/08/2026,3500,4500,4000
Haryana,Rewari,Kosli APMC,Cucumbar(Kheera),Other,FAQ,27/08/2026,2500,2500,2500
Maharashtra,Pune,Pune(Moshi) APMC,Cucumbar(Kheera),Other,Local,27/08/2026,1000,2000,1500
Telangana,Ranga Reddy,"Vanasthalipuram,RBZ ",Cucumbar(Kheera),Other,Grade A,27/08/2026,1800,1800,1800
Gujarat,Gandhinagar,Mansa(Manas Veg Yard) APMC,Ridgeguard(Tori),Other,Local,27/08/2026,2500,3000,2500
Punjab,Kapurthala,Bhulath APMC,Ridgeguard(Tori),Ridgeguard(Tori),Local,27/08/2026,1250,1300,1300
Tamil Nadu,Dharmapuri,Pennagaram(Uzhavar Sandhai ),Ridgeguard(Tori),Ridgeguard(Tori),Local,27/08/2026,3300,3500,3400
Tamil Nadu,Theni,Theni(Uzhavar Sandhai ),Ridgeguard(Tori),Ridgeguard(Tori),Local,27/08/2026,3800,3800,3800
Tamil Nadu,Coimbatore,Mettupalayam(Uzhavar Sandhai ),Ridgeguard(Tori),Ridgeguard(Tori),Local,27/08/2026,3500,4500,4000
Tamil Nadu,Madurai,Chokkikulam(Uzhavar Sandhai ),Ridgeguard(Tori),Ridgeguard(Tori),Local,27/08/2026,5000,6000,5500
Tamil Nadu,Pudukkottai,Ponnamaravathi(Uzhavar Sandhai),Ridgeguard(Tori),Ridgeguard(Tori),Local,27/08/2026,5500,6000,5750
Tamil Nadu,Vellore,Perampet(Uzhavar Sandhai),Ridgeguard(Tori),Ridgeguard(Tori),Local,27/08/2026,4000,4000,4000
Tamil Nadu,Krishnagiri,Hosur(Uzhavar Sandhai ),Ridgeguard(Tori),Ridgeguard(Tori),Local,27/08/2026,3000,3500,3250
Tamil Nadu,Theni,Devaram(Uzhavar Sandhai ),Ridgeguard(Tori),Ridgeguard(Tori),Local,27/08/2026,3600,3600,3600
Tamil Nadu,Thirupur,Tiruppur (North) (Uzhavar Sandhai ),Ridgeguard(Tori),Ridgeguard(Tori),Local,27/08/2026,4500,5000,4750
Tamil Nadu,Theni,Bodinayakanur(Uzhavar Sandhai ),Ridgeguard(Tori),Ridgeguard(Tori),Local,27/08/2026,3600,3600,3600
Tamil Nadu,Thiruvarur,Valangaiman APMC,Ridgeguard(Tori),Ridgeguard(Tori),Local,27/08/2026,4000,4000,4000
Tamil Nadu,Salem,Thathakapatti(Uzhavar Sandhai ),Ridgeguard(Tori),Ridgeguard(Tori),Local,27/08/2026,3500,4000,3750
Tamil Nadu,Kallakuruchi,Sankarapuram(Uzhavar Sandhai ),Ridgeguard(Tori),Ridgeguard(Tori),Local,27/08/2026,4000,4000,4000
Tamil Nadu,Karur,Kulithalai(Uzhavar Sandhai ),Ridgeguard(Tori),Ridgeguard(Tori),Local,27/08/2026,5000,6000,5500
Tamil Nadu,Thiruvannamalai,Vandavasi(Uzhavar Sandhai ),Ridgeguard(Tori),Ridgeguard(Tori),Local,27/08/2026,3600,4200,3900
Tamil Nadu,Thiruvannamalai,Cheyyar(Uzhavar Sandhai ),Ridgeguard(Tori),Ridgeguard(Tori),Local,27/08/2026,3500,4200,3850
Tamil Nadu,Ranipet,Arcot(Uzhavar Sandhai ),Ridgeguard(Tori),Ridgeguard(Tori),Local,27/08/2026,5000,5000,5000
Tamil Nadu,Thiruchirappalli,Thuraiyur APMC,Ridgeguard(Tori),Ridgeguard(Tori),Local,27/08/2026,5000,5600,5300
Tamil Nadu,Thiruvannamalai,Tiruvannamalai(Uzhavar Sandhai ),Ridgeguard(Tori),Ridgeguard(Tori),Local,27/08/2026,4000,5000,4500
Tamil Nadu,Dharmapuri,Karimangalam(Uzhavar Sandhai),Ridgeguard(Tori),Ridgeguard(Tori),Local,27/08/2026,3800,4000,3900
Tamil Nadu,Namakkal,Paramathivelur(Uzhavar Sandhai ),Ridgeguard(Tori),Ridgeguard(Tori),Local,27/08/2026,5400,6000,5700
Tamil Nadu,Villupuram,Ulundurpettai APMC,Ridgeguard(Tori),Ridgeguard(Tori),Local,27/08/2026,6000,6000,6000
Tamil Nadu,Karur,Karur(Uzhavar Sandhai ),Ridgeguard(Tori),Ridgeguard(Tori),Local,27/08/2026,4500,5000,4750
Tamil Nadu,Thiruvannamalai,Tamarainagar(Uzhavar Sandhai ),Ridgeguard(Tori),Ridgeguard(Tori),Local,27/08/2026,4000,5000,4500
Tamil Nadu,Madurai,Anna nagar(Uzhavar Sandhai ),Ridgeguard(Tori),Ridgeguard(Tori),Local,27/08/2026,5500,6500,6000
Tamil Nadu,Salem,Mecheri(Uzhavar Sandhai),Ridgeguard(Tori),Ridgeguard(Tori),Local,27/08/2026,3500,4000,3750
Tamil Nadu,Thirupur,Palladam(Uzhavar Sandhai ),Ridgeguard(Tori),Ridgeguard(Tori),Local,27/08/2026,4000,5000,4500
Tamil Nadu,The Nilgiris,Gudalur(Uzhavar Sandhai ),Ridgeguard(Tori),Ridgeguard(Tori),Local,27/08/2026,5000,5500,5250
Tamil Nadu,Virudhunagar,Sivakasi(Uzhavar Sandhai ),Ridgeguard(Tori),Ridgeguard(Tori),Local,27/08/2026,6000,7000,6500
Tamil Nadu,Krishnagiri,Denkanikottai(Uzhavar Sandhai ),Ridgeguard(Tori),Ridgeguard(Tori),Local,27/08/2026,3000,3500,3250
Tamil Nadu,Villupuram,Gingee(Uzhavar Sandhai ),Ridgeguard(Tori),Ridgeguard(Tori),Local,27/08/2026,5000,5000,5000
Haryana,Hissar,Barwala(Hisar) APMC,Ridgeguard(Tori),Ridgeguard(Tori),Local,27/08/2026,2000,2700,2500
Tamil Nadu,Virudhunagar,Thalavaipuram(Uzhavar Sandhai ),Raddish,Raddish,Local,27/08/2026,3000,3600,3300
Tamil Nadu,Thiruchirappalli,Lalgudi(Uzhavar Sandhai ),Raddish,Raddish,Local,27/08/2026,3600,3600,3600
Tamil Nadu,Virudhunagar,Rajapalayam(Uzhavar Sandhai ),Raddish,Raddish,Local,27/08/2026,3000,3600,3300
Tamil Nadu,Nagapattinam,Vedaranyam(Uzhavar Sandhai),Raddish,Raddish,Local,27/08/2026,2800,3000,2900
Tamil Nadu,Dharmapuri,Karimangalam(Uzhavar Sandhai),Raddish,Raddish,Local,27/08/2026,1800,2000,1900
Tamil Nadu,Dharmapuri,AJattihalli(Uzhavar Sandhai ),Raddish,Raddish,Local,27/08/2026,1500,1600,1550
Tamil Nadu,Dharmapuri,Harur(Uzhavar Sandhai ),Raddish,Raddish,Local,27/08/2026,2000,2500,2250
Tamil Nadu,The Nilgiris,Udhagamandalam(Uzhavar Sandhai ),Raddish,Raddish,Local,27/08/2026,2500,3000,2750
Tamil Nadu,Namakkal,Paramathivelur(Uzhavar Sandhai ),Raddish,Raddish,Local,27/08/2026,3900,4500,4200
Tamil Nadu,Namakkal,Kumarapalayam(Uzhavar Sandhai ),Raddish,Raddish,Local,27/08/2026,2200,3000,2600
Tamil Nadu,Virudhunagar,Virudhunagar(Uzhavar Sandhai ),Raddish,Raddish,Local,27/08/2026,3500,4000,3750
Tamil Nadu,Sivaganga,Singampunari(Uzhavar Sandhai ),Raddish,Raddish,Local,27/08/2026,3000,3200,3100
Tamil Nadu,Sivaganga,Karaikudi(Uzhavar Sandhai ),Raddish,Raddish,Local,27/08/2026,2800,3000,2900
Tamil Nadu,Theni,Andipatti(Uzhavar Sandhai ),Raddish,Raddish,Local,27/08/2026,2000,2200,2100
Tamil Nadu,Salem,Attayampatti(Uzhavar Sandhai ),Raddish,Raddish,Local,27/08/2026,3000,3000,3000
Tamil Nadu,Kancheepuram,Sunguvarchatram(Uzhavar Sandhai ),Raddish,Raddish,Local,27/08/2026,3000,3000,3000
Tamil Nadu,Theni,Kambam(Uzhavar Sandhai ),Raddish,Raddish,Local,27/08/2026,2200,2200,2200
Tamil Nadu,Virudhunagar,Kariyapatti(Uzhavar Sandhai ),Raddish,Raddish,Local,27/08/2026,3000,3500,3250
Tamil Nadu,Madurai,Thirumangalam(Uzhavar Sandhai ),Raddish,Raddish,Local,27/08/2026,2500,3000,2750
Tamil Nadu,Madurai,Chokkikulam(Uzhavar Sandhai ),Raddish,Raddish,Local,27/08/2026,2800,3000,2900
Tamil Nadu,Pudukkottai,Viralimalai(Uzhavar Sandhai ),Raddish,Raddish,Local,27/08/2026,3500,4000,3750
Tamil Nadu,Pudukkottai,Gandarvakottai(Uzhavar Sandhai ),Raddish,Raddish,Local,27/08/2026,3000,3500,3250
Tamil Nadu,Vellore,Kahithapattarai(Uzhavar Sandhai ),Raddish,Raddish,Local,27/08/2026,2000,2000,2000
Tamil Nadu,Theni,Devaram(Uzhavar Sandhai ),Raddish,Raddish,Local,27/08/2026,2200,2200,2200
Tamil Nadu,Theni,Theni(Uzhavar Sandhai ),Raddish,Raddish,Local,27/08/2026,2200,2200,2200
Tamil Nadu,Kallakuruchi,Sankarapuram(Uzhavar Sandhai ),Raddish,Raddish,Local,27/08/2026,5000,5000,5000
Tamil Nadu,Ranipet,Arcot(Uzhavar Sandhai ),Raddish,Raddish,Local,27/08/2026,3000,3000,3000
Tamil Nadu,Thiruvannamalai,Tiruvannamalai(Uzhavar Sandhai ),Raddish,Raddish,Local,27/08/2026,2400,3000,2700
Tamil Nadu,Vellore,Perampet(Uzhavar Sandhai),Raddish,Raddish,Local,27/08/2026,3000,3600,3300
Tamil Nadu,Salem,Ammapet(Uzhavar Sandhai ),Raddish,Raddish,Local,27/08/2026,2500,2800,2650
Tamil Nadu,Tuticorin,Kovilpatti(Uzhavar Sandhai ),Raddish,Raddish,Local,27/08/2026,3000,3500,3250
West Bengal,Darjeeling,Darjeeling APMC,Raddish,Raddish,FAQ,27/08/2026,3100,3300,3200
Tamil Nadu,Perambalur,Perambalur(Uzhavar Sandhai ),Thondekai,Thondekai,Local,27/08/2026,4800,5200,5000
Tamil Nadu,Dindigul,Chinnalapatti(Uzhavar Sandhai ),Thondekai,Thondekai,Local,27/08/2026,3600,4000,3800
Tamil Nadu,Karur,Karur(Uzhavar Sandhai ),Thondekai,Thondekai,Local,27/08/2026,4000,4500,4250
Tamil Nadu,Thiruvannamalai,Polur(Uzhavar Sandhai ),Thondekai,Thondekai,Local,27/08/2026,3300,4000,3650
Tamil Nadu,Chengalpattu,Pallavaram(Uzhavar Sandhai ),Thondekai,Thondekai,Local,27/08/2026,3500,4000,3750
Tamil Nadu,Villupuram,Gingee(Uzhavar Sandhai ),Thondekai,Thondekai,Local,27/08/2026,3500,3500,3500
Tamil Nadu,Thirunelveli,NGO Colony(Uzhavar Sandhai ),Thondekai,Thondekai,Local,27/08/2026,4000,4500,4250
Tamil Nadu,Kallakuruchi,Sankarapuram(Uzhavar Sandhai ),Thondekai,Thondekai,Local,27/08/2026,6000,6000,6000
Tamil Nadu,Thiruvannamalai,Chengam(Uzhavar Sandhai ),Thondekai,Thondekai,Local,27/08/2026,4200,4800,4500
Tamil Nadu,Ranipet,Arcot(Uzhavar Sandhai ),Thondekai,Thondekai,Local,27/08/2026,4000,4000,4000
Tamil Nadu,Thiruvannamalai,Arani(Uzhavar Sandhai ),Thondekai,Thondekai,Local,27/08/2026,3500,4000,3750
Tamil Nadu,Coimbatore,Singanallur(Uzhavar Sandhai ),Capsicum,Capsicum,Local,27/08/2026,5500,6000,5750
Tamil Nadu,Theni,Chinnamanur(Uzhavar Sandhai ),Capsicum,Capsicum,Local,27/08/2026,6400,6400,6400
Tamil Nadu,Chengalpattu,Pallavaram(Uzhavar Sandhai ),Capsicum,Capsicum,Local,27/08/2026,6000,7000,6500
Tamil Nadu,Kancheepuram,Padappai(Uzhavar Sandhai ),Capsicum,Capsicum,Local,27/08/2026,5000,6000,5500
Tamil Nadu,Theni,Theni(Uzhavar Sandhai ),Capsicum,Capsicum,Local,27/08/2026,5600,5600,5600
Tamil Nadu,Salem,Elampillai(Uzhavar Sandhai ),Capsicum,Capsicum,Local,27/08/2026,6000,7000,6500
Tamil Nadu,Thirunelveli,Melapalayam(Uzhavar Sandhai ),Capsicum,Capsicum,Local,27/08/2026,5500,6000,5750
Tamil Nadu,Coimbatore,Udumalpet APMC,Capsicum,Capsicum,Local,27/08/2026,9000,10000,9500
Punjab,Ludhiana,Doraha APMC,Capsicum,Capsicum,Local,27/08/2026,3000,4000,3500
Haryana,Hissar,Barwala(Hisar) APMC,Capsicum,Capsicum,Local,27/08/2026,4500,5000,4800
Tamil Nadu,Madurai,Chokkikulam(Uzhavar Sandhai ),Green Avare(W),Green Avare (W),Local,27/08/2026,4000,7000,5500
Tamil Nadu,Krishnagiri,Avallapalli(Uzhavar Sandhai ),Green Avare(W),Green Avare (W),Local,27/08/2026,4500,5000,4750
Tamil Nadu,Salem,Attayampatti(Uzhavar Sandhai ),Green Avare(W),Green Avare (W),Local,27/08/2026,6000,6000,6000
Tamil Nadu,Perambalur,Perambalur(Uzhavar Sandhai ),Green Avare(W),Green Avare (W),Local,27/08/2026,5200,8000,6600
Tamil Nadu,Thiruvannamalai,Chengam(Uzhavar Sandhai ),Green Avare(W),Green Avare (W),Local,27/08/2026,5000,6000,5500
Tamil Nadu,Thiruvannamalai,Tiruvannamalai(Uzhavar Sandhai ),Green Avare(W),Green Avare (W),Local,27/08/2026,4000,5000,4500
Tamil Nadu,Nagapattinam,Sirkali(Uzhavar Sandhai ),Green Avare(W),Green Avare (W),Local,27/08/2026,6500,7000,6750
Tamil Nadu,Salem,Ammapet(Uzhavar Sandhai ),Green Avare(W),Green Avare (W),Local,27/08/2026,6000,6500,6250
Tamil Nadu,Namakkal,Tiruchengode APMC,Green Avare(W),Green Avare (W),Local,27/08/2026,6000,7000,6500
Tamil Nadu,Thiruvannamalai,Arani(Uzhavar Sandhai ),Green Avare(W),Green Avare (W),Local,27/08/2026,5000,6000,5500
Tamil Nadu,Thirupur,Dharapuram(Uzhavar Sandhai ),Green Avare(W),Green Avare (W),Local,27/08/2026,5500,6000,5750
Tamil Nadu,Virudhunagar,Sivakasi(Uzhavar Sandhai ),Green Avare(W),Green Avare (W),Local,27/08/2026,3500,4000,3750
Tamil Nadu,Nagapattinam,Vedaranyam(Uzhavar Sandhai),Green Avare(W),Green Avare (W),Local,27/08/2026,4500,5000,4750
Tamil Nadu,Villupuram,Gingee(Uzhavar Sandhai ),Green Avare(W),Green Avare (W),Local,27/08/2026,5000,5000,5000
Tamil Nadu,Nagapattinam,Nagapattinam(Uzhavar Sandhai ),Green Avare(W),Green Avare (W),Local,27/08/2026,5200,6200,5700
Tamil Nadu,Dharmapuri,Dharmapuri(Uzhavar Sandhai ),Green Avare(W),Green Avare (W),Local,27/08/2026,2800,3000,2900
Tamil Nadu,Karur,Karur(Uzhavar Sandhai ),Green Avare(W),Other,Local,27/08/2026,5000,6000,5500
Tamil Nadu,Coimbatore,RSPuram(Uzhavar Sandhai ),Green Avare(W),Other,Local,27/08/2026,4500,5000,4750
Tamil Nadu,Thiruchirappalli,Thiruverumbur(Uzhavar Sandhai ),Green Avare(W),Other,Local,27/08/2026,4600,4600,4600
Tamil Nadu,Sivaganga,Devakottai (Uzhavar Sandhai ),Green Avare(W),Other,Local,27/08/2026,4000,4500,4250
Tamil Nadu,Pudukkottai,Gandarvakottai(Uzhavar Sandhai ),Green Avare(W),Other,Local,27/08/2026,5500,6000,5750
Tamil Nadu,Theni,Theni(Uzhavar Sandhai ),Green Avare(W),Other,Local,27/08/2026,3500,4800,4150
Tamil Nadu,Namakkal,Namakkal(Uzhavar Sandhai ),Green Avare(W),Other,Local,27/08/2026,8000,9000,8500
Tamil Nadu,Thiruvannamalai,Vandavasi(Uzhavar Sandhai ),Green Avare(W),Other,Local,27/08/2026,5000,6000,5500
Tamil Nadu,Sivaganga,Sivagangai (Uzhavar Sandhai ),Green Avare(W),Other,Local,27/08/2026,3800,4200,4000
Tamil Nadu,Cuddalore,Vadalur(Uzhavar Sandhai ),Green Avare(W),Other,Local,27/08/2026,5000,5000,5000
Tamil Nadu,Thirunelveli,Palayamkottai(Uzhavar Sandhai ),Green Avare(W),Other,Local,27/08/2026,5000,5500,5250
Tamil Nadu,Chengalpattu,Pallavaram(Uzhavar Sandhai ),Green Avare(W),Other,Local,27/08/2026,4000,5000,4500
Tamil Nadu,Theni,Chinnamanur(Uzhavar Sandhai ),Green Avare(W),Other,Local,27/08/2026,3400,3400,3400
Tamil Nadu,Dharmapuri,Karimangalam(Uzhavar Sandhai),Green Avare(W),Other,Local,27/08/2026,3800,4000,3900
Tamil Nadu,Thirupur,Palladam(Uzhavar Sandhai ),Green Avare(W),Other,Local,27/08/2026,6000,7000,6500
Tamil Nadu,Thirupur,Kangayam(Uzhavar Sandhai ),Green Avare(W),Other,Local,27/08/2026,6000,7000,6500
Tamil Nadu,Thirupur,Tiruppur (North) (Uzhavar Sandhai ),Green Avare(W),Other,Local,27/08/2026,6000,7000,6500
Tamil Nadu,Salem,Mettur(Uzhavar Sandhai ),Green Avare(W),Other,Local,27/08/2026,5000,5500,5250
Tamil Nadu,Namakkal,Rasipuram(Uzhavar Sandhai ),Green Avare(W),Other,Local,27/08/2026,7000,8000,7500
Tamil Nadu,Thanjavur,Pattukottai(Uzhavar Sandhai ),Chow Chow,Chow Chow,Local,27/08/2026,4400,4400,4400
Tamil Nadu,Dindigul,Dindigul(Uzhavar Sandhai ),Chow Chow,Chow Chow,Local,27/08/2026,3000,4000,3500
Tamil Nadu,Coimbatore,RSPuram(Uzhavar Sandhai ),Chow Chow,Chow Chow,Local,27/08/2026,2800,3200,3000
Tamil Nadu,Ranipet,Arcot(Uzhavar Sandhai ),Chow Chow,Chow Chow,Local,27/08/2026,4000,4000,4000
Tamil Nadu,Thiruvannamalai,Tiruvannamalai(Uzhavar Sandhai ),Chow Chow,Chow Chow,Local,27/08/2026,3600,4000,3800
Tamil Nadu,Theni,Andipatti(Uzhavar Sandhai ),Chow Chow,Chow Chow,Local,27/08/2026,2800,3000,2900
Tamil Nadu,Nagapattinam,Sirkali(Uzhavar Sandhai ),Chow Chow,Chow Chow,Local,27/08/2026,3000,3000,3000
Tamil Nadu,Thanjavur,Kumbakonam (Uzhavar Sandhai ),Chow Chow,Chow Chow,Local,27/08/2026,3600,3600,3600
Tamil Nadu,Virudhunagar,Kariyapatti(Uzhavar Sandhai ),Chow Chow,Chow Chow,Local,27/08/2026,3000,3500,3250
Tamil Nadu,Vellore,Thirupathur APMC,Chow Chow,Chow Chow,Local,27/08/2026,3000,3000,3000
Tamil Nadu,Erode,Thalavadi(Uzhavar Sandhai ),Chow Chow,Chow Chow,Local,27/08/2026,2500,3000,2750
Tamil Nadu,Sivaganga,Tirupatthur(Uzhavar Sandhai ),Chow Chow,Chow Chow,Local,27/08/2026,3000,3500,3250
Tamil Nadu,Virudhunagar,Rajapalayam(Uzhavar Sandhai ),Chow Chow,Chow Chow,Local,27/08/2026,3000,3500,3250
Tamil Nadu,Coimbatore,Sundarapuram(Uzhavar Sandhai ),Chow Chow,Chow Chow,Local,27/08/2026,3400,3800,3600
Tamil Nadu,Dindigul,Chinnalapatti(Uzhavar Sandhai ),Chow Chow,Chow Chow,Local,27/08/2026,3600,4000,3800
Tamil Nadu,Ranipet,Ranipettai(Uzhavar Sandhai ),Chow Chow,Chow Chow,Local,27/08/2026,4000,4000,4000
Tamil Nadu,Nagapattinam,Mayiladuthurai(Uzhavar Sandhai ),Chow Chow,Chow Chow,Local,27/08/2026,4000,4000,4000
Tamil Nadu,Karur,Vengamedu(Uzhavar Sandhai ),Drumstick,Drumstick,Local,27/08/2026,2500,3000,2750
Tamil Nadu,Thiruchirappalli,KKNagar(Uzhavar Sandhai ),Drumstick,Drumstick,Local,27/08/2026,3000,3000,3000
Tamil Nadu,Krishnagiri,Krishnagiri(Uzhavar Sandhai ),Drumstick,Drumstick,Local,27/08/2026,2500,3000,2750
Tamil Nadu,Dharmapuri,Pennagaram(Uzhavar Sandhai ),Drumstick,Drumstick,Local,27/08/2026,2800,3000,2900
Tamil Nadu,Coimbatore,Mettupalayam(Uzhavar Sandhai ),Drumstick,Drumstick,Local,27/08/2026,2500,3000,2750
Tamil Nadu,Madurai,Thirumangalam(Uzhavar Sandhai ),Drumstick,Drumstick,Local,27/08/2026,4000,5000,4500
Tamil Nadu,Krishnagiri,Avallapalli(Uzhavar Sandhai ),Drumstick,Drumstick,Local,27/08/2026,3500,4000,3750
Tamil Nadu,Perambalur,Perambalur(Uzhavar Sandhai ),Drumstick,Drumstick,Local,27/08/2026,3600,4000,3800
Tamil Nadu,Karur,Kulithalai(Uzhavar Sandhai ),Drumstick,Drumstick,Local,27/08/2026,2500,3000,2750
Tamil Nadu,Virudhunagar,Thalavaipuram(Uzhavar Sandhai ),Drumstick,Drumstick,Local,27/08/2026,3200,4000,3600
Tamil Nadu,Madurai,Palanganatham(Uzhavar Sandhai ),Drumstick,Drumstick,Local,27/08/2026,4000,5000,4500
Tamil Nadu,Erode,Periyar Nagar(Uzhavar Sandhai ),Drumstick,Drumstick,Local,27/08/2026,2600,3000,2800
Tamil Nadu,Erode,Sathiyamagalam(Uzhavar Sandhai ),Drumstick,Drumstick,Local,27/08/2026,2400,2800,2600
Tamil Nadu,Ranipet,Ranipettai(Uzhavar Sandhai ),Drumstick,Drumstick,Local,27/08/2026,4000,4800,4400
Tamil Nadu,Thirupur,Kangayam(Uzhavar Sandhai ),Drumstick,Drumstick,Local,27/08/2026,2000,2500,2250
Tamil Nadu,Pudukkottai,Pudukottai(Uzhavar Sandhai ),Drumstick,Drumstick,Local,27/08/2026,5000,6000,5500
Tamil Nadu,Dharmapuri,Karimangalam(Uzhavar Sandhai),Drumstick,Drumstick,Local,27/08/2026,3800,4000,3900
Tamil Nadu,Nagapattinam,Sirkali(Uzhavar Sandhai ),Drumstick,Drumstick,Local,27/08/2026,5500,6000,5750
Tamil Nadu,Thiruvarur,Mannargudi I(Uzhavar Sandhai ),Drumstick,Drumstick,Local,27/08/2026,3600,3600,3600
Tamil Nadu,Thanjavur,Pattukottai(Uzhavar Sandhai ),Drumstick,Drumstick,Local,27/08/2026,4600,4600,4600
Tamil Nadu,Ariyalur,Ariyalur(Uzhavar Sandhai),Drumstick,Drumstick,Local,27/08/2026,3500,4000,3750
Tamil Nadu,Thirunelveli,Melapalayam(Uzhavar Sandhai ),Drumstick,Drumstick,Local,27/08/2026,2000,2500,2250
Tamil Nadu,Karur,Velayuthampalayam(Uzhavar Sandhai ),Drumstick,Drumstick,Local,27/08/2026,2400,3000,2700
Tamil Nadu,Karur,Karur(Uzhavar Sandhai ),Drumstick,Drumstick,Local,27/08/2026,2500,3000,2750
Tamil Nadu,Madurai,Melur(Uzhavar Sandhai ),Drumstick,Drumstick,Local,27/08/2026,4000,5000,4500
Tamil Nadu,Salem,Mecheri(Uzhavar Sandhai),Drumstick,Drumstick,Local,27/08/2026,2500,3000,2750
Tamil Nadu,Theni,Chinnamanur(Uzhavar Sandhai ),Drumstick,Drumstick,Local,27/08/2026,2400,2400,2400
Tamil Nadu,Nagapattinam,Vedaranyam(Uzhavar Sandhai),Drumstick,Drumstick,Local,27/08/2026,3500,3800,3650
Tamil Nadu,Salem,Mettur(Uzhavar Sandhai ),Drumstick,Drumstick,Local,27/08/2026,2500,3000,2750
Tamil Nadu,Thanjavur,Pattukottai(Uzhavar Sandhai ),Mango(Raw-Ripe),Mango - Raw-Ripe,Local,27/08/2026,5000,5000,5000
Tamil Nadu,Madurai,Palanganatham(Uzhavar Sandhai ),Mango(Raw-Ripe),Mango - Raw-Ripe,Local,27/08/2026,6000,6500,6250
Tamil Nadu,Nagapattinam,Vedaranyam(Uzhavar Sandhai),Mango(Raw-Ripe),Mango - Raw-Ripe,Local,27/08/2026,3800,4000,3900
Tamil Nadu,Cuddalore,Cuddalore(Uzhavar Sandhai ),Mango(Raw-Ripe),Mango - Raw-Ripe,Local,27/08/2026,9000,14000,11500
Tamil Nadu,Villupuram,Gingee(Uzhavar Sandhai ),Mango(Raw-Ripe),Mango - Raw-Ripe,Local,27/08/2026,7000,7000,7000
Tamil Nadu,Nagapattinam,Sirkali(Uzhavar Sandhai ),Mango(Raw-Ripe),Mango - Raw-Ripe,Local,27/08/2026,6500,7000,6750
Tamil Nadu,Kallakuruchi,Sankarapuram(Uzhavar Sandhai ),Mango(Raw-Ripe),Mango - Raw-Ripe,Local,27/08/2026,5000,5000,5000
Tamil Nadu,Thiruvannamalai,Tiruvannamalai(Uzhavar Sandhai ),Mango(Raw-Ripe),Mango - Raw-Ripe,Local,27/08/2026,8000,10000,9000
Tamil Nadu,Nagercoil (Kannyiakumari),Vadaseri APMC,Mango(Raw-Ripe),Mango - Raw-Ripe,Local,27/08/2026,6000,6500,6250
Tamil Nadu,Madurai,Anna nagar(Uzhavar Sandhai ),Mango(Raw-Ripe),Mango - Raw-Ripe,Local,27/08/2026,8000,9000,8500
Tamil Nadu,Thiruvarur,Muthupettai(Uzhavar Sandhai ),Mango(Raw-Ripe),Mango - Raw-Ripe,Local,27/08/2026,8000,8000,8000
Keralam,Kottayam,Pampady Market,Mango(Raw-Ripe),Mango - Raw-Ripe,FAQ,27/08/2026,5000,6000,5500
Maharashtra,Pune,Pune(Moshi) APMC,Peas Wet,Other,Local,27/08/2026,6000,9000,7500
Tamil Nadu,Theni,Theni(Uzhavar Sandhai ),Knool Khol,Knool Khol,Local,27/08/2026,3200,3200,3200
Tamil Nadu,Coimbatore,Mettupalayam(Uzhavar Sandhai ),Knool Khol,Knool Khol,Local,27/08/2026,5000,6000,5500
Tamil Nadu,Namakkal,Namakkal(Uzhavar Sandhai ),Knool Khol,Knool Khol,Local,27/08/2026,3000,3200,3100
Tamil Nadu,Thiruchirappalli,Lalgudi(Uzhavar Sandhai ),Knool Khol,Knool Khol,Local,27/08/2026,4000,4000,4000
Tamil Nadu,Thiruchirappalli,KKNagar(Uzhavar Sandhai ),Knool Khol,Knool Khol,Local,27/08/2026,4000,4000,4000
Tamil Nadu,Dharmapuri,Karimangalam(Uzhavar Sandhai),Knool Khol,Knool Khol,Local,27/08/2026,4000,4500,4250
Tamil Nadu,Theni,Kambam(Uzhavar Sandhai ),Knool Khol,Knool Khol,Local,27/08/2026,3200,3200,3200
Tamil Nadu,Sivaganga,Sivagangai (Uzhavar Sandhai ),Knool Khol,Knool Khol,Local,27/08/2026,4200,4600,4400
Tamil Nadu,Coimbatore,RSPuram(Uzhavar Sandhai ),Knool Khol,Knool Khol,Local,27/08/2026,5000,5500,5250
Tamil Nadu,Thiruchirappalli,Thuraiyur APMC,Knool Khol,Knool Khol,Local,27/08/2026,3000,3500,3250
Tamil Nadu,Sivaganga,Singampunari(Uzhavar Sandhai ),Knool Khol,Knool Khol,Local,27/08/2026,4200,4600,4400
Tamil Nadu,Salem,Elampillai(Uzhavar Sandhai ),Knool Khol,Knool Khol,Local,27/08/2026,3500,4000,3750
Tamil Nadu,Cuddalore,Vadalur(Uzhavar Sandhai ),Knool Khol,Knool Khol,Local,27/08/2026,3000,3000,3000
Jammu and Kashmir,Rajouri,Rajouri (Phaliana) (F&V),Knool Khol,Knool Khol,Grade B,27/08/2026,3000,3000,3000
Tamil Nadu,Thanjavur,Kumbakonam (Uzhavar Sandhai ),Lime,Lime,Local,27/08/2026,4000,4000,4000
Tamil Nadu,Salem,Thathakapatti(Uzhavar Sandhai ),Lime,Lime,Local,27/08/2026,3500,4000,3750
Tamil Nadu,Theni,Theni(Uzhavar Sandhai ),Lime,Lime,Local,27/08/2026,10000,12000,11000
Tamil Nadu,Thiruchirappalli,KKNagar(Uzhavar Sandhai ),Lime,Lime,Local,27/08/2026,5000,5000,5000
Tamil Nadu,Dindigul,Dindigul(Uzhavar Sandhai ),Lime,Lime,Local,27/08/2026,12000,14000,13000
Tamil Nadu,Theni,Andipatti(Uzhavar Sandhai ),Lime,Lime,Local,27/08/2026,11500,12000,11750
Tamil Nadu,Madurai,Palanganatham(Uzhavar Sandhai ),Lime,Lime,Local,27/08/2026,12000,14000,13000
Tamil Nadu,Theni,Chinnamanur(Uzhavar Sandhai ),Lime,Lime,Local,27/08/2026,10000,10000,10000
Telangana,Nalgonda,Nakrekal APMC,Lime,Lime,Local,27/08/2026,1500,11000,3000
Andhra Pradesh,SPSR Nellore,Sarvepalli APMC,Lime,Lime,Grade A,27/08/2026,6000,9000,7000
Uttar Pradesh,Mau(Maunathbhanjan),Kopaganj APMC,Guava,Guava,Grade B,27/08/2026,4460,4490,4480
Tamil Nadu,Kancheepuram,Padappai(Uzhavar Sandhai ),Guava,Guava Allahabad,Local,27/08/2026,4000,5000,4500
Tamil Nadu,Thanjavur,Thanjavur(Uzhavar Sandhai ),Guava,Guava Allahabad,Local,27/08/2026,8000,8000,8000
Tamil Nadu,Erode,Perundurai(Uzhavar Sandhai ),Guava,Guava Allahabad,Local,27/08/2026,5000,5500,5250
Tamil Nadu,Thirupathur,Vaniyampadi(Uzhavar Sandhai ),Guava,Guava Allahabad,Local,27/08/2026,4000,4000,4000
Tamil Nadu,Erode,Gobichettipalayam(Uzhavar Sandhai ),Guava,Guava Allahabad,Local,27/08/2026,5000,6000,5500
Tamil Nadu,Salem,Thathakapatti(Uzhavar Sandhai ),Guava,Guava Allahabad,Local,27/08/2026,5000,6000,5500
Tamil Nadu,Dharmapuri,Pennagaram(Uzhavar Sandhai ),Guava,Guava Allahabad,Local,27/08/2026,5500,6000,5750
Tamil Nadu,Dharmapuri,Dharmapuri(Uzhavar Sandhai ),Guava,Guava Allahabad,Local,27/08/2026,5500,6000,5750
Tamil Nadu,Villupuram,Ulundurpettai APMC,Guava,Guava Allahabad,Local,27/08/2026,5000,5000,5000
Tamil Nadu,Sivaganga,Karaikudi(Uzhavar Sandhai ),Guava,Guava Allahabad,Local,27/08/2026,5500,6500,6000
Tamil Nadu,Krishnagiri,Hosur(Uzhavar Sandhai ),Guava,Guava Allahabad,Local,27/08/2026,5500,6000,5750
Tamil Nadu,Salem,Sooramangalam(Uzhavar Sandhai ),Guava,Guava Allahabad,Local,27/08/2026,5000,6000,5500
Tamil Nadu,Thiruvannamalai,Vandavasi(Uzhavar Sandhai ),Guava,Guava Allahabad,Local,27/08/2026,3000,4000,3500
Tamil Nadu,Madurai,Chokkikulam(Uzhavar Sandhai ),Guava,Guava Allahabad,Local,27/08/2026,5000,6000,5500
Tamil Nadu,Vellore,Kahithapattarai(Uzhavar Sandhai ),Guava,Guava Allahabad,Local,27/08/2026,4500,5000,4750
Tamil Nadu,Virudhunagar,Sivakasi(Uzhavar Sandhai ),Guava,Guava Allahabad,Local,27/08/2026,5000,6000,5500
Tamil Nadu,Ranipet,Arcot(Uzhavar Sandhai ),Guava,Guava Allahabad,Local,27/08/2026,6000,6000,6000
Tamil Nadu,Vellore,Perampet(Uzhavar Sandhai),Guava,Guava Allahabad,Local,27/08/2026,3500,4000,3750
Tamil Nadu,Krishnagiri,Hosur(Uzhavar Sandhai ),Karbuja(Musk Melon),Karbhuja,Local,27/08/2026,4500,5000,4750
Haryana,Hissar,Hansi APMC,Pomegranate,Other,Grade B,27/08/2026,8000,15000,12000
Tamil Nadu,Coimbatore,Udumalpet APMC,Pomegranate,Pomogranate,Local,27/08/2026,11000,13000,12000
Tamil Nadu,Thiruvannamalai,Tiruvannamalai(Uzhavar Sandhai ),Pomegranate,Pomogranate,Local,27/08/2026,14000,16000,15000
Tamil Nadu,Krishnagiri,Hosur(Uzhavar Sandhai ),Pomegranate,Pomogranate,Local,27/08/2026,10000,12000,11000
Tamil Nadu,The Nilgiris,Udhagamandalam(Uzhavar Sandhai ),Pomegranate,Pomogranate,Local,27/08/2026,10000,14000,12000
Tamil Nadu,Coimbatore,Vadavalli(Uzhavar Sandhai ),Pomegranate,Pomogranate,Local,27/08/2026,10000,14000,12000
Tamil Nadu,Coimbatore,RSPuram(Uzhavar Sandhai ),Pomegranate,Pomogranate,Local,27/08/2026,10000,14000,12000
Tamil Nadu,Salem,Ammapet(Uzhavar Sandhai ),Pomegranate,Pomogranate,Local,27/08/2026,12000,14000,13000
Tamil Nadu,Theni,Theni(Uzhavar Sandhai ),Pomegranate,Pomogranate,Local,27/08/2026,14000,26000,20000
Tamil Nadu,Madurai,Chokkikulam(Uzhavar Sandhai ),Pomegranate,Pomogranate,Local,27/08/2026,18000,23000,20500
Tamil Nadu,Vellore,Kahithapattarai(Uzhavar Sandhai ),Pomegranate,Pomogranate,Local,27/08/2026,14000,14000,14000
Tamil Nadu,Namakkal,Mohanur(Uzhavar Sandhai ),Tender Coconut,Tender Coconut,Local,27/08/2026,2400,3600,3000
Tamil Nadu,Namakkal,Tiruchengode APMC,Tender Coconut,Tender Coconut,Local,27/08/2026,3000,3500,3250
Tamil Nadu,Thiruvannamalai,Arani(Uzhavar Sandhai ),Tender Coconut,Tender Coconut,Local,27/08/2026,1500,2000,1750
Tamil Nadu,Krishnagiri,Krishnagiri(Uzhavar Sandhai ),Tender Coconut,Tender Coconut,Local,27/08/2026,3500,4000,3750
Tamil Nadu,Thirupur,Kangayam(Uzhavar Sandhai ),Tender Coconut,Tender Coconut,Local,27/08/2026,2500,3000,2750
Tamil Nadu,Salem,Thathakapatti(Uzhavar Sandhai ),Tender Coconut,Tender Coconut,Local,27/08/2026,3000,5000,4000
Tamil Nadu,Namakkal,Kumarapalayam(Uzhavar Sandhai ),Tender Coconut,Tender Coconut,Local,27/08/2026,3000,3500,3250
Tamil Nadu,Pudukkottai,Pudukottai(Uzhavar Sandhai ),Tender Coconut,Tender Coconut,Local,27/08/2026,5000,6000,5500
Tamil Nadu,Erode,Periyar Nagar(Uzhavar Sandhai ),Tender Coconut,Tender Coconut,Local,27/08/2026,3500,4000,3750
Madhya Pradesh,Morena,Kailaras APMC,Seetapal,Seethaphal,Medium,27/08/2026,1000,1000,1000
Andhra Pradesh,NTR,Nandigama APMC,Wood,Subabul,Grade Range-1,27/08/2026,510,510,510
Tamil Nadu,Thiruvannamalai,Keelpennathur(Uzhavar Sandhai ),Jasmine,Jasmine,Local,27/08/2026,29000,30000,29500
Tamil Nadu,Thiruvellore,Perambakkam(Uzhavar Sandhai ),Jasmine,Jasmine,Local,27/08/2026,50000,50000,50000
Tamil Nadu,Salem,Thathakapatti(Uzhavar Sandhai ),Jasmine,Jasmine,Local,27/08/2026,45000,50000,47500
Tamil Nadu,Krishnagiri,Hosur(Uzhavar Sandhai ),Jasmine,Jasmine,Local,27/08/2026,55000,60000,57500
Tamil Nadu,Krishnagiri,Hosur(Uzhavar Sandhai ),Tube Flower,Tube Flower,Local,27/08/2026,70000,80000,75000
Tamil Nadu,Kallakuruchi,Kallakurichi(Uzhavar Sandhai ),Marigold(Calcutta),Marigold(Calcutta),Local,27/08/2026,40000,40000,40000
West Bengal,Medinipur(E),Tamluk (Medinipur E) APMC,Masur Dal,Masur Dal,FAQ,27/08/2026,10600,11000,10800
Tamil Nadu,Namakkal,Rasipuram(Uzhavar Sandhai ),Tamarind Fruit,Tamarind Fruit,Local,27/08/2026,14000,15000,14500
Andhra Pradesh,Annamayya,Lakkireddipally APMC,Ground Nut Seed,Ground Nut Seed,Grade Range-3,27/08/2026,11000,11200,11100
Tamil Nadu,Namakkal,Namakkal(Uzhavar Sandhai ),Elephant Yam(Suran)/Amorphophallus,Elephant Yam (Suran),Local,27/08/2026,3000,3500,3250
Tamil Nadu,Madurai,Anaiyur(Uzhavar Sandhai ),Elephant Yam(Suran)/Amorphophallus,Elephant Yam (Suran),Local,27/08/2026,4500,5000,4750
Tamil Nadu,Theni,Kambam(Uzhavar Sandhai ),Elephant Yam(Suran)/Amorphophallus,Elephant Yam (Suran),Local,27/08/2026,4000,4000,4000
Tamil Nadu,Dharmapuri,Dharmapuri(Uzhavar Sandhai ),Elephant Yam(Suran)/Amorphophallus,Elephant Yam (Suran),Local,27/08/2026,6200,6400,6300
Tamil Nadu,Coimbatore,Sulur(Uzhavar Sandhai ),Elephant Yam(Suran)/Amorphophallus,Elephant Yam (Suran),Local,27/08/2026,3500,4000,3750
Tamil Nadu,Theni,Theni(Uzhavar Sandhai ),Elephant Yam(Suran)/Amorphophallus,Elephant Yam (Suran),Local,27/08/2026,4000,4000,4000
Tamil Nadu,Krishnagiri,Denkanikottai(Uzhavar Sandhai ),Elephant Yam(Suran)/Amorphophallus,Elephant Yam (Suran),Local,27/08/2026,4000,5000,4500
Tamil Nadu,Theni,Chinnamanur(Uzhavar Sandhai ),Elephant Yam(Suran)/Amorphophallus,Elephant Yam (Suran),Local,27/08/2026,4000,4000,4000
Tamil Nadu,Salem,Hasthampatti(Uzhavar Sandhai ),Elephant Yam(Suran)/Amorphophallus,Elephant Yam (Suran),Local,27/08/2026,3600,4000,3800
Tamil Nadu,Coimbatore,Sundarapuram(Uzhavar Sandhai ),Elephant Yam(Suran)/Amorphophallus,Elephant Yam (Suran),Local,27/08/2026,3800,4200,4000
Tamil Nadu,Madurai,Melur(Uzhavar Sandhai ),Elephant Yam(Suran)/Amorphophallus,Elephant Yam (Suran),Local,27/08/2026,4000,4500,4250
Tamil Nadu,Salem,Vazhapadi(Uzhavar Sandhai),Elephant Yam(Suran)/Amorphophallus,Elephant Yam (Suran),Local,27/08/2026,2000,2000,2000
Tamil Nadu,Salem,Thammampatti (Uzhavar Sandhai ),Elephant Yam(Suran)/Amorphophallus,Elephant Yam (Suran),Local,27/08/2026,2000,2500,2250
Tamil Nadu,Dharmapuri,AJattihalli(Uzhavar Sandhai ),Elephant Yam(Suran)/Amorphophallus,Elephant Yam (Suran),Local,27/08/2026,6400,6400,6400
Tamil Nadu,Salem,Mettur(Uzhavar Sandhai ),Elephant Yam(Suran)/Amorphophallus,Elephant Yam (Suran),Local,27/08/2026,3500,4000,3750
Tamil Nadu,The Nilgiris,Udhagamandalam(Uzhavar Sandhai ),Elephant Yam(Suran)/Amorphophallus,Elephant Yam (Suran),Local,27/08/2026,4000,4500,4250
Tamil Nadu,Kallakuruchi,Sankarapuram(Uzhavar Sandhai ),Elephant Yam(Suran)/Amorphophallus,Elephant Yam (Suran),Local,27/08/2026,4000,4000,4000
Tamil Nadu,Thiruchirappalli,Lalgudi(Uzhavar Sandhai ),Elephant Yam(Suran)/Amorphophallus,Elephant Yam (Suran),Local,27/08/2026,5000,5000,5000
Tamil Nadu,Tuticorin,Kovilpatti(Uzhavar Sandhai ),Yam(Ratalu),Yam (Ratalu),Local,27/08/2026,8000,8500,8250
Tamil Nadu,Virudhunagar,Thalavaipuram(Uzhavar Sandhai ),Yam(Ratalu),Yam (Ratalu),Local,27/08/2026,8000,10000,9000
Tamil Nadu,Thiruchirappalli,Thuraiyur APMC,Yam(Ratalu),Yam (Ratalu),Local,27/08/2026,6500,7500,7000
Tamil Nadu,Vellore,Pallikonda(Uzhavar Sandhai),Yam(Ratalu),Yam (Ratalu),Local,27/08/2026,5000,5500,5250
Tamil Nadu,Madurai,Palanganatham(Uzhavar Sandhai ),Yam(Ratalu),Yam (Ratalu),Local,27/08/2026,8000,9000,8500
Tamil Nadu,Dharmapuri,Dharmapuri(Uzhavar Sandhai ),Yam(Ratalu),Yam (Ratalu),Local,27/08/2026,7800,8200,8000
Tamil Nadu,Sivaganga,Singampunari(Uzhavar Sandhai ),Yam(Ratalu),Yam (Ratalu),Local,27/08/2026,8000,9000,8500
Tamil Nadu,Krishnagiri,Hosur(Uzhavar Sandhai ),Yam(Ratalu),Yam (Ratalu),Local,27/08/2026,4500,5000,4750
Tamil Nadu,Thanjavur,Kumbakonam (Uzhavar Sandhai ),Yam(Ratalu),Yam (Ratalu),Local,27/08/2026,9600,9600,9600
Tamil Nadu,Villupuram,Ulundurpettai APMC,Yam(Ratalu),Yam (Ratalu),Local,27/08/2026,3000,3000,3000
Tamil Nadu,Coimbatore,RSPuram(Uzhavar Sandhai ),Yam(Ratalu),Yam (Ratalu),Local,27/08/2026,7500,8000,7750
Tamil Nadu,Thiruchirappalli,Lalgudi(Uzhavar Sandhai ),Yam(Ratalu),Yam (Ratalu),Local,27/08/2026,7600,7600,7600
Tamil Nadu,Nagapattinam,Mayiladuthurai(Uzhavar Sandhai ),Yam(Ratalu),Yam (Ratalu),Local,27/08/2026,8000,9000,8500
Punjab,Kapurthala,Bhulath (Nadala) APMC,French Beans(Frasbean),French Beans (Frasbean),Local,27/08/2026,1650,1700,1700
Tamil Nadu,Salem,Sooramangalam(Uzhavar Sandhai ),Indian Beans(Seam),Indian Beans (Seam),Local,27/08/2026,5500,6000,5750
Tamil Nadu,Ranipet,Ranipettai(Uzhavar Sandhai ),Indian Beans(Seam),Indian Beans (Seam),Local,27/08/2026,5000,5000,5000
Tamil Nadu,Vellore,Thirupathur APMC,Indian Beans(Seam),Indian Beans (Seam),Local,27/08/2026,6000,6000,6000
Tamil Nadu,Coimbatore,Udumalpet APMC,Indian Beans(Seam),Indian Beans (Seam),Local,27/08/2026,7000,7500,7250
Tamil Nadu,Salem,Thathakapatti(Uzhavar Sandhai ),Indian Beans(Seam),Indian Beans (Seam),Local,27/08/2026,5000,6000,5500
Tamil Nadu,Perambalur,Perambalur(Uzhavar Sandhai ),Indian Beans(Seam),Indian Beans (Seam),Local,27/08/2026,8000,8000,8000
Keralam,Kottayam,Athirampuzha Market,Little gourd(Kundru),Other,FAQ,27/08/2026,3500,3700,3600
Odisha,Mayurbhanja,Betnoti APMC,Pointed gourd(Parval),Other,FAQ,27/08/2026,3300,3700,3500
Tamil Nadu,Virudhunagar,Virudhunagar(Uzhavar Sandhai ),Lemon,Lemon,Local,27/08/2026,15000,16000,15500
Tamil Nadu,Virudhunagar,Rajapalayam(Uzhavar Sandhai ),Lemon,Lemon,Local,27/08/2026,13000,14000,13500
Tamil Nadu,Salem,Vazhapadi(Uzhavar Sandhai),Lemon,Lemon,Local,27/08/2026,8000,8000,8000
Tamil Nadu,Krishnagiri,Denkanikottai(Uzhavar Sandhai ),Lemon,Lemon,Local,27/08/2026,14000,15000,14500
Tamil Nadu,Namakkal,Mohanur(Uzhavar Sandhai ),Lemon,Lemon,Local,27/08/2026,8400,9000,8700
Tamil Nadu,Erode,Sathiyamagalam(Uzhavar Sandhai ),Lemon,Lemon,Local,27/08/2026,7500,8000,7750
Tamil Nadu,Krishnagiri,Avallapalli(Uzhavar Sandhai ),Lemon,Lemon,Local,27/08/2026,14000,15000,14500
Tamil Nadu,Thirupur,Tiruppur (South) (Uzhavar Sandhai ),Lemon,Lemon,Local,27/08/2026,10000,11000,10500
Tamil Nadu,Thirunelveli,Palayamkottai(Uzhavar Sandhai ),Lemon,Lemon,Local,27/08/2026,12000,13000,12500
Tamil Nadu,Namakkal,Namakkal(Uzhavar Sandhai ),Lemon,Lemon,Local,27/08/2026,8000,9000,8500
Tamil Nadu,Thiruchirappalli,Lalgudi(Uzhavar Sandhai ),Lemon,Lemon,Local,27/08/2026,16000,16000,16000
Tamil Nadu,Madurai,Usilampatti(Uzhavar Sandhai ),Lemon,Lemon,Local,27/08/2026,15000,17000,16000
Tamil Nadu,Sivaganga,Karaikudi(Uzhavar Sandhai ),Lemon,Lemon,Local,27/08/2026,15500,17500,16500
Tamil Nadu,Dharmapuri,Harur(Uzhavar Sandhai ),Lemon,Lemon,Local,27/08/2026,9000,10000,9500
Tamil Nadu,Salem,Ammapet(Uzhavar Sandhai ),Lemon,Lemon,Local,27/08/2026,5000,5000,5000
Tamil Nadu,Nagercoil (Kannyiakumari),Vadaseri APMC,Lemon,Lemon,Local,27/08/2026,15000,15500,15250
Tamil Nadu,Madurai,Thirumangalam(Uzhavar Sandhai ),Lemon,Lemon,Local,27/08/2026,16000,17000,16500
Tamil Nadu,Vellore,Perampet(Uzhavar Sandhai),Lemon,Lemon,Local,27/08/2026,10000,10000,10000
Tamil Nadu,Pudukkottai,Pudukottai(Uzhavar Sandhai ),Lemon,Lemon,Local,27/08/2026,13000,14000,13500
Keralam,Thiruvananthapuram,Parassala Market,Lemon,Lemon,Local,27/08/2026,7000,7400,7200
Uttar Pradesh,Amroha,Hasanpur APMC,Lemon,Lemon,FAQ,27/08/2026,4000,4020,4010
Andhra Pradesh,Eluru,Chintalapudi APMC,Lemon,Lemon,FAQ,27/08/2026,7000,8000,7500
Uttarakhand,Dehradoon,Vikasnagar APMC,Lemon,Other,Medium,27/08/2026,2500,2600,2600
Haryana,Hissar,Hansi APMC,Lemon,Other,FAQ,27/08/2026,6000,10000,8000
Chandigarh,Chandigarh,Chandigarh (Grain/F&V) APMC,Lemon,Other,FAQ,27/08/2026,3500,5000,4500
Gujarat,Rajkot,Gondal(Veg.market Gondal) APMC,Lemon,Other,Local,27/08/2026,1000,8600,4800
Himachal Pradesh,Kangra,SMY Palampur,Sponge gourd,Other,FAQ,27/08/2026,3000,3500,3200
Madhya Pradesh,Badwani,Sendhwa(F&V) APMC,Sponge gourd,Sponge gourd,Medium,27/08/2026,900,1100,1000
Tamil Nadu,Kancheepuram,Sunguvarchatram(Uzhavar Sandhai ),Colacasia,Colacasia,Local,27/08/2026,3000,3000,3000
Tamil Nadu,Nagercoil (Kannyiakumari),Vadaseri APMC,Colacasia,Colacasia,Local,27/08/2026,8500,9000,8750
Tamil Nadu,Thiruchirappalli,Lalgudi(Uzhavar Sandhai ),Colacasia,Colacasia,Local,27/08/2026,4000,4000,4000
Tamil Nadu,Thiruvannamalai,Polur(Uzhavar Sandhai ),Colacasia,Colacasia,Local,27/08/2026,4000,4800,4400
Tamil Nadu,Thiruvannamalai,Tiruvannamalai(Uzhavar Sandhai ),Colacasia,Colacasia,Local,27/08/2026,3500,4000,3750
Tamil Nadu,Vellore,Perampet(Uzhavar Sandhai),Colacasia,Colacasia,Local,27/08/2026,5000,5000,5000
Tamil Nadu,Cuddalore,Cuddalore(Uzhavar Sandhai ),Colacasia,Colacasia,Local,27/08/2026,6000,6000,6000
Tamil Nadu,Dharmapuri,Dharmapuri(Uzhavar Sandhai ),Colacasia,Colacasia,Local,27/08/2026,6400,6800,6600
Tamil Nadu,Thiruvannamalai,Tamarainagar(Uzhavar Sandhai ),Colacasia,Colacasia,Local,27/08/2026,3500,4000,3750
Tamil Nadu,Krishnagiri,Hosur(Uzhavar Sandhai ),Colacasia,Colacasia,Local,27/08/2026,4500,5000,4750
Keralam,Kottayam,Pampady Market,Colacasia,Other,FAQ,27/08/2026,5000,6000,5500
Haryana,Hissar,Hansi APMC,Colacasia,Other,FAQ,27/08/2026,2500,3000,2750
West Bengal,Darjeeling,Siliguri APMC,Squash(Chappal Kadoo),Other,FAQ,27/08/2026,1200,1400,1300
Tamil Nadu,Dharmapuri,Dharmapuri(Uzhavar Sandhai ),Mashrooms,Mashrooms,Local,27/08/2026,13200,14000,13600
Tamil Nadu,Theni,Andipatti(Uzhavar Sandhai ),Mashrooms,Mashrooms,Local,27/08/2026,23000,23000,23000
Tamil Nadu,Thiruchirappalli,KKNagar(Uzhavar Sandhai ),Mashrooms,Mashrooms,Local,27/08/2026,22000,22000,22000
Tamil Nadu,Dindigul,Dindigul(Uzhavar Sandhai ),Mashrooms,Mashrooms,Local,27/08/2026,20000,22500,21250
Tamil Nadu,Madurai,Anna nagar(Uzhavar Sandhai ),Turnip,Turnip,Local,27/08/2026,6000,7000,6500
Tamil Nadu,The Nilgiris,Udhagamandalam(Uzhavar Sandhai ),Turnip,Turnip,Local,27/08/2026,3500,4000,3750
Haryana,Hissar,Hansi APMC,Spinach,Other,FAQ,27/08/2026,2500,3000,2750
Haryana,Mahendragarh-Narnaul,Narnaul APMC,Tinda,Tinda,Medium,27/08/2026,2000,3000,2500
Tamil Nadu,Karur,Pallapatti (Uzhavar Sandhai ),Amla(Nelli Kai),Amla,Local,27/08/2026,6500,7000,6750
Tamil Nadu,Thiruchirappalli,KKNagar(Uzhavar Sandhai ),Amla(Nelli Kai),Amla,Local,27/08/2026,11000,11000,11000
Tamil Nadu,Dharmapuri,Karimangalam(Uzhavar Sandhai),Amla(Nelli Kai),Amla,Local,27/08/2026,7000,8000,7500
Tamil Nadu,Cuddalore,Cuddalore(Uzhavar Sandhai ),Amla(Nelli Kai),Amla,Local,27/08/2026,10000,10000,10000
Tamil Nadu,Madurai,Palanganatham(Uzhavar Sandhai ),Amla(Nelli Kai),Amla,Local,27/08/2026,7000,8000,7500
Tamil Nadu,Chengalpattu,Pallavaram(Uzhavar Sandhai ),Amla(Nelli Kai),Amla,Local,27/08/2026,10000,12000,11000
Tamil Nadu,Dindigul,Dindigul(Uzhavar Sandhai ),Amla(Nelli Kai),Amla,Local,27/08/2026,4000,5000,4500
Tamil Nadu,Thiruvannamalai,Tiruvannamalai(Uzhavar Sandhai ),Amla(Nelli Kai),Amla,Local,27/08/2026,8000,10000,9000
Tamil Nadu,Krishnagiri,Krishnagiri(Uzhavar Sandhai ),Amla(Nelli Kai),Amla,Local,27/08/2026,8000,9000,8500
Tamil Nadu,Villupuram,Gingee(Uzhavar Sandhai ),Amla(Nelli Kai),Amla,Local,27/08/2026,8000,8000,8000
Tamil Nadu,Coimbatore,Udumalpet APMC,Amla(Nelli Kai),Amla,Local,27/08/2026,7000,8000,7500
Tamil Nadu,Thanjavur,Kumbakonam (Uzhavar Sandhai ),Amla(Nelli Kai),Amla,Local,27/08/2026,8000,8000,8000
Tamil Nadu,Kallakuruchi,Kallakurichi(Uzhavar Sandhai ),Amla(Nelli Kai),Amla,Local,27/08/2026,8000,8000,8000
Tamil Nadu,Vellore,Perampet(Uzhavar Sandhai),Amla(Nelli Kai),Amla,Local,27/08/2026,10000,10000,10000
Tamil Nadu,Theni,Devaram(Uzhavar Sandhai ),Amla(Nelli Kai),Amla,Local,27/08/2026,6000,6000,6000
Tamil Nadu,Kancheepuram,Kundrathur(Uzhavar Sandhai ),Onion Green,Onion Green,Local,27/08/2026,6000,6000,6000
Tamil Nadu,Ariyalur,Ariyalur(Uzhavar Sandhai),Onion Green,Onion Green,Local,27/08/2026,6000,7000,6500
Tamil Nadu,Coimbatore,Sundarapuram(Uzhavar Sandhai ),Onion Green,Onion Green,Local,27/08/2026,7000,7500,7250
Tamil Nadu,Coimbatore,Kurichi(Uzhavar Sandhai ),Onion Green,Onion Green,Local,27/08/2026,7000,7500,7250
Tamil Nadu,Namakkal,Tiruchengode APMC,Onion Green,Onion Green,Local,27/08/2026,6000,7000,6500
Tamil Nadu,Nagapattinam,Vedaranyam(Uzhavar Sandhai),Onion Green,Onion Green,Local,27/08/2026,4800,5000,4900
Tamil Nadu,Salem,Attayampatti(Uzhavar Sandhai ),Onion Green,Onion Green,Local,27/08/2026,6500,6500,6500
Tamil Nadu,Thiruvarur,Valangaiman APMC,Onion Green,Onion Green,Local,27/08/2026,8000,8000,8000
Tamil Nadu,Thanjavur,Kumbakonam (Uzhavar Sandhai ),Onion Green,Onion Green,Local,27/08/2026,7200,8400,7800
Tamil Nadu,Coimbatore,Sulur(Uzhavar Sandhai ),Onion Green,Onion Green,Local,27/08/2026,7000,7500,7250
Tamil Nadu,Thirunelveli,Palayamkottai(Uzhavar Sandhai ),Onion Green,Onion Green,Local,27/08/2026,6000,7600,6800
Tamil Nadu,Madurai,Usilampatti(Uzhavar Sandhai ),Onion Green,Onion Green,Local,27/08/2026,7000,7500,7250
Tamil Nadu,Thiruvannamalai,Polur(Uzhavar Sandhai ),Onion Green,Onion Green,Local,27/08/2026,5000,6000,5500
Tamil Nadu,Krishnagiri,Denkanikottai(Uzhavar Sandhai ),Onion Green,Onion Green,Local,27/08/2026,7000,8000,7500
Tamil Nadu,Nagapattinam,Mayiladuthurai(Uzhavar Sandhai ),Onion Green,Onion Green,Local,27/08/2026,5500,6000,5750
Tamil Nadu,Perambalur,Perambalur(Uzhavar Sandhai ),Onion Green,Onion Green,Local,27/08/2026,5000,7000,6000
Tamil Nadu,Namakkal,Rasipuram(Uzhavar Sandhai ),Onion Green,Onion Green,Local,27/08/2026,4500,8000,6250
Tamil Nadu,Dindigul,Dindigul(Uzhavar Sandhai ),Onion Green,Onion Green,Local,27/08/2026,5000,6000,5500
Tamil Nadu,Namakkal,Namakkal(Uzhavar Sandhai ),Onion Green,Onion Green,Local,27/08/2026,3000,7000,5000
Tamil Nadu,Ranipet,Arcot(Uzhavar Sandhai ),Onion Green,Onion Green,Local,27/08/2026,8000,8000,8000
Tamil Nadu,Salem,Mecheri(Uzhavar Sandhai),Onion Green,Onion Green,Local,27/08/2026,5500,6000,5750
Tamil Nadu,Pudukkottai,Ponnamaravathi(Uzhavar Sandhai),Onion Green,Onion Green,Local,27/08/2026,7500,8000,7750
Tamil Nadu,Pudukkottai,Viralimalai(Uzhavar Sandhai ),Onion Green,Onion Green,Local,27/08/2026,7500,8000,7750
Tamil Nadu,Salem,Edapadi (Uzhavar Sandhai ),Onion Green,Onion Green,Local,27/08/2026,5000,6000,5500
Tamil Nadu,Chengalpattu,Pallavaram(Uzhavar Sandhai ),Onion Green,Onion Green,Local,27/08/2026,9000,10000,9500
Tamil Nadu,Thirupur,Tiruppur (South) (Uzhavar Sandhai ),Onion Green,Onion Green,Local,27/08/2026,6000,7000,6500
Tamil Nadu,Villupuram,Tindivanam APMC,Onion Green,Onion Green,Local,27/08/2026,7600,7600,7600
Tamil Nadu,Thirupur,Palladam(Uzhavar Sandhai ),Onion Green,Onion Green,Local,27/08/2026,6000,7000,6500
Tamil Nadu,Salem,Ammapet(Uzhavar Sandhai ),Onion Green,Onion Green,Local,27/08/2026,5500,6000,5750
Tamil Nadu,Pudukkottai,Alangudi(Uzhavar Sandhai ),Onion Green,Onion Green,Local,27/08/2026,7000,8000,7500
Tamil Nadu,Salem,Mettur(Uzhavar Sandhai ),Onion Green,Onion Green,Local,27/08/2026,6000,6500,6250
Tamil Nadu,Cuddalore,Vadalur(Uzhavar Sandhai ),Mint(Pudina),Mint(Pudina),Local,27/08/2026,4000,4000,4000
Tamil Nadu,Vellore,Thirupathur APMC,Mint(Pudina),Mint(Pudina),Local,27/08/2026,5000,5000,5000
Tamil Nadu,Madurai,Anna nagar(Uzhavar Sandhai ),Mint(Pudina),Mint(Pudina),Local,27/08/2026,5000,5500,5250
Tamil Nadu,Villupuram,Villupuram(Uzhavar Sandhai ),Mint(Pudina),Mint(Pudina),Local,27/08/2026,4000,4000,4000
Tamil Nadu,Theni,Bodinayakanur(Uzhavar Sandhai ),Mint(Pudina),Mint(Pudina),Local,27/08/2026,5000,5000,5000
Tamil Nadu,Perambalur,Perambalur(Uzhavar Sandhai ),Mint(Pudina),Mint(Pudina),Local,27/08/2026,6000,6000,6000
Tamil Nadu,Namakkal,Kumarapalayam(Uzhavar Sandhai ),Mint(Pudina),Mint(Pudina),Local,27/08/2026,5500,6000,5750
Tamil Nadu,Thiruchirappalli,Thuraiyur APMC,Mint(Pudina),Mint(Pudina),Local,27/08/2026,4500,5600,5050
Tamil Nadu,Pudukkottai,Ponnamaravathi(Uzhavar Sandhai),Mint(Pudina),Mint(Pudina),Local,27/08/2026,5500,6000,5750
Tamil Nadu,Krishnagiri,Avallapalli(Uzhavar Sandhai ),Mint(Pudina),Mint(Pudina),Local,27/08/2026,3500,4000,3750
Tamil Nadu,Nagapattinam,Mayiladuthurai(Uzhavar Sandhai ),Mint(Pudina),Mint(Pudina),Local,27/08/2026,4000,4500,4250
Tamil Nadu,Karur,Gandhigramam(Uzhavar Sandhai),Mint(Pudina),Mint(Pudina),Local,27/08/2026,5000,5500,5250
Tamil Nadu,Namakkal,Rasipuram(Uzhavar Sandhai ),Mint(Pudina),Mint(Pudina),Local,27/08/2026,5500,6000,5750
Tamil Nadu,Dindigul,Chinnalapatti(Uzhavar Sandhai ),Mint(Pudina),Mint(Pudina),Local,27/08/2026,3000,3500,3250
Tamil Nadu,Villupuram,Ulundurpettai APMC,Mint(Pudina),Mint(Pudina),Local,27/08/2026,3000,3000,3000
Tamil Nadu,Madurai,Usilampatti(Uzhavar Sandhai ),Mint(Pudina),Mint(Pudina),Local,27/08/2026,4500,5000,4750
Tamil Nadu,Thiruchirappalli,Lalgudi(Uzhavar Sandhai ),Mint(Pudina),Mint(Pudina),Local,27/08/2026,5600,5600,5600
Tamil Nadu,Salem,Mecheri(Uzhavar Sandhai),Mint(Pudina),Mint(Pudina),Local,27/08/2026,2500,3000,2750
Tamil Nadu,Sivaganga,Karaikudi(Uzhavar Sandhai ),Mint(Pudina),Mint(Pudina),Local,27/08/2026,5000,5500,5250
Tamil Nadu,Pudukkottai,Gandarvakottai(Uzhavar Sandhai ),Mint(Pudina),Mint(Pudina),Local,27/08/2026,4500,5000,4750
Tamil Nadu,Salem,Jalagandapuram(Uzhavar Sandhai ),Mint(Pudina),Mint(Pudina),Local,27/08/2026,3000,3500,3250
Tamil Nadu,Coimbatore,Udumalpet APMC,Mint(Pudina),Mint(Pudina),Local,27/08/2026,5000,5500,5250
Tamil Nadu,Salem,Mettur(Uzhavar Sandhai ),Mint(Pudina),Mint(Pudina),Local,27/08/2026,2500,3000,2750
Tamil Nadu,Thiruvellore,Perambakkam(Uzhavar Sandhai ),Rose(Local),Rose (Local),Local,27/08/2026,15000,15000,15000
Tamil Nadu,Kallakuruchi,Kallakurichi(Uzhavar Sandhai ),Rose(Local),Rose (Local),Local,27/08/2026,40000,40000,40000
Tamil Nadu,Thanjavur,Thanjavur(Uzhavar Sandhai ),Rose(Local),Rose (Local),Local,27/08/2026,20000,20000,20000
Tamil Nadu,Salem,Mettur(Uzhavar Sandhai ),Rose(Local),Rose (Local),Local,27/08/2026,11000,12000,11500
Tamil Nadu,Salem,Sooramangalam(Uzhavar Sandhai ),Tube Rose(Loose),Tube Rose (Loose),Local,27/08/2026,18000,20000,19000
Rajasthan,Kota,Kota APMC,Paddy(Basmati),Other,Local,27/08/2026,4100,4100,4100
Tamil Nadu,Coimbatore,RSPuram(Uzhavar Sandhai ),Baby Corn,Baby Corn,Grade A,27/08/2026,2200,2600,2400
Tamil Nadu,Namakkal,Kumarapalayam(Uzhavar Sandhai ),Baby Corn,Baby Corn,Grade A,27/08/2026,2500,3000,2750
Tamil Nadu,Karur,Pallapatti (Uzhavar Sandhai ),Baby Corn,Baby Corn,Grade A,27/08/2026,4500,5000,4750
Tamil Nadu,Krishnagiri,Hosur(Uzhavar Sandhai ),Sweet Corn ,Sweet Corn ,Local,27/08/2026,2500,3000,2750
Tamil Nadu,Vellore,Pallikonda(Uzhavar Sandhai),Sweet Corn ,Sweet Corn ,Local,27/08/2026,2500,3000,2750
Tamil Nadu,Karur,Kulithalai(Uzhavar Sandhai ),Sweet Corn ,Sweet Corn ,Local,27/08/2026,4500,5000,4750
Tamil Nadu,Karur,Karur(Uzhavar Sandhai ),Sweet Corn ,Sweet Corn ,Local,27/08/2026,3500,4000,3750
Tamil Nadu,Salem,Sooramangalam(Uzhavar Sandhai ),Sweet Corn ,Sweet Corn ,Local,27/08/2026,3000,3500,3250
Tamil Nadu,Coimbatore,Vadavalli(Uzhavar Sandhai ),Sweet Corn ,Sweet Corn ,Local,27/08/2026,3500,4000,3750
Tamil Nadu,Thiruvannamalai,Chengam(Uzhavar Sandhai ),Sweet Corn ,Sweet Corn ,Local,27/08/2026,2500,3000,2750
Andhra Pradesh,Markapuram,Kanigiri APMC,Red gram/Arhar/Tur(whole),(Whole),Local,27/08/2026,8600,8800,8700
