state,district,market,commodity,variety,grade,arrival_date,min_price,max_price,modal_price
Andhra Pradesh,Prakasam,Maddipadu APMC,Bajra(Pearl Millet/Cumbu),Bold,FAQ,07/09/2026,2750,2750,2750
Andhra Pradesh,Prakasam,Maddipadu APMC,Paddy(Common),B P T,FAQ,07/09/2026,2800,2800,2800
Keralam,Kozhikode(Calicut),Mukkom Market,Bhindi(Ladies Finger),Bhindi,FAQ,07/09/2026,5000,5500,5200
Keralam,Kozhikode(Calicut),Mukkom Market,Bottle gourd,Bottle Gourd,FAQ,07/09/2026,3000,3300,3100
Keralam,Kozhikode(Calicut),Mukkom Market,Tomato,Tomato,FAQ,07/09/2026,2000,2300,2100
Gujarat,Rajkot,Jasdan APMC,"Sesamum(Sesame,Gingelly,Til)",Black,FAQ,07/09/2026,10000,15500,14500
Gujarat,Rajkot,Jasdan APMC,Ground Nut Seed,Ground Nut Seed,FAQ,07/09/2026,6000,9875,9000
Gujarat,Rajkot,Jasdan APMC,"Sesamum(Sesame,Gingelly,Til)",White,FAQ,07/09/2026,6500,12150,11250
Gujarat,Rajkot,Jasdan APMC,Black Gram(Urd Beans)(Whole),Black Gram (Whole),FAQ,07/09/2026,5500,5500,5500
Gujarat,Rajkot,Jasdan APMC,Green Gram(Moong)(Whole),Green (Whole),FAQ,07/09/2026,3500,7695,7000
Andhra Pradesh,Nandyal,Allagadda APMC,Maize,Local,FAQ,07/09/2026,2050,2200,2150
Odisha,Rayagada,Gunpur APMC,Beetroot,Beetroot,Grade B,07/09/2026,4250,4620,4450
Odisha,Rayagada,Gunpur APMC,Brinjal,Other,Grade B,07/09/2026,3300,3740,3500
Madhya Pradesh,Sidhi,Sidhi APMC,Wheat,Mill Quality,Non-FAQ,07/09/2026,2400,2460,2400
Bihar,Begusarai,Balliah APMC,Potato,Local,Grade B,07/09/2026,1100,1300,1200
Andhra Pradesh,Annamayya,Somala APMC,Tomato,Tomato,FAQ,07/09/2026,1200,1800,1500
Keralam,Alappuzha,Cherthala Market,Brinjal,Brinjal,FAQ,07/09/2026,4000,4200,4100
Keralam,Ernakulam,Thrippunithura Market,Ashgourd,Ashgourd,Medium,07/09/2026,3200,4000,3400
Keralam,Ernakulam,Thrippunithura Market,Banana - Green,Banana - Green,Medium,07/09/2026,550,7000,5700
Keralam,Ernakulam,Thrippunithura Market,Tapioca,Tapioca,Medium,07/09/2026,3500,4000,3700
Keralam,Ernakulam,Thrippunithura Market,Tomato,Tomato,Medium,07/09/2026,4600,5000,4800
Keralam,Kannur,Thalasserry Market,Tomato,Other,FAQ,07/09/2026,2300,3200,2700
Andhra Pradesh,Tirupathi,Railway Koduru APMC,Banana,Medium,Grade A,07/09/2026,1000,1200,1100
Karnataka,Bagalkot,Hungund APMC,Sunflower/Sunflower Seed,Local,FAQ,07/09/2026,7800,7950,7900
Haryana,Sonipat,Ganaur APMC,Brinjal,Brinjal,Medium,07/09/2026,3000,4000,3500
Haryana,Sonipat,Ganaur APMC,Potato,Potato,FAQ,07/09/2026,1000,1500,1200
Haryana,Sonipat,Ganaur APMC,Onion,Onion,FAQ,07/09/2026,4000,4500,4200
Haryana,Sonipat,Ganaur APMC,Cabbage,Cabbage,Medium,07/09/2026,2000,3000,2500
Haryana,Sonipat,Ganaur APMC,Cauliflower,Other,Medium,07/09/2026,5000,6000,5500
Haryana,Sonipat,Ganaur APMC,Peas Wet,Peas Wet,Medium,07/09/2026,10000,12000,10000
Haryana,Sonipat,Ganaur APMC,Coriander(Leaves),Coriander,Medium,07/09/2026,6000,7000,6500
Haryana,Rohtak,Sampla APMC,Brinjal,Other,Local,07/09/2026,2000,2000,2000
Haryana,Rohtak,Sampla APMC,Banana,Other,Local,07/09/2026,2500,2500,2500
Haryana,Rohtak,Sampla APMC,Apple,Apple,Local,07/09/2026,8000,8000,8000
Haryana,Rohtak,Sampla APMC,Cauliflower,Other,Local,07/09/2026,3000,3000,3000
Keralam,Kasargod,Pullur Periya  VFPCK Market,Bitter gourd,Bitter Gourd,Grade A,07/09/2026,4800,5000,4900
Keralam,Kasargod,Pullur Periya  VFPCK Market,Long Melon(Kakri),Long Melon (Kakri),Grade A,07/09/2026,3300,3500,3400
Keralam,Kasargod,Pullur Periya  VFPCK Market,Banana - Green,Banana - Green,Grade A,07/09/2026,5800,6000,5900
Haryana,Mewat,FerozpurZirkha(Nagina) APMC,Cucumbar(Kheera),Cucumbar,Local,07/09/2026,2000,2400,2200
Punjab,Gurdaspur,Dera Baba Nanak APMC,Bhindi(Ladies Finger),Bhindi,Grade A,07/09/2026,828,828,828
Punjab,Gurdaspur,Dera Baba Nanak APMC,Colacasia,Other,Grade B,07/09/2026,1288,1288,1288
Punjab,Gurdaspur,Quadian APMC,Ginger(Green),Other,Grade A,07/09/2026,7800,8000,7900
Punjab,Hoshiarpur,GarhShankar (Kotfatuhi) APMC,Potato,Other,FAQ,07/09/2026,1000,1000,1000
Punjab,Jalandhar,Nakodar APMC,Potato,Potato,Local,07/09/2026,400,400,400
Punjab,Jalandhar,Noor Mehal APMC,Ridgeguard(Tori),Other,Local,07/09/2026,1800,1800,1800
Punjab,Ludhiana,Jagraon APMC,Banana,Other,Grade A,07/09/2026,2200,2200,2200
Punjab,Ludhiana,Jagraon APMC,Pomegranate,Other,Grade A,07/09/2026,8000,8000,8000
Punjab,Ludhiana,Jagraon APMC,Guava,Other,Grade A,07/09/2026,3000,3000,3000
Punjab,Ludhiana,Jagraon APMC,Papaya,Other,Grade A,07/09/2026,3000,3000,3000
Punjab,Ludhiana,Jagraon APMC,Water Melon,Other,Grade A,07/09/2026,1100,1100,1100
Punjab,Ludhiana,Jagraon APMC,Brinjal,Other,FAQ,07/09/2026,800,800,800
Punjab,Ludhiana,Jagraon APMC,French Beans(Frasbean),Other,FAQ,07/09/2026,4100,4100,4100
Punjab,Ludhiana,Jagraon APMC,Onion,Other,FAQ,07/09/2026,2500,2500,2500
Punjab,Ludhiana,Jagraon APMC,Mashrooms,Mashrooms,FAQ,07/09/2026,9200,9200,9200
Punjab,Ludhiana,Jagraon APMC,Pumpkin,Other,FAQ,07/09/2026,550,550,550
Keralam,Kollam,Anchal Market,Amaranthus,Amaranthus,Local,07/09/2026,4200,4200,4200
Keralam,Kollam,Anchal Market,Beetroot,Beetroot,Local,07/09/2026,3300,3300,3300
Keralam,Kollam,Anchal Market,Capsicum,Capsicum,Local,07/09/2026,5600,5600,5600
Keralam,Kollam,Anchal Market,Bitter gourd,Bitter Gourd,Local,07/09/2026,7300,7300,7300
Keralam,Kollam,Anchal Market,Cucumbar(Kheera),Cucumbar,Local,07/09/2026,2800,2800,2800
Keralam,Kollam,Anchal Market,Onion,Big,Local,07/09/2026,4000,4000,4000
Keralam,Kollam,Anchal Market,Tomato,Tomato,Local,07/09/2026,4600,4600,4600
Keralam,Kollam,Anchal Market,Banana,Palayamthodan,Medium,07/09/2026,3900,3900,3900
Keralam,Kollam,Anchal Market,Tapioca,Other,Local,07/09/2026,3400,3400,3400
Keralam,Kollam,Anchal Market,Banana,Robusta,Medium,07/09/2026,4300,4300,4300
Keralam,Kollam,Anchal Market,Banana,Red Banana,Medium,07/09/2026,7400,7400,7400
Rajasthan,Kota,Kota APMC,Wheat,Local,Local,07/09/2026,2650,2650,2650
Rajasthan,Kota,Kota APMC,Garlic,Other,Local,07/09/2026,13000,13000,13000
Rajasthan,Kota,Kota APMC,Black Gram(Urd Beans)(Whole),Other,Local,07/09/2026,5800,5800,5800
Rajasthan,Hanumangarh,Sangriya APMC,Onion,Onion,Local,07/09/2026,2500,4100,3200
Rajasthan,Jaipur,Jaipur (F&V) APMC,Ginger(Dry),Dry,FAQ,07/09/2026,5000,14000,9500
Rajasthan,Jaipur,Jaipur (F&V) APMC,Onion,Other,FAQ,07/09/2026,2000,5000,3500
Rajasthan,Jaipur,Jaipur (F&V) APMC,Bottle gourd,Bottle Gourd,FAQ,07/09/2026,500,1000,750
Rajasthan,Jaipur,Jaipur (F&V) APMC,Capsicum,Capsicum,FAQ,07/09/2026,3000,3200,3100
Rajasthan,Jaipur,Jaipur (F&V) APMC,Coriander(Leaves),Coriander,FAQ,07/09/2026,1500,3000,2250
Rajasthan,Jaipur,Jaipur (F&V) APMC,Cabbage,Cabbage,FAQ,07/09/2026,1800,2000,1900
Rajasthan,Jaipur,Jaipur (F&V) APMC,Pomegranate,Other,Medium,07/09/2026,5000,13000,9000
Rajasthan,Jaipur,Jaipur (F&V) APMC,Tinda,Other,FAQ,07/09/2026,2800,3000,2900
Rajasthan,Jaipur,Jaipur (F&V) APMC,Guava,Guava,Medium,07/09/2026,3500,8000,5750
Rajasthan,Jaipur,Jaipur (F&V) APMC,Mousambi(Sweet Lime),Mousambi,Medium,07/09/2026,1600,2000,1800
Rajasthan,Hanumangarh,Rawatsar APMC,Potato,Red Nanital,FAQ,07/09/2026,600,1500,800
Rajasthan,Ganganagar,Suratgarh APMC,Green Gram(Moong)(Whole),Other,FAQ,07/09/2026,4600,7655,6470
Andhra Pradesh,NTR,Nandigama APMC,Wood,Subabul,Grade Range-1,07/09/2026,515,515,515
Rajasthan,Jalore,Jalore APMC,Bhindi(Ladies Finger),Bhindi,Local,07/09/2026,1200,1500,1300
Rajasthan,Jalore,Jalore APMC,Brinjal,Brinjal,Local,07/09/2026,1800,2200,2000
Rajasthan,Jalore,Jalore APMC,Capsicum,Other,Local,07/09/2026,3000,3500,3300
Punjab,Ludhiana,Khanna APMC,Apple,Apple,Grade A,07/09/2026,8000,8000,8000
Punjab,Ludhiana,Khanna APMC,Mousambi(Sweet Lime),Other,Grade A,07/09/2026,3000,3000,3000
Punjab,Ludhiana,Khanna APMC,Ginger(Green),Green Ginger,Grade A,07/09/2026,5000,5000,5000
Punjab,Ludhiana,Khanna APMC,Garlic,Other,Grade Range-1,07/09/2026,10000,10000,10000
Punjab,Ludhiana,Khanna APMC,Bottle gourd,Other,Grade A,07/09/2026,1200,1200,1200
Punjab,Ludhiana,Khanna APMC,Brinjal,Round,Grade A,07/09/2026,1500,1500,1500
Punjab,Ludhiana,Khanna APMC,Bhindi(Ladies Finger),Bhindi,Grade A,07/09/2026,2000,2000,2000
Keralam,Kottayam,Athirampuzha Market,Bottle gourd,Bottle Gourd,FAQ,07/09/2026,3000,3200,3100
Keralam,Kottayam,Athirampuzha Market,Snakeguard,Snakeguard,FAQ,07/09/2026,2800,3000,2900
Keralam,Kottayam,Athirampuzha Market,Onion,Small,FAQ,07/09/2026,7800,8000,7900
Keralam,Kottayam,Athirampuzha Market,Cucumbar(Kheera),Cucumbar,FAQ,07/09/2026,1800,2000,1900
Punjab,Bhatinda,Bhucho APMC,Bhindi(Ladies Finger),Bhindi,Local,07/09/2026,2300,2300,2300
Keralam,Kottayam,Thalayolaparambu Market,Banana,Banana - Ripe,Medium,07/09/2026,5600,6000,5800
Keralam,Kottayam,Thalayolaparambu Market,Banana,Poovan,Medium,07/09/2026,4300,4700,4500
Keralam,Kottayam,Thalayolaparambu Market,Beetroot,Beetroot,FAQ,07/09/2026,4000,4500,4300
Keralam,Kottayam,Thalayolaparambu Market,Bhindi(Ladies Finger),Bhindi,FAQ,07/09/2026,3400,3700,3500
Keralam,Kottayam,Thalayolaparambu Market,Colacasia,Other,FAQ,07/09/2026,6800,7200,7000
Keralam,Kottayam,Thalayolaparambu Market,Little gourd(Kundru),Other,FAQ,07/09/2026,3700,4000,3800
Keralam,Kottayam,Thalayolaparambu Market,Lemon,Other,FAQ,07/09/2026,6800,7200,7000
Keralam,Kottayam,Thalayolaparambu Market,Onion,Onion,FAQ,07/09/2026,7600,8000,7800
Keralam,Kottayam,Thalayolaparambu Market,Onion,Big,FAQ,07/09/2026,5300,5600,5400
Keralam,Kottayam,Thalayolaparambu Market,Tomato,Tomato,FAQ,07/09/2026,2800,3200,3000
Keralam,Kozhikode(Calicut),Kallachi Market,Beetroot,Beetroot,FAQ,07/09/2026,4800,5200,5000
Keralam,Kozhikode(Calicut),Kallachi Market,Cabbage,Cabbage,FAQ,07/09/2026,2200,2600,2400
Keralam,Kozhikode(Calicut),Kallachi Market,Carrot,Carrot,FAQ,07/09/2026,5800,6200,6000
Keralam,Alappuzha,Mannar Market,Colacasia,Other,FAQ,07/09/2026,8000,8200,8100
Keralam,Alappuzha,Mannar Market,Drumstick,Other,FAQ,07/09/2026,6000,6200,6100
Jammu and Kashmir,Jammu,MAC F&V Market Narwal Jammu,Lemon,Other,FAQ,07/09/2026,10000,11000,10500
Jammu and Kashmir,Jammu,MAC F&V Market Narwal Jammu,Mashrooms,Mashrooms,FAQ,07/09/2026,13000,20000,16500
Jammu and Kashmir,Jammu,MAC F&V Market Narwal Jammu,Tender Coconut,Tender Coconut,Medium,07/09/2026,6500,7000,6750
Jammu and Kashmir,Jammu,MAC F&V Market Narwal Jammu,Karbuja(Musk Melon),Karbhuja,Medium,07/09/2026,3000,3500,3250
Jammu and Kashmir,Jammu,MAC F&V Market Narwal Jammu,Pineapple,Pine Apple,Medium,07/09/2026,6000,7000,6500
Jammu and Kashmir,Jammu,MAC F&V Market Narwal Jammu,Carrot,Carrot,FAQ,07/09/2026,3000,3500,3250
Jammu and Kashmir,Jammu,MAC F&V Market Narwal Jammu,Ginger(Green),Green Ginger,FAQ,07/09/2026,6000,6500,6250
Keralam,Thiruvananthapuram,Neyyatinkara Market,Amaranthus,Amaranthus,FAQ,07/09/2026,3400,4000,3700
Keralam,Thiruvananthapuram,Neyyatinkara Market,Pumpkin,Other,FAQ,07/09/2026,2300,3000,2600
Punjab,Moga,Baghapurana APMC,Onion,Onion,Grade B,07/09/2026,4000,5000,4500
Punjab,Moga,Baghapurana APMC,Potato,Potato,Grade B,07/09/2026,600,800,700
Punjab,Moga,Baghapurana APMC,Cucumbar(Kheera),Cucumbar,Grade B,07/09/2026,2000,3000,2500
Punjab,Moga,Baghapurana APMC,Brinjal,Brinjal,Grade B,07/09/2026,2000,3000,2500
Punjab,Moga,Moga APMC,Green Chilli,Other,Local,07/09/2026,2000,3000,2500
Keralam,Thiruvananthapuram,Vamanapuram Market,Tapioca,Other,Local,07/09/2026,4500,5000,4500
Punjab,Nawanshahr,Balachaur APMC,Pumpkin,Other,Medium,07/09/2026,800,1000,900
Punjab,Nawanshahr,Balachaur APMC,Banana,Other,Medium,07/09/2026,3200,5500,5000
Punjab,Nawanshahr,Balachaur APMC,Cabbage,Other,Medium,07/09/2026,2000,2000,2000
Punjab,Patiala,Ghanaur APMC,Onion,Other,FAQ,07/09/2026,3000,4000,3500
Punjab,Ropar (Rupnagar),Ropar APMC,French Beans(Frasbean),French Beans (Frasbean),Local,07/09/2026,3200,4000,3500
Punjab,Ropar (Rupnagar),Ropar APMC,Potato,Local,Non-FAQ,07/09/2026,700,900,800
Punjab,Ropar (Rupnagar),Ropar APMC,Tomato,Other,Non-FAQ,07/09/2026,3000,3400,3200
Keralam,Palakad,Pattambi Market,Cluster beans,Cluster Beans,FAQ,07/09/2026,3000,3500,3200
Keralam,Palakad,Pattambi Market,Cowpea(Veg),Cowpea (Veg),FAQ,07/09/2026,4500,5000,4800
Keralam,Palakad,Pattambi Market,Mango(Raw-Ripe),Mango - Raw-Ripe,FAQ,07/09/2026,8000,9000,8500
Keralam,Palakad,Pattambi Market,Onion,Big,FAQ,07/09/2026,5400,5600,5500
Keralam,Kottayam,Ettumanoor Market,Bitter gourd,Bitter Gourd,FAQ,07/09/2026,5000,6000,5500
Karnataka,Chamarajanagar,Chamarajanagar APMC,Raddish,Raddish,Local,07/09/2026,2200,3200,2800
Punjab,Sangrur,Dhuri APMC,Mousambi(Sweet Lime),Other,Medium,07/09/2026,3300,3500,3400
Punjab,Sangrur,Malerkotla APMC,Brinjal,Other,Local,07/09/2026,500,1500,1000
Punjab,Sangrur,Malerkotla APMC,Beetroot,Beetroot,Local,07/09/2026,1000,2500,1500
Punjab,Sangrur,Malerkotla APMC,Carrot,Other,Local,07/09/2026,1500,2500,2000
Punjab,Sangrur,Malerkotla APMC,Cucumbar(Kheera),Other,Local,07/09/2026,1500,3000,1800
Punjab,Sangrur,Malerkotla APMC,Pumpkin,Other,Local,07/09/2026,800,1800,1500
Punjab,Sangrur,Malerkotla APMC,Spinach,Other,Local,07/09/2026,1000,1500,1200
Punjab,Sangrur,Malerkotla APMC,Banana,Banana - Ripe,Local,07/09/2026,1800,1800,1800
Punjab,Sangrur,Malerkotla APMC,Pomegranate,Other,Local,07/09/2026,2500,6500,5000
Keralam,Ernakulam,Piravam Market,Brinjal,Brinjal,Local,07/09/2026,5000,6000,5800
Keralam,Ernakulam,Piravam Market,Beetroot,Beetroot,Local,07/09/2026,7000,8000,7500
Punjab,Tarntaran,Harike APMC,Ridgeguard(Tori),Ridgeguard(Tori),FAQ,07/09/2026,1100,1200,1150
Punjab,Tarntaran,Harike APMC,Round gourd,Round gourd,FAQ,07/09/2026,700,800,750
Gujarat,Porbandar,Porbandar APMC,Mousambi(Sweet Lime),Mousambi,Grade A,07/09/2026,2500,3500,3000
Gujarat,Porbandar,Porbandar APMC,Onion,Other,FAQ,07/09/2026,2000,4000,3000
Tamil Nadu,Nagapattinam,Sembanarkoil APMC,Paddy(Common),Other,Local,07/09/2026,2150,2570,2360
Tamil Nadu,Thirupur,Tiruppur (South) (Uzhavar Sandhai ),Coriander(Leaves),I Sort,Local,07/09/2026,2400,3000,2700
Tamil Nadu,Thirupur,Tiruppur (South) (Uzhavar Sandhai ),Bitter gourd,Other,Local,07/09/2026,4000,6000,5000
Tamil Nadu,Thirupur,Tiruppur (South) (Uzhavar Sandhai ),Pumpkin,Pumpkin,Local,07/09/2026,1500,2000,1750
Tamil Nadu,Thirupur,Tiruppur (South) (Uzhavar Sandhai ),Green Chilli,Green Chilly,Local,07/09/2026,4000,5000,4500
Tamil Nadu,Thirupur,Tiruppur (South) (Uzhavar Sandhai ),Onion,Bellary,Local,07/09/2026,4000,5000,4500
Tamil Nadu,Thirupur,Tiruppur (South) (Uzhavar Sandhai ),Lemon,Lemon,Local,07/09/2026,24000,28000,26000
Tamil Nadu,Thirupur,Tiruppur (South) (Uzhavar Sandhai ),Mint(Pudina),Mint(Pudina),Local,07/09/2026,2400,3000,2700
Tamil Nadu,Erode,Perundurai(Uzhavar Sandhai ),Papaya,Papaya,Local,07/09/2026,2600,3000,2800
Tamil Nadu,Erode,Perundurai(Uzhavar Sandhai ),Pumpkin,Pumpkin,Local,07/09/2026,2200,2500,2350
Tamil Nadu,Erode,Perundurai(Uzhavar Sandhai ),Coconut,Coconut,Local,07/09/2026,4500,5000,4750
Tamil Nadu,Erode,Perundurai(Uzhavar Sandhai ),Beetroot,Beetroot,Local,07/09/2026,5500,5800,5650
Tamil Nadu,Erode,Perundurai(Uzhavar Sandhai ),Ridgeguard(Tori),Ridgeguard(Tori),Local,07/09/2026,4000,4500,4250
Tamil Nadu,Erode,Perundurai(Uzhavar Sandhai ),Mint(Pudina),Mint(Pudina),Local,07/09/2026,3000,3400,3200
Tamil Nadu,Dharmapuri,Dharmapuri(Uzhavar Sandhai ),Garlic,Garlic,Local,07/09/2026,23000,24000,23500
Tamil Nadu,Dharmapuri,Dharmapuri(Uzhavar Sandhai ),Bitter gourd,Bitter Gourd,Local,07/09/2026,3700,4000,3850
Tamil Nadu,Dharmapuri,Dharmapuri(Uzhavar Sandhai ),Bottle gourd,Bottle Gourd,Local,07/09/2026,1500,1600,1550
Tamil Nadu,Dharmapuri,Dharmapuri(Uzhavar Sandhai ),Ashgourd,Gouard,Local,07/09/2026,1800,2000,1900
Tamil Nadu,Dharmapuri,Dharmapuri(Uzhavar Sandhai ),Pumpkin,Pumpkin,Local,07/09/2026,1500,1600,1550
Tamil Nadu,Dharmapuri,Dharmapuri(Uzhavar Sandhai ),Banana - Green,Banana - Green,Local,07/09/2026,2800,3000,2900
Tamil Nadu,Dharmapuri,Dharmapuri(Uzhavar Sandhai ),Ridgeguard(Tori),Ridgeguard(Tori),Local,07/09/2026,2400,2500,2450
Tamil Nadu,Dharmapuri,Dharmapuri(Uzhavar Sandhai ),Tender Coconut,Tender Coconut,Local,07/09/2026,2800,3000,2900
Tamil Nadu,Dharmapuri,Dharmapuri(Uzhavar Sandhai ),Tamarind Fruit,Tamarind Fruit,Local,07/09/2026,12000,12600,12300
Tamil Nadu,Dharmapuri,Dharmapuri(Uzhavar Sandhai ),Onion Green,Onion Green,Local,07/09/2026,6200,6600,6400
Tamil Nadu,Dharmapuri,Dharmapuri(Uzhavar Sandhai ),Mint(Pudina),Mint(Pudina),Local,07/09/2026,4600,5000,4800
Tamil Nadu,Dharmapuri,Palacode(Uzhavar Sandhai ),Brinjal,Other,Local,07/09/2026,2500,2800,2650
Tamil Nadu,Dharmapuri,Palacode(Uzhavar Sandhai ),Green Avare(W),Green Avare (W),Local,07/09/2026,4000,4500,4250
Tamil Nadu,Dharmapuri,Palacode(Uzhavar Sandhai ),Pumpkin,Pumpkin,Local,07/09/2026,1800,2000,1900
Tamil Nadu,Dharmapuri,Palacode(Uzhavar Sandhai ),Bhindi(Ladies Finger),Bhindi,Local,07/09/2026,2200,2500,2350
Tamil Nadu,Dharmapuri,Palacode(Uzhavar Sandhai ),Beans,Beans (Whole),Local,07/09/2026,8600,9000,8800
Tamil Nadu,Dharmapuri,Palacode(Uzhavar Sandhai ),Carrot,Pusakesar,Local,07/09/2026,6000,6400,6200
Tamil Nadu,Dharmapuri,Palacode(Uzhavar Sandhai ),Snakeguard,Snakeguard,Local,07/09/2026,2200,2500,2350
Tamil Nadu,Dharmapuri,Palacode(Uzhavar Sandhai ),Ridgeguard(Tori),Ridgeguard(Tori),Local,07/09/2026,3000,3400,3200
Tamil Nadu,Dharmapuri,Pennagaram(Uzhavar Sandhai ),Brinjal,Round,Local,07/09/2026,2800,3000,2900
Tamil Nadu,Dharmapuri,Pennagaram(Uzhavar Sandhai ),Tomato,Local,Local,07/09/2026,2400,2600,2500
Tamil Nadu,Dharmapuri,Pennagaram(Uzhavar Sandhai ),Bhindi(Ladies Finger),Bhindi,Local,07/09/2026,2600,2800,2700
Tamil Nadu,Dharmapuri,Pennagaram(Uzhavar Sandhai ),Banana - Green,Banana - Green,Local,07/09/2026,2800,3000,2900
Tamil Nadu,Dharmapuri,Pennagaram(Uzhavar Sandhai ),Beans,Beans (Whole),Local,07/09/2026,7500,8000,7750
Tamil Nadu,Dharmapuri,Pennagaram(Uzhavar Sandhai ),Carrot,Pusakesar,Local,07/09/2026,7500,8000,7750
Tamil Nadu,Dharmapuri,Pennagaram(Uzhavar Sandhai ),Cucumbar(Kheera),Cucumbar,Local,07/09/2026,4200,4500,4350
Tamil Nadu,Dharmapuri,Pennagaram(Uzhavar Sandhai ),Guava,Guava Allahabad,Local,07/09/2026,5500,6000,5750
Tamil Nadu,Dindigul,Chinnalapatti(Uzhavar Sandhai ),Cauliflower,Ranchi,Local,07/09/2026,4000,5000,4500
Tamil Nadu,Dindigul,Chinnalapatti(Uzhavar Sandhai ),Brinjal,Other,Local,07/09/2026,5000,6000,5500
Tamil Nadu,Dindigul,Chinnalapatti(Uzhavar Sandhai ),Onion,Bellary,Local,07/09/2026,6000,6500,6250
Tamil Nadu,Dindigul,Chinnalapatti(Uzhavar Sandhai ),Green Avare(W),Other,Local,07/09/2026,7000,8000,7500
Tamil Nadu,Dindigul,Chinnalapatti(Uzhavar Sandhai ),Ridgeguard(Tori),Ridgeguard(Tori),Local,07/09/2026,6000,7000,6500
Tamil Nadu,Dindigul,Chinnalapatti(Uzhavar Sandhai ),Thondekai,Thondekai,Local,07/09/2026,3600,4000,3800
Tamil Nadu,Dindigul,Chinnalapatti(Uzhavar Sandhai ),Lemon,Lemon,Local,07/09/2026,4000,4500,4250
Tamil Nadu,Dindigul,Dindigul(Uzhavar Sandhai ),Green Avare(W),Green Avare (W),Local,07/09/2026,7000,8000,7500
Tamil Nadu,Dindigul,Dindigul(Uzhavar Sandhai ),Tomato,Deshi,Local,07/09/2026,2000,3000,2500
Tamil Nadu,Dindigul,Dindigul(Uzhavar Sandhai ),Bhindi(Ladies Finger),Bhindi,Local,07/09/2026,3000,4000,3500
Tamil Nadu,Dindigul,Dindigul(Uzhavar Sandhai ),Amaranthus,Amaranthus,Local,07/09/2026,2000,3000,2500
Tamil Nadu,Dindigul,Dindigul(Uzhavar Sandhai ),Banana,Besrai,Local,07/09/2026,8000,9000,8500
Tamil Nadu,Dindigul,Dindigul(Uzhavar Sandhai ),Ginger(Green),Green Ginger,Local,07/09/2026,15000,18000,16500
Tamil Nadu,Dindigul,Dindigul(Uzhavar Sandhai ),Snakeguard,Snakeguard,Local,07/09/2026,4000,5000,4500
Tamil Nadu,Dindigul,Dindigul(Uzhavar Sandhai ),Beetroot,Beetroot,Local,07/09/2026,7000,8000,7500
Tamil Nadu,Dindigul,Dindigul(Uzhavar Sandhai ),Capsicum,Capsicum,Local,07/09/2026,6000,7000,6500
Tamil Nadu,Dindigul,Dindigul(Uzhavar Sandhai ),Drumstick,Drumstick,Local,07/09/2026,2000,3000,2500
Tamil Nadu,Dindigul,Dindigul(Uzhavar Sandhai ),Tamarind Fruit,Tamarind Fruit,Local,07/09/2026,13000,15000,14000
Tamil Nadu,Dindigul,Dindigul(Uzhavar Sandhai ),Indian Beans(Seam),Indian Beans (Seam),Local,07/09/2026,6000,7000,6500
Tamil Nadu,Dindigul,Dindigul(Uzhavar Sandhai ),Mashrooms,Mashrooms,Local,07/09/2026,20000,22500,21250
Tamil Nadu,Dindigul,Dindigul(Uzhavar Sandhai ),Amla(Nelli Kai),Amla,Local,07/09/2026,5000,6000,5500
Tamil Nadu,Dindigul,Palani(Uzhavar Sandhai ),Coriander(Leaves),I Sort,Local,07/09/2026,4000,5000,4500
Tamil Nadu,Dindigul,Palani(Uzhavar Sandhai ),Bottle gourd,Bottle Gourd,Local,07/09/2026,1000,1400,1200
Tamil Nadu,Dindigul,Palani(Uzhavar Sandhai ),Green Chilli,Green Chilly,Local,07/09/2026,3000,4000,3500
Tamil Nadu,Dindigul,Palani(Uzhavar Sandhai ),Banana - Green,Banana - Green,Local,07/09/2026,3000,3600,3300
Tamil Nadu,Dindigul,Palani(Uzhavar Sandhai ),Banana,Red Banana,Local,07/09/2026,8000,9000,8500
Tamil Nadu,Dindigul,Palani(Uzhavar Sandhai ),Snakeguard,Snakeguard,Local,07/09/2026,1600,2000,1800
Tamil Nadu,Dindigul,Palani(Uzhavar Sandhai ),Ridgeguard(Tori),Ridgeguard(Tori),Local,07/09/2026,3000,5000,4000
Tamil Nadu,Dindigul,Palani(Uzhavar Sandhai ),Indian Beans(Seam),Indian Beans (Seam),Local,07/09/2026,7000,8000,7500
Tamil Nadu,Dindigul,Palani(Uzhavar Sandhai ),Mint(Pudina),Mint(Pudina),Local,07/09/2026,6000,7000,6500
Tamil Nadu,Erode,Periyar Nagar(Uzhavar Sandhai ),Papaya,Papaya,Local,07/09/2026,3000,3400,3200
Tamil Nadu,Erode,Periyar Nagar(Uzhavar Sandhai ),Cluster beans,Cluster Beans,Local,07/09/2026,2600,3000,2800
Tamil Nadu,Erode,Periyar Nagar(Uzhavar Sandhai ),Bottle gourd,Bottle Gourd,Local,07/09/2026,1800,2000,1900
Tamil Nadu,Erode,Periyar Nagar(Uzhavar Sandhai ),Bhindi(Ladies Finger),Bhindi,Local,07/09/2026,2200,2600,2400
Tamil Nadu,Erode,Periyar Nagar(Uzhavar Sandhai ),Green Chilli,Green Chilly,Local,07/09/2026,4000,4500,4250
Tamil Nadu,Erode,Periyar Nagar(Uzhavar Sandhai ),Banana - Green,Banana - Green,Local,07/09/2026,3000,3500,3250
Tamil Nadu,Erode,Periyar Nagar(Uzhavar Sandhai ),Snakeguard,Snakeguard,Local,07/09/2026,2400,2800,2600
Tamil Nadu,Erode,Periyar Nagar(Uzhavar Sandhai ),Drumstick,Drumstick,Local,07/09/2026,3000,3400,3200
Tamil Nadu,Kallakuruchi,Sankarapuram(Uzhavar Sandhai ),Potato,Red Nanital,Local,07/09/2026,3500,3500,3500
Tamil Nadu,Kallakuruchi,Sankarapuram(Uzhavar Sandhai ),Brinjal,Round,Local,07/09/2026,5000,5000,5000
Tamil Nadu,Kallakuruchi,Sankarapuram(Uzhavar Sandhai ),Chikoos(Sapota),Sapota,Local,07/09/2026,5000,5000,5000
Tamil Nadu,Kallakuruchi,Sankarapuram(Uzhavar Sandhai ),Bitter gourd,Bitter Gourd,Local,07/09/2026,7000,7000,7000
Tamil Nadu,Kallakuruchi,Sankarapuram(Uzhavar Sandhai ),Ashgourd,Gouard,Local,07/09/2026,3000,3000,3000
Tamil Nadu,Kallakuruchi,Sankarapuram(Uzhavar Sandhai ),Banana - Green,Banana - Green,Local,07/09/2026,3000,3000,3000
Tamil Nadu,Kallakuruchi,Sankarapuram(Uzhavar Sandhai ),Coconut,Coconut,Local,07/09/2026,6000,6000,6000
Tamil Nadu,Kallakuruchi,Sankarapuram(Uzhavar Sandhai ),Ridgeguard(Tori),Ridgeguard(Tori),Local,07/09/2026,4000,4000,4000
Tamil Nadu,Kallakuruchi,Sankarapuram(Uzhavar Sandhai ),Drumstick,Drumstick,Local,07/09/2026,3000,3000,3000
Tamil Nadu,Kallakuruchi,Sankarapuram(Uzhavar Sandhai ),Elephant Yam(Suran)/Amorphophallus,Elephant Yam (Suran),Local,07/09/2026,3000,3000,3000
Tamil Nadu,Kallakuruchi,Sankarapuram(Uzhavar Sandhai ),Yam(Ratalu),Yam (Ratalu),Local,07/09/2026,3000,3000,3000
Tamil Nadu,Kallakuruchi,Sankarapuram(Uzhavar Sandhai ),Lemon,Lemon,Local,07/09/2026,7000,7000,7000
Tamil Nadu,Kallakuruchi,Sankarapuram(Uzhavar Sandhai ),Onion Green,Onion Green,Local,07/09/2026,7000,7000,7000
Tamil Nadu,Kancheepuram,Kancheepuram(Uzhavar Sandhai ),Brinjal,Round,Local,07/09/2026,2500,4000,3250
Tamil Nadu,Kancheepuram,Kancheepuram(Uzhavar Sandhai ),Bhindi(Ladies Finger),Bhindi,Local,07/09/2026,2500,3000,2750
Tamil Nadu,Kancheepuram,Kancheepuram(Uzhavar Sandhai ),Banana - Green,Banana - Green,Local,07/09/2026,4000,5000,4500
Tamil Nadu,Kancheepuram,Kancheepuram(Uzhavar Sandhai ),Banana,Karpura,Local,07/09/2026,4000,5000,4500
Tamil Nadu,Kancheepuram,Kancheepuram(Uzhavar Sandhai ),Green Avare(W),Other,Local,07/09/2026,6000,7000,6500
Tamil Nadu,Kancheepuram,Kancheepuram(Uzhavar Sandhai ),Tender Coconut,Tender Coconut,Local,07/09/2026,2200,2800,2500
Tamil Nadu,Kancheepuram,Kancheepuram(Uzhavar Sandhai ),Sweet Corn ,Sweet Corn ,Local,07/09/2026,2000,3000,2500
Tamil Nadu,Kancheepuram,Kundrathur(Uzhavar Sandhai ),Beans,Beans (Whole),Local,07/09/2026,6500,6500,6500
Tamil Nadu,Kancheepuram,Kundrathur(Uzhavar Sandhai ),Onion,Bellary,Local,07/09/2026,5000,5000,5000
Tamil Nadu,Kancheepuram,Kundrathur(Uzhavar Sandhai ),Potato,Other,Local,07/09/2026,2800,2800,2800
Tamil Nadu,Kancheepuram,Kundrathur(Uzhavar Sandhai ),Drumstick,Drumstick,Local,07/09/2026,4000,4000,4000
Tamil Nadu,Kancheepuram,Padappai(Uzhavar Sandhai ),Potato,Other,Local,07/09/2026,2800,4000,3400
Tamil Nadu,Kancheepuram,Padappai(Uzhavar Sandhai ),Cauliflower,Ranchi,Local,07/09/2026,2500,3000,2750
Tamil Nadu,Kancheepuram,Padappai(Uzhavar Sandhai ),Brinjal,Other,Local,07/09/2026,2000,3000,2500
Tamil Nadu,Kancheepuram,Padappai(Uzhavar Sandhai ),Amaranthus,Amaranthus,Local,07/09/2026,3000,3500,3250
Tamil Nadu,Kancheepuram,Padappai(Uzhavar Sandhai ),Green Chilli,Green Chilly,Local,07/09/2026,2500,3500,3000
Tamil Nadu,Kancheepuram,Padappai(Uzhavar Sandhai ),Cabbage,Cabbage,Local,07/09/2026,2000,2500,2250
Tamil Nadu,Kancheepuram,Padappai(Uzhavar Sandhai ),Snakeguard,Snakeguard,Local,07/09/2026,2000,3000,2500
Tamil Nadu,Kancheepuram,Padappai(Uzhavar Sandhai ),Chow Chow,Chow Chow,Local,07/09/2026,3000,3500,3250
Tamil Nadu,Kancheepuram,Sunguvarchatram(Uzhavar Sandhai ),Green Chilli,Green Chilly,Local,07/09/2026,5000,5000,5000
Tamil Nadu,Kancheepuram,Sunguvarchatram(Uzhavar Sandhai ),Onion,Bellary,Local,07/09/2026,5000,5000,5000
Tamil Nadu,Kancheepuram,Sunguvarchatram(Uzhavar Sandhai ),Coconut,Coconut,Local,07/09/2026,5000,6000,5500
Tamil Nadu,Kancheepuram,Sunguvarchatram(Uzhavar Sandhai ),Beetroot,Beetroot,Local,07/09/2026,3500,3500,3500
Tamil Nadu,Krishnagiri,Avallapalli(Uzhavar Sandhai ),Coriander(Leaves),I Sort,Local,07/09/2026,5500,6000,5750
Tamil Nadu,Krishnagiri,Avallapalli(Uzhavar Sandhai ),Tomato,Deshi,Local,07/09/2026,2500,3000,2750
Tamil Nadu,Krishnagiri,Avallapalli(Uzhavar Sandhai ),Green Chilli,Green Chilly,Local,07/09/2026,4500,5000,4750
Tamil Nadu,Krishnagiri,Avallapalli(Uzhavar Sandhai ),Cowpea(Veg),Cowpea (Veg),Local,07/09/2026,5500,6000,5750
Tamil Nadu,Krishnagiri,Avallapalli(Uzhavar Sandhai ),Beans,Beans (Whole),Local,07/09/2026,6000,7000,6500
Tamil Nadu,Krishnagiri,Avallapalli(Uzhavar Sandhai ),Thondekai,Thondekai,Local,07/09/2026,2500,3000,2750
Tamil Nadu,Krishnagiri,Avallapalli(Uzhavar Sandhai ),Capsicum,Capsicum,Local,07/09/2026,3000,3500,3250
Tamil Nadu,Krishnagiri,Avallapalli(Uzhavar Sandhai ),Green Avare(W),Green Avare (W),Local,07/09/2026,5000,5500,5250
Tamil Nadu,Dharmapuri,Karimangalam(Uzhavar Sandhai),Green Avare(W),Other,Local,07/09/2026,4000,4500,4250
Tamil Nadu,Dharmapuri,Karimangalam(Uzhavar Sandhai),Tomato,Local,Local,07/09/2026,2300,2500,2400
Tamil Nadu,Dharmapuri,Karimangalam(Uzhavar Sandhai),Pumpkin,Pumpkin,Local,07/09/2026,1800,2000,1900
Tamil Nadu,Dharmapuri,Karimangalam(Uzhavar Sandhai),Green Chilli,Green Chilly,Local,07/09/2026,3800,4000,3900
Tamil Nadu,Dharmapuri,Karimangalam(Uzhavar Sandhai),Coconut,Coconut,Local,07/09/2026,6500,7000,6750
Tamil Nadu,Dharmapuri,Karimangalam(Uzhavar Sandhai),Ridgeguard(Tori),Ridgeguard(Tori),Local,07/09/2026,3800,4000,3900
Haryana,Ambala,Ambala City(Subji Mandi) APMC,Potato,Other,Local,07/09/2026,1000,1000,1000
Keralam,Thirssur,Karuvannur VFPCK Market,Banana,Nendra Bale,Grade A,07/09/2026,4500,5800,5500
Tamil Nadu,Krishnagiri,Denkanikottai(Uzhavar Sandhai ),Garlic,Garlic,Local,07/09/2026,22000,24000,23000
Tamil Nadu,Krishnagiri,Denkanikottai(Uzhavar Sandhai ),Brinjal,Round,Local,07/09/2026,2500,3000,2750
Tamil Nadu,Krishnagiri,Denkanikottai(Uzhavar Sandhai ),Banana - Green,Banana - Green,Local,07/09/2026,4000,4500,4250
Tamil Nadu,Krishnagiri,Denkanikottai(Uzhavar Sandhai ),Banana,Elakki Bale,Local,07/09/2026,6500,7000,6750
Tamil Nadu,Krishnagiri,Denkanikottai(Uzhavar Sandhai ),Sweet Potato,Hosur Red,Local,07/09/2026,5500,6000,5750
Tamil Nadu,Krishnagiri,Denkanikottai(Uzhavar Sandhai ),Snakeguard,Snakeguard,Local,07/09/2026,3000,3500,3250
Tamil Nadu,Krishnagiri,Denkanikottai(Uzhavar Sandhai ),Chow Chow,Chow Chow,Local,07/09/2026,2000,2500,2250
Tamil Nadu,Krishnagiri,Denkanikottai(Uzhavar Sandhai ),Knool Khol,Knool Khol,Local,07/09/2026,1200,1500,1350
Tamil Nadu,Krishnagiri,Denkanikottai(Uzhavar Sandhai ),Onion Green,Onion Green,Local,07/09/2026,8000,10000,9000
Tamil Nadu,Krishnagiri,Denkanikottai(Uzhavar Sandhai ),Mint(Pudina),Mint(Pudina),Local,07/09/2026,3500,4000,3750
Tamil Nadu,Krishnagiri,Hosur(Uzhavar Sandhai ),Coriander(Leaves),I Sort,Local,07/09/2026,5500,6000,5750
Tamil Nadu,Krishnagiri,Hosur(Uzhavar Sandhai ),Bottle gourd,Bottle Gourd,Local,07/09/2026,1500,2000,1750
Tamil Nadu,Krishnagiri,Hosur(Uzhavar Sandhai ),Groundnut,Big (With Shell),Local,07/09/2026,9000,10000,9500
Tamil Nadu,Krishnagiri,Hosur(Uzhavar Sandhai ),Grapes,Annabesahai,Local,07/09/2026,14000,16000,15000
Tamil Nadu,Krishnagiri,Hosur(Uzhavar Sandhai ),Onion,Bellary,Local,07/09/2026,6000,6500,6250
Tamil Nadu,Krishnagiri,Hosur(Uzhavar Sandhai ),Betal Leaves,Mysore,Local,07/09/2026,10000,12000,11000
Tamil Nadu,Krishnagiri,Hosur(Uzhavar Sandhai ),Snakeguard,Snakeguard,Local,07/09/2026,3000,3500,3250
Tamil Nadu,Krishnagiri,Hosur(Uzhavar Sandhai ),Drumstick,Drumstick,Local,07/09/2026,3000,3500,3250
Tamil Nadu,Krishnagiri,Hosur(Uzhavar Sandhai ),Karbuja(Musk Melon),Karbhuja,Local,07/09/2026,4500,5000,4750
Tamil Nadu,Krishnagiri,Hosur(Uzhavar Sandhai ),Pomegranate,Pomogranate,Local,07/09/2026,10000,12000,11000
Tamil Nadu,Krishnagiri,Hosur(Uzhavar Sandhai ),Onion Green,Onion Green,Local,07/09/2026,9000,10000,9500
Tamil Nadu,Krishnagiri,Hosur(Uzhavar Sandhai ),Tube Rose(Loose),Tube Rose (Loose),Local,07/09/2026,15000,20000,17500
Tamil Nadu,Madurai,Anaiyur(Uzhavar Sandhai ),Garlic,Garlic,Local,07/09/2026,12000,26000,19000
Tamil Nadu,Madurai,Anaiyur(Uzhavar Sandhai ),Bottle gourd,Bottle Gourd,Local,07/09/2026,2600,3000,2800
Tamil Nadu,Madurai,Anaiyur(Uzhavar Sandhai ),Groundnut,Big (With Shell),Local,07/09/2026,7000,8000,7500
Tamil Nadu,Madurai,Anaiyur(Uzhavar Sandhai ),Tapioca,Tapioca,Local,07/09/2026,3600,4000,3800
Tamil Nadu,Madurai,Anaiyur(Uzhavar Sandhai ),Apple,American,Local,07/09/2026,26000,27000,26500
Tamil Nadu,Madurai,Anaiyur(Uzhavar Sandhai ),Coconut,Coconut,Local,07/09/2026,6800,7000,6900
Tamil Nadu,Madurai,Anaiyur(Uzhavar Sandhai ),Green Avare(W),Green Avare (W),Local,07/09/2026,8000,9000,8500
Tamil Nadu,Madurai,Anaiyur(Uzhavar Sandhai ),Sweet Potato,Hosur Red,Local,07/09/2026,5500,6000,5750
Tamil Nadu,Madurai,Anaiyur(Uzhavar Sandhai ),Carrot,Pusakesar,Local,07/09/2026,4800,5000,4900
Tamil Nadu,Madurai,Anaiyur(Uzhavar Sandhai ),Cabbage,Cabbage,Local,07/09/2026,2600,3000,2800
Tamil Nadu,Madurai,Anaiyur(Uzhavar Sandhai ),Ridgeguard(Tori),Ridgeguard(Tori),Local,07/09/2026,5000,5500,5250
Tamil Nadu,Madurai,Anaiyur(Uzhavar Sandhai ),Capsicum,Capsicum,Local,07/09/2026,7000,8000,7500
Tamil Nadu,Madurai,Anaiyur(Uzhavar Sandhai ),Knool Khol,Knool Khol,Local,07/09/2026,3000,3600,3300
Tamil Nadu,Madurai,Anaiyur(Uzhavar Sandhai ),Pomegranate,Pomogranate,Local,07/09/2026,20000,22000,21000
Tamil Nadu,Madurai,Anaiyur(Uzhavar Sandhai ),Yam(Ratalu),Yam (Ratalu),Local,07/09/2026,6500,7000,6750
Tamil Nadu,Madurai,Anaiyur(Uzhavar Sandhai ),Sweet Corn ,Sweet Corn ,Local,07/09/2026,2000,2400,2200
Tamil Nadu,Madurai,Usilampatti(Uzhavar Sandhai ),Bitter gourd,Bitter Gourd,Local,07/09/2026,4500,5500,5000
Tamil Nadu,Madurai,Usilampatti(Uzhavar Sandhai ),Bottle gourd,Bottle Gourd,Local,07/09/2026,1600,2400,2000
Tamil Nadu,Madurai,Usilampatti(Uzhavar Sandhai ),Ashgourd,Gouard,Local,07/09/2026,1600,2000,1800
Tamil Nadu,Madurai,Usilampatti(Uzhavar Sandhai ),Bhindi(Ladies Finger),Bhindi,Local,07/09/2026,2800,3000,2900
Tamil Nadu,Madurai,Usilampatti(Uzhavar Sandhai ),Banana - Green,Banana - Green,Local,07/09/2026,2500,3000,2750
Tamil Nadu,Madurai,Usilampatti(Uzhavar Sandhai ),Indian Beans(Seam),Indian Beans (Seam),Local,07/09/2026,5500,6000,5750
Tamil Nadu,Nagapattinam,Sirkali(Uzhavar Sandhai ),Brinjal,Round,Local,07/09/2026,5000,5500,5250
Tamil Nadu,Nagapattinam,Sirkali(Uzhavar Sandhai ),Bottle gourd,Bottle Gourd,Local,07/09/2026,2500,3000,2750
Tamil Nadu,Nagapattinam,Sirkali(Uzhavar Sandhai ),Coconut,Coconut,Local,07/09/2026,3500,4000,3750
Tamil Nadu,Nagapattinam,Sirkali(Uzhavar Sandhai ),Tender Coconut,Tender Coconut,Local,07/09/2026,2000,2500,2250
Tamil Nadu,Nagapattinam,Sirkali(Uzhavar Sandhai ),Elephant Yam(Suran)/Amorphophallus,Elephant Yam (Suran),Local,07/09/2026,6500,7000,6750
Tamil Nadu,Nagapattinam,Sirkali(Uzhavar Sandhai ),Yam(Ratalu),Yam (Ratalu),Local,07/09/2026,5500,6000,5750
Tamil Nadu,Namakkal,Kumarapalayam(Uzhavar Sandhai ),Cauliflower,Ranchi,Local,07/09/2026,3000,4000,3500
Tamil Nadu,Namakkal,Kumarapalayam(Uzhavar Sandhai ),Papaya,Papaya,Local,07/09/2026,2500,3000,2750
Tamil Nadu,Namakkal,Kumarapalayam(Uzhavar Sandhai ),Banana,Red Banana,Local,07/09/2026,5500,6000,5750
Tamil Nadu,Namakkal,Kumarapalayam(Uzhavar Sandhai ),Carrot,Pusakesar,Local,07/09/2026,7500,8000,7750
Tamil Nadu,Namakkal,Kumarapalayam(Uzhavar Sandhai ),Cabbage,Cabbage,Local,07/09/2026,3600,4000,3800
Tamil Nadu,Namakkal,Kumarapalayam(Uzhavar Sandhai ),Tender Coconut,Tender Coconut,Local,07/09/2026,3000,3500,3250
Tamil Nadu,Namakkal,Kumarapalayam(Uzhavar Sandhai ),Baby Corn,Baby Corn,Grade A,07/09/2026,2500,3000,2750
Tamil Nadu,Namakkal,Mohanur(Uzhavar Sandhai ),Brinjal,Other,Local,07/09/2026,5200,6000,5600
Tamil Nadu,Namakkal,Mohanur(Uzhavar Sandhai ),Green Avare(W),Other,Local,07/09/2026,7400,8000,7700
Tamil Nadu,Namakkal,Mohanur(Uzhavar Sandhai ),Cabbage,Cabbage,Local,07/09/2026,3000,3500,3250
Tamil Nadu,Namakkal,Mohanur(Uzhavar Sandhai ),Beetroot,Beetroot,Local,07/09/2026,6400,7000,6700
Tamil Nadu,Namakkal,Mohanur(Uzhavar Sandhai ),Lemon,Lemon,Local,07/09/2026,11000,12000,11500
Tamil Nadu,Namakkal,Mohanur(Uzhavar Sandhai ),Onion Green,Onion Green,Local,07/09/2026,3000,8000,5500
Tamil Nadu,Namakkal,Namakkal(Uzhavar Sandhai ),Green Chilli,Green Chilly,Local,07/09/2026,5500,6000,5750
Tamil Nadu,Namakkal,Namakkal(Uzhavar Sandhai ),Ginger(Green),Green Ginger,Local,07/09/2026,15000,16000,15500
Tamil Nadu,Namakkal,Namakkal(Uzhavar Sandhai ),Green Avare(W),Other,Local,07/09/2026,8000,9000,8500
Tamil Nadu,Namakkal,Namakkal(Uzhavar Sandhai ),Beetroot,Beetroot,Local,07/09/2026,6000,7000,6500
Tamil Nadu,Namakkal,Namakkal(Uzhavar Sandhai ),Raddish,Raddish,Local,07/09/2026,3000,3600,3300
Tamil Nadu,Namakkal,Paramathivelur(Uzhavar Sandhai ),Green Avare(W),Green Avare (W),Local,07/09/2026,8000,9000,8500
Tamil Nadu,Namakkal,Paramathivelur(Uzhavar Sandhai ),Tender Coconut,Tender Coconut,Local,07/09/2026,3500,4000,3750
Tamil Nadu,Namakkal,Paramathivelur(Uzhavar Sandhai ),Lemon,Lemon,Local,07/09/2026,11000,12000,11500
Tamil Nadu,Namakkal,Paramathivelur(Uzhavar Sandhai ),Onion Green,Onion Green,Local,07/09/2026,7000,7500,7250
Tamil Nadu,Namakkal,Rasipuram(Uzhavar Sandhai ),Chili Red,Bold,Local,07/09/2026,17000,18000,17500
Tamil Nadu,Namakkal,Rasipuram(Uzhavar Sandhai ),Bottle gourd,Bottle Gourd,Local,07/09/2026,1500,2200,1850
Tamil Nadu,Namakkal,Rasipuram(Uzhavar Sandhai ),Green Chilli,Green Chilly,Local,07/09/2026,5400,6000,5700
Tamil Nadu,Namakkal,Rasipuram(Uzhavar Sandhai ),Groundnut,Big (With Shell),Local,07/09/2026,6500,7000,6750
Tamil Nadu,Namakkal,Rasipuram(Uzhavar Sandhai ),Banana,Red Banana,Local,07/09/2026,7000,7500,7250
Tamil Nadu,Namakkal,Rasipuram(Uzhavar Sandhai ),Onion,Bellary,Local,07/09/2026,6000,6500,6250
Tamil Nadu,Namakkal,Rasipuram(Uzhavar Sandhai ),Snakeguard,Snakeguard,Local,07/09/2026,4500,5000,4750
Tamil Nadu,Namakkal,Rasipuram(Uzhavar Sandhai ),Ridgeguard(Tori),Ridgeguard(Tori),Local,07/09/2026,5000,5500,5250
Tamil Nadu,Namakkal,Rasipuram(Uzhavar Sandhai ),Green Avare(W),Other,Local,07/09/2026,6500,8500,7500
Tamil Nadu,Namakkal,Rasipuram(Uzhavar Sandhai ),Onion Green,Onion Green,Local,07/09/2026,5400,8000,6700
Tamil Nadu,Thanjavur,Tirukattupalli(Uzhavar Sandhai ),Potato,Red Nanital,Local,07/09/2026,3000,3000,3000
Tamil Nadu,Thanjavur,Tirukattupalli(Uzhavar Sandhai ),Green Avare(W),Green Avare (W),Local,07/09/2026,5000,6400,5700
Tamil Nadu,Thanjavur,Tirukattupalli(Uzhavar Sandhai ),Bitter gourd,Bitter Gourd,Local,07/09/2026,5000,6000,5500
Tamil Nadu,Thanjavur,Tirukattupalli(Uzhavar Sandhai ),Pumpkin,Pumpkin,Local,07/09/2026,2000,2000,2000
Tamil Nadu,Thanjavur,Tirukattupalli(Uzhavar Sandhai ),Coconut,Coconut,Local,07/09/2026,6000,6000,6000
Tamil Nadu,Madurai,Palanganatham(Uzhavar Sandhai ),Garlic,Garlic,Local,07/09/2026,13000,27000,20000
Tamil Nadu,Madurai,Palanganatham(Uzhavar Sandhai ),Mousambi(Sweet Lime),Mousambi,Local,07/09/2026,6000,7000,6500
Tamil Nadu,Madurai,Palanganatham(Uzhavar Sandhai ),Bitter gourd,Bitter Gourd,Local,07/09/2026,5000,6500,5750
Tamil Nadu,Madurai,Palanganatham(Uzhavar Sandhai ),Amaranthus,Amaranthus,Local,07/09/2026,3000,3600,3300
Tamil Nadu,Madurai,Palanganatham(Uzhavar Sandhai ),Banana - Green,Banana - Green,Local,07/09/2026,1500,2000,1750
Tamil Nadu,Madurai,Palanganatham(Uzhavar Sandhai ),Apple,American,Local,07/09/2026,20000,27000,23500
Tamil Nadu,Madurai,Palanganatham(Uzhavar Sandhai ),Betal Leaves,Mysore,Local,07/09/2026,20000,28000,24000
Tamil Nadu,Madurai,Palanganatham(Uzhavar Sandhai ),Chow Chow,Chow Chow,Local,07/09/2026,2000,2500,2250
Tamil Nadu,Madurai,Palanganatham(Uzhavar Sandhai ),Pomegranate,Pomogranate,Local,07/09/2026,18000,22000,20000
Tamil Nadu,Madurai,Palanganatham(Uzhavar Sandhai ),Lemon,Lemon,Local,07/09/2026,20000,24000,22000
Tamil Nadu,Madurai,Anna nagar(Uzhavar Sandhai ),Bottle gourd,Bottle Gourd,Local,07/09/2026,2000,2600,2300
Tamil Nadu,Madurai,Anna nagar(Uzhavar Sandhai ),Cowpea(Veg),Cowpea (Veg),Local,07/09/2026,3600,4000,3800
Tamil Nadu,Madurai,Anna nagar(Uzhavar Sandhai ),Apple,American,Local,07/09/2026,19000,24000,21500
Tamil Nadu,Madurai,Anna nagar(Uzhavar Sandhai ),Pineapple,Pine Apple,Local,07/09/2026,8000,8000,8000
Tamil Nadu,Madurai,Anna nagar(Uzhavar Sandhai ),Raddish,Raddish,Local,07/09/2026,3000,3600,3300
Tamil Nadu,Madurai,Anna nagar(Uzhavar Sandhai ),Knool Khol,Knool Khol,Local,07/09/2026,3600,3600,3600
Tamil Nadu,Madurai,Anna nagar(Uzhavar Sandhai ),Karbuja(Musk Melon),Karbhuja,Local,07/09/2026,5500,5500,5500
Tamil Nadu,Madurai,Anna nagar(Uzhavar Sandhai ),Elephant Yam(Suran)/Amorphophallus,Elephant Yam (Suran),Local,07/09/2026,3800,4000,3900
Tamil Nadu,Madurai,Anna nagar(Uzhavar Sandhai ),Amla(Nelli Kai),Amla,Local,07/09/2026,8000,9000,8500
Tamil Nadu,Madurai,Anna nagar(Uzhavar Sandhai ),Mint(Pudina),Mint(Pudina),Local,07/09/2026,5600,5600,5600
Tamil Nadu,Perambalur,Perambalur(Uzhavar Sandhai ),Brinjal,Other,Local,07/09/2026,4400,4800,4600
Tamil Nadu,Perambalur,Perambalur(Uzhavar Sandhai ),Mousambi(Sweet Lime),Mousambi,Local,07/09/2026,8000,9000,8500
Tamil Nadu,Perambalur,Perambalur(Uzhavar Sandhai ),Tomato,Deshi,Local,07/09/2026,3000,3400,3200
Tamil Nadu,Perambalur,Perambalur(Uzhavar Sandhai ),Bitter gourd,Bitter Gourd,Local,07/09/2026,5600,6000,5800
Tamil Nadu,Perambalur,Perambalur(Uzhavar Sandhai ),Bhindi(Ladies Finger),Bhindi,Local,07/09/2026,4000,4400,4200
Tamil Nadu,Perambalur,Perambalur(Uzhavar Sandhai ),Green Chilli,Green Chilly,Local,07/09/2026,5000,5400,5200
Tamil Nadu,Perambalur,Perambalur(Uzhavar Sandhai ),Banana - Green,Banana - Green,Local,07/09/2026,3000,4000,3500
Tamil Nadu,Perambalur,Perambalur(Uzhavar Sandhai ),Sweet Potato,Hosur Red,Local,07/09/2026,5800,6400,6100
Tamil Nadu,Perambalur,Perambalur(Uzhavar Sandhai ),Snakeguard,Snakeguard,Local,07/09/2026,3000,3200,3100
Tamil Nadu,Perambalur,Perambalur(Uzhavar Sandhai ),Ridgeguard(Tori),Ridgeguard(Tori),Local,07/09/2026,5600,6000,5800
Tamil Nadu,Salem,Mecheri(Uzhavar Sandhai),Bottle gourd,Bottle Gourd,Local,07/09/2026,2000,2500,2250
Tamil Nadu,Ranipet,Ranipettai(Uzhavar Sandhai ),Papaya,Papaya,Local,07/09/2026,5000,5000,5000
Tamil Nadu,Ranipet,Ranipettai(Uzhavar Sandhai ),Bottle gourd,Bottle Gourd,Local,07/09/2026,1800,2000,1900
Tamil Nadu,Ranipet,Ranipettai(Uzhavar Sandhai ),Ashgourd,Gouard,Local,07/09/2026,2500,3000,2750
Tamil Nadu,Ranipet,Ranipettai(Uzhavar Sandhai ),Pumpkin,Pumpkin,Local,07/09/2026,2500,2500,2500
Tamil Nadu,Ranipet,Ranipettai(Uzhavar Sandhai ),Coconut,Coconut,Local,07/09/2026,5000,6000,5500
Tamil Nadu,Ranipet,Ranipettai(Uzhavar Sandhai ),Carrot,Pusakesar,Local,07/09/2026,5000,5000,5000
Tamil Nadu,Ranipet,Ranipettai(Uzhavar Sandhai ),Mango(Raw-Ripe),Mango - Raw-Ripe,Local,07/09/2026,8000,10000,9000
Tamil Nadu,Ranipet,Ranipettai(Uzhavar Sandhai ),Knool Khol,Knool Khol,Local,07/09/2026,3000,3000,3000
Tamil Nadu,Ranipet,Ranipettai(Uzhavar Sandhai ),Guava,Guava Allahabad,Local,07/09/2026,6000,8000,7000
Tamil Nadu,Ranipet,Ranipettai(Uzhavar Sandhai ),Lemon,Lemon,Local,07/09/2026,16000,20000,18000
Tamil Nadu,Ranipet,Ranipettai(Uzhavar Sandhai ),Mint(Pudina),Mint(Pudina),Local,07/09/2026,3000,3000,3000
Tamil Nadu,Salem,Ammapet(Uzhavar Sandhai ),Cluster beans,Cluster Beans,Local,07/09/2026,3200,3500,3350
Tamil Nadu,Salem,Ammapet(Uzhavar Sandhai ),Green Chilli,Green Chilly,Local,07/09/2026,3600,3800,3700
Tamil Nadu,Salem,Ammapet(Uzhavar Sandhai ),Elephant Yam(Suran)/Amorphophallus,Elephant Yam (Suran),Local,07/09/2026,3600,4000,3800
Tamil Nadu,Salem,Ammapet(Uzhavar Sandhai ),Onion Green,Onion Green,Local,07/09/2026,6000,6400,6200
Tamil Nadu,Salem,Ammapet(Uzhavar Sandhai ),Mint(Pudina),Mint(Pudina),Local,07/09/2026,2800,3000,2900
Tamil Nadu,Salem,Mettur(Uzhavar Sandhai ),Brinjal,Other,Local,07/09/2026,3000,3500,3250
Tamil Nadu,Salem,Mettur(Uzhavar Sandhai ),Pumpkin,Pumpkin,Local,07/09/2026,1500,2000,1750
Tamil Nadu,Salem,Mettur(Uzhavar Sandhai ),Bhindi(Ladies Finger),Bhindi,Local,07/09/2026,2000,2500,2250
Tamil Nadu,Salem,Mettur(Uzhavar Sandhai ),Carrot,Pusakesar,Local,07/09/2026,6500,7000,6750
Tamil Nadu,Salem,Mettur(Uzhavar Sandhai ),Capsicum,Capsicum,Local,07/09/2026,6500,7000,6750
Tamil Nadu,Salem,Sooramangalam(Uzhavar Sandhai ),Brinjal,Round,Local,07/09/2026,2800,3200,3000
Tamil Nadu,Salem,Sooramangalam(Uzhavar Sandhai ),Green Peas,Green Peas,Local,07/09/2026,12500,13000,12750
Tamil Nadu,Salem,Sooramangalam(Uzhavar Sandhai ),Banana,Red Banana,Local,07/09/2026,7000,7500,7250
Tamil Nadu,Salem,Sooramangalam(Uzhavar Sandhai ),Green Avare(W),Green Avare (W),Local,07/09/2026,5600,6500,6050
Tamil Nadu,Salem,Sooramangalam(Uzhavar Sandhai ),Snakeguard,Snakeguard,Local,07/09/2026,3400,3600,3500
Tamil Nadu,Salem,Sooramangalam(Uzhavar Sandhai ),Rose(Local),Rose (Local),Local,07/09/2026,7500,8000,7750
Tamil Nadu,Salem,Sooramangalam(Uzhavar Sandhai ),Baby Corn,Baby Corn,Grade A,07/09/2026,2500,3000,2750
Tamil Nadu,Thiruchirappalli,Thuraiyur APMC,Potato,Other,Local,07/09/2026,2500,3000,2750
Tamil Nadu,Thiruchirappalli,Thuraiyur APMC,Cauliflower,Ranchi,Local,07/09/2026,4000,5000,4500
Tamil Nadu,Thiruchirappalli,Thuraiyur APMC,Papaya,Papaya,Local,07/09/2026,3000,4000,3500
Tamil Nadu,Thiruchirappalli,Thuraiyur APMC,Bottle gourd,Bottle Gourd,Local,07/09/2026,2500,3000,2750
Tamil Nadu,Thiruchirappalli,Thuraiyur APMC,Bhindi(Ladies Finger),Bhindi,Local,07/09/2026,3000,3500,3250
Tamil Nadu,Thiruchirappalli,Thuraiyur APMC,Amaranthus,Amaranthus,Local,07/09/2026,1500,2000,1750
Tamil Nadu,Thiruchirappalli,Thuraiyur APMC,Green Chilli,Green Chilly,Local,07/09/2026,3600,4200,3900
Tamil Nadu,Thiruchirappalli,Thuraiyur APMC,Cowpea(Veg),Cowpea (Veg),Local,07/09/2026,4000,4500,4250
Tamil Nadu,Thiruchirappalli,Thuraiyur APMC,Onion,Bellary,Local,07/09/2026,5500,6500,6000
Tamil Nadu,Thiruchirappalli,Thuraiyur APMC,Snakeguard,Snakeguard,Local,07/09/2026,4000,4500,4250
Tamil Nadu,Thiruchirappalli,Thuraiyur APMC,Beetroot,Beetroot,Local,07/09/2026,3500,4000,3750
Tamil Nadu,Salem,Thammampatti (Uzhavar Sandhai ),Garlic,Garlic,Local,07/09/2026,24000,28000,26000
Tamil Nadu,Salem,Thammampatti (Uzhavar Sandhai ),Pumpkin,Pumpkin,Local,07/09/2026,2000,2000,2000
Tamil Nadu,Salem,Thammampatti (Uzhavar Sandhai ),Bhindi(Ladies Finger),Bhindi,Local,07/09/2026,2500,2800,2650
Tamil Nadu,Salem,Thammampatti (Uzhavar Sandhai ),Amaranthus,Amaranthus,Local,07/09/2026,2000,2500,2250
Tamil Nadu,Salem,Thammampatti (Uzhavar Sandhai ),Green Chilli,Green Chilly,Local,07/09/2026,3500,4000,3750
Tamil Nadu,Salem,Thammampatti (Uzhavar Sandhai ),Beans,Beans (Whole),Local,07/09/2026,7000,8000,7500
Tamil Nadu,Salem,Thathakapatti(Uzhavar Sandhai ),Green Chilli,Green Chilly,Local,07/09/2026,3800,4000,3900
Tamil Nadu,Salem,Thathakapatti(Uzhavar Sandhai ),Beans,Beans (Whole),Local,07/09/2026,7400,8000,7700
Tamil Nadu,Salem,Thathakapatti(Uzhavar Sandhai ),Snakeguard,Snakeguard,Local,07/09/2026,2500,3000,2750
Tamil Nadu,Salem,Thathakapatti(Uzhavar Sandhai ),Beetroot,Beetroot,Local,07/09/2026,6000,6600,6300
Tamil Nadu,Salem,Thathakapatti(Uzhavar Sandhai ),Lime,Lime,Local,07/09/2026,3500,4000,3750
Tamil Nadu,Salem,Thathakapatti(Uzhavar Sandhai ),Elephant Yam(Suran)/Amorphophallus,Elephant Yam (Suran),Local,07/09/2026,5000,5500,5250
Tamil Nadu,Salem,Thathakapatti(Uzhavar Sandhai ),Lemon,Lemon,Local,07/09/2026,18000,20000,19000
Tamil Nadu,Salem,Thathakapatti(Uzhavar Sandhai ),Custard Apple(Sharifa),Custard Apple(Sharifa),Local,07/09/2026,4000,5000,4500
Tamil Nadu,Salem,Thathakapatti(Uzhavar Sandhai ),Mint(Pudina),Mint(Pudina),Local,07/09/2026,3000,3400,3200
Tamil Nadu,Theni,Chinnamanur(Uzhavar Sandhai ),Bottle gourd,Bottle Gourd,Local,07/09/2026,2000,2000,2000
Tamil Nadu,Theni,Chinnamanur(Uzhavar Sandhai ),Snakeguard,Snakeguard,Local,07/09/2026,2000,2000,2000
Tamil Nadu,Theni,Chinnamanur(Uzhavar Sandhai ),Beetroot,Beetroot,Local,07/09/2026,3000,3000,3000
Tamil Nadu,Theni,Chinnamanur(Uzhavar Sandhai ),Ridgeguard(Tori),Ridgeguard(Tori),Local,07/09/2026,3600,3600,3600
Tamil Nadu,Theni,Chinnamanur(Uzhavar Sandhai ),Capsicum,Capsicum,Local,07/09/2026,5000,5000,5000
Tamil Nadu,Theni,Chinnamanur(Uzhavar Sandhai ),Lemon,Lemon,Local,07/09/2026,15000,23000,19000
Tamil Nadu,Theni,Chinnamanur(Uzhavar Sandhai ),Colacasia,Colacasia,Local,07/09/2026,5000,5000,5000
Tamil Nadu,Theni,Kambam(Uzhavar Sandhai ),Potato,Other,Local,07/09/2026,2800,2800,2800
Tamil Nadu,Theni,Kambam(Uzhavar Sandhai ),Tomato,Deshi,Local,07/09/2026,2600,2600,2600
Tamil Nadu,Theni,Kambam(Uzhavar Sandhai ),Cowpea(Veg),Cowpea (Veg),Local,07/09/2026,3600,6000,4800
Tamil Nadu,Theni,Kambam(Uzhavar Sandhai ),Coconut,Coconut,Local,07/09/2026,5500,5500,5500
Tamil Nadu,Theni,Kambam(Uzhavar Sandhai ),Betal Leaves,Mysore,Local,07/09/2026,24000,24000,24000
Tamil Nadu,Theni,Kambam(Uzhavar Sandhai ),Raddish,Raddish,Local,07/09/2026,2000,2000,2000
Tamil Nadu,Theni,Kambam(Uzhavar Sandhai ),Lime,Lime,Local,07/09/2026,12000,12000,12000
Tamil Nadu,Theni,Kambam(Uzhavar Sandhai ),Onion Green,Onion Green,Local,07/09/2026,6500,7500,7000
Tamil Nadu,Theni,Theni(Uzhavar Sandhai ),Water Melon,Water Melon,Local,07/09/2026,2500,2500,2500
Tamil Nadu,Theni,Theni(Uzhavar Sandhai ),Bottle gourd,Bottle Gourd,Local,07/09/2026,1000,1500,1250
Tamil Nadu,Theni,Theni(Uzhavar Sandhai ),Banana - Green,Banana - Green,Local,07/09/2026,3000,3500,3250
Tamil Nadu,Theni,Theni(Uzhavar Sandhai ),Soyabean,Local,Local,07/09/2026,10000,10500,10250
Tamil Nadu,Theni,Theni(Uzhavar Sandhai ),Orange,Darjeeling,Local,07/09/2026,12000,16000,14000
Tamil Nadu,Theni,Theni(Uzhavar Sandhai ),Pineapple,Pine Apple,Local,07/09/2026,8000,8000,8000
Tamil Nadu,Theni,Theni(Uzhavar Sandhai ),Grapes,Annabesahai,Local,07/09/2026,12000,12000,12000
Tamil Nadu,Theni,Theni(Uzhavar Sandhai ),Coconut,Coconut,Local,07/09/2026,5600,5600,5600
Tamil Nadu,Theni,Theni(Uzhavar Sandhai ),Cabbage,Cabbage,Local,07/09/2026,2500,2500,2500
Tamil Nadu,Theni,Theni(Uzhavar Sandhai ),Lime,Lime,Local,07/09/2026,8000,12000,10000
Tamil Nadu,Theni,Theni(Uzhavar Sandhai ),Karbuja(Musk Melon),Karbhuja,Local,07/09/2026,6000,6000,6000
Tamil Nadu,Theni,Theni(Uzhavar Sandhai ),Yam(Ratalu),Yam (Ratalu),Local,07/09/2026,6000,6000,6000
Tamil Nadu,Theni,Theni(Uzhavar Sandhai ),Turnip,Turnip,Local,07/09/2026,4800,4800,4800
Tamil Nadu,Thirunelveli,Ambasamudram(Uzhavar Sandhai ),Coriander(Leaves),I Sort,Local,07/09/2026,3300,4000,3650
Tamil Nadu,Thirunelveli,Ambasamudram(Uzhavar Sandhai ),Ashgourd,Gouard,Local,07/09/2026,1000,1200,1100
Tamil Nadu,Thirunelveli,Ambasamudram(Uzhavar Sandhai ),Bhindi(Ladies Finger),Bhindi,Local,07/09/2026,2100,2500,2300
Tamil Nadu,Thirunelveli,Kandiyaperi(Uzhavar Sandhai ),Coriander(Leaves),I Sort,Local,07/09/2026,3500,4000,3750
Tamil Nadu,Thirunelveli,Melapalayam(Uzhavar Sandhai ),Garlic,Garlic,Local,07/09/2026,24000,27000,25500
Tamil Nadu,Thirunelveli,Melapalayam(Uzhavar Sandhai ),Brinjal,Other,Local,07/09/2026,2500,3000,2750
Tamil Nadu,Thirunelveli,Melapalayam(Uzhavar Sandhai ),Green Avare(W),Other,Local,07/09/2026,6500,7000,6750
Tamil Nadu,Thirunelveli,Melapalayam(Uzhavar Sandhai ),Tomato,Other,Local,07/09/2026,2600,2800,2700
Tamil Nadu,Thirunelveli,Melapalayam(Uzhavar Sandhai ),Bhindi(Ladies Finger),Bhindi,Local,07/09/2026,2000,2500,2250
Tamil Nadu,Thirunelveli,Melapalayam(Uzhavar Sandhai ),Banana - Green,Banana - Green,Local,07/09/2026,2500,3000,2750
Tamil Nadu,Thirunelveli,Melapalayam(Uzhavar Sandhai ),Cabbage,Cabbage,Local,07/09/2026,2800,3000,2900
Tamil Nadu,Thirunelveli,Melapalayam(Uzhavar Sandhai ),Beetroot,Beetroot,Local,07/09/2026,3200,5000,4100
Tamil Nadu,Thirunelveli,Melapalayam(Uzhavar Sandhai ),Capsicum,Capsicum,Local,07/09/2026,4500,5000,4750
Tamil Nadu,Thirunelveli,Melapalayam(Uzhavar Sandhai ),Chow Chow,Chow Chow,Local,07/09/2026,2500,3000,2750
Tamil Nadu,Thirunelveli,Melapalayam(Uzhavar Sandhai ),Drumstick,Drumstick,Local,07/09/2026,2800,3000,2900
Tamil Nadu,Thirunelveli,Melapalayam(Uzhavar Sandhai ),Mango(Raw-Ripe),Mango - Raw-Ripe,Local,07/09/2026,6000,7000,6500
Tamil Nadu,Thirunelveli,Melapalayam(Uzhavar Sandhai ),Elephant Yam(Suran)/Amorphophallus,Elephant Yam (Suran),Local,07/09/2026,3600,4000,3800
Tamil Nadu,Thirunelveli,NGO Colony(Uzhavar Sandhai ),Coriander(Leaves),I Sort,Local,07/09/2026,3500,4000,3750
Tamil Nadu,Thirunelveli,NGO Colony(Uzhavar Sandhai ),Cluster beans,Cluster Beans,Local,07/09/2026,1200,2000,1600
Tamil Nadu,Thirunelveli,NGO Colony(Uzhavar Sandhai ),Bitter gourd,Bitter Gourd,Local,07/09/2026,5000,5500,5250
Tamil Nadu,Thirunelveli,NGO Colony(Uzhavar Sandhai ),Ashgourd,Gouard,Local,07/09/2026,1000,1200,1100
Tamil Nadu,Thirunelveli,NGO Colony(Uzhavar Sandhai ),Amaranthus,Amaranthus,Local,07/09/2026,1000,1500,1250
Tamil Nadu,Thirunelveli,NGO Colony(Uzhavar Sandhai ),Green Chilli,Green Chilly,Local,07/09/2026,3000,3600,3300
Tamil Nadu,Thirunelveli,NGO Colony(Uzhavar Sandhai ),Carrot,Pusakesar,Local,07/09/2026,4500,5800,5150
Tamil Nadu,Thirunelveli,NGO Colony(Uzhavar Sandhai ),Green Avare(W),Green Avare (W),Local,07/09/2026,5500,6000,5750
Tamil Nadu,Thirunelveli,NGO Colony(Uzhavar Sandhai ),Lemon,Lemon,Local,07/09/2026,18000,20000,19000
Tamil Nadu,Thirunelveli,Palayamkottai(Uzhavar Sandhai ),Cauliflower,Ranchi,Local,07/09/2026,4400,4600,4500
Tamil Nadu,Thirunelveli,Palayamkottai(Uzhavar Sandhai ),Cluster beans,Cluster Beans,Local,07/09/2026,1800,2000,1900
Tamil Nadu,Thirunelveli,Palayamkottai(Uzhavar Sandhai ),Grapes,Annabesahai,Local,07/09/2026,11000,12000,11500
Tamil Nadu,Thirunelveli,Palayamkottai(Uzhavar Sandhai ),Sweet Potato,Hosur Red,Local,07/09/2026,5500,6000,5750
Tamil Nadu,Thirunelveli,Palayamkottai(Uzhavar Sandhai ),Ridgeguard(Tori),Ridgeguard(Tori),Local,07/09/2026,3500,4000,3750
Tamil Nadu,Thirunelveli,Palayamkottai(Uzhavar Sandhai ),Raddish,Raddish,Local,07/09/2026,3000,3500,3250
Tamil Nadu,Thirunelveli,Palayamkottai(Uzhavar Sandhai ),Drumstick,Drumstick,Local,07/09/2026,2800,3000,2900
Tamil Nadu,Thirunelveli,Palayamkottai(Uzhavar Sandhai ),Elephant Yam(Suran)/Amorphophallus,Elephant Yam (Suran),Local,07/09/2026,3600,4000,3800
Tamil Nadu,Thirunelveli,Palayamkottai(Uzhavar Sandhai ),Amla(Nelli Kai),Amla,Local,07/09/2026,5000,6500,5750
Tamil Nadu,Thirupur,Kangayam(Uzhavar Sandhai ),Bhindi(Ladies Finger),Bhindi,Local,07/09/2026,5200,5500,5350
Tamil Nadu,Thirupur,Kangayam(Uzhavar Sandhai ),Banana - Green,Banana - Green,Local,07/09/2026,2500,2800,2650
Tamil Nadu,Thirupur,Kangayam(Uzhavar Sandhai ),Banana,Besrai,Local,07/09/2026,3900,4200,4050
Tamil Nadu,Thirupur,Kangayam(Uzhavar Sandhai ),Ridgeguard(Tori),Ridgeguard(Tori),Local,07/09/2026,5200,5500,5350
Tamil Nadu,Thirupur,Kangayam(Uzhavar Sandhai ),Mint(Pudina),Mint(Pudina),Local,07/09/2026,4300,4600,4450
Tamil Nadu,Thirupur,Tiruppur (North) (Uzhavar Sandhai ),Amaranthus,Amaranthus,Local,07/09/2026,2000,2600,2300
Tamil Nadu,Thirupur,Tiruppur (North) (Uzhavar Sandhai ),Cowpea(Veg),Cowpea (Veg),Local,07/09/2026,3000,3600,3300
Tamil Nadu,Thirupur,Tiruppur (North) (Uzhavar Sandhai ),Onion,Bellary,Local,07/09/2026,5500,6000,5750
Tamil Nadu,Thiruvannamalai,Chengam(Uzhavar Sandhai ),Brinjal,Round,Local,07/09/2026,3600,4000,3800
Tamil Nadu,Thiruvannamalai,Chengam(Uzhavar Sandhai ),Coriander(Leaves),I Sort,Local,07/09/2026,3600,4000,3800
Tamil Nadu,Thiruvannamalai,Chengam(Uzhavar Sandhai ),Green Chilli,Green Chilly,Local,07/09/2026,5000,6000,5500
Tamil Nadu,Thiruvannamalai,Chengam(Uzhavar Sandhai ),Green Avare(W),Green Avare (W),Local,07/09/2026,7000,8000,7500
Tamil Nadu,Thiruvannamalai,Chengam(Uzhavar Sandhai ),Guava,Guava Allahabad,Local,07/09/2026,5000,6000,5500
Tamil Nadu,Thiruvannamalai,Chengam(Uzhavar Sandhai ),Amla(Nelli Kai),Amla,Local,07/09/2026,8000,10000,9000
Tamil Nadu,Thiruvannamalai,Chengam(Uzhavar Sandhai ),Onion Green,Onion Green,Local,07/09/2026,7000,8000,7500
Tamil Nadu,Thiruvannamalai,Chengam(Uzhavar Sandhai ),Mint(Pudina),Mint(Pudina),Local,07/09/2026,3600,4000,3800
Tamil Nadu,Thiruvannamalai,Keelpennathur(Uzhavar Sandhai ),Onion,Bellary,Local,07/09/2026,5500,6000,5750
Tamil Nadu,Thiruvannamalai,Keelpennathur(Uzhavar Sandhai ),Rose(Local),Rose (Local),Local,07/09/2026,20000,23000,21500
Tamil Nadu,Thiruvannamalai,Tamarainagar(Uzhavar Sandhai ),Papaya,Papaya,Local,07/09/2026,3500,4000,3750
Tamil Nadu,Thiruvannamalai,Tamarainagar(Uzhavar Sandhai ),Ashgourd,Gouard,Local,07/09/2026,2500,3000,2750
Tamil Nadu,Thiruvannamalai,Tamarainagar(Uzhavar Sandhai ),Banana,Besrai,Local,07/09/2026,5000,6000,5500
Tamil Nadu,Thiruvannamalai,Tamarainagar(Uzhavar Sandhai ),Sweet Potato,Hosur Red,Local,07/09/2026,5000,6000,5500
Tamil Nadu,Thiruvannamalai,Tamarainagar(Uzhavar Sandhai ),Lime,Lime,Local,07/09/2026,4000,5000,4500
Tamil Nadu,Thiruvannamalai,Tamarainagar(Uzhavar Sandhai ),Elephant Yam(Suran)/Amorphophallus,Elephant Yam (Suran),Local,07/09/2026,5000,6000,5500
Tamil Nadu,Thiruvannamalai,Tamarainagar(Uzhavar Sandhai ),Rose(Local),Rose (Local),Local,07/09/2026,15000,20000,17500
Tamil Nadu,Thiruvannamalai,Vandavasi(Uzhavar Sandhai ),Potato,Other,Local,07/09/2026,3000,3500,3250
Tamil Nadu,Thiruvannamalai,Vandavasi(Uzhavar Sandhai ),Brinjal,Other,Local,07/09/2026,4000,5000,4500
Tamil Nadu,Thiruvannamalai,Vandavasi(Uzhavar Sandhai ),Bottle gourd,Bottle Gourd,Local,07/09/2026,1600,2000,1800
Tamil Nadu,Thiruvannamalai,Vandavasi(Uzhavar Sandhai ),Ashgourd,Gouard,Local,07/09/2026,2000,2500,2250
Tamil Nadu,Thiruvannamalai,Vandavasi(Uzhavar Sandhai ),Pumpkin,Pumpkin,Local,07/09/2026,2500,3000,2750
Tamil Nadu,Thiruvannamalai,Vandavasi(Uzhavar Sandhai ),Amaranthus,Amaranthus,Local,07/09/2026,2500,3000,2750
Tamil Nadu,Thiruvannamalai,Vandavasi(Uzhavar Sandhai ),Banana - Green,Banana - Green,Local,07/09/2026,1600,2000,1800
Tamil Nadu,Thiruvannamalai,Vandavasi(Uzhavar Sandhai ),Snakeguard,Snakeguard,Local,07/09/2026,2500,3000,2750
Tamil Nadu,Thiruvannamalai,Vandavasi(Uzhavar Sandhai ),Beetroot,Beetroot,Local,07/09/2026,3600,4200,3900
Tamil Nadu,Thiruvannamalai,Vandavasi(Uzhavar Sandhai ),Green Avare(W),Other,Local,07/09/2026,5000,6000,5500
Tamil Nadu,Thiruvannamalai,Vandavasi(Uzhavar Sandhai ),Chow Chow,Chow Chow,Local,07/09/2026,2500,3000,2750
Tamil Nadu,Thiruvannamalai,Vandavasi(Uzhavar Sandhai ),Knool Khol,Knool Khol,Local,07/09/2026,2500,3000,2750
Tamil Nadu,Thiruvannamalai,Vandavasi(Uzhavar Sandhai ),Lemon,Lemon,Local,07/09/2026,10000,12000,11000
Tamil Nadu,Thiruvannamalai,Vandavasi(Uzhavar Sandhai ),Colacasia,Colacasia,Local,07/09/2026,3600,4200,3900
Tamil Nadu,Thiruvarur,Muthupettai(Uzhavar Sandhai ),Bhindi(Ladies Finger),Bhindi,Local,07/09/2026,3400,3400,3400
Tamil Nadu,Thiruvarur,Muthupettai(Uzhavar Sandhai ),Green Chilli,Green Chilly,Local,07/09/2026,4800,4800,4800
Tamil Nadu,Thiruvarur,Muthupettai(Uzhavar Sandhai ),Coconut,Coconut,Local,07/09/2026,4000,4000,4000
Tamil Nadu,Thiruvarur,Muthupettai(Uzhavar Sandhai ),Cabbage,Cabbage,Local,07/09/2026,3400,3400,3400
Tamil Nadu,Thiruvarur,Muthupettai(Uzhavar Sandhai ),Mango(Raw-Ripe),Mango - Raw-Ripe,Local,07/09/2026,9000,9000,9000
Tamil Nadu,Thiruvarur,Muthupettai(Uzhavar Sandhai ),Lemon,Lemon,Local,07/09/2026,15000,15000,15000
Tamil Nadu,Thiruvarur,Muthupettai(Uzhavar Sandhai ),Onion Green,Onion Green,Local,07/09/2026,8000,8000,8000
Tamil Nadu,Coimbatore,Sulur(Uzhavar Sandhai ),Tomato,Deshi,Local,07/09/2026,2600,3000,2800
Tamil Nadu,Coimbatore,Sulur(Uzhavar Sandhai ),Green Chilli,Green Chilly,Local,07/09/2026,3800,4500,4150
Tamil Nadu,Coimbatore,Sulur(Uzhavar Sandhai ),Coconut,Coconut,Local,07/09/2026,5600,6000,5800
Tamil Nadu,Coimbatore,Sulur(Uzhavar Sandhai ),Beetroot,Beetroot,Local,07/09/2026,4000,5800,4900
Tamil Nadu,Coimbatore,Sulur(Uzhavar Sandhai ),Ridgeguard(Tori),Ridgeguard(Tori),Local,07/09/2026,3600,4200,3900
Tamil Nadu,Coimbatore,Sulur(Uzhavar Sandhai ),Chow Chow,Chow Chow,Local,07/09/2026,3200,3600,3400
Tamil Nadu,Coimbatore,Sulur(Uzhavar Sandhai ),Amla(Nelli Kai),Amla,Local,07/09/2026,8000,9000,8500
Tamil Nadu,Pudukkottai,Gandarvakottai(Uzhavar Sandhai ),Potato,Other,Local,07/09/2026,5500,6000,5750
Tamil Nadu,Pudukkottai,Gandarvakottai(Uzhavar Sandhai ),Cluster beans,Cluster Beans,Local,07/09/2026,4000,4500,4250
Tamil Nadu,Pudukkottai,Gandarvakottai(Uzhavar Sandhai ),Pumpkin,Pumpkin,Local,07/09/2026,1000,1500,1250
Tamil Nadu,Pudukkottai,Gandarvakottai(Uzhavar Sandhai ),Amaranthus,Amaranthus,Local,07/09/2026,1000,1500,1250
Tamil Nadu,Pudukkottai,Gandarvakottai(Uzhavar Sandhai ),Onion,Bellary,Local,07/09/2026,6000,7000,6500
Tamil Nadu,Pudukkottai,Gandarvakottai(Uzhavar Sandhai ),Mango(Raw-Ripe),Mango - Raw-Ripe,Local,07/09/2026,7000,8000,7500
Tamil Nadu,Cuddalore,Panruti(Uzhavar Sandhai ),Coriander(Leaves),I Sort,Local,07/09/2026,5000,5000,5000
Tamil Nadu,Cuddalore,Panruti(Uzhavar Sandhai ),Cluster beans,Cluster Beans,Local,07/09/2026,3500,3500,3500
Tamil Nadu,Cuddalore,Panruti(Uzhavar Sandhai ),Ashgourd,Gouard,Local,07/09/2026,3000,3000,3000
Tamil Nadu,Cuddalore,Panruti(Uzhavar Sandhai ),Coconut,Coconut,Local,07/09/2026,6000,6000,6000
Tamil Nadu,Cuddalore,Panruti(Uzhavar Sandhai ),Snakeguard,Snakeguard,Local,07/09/2026,3000,3000,3000
Tamil Nadu,Cuddalore,Panruti(Uzhavar Sandhai ),Jack Fruit(Ripe),Jack Fruit,Local,07/09/2026,10000,10000,10000
Tamil Nadu,Cuddalore,Vadalur(Uzhavar Sandhai ),Green Avare(W),Other,Local,07/09/2026,6000,6000,6000
Tamil Nadu,Cuddalore,Vadalur(Uzhavar Sandhai ),Pumpkin,Pumpkin,Local,07/09/2026,2500,2500,2500
Tamil Nadu,Cuddalore,Vadalur(Uzhavar Sandhai ),Bhindi(Ladies Finger),Bhindi,Local,07/09/2026,3000,3000,3000
Tamil Nadu,Cuddalore,Vadalur(Uzhavar Sandhai ),Coconut,Coconut,Local,07/09/2026,6000,7000,6500
Tamil Nadu,Cuddalore,Vadalur(Uzhavar Sandhai ),Carrot,Pusakesar,Local,07/09/2026,6000,6000,6000
Tamil Nadu,Cuddalore,Vadalur(Uzhavar Sandhai ),Snakeguard,Snakeguard,Local,07/09/2026,3000,3000,3000
Tamil Nadu,Cuddalore,Vadalur(Uzhavar Sandhai ),Chow Chow,Chow Chow,Local,07/09/2026,3000,3000,3000
Tamil Nadu,Cuddalore,Vadalur(Uzhavar Sandhai ),Beetroot,Beetroot,Local,07/09/2026,4000,5000,4500
Tamil Nadu,Cuddalore,Vadalur(Uzhavar Sandhai ),Mint(Pudina),Mint(Pudina),Local,07/09/2026,4000,4000,4000
Tamil Nadu,Dharmapuri,AJattihalli(Uzhavar Sandhai ),Garlic,Garlic,Local,07/09/2026,20000,24000,22000
Tamil Nadu,Dharmapuri,AJattihalli(Uzhavar Sandhai ),Cauliflower,Ranchi,Local,07/09/2026,3500,3500,3500
Tamil Nadu,Dharmapuri,AJattihalli(Uzhavar Sandhai ),Banana,Red Banana,Local,07/09/2026,8000,8000,8000
Tamil Nadu,Dharmapuri,AJattihalli(Uzhavar Sandhai ),Ginger(Green),Green Ginger,Local,07/09/2026,20000,22500,21250
Tamil Nadu,Dharmapuri,AJattihalli(Uzhavar Sandhai ),Carrot,Pusakesar,Local,07/09/2026,6400,6400,6400
Tamil Nadu,Dharmapuri,AJattihalli(Uzhavar Sandhai ),Snakeguard,Snakeguard,Local,07/09/2026,2500,2800,2650
Tamil Nadu,Dharmapuri,AJattihalli(Uzhavar Sandhai ),Green Avare(W),Green Avare (W),Local,07/09/2026,4000,4000,4000
Tamil Nadu,Dharmapuri,AJattihalli(Uzhavar Sandhai ),Amla(Nelli Kai),Amla,Local,07/09/2026,11000,11000,11000
Tamil Nadu,Thanjavur,Peravurani(Uzhavar Sandhai),Coconut,Coconut,Local,07/09/2026,5000,5000,5000
Tamil Nadu,Thanjavur,Peravurani(Uzhavar Sandhai),Snakeguard,Snakeguard,Local,07/09/2026,4000,4000,4000
Tamil Nadu,Thanjavur,Peravurani(Uzhavar Sandhai),Raddish,Raddish,Local,07/09/2026,4000,4000,4000
Tamil Nadu,Thanjavur,Peravurani(Uzhavar Sandhai),Green Avare(W),Green Avare (W),Local,07/09/2026,6400,6400,6400
Tamil Nadu,Thanjavur,Peravurani(Uzhavar Sandhai),Lemon,Lemon,Local,07/09/2026,12000,12000,12000
Tamil Nadu,Karur,Pallapatti (Uzhavar Sandhai ),Bitter gourd,Other,Local,07/09/2026,5500,6000,5750
Tamil Nadu,Karur,Pallapatti (Uzhavar Sandhai ),Pumpkin,Pumpkin,Local,07/09/2026,2200,2500,2350
Tamil Nadu,Karur,Pallapatti (Uzhavar Sandhai ),Amaranthus,Amaranthus,Local,07/09/2026,2500,3000,2750
Tamil Nadu,Karur,Pallapatti (Uzhavar Sandhai ),Green Chilli,Green Chilly,Local,07/09/2026,5000,6000,5500
Tamil Nadu,Karur,Pallapatti (Uzhavar Sandhai ),Mint(Pudina),Mint(Pudina),Local,07/09/2026,4500,5000,4750
Tamil Nadu,Karur,Pallapatti (Uzhavar Sandhai ),Baby Corn,Baby Corn,Grade A,07/09/2026,4500,5000,4750
Tamil Nadu,Karur,Velayuthampalayam(Uzhavar Sandhai ),Cluster beans,Cluster Beans,Local,07/09/2026,3000,3500,3250
Tamil Nadu,Karur,Velayuthampalayam(Uzhavar Sandhai ),Ginger(Green),Green Ginger,Local,07/09/2026,16000,18000,17000
Tamil Nadu,Karur,Velayuthampalayam(Uzhavar Sandhai ),Raddish,Raddish,Local,07/09/2026,2500,3000,2750
Tamil Nadu,Karur,Velayuthampalayam(Uzhavar Sandhai ),Green Avare(W),Other,Local,07/09/2026,7000,8000,7500
Tamil Nadu,Karur,Vengamedu(Uzhavar Sandhai ),Bhindi(Ladies Finger),Bhindi,Local,07/09/2026,3500,4000,3750
Tamil Nadu,Karur,Vengamedu(Uzhavar Sandhai ),Coconut,Coconut,Local,07/09/2026,5500,6000,5750
Tamil Nadu,Theni,Devaram(Uzhavar Sandhai ),Tomato,Deshi,Local,07/09/2026,2800,2900,2850
Tamil Nadu,Theni,Devaram(Uzhavar Sandhai ),Cluster beans,Cluster Beans,Local,07/09/2026,2400,2400,2400
Tamil Nadu,Theni,Devaram(Uzhavar Sandhai ),Ashgourd,Gouard,Local,07/09/2026,1500,1500,1500
Tamil Nadu,Theni,Devaram(Uzhavar Sandhai ),Pumpkin,Pumpkin,Local,07/09/2026,1800,1800,1800
Tamil Nadu,Theni,Devaram(Uzhavar Sandhai ),Bhindi(Ladies Finger),Bhindi,Local,07/09/2026,3600,3600,3600
Tamil Nadu,Theni,Devaram(Uzhavar Sandhai ),Lemon,Lemon,Local,07/09/2026,23000,23000,23000
Tamil Nadu,Salem,Attayampatti(Uzhavar Sandhai ),Tomato,Deshi,Local,07/09/2026,2600,2600,2600
Tamil Nadu,Salem,Attayampatti(Uzhavar Sandhai ),Bottle gourd,Bottle Gourd,Local,07/09/2026,2600,2600,2600
Tamil Nadu,Salem,Attayampatti(Uzhavar Sandhai ),Ashgourd,Gouard,Local,07/09/2026,2000,2000,2000
Tamil Nadu,Salem,Attayampatti(Uzhavar Sandhai ),Banana - Green,Banana - Green,Local,07/09/2026,2400,2800,2600
Tamil Nadu,Salem,Attayampatti(Uzhavar Sandhai ),Tapioca,Tapioca,Local,07/09/2026,3500,3500,3500
Tamil Nadu,Salem,Attayampatti(Uzhavar Sandhai ),Banana,Red Banana,Local,07/09/2026,8000,8000,8000
Tamil Nadu,Salem,Attayampatti(Uzhavar Sandhai ),Coconut,Coconut,Local,07/09/2026,6500,6500,6500
Tamil Nadu,Salem,Attayampatti(Uzhavar Sandhai ),Raddish,Raddish,Local,07/09/2026,2600,2600,2600
Tamil Nadu,Sivaganga,Sivagangai (Uzhavar Sandhai ),Potato,Red Nanital,Local,07/09/2026,4600,5200,4900
Tamil Nadu,Sivaganga,Sivagangai (Uzhavar Sandhai ),Ashgourd,Gouard,Local,07/09/2026,1800,2200,2000
Tamil Nadu,Sivaganga,Sivagangai (Uzhavar Sandhai ),Banana - Green,Banana - Green,Local,07/09/2026,3000,3000,3000
Tamil Nadu,Sivaganga,Sivagangai (Uzhavar Sandhai ),Onion,Bellary,Local,07/09/2026,6200,6600,6400
Tamil Nadu,Sivaganga,Sivagangai (Uzhavar Sandhai ),Ginger(Green),Green Ginger,Local,07/09/2026,13000,20000,16500
Tamil Nadu,Sivaganga,Sivagangai (Uzhavar Sandhai ),Cabbage,Cabbage,Local,07/09/2026,2800,3200,3000
Tamil Nadu,Sivaganga,Sivagangai (Uzhavar Sandhai ),Snakeguard,Snakeguard,Local,07/09/2026,3800,4200,4000
Tamil Nadu,Sivaganga,Sivagangai (Uzhavar Sandhai ),Ridgeguard(Tori),Ridgeguard(Tori),Local,07/09/2026,5200,5600,5400
Tamil Nadu,Sivaganga,Sivagangai (Uzhavar Sandhai ),Chow Chow,Chow Chow,Local,07/09/2026,2200,2600,2400
Tamil Nadu,Sivaganga,Devakottai (Uzhavar Sandhai ),Cauliflower,Ranchi,Local,07/09/2026,3200,3800,3500
Tamil Nadu,Sivaganga,Devakottai (Uzhavar Sandhai ),Ashgourd,Gouard,Local,07/09/2026,2200,2500,2350
Tamil Nadu,Sivaganga,Devakottai (Uzhavar Sandhai ),Bhindi(Ladies Finger),Bhindi,Local,07/09/2026,3200,3400,3300
Tamil Nadu,Sivaganga,Devakottai (Uzhavar Sandhai ),Green Chilli,Green Chilly,Local,07/09/2026,3200,4000,3600
Tamil Nadu,Sivaganga,Devakottai (Uzhavar Sandhai ),Potato,Other,Local,07/09/2026,3000,3400,3200
Tamil Nadu,Sivaganga,Devakottai (Uzhavar Sandhai ),Guava,Guava Allahabad,Local,07/09/2026,6200,7200,6700
Tamil Nadu,Sivaganga,Devakottai (Uzhavar Sandhai ),Yam(Ratalu),Yam (Ratalu),Local,07/09/2026,7000,7200,7100
Tamil Nadu,Sivaganga,Devakottai (Uzhavar Sandhai ),Onion Green,Onion Green,Local,07/09/2026,7400,8200,7800
Tamil Nadu,Salem,Edapadi (Uzhavar Sandhai ),Bottle gourd,Bottle Gourd,Local,07/09/2026,2500,3000,2750
Tamil Nadu,Salem,Edapadi (Uzhavar Sandhai ),Tapioca,Tapioca,Local,07/09/2026,2600,3000,2800
Tamil Nadu,Salem,Edapadi (Uzhavar Sandhai ),Green Avare(W),Other,Local,07/09/2026,7000,7500,7250
Tamil Nadu,Salem,Edapadi (Uzhavar Sandhai ),Snakeguard,Snakeguard,Local,07/09/2026,3000,3500,3250
Tamil Nadu,Salem,Edapadi (Uzhavar Sandhai ),Raddish,Raddish,Local,07/09/2026,2200,2500,2350
Tamil Nadu,Salem,Edapadi (Uzhavar Sandhai ),Thondekai,Thondekai,Local,07/09/2026,3500,4000,3750
Tamil Nadu,Salem,Edapadi (Uzhavar Sandhai ),Drumstick,Drumstick,Local,07/09/2026,2500,3000,2750
Tamil Nadu,Salem,Edapadi (Uzhavar Sandhai ),Guava,Guava Allahabad,Local,07/09/2026,4500,5000,4750
Tamil Nadu,Salem,Edapadi (Uzhavar Sandhai ),Onion Green,Onion Green,Local,07/09/2026,6400,6800,6600
Tamil Nadu,Salem,Elampillai(Uzhavar Sandhai ),Tomato,Other,Local,07/09/2026,2200,2800,2500
Tamil Nadu,Salem,Elampillai(Uzhavar Sandhai ),Bitter gourd,Other,Local,07/09/2026,4000,4500,4250
Tamil Nadu,Salem,Elampillai(Uzhavar Sandhai ),Pumpkin,Pumpkin,Local,07/09/2026,2000,2400,2200
Tamil Nadu,Salem,Elampillai(Uzhavar Sandhai ),Onion,Bellary,Local,07/09/2026,6000,6500,6250
Tamil Nadu,Salem,Elampillai(Uzhavar Sandhai ),Coconut,Coconut,Local,07/09/2026,6000,6500,6250
Tamil Nadu,Salem,Elampillai(Uzhavar Sandhai ),Thondekai,Thondekai,Local,07/09/2026,3500,4000,3750
Tamil Nadu,Salem,Elampillai(Uzhavar Sandhai ),Onion Green,Onion Green,Local,07/09/2026,6000,6500,6250
Tamil Nadu,Salem,Hasthampatti(Uzhavar Sandhai ),Green Peas,Green Peas,Local,07/09/2026,12500,13000,12750
Tamil Nadu,Salem,Hasthampatti(Uzhavar Sandhai ),Bottle gourd,Bottle Gourd,Local,07/09/2026,2000,2500,2250
Tamil Nadu,Salem,Hasthampatti(Uzhavar Sandhai ),Ashgourd,Gouard,Local,07/09/2026,2000,2400,2200
Tamil Nadu,Salem,Hasthampatti(Uzhavar Sandhai ),Pumpkin,Pumpkin,Local,07/09/2026,2000,2400,2200
Tamil Nadu,Salem,Hasthampatti(Uzhavar Sandhai ),Bhindi(Ladies Finger),Bhindi,Local,07/09/2026,2800,3000,2900
Tamil Nadu,Salem,Hasthampatti(Uzhavar Sandhai ),Green Chilli,Green Chilly,Local,07/09/2026,3400,3600,3500
Tamil Nadu,Salem,Hasthampatti(Uzhavar Sandhai ),Capsicum,Capsicum,Local,07/09/2026,5500,6000,5750
Tamil Nadu,Salem,Hasthampatti(Uzhavar Sandhai ),Indian Beans(Seam),Indian Beans (Seam),Local,07/09/2026,4500,5000,4750
Tamil Nadu,Salem,Hasthampatti(Uzhavar Sandhai ),Baby Corn,Baby Corn,Grade A,07/09/2026,2000,2500,2250
Tamil Nadu,Salem,Hasthampatti(Uzhavar Sandhai ),Sweet Corn ,Sweet Corn ,Local,07/09/2026,3000,3500,3250
Tamil Nadu,Salem,Jalagandapuram(Uzhavar Sandhai ),Brinjal,Round,Local,07/09/2026,3000,3500,3250
Tamil Nadu,Salem,Jalagandapuram(Uzhavar Sandhai ),Papaya,Papaya,Local,07/09/2026,3000,3500,3250
Tamil Nadu,Salem,Jalagandapuram(Uzhavar Sandhai ),Cluster beans,Cluster Beans,Local,07/09/2026,3000,3400,3200
Tamil Nadu,Salem,Jalagandapuram(Uzhavar Sandhai ),Pumpkin,Pumpkin,Local,07/09/2026,1800,2000,1900
Tamil Nadu,Salem,Jalagandapuram(Uzhavar Sandhai ),Cowpea(Veg),Cowpea (Veg),Local,07/09/2026,5000,5500,5250
Tamil Nadu,Salem,Jalagandapuram(Uzhavar Sandhai ),Green Avare(W),Other,Local,07/09/2026,6000,6500,6250
Tamil Nadu,Salem,Jalagandapuram(Uzhavar Sandhai ),Chow Chow,Chow Chow,Local,07/09/2026,3600,4000,3800
Tamil Nadu,Salem,Jalagandapuram(Uzhavar Sandhai ),Drumstick,Drumstick,Local,07/09/2026,2000,2500,2250
Tamil Nadu,Salem,Jalagandapuram(Uzhavar Sandhai ),Mint(Pudina),Mint(Pudina),Local,07/09/2026,3000,3500,3250
Tamil Nadu,Sivaganga,Singampunari(Uzhavar Sandhai ),Bottle gourd,Bottle Gourd,Local,07/09/2026,2600,3200,2900
Tamil Nadu,Sivaganga,Singampunari(Uzhavar Sandhai ),Ashgourd,Gouard,Local,07/09/2026,1800,2200,2000
Tamil Nadu,Sivaganga,Singampunari(Uzhavar Sandhai ),Amaranthus,Amaranthus,Local,07/09/2026,3000,4000,3500
Tamil Nadu,Sivaganga,Singampunari(Uzhavar Sandhai ),Beans,Beans (Whole),Local,07/09/2026,8400,9200,8800
Tamil Nadu,Sivaganga,Singampunari(Uzhavar Sandhai ),Banana,Karpura,Local,07/09/2026,3500,4000,3750
Tamil Nadu,Sivaganga,Singampunari(Uzhavar Sandhai ),Onion,Bellary,Local,07/09/2026,4200,6000,5100
Tamil Nadu,Sivaganga,Singampunari(Uzhavar Sandhai ),Coconut,Coconut,Local,07/09/2026,6200,6800,6500
Tamil Nadu,Sivaganga,Singampunari(Uzhavar Sandhai ),Carrot,Pusakesar,Local,07/09/2026,3400,5200,4300
Tamil Nadu,Sivaganga,Karaikudi(Uzhavar Sandhai ),Green Chilli,Green Chilly,Local,07/09/2026,3600,4000,3800
Tamil Nadu,Sivaganga,Karaikudi(Uzhavar Sandhai ),Potato,Red Nanital,Local,07/09/2026,4400,5500,4950
Tamil Nadu,Sivaganga,Karaikudi(Uzhavar Sandhai ),Beetroot,Beetroot,Local,07/09/2026,5000,5500,5250
Tamil Nadu,Sivaganga,Karaikudi(Uzhavar Sandhai ),Ridgeguard(Tori),Ridgeguard(Tori),Local,07/09/2026,5500,6500,6000
Tamil Nadu,Sivaganga,Karaikudi(Uzhavar Sandhai ),Raddish,Raddish,Local,07/09/2026,2800,3200,3000
Tamil Nadu,Sivaganga,Karaikudi(Uzhavar Sandhai ),Knool Khol,Knool Khol,Local,07/09/2026,3600,4000,3800
Tamil Nadu,Sivaganga,Karaikudi(Uzhavar Sandhai ),Guava,Guava Allahabad,Local,07/09/2026,7000,7500,7250
Tamil Nadu,Sivaganga,Karaikudi(Uzhavar Sandhai ),Mint(Pudina),Mint(Pudina),Local,07/09/2026,5000,5500,5250
Tamil Nadu,Sivaganga,Tirupatthur(Uzhavar Sandhai ),Coriander(Leaves),I Sort,Local,07/09/2026,4500,6000,5250
Tamil Nadu,Sivaganga,Tirupatthur(Uzhavar Sandhai ),Cluster beans,Cluster Beans,Local,07/09/2026,3200,3500,3350
Tamil Nadu,Sivaganga,Tirupatthur(Uzhavar Sandhai ),Banana - Green,Banana - Green,Local,07/09/2026,2500,3000,2750
Tamil Nadu,Sivaganga,Tirupatthur(Uzhavar Sandhai ),Coconut,Coconut,Local,07/09/2026,7000,7500,7250
Tamil Nadu,Sivaganga,Tirupatthur(Uzhavar Sandhai ),Cabbage,Cabbage,Local,07/09/2026,3000,3500,3250
Tamil Nadu,Sivaganga,Tirupatthur(Uzhavar Sandhai ),Beetroot,Beetroot,Local,07/09/2026,5000,5500,5250
Tamil Nadu,Sivaganga,Tirupatthur(Uzhavar Sandhai ),Raddish,Raddish,Local,07/09/2026,2800,3000,2900
Tamil Nadu,Sivaganga,Tirupatthur(Uzhavar Sandhai ),Mango(Raw-Ripe),Mango - Raw-Ripe,Local,07/09/2026,9500,10500,10000
Tamil Nadu,Sivaganga,Tirupatthur(Uzhavar Sandhai ),Knool Khol,Knool Khol,Local,07/09/2026,3500,4000,3750
Tamil Nadu,Sivaganga,Tirupatthur(Uzhavar Sandhai ),Elephant Yam(Suran)/Amorphophallus,Elephant Yam (Suran),Local,07/09/2026,4500,5000,4750
Tamil Nadu,Sivaganga,Tirupatthur(Uzhavar Sandhai ),Onion Green,Onion Green,Local,07/09/2026,8000,8500,8250
Tamil Nadu,Thanjavur,Pattukottai(Uzhavar Sandhai ),Cauliflower,Ranchi,Local,07/09/2026,4800,4800,4800
Tamil Nadu,Thanjavur,Pattukottai(Uzhavar Sandhai ),Green Avare(W),Green Avare (W),Local,07/09/2026,6400,6400,6400
Tamil Nadu,Thanjavur,Pattukottai(Uzhavar Sandhai ),Cluster beans,Cluster Beans,Local,07/09/2026,4000,4000,4000
Tamil Nadu,Thanjavur,Pattukottai(Uzhavar Sandhai ),Bitter gourd,Bitter Gourd,Local,07/09/2026,6000,6000,6000
Tamil Nadu,Thanjavur,Pattukottai(Uzhavar Sandhai ),Green Chilli,Green Chilly,Local,07/09/2026,4800,4800,4800
Tamil Nadu,Thanjavur,Pattukottai(Uzhavar Sandhai ),Ginger(Green),Green Ginger,Local,07/09/2026,12000,18000,15000
Tamil Nadu,Thanjavur,Pattukottai(Uzhavar Sandhai ),Carrot,Pusakesar,Local,07/09/2026,7400,7400,7400
Tamil Nadu,Thanjavur,Pattukottai(Uzhavar Sandhai ),Chow Chow,Chow Chow,Local,07/09/2026,3400,3400,3400
Tamil Nadu,Thanjavur,Pattukottai(Uzhavar Sandhai ),Lime,Lime,Local,07/09/2026,4000,4000,4000
Tamil Nadu,Thanjavur,Pattukottai(Uzhavar Sandhai ),Mint(Pudina),Mint(Pudina),Local,07/09/2026,5800,5800,5800
Tamil Nadu,Thanjavur,Thanjavur(Uzhavar Sandhai ),Garlic,Garlic,Local,07/09/2026,24000,24000,24000
Tamil Nadu,Thanjavur,Thanjavur(Uzhavar Sandhai ),Cauliflower,Ranchi,Local,07/09/2026,5000,5000,5000
Tamil Nadu,Thanjavur,Thanjavur(Uzhavar Sandhai ),Bitter gourd,Bitter Gourd,Local,07/09/2026,5000,6600,5800
Tamil Nadu,Thanjavur,Thanjavur(Uzhavar Sandhai ),Green Chilli,Green Chilly,Local,07/09/2026,4600,4600,4600
Tamil Nadu,Thanjavur,Thanjavur(Uzhavar Sandhai ),Beans,Beans (Whole),Local,07/09/2026,7600,7600,7600
Tamil Nadu,Thanjavur,Thanjavur(Uzhavar Sandhai ),Mango,Other,Local,07/09/2026,8000,8000,8000
Tamil Nadu,Thanjavur,Thanjavur(Uzhavar Sandhai ),Ginger(Green),Green Ginger,Local,07/09/2026,11000,20000,15500
Tamil Nadu,Thiruchirappalli,KKNagar(Uzhavar Sandhai ),Tapioca,Tapioca,Local,07/09/2026,4800,4800,4800
Tamil Nadu,Thiruchirappalli,KKNagar(Uzhavar Sandhai ),Groundnut,Big (With Shell),Local,07/09/2026,8000,8000,8000
Tamil Nadu,Thiruchirappalli,KKNagar(Uzhavar Sandhai ),Grapes,Annabesahai,Local,07/09/2026,13000,13000,13000
Tamil Nadu,Thiruchirappalli,KKNagar(Uzhavar Sandhai ),Cucumbar(Kheera),Cucumbar,Local,07/09/2026,4400,4400,4400
Tamil Nadu,Thiruchirappalli,KKNagar(Uzhavar Sandhai ),Ridgeguard(Tori),Ridgeguard(Tori),Local,07/09/2026,4000,4600,4300
Tamil Nadu,Thiruchirappalli,KKNagar(Uzhavar Sandhai ),Guava,Guava Allahabad,Local,07/09/2026,10000,10000,10000
Tamil Nadu,Thiruchirappalli,KKNagar(Uzhavar Sandhai ),Tamarind Fruit,Tamarind Fruit,Local,07/09/2026,18000,18000,18000
Tamil Nadu,Thiruchirappalli,KKNagar(Uzhavar Sandhai ),Elephant Yam(Suran)/Amorphophallus,Elephant Yam (Suran),Local,07/09/2026,5400,5400,5400
Tamil Nadu,Thiruchirappalli,KKNagar(Uzhavar Sandhai ),Colacasia,Colacasia,Local,07/09/2026,6600,6600,6600
Tamil Nadu,Thiruchirappalli,KKNagar(Uzhavar Sandhai ),Onion Green,Onion Green,Local,07/09/2026,8000,9000,8500
Tamil Nadu,Thiruchirappalli,Lalgudi(Uzhavar Sandhai ),Potato,Other,Local,07/09/2026,3000,3000,3000
Tamil Nadu,Thiruchirappalli,Lalgudi(Uzhavar Sandhai ),Papaya,Papaya,Local,07/09/2026,4000,4000,4000
Tamil Nadu,Thiruchirappalli,Lalgudi(Uzhavar Sandhai ),Cluster beans,Cluster Beans,Local,07/09/2026,3600,3600,3600
Tamil Nadu,Thiruchirappalli,Lalgudi(Uzhavar Sandhai ),Pumpkin,Pumpkin,Local,07/09/2026,2000,2000,2000
Tamil Nadu,Thiruchirappalli,Lalgudi(Uzhavar Sandhai ),Bhindi(Ladies Finger),Bhindi,Local,07/09/2026,5000,5000,5000
Tamil Nadu,Thiruchirappalli,Lalgudi(Uzhavar Sandhai ),Amaranthus,Amaranthus,Local,07/09/2026,1500,1500,1500
Tamil Nadu,Thiruchirappalli,Lalgudi(Uzhavar Sandhai ),Banana,Poovan,Local,07/09/2026,4000,5000,4500
Tamil Nadu,Thiruchirappalli,Lalgudi(Uzhavar Sandhai ),Coconut,Coconut,Local,07/09/2026,7000,7000,7000
Tamil Nadu,Thiruchirappalli,Lalgudi(Uzhavar Sandhai ),Carrot,Pusakesar,Local,07/09/2026,7000,7000,7000
Tamil Nadu,Thiruchirappalli,Lalgudi(Uzhavar Sandhai ),Snakeguard,Snakeguard,Local,07/09/2026,4600,4600,4600
Tamil Nadu,Thiruchirappalli,Lalgudi(Uzhavar Sandhai ),Cucumbar(Kheera),Cucumbar,Local,07/09/2026,4600,4600,4600
Tamil Nadu,Thiruchirappalli,Lalgudi(Uzhavar Sandhai ),Raddish,Raddish,Local,07/09/2026,3600,3600,3600
Tamil Nadu,Thiruchirappalli,Lalgudi(Uzhavar Sandhai ),Drumstick,Drumstick,Local,07/09/2026,4000,4000,4000
Tamil Nadu,Thiruchirappalli,Lalgudi(Uzhavar Sandhai ),Yam(Ratalu),Yam (Ratalu),Local,07/09/2026,5600,5600,5600
Tamil Nadu,Thiruchirappalli,Manachanallur(Uzhavar Sandhai ),Tomato,Other,Local,07/09/2026,3000,3000,3000
Tamil Nadu,Thiruchirappalli,Manachanallur(Uzhavar Sandhai ),Amaranthus,Amaranthus,Local,07/09/2026,2000,2000,2000
Tamil Nadu,Thiruchirappalli,Manachanallur(Uzhavar Sandhai ),Onion,Bellary,Local,07/09/2026,4600,4600,4600
Tamil Nadu,Thiruchirappalli,Manachanallur(Uzhavar Sandhai ),Cabbage,Cabbage,Local,07/09/2026,3000,3000,3000
Tamil Nadu,Thiruchirappalli,Manachanallur(Uzhavar Sandhai ),Snakeguard,Snakeguard,Local,07/09/2026,3600,3600,3600
Tamil Nadu,Thiruchirappalli,Manapparai(Uzhavar Sandhai ),Tomato,Other,Local,07/09/2026,3000,3000,3000
Tamil Nadu,Thiruchirappalli,Manapparai(Uzhavar Sandhai ),Beetroot,Beetroot,Local,07/09/2026,4000,4000,4000
Tamil Nadu,Thiruchirappalli,Manapparai(Uzhavar Sandhai ),Raddish,Raddish,Local,07/09/2026,3000,3000,3000
Tamil Nadu,Thiruchirappalli,Manapparai(Uzhavar Sandhai ),Chow Chow,Chow Chow,Local,07/09/2026,3600,3600,3600
Tamil Nadu,Thiruchirappalli,Musiri(Uzhavar Sandhai ),Cauliflower,Ranchi,Local,07/09/2026,3000,3500,3250
Tamil Nadu,Thiruchirappalli,Musiri(Uzhavar Sandhai ),Banana - Green,Banana - Green,Local,07/09/2026,2500,2500,2500
Tamil Nadu,Thiruchirappalli,Musiri(Uzhavar Sandhai ),Coconut,Coconut,Local,07/09/2026,6000,6500,6250
Tamil Nadu,Thiruchirappalli,Musiri(Uzhavar Sandhai ),Carrot,Pusakesar,Local,07/09/2026,6000,6500,6250
Tamil Nadu,Thiruchirappalli,Musiri(Uzhavar Sandhai ),Cabbage,Cabbage,Local,07/09/2026,2500,3000,2750
Tamil Nadu,Thiruchirappalli,Musiri(Uzhavar Sandhai ),Beetroot,Beetroot,Local,07/09/2026,3500,4000,3750
Tamil Nadu,Thiruchirappalli,Musiri(Uzhavar Sandhai ),Capsicum,Capsicum,Local,07/09/2026,4000,5000,4500
Tamil Nadu,Thiruchirappalli,Musiri(Uzhavar Sandhai ),Mango(Raw-Ripe),Mango - Raw-Ripe,Local,07/09/2026,9000,10000,9500
Tamil Nadu,Thiruchirappalli,Musiri(Uzhavar Sandhai ),Onion Green,Onion Green,Local,07/09/2026,5000,8000,6500
Tamil Nadu,Thiruchirappalli,Thiruverumbur(Uzhavar Sandhai ),Garlic,Garlic,Local,07/09/2026,16000,16000,16000
Tamil Nadu,Thiruchirappalli,Thiruverumbur(Uzhavar Sandhai ),Bitter gourd,Other,Local,07/09/2026,5600,5600,5600
Tamil Nadu,Thiruchirappalli,Thiruverumbur(Uzhavar Sandhai ),Bottle gourd,Bottle Gourd,Local,07/09/2026,3000,3000,3000
Tamil Nadu,Thiruchirappalli,Thiruverumbur(Uzhavar Sandhai ),Bhindi(Ladies Finger),Bhindi,Local,07/09/2026,3600,3600,3600
Tamil Nadu,Thiruchirappalli,Thiruverumbur(Uzhavar Sandhai ),Banana,Karpura,Local,07/09/2026,4000,5000,4500
Tamil Nadu,Thiruchirappalli,Thiruverumbur(Uzhavar Sandhai ),Raddish,Raddish,Local,07/09/2026,3000,3000,3000
Tamil Nadu,Thiruchirappalli,Thiruverumbur(Uzhavar Sandhai ),Indian Beans(Seam),Indian Beans (Seam),Local,07/09/2026,6000,6000,6000
Tamil Nadu,Virudhunagar,Rajapalayam(Uzhavar Sandhai ),Coriander(Leaves),I Sort,Local,07/09/2026,4000,4500,4250
Tamil Nadu,Virudhunagar,Rajapalayam(Uzhavar Sandhai ),Chikoos(Sapota),Sapota,Local,07/09/2026,3000,3500,3250
Tamil Nadu,Virudhunagar,Rajapalayam(Uzhavar Sandhai ),Bitter gourd,Bitter Gourd,Local,07/09/2026,7000,8000,7500
Tamil Nadu,Virudhunagar,Rajapalayam(Uzhavar Sandhai ),Bhindi(Ladies Finger),Bhindi,Local,07/09/2026,2500,2800,2650
Tamil Nadu,Virudhunagar,Rajapalayam(Uzhavar Sandhai ),Green Chilli,Green Chilly,Local,07/09/2026,5000,6000,5500
Tamil Nadu,Virudhunagar,Rajapalayam(Uzhavar Sandhai ),Beans,Beans (Whole),Local,07/09/2026,8000,9000,8500
Tamil Nadu,Virudhunagar,Rajapalayam(Uzhavar Sandhai ),Onion,Bellary,Local,07/09/2026,5500,6000,5750
Tamil Nadu,Virudhunagar,Rajapalayam(Uzhavar Sandhai ),Snakeguard,Snakeguard,Local,07/09/2026,3000,3500,3250
Tamil Nadu,Virudhunagar,Rajapalayam(Uzhavar Sandhai ),Beetroot,Beetroot,Local,07/09/2026,4000,4500,4250
Tamil Nadu,Virudhunagar,Rajapalayam(Uzhavar Sandhai ),Lime,Lime,Local,07/09/2026,12000,13000,12500
Tamil Nadu,Virudhunagar,Rajapalayam(Uzhavar Sandhai ),Yam(Ratalu),Yam (Ratalu),Local,07/09/2026,8000,9000,8500
Tamil Nadu,Virudhunagar,Sathur(Uzhavar Sandhai ),Cauliflower,Ranchi,Local,07/09/2026,3500,4000,3750
Tamil Nadu,Virudhunagar,Sathur(Uzhavar Sandhai ),Coriander(Leaves),I Sort,Local,07/09/2026,5500,6000,5750
Tamil Nadu,Virudhunagar,Sathur(Uzhavar Sandhai ),Tomato,Deshi,Local,07/09/2026,2000,2500,2250
Tamil Nadu,Virudhunagar,Sathur(Uzhavar Sandhai ),Cluster beans,Cluster Beans,Local,07/09/2026,3500,4000,3750
Tamil Nadu,Virudhunagar,Sathur(Uzhavar Sandhai ),Green Chilli,Green Chilly,Local,07/09/2026,5500,6000,5750
Tamil Nadu,Virudhunagar,Sathur(Uzhavar Sandhai ),Beans,Beans (Whole),Local,07/09/2026,8000,9000,8500
Tamil Nadu,Virudhunagar,Sathur(Uzhavar Sandhai ),Ridgeguard(Tori),Ridgeguard(Tori),Local,07/09/2026,4500,5000,4750
Tamil Nadu,Virudhunagar,Sathur(Uzhavar Sandhai ),Raddish,Raddish,Local,07/09/2026,3000,3500,3250
Tamil Nadu,Virudhunagar,Sathur(Uzhavar Sandhai ),Lemon,Lemon,Local,07/09/2026,13000,14000,13500
Tamil Nadu,Virudhunagar,Sivakasi(Uzhavar Sandhai ),Brinjal,Round,Local,07/09/2026,3500,4000,3750
Tamil Nadu,Virudhunagar,Sivakasi(Uzhavar Sandhai ),Coriander(Leaves),I Sort,Local,07/09/2026,4000,5000,4500
Tamil Nadu,Virudhunagar,Sivakasi(Uzhavar Sandhai ),Tomato,Deshi,Local,07/09/2026,1500,2000,1750
Tamil Nadu,Virudhunagar,Sivakasi(Uzhavar Sandhai ),Green Chilli,Green Chilly,Local,07/09/2026,5000,6000,5500
Tamil Nadu,Virudhunagar,Sivakasi(Uzhavar Sandhai ),Ginger(Green),Green Ginger,Local,07/09/2026,16000,18000,17000
Tamil Nadu,Virudhunagar,Sivakasi(Uzhavar Sandhai ),Coconut,Coconut,Local,07/09/2026,5000,6000,5500
Tamil Nadu,Virudhunagar,Sivakasi(Uzhavar Sandhai ),Green Avare(W),Green Avare (W),Local,07/09/2026,6000,7000,6500
Tamil Nadu,Virudhunagar,Sivakasi(Uzhavar Sandhai ),Guava,Guava Allahabad,Local,07/09/2026,5000,6000,5500
Tamil Nadu,Virudhunagar,Sivakasi(Uzhavar Sandhai ),Elephant Yam(Suran)/Amorphophallus,Elephant Yam (Suran),Local,07/09/2026,3500,4000,3750
Tamil Nadu,Virudhunagar,Thalavaipuram(Uzhavar Sandhai ),Ridgeguard(Tori),Ridgeguard(Tori),Local,07/09/2026,3500,4000,3750
Tamil Nadu,Virudhunagar,Thalavaipuram(Uzhavar Sandhai ),Lemon,Lemon,Local,07/09/2026,20000,22000,21000
Tamil Nadu,Virudhunagar,Thalavaipuram(Uzhavar Sandhai ),Mint(Pudina),Mint(Pudina),Local,07/09/2026,5000,5500,5250
Tamil Nadu,Virudhunagar,Virudhunagar(Uzhavar Sandhai ),Bottle gourd,Bottle Gourd,Local,07/09/2026,1600,2000,1800
Tamil Nadu,Virudhunagar,Virudhunagar(Uzhavar Sandhai ),Bhindi(Ladies Finger),Bhindi,Local,07/09/2026,4500,5000,4750
Tamil Nadu,Chengalpattu,Madhuranthagam(Uzhavar Sandhai ),Ashgourd,Gouard,Local,07/09/2026,2000,2000,2000
Tamil Nadu,Chengalpattu,Madhuranthagam(Uzhavar Sandhai ),Pumpkin,Pumpkin,Local,07/09/2026,3000,3000,3000
Tamil Nadu,Chengalpattu,Madhuranthagam(Uzhavar Sandhai ),Banana,Poovan,Local,07/09/2026,3000,3000,3000
Tamil Nadu,Chengalpattu,Madhuranthagam(Uzhavar Sandhai ),Ginger(Green),Green Ginger,Local,07/09/2026,12000,12000,12000
Tamil Nadu,Chengalpattu,Madhuranthagam(Uzhavar Sandhai ),Tender Coconut,Tender Coconut,Local,07/09/2026,3000,4000,3500
Tamil Nadu,Chengalpattu,Nanganallur(Uzhavar Sandhai ),Cauliflower,Ranchi,Local,07/09/2026,2500,3000,2750
Tamil Nadu,Chengalpattu,Nanganallur(Uzhavar Sandhai ),Ashgourd,Gouard,Local,07/09/2026,2500,3000,2750
Tamil Nadu,Chengalpattu,Nanganallur(Uzhavar Sandhai ),Onion,Bellary,Local,07/09/2026,5500,6000,5750
Tamil Nadu,Chengalpattu,Nanganallur(Uzhavar Sandhai ),Thondekai,Thondekai,Local,07/09/2026,3500,4000,3750
Tamil Nadu,Chengalpattu,Nanganallur(Uzhavar Sandhai ),Drumstick,Drumstick,Local,07/09/2026,6500,7000,6750
Tamil Nadu,Chengalpattu,Nanganallur(Uzhavar Sandhai ),Mango(Raw-Ripe),Mango - Raw-Ripe,Local,07/09/2026,3500,4000,3750
Tamil Nadu,Chengalpattu,Nanganallur(Uzhavar Sandhai ),Onion Green,Onion Green,Local,07/09/2026,7500,8000,7750
Tamil Nadu,Chengalpattu,Pallavaram(Uzhavar Sandhai ),Cauliflower,Ranchi,Local,07/09/2026,2500,3000,2750
Tamil Nadu,Chengalpattu,Pallavaram(Uzhavar Sandhai ),Coriander(Leaves),I Sort,Local,07/09/2026,5000,6000,5500
Tamil Nadu,Chengalpattu,Pallavaram(Uzhavar Sandhai ),Cluster beans,Cluster Beans,Local,07/09/2026,5000,6000,5500
Tamil Nadu,Chengalpattu,Pallavaram(Uzhavar Sandhai ),Amaranthus,Amaranthus,Local,07/09/2026,2500,3000,2750
Tamil Nadu,Chengalpattu,Pallavaram(Uzhavar Sandhai ),Cowpea(Veg),Cowpea (Veg),Local,07/09/2026,6000,7000,6500
Tamil Nadu,Chengalpattu,Pallavaram(Uzhavar Sandhai ),Beans,Beans (Whole),Local,07/09/2026,9000,10000,9500
Tamil Nadu,Chengalpattu,Pallavaram(Uzhavar Sandhai ),Groundnut,Big (With Shell),Local,07/09/2026,9000,10000,9500
Tamil Nadu,Chengalpattu,Pallavaram(Uzhavar Sandhai ),Cabbage,Cabbage,Local,07/09/2026,2000,2500,2250
Tamil Nadu,Chengalpattu,Pallavaram(Uzhavar Sandhai ),Thondekai,Thondekai,Local,07/09/2026,5000,6000,5500
Tamil Nadu,Chengalpattu,Pallavaram(Uzhavar Sandhai ),Chow Chow,Chow Chow,Local,07/09/2026,3500,4000,3750
Tamil Nadu,Chengalpattu,Pallavaram(Uzhavar Sandhai ),Yam(Ratalu),Yam (Ratalu),Local,07/09/2026,6000,7000,6500
Tamil Nadu,Chengalpattu,Pallavaram(Uzhavar Sandhai ),Amla(Nelli Kai),Amla,Local,07/09/2026,10000,12000,11000
Tamil Nadu,Chengalpattu,Pallavaram(Uzhavar Sandhai ),Onion Green,Onion Green,Local,07/09/2026,10000,11000,10500
Tamil Nadu,Nagercoil (Kannyiakumari),Myladi(Uzhavar Sandhai ),Brinjal,Round,Local,07/09/2026,4500,5000,4750
Tamil Nadu,Nagercoil (Kannyiakumari),Myladi(Uzhavar Sandhai ),Green Chilli,Green Chilly,Local,07/09/2026,5500,6500,6000
Tamil Nadu,Nagercoil (Kannyiakumari),Myladi(Uzhavar Sandhai ),Beans,Beans (Whole),Local,07/09/2026,11500,12600,12050
Tamil Nadu,Nagercoil (Kannyiakumari),Myladi(Uzhavar Sandhai ),Potato,Red Nanital,Local,07/09/2026,3000,3500,3250
Tamil Nadu,Nagercoil (Kannyiakumari),Myladi(Uzhavar Sandhai ),Carrot,Pusakesar,Local,07/09/2026,7000,8000,7500
Tamil Nadu,Nagercoil (Kannyiakumari),Myladi(Uzhavar Sandhai ),Onion Green,Onion Green,Local,07/09/2026,8000,9000,8500
Tamil Nadu,Chengalpattu,Jameenrayapettai(Uzhavar Sandhai ),Potato,Other,Local,07/09/2026,2500,3000,2750
Tamil Nadu,Chengalpattu,Jameenrayapettai(Uzhavar Sandhai ),Garlic,Garlic,Local,07/09/2026,22000,28000,25000
Tamil Nadu,Chengalpattu,Jameenrayapettai(Uzhavar Sandhai ),Coriander(Leaves),I Sort,Local,07/09/2026,5000,6000,5500
Tamil Nadu,Chengalpattu,Jameenrayapettai(Uzhavar Sandhai ),Ashgourd,Gouard,Local,07/09/2026,2000,2500,2250
Tamil Nadu,Chengalpattu,Jameenrayapettai(Uzhavar Sandhai ),Bhindi(Ladies Finger),Bhindi,Local,07/09/2026,3500,4000,3750
Tamil Nadu,Chengalpattu,Jameenrayapettai(Uzhavar Sandhai ),Tapioca,Tapioca,Local,07/09/2026,3500,4000,3750
Tamil Nadu,Chengalpattu,Jameenrayapettai(Uzhavar Sandhai ),Banana,Red Banana,Local,07/09/2026,7000,8000,7500
Tamil Nadu,Chengalpattu,Jameenrayapettai(Uzhavar Sandhai ),Ginger(Green),Green Ginger,Local,07/09/2026,15000,17000,16000
Tamil Nadu,Chengalpattu,Jameenrayapettai(Uzhavar Sandhai ),Coconut,Coconut,Local,07/09/2026,6000,7000,6500
Tamil Nadu,Chengalpattu,Jameenrayapettai(Uzhavar Sandhai ),Green Avare(W),Other,Local,07/09/2026,6000,7000,6500
Tamil Nadu,Chengalpattu,Jameenrayapettai(Uzhavar Sandhai ),Ridgeguard(Tori),Ridgeguard(Tori),Local,07/09/2026,6000,7000,6500
Tamil Nadu,Chengalpattu,Jameenrayapettai(Uzhavar Sandhai ),Thondekai,Thondekai,Local,07/09/2026,5000,6000,5500
Tamil Nadu,Chengalpattu,Jameenrayapettai(Uzhavar Sandhai ),Drumstick,Drumstick,Local,07/09/2026,6000,7000,6500
Tamil Nadu,Chengalpattu,Jameenrayapettai(Uzhavar Sandhai ),Elephant Yam(Suran)/Amorphophallus,Elephant Yam (Suran),Local,07/09/2026,4000,5000,4500
Tamil Nadu,Chengalpattu,Jameenrayapettai(Uzhavar Sandhai ),Amla(Nelli Kai),Amla,Local,07/09/2026,10000,12000,11000
Tamil Nadu,Chengalpattu,Jameenrayapettai(Uzhavar Sandhai ),Sweet Corn ,Sweet Corn ,Local,07/09/2026,4000,5000,4500
Gujarat,Gandhinagar,Kalol APMC,Mustard,Mustard,Local,07/09/2026,7000,7400,7200
Gujarat,Gandhinagar,Kalol APMC,Bajra(Pearl Millet/Cumbu),Other,Local,07/09/2026,1500,2320,1900
Maharashtra,Ahilyanagar,APMC Shrirampur ,Chilly Capsicum,Other,Local,07/09/2026,1000,1500,1250
Maharashtra,Ahilyanagar,APMC Shrirampur ,Pomegranate,Other,Local,07/09/2026,1000,17500,9250
Maharashtra,Ahilyanagar,APMC Shrirampur ,Drumstick,Other,Local,07/09/2026,3000,4000,3500
Maharashtra,Ahilyanagar,APMC Shrirampur ,Tomato,Other,Local,07/09/2026,500,1500,1000
Maharashtra,Ahilyanagar,APMC Shrirampur ,Brinjal,Other,Local,07/09/2026,1500,2500,2000
Maharashtra,Ahilyanagar,APMC Karjat ,Maize,Other,Non-FAQ,07/09/2026,1600,2000,1800
Andhra Pradesh,West Godavari,Penugonda APMC,Paddy(Common),1001,Local,07/09/2026,2369,2380,2370
Maharashtra,Chattrapati Sambhajinagar,APMC Chattrapati Sambhajinagar ,Pomegranate,Other,Local,07/09/2026,1200,9000,5100
Maharashtra,Chattrapati Sambhajinagar,APMC Chattrapati Sambhajinagar ,Apple,Other,Local,07/09/2026,11000,15000,13000
Maharashtra,Chattrapati Sambhajinagar,APMC Chattrapati Sambhajinagar ,Bottle gourd,Other,Local,07/09/2026,500,700,600
Maharashtra,Chattrapati Sambhajinagar,APMC Chattrapati Sambhajinagar ,Cucumbar(Kheera),Other,Local,07/09/2026,1200,2000,1600
Maharashtra,Chattrapati Sambhajinagar,APMC Chattrapati Sambhajinagar ,Cabbage,Other,Local,07/09/2026,700,800,750
Maharashtra,Chattrapati Sambhajinagar,APMC Chattrapati Sambhajinagar ,Tomato,Other,Local,07/09/2026,500,1400,950
Maharashtra,Gadchiroli,Armori(Desaiganj) ,Paddy(Common),Other,Non-FAQ,07/09/2026,2000,2300,2128
Keralam,Ernakulam,Vengola  VFPCK Market,Pineapple,Pine Apple,Grade B,07/09/2026,5400,6300,6000
Tamil Nadu,Vellore,Ammoor APMC,Paddy(Common),Other,Local,07/09/2026,2154,3510,2832
Madhya Pradesh,Balaghat,Lalbarra APMC,Wheat,Wheat,FAQ,07/09/2026,2400,2400,2400
Madhya Pradesh,Balaghat,Lalbarra APMC,Wheat,Wheat,Non-FAQ,07/09/2026,2400,2400,2400
Tamil Nadu,Villupuram,Tindivanam APMC,Potato,Red Nanital,Local,07/09/2026,3800,3800,3800
Tamil Nadu,Villupuram,Tindivanam APMC,Pumpkin,Pumpkin,Local,07/09/2026,2000,2000,2000
Tamil Nadu,Villupuram,Tindivanam APMC,Banana - Green,Banana - Green,Local,07/09/2026,5000,5000,5000
Tamil Nadu,Villupuram,Tindivanam APMC,Beans,Beans (Whole),Local,07/09/2026,8000,9000,8500
Tamil Nadu,Villupuram,Tindivanam APMC,Cucumbar(Kheera),Cucumbar,Local,07/09/2026,4500,4500,4500
Tamil Nadu,Villupuram,Tindivanam APMC,Mango(Raw-Ripe),Mango - Raw-Ripe,Local,07/09/2026,6000,6000,6000
Tamil Nadu,Villupuram,Tindivanam APMC,Lemon,Lemon,Local,07/09/2026,12000,15000,13500
Tamil Nadu,Villupuram,Tindivanam APMC,Mint(Pudina),Mint(Pudina),Local,07/09/2026,3000,3000,3000
Tamil Nadu,Villupuram,Ulundurpettai APMC,Cluster beans,Cluster Beans,Local,07/09/2026,5000,5000,5000
Tamil Nadu,Villupuram,Ulundurpettai APMC,Onion,Bellary,Local,07/09/2026,6000,6000,6000
Tamil Nadu,Villupuram,Ulundurpettai APMC,Elephant Yam(Suran)/Amorphophallus,Elephant Yam (Suran),Local,07/09/2026,6000,6000,6000
Karnataka,Vijayanagara,Hoovinahadagali APMC,Copra,Copra,Non-FAQ,07/09/2026,12000,12000,12000
Keralam,Malappuram,Thirurrangadi Market,Bhindi(Ladies Finger),Bhindi,FAQ,07/09/2026,3500,3600,3600
Keralam,Malappuram,Thirurrangadi Market,Carrot,Other,FAQ,07/09/2026,5500,5500,5500
Keralam,Malappuram,Thirurrangadi Market,Potato,Other,FAQ,07/09/2026,2500,2600,2600
Keralam,Malappuram,Thirurrangadi Market,Pumpkin,Other,FAQ,07/09/2026,1500,1800,1600
Karnataka,Bengaluru Rural,Doddaballapur APMC,Onion,Onion,Medium,07/09/2026,3000,4000,3600
Karnataka,Bengaluru Rural,Doddaballapur APMC,Brinjal,Brinjal,Medium,07/09/2026,1500,2100,1800
Karnataka,Bengaluru Rural,Doddaballapur APMC,Bottle gourd,Bottle Gourd,Medium,07/09/2026,2000,2400,2200
Karnataka,Bengaluru Rural,Doddaballapur APMC,Coconut,Small,Medium,07/09/2026,23000,32500,29500
Karnataka,Bengaluru Rural,Doddaballapur APMC,Ladies Finger,Ladies Finger,Medium,07/09/2026,1500,2100,1800
Karnataka,Bengaluru Rural,Doddaballapur APMC,Bunch Beans,Bunch Beans,Medium,07/09/2026,3000,3500,3200
Maharashtra,Mumbai,APMC Mumbai ,Bajra(Pearl Millet/Cumbu),Other,FAQ,07/09/2026,2800,3500,3200
Maharashtra,Mumbai,APMC Mumbai ,Sabu Dan,Other,Local,07/09/2026,7000,8000,7600
Maharashtra,Mumbai,APMC Mumbai ,Bengal Gram Dal(Chana Dal),Other,Local,07/09/2026,7100,8500,7900
Maharashtra,Mumbai,APMC Mumbai ,Red gram split/Arhar dal/Tur dal,Other,Local,07/09/2026,8500,12500,11000
Maharashtra,Mumbai,APMC Mumbai ,Soanf,Other,Local,07/09/2026,12000,30000,21000
Maharashtra,Mumbai,APMC Mumbai ,Ground Nut Seed,Other,Local,07/09/2026,8000,15000,12100
Maharashtra,Mumbai,APMC Mumbai ,Coriander(Leaves),Other,Local,07/09/2026,800,1200,1000
Maharashtra,Mumbai,APMC Mumbai ,Chilly Capsicum,Other,Local,07/09/2026,1600,2600,2100
Maharashtra,Mumbai,APMC Mumbai ,Raddish,Other,Local,07/09/2026,3000,4000,3500
Maharashtra,Mumbai,APMC Mumbai ,Snakeguard,Other,Local,07/09/2026,1400,1800,1600
Maharashtra,Mumbai,APMC Mumbai ,Sweet Potato,Other,Local,07/09/2026,1600,3400,2500
Maharashtra,Mumbai,APMC Mumbai ,Tomato,Other,Local,07/09/2026,2000,2500,2250
Maharashtra,Mumbai,APMC Mumbai ,Peas Wet,Other,Local,07/09/2026,5000,6000,5500
Maharashtra,Nagpur,APMC Nagpur ,Pineapple,Other,Local,07/09/2026,1000,3000,2500
Maharashtra,Dharashiv,APMC Murum ,Bengal Gram(Gram)(Whole),Other,Non-FAQ,07/09/2026,5800,5800,5800
Maharashtra,Nagpur,APMC Kamthi ,Potato,Local,Local,07/09/2026,2000,2500,2350
Maharashtra,Nagpur,APMC Kamthi ,Cabbage,Other,Local,07/09/2026,2000,2500,2350
Maharashtra,Nagpur,APMC Kamthi ,Pumpkin,Other,Local,07/09/2026,1500,2000,1750
Maharashtra,Nagpur,APMC Kamthi ,Coriander(Leaves),Other,Local,07/09/2026,3000,3500,3350
Maharashtra,Nagpur,APMC Kamthi ,Tomato,Local,Local,07/09/2026,2000,2500,2350
Tamil Nadu,Coimbatore,Pongalur APMC,Paddy(Common),Other,Local,07/09/2026,2000,2500,2250
Uttar Pradesh,Fatehpur,Fatehpur APMC,Tomato,Other,FAQ,07/09/2026,2500,2500,2500
Uttar Pradesh,Aligarh,Aligarh APMC,Wheat,Other,FAQ,07/09/2026,2650,2650,2650
Uttar Pradesh,Badaun,Babrala APMC,Potato,Desi,Medium,07/09/2026,580,600,590
Uttar Pradesh,Farukhabad,Farukhabad APMC,Cucumbar(Kheera),Other,FAQ,07/09/2026,1200,1500,1300
Keralam,Kasargod,Kanjangadu Market,Banana,Poovan,Small,07/09/2026,8800,9400,9000
Keralam,Kasargod,Kanjangadu Market,Bhindi(Ladies Finger),Other,FAQ,07/09/2026,4700,5300,5000
Keralam,Kasargod,Kanjangadu Market,Copra,Other,FAQ,07/09/2026,12700,13400,13000
Keralam,Kasargod,Kanjangadu Market,Banana - Green,Other,FAQ,07/09/2026,5000,5600,5300
Keralam,Kasargod,Kanjangadu Market,Cowpea(Veg),Other,FAQ,07/09/2026,7000,7800,7400
Keralam,Kasargod,Kanjangadu Market,Potato,Potato,FAQ,07/09/2026,2600,3400,3000
Uttar Pradesh,Kanpur Dehat,Jhijhank APMC,Wheat,Dara,FAQ,07/09/2026,2550,2600,2571.91
Uttar Pradesh,Farukhabad,Kayamganj APMC,Tobacco,Other,FAQ,07/09/2026,1000,8548.39,4902.24
Madhya Pradesh,Ujjain,Badnagar APMC,Wheat,Wheat,FAQ,07/09/2026,2448,3019,3019
Madhya Pradesh,Ujjain,Badnagar APMC,Soyabean,Yellow,FAQ,07/09/2026,5701,5701,5701
Madhya Pradesh,Ujjain,Unhel APMC,Soyabean,Soyabeen,FAQ,07/09/2026,5791,5791,5791
Madhya Pradesh,Mandsaur,Shamgarh APMC,Soyabean,Soyabeen,Non-FAQ,07/09/2026,4700,4700,4700
Madhya Pradesh,Mandsaur,Shamgarh APMC,Bengal Gram(Gram)(Whole),Gram,Non-FAQ,07/09/2026,5600,5600,5600
Madhya Pradesh,Mandsaur,Sitmau APMC,Garlic,Garlic,FAQ,07/09/2026,6410,9050,9050
Madhya Pradesh,Sagar,Bina APMC,Bengal Gram(Gram)(Whole),Gram,FAQ,07/09/2026,4800,6120,6120
Madhya Pradesh,Sagar,Bina APMC,Lak(Teora),Tiwada,FAQ,07/09/2026,2500,2801,2801
Madhya Pradesh,Chhatarpur,LavKush Nagar(Laundi) APMC,Bengal Gram(Gram)(Whole),Desi (F.A.Q. Split),FAQ,07/09/2026,6000,6100,6100
Madhya Pradesh,Mandla,Krishi Upaj Mandi Samiti Bichhiya,Kodo Millet(Varagu),Kondo,Non-FAQ,07/09/2026,2900,2900,2900
Madhya Pradesh,Shehdol,Shahdol APMC,Wheat,Wheat,Non-FAQ,07/09/2026,2350,2350,2350
Gujarat,Navsari,Navsari APMC,Tomato,Tomato,Grade A,07/09/2026,1000,2750,1875
Gujarat,Navsari,Navsari APMC,Cowpea(Veg),Cowpea (Veg),Local,07/09/2026,4000,5000,4500
Gujarat,Navsari,Navsari APMC,Little gourd(Kundru),Little gourd (Kundru),Local,07/09/2026,3000,3500,3250
Gujarat,Dahod,Devgadhbaria APMC,Paddy(Common),Common,Non-FAQ,07/09/2026,1320,1440,1420
Gujarat,Narmada,Rajpipla APMC,Banana,Other,Medium,07/09/2026,1250,1500,1375
Gujarat,Dahod,Dahod(Veg. Market) APMC,Bitter gourd,Bitter Gourd,Local,07/09/2026,1000,2000,1500
Gujarat,Dahod,Dahod(Veg. Market) APMC,Cauliflower,Cauliflower,Local,07/09/2026,500,3500,2000
Gujarat,Dahod,Dahod(Veg. Market) APMC,Mint(Pudina),Mint(Pudina),Local,07/09/2026,7000,10000,9000
Gujarat,Dahod,Dahod(Veg. Market) APMC,Pointed gourd(Parval),Pointed gourd (Parval),Local,07/09/2026,4000,4500,4200
Gujarat,Dahod,Dahod(Veg. Market) APMC,Spinach,Spinach,Local,07/09/2026,1000,3000,2000
Gujarat,Dahod,Dahod(Veg. Market) APMC,Sponge gourd,Sponge gourd,Local,07/09/2026,500,2000,1100
Gujarat,Sabarkantha,Himatnagar(Veg.Market Himatnagar) APMC,Onion,Onion,Local,07/09/2026,4000,4500,4340
Gujarat,Sabarkantha,Himatnagar(Veg.Market Himatnagar) APMC,Potato,Potato,Local,07/09/2026,1000,1500,1300
Gujarat,Anand,"Anand(Veg,Yard,Anand) APMC",Lemon,Lemon,Grade B,07/09/2026,7500,10000,8750
Gujarat,Gandhinagar,Mansa(Manas Veg Yard) APMC,Bottle gourd,Other,Local,07/09/2026,700,800,700
Gujarat,Gandhinagar,Mansa(Manas Veg Yard) APMC,Bitter gourd,Other,Local,07/09/2026,2500,2500,2500
Gujarat,Gandhinagar,Mansa(Manas Veg Yard) APMC,Tomato,Tomato,Local,07/09/2026,2500,2500,2500
Gujarat,Gandhinagar,Mansa(Manas Veg Yard) APMC,Cauliflower,Cauliflower,Local,07/09/2026,3000,3000,3000
Gujarat,Gandhinagar,Mansa(Manas Veg Yard) APMC,Lemon,Other,Local,07/09/2026,10000,10000,10000
Gujarat,Gandhinagar,Mansa(Manas Veg Yard) APMC,Cucumbar(Kheera),Other,Local,07/09/2026,2000,2000,2000
Gujarat,Dahod,Zalod(Sanjeli) APMC,Wheat,Other,Grade Range-2,07/09/2026,2600,2600,2600
Himachal Pradesh,Bilaspur,PMY Bilaspur,Tomato,Local,Grade B,07/09/2026,3500,4500,4000
Himachal Pradesh,Bilaspur,PMY Bilaspur,Apple,Other,Grade C,07/09/2026,8000,13000,10000
Himachal Pradesh,Bilaspur,PMY Bilaspur,Cauliflower,Local,Grade B,07/09/2026,4000,4500,4200
Keralam,Kasargod,Manjeswaram Market,Banana - Green,Other,FAQ,07/09/2026,6000,7000,6500
Gujarat,Mehsana,Mehsana(Jornang) APMC,Bajra(Pearl Millet/Cumbu),Local,Local,07/09/2026,2000,2520,2425
Gujarat,Mehsana,Mehsana(Jornang) APMC,Wheat,Other,Local,07/09/2026,2405,2675,2500
Gujarat,Rajkot,Rajkot APMC,Bajra(Pearl Millet/Cumbu),Deshi,FAQ,07/09/2026,1500,2105,1900
Gujarat,Surendranagar,Vadhvan APMC,Garlic,Garlic,FAQ,07/09/2026,7500,8000,7750
Gujarat,Surendranagar,Vadhvan APMC,Tomato,Tomato,Medium,07/09/2026,2000,2500,2250
Gujarat,Surendranagar,Vadhvan APMC,Guar,Gwar,Medium,07/09/2026,2500,3000,2750
Gujarat,Surendranagar,Vadhvan APMC,Onion Green,Onion Green,Medium,07/09/2026,1000,2000,1500
Gujarat,Jamnagar,Jamnagar APMC,Onion,Other,Local,07/09/2026,2250,4750,3150
Gujarat,Surendranagar,Dasada Patadi APMC,Cummin Seed(Jeera),Cummin Seed(Jeera),FAQ,07/09/2026,18350,20055,19150
Gujarat,Amreli,Rajula APMC,Wheat,PISSI,Local,07/09/2026,2505,2860,2682
Gujarat,Amreli,Damnagar APMC,Cauliflower,Cauliflower,Local,07/09/2026,3500,3500,3500
Gujarat,Rajkot,Gondal(Veg.market Gondal) APMC,Bhindi(Ladies Finger),Bhindi,Local,07/09/2026,200,2500,1350
Gujarat,Rajkot,Gondal(Veg.market Gondal) APMC,Guar,Gwar,Local,07/09/2026,1000,4000,2500
Gujarat,Rajkot,Gondal(Veg.market Gondal) APMC,Tomato,Tomato,Local,07/09/2026,1000,3000,2000
Tamil Nadu,Madurai,Chokkikulam(Uzhavar Sandhai ),Brinjal,Round,Local,07/09/2026,4200,5000,4600
Tamil Nadu,Madurai,Chokkikulam(Uzhavar Sandhai ),Cluster beans,Cluster Beans,Local,07/09/2026,3000,3200,3100
Tamil Nadu,Madurai,Chokkikulam(Uzhavar Sandhai ),Green Chilli,Green Chilly,Local,07/09/2026,3500,4000,3750
Tamil Nadu,Madurai,Chokkikulam(Uzhavar Sandhai ),Groundnut,Big (With Shell),Local,07/09/2026,7000,8000,7500
Tamil Nadu,Madurai,Chokkikulam(Uzhavar Sandhai ),Apple,American,Local,07/09/2026,18000,27000,22500
Tamil Nadu,Madurai,Chokkikulam(Uzhavar Sandhai ),Banana,Besrai,Local,07/09/2026,4000,5000,4500
Tamil Nadu,Madurai,Chokkikulam(Uzhavar Sandhai ),Pineapple,Pine Apple,Local,07/09/2026,6000,7000,6500
Tamil Nadu,Madurai,Chokkikulam(Uzhavar Sandhai ),Grapes,Annabesahai,Local,07/09/2026,11000,12000,11500
Tamil Nadu,Madurai,Chokkikulam(Uzhavar Sandhai ),Sweet Potato,Hosur Red,Local,07/09/2026,5500,6000,5750
Tamil Nadu,Madurai,Chokkikulam(Uzhavar Sandhai ),Carrot,Pusakesar,Local,07/09/2026,3200,5000,4100
Tamil Nadu,Madurai,Chokkikulam(Uzhavar Sandhai ),Lemon,Lemon,Local,07/09/2026,22000,24000,23000
Tamil Nadu,Madurai,Chokkikulam(Uzhavar Sandhai ),Colacasia,Colacasia,Local,07/09/2026,5000,6000,5500
Tamil Nadu,Madurai,Chokkikulam(Uzhavar Sandhai ),Mint(Pudina),Mint(Pudina),Local,07/09/2026,4500,5000,4750
Gujarat,Bhavnagar,Taleja APMC,Cotton,Other,FAQ,07/09/2026,7625,9255,8440
Karnataka,Raichur,Sindhanur APMC,Paddy(Common),Paddy RNR new,Local,07/09/2026,2200,2560,2560
Karnataka,Raichur,Sindhanur APMC,Rice,Medium,Local,07/09/2026,2800,2810,2800
Karnataka,Raichur,Sindhanur APMC,Bengal Gram(Gram)(Whole),Average (Whole),Local,07/09/2026,6050,6600,6550
Karnataka,Koppal,Gangavathi APMC,Paddy(Common),Sona Masuri (OLD),Non-FAQ,07/09/2026,3500,3580,3580
Maharashtra,Nashik,APMC Ghoti ,Brinjal,Other,Local,07/09/2026,1800,2000,1900
Karnataka,Mysuru,Hunsur APMC,Coconut,Small,Local,07/09/2026,20000,20000,20000
Karnataka,Mysuru,Hunsur APMC,Tender Coconut,Tender Coconut,Local,07/09/2026,20000,20000,20000
Karnataka,Shivamogga,Shikaripura APMC,Paddy(Common),Paddy,FAQ,07/09/2026,3500,3500,3500
Karnataka,Shivamogga,Shikaripura APMC,Maize,Local,FAQ,07/09/2026,2280,2590,2376
Gujarat,Amreli,The Agricultural Produce Market Committee-Amreli,Cummin Seed(Jeera),Cummin Seed(Jeera),FAQ,07/09/2026,18675,18925,18825
Gujarat,Amreli,The Agricultural Produce Market Committee-Amreli,Bajra(Pearl Millet/Cumbu),Other,FAQ,07/09/2026,1700,2125,1950
Keralam,Kottayam,Mannackanad  VFPCK Market,Bitter gourd,Bitter Gourd,Grade A,07/09/2026,4500,5000,5000
Karnataka,Kolar,Bangarpet APMC,Garlic,Garlic,Local,07/09/2026,9000,11500,11000
Karnataka,Kolar,Bangarpet APMC,Chilly Capsicum,Chilly Capsicum,Local,07/09/2026,1500,2700,2300
Karnataka,Kolar,Bangarpet APMC,Beans,Beans (Whole),Local,07/09/2026,3000,5000,4500
Karnataka,Kolar,Bangarpet APMC,Ginger(Green),Green Ginger,Local,07/09/2026,7000,8500,7000
Karnataka,Raichur,Lingasugur APMC,Paddy(Common),Paddy,Non-FAQ,07/09/2026,3000,3000,3000
Gujarat,Surat,Surat APMC,Bhindi(Ladies Finger),Bhindi,FAQ,07/09/2026,1200,3000,2100
Gujarat,Surat,Surat APMC,Brinjal,Brinjal,FAQ,07/09/2026,500,2500,1500
Gujarat,Surat,Surat APMC,Elephant Yam(Suran)/Amorphophallus,Other,FAQ,07/09/2026,2500,3300,2900
Gujarat,Surat,Surat APMC,Sponge gourd,Other,FAQ,07/09/2026,1000,2500,1750
Gujarat,Surat,Surat APMC,Snakeguard,Other,FAQ,07/09/2026,1000,1800,1400
Gujarat,Surat,Surat APMC,Surat Beans(Papadi),Other,FAQ,07/09/2026,4000,9000,6500
Gujarat,Surat,Surat APMC,Pointed gourd(Parval),Other,FAQ,07/09/2026,2000,3500,2750
Gujarat,Surat,Surat APMC,Turmeric(raw),Other,FAQ,07/09/2026,4000,7500,5750
Gujarat,Surat,Surat APMC,Pumpkin,Other,FAQ,07/09/2026,700,1800,1250
Uttar Pradesh,Bahraich,Naanpara APMC,Wood,Other,FAQ,07/09/2026,600,600,600
Uttar Pradesh,Saharanpur,Saharanpur APMC,Green Chilli,Other,FAQ,07/09/2026,2000,2000,2000
Telangana,Warangal,Warangal APMC,Cluster beans,Cluster Beans,FAQ,07/09/2026,2500,3000,2750
Telangana,Warangal,Warangal APMC,French Beans(Frasbean),French Beans (Frasbean),FAQ,07/09/2026,7500,8000,7750
Telangana,Warangal,Warangal APMC,Brinjal,Brinjal,FAQ,07/09/2026,1500,2000,1750
Telangana,Warangal,Warangal APMC,Potato,Potato,FAQ,07/09/2026,1500,2000,1750
Telangana,Warangal,Warangal APMC,Bhindi(Ladies Finger),Bhindi,FAQ,07/09/2026,800,1000,900
Telangana,Warangal,Warangal APMC,Bitter gourd,Bitter Gourd,FAQ,07/09/2026,2000,2500,2250
Uttar Pradesh,Bulandshahar,Sikanderabad APMC,Tomato,Other,FAQ,07/09/2026,1600,2500,2008.6
Uttar Pradesh,Bulandshahar,Sikanderabad APMC,Potato,Other,FAQ,07/09/2026,800,900,883.48
Telangana,Siddipet,Gajwel APMC,Paddy(Common),1001,Local,07/09/2026,2400,2400,2400
Maharashtra,Palghar,APMC Palghar ,Wheat,Other,FAQ,07/09/2026,3425,3425,3425
Telangana,Mahabubabad,Kesamudram APMC,Turmeric,Finger,Local,07/09/2026,10119,13509,13300
Telangana,Karimnagar,Karimnagar APMC,Drumstick,Drumstick,Medium,07/09/2026,4500,4500,4500
Uttar Pradesh,Saharanpur,Rampurmaniharan APMC,Green Chilli,Other,FAQ,07/09/2026,2800,2800,2800
Uttar Pradesh,Saharanpur,Rampurmaniharan APMC,Bitter gourd,Bitter Gourd,Grade C,07/09/2026,1400,1600,1500
Uttar Pradesh,Saharanpur,Rampurmaniharan APMC,Pumpkin,Pumpkin,Grade C,07/09/2026,1100,1300,1200
Andhra Pradesh,Bapatla,Bapatla APMC,Paddy(Common),B P T,Local,07/09/2026,3400,3600,3500
Uttar Pradesh,Rampur,Tanda(Rampur) APMC,Garlic,Other,FAQ,07/09/2026,10000,10000,10000
Andhra Pradesh,Markapuram,Cumbum APMC,Cotton,Other,FAQ,07/09/2026,7900,8200,8100
Karnataka,Raichur,Manvi APMC,Bengal Gram(Gram)(Whole),Other,Non-FAQ,07/09/2026,6300,6400,6350
Assam,Nagaon,Haibargaon APMC,Brinjal,Brinjal,FAQ,07/09/2026,2100,2300,2200
Andhra Pradesh,Tirupathi,Naidupet APMC,Paddy(Common),MTU-1010,Local,07/09/2026,2350,2450,2400
Uttar Pradesh,Agra,Jagnair APMC,Barley(Jau),Other,FAQ,07/09/2026,2400,2400,2400
Andhra Pradesh,Kurnool,Alur APMC,Jowar(Sorghum),Jowar ( White),FAQ,07/09/2026,3726,3726,3726
Maharashtra,Pune,APMC Pune ,Bajra(Pearl Millet/Cumbu),Other,FAQ,07/09/2026,3000,3200,3100
Maharashtra,Pune,APMC Pune ,Corriander seed,Other,Local,07/09/2026,11500,13000,12250
Maharashtra,Pune,APMC Pune ,Green Chilli,Other,Local,07/09/2026,1500,4000,2750
Maharashtra,Pune,APMC Pune ,Bengal Gram(Gram)(Whole),Other,FAQ,07/09/2026,6000,7200,6600
Maharashtra,Pune,APMC Pune ,Lentil(Masur)(Whole),Other,FAQ,07/09/2026,7200,7300,7250
Maharashtra,Pune,APMC Pune ,Black Gram(Urd Beans)(Whole),Other,FAQ,07/09/2026,9100,10100,9600
Maharashtra,Pune,APMC Pune ,Pear(Marasebu),Other,Local,07/09/2026,6000,7500,6700
Maharashtra,Pune,APMC Pune ,Plum,Other,Local,07/09/2026,3000,10000,6500
Maharashtra,Pune,APMC Pune ,Bottle gourd,Other,Local,07/09/2026,1000,2500,1750
Maharashtra,Pune,APMC Pune ,Carrot,Other,Local,07/09/2026,1000,2500,1750
Maharashtra,Pune,APMC Pune ,Mango(Raw-Ripe),Other,Local,07/09/2026,1000,10000,5500
Maharashtra,Pune,APMC Pune ,Cucumbar(Kheera),Other,Local,07/09/2026,1000,2500,1750
Maharashtra,Pune,APMC Pune ,Onion,Local,Local,07/09/2026,1000,5000,3000
Maharashtra,Pune,APMC Pune ,Onion Green,Other,Local,07/09/2026,6,20,13
Maharashtra,Pune,APMC Pune ,Bitter gourd,Other,Local,07/09/2026,1500,3000,2250
Maharashtra,Pune,APMC Pune ,Snakeguard,Other,Local,07/09/2026,1500,3000,2250
Maharashtra,Pune,APMC Pune ,Spinach,Other,Local,07/09/2026,4,10,7
Maharashtra,Pune,APMC Pune ,Pointed gourd(Parval),Other,Local,07/09/2026,2000,4500,3250
Maharashtra,Pune,APMC Pune ,Drumstick,Other,Local,07/09/2026,1000,4000,2500
Keralam,Thirssur,Chavakkad Market,Beetroot,Beetroot,FAQ,07/09/2026,3000,4400,4400
Keralam,Thirssur,Chavakkad Market,Cabbage,Cabbage,FAQ,07/09/2026,2000,3000,3000
Uttar Pradesh,Bijnor,Chaandpur APMC,Gur(Jaggery),Other,FAQ,07/09/2026,4500,4500,4500
Uttar Pradesh,Kanpur,Kanpur(Grain) APMC,Onion,Other,FAQ,07/09/2026,3500,3500,3500
Uttar Pradesh,Sambhal,Muradabad APMC,Wood,Other,FAQ,07/09/2026,500,500,500
Uttarakhand,Udhamsinghnagar,Kashipur APMC,Bitter gourd,Other,Local,07/09/2026,1600,1800,1700
Uttarakhand,Udhamsinghnagar,Kashipur APMC,Brinjal,Other,Local,07/09/2026,1500,1600,1550
Uttarakhand,Udhamsinghnagar,Kicchha APMC,Cauliflower,Cauliflower,Medium,07/09/2026,1800,2000,1900
Uttar Pradesh,Pillibhit,Pilibhit APMC,Rice,Other,FAQ,07/09/2026,6000,6000,6000
Uttar Pradesh,Shahjahanpur,Shahjahanpur APMC,Wheat,Medium Fine,FAQ,07/09/2026,2475,2475,2475
Uttar Pradesh,Shahjahanpur,Shahjahanpur APMC,Wood,Other,FAQ,07/09/2026,610,637.75,625.19
Uttar Pradesh,Varanasi,Varanasi APMC,Ginger(Green),Other,FAQ,07/09/2026,4000,4000,4000
Uttar Pradesh,Varanasi,Varanasi APMC,Green Chilli,Other,FAQ,07/09/2026,1500,1500,1500
Uttar Pradesh,Varanasi,Varanasi APMC,Tomato,Other,FAQ,07/09/2026,1500,1500,1500
Keralam,Thiruvananthapuram,Parassala Market,Bhindi(Ladies Finger),Bhindi,Local,07/09/2026,5800,6200,6000
Keralam,Thiruvananthapuram,Parassala Market,Beetroot,Beetroot,Local,07/09/2026,3800,4200,4000
Keralam,Thiruvananthapuram,Parassala Market,Drumstick,Drumstick,Local,07/09/2026,2800,3200,3000
Keralam,Thiruvananthapuram,Parassala Market,Banana,Robusta,Local,07/09/2026,2800,3200,3000
Jammu and Kashmir,Shopian,APMC/MAC Shopian,Apple,Kullu Delicious,Grade A,07/09/2026,6875,8125,7500
Jammu and Kashmir,Shopian,APMC/MAC Shopian,Pear(Marasebu),Chinese Sand Pear (Nakh),Grade A,07/09/2026,6875,8125,7500
Jammu and Kashmir,Shopian,APMC/MAC Shopian,Pear(Marasebu),Chinese Sand Pear (Nakh),Grade B,07/09/2026,3750,5000,4375
Odisha,Sonepur,Dungurapalli APMC,Potato,Other,Medium,07/09/2026,2000,2150,2100
Maharashtra,Pune,Pune(Moshi) ,Water Melon,Other,Local,07/09/2026,1000,1000,1000
Maharashtra,Pune,Pune(Moshi) ,Banana,Other,Local,07/09/2026,2000,6000,4000
Maharashtra,Pune,Pune(Moshi) ,Lime,Other,Local,07/09/2026,2000,8000,5000
Maharashtra,Pune,Pune(Moshi) ,Mousambi(Sweet Lime),Other,Local,07/09/2026,3000,3500,3250
Maharashtra,Pune,Pune(Moshi) ,Cucumbar(Kheera),Other,Local,07/09/2026,1000,2000,1500
Maharashtra,Pune,Pune(Moshi) ,Bitter gourd,Other,Local,07/09/2026,3000,4000,3500
Maharashtra,Pune,Pune(Moshi) ,Coriander(Leaves),Other,Local,07/09/2026,6,7,7
Maharashtra,Pune,Pune(Moshi) ,Methi(Leaves),Other,Local,07/09/2026,10,10,10
Maharashtra,Pune,Pune(Moshi) ,Sweet Potato,Other,Local,07/09/2026,2500,2500,2500
Maharashtra,Pune,Pune(Moshi) ,Brinjal,Other,Local,07/09/2026,2000,3000,2500
Keralam,Kannur,Kannur Market,Cowpea(Veg),Cowpea (Veg),Grade A,07/09/2026,5300,5600,5400
Keralam,Kannur,Kannur Market,Cucumbar(Kheera),Cucumbar,Grade A,07/09/2026,3700,4200,3900
Keralam,Kannur,Payyannur Market,Black pepper,Other,Local,07/09/2026,66000,68000,67000
Keralam,Kannur,Payyannur Market,Tapioca,Other,Local,07/09/2026,4200,4400,4300
Maharashtra,Ratnagiri,APMC Ratnagiri (Nachane) ,Chilly Capsicum,Other,Local,07/09/2026,1000,2500,2000
Maharashtra,Ratnagiri,APMC Ratnagiri (Nachane) ,Cauliflower,Other,Local,07/09/2026,3000,4500,4000
Maharashtra,Ratnagiri,APMC Ratnagiri (Nachane) ,Bitter gourd,Other,Local,07/09/2026,1500,2000,1800
Karnataka,Davangere,Honnali APMC,Rice,I.R.-64,Medium,07/09/2026,2600,2600,2600
Karnataka,Davangere,Honnali APMC,Cauliflower,Cauliflower,Medium,07/09/2026,1000,1500,1400
Karnataka,Davangere,Honnali APMC,Ladies Finger,Ladies Finger,Medium,07/09/2026,1500,2000,1800
Karnataka,Davangere,Honnali APMC,Cucumbar(Kheera),Cucumbar,Medium,07/09/2026,1500,1600,1550
Karnataka,Mysuru,Periyapatna APMC,Ginger(Green),Green Ginger,Medium,07/09/2026,1500,1600,1550
Telangana,Adilabad,Adilabad APMC,Cotton,Cotton (Unginned),FAQ,07/09/2026,7450,8460,8000
Assam,Darrang,Balugaon APMC,Bhindi(Ladies Finger),Bhindi,Local,07/09/2026,1700,1900,1800
Tamil Nadu,Erode,Thalavadi(Uzhavar Sandhai ),Brinjal,Round,Local,07/09/2026,2600,3200,2900
Tamil Nadu,Erode,Thalavadi(Uzhavar Sandhai ),Coriander(Leaves),I Sort,Local,07/09/2026,3500,4000,3750
Tamil Nadu,Erode,Thalavadi(Uzhavar Sandhai ),Coconut,Coconut,Local,07/09/2026,4000,5000,4500
Tamil Nadu,Erode,Thalavadi(Uzhavar Sandhai ),Cabbage,Cabbage,Local,07/09/2026,1400,1800,1600
Tamil Nadu,Erode,Thalavadi(Uzhavar Sandhai ),Onion Green,Onion Green,Local,07/09/2026,7500,8000,7750
Tamil Nadu,Cuddalore,Viruthachalam(Uzhavar Sandhai ),Coriander(Leaves),I Sort,Local,07/09/2026,5000,5000,5000
Tamil Nadu,Cuddalore,Viruthachalam(Uzhavar Sandhai ),Banana,Besrai,Local,07/09/2026,4000,7000,5500
Tamil Nadu,Cuddalore,Viruthachalam(Uzhavar Sandhai ),Onion,Bellary,Local,07/09/2026,5500,5500,5500
Tamil Nadu,Cuddalore,Viruthachalam(Uzhavar Sandhai ),Coconut,Coconut,Local,07/09/2026,6000,6000,6000
Tamil Nadu,Cuddalore,Viruthachalam(Uzhavar Sandhai ),Lemon,Lemon,Local,07/09/2026,10000,10000,10000
Tamil Nadu,Cuddalore,Viruthachalam(Uzhavar Sandhai ),Mint(Pudina),Mint(Pudina),Local,07/09/2026,5000,5000,5000
Karnataka,Chamarajanagar,Gundlupet APMC,Beans,Beans (Whole),Local,07/09/2026,4400,4400,4400
Maharashtra,Sangli,APMC Vita ,Brinjal,Other,Local,07/09/2026,2000,2500,2300
Maharashtra,Satara,APMC Karad ,Bitter gourd,Other,Local,07/09/2026,2000,3100,3100
Maharashtra,Satara,APMC Karad ,Drumstick,Other,Local,07/09/2026,3500,4500,4500
Maharashtra,Satara,APMC Karad ,Brinjal,Other,Local,07/09/2026,600,2600,2600
Maharashtra,Satara,APMC Karad ,Green Chilli,Other,Local,07/09/2026,3000,3600,3600
Tamil Nadu,Krishnagiri,Krishnagiri(Uzhavar Sandhai ),Water Melon,Water Melon,Local,07/09/2026,1500,2000,1750
Tamil Nadu,Krishnagiri,Krishnagiri(Uzhavar Sandhai ),Pumpkin,Pumpkin,Local,07/09/2026,1500,2000,1750
Tamil Nadu,Krishnagiri,Krishnagiri(Uzhavar Sandhai ),Cowpea(Veg),Cowpea (Veg),Local,07/09/2026,5000,6000,5500
Tamil Nadu,Krishnagiri,Krishnagiri(Uzhavar Sandhai ),Thondekai,Thondekai,Local,07/09/2026,3000,4000,3500
Tamil Nadu,Krishnagiri,Krishnagiri(Uzhavar Sandhai ),Chow Chow,Chow Chow,Local,07/09/2026,3000,4000,3500
Tamil Nadu,Krishnagiri,Krishnagiri(Uzhavar Sandhai ),Knool Khol,Knool Khol,Local,07/09/2026,4000,5000,4500
Tamil Nadu,Krishnagiri,Krishnagiri(Uzhavar Sandhai ),Guava,Guava Allahabad,Local,07/09/2026,4000,5000,4500
Tamil Nadu,Krishnagiri,Krishnagiri(Uzhavar Sandhai ),Onion Green,Onion Green,Local,07/09/2026,7000,8000,7500
Tamil Nadu,Krishnagiri,Krishnagiri(Uzhavar Sandhai ),Mint(Pudina),Mint(Pudina),Local,07/09/2026,2000,2500,2250
Maharashtra,Satara,APMC Patan ,Bitter gourd,Other,Local,07/09/2026,2500,3000,2750
Tamil Nadu,Nagapattinam,Nagapattinam(Uzhavar Sandhai ),Coriander(Leaves),I Sort,Local,07/09/2026,4200,4200,4200
Tamil Nadu,Nagapattinam,Nagapattinam(Uzhavar Sandhai ),Green Chilli,Green Chilly,Local,07/09/2026,3300,3800,3550
Tamil Nadu,Nagapattinam,Nagapattinam(Uzhavar Sandhai ),Groundnut,Big (With Shell),Local,07/09/2026,5000,5600,5300
Tamil Nadu,Nagapattinam,Nagapattinam(Uzhavar Sandhai ),Ginger(Green),Green Ginger,Local,07/09/2026,14700,16500,15600
Tamil Nadu,Nagapattinam,Nagapattinam(Uzhavar Sandhai ),Cabbage,Cabbage,Local,07/09/2026,4000,4500,4250
Tamil Nadu,Nagapattinam,Nagapattinam(Uzhavar Sandhai ),Beetroot,Beetroot,Local,07/09/2026,3500,4000,3750
Tamil Nadu,Nagapattinam,Nagapattinam(Uzhavar Sandhai ),Ridgeguard(Tori),Ridgeguard(Tori),Local,07/09/2026,5300,5300,5300
Tamil Nadu,Nagapattinam,Nagapattinam(Uzhavar Sandhai ),Tamarind Fruit,Tamarind Fruit,Local,07/09/2026,11100,13000,12050
Uttar Pradesh,Sitapur,Sidhauli APMC,Firewood,Firewood,FAQ,07/09/2026,300,380,324.98
Tamil Nadu,Tenkasi,Sankarankoil(Uzhavar Sandhai ),Banana - Green,Banana - Green,Local,07/09/2026,3500,4000,3750
Tamil Nadu,Tenkasi,Sankarankoil(Uzhavar Sandhai ),Ridgeguard(Tori),Ridgeguard(Tori),Local,07/09/2026,5000,5000,5000
Tamil Nadu,Tenkasi,Sankarankoil(Uzhavar Sandhai ),Raddish,Raddish,Local,07/09/2026,4000,4000,4000
Tamil Nadu,Tenkasi,Sankarankoil(Uzhavar Sandhai ),Onion Green,Onion Green,Local,07/09/2026,6500,8000,7250
Tamil Nadu,Tenkasi,Tenkasi(Uzhavar Sandhai ),Cauliflower,Ranchi,Local,07/09/2026,5000,5000,5000
Tamil Nadu,Tenkasi,Tenkasi(Uzhavar Sandhai ),Cluster beans,Cluster Beans,Local,07/09/2026,3000,3000,3000
Tamil Nadu,Tenkasi,Tenkasi(Uzhavar Sandhai ),Ashgourd,Gouard,Local,07/09/2026,1500,1500,1500
Tamil Nadu,Tenkasi,Tenkasi(Uzhavar Sandhai ),Pumpkin,Pumpkin,Local,07/09/2026,1500,1500,1500
Tamil Nadu,Tenkasi,Tenkasi(Uzhavar Sandhai ),Cowpea(Veg),Cowpea (Veg),Local,07/09/2026,4000,4000,4000
Tamil Nadu,Tenkasi,Tenkasi(Uzhavar Sandhai ),Banana - Green,Banana - Green,Local,07/09/2026,2500,3000,2750
Tamil Nadu,Tenkasi,Tenkasi(Uzhavar Sandhai ),Onion,Bellary,Local,07/09/2026,5000,6000,5500
Tamil Nadu,Tenkasi,Tenkasi(Uzhavar Sandhai ),Sweet Potato,Hosur Red,Local,07/09/2026,6000,6000,6000
Tamil Nadu,Tenkasi,Tenkasi(Uzhavar Sandhai ),Cucumbar(Kheera),Cucumbar,Local,07/09/2026,5000,5000,5000
Tamil Nadu,Tenkasi,Tenkasi(Uzhavar Sandhai ),Jack Fruit(Ripe),Jack Fruit,Local,07/09/2026,3000,3000,3000
Tamil Nadu,Tenkasi,Tenkasi(Uzhavar Sandhai ),Guava,Guava Allahabad,Local,07/09/2026,6000,6000,6000
Tamil Nadu,Tenkasi,Tenkasi(Uzhavar Sandhai ),Colacasia,Colacasia,Local,07/09/2026,5000,6000,5500
Tamil Nadu,Pudukkottai,Pudukottai(Uzhavar Sandhai ),Coriander(Leaves),I Sort,Local,07/09/2026,4000,5000,4500
Tamil Nadu,Pudukkottai,Pudukottai(Uzhavar Sandhai ),Tomato,Deshi,Local,07/09/2026,2500,3000,2750
Tamil Nadu,Pudukkottai,Pudukottai(Uzhavar Sandhai ),Cluster beans,Cluster Beans,Local,07/09/2026,3000,4000,3500
Tamil Nadu,Pudukkottai,Pudukottai(Uzhavar Sandhai ),Bitter gourd,Bitter Gourd,Local,07/09/2026,6000,7000,6500
Tamil Nadu,Pudukkottai,Pudukottai(Uzhavar Sandhai ),Green Avare(W),Other,Local,07/09/2026,6000,7000,6500
Tamil Nadu,Pudukkottai,Pudukottai(Uzhavar Sandhai ),Banana - Green,Banana - Green,Local,07/09/2026,2500,3000,2750
Tamil Nadu,Pudukkottai,Pudukottai(Uzhavar Sandhai ),Beans,Beans (Whole),Local,07/09/2026,8000,9000,8500
Tamil Nadu,Pudukkottai,Pudukottai(Uzhavar Sandhai ),Onion,Bellary,Local,07/09/2026,6000,7000,6500
Tamil Nadu,Pudukkottai,Pudukottai(Uzhavar Sandhai ),Snakeguard,Snakeguard,Local,07/09/2026,3000,4000,3500
Tamil Nadu,Pudukkottai,Pudukottai(Uzhavar Sandhai ),Mango(Raw-Ripe),Mango - Raw-Ripe,Local,07/09/2026,9000,10000,9500
Tamil Nadu,Pudukkottai,Pudukottai(Uzhavar Sandhai ),Knool Khol,Knool Khol,Local,07/09/2026,3000,4000,3500
Tamil Nadu,Pudukkottai,Pudukottai(Uzhavar Sandhai ),Tender Coconut,Tender Coconut,Local,07/09/2026,5000,6000,5500
Tamil Nadu,Pudukkottai,Pudukottai(Uzhavar Sandhai ),Elephant Yam(Suran)/Amorphophallus,Elephant Yam (Suran),Local,07/09/2026,5000,6000,5500
Tamil Nadu,Pudukkottai,Pudukottai(Uzhavar Sandhai ),Lemon,Lemon,Local,07/09/2026,19000,20000,19500
Tamil Nadu,Pudukkottai,Pudukottai(Uzhavar Sandhai ),Mashrooms,Mashrooms,Local,07/09/2026,24000,25000,24500
Tamil Nadu,Pudukkottai,Pudukottai(Uzhavar Sandhai ),Mint(Pudina),Mint(Pudina),Local,07/09/2026,4000,5000,4500
Tamil Nadu,Thanjavur,Kumbakonam (Uzhavar Sandhai ),Brinjal,Round,Local,07/09/2026,3600,6000,4800
Tamil Nadu,Thanjavur,Kumbakonam (Uzhavar Sandhai ),Papaya,Papaya,Local,07/09/2026,4000,4000,4000
Tamil Nadu,Thanjavur,Kumbakonam (Uzhavar Sandhai ),Snakeguard,Snakeguard,Local,07/09/2026,3000,4200,3600
Tamil Nadu,Thanjavur,Kumbakonam (Uzhavar Sandhai ),Chow Chow,Chow Chow,Local,07/09/2026,3600,3600,3600
Uttar Pradesh,Etah,Awagarh APMC,Bottle gourd,Bottle Gourd,FAQ,07/09/2026,1000,1250,1100
Uttar Pradesh,Etah,Awagarh APMC,Onion,Other,FAQ,07/09/2026,1800,1800,1800
Tamil Nadu,The Nilgiris,Udhagamandalam(Uzhavar Sandhai ),Cauliflower,Ranchi,Local,07/09/2026,4000,4500,4250
Tamil Nadu,The Nilgiris,Udhagamandalam(Uzhavar Sandhai ),Green Peas,Green Peas,Local,07/09/2026,10000,12000,11000
Tamil Nadu,The Nilgiris,Udhagamandalam(Uzhavar Sandhai ),Cluster beans,Cluster Beans,Local,07/09/2026,3500,4000,3750
Tamil Nadu,The Nilgiris,Udhagamandalam(Uzhavar Sandhai ),Bitter gourd,Bitter Gourd,Local,07/09/2026,4500,5000,4750
Tamil Nadu,The Nilgiris,Udhagamandalam(Uzhavar Sandhai ),Ashgourd,Gouard,Local,07/09/2026,1500,2000,1750
Tamil Nadu,The Nilgiris,Udhagamandalam(Uzhavar Sandhai ),Green Chilli,Green Chilly,Local,07/09/2026,4000,4500,4250
Tamil Nadu,The Nilgiris,Udhagamandalam(Uzhavar Sandhai ),Orange,Darjeeling,Local,07/09/2026,10000,11000,10500
Tamil Nadu,The Nilgiris,Udhagamandalam(Uzhavar Sandhai ),Onion,Bellary,Local,07/09/2026,6000,6500,6250
Tamil Nadu,The Nilgiris,Udhagamandalam(Uzhavar Sandhai ),Beetroot,Beetroot,Local,07/09/2026,4500,5000,4750
Tamil Nadu,The Nilgiris,Udhagamandalam(Uzhavar Sandhai ),Thondekai,Thondekai,Local,07/09/2026,3000,3500,3250
Tamil Nadu,The Nilgiris,Udhagamandalam(Uzhavar Sandhai ),Lime,Lime,Local,07/09/2026,10000,11000,10500
Tamil Nadu,The Nilgiris,Udhagamandalam(Uzhavar Sandhai ),Mint(Pudina),Mint(Pudina),Local,07/09/2026,4500,5000,4750
Tamil Nadu,Theni,Andipatti(Uzhavar Sandhai ),Cluster beans,Cluster Beans,Local,07/09/2026,2200,2400,2300
Tamil Nadu,Theni,Andipatti(Uzhavar Sandhai ),Onion,Bellary,Local,07/09/2026,5800,6000,5900
Tamil Nadu,Theni,Andipatti(Uzhavar Sandhai ),Drumstick,Drumstick,Local,07/09/2026,2500,3000,2750
Tamil Nadu,Theni,Andipatti(Uzhavar Sandhai ),Elephant Yam(Suran)/Amorphophallus,Elephant Yam (Suran),Local,07/09/2026,3800,4000,3900
Tamil Nadu,Theni,Andipatti(Uzhavar Sandhai ),Lemon,Lemon,Local,07/09/2026,22500,23000,22750
Tamil Nadu,Theni,Andipatti(Uzhavar Sandhai ),Onion Green,Onion Green,Local,07/09/2026,7500,8000,7750
Tamil Nadu,Theni,Bodinayakanur(Uzhavar Sandhai ),Potato,Red Nanital,Local,07/09/2026,2800,2800,2800
Tamil Nadu,Theni,Bodinayakanur(Uzhavar Sandhai ),Ashgourd,Gouard,Local,07/09/2026,1500,1500,1500
Tamil Nadu,Theni,Bodinayakanur(Uzhavar Sandhai ),Beans,Beans (Whole),Local,07/09/2026,8000,8000,8000
Tamil Nadu,Theni,Bodinayakanur(Uzhavar Sandhai ),Chow Chow,Chow Chow,Local,07/09/2026,2400,2400,2400
Tamil Nadu,Theni,Bodinayakanur(Uzhavar Sandhai ),Onion Green,Onion Green,Local,07/09/2026,7800,7800,7800
Tamil Nadu,Thanjavur,Budalur APMC,Paddy(Common),B P T,Local,07/09/2026,2300,2500,2400
Haryana,Mewat,Tauru APMC,Raddish,Other,Local,07/09/2026,1500,1500,1500
West Bengal,Jalpaiguri,Dhupguri APMC,Bhindi(Ladies Finger),Other,FAQ,07/09/2026,2800,3000,2900
Tamil Nadu,Thiruvarur,Needamangalam(Uzhavar Sandhai ),Brinjal,Round,Local,07/09/2026,3800,3800,3800
Tamil Nadu,Thiruvarur,Needamangalam(Uzhavar Sandhai ),Cluster beans,Cluster Beans,Local,07/09/2026,3400,3400,3400
Tamil Nadu,Thiruvarur,Needamangalam(Uzhavar Sandhai ),Green Chilli,Green Chilly,Local,07/09/2026,4800,4800,4800
Tamil Nadu,Thiruvarur,Tiruvarur(Uzhavar Sandhai ),Brinjal,Round,Local,07/09/2026,4000,4000,4000
Tamil Nadu,Thiruvarur,Tiruvarur(Uzhavar Sandhai ),Coriander(Leaves),I Sort,Local,07/09/2026,4000,4000,4000
Tamil Nadu,Thiruvarur,Tiruvarur(Uzhavar Sandhai ),Bottle gourd,Bottle Gourd,Local,07/09/2026,3000,3000,3000
Tamil Nadu,Thiruvarur,Tiruvarur(Uzhavar Sandhai ),Ridgeguard(Tori),Ridgeguard(Tori),Local,07/09/2026,4500,4500,4500
Tamil Nadu,Thiruvarur,Tiruvarur(Uzhavar Sandhai ),Drumstick,Drumstick,Local,07/09/2026,4600,4600,4600
Tamil Nadu,Thiruvarur,Tiruvarur(Uzhavar Sandhai ),Lime,Lime,Local,07/09/2026,3000,3000,3000
West Bengal,Medinipur(E),Tamluk (Medinipur E) APMC,Masur Dal,Masur Dal,FAQ,07/09/2026,10400,10800,10600
West Bengal,Medinipur(E),Tamluk (Medinipur E) APMC,Brinjal,Brinjal,FAQ,07/09/2026,3600,4000,3800
Bihar,East Champaran/ Motihari,Madhuban APMC,Onion,1st Sort,FAQ,07/09/2026,4000,4400,4200
Bihar,East Champaran/ Motihari,Raxaul APMC,Onion,1st Sort,Grade A,07/09/2026,4200,4400,4300
Bihar,Madhubani,Benipatti APMC,Bhindi(Ladies Finger),Bhindi,FAQ,07/09/2026,1400,1500,1400
Bihar,Madhubani,Benipatti APMC,Cucumbar(Kheera),Cucumbar,FAQ,07/09/2026,2500,2600,2600
Uttar Pradesh,Bahraich,Bahraich APMC,Wood,Other,FAQ,07/09/2026,550,550,550
Madhya Pradesh,Chhatarpur,Chattarpur(F&V) APMC,Potato,Other,Grade C,07/09/2026,850,850,850
West Bengal,Murshidabad,Kasimbazar APMC,Jute,Other,TD 3 (FAQ),07/09/2026,12000,12500,12300
Keralam,Malappuram,Vazhayur VFPCK Market,Banana,Nendra Bale,Local,07/09/2026,4700,4900,4800
West Bengal,Birbhum,Sainthia APMC,Onion,Onion,FAQ,07/09/2026,4300,4500,4400
West Bengal,Medinipur(E),Kolaghat APMC,Rose(Local),Rose (Local),FAQ,07/09/2026,36000,38000,37000
Tamil Nadu,Virudhunagar,Aruppukottai(Uzhavar Sandhai ),Chikoos(Sapota),Sapota,Local,07/09/2026,3000,4000,3500
Tamil Nadu,Virudhunagar,Aruppukottai(Uzhavar Sandhai ),Papaya,Papaya,Local,07/09/2026,3000,3500,3250
Tamil Nadu,Virudhunagar,Aruppukottai(Uzhavar Sandhai ),Bottle gourd,Bottle Gourd,Local,07/09/2026,2500,3000,2750
Tamil Nadu,Virudhunagar,Aruppukottai(Uzhavar Sandhai ),Banana,Besrai,Local,07/09/2026,3000,4000,3500
Tamil Nadu,Virudhunagar,Aruppukottai(Uzhavar Sandhai ),Carrot,Pusakesar,Local,07/09/2026,6000,7000,6500
Tamil Nadu,Virudhunagar,Aruppukottai(Uzhavar Sandhai ),Cucumbar(Kheera),Cucumbar,Local,07/09/2026,6000,8000,7000
Tamil Nadu,Virudhunagar,Aruppukottai(Uzhavar Sandhai ),Thondekai,Thondekai,Local,07/09/2026,3000,4000,3500
Tamil Nadu,Villupuram,Gingee(Uzhavar Sandhai ),Banana - Green,Banana - Green,Local,07/09/2026,4000,4000,4000
Tamil Nadu,Villupuram,Gingee(Uzhavar Sandhai ),Carrot,Pusakesar,Local,07/09/2026,5500,5500,5500
Tamil Nadu,Villupuram,Gingee(Uzhavar Sandhai ),Beetroot,Beetroot,Local,07/09/2026,4500,4500,4500
Tamil Nadu,Villupuram,Gingee(Uzhavar Sandhai ),Cucumbar(Kheera),Cucumbar,Local,07/09/2026,4500,4500,4500
Tamil Nadu,Villupuram,Gingee(Uzhavar Sandhai ),Mango(Raw-Ripe),Mango - Raw-Ripe,Local,07/09/2026,9000,9000,9000
Tamil Nadu,Villupuram,Gingee(Uzhavar Sandhai ),Knool Khol,Knool Khol,Local,07/09/2026,4000,4000,4000
Tamil Nadu,Villupuram,Gingee(Uzhavar Sandhai ),Yam(Ratalu),Yam (Ratalu),Local,07/09/2026,6000,6000,6000
Tamil Nadu,Villupuram,Gingee(Uzhavar Sandhai ),Lemon,Lemon,Local,07/09/2026,15000,15000,15000
Tamil Nadu,Villupuram,Gingee(Uzhavar Sandhai ),Amla(Nelli Kai),Amla,Local,07/09/2026,9000,10000,9500
Uttar Pradesh,Barabanki,Barabanki APMC,Gram Raw(Chholia),Other,FAQ,07/09/2026,6875,6875,6875
Uttar Pradesh,Barabanki,Barabanki APMC,Potato,Other,FAQ,07/09/2026,600,600,600
Uttar Pradesh,Saharanpur,CHHUTMALPUR APMC,Cauliflower,Cauliflower,Local,07/09/2026,1600,1800,1700
Tamil Nadu,Thiruvellore,Tiruthani(Uzhavar Sandhai ),Brinjal,Round,Local,07/09/2026,4000,4000,4000
Tamil Nadu,Thiruvellore,Tiruthani(Uzhavar Sandhai ),Cluster beans,Cluster Beans,Local,07/09/2026,4000,4000,4000
Tamil Nadu,Thiruvellore,Tiruthani(Uzhavar Sandhai ),Bitter gourd,Bitter Gourd,Local,07/09/2026,6000,6000,6000
Tamil Nadu,Thiruvellore,Tiruthani(Uzhavar Sandhai ),Bottle gourd,Bottle Gourd,Local,07/09/2026,3000,3000,3000
Tamil Nadu,Thiruvellore,Tiruthani(Uzhavar Sandhai ),Ridgeguard(Tori),Ridgeguard(Tori),Local,07/09/2026,6000,6000,6000
Tamil Nadu,Virudhunagar,Kariyapatti(Uzhavar Sandhai ),Coriander(Leaves),I Sort,Local,07/09/2026,3500,4000,3750
Tamil Nadu,Virudhunagar,Kariyapatti(Uzhavar Sandhai ),Papaya,Papaya,Local,07/09/2026,3000,3500,3250
Tamil Nadu,Virudhunagar,Kariyapatti(Uzhavar Sandhai ),Tomato,Deshi,Local,07/09/2026,2500,3000,2750
Tamil Nadu,Virudhunagar,Kariyapatti(Uzhavar Sandhai ),Cluster beans,Cluster Beans,Local,07/09/2026,3500,4000,3750
Tamil Nadu,Virudhunagar,Kariyapatti(Uzhavar Sandhai ),Bottle gourd,Bottle Gourd,Local,07/09/2026,1800,2000,1900
Tamil Nadu,Virudhunagar,Kariyapatti(Uzhavar Sandhai ),Beetroot,Beetroot,Local,07/09/2026,4000,4500,4250
Tamil Nadu,Virudhunagar,Kariyapatti(Uzhavar Sandhai ),Chow Chow,Chow Chow,Local,07/09/2026,3000,3500,3250
Tamil Nadu,Virudhunagar,Kariyapatti(Uzhavar Sandhai ),Elephant Yam(Suran)/Amorphophallus,Elephant Yam (Suran),Local,07/09/2026,4500,5000,4750
Uttar Pradesh,Sambhal,Chandausi APMC,Gur(Jaggery),Other,FAQ,07/09/2026,4200,4200,4200
Uttar Pradesh,Aligarh,Charra APMC,Green Gram(Moong)(Whole),Other,FAQ,07/09/2026,8768,8768,8768
Tamil Nadu,Thiruvellore,Tiruvallur(Uzhavar Sandhai ),Ashgourd,Gouard,Local,07/09/2026,2500,3000,2750
Tamil Nadu,Thiruvellore,Tiruvallur(Uzhavar Sandhai ),Onion,Bellary,Local,07/09/2026,5000,5000,5000
Tamil Nadu,Thiruvellore,Tiruvallur(Uzhavar Sandhai ),Snakeguard,Snakeguard,Local,07/09/2026,4000,4000,4000
Tamil Nadu,Thiruvellore,Tiruvallur(Uzhavar Sandhai ),Thondekai,Thondekai,Local,07/09/2026,4000,4000,4000
Tamil Nadu,Thiruvellore,Tiruvallur(Uzhavar Sandhai ),Tender Coconut,Tender Coconut,Local,07/09/2026,3000,3000,3000
Madhya Pradesh,Shivpuri,Karera(F&V) APMC,Banana,Banana-Organic,Local,07/09/2026,1600,2300,1900
Madhya Pradesh,Khandwa,Sanawad(F&V) APMC,Bitter gourd,Bitter Gourd,Medium,07/09/2026,2000,2500,2300
Madhya Pradesh,Khandwa,Sanawad(F&V) APMC,Bottle gourd,Bottle Gourd,Medium,07/09/2026,500,600,600
Tamil Nadu,Vellore,Katpadi (Uzhavar Sandhai ),Garlic,Garlic,Local,07/09/2026,21000,21000,21000
Tamil Nadu,Vellore,Katpadi (Uzhavar Sandhai ),Brinjal,Round,Local,07/09/2026,3000,4000,3500
Tamil Nadu,Vellore,Katpadi (Uzhavar Sandhai ),Papaya,Papaya,Local,07/09/2026,4000,4500,4250
Tamil Nadu,Vellore,Katpadi (Uzhavar Sandhai ),Tomato,Deshi,Local,07/09/2026,3000,3000,3000
Tamil Nadu,Vellore,Katpadi (Uzhavar Sandhai ),Bhindi(Ladies Finger),Bhindi,Local,07/09/2026,3500,3500,3500
Tamil Nadu,Vellore,Katpadi (Uzhavar Sandhai ),Banana - Green,Banana - Green,Local,07/09/2026,3000,3000,3000
Tamil Nadu,Vellore,Katpadi (Uzhavar Sandhai ),Onion,Bellary,Local,07/09/2026,6200,6200,6200
Tamil Nadu,Vellore,Katpadi (Uzhavar Sandhai ),Ginger(Green),Green Ginger,Local,07/09/2026,16000,16000,16000
Tamil Nadu,Vellore,Katpadi (Uzhavar Sandhai ),Sweet Potato,Hosur Red,Local,07/09/2026,3500,3500,3500
Tamil Nadu,Vellore,Katpadi (Uzhavar Sandhai ),Guava,Guava Allahabad,Local,07/09/2026,4500,5000,4750
Tamil Nadu,Vellore,Katpadi (Uzhavar Sandhai ),Pomegranate,Pomogranate,Local,07/09/2026,18000,18000,18000
Tamil Nadu,Vellore,Katpadi (Uzhavar Sandhai ),Elephant Yam(Suran)/Amorphophallus,Elephant Yam (Suran),Local,07/09/2026,5500,5500,5500
Tamil Nadu,Vellore,Katpadi (Uzhavar Sandhai ),Indian Beans(Seam),Indian Beans (Seam),Local,07/09/2026,5000,5000,5000
Assam,Nagaon,Ambagan APMC,Tomato,Tomato,FAQ,07/09/2026,3200,3400,3300
Keralam,Kottayam,Ettumanoor VFPCK Market,Cowpea(Veg),Cowpea (Veg),Grade A,07/09/2026,5800,6200,6000
West Bengal,Uttar Dinajpur,Kaliaganj APMC,Rice,Fine,FAQ,07/09/2026,5400,5600,5500
Tamil Nadu,Madurai,Thirumangalam(Uzhavar Sandhai ),Bitter gourd,Bitter Gourd,Local,07/09/2026,4500,5500,5000
Tamil Nadu,Madurai,Thirumangalam(Uzhavar Sandhai ),Raddish,Raddish,Local,07/09/2026,2400,2800,2600
Tamil Nadu,Madurai,Thirumangalam(Uzhavar Sandhai ),Lemon,Lemon,Local,07/09/2026,22000,24000,23000
Tamil Nadu,Madurai,Thirumangalam(Uzhavar Sandhai ),Onion Green,Onion Green,Local,07/09/2026,7500,8000,7750
Tamil Nadu,Madurai,Melur(Uzhavar Sandhai ),Brinjal,Round,Local,07/09/2026,3600,4000,3800
Tamil Nadu,Madurai,Melur(Uzhavar Sandhai ),Chikoos(Sapota),Sapota,Local,07/09/2026,4000,6000,5000
Tamil Nadu,Madurai,Melur(Uzhavar Sandhai ),Pumpkin,Pumpkin,Local,07/09/2026,1600,2000,1800
Tamil Nadu,Madurai,Melur(Uzhavar Sandhai ),Sweet Potato,Hosur Red,Local,07/09/2026,5500,6000,5750
Tamil Nadu,Madurai,Melur(Uzhavar Sandhai ),Drumstick,Drumstick,Local,07/09/2026,4000,5000,4500
Tamil Nadu,Madurai,Melur(Uzhavar Sandhai ),Lime,Lime,Local,07/09/2026,3600,4000,3800
Tamil Nadu,Madurai,Melur(Uzhavar Sandhai ),Elephant Yam(Suran)/Amorphophallus,Elephant Yam (Suran),Local,07/09/2026,4000,4500,4250
Tamil Nadu,Madurai,Melur(Uzhavar Sandhai ),Yam(Ratalu),Yam (Ratalu),Local,07/09/2026,6500,7000,6750
Tamil Nadu,Madurai,Melur(Uzhavar Sandhai ),Onion Green,Onion Green,Local,07/09/2026,7500,8000,7750
Madhya Pradesh,Chhatarpur,Bakswaha APMC,Wheat,Mill Quality,FAQ,07/09/2026,2510,2530,2530
Keralam,Pathanamthitta,Ezhamkulam VFPCK Market,Bitter gourd,Bitter Gourd,Grade A,07/09/2026,5000,5700,5300
Tamil Nadu,Salem,Vazhapadi(Uzhavar Sandhai),Potato,Red Nanital,Local,07/09/2026,3200,3400,3300
Tamil Nadu,Salem,Vazhapadi(Uzhavar Sandhai),Garlic,Garlic,Local,07/09/2026,23500,25000,24250
Tamil Nadu,Salem,Vazhapadi(Uzhavar Sandhai),Brinjal,Other,Local,07/09/2026,2000,2500,2250
Tamil Nadu,Salem,Vazhapadi(Uzhavar Sandhai),Green Avare(W),Other,Local,07/09/2026,5500,6000,5750
Tamil Nadu,Salem,Vazhapadi(Uzhavar Sandhai),Tomato,Deshi,Local,07/09/2026,2000,2500,2250
Tamil Nadu,Salem,Vazhapadi(Uzhavar Sandhai),Beans,Beans (Whole),Local,07/09/2026,7000,8000,7500
Tamil Nadu,Salem,Vazhapadi(Uzhavar Sandhai),Snakeguard,Snakeguard,Local,07/09/2026,2000,2500,2250
Tamil Nadu,Salem,Vazhapadi(Uzhavar Sandhai),Mint(Pudina),Mint(Pudina),Local,07/09/2026,3000,3500,3250
Tamil Nadu,Karur,Gandhigramam(Uzhavar Sandhai),Tomato,Other,Local,07/09/2026,2800,3000,2900
Tamil Nadu,Karur,Gandhigramam(Uzhavar Sandhai),Bottle gourd,Bottle Gourd,Local,07/09/2026,2500,3000,2750
Tamil Nadu,Karur,Gandhigramam(Uzhavar Sandhai),Amaranthus,Amaranthus,Local,07/09/2026,2000,2500,2250
Tamil Nadu,Karur,Gandhigramam(Uzhavar Sandhai),Green Chilli,Green Chilly,Local,07/09/2026,4500,5000,4750
Tamil Nadu,Karur,Gandhigramam(Uzhavar Sandhai),Onion,Bellary,Local,07/09/2026,5500,6000,5750
Tamil Nadu,Karur,Gandhigramam(Uzhavar Sandhai),Ginger(Green),Green Ginger,Local,07/09/2026,16000,18000,17000
Tamil Nadu,Karur,Gandhigramam(Uzhavar Sandhai),Guava,Guava Allahabad,Local,07/09/2026,6000,7000,6500
Karnataka,Bengaluru South,Ramanagara APMC,Beans,Beans (Whole),Local,07/09/2026,4000,6000,5200
Karnataka,Bengaluru South,Ramanagara APMC,Ladies Finger,Ladies Finger,Local,07/09/2026,2000,3200,2800
Karnataka,Bengaluru South,Ramanagara APMC,Ridgeguard(Tori),Ridgeguard(Tori),Local,07/09/2026,2500,3600,3000
Karnataka,Bengaluru South,Ramanagara APMC,Capsicum,Capsicum,Local,07/09/2026,3200,4500,4000
Karnataka,Bengaluru South,Ramanagara APMC,Cauliflower,Cauliflower,Local,07/09/2026,2400,3200,3000
Keralam,Kottayam,Thrikkodithanam  VFPCK Market,Cowpea(Veg),Cowpea (Veg),Grade A,07/09/2026,6500,7000,7000
Tamil Nadu,Pudukkottai,Aranthangi(Uzhavar Sandhai ),Bottle gourd,Bottle Gourd,Local,07/09/2026,2500,3000,2750
Tamil Nadu,Pudukkottai,Aranthangi(Uzhavar Sandhai ),Bhindi(Ladies Finger),Bhindi,Local,07/09/2026,3500,4000,3750
Tamil Nadu,Pudukkottai,Aranthangi(Uzhavar Sandhai ),Ridgeguard(Tori),Ridgeguard(Tori),Local,07/09/2026,4500,5000,4750
Tamil Nadu,Pudukkottai,Aranthangi(Uzhavar Sandhai ),Mint(Pudina),Mint(Pudina),Local,07/09/2026,4500,5000,4750
Karnataka,Bengaluru Rural,Hoskote APMC,Raddish,Raddish,Medium,07/09/2026,2700,2900,2800
Tamil Nadu,Nagapattinam,Vedaranyam(Uzhavar Sandhai),Potato,Red Nanital,Local,07/09/2026,3500,4000,3750
Tamil Nadu,Nagapattinam,Vedaranyam(Uzhavar Sandhai),Bitter gourd,Bitter Gourd,Local,07/09/2026,5000,6000,5500
Tamil Nadu,Nagapattinam,Vedaranyam(Uzhavar Sandhai),Ashgourd,Gouard,Local,07/09/2026,2500,3000,2750
Tamil Nadu,Nagapattinam,Vedaranyam(Uzhavar Sandhai),Pumpkin,Pumpkin,Local,07/09/2026,2500,3000,2750
Tamil Nadu,Nagapattinam,Vedaranyam(Uzhavar Sandhai),Banana,Poovan,Local,07/09/2026,4000,4500,4250
Tamil Nadu,Vellore,Perampet(Uzhavar Sandhai),Brinjal,Other,Local,07/09/2026,3000,3600,3300
Tamil Nadu,Vellore,Perampet(Uzhavar Sandhai),Cluster beans,Cluster Beans,Local,07/09/2026,3000,3600,3300
Tamil Nadu,Vellore,Perampet(Uzhavar Sandhai),Bhindi(Ladies Finger),Bhindi,Local,07/09/2026,2000,2600,2300
Tamil Nadu,Vellore,Perampet(Uzhavar Sandhai),Cowpea(Veg),Cowpea (Veg),Local,07/09/2026,5000,5000,5000
Tamil Nadu,Vellore,Perampet(Uzhavar Sandhai),Banana - Green,Banana - Green,Local,07/09/2026,4000,4000,4000
Tamil Nadu,Vellore,Perampet(Uzhavar Sandhai),Carrot,Pusakesar,Local,07/09/2026,5000,5600,5300
Tamil Nadu,Vellore,Perampet(Uzhavar Sandhai),Drumstick,Drumstick,Local,07/09/2026,2000,2000,2000
Tamil Nadu,Vellore,Perampet(Uzhavar Sandhai),Knool Khol,Knool Khol,Local,07/09/2026,4000,4600,4300
Tamil Nadu,Vellore,Perampet(Uzhavar Sandhai),Guava,Guava Allahabad,Local,07/09/2026,4000,4500,4250
Tamil Nadu,Vellore,Perampet(Uzhavar Sandhai),Tender Coconut,Tender Coconut,Local,07/09/2026,2000,2500,2250
Tamil Nadu,Vellore,Perampet(Uzhavar Sandhai),Elephant Yam(Suran)/Amorphophallus,Elephant Yam (Suran),Local,07/09/2026,6000,6000,6000
Tamil Nadu,Vellore,Perampet(Uzhavar Sandhai),Colacasia,Colacasia,Local,07/09/2026,5000,5600,5300
Tamil Nadu,Vellore,Perampet(Uzhavar Sandhai),Amla(Nelli Kai),Amla,Local,07/09/2026,10000,10000,10000
Tamil Nadu,Vellore,Perampet(Uzhavar Sandhai),Onion Green,Onion Green,Local,07/09/2026,8000,9000,8500
Maharashtra,Pune,Pune(Pimpri) ,Bhindi(Ladies Finger),Other,Local,07/09/2026,4000,4000,4000
Maharashtra,Pune,Pune(Pimpri) ,Bottle gourd,Other,Local,07/09/2026,1300,1500,1400
Maharashtra,Pune,Pune(Pimpri) ,Spinach,Other,Local,07/09/2026,6,9,8
Maharashtra,Pune,Pune(Pimpri) ,Brinjal,Other,Local,07/09/2026,3000,3000,3000
Andhra Pradesh,Srikakulam,Etcherla APMC,Maize,Deshi White,Local,07/09/2026,2400,2400,2400
Tamil Nadu,Karur,Kulithalai(Uzhavar Sandhai ),Amaranthus,Amaranthus,Local,07/09/2026,2200,3000,2600
Tamil Nadu,Karur,Kulithalai(Uzhavar Sandhai ),Cowpea(Veg),Cowpea (Veg),Local,07/09/2026,3000,4000,3500
Tamil Nadu,Karur,Kulithalai(Uzhavar Sandhai ),Banana,Other,Local,07/09/2026,4500,5500,5000
Tamil Nadu,Karur,Kulithalai(Uzhavar Sandhai ),Coconut,Coconut,Local,07/09/2026,5500,6000,5750
Tamil Nadu,Karur,Kulithalai(Uzhavar Sandhai ),Betal Leaves,Mysore,Local,07/09/2026,10000,10000,10000
Tamil Nadu,Karur,Kulithalai(Uzhavar Sandhai ),Beetroot,Beetroot,Local,07/09/2026,5000,6000,5500
Tamil Nadu,Karur,Kulithalai(Uzhavar Sandhai ),Raddish,Raddish,Local,07/09/2026,2200,3200,2700
Tamil Nadu,Karur,Kulithalai(Uzhavar Sandhai ),Chow Chow,Chow Chow,Local,07/09/2026,3000,4000,3500
Tamil Nadu,Karur,Kulithalai(Uzhavar Sandhai ),Colacasia,Colacasia,Local,07/09/2026,5000,6000,5500
Tamil Nadu,Karur,Kulithalai(Uzhavar Sandhai ),Amla(Nelli Kai),Amla,Local,07/09/2026,7000,8000,7500
Andhra Pradesh,East Godavari,Mandapeta APMC,Paddy(Common),1001,FAQ,07/09/2026,2369,2400,2389
Tamil Nadu,Chengalpattu,Guduvancheri(Uzhavar Sandhai ),Papaya,Papaya,Local,07/09/2026,5000,6000,5500
Tamil Nadu,Chengalpattu,Guduvancheri(Uzhavar Sandhai ),Bitter gourd,Bitter Gourd,Local,07/09/2026,6000,7000,6500
Tamil Nadu,Chengalpattu,Guduvancheri(Uzhavar Sandhai ),Coconut,Coconut,Local,07/09/2026,6000,7000,6500
Tamil Nadu,Chengalpattu,Guduvancheri(Uzhavar Sandhai ),Ridgeguard(Tori),Ridgeguard(Tori),Local,07/09/2026,6000,7000,6500
Tamil Nadu,Chengalpattu,Guduvancheri(Uzhavar Sandhai ),Drumstick,Drumstick,Local,07/09/2026,6000,7000,6500
Tamil Nadu,Chengalpattu,Guduvancheri(Uzhavar Sandhai ),Onion Green,Onion Green,Local,07/09/2026,10000,11000,10500
Tamil Nadu,Thirupathur,Vaniyampadi(Uzhavar Sandhai ),Coriander(Leaves),I Sort,Local,07/09/2026,4000,4000,4000
Tamil Nadu,Thirupathur,Vaniyampadi(Uzhavar Sandhai ),Banana - Green,Banana - Green,Local,07/09/2026,3000,3000,3000
Tamil Nadu,Thirupathur,Vaniyampadi(Uzhavar Sandhai ),Raddish,Raddish,Local,07/09/2026,3000,3000,3000
Tamil Nadu,Thirupathur,Vaniyampadi(Uzhavar Sandhai ),Mango(Raw-Ripe),Mango - Raw-Ripe,Local,07/09/2026,10000,10000,10000
Tamil Nadu,Thirupathur,Vaniyampadi(Uzhavar Sandhai ),Guava,Guava Allahabad,Local,07/09/2026,4000,4000,4000
Tamil Nadu,Thirupathur,Vaniyampadi(Uzhavar Sandhai ),Yam(Ratalu),Yam (Ratalu),Local,07/09/2026,6000,6000,6000
Tamil Nadu,Thirupathur,Vaniyampadi(Uzhavar Sandhai ),Mint(Pudina),Mint(Pudina),Local,07/09/2026,4000,4000,4000
Tamil Nadu,Thirupur,Dharapuram(Uzhavar Sandhai ),Tomato,Deshi,Local,07/09/2026,1500,1800,1650
Tamil Nadu,Thirupur,Dharapuram(Uzhavar Sandhai ),Cowpea(Veg),Cowpea (Veg),Local,07/09/2026,3500,4000,3750
Tamil Nadu,Thirupur,Dharapuram(Uzhavar Sandhai ),Ginger(Green),Green Ginger,Local,07/09/2026,15000,16000,15500
Tamil Nadu,Thirupur,Dharapuram(Uzhavar Sandhai ),Beetroot,Beetroot,Local,07/09/2026,3000,7000,5000
Tamil Nadu,Thirupur,Dharapuram(Uzhavar Sandhai ),Green Avare(W),Green Avare (W),Local,07/09/2026,6000,7000,6500
Tamil Nadu,Thirupur,Dharapuram(Uzhavar Sandhai ),Guava,Guava Allahabad,Local,07/09/2026,3000,4000,3500
Tamil Nadu,Thirupur,Palladam(Uzhavar Sandhai ),Cluster beans,Cluster Beans,Local,07/09/2026,3500,4000,3750
Tamil Nadu,Thirupur,Palladam(Uzhavar Sandhai ),Green Chilli,Green Chilly,Local,07/09/2026,3500,4000,3750
Tamil Nadu,Thirupur,Palladam(Uzhavar Sandhai ),Banana - Green,Banana - Green,Local,07/09/2026,2500,3000,2750
Tamil Nadu,Thirupur,Palladam(Uzhavar Sandhai ),Coconut,Coconut,Local,07/09/2026,5000,6000,5500
Tamil Nadu,Thirupur,Palladam(Uzhavar Sandhai ),Beetroot,Beetroot,Local,07/09/2026,2500,3000,2750
Tamil Nadu,Thirupur,Palladam(Uzhavar Sandhai ),Raddish,Raddish,Local,07/09/2026,2500,3000,2750
Tamil Nadu,Thirupur,Palladam(Uzhavar Sandhai ),Green Avare(W),Other,Local,07/09/2026,6000,7000,6500
Tamil Nadu,Thirupur,Palladam(Uzhavar Sandhai ),Mint(Pudina),Mint(Pudina),Local,07/09/2026,2500,3000,2750
Telangana,Ranga Reddy,"Saroornagar,RBZ",Bitter gourd,Other,Medium,07/09/2026,3200,3200,3200
Telangana,Ranga Reddy,"Saroornagar,RBZ",Cabbage,Other,Medium,07/09/2026,1300,1300,1300
Telangana,Ranga Reddy,"Saroornagar,RBZ",Cucumbar(Kheera),Cucumbar,Medium,07/09/2026,1600,1600,1600
Telangana,Ranga Reddy,"Saroornagar,RBZ",Yam(Ratalu),Yam (Ratalu),Medium,07/09/2026,3500,3500,3500
Tamil Nadu,Kallakuruchi,Kallakurichi(Uzhavar Sandhai ),Cauliflower,Ranchi,Local,07/09/2026,3000,3000,3000
Tamil Nadu,Kallakuruchi,Kallakurichi(Uzhavar Sandhai ),Ashgourd,Gouard,Local,07/09/2026,3000,3000,3000
Tamil Nadu,Kallakuruchi,Kallakurichi(Uzhavar Sandhai ),Onion,Bellary,Local,07/09/2026,6000,6000,6000
Tamil Nadu,Kallakuruchi,Kallakurichi(Uzhavar Sandhai ),Coconut,Coconut,Local,07/09/2026,6000,6000,6000
Tamil Nadu,Kallakuruchi,Kallakurichi(Uzhavar Sandhai ),Guava,Guava Allahabad,Local,07/09/2026,6000,6000,6000
Tamil Nadu,Kallakuruchi,Kallakurichi(Uzhavar Sandhai ),Tender Coconut,Tender Coconut,Local,07/09/2026,3000,3000,3000
Tamil Nadu,Kallakuruchi,Kallakurichi(Uzhavar Sandhai ),Yam(Ratalu),Yam (Ratalu),Local,07/09/2026,3000,3000,3000
Tamil Nadu,Kallakuruchi,Kallakurichi(Uzhavar Sandhai ),Amla(Nelli Kai),Amla,Local,07/09/2026,10000,10000,10000
Tamil Nadu,Kallakuruchi,Kallakurichi(Uzhavar Sandhai ),Rose(Local),Rose (Local),Local,07/09/2026,40000,40000,40000
Uttar Pradesh,Mathura,Mathura APMC,Potato,Other,FAQ,07/09/2026,600,600,600
Uttar Pradesh,Mathura,Mathura APMC,Onion,Other,FAQ,07/09/2026,3500,3500,3500
Tamil Nadu,Thirupathur,Natrampalli(Uzhavar Sandhai ),Garlic,Garlic,Local,07/09/2026,20000,25000,22500
Tamil Nadu,Thirupathur,Natrampalli(Uzhavar Sandhai ),Coriander(Leaves),I Sort,Local,07/09/2026,4000,5000,4500
Tamil Nadu,Thirupathur,Natrampalli(Uzhavar Sandhai ),Tomato,Deshi,Local,07/09/2026,2000,2500,2250
Tamil Nadu,Thirupathur,Natrampalli(Uzhavar Sandhai ),Bottle gourd,Bottle Gourd,Local,07/09/2026,2000,3000,2500
Tamil Nadu,Thirupathur,Natrampalli(Uzhavar Sandhai ),Beetroot,Beetroot,Local,07/09/2026,4000,5000,4500
Tamil Nadu,Thirupathur,Natrampalli(Uzhavar Sandhai ),Ridgeguard(Tori),Ridgeguard(Tori),Local,07/09/2026,2500,3000,2750
Tamil Nadu,Thirupathur,Natrampalli(Uzhavar Sandhai ),Lemon,Lemon,Local,07/09/2026,5000,6000,5500
Haryana,Panipat,Panipat APMC,Onion,Onion,Local,07/09/2026,1200,3600,2400
Haryana,Panipat,Panipat APMC,Pomegranate,Pomogranate,Local,07/09/2026,4000,8000,6000
Punjab,Pathankot,Pathankot APMC,Pomegranate,Pomogranate,Medium,07/09/2026,8800,8800,8800
Andhra Pradesh,Krishna,Gudiwada APMC,Black Gram Dal(Urd Dal),Local,FAQ,07/09/2026,8500,8600,8550
Uttar Pradesh,Hamirpur,Muskara APMC,Peas(Dry),Other,FAQ,07/09/2026,3200,3500,3338.89
Andhra Pradesh,NTR,Jaggayyapeta APMC,Wood,Subabul,Grade Range-1,07/09/2026,550,550,550
Andhra Pradesh,Dr.B.R.A.Konaseema,Ravulapalem (Kothapeta APMC),Banana,Chakkarakeli(Red),Local,07/09/2026,4300,4800,4500
Andhra Pradesh,Dr.B.R.A.Konaseema,Ravulapalem (Kothapeta APMC),Banana,Chakkarakeli(White),Local,07/09/2026,2200,3700,3400
Andhra Pradesh,Krishna,Machilipatnam APMC,Paddy(Common),B P T,Local,07/09/2026,2713.332655,2883.999279,2819.999295
Telangana,Nagarkurnool,Kalwakurthy APMC,Green Chilli,Green Chilly,Local,07/09/2026,2500,2500,2500
Telangana,Nagarkurnool,Kalwakurthy APMC,Bhindi(Ladies Finger),Bhindi,Local,07/09/2026,2250,2250,2250
Telangana,Nagarkurnool,Kalwakurthy APMC,Brinjal,Brinjal,Local,07/09/2026,1250,1250,1250
Andhra Pradesh,Parvathipuram Manyam,Kurupam APMC,Maize,Local,Local,07/09/2026,2400,2400,2400
Andhra Pradesh,Anakapally,Payakaraopeta APMC,Cashewnuts,Local(Raw),Local,07/09/2026,10000,11000,10500
Andhra Pradesh,NTR,Tiruvuru APMC,Maize,Hybrid,Local,07/09/2026,2400,2400,2400
Haryana,Mahendragarh-Narnaul,Mohindergarh APMC,Raddish,Raddish,Medium,07/09/2026,600,1500,700
Haryana,Mahendragarh-Narnaul,Mohindergarh APMC,Spinach,Spinach,Medium,07/09/2026,1000,1500,1200
Haryana,Mahendragarh-Narnaul,Mohindergarh APMC,Cabbage,Cabbage,Medium,07/09/2026,1800,1800,1800
Haryana,Mahendragarh-Narnaul,Mohindergarh APMC,Onion,Onion,Medium,07/09/2026,2500,3500,3500
Andhra Pradesh,Guntur,Prathipadu APMC,Dry Chillies,Byadgi,Grade Range-1,07/09/2026,14000,22000,19000
Tamil Nadu,Salem,Athur(Uzhavar Sandhai ),Banana - Green,Banana - Green,Local,07/09/2026,2000,2400,2200
Tamil Nadu,Salem,Athur(Uzhavar Sandhai ),Green Avare(W),Green Avare (W),Local,07/09/2026,7500,8000,7750
Tamil Nadu,Salem,Athur(Uzhavar Sandhai ),Beetroot,Beetroot,Local,07/09/2026,4000,7000,5500
Tamil Nadu,Salem,Athur(Uzhavar Sandhai ),Knool Khol,Knool Khol,Local,07/09/2026,4500,5000,4750
Tamil Nadu,Theni,Periyakulam(Uzhavar Sandhai ),Cauliflower,Ranchi,Local,07/09/2026,3000,3500,3250
Tamil Nadu,Theni,Periyakulam(Uzhavar Sandhai ),Brinjal,Other,Local,07/09/2026,3400,3600,3500
Tamil Nadu,Theni,Periyakulam(Uzhavar Sandhai ),Coriander(Leaves),I Sort,Local,07/09/2026,2500,2500,2500
Tamil Nadu,Theni,Periyakulam(Uzhavar Sandhai ),Tomato,Other,Local,07/09/2026,2600,2800,2700
Tamil Nadu,Theni,Periyakulam(Uzhavar Sandhai ),Bhindi(Ladies Finger),Bhindi,Local,07/09/2026,3600,3800,3700
Tamil Nadu,Theni,Periyakulam(Uzhavar Sandhai ),Coconut,Coconut,Local,07/09/2026,5400,5600,5500
Tamil Nadu,Theni,Periyakulam(Uzhavar Sandhai ),Snakeguard,Snakeguard,Local,07/09/2026,2000,2200,2100
Tamil Nadu,Theni,Periyakulam(Uzhavar Sandhai ),Ridgeguard(Tori),Ridgeguard(Tori),Local,07/09/2026,3600,3800,3700
Tamil Nadu,Theni,Periyakulam(Uzhavar Sandhai ),Knool Khol,Knool Khol,Local,07/09/2026,2400,2600,2500
Tamil Nadu,Theni,Periyakulam(Uzhavar Sandhai ),Lemon,Lemon,Local,07/09/2026,22500,23000,22750
Tamil Nadu,Theni,Periyakulam(Uzhavar Sandhai ),Onion Green,Onion Green,Local,07/09/2026,7500,8000,7750
Tamil Nadu,Theni,Periyakulam(Uzhavar Sandhai ),Mint(Pudina),Mint(Pudina),Local,07/09/2026,5000,5000,5000
Tamil Nadu,Virudhunagar,Srivilliputhur(Uzhavar Sandhai ),Tomato,Deshi,Local,07/09/2026,2000,2500,2250
Tamil Nadu,Virudhunagar,Srivilliputhur(Uzhavar Sandhai ),Amaranthus,Amaranthus,Local,07/09/2026,2500,3000,2750
Tamil Nadu,Virudhunagar,Srivilliputhur(Uzhavar Sandhai ),Green Chilli,Green Chilly,Local,07/09/2026,4500,5000,4750
Tamil Nadu,Virudhunagar,Srivilliputhur(Uzhavar Sandhai ),Banana,Besrai,Local,07/09/2026,3500,4000,3750
Tamil Nadu,Virudhunagar,Srivilliputhur(Uzhavar Sandhai ),Onion,Bellary,Local,07/09/2026,5000,6000,5500
Tamil Nadu,Virudhunagar,Srivilliputhur(Uzhavar Sandhai ),Cabbage,Cabbage,Local,07/09/2026,3000,3500,3250
Tamil Nadu,Virudhunagar,Srivilliputhur(Uzhavar Sandhai ),Green Avare(W),Green Avare (W),Local,07/09/2026,5000,6000,5500
Tamil Nadu,Virudhunagar,Srivilliputhur(Uzhavar Sandhai ),Drumstick,Drumstick,Local,07/09/2026,3500,4000,3750
Tamil Nadu,Virudhunagar,Srivilliputhur(Uzhavar Sandhai ),Yam(Ratalu),Yam (Ratalu),Local,07/09/2026,7000,8000,7500
Uttar Pradesh,Kanpur Dehat,Rura APMC,Wheat,Dara Mill Quality,FAQ,07/09/2026,2525,2525,2525
Uttar Pradesh,Raebarelli,Raibareilly APMC,Rice,Common,FAQ,07/09/2026,2300,2400,2379.02
Uttar Pradesh,Badaun,Shahaswan APMC,Apple,Apple,Medium,07/09/2026,6500,7200,7000
Uttar Pradesh,Hathras,Shadabad APMC,Pumpkin,Pumpkin,Small,07/09/2026,500,600,550
Uttar Pradesh,Hathras,Shadabad APMC,Potato,Other,FAQ,07/09/2026,500,500,500
Uttar Pradesh,Barabanki,Safdarganj APMC,Mentha Oil,Other,FAQ,07/09/2026,129500,129500,129500
Rajasthan,Rajsamand,Rajsamand APMC,Tomato,Tomato,FAQ,07/09/2026,2000,2600,2300
Rajasthan,Rajsamand,Rajsamand APMC,Potato,Potato,FAQ,07/09/2026,1000,1200,1100
Uttar Pradesh,Shamli,Shamli APMC,Potato,Other,FAQ,07/09/2026,900,1000,976.92
Uttar Pradesh,Shamli,Thanabhawan APMC,Lemon,Other,FAQ,07/09/2026,4000,4000,4000
Punjab,Ludhiana,Sahnewal APMC,Tomato,Tomato,FAQ,07/09/2026,4000,4000,4000
Odisha,Dhenkanal,Kamakhyanagar APMC,Bhindi(Ladies Finger),Bhindi,Grade A,07/09/2026,5000,5000,5000
Odisha,Dhenkanal,Kamakhyanagar APMC,Cauliflower,Cauliflower,Grade A,07/09/2026,5500,5500,5500
Odisha,Dhenkanal,Kamakhyanagar APMC,Cucumbar(Kheera),Cucumbar,Grade A,07/09/2026,5000,5000,5000
Odisha,Dhenkanal,Kamakhyanagar APMC,Pointed gourd(Parval),Other,Grade A,07/09/2026,6000,6000,6000
Odisha,Dhenkanal,Kamakhyanagar APMC,Pumpkin,Pumpkin,Grade A,07/09/2026,2500,2500,2500
Uttar Pradesh,Amethi,Sultanpur APMC,Wheat,Dara,FAQ,07/09/2026,2450,2450,2450
Uttar Pradesh,Amethi,Sultanpur APMC,Wood,Other,FAQ,07/09/2026,530,530,530
Uttar Pradesh,Kanpur,Uttaripura APMC,Potato,Other,FAQ,07/09/2026,550,550,550
Uttar Pradesh,Ghazipur,Yusufpur APMC,Paddy(Common),Common,FAQ,07/09/2026,2900,2900,2900
Tripura,Sepahijala,Sonamura APMC,Ginger(Green),Green Ginger,FAQ,07/09/2026,9000,9800,9500
Tripura,Sepahijala,Sonamura APMC,Fish,Rahu(Local),Local,07/09/2026,22000,24000,23000
Tripura,Sepahijala,Sonamura APMC,Cauliflower,Cauliflower,Medium,07/09/2026,6000,7000,6500
Nagaland,Wokha,Wokha Town APMC,Papaya,Other,Local,07/09/2026,2300,3000,2500
Nagaland,Tsemenyu,Tsemenyu APMC,Pumpkin,pumpkin-Organic,Local,07/09/2026,4000,4000,4000
Nagaland,Tsemenyu,Tsemenyu APMC,Cabbage,Cabbage,Local,07/09/2026,2500,2500,2500
Punjab,Ferozpur,Zira APMC,Colacasia,Other,Local,07/09/2026,1800,1800,1800
West Bengal,Bankura,Khatra APMC,Brinjal,Round/Long,FAQ,07/09/2026,3500,4000,3800
West Bengal,Bankura,Khatra APMC,Bottle gourd,Bottle Gourd,FAQ,07/09/2026,1400,1700,1600
West Bengal,Bankura,Khatra APMC,Wheat,Sonalika,FAQ,07/09/2026,2600,2800,2700
Gujarat,Amreli,Dhari APMC,Red gram/Arhar/Tur(whole),777 New Ind,Non-FAQ,07/09/2026,7250,7250,7250
Gujarat,Morbi,Vankaner APMC,Soanf,Soanf,FAQ,07/09/2026,8975,10775,9855
Tripura,Sepahijala,Boxonagar,Fish,Rahu(Andhra),Local,07/09/2026,22000,24000,23000
Tamil Nadu,Coimbatore,Vadavalli(Uzhavar Sandhai ),Cauliflower,Ranchi,Local,07/09/2026,4400,4800,4600
Tamil Nadu,Coimbatore,Vadavalli(Uzhavar Sandhai ),Orange,Darjeeling,Local,07/09/2026,14000,17000,15500
Tamil Nadu,Coimbatore,Vadavalli(Uzhavar Sandhai ),Onion,Bellary,Local,07/09/2026,5200,5600,5400
Tamil Nadu,Coimbatore,Vadavalli(Uzhavar Sandhai ),Ridgeguard(Tori),Ridgeguard(Tori),Local,07/09/2026,3800,4500,4150
Tamil Nadu,Coimbatore,Vadavalli(Uzhavar Sandhai ),Guava,Guava Allahabad,Local,07/09/2026,4500,5500,5000
Tamil Nadu,Coimbatore,Vadavalli(Uzhavar Sandhai ),Karbuja(Musk Melon),Karbhuja,Local,07/09/2026,3500,4000,3750
Uttar Pradesh,Shahjahanpur,Powayan APMC,Wood,Other,FAQ,07/09/2026,700,700,700
Keralam,Wayanad,Pulpally Market,Banana - Green,Other,Local,07/09/2026,2500,2700,2600
West Bengal,Darjeeling,Darjeeling APMC,Potato,Red,FAQ,07/09/2026,1400,1600,1500
West Bengal,Darjeeling,Darjeeling APMC,Raddish,Raddish,FAQ,07/09/2026,3200,3400,3300
West Bengal,Uttar Dinajpur,Raiganj APMC,Carrot,Carrot,FAQ,07/09/2026,3800,4500,4000
Tamil Nadu,Dindigul,Vedasanthur(Uzhavar Sandhai ),Tomato,Deshi,Local,07/09/2026,1500,2000,1750
Andhra Pradesh,Annamayya,Piler APMC,Gur(Jaggery),NO 3,Local,07/09/2026,4400,5200,4800
Gujarat,Vadodara(Baroda),Padra APMC,Leafy Vegetable,Leafy Vegetables,FAQ,07/09/2026,1500,1750,1625
Haryana,Yamuna Nagar,Sadhaura APMC,Pumpkin,Pumpkin,Local,07/09/2026,1400,1500,1450
Haryana,Yamuna Nagar,Sadhaura APMC,Bitter gourd,Bitter Gourd,Local,07/09/2026,1800,2000,1900
Haryana,Yamuna Nagar,Sadhaura APMC,Onion,Onion,Local,07/09/2026,2600,3000,2800
Haryana,Hissar,Uklana APMC,Mousambi(Sweet Lime),Mousambi,Medium,07/09/2026,4500,4500,4500
Haryana,Hissar,Uklana APMC,Bhindi(Ladies Finger),Bhindi,Medium,07/09/2026,2000,2000,2000
Haryana,Hissar,Barwala(Hisar) APMC,Capsicum,Capsicum,Local,07/09/2026,5000,5000,5000
Haryana,Hissar,Barwala(Hisar) APMC,Bottle gourd,Bottle Gourd,Local,07/09/2026,700,800,800
Haryana,Kaithal,Dhand APMC,Banana,Other,Medium,07/09/2026,3500,4000,3800
Punjab,Fazilka,Jalalabad APMC,Banana,Other,Medium,07/09/2026,3300,3500,3400
Punjab,Fazilka,Jalalabad APMC,Ginger(Green),Other,Medium,07/09/2026,15000,15000,15000
Punjab,Fazilka,Jalalabad APMC,Cauliflower,Other,Medium,07/09/2026,4500,5000,4700
Punjab,Fazilka,Jalalabad APMC,Garlic,Garlic,Local,07/09/2026,13000,13000,13000
Punjab,Jalandhar,Jalandhar City(Jalandhar) APMC,Coriander(Leaves),Coriander,FAQ,07/09/2026,3000,5000,4000
Punjab,Jalandhar,Jalandhar City(Jalandhar) APMC,French Beans(Frasbean),French Beans (Frasbean),FAQ,07/09/2026,2000,3500,2700
Punjab,Jalandhar,Jalandhar City(Jalandhar) APMC,Garlic,Other,FAQ,07/09/2026,4500,9000,6700
Punjab,Jalandhar,Jalandhar City(Jalandhar) APMC,Apple,Other,Medium,07/09/2026,2100,9500,4800
Punjab,Jalandhar,Jalandhar City(Jalandhar) APMC,Banana - Green,Banana - Green,FAQ,07/09/2026,900,1500,1200
Tamil Nadu,Coimbatore,Udumalpet APMC,Brinjal,Other,Local,07/09/2026,4000,4500,4250
Tamil Nadu,Coimbatore,Udumalpet APMC,Bottle gourd,Bottle Gourd,Local,07/09/2026,1500,2200,1850
Tamil Nadu,Coimbatore,Udumalpet APMC,Bhindi(Ladies Finger),Bhindi,Local,07/09/2026,3000,4000,3500
Tamil Nadu,Coimbatore,Udumalpet APMC,Carrot,Pusakesar,Local,07/09/2026,7000,7500,7250
Tamil Nadu,Coimbatore,Udumalpet APMC,Beetroot,Beetroot,Local,07/09/2026,4000,7500,5750
Tamil Nadu,Coimbatore,Udumalpet APMC,Yam(Ratalu),Yam (Ratalu),Local,07/09/2026,8000,9000,8500
Tamil Nadu,Coimbatore,Udumalpet APMC,Amla(Nelli Kai),Amla,Local,07/09/2026,7000,8000,7500
Tamil Nadu,Coimbatore,Udumalpet APMC,Mint(Pudina),Mint(Pudina),Local,07/09/2026,5000,5500,5250
Himachal Pradesh,Kangra,SMY Nagrota Bagwan,Brinjal,Brinjal,FAQ,07/09/2026,1600,1800,1700
Himachal Pradesh,Kangra,SMY Nagrota Bagwan,Cauliflower,Cauliflower,FAQ,07/09/2026,3000,5000,4000
Himachal Pradesh,Kangra,SMY Nagrota Bagwan,Cabbage,Cabbage,FAQ,07/09/2026,2800,3000,2900
Himachal Pradesh,Kangra,SMY Nagrota Bagwan,Cucumbar(Kheera),Cucumbar,FAQ,07/09/2026,2500,3400,3000
Himachal Pradesh,Kangra,SMY Nagrota Bagwan,Tomato,Tomato,FAQ,07/09/2026,3200,3600,3400
Himachal Pradesh,Kullu,SMY Chauri Bihal,Cauliflower,Other,Grade Range-1,07/09/2026,1000,2800,2000
Himachal Pradesh,Shimla,SMY Rampur,Cucumbar(Kheera),Cucumbar,Local,07/09/2026,2000,3000,2500
Madhya Pradesh,Dhar,Manawar APMC,Kabuli Chana(Chickpeas-White),Dollar Gram,FAQ,07/09/2026,7700,8111,8100
West Bengal,Darjeeling,Siliguri APMC,Ginger(Green),Green Ginger,FAQ,07/09/2026,10000,11000,10500
Madhya Pradesh,Ratlam,Taal APMC,Wheat,Wheat,FAQ,07/09/2026,2656,2779,2779
Madhya Pradesh,Ratlam,Taal APMC,Soyabean,Soyabeen,FAQ,07/09/2026,5590,5699,5699
Madhya Pradesh,Shajapur,Shujalpur APMC,Soyabean,Soyabeen,FAQ,07/09/2026,5400,5940,5940
Tamil Nadu,Erode,Gobichettipalayam(Uzhavar Sandhai ),Potato,Red Nanital,Local,07/09/2026,3400,3600,3500
Tamil Nadu,Erode,Gobichettipalayam(Uzhavar Sandhai ),Cauliflower,Ranchi,Local,07/09/2026,4000,4500,4250
Tamil Nadu,Erode,Gobichettipalayam(Uzhavar Sandhai ),Ginger(Green),Green Ginger,Local,07/09/2026,16000,16500,16250
Tamil Nadu,Erode,Gobichettipalayam(Uzhavar Sandhai ),Coconut,Coconut,Local,07/09/2026,5000,5400,5200
Tamil Nadu,Erode,Gobichettipalayam(Uzhavar Sandhai ),Onion Green,Onion Green,Local,07/09/2026,7500,8000,7750
Tamil Nadu,Erode,Gobichettipalayam(Uzhavar Sandhai ),Mint(Pudina),Mint(Pudina),Local,07/09/2026,3600,3800,3700
Uttar Pradesh,Gorakhpur,Gorakhpur APMC,Wheat,Medium,FAQ,07/09/2026,2500,2500,2500
Tamil Nadu,Erode,Sampath Nagar(Uzhavar Sandhai ),Tomato,Other,Local,07/09/2026,2600,3000,2800
Tamil Nadu,Erode,Sampath Nagar(Uzhavar Sandhai ),Cluster beans,Cluster Beans,Local,07/09/2026,2600,3000,2800
Tamil Nadu,Erode,Sampath Nagar(Uzhavar Sandhai ),Ashgourd,Gouard,Local,07/09/2026,2000,2400,2200
Tamil Nadu,Erode,Sampath Nagar(Uzhavar Sandhai ),Cowpea(Veg),Cowpea (Veg),Local,07/09/2026,3000,3500,3250
Tamil Nadu,Erode,Sampath Nagar(Uzhavar Sandhai ),Apple,American,Local,07/09/2026,19000,20000,19500
Tamil Nadu,Erode,Sampath Nagar(Uzhavar Sandhai ),Potato,Other,Local,07/09/2026,4600,5000,4800
Tamil Nadu,Erode,Sampath Nagar(Uzhavar Sandhai ),Ridgeguard(Tori),Ridgeguard(Tori),Local,07/09/2026,4000,4500,4250
Tamil Nadu,Erode,Sampath Nagar(Uzhavar Sandhai ),Drumstick,Drumstick,Local,07/09/2026,3000,3400,3200
Tamil Nadu,Erode,Sampath Nagar(Uzhavar Sandhai ),Elephant Yam(Suran)/Amorphophallus,Elephant Yam (Suran),Local,07/09/2026,3200,3600,3400
Tamil Nadu,Erode,Sampath Nagar(Uzhavar Sandhai ),Mint(Pudina),Mint(Pudina),Local,07/09/2026,3600,4000,3800
Madhya Pradesh,Shajapur,Kalapipal APMC,Onion,Onion,FAQ,07/09/2026,500,4025,4001
Himachal Pradesh,Shimla,SMY Rohroo,Papaya,Other,Grade B,07/09/2026,5500,5800,5650
Himachal Pradesh,Shimla,SMY Rohroo,Water Melon,Other,Grade B,07/09/2026,3000,3200,3100
Himachal Pradesh,Shimla,SMY Rohroo,French Beans(Frasbean),Other,Grade B,07/09/2026,2000,3000,2500
Punjab,Jalandhar,Phillaur(Apra Mandi) APMC,Tomato,Other,FAQ,07/09/2026,4000,4000,4000
Punjab,Jalandhar,Phillaur(Apra Mandi) APMC,Brinjal,Other,FAQ,07/09/2026,1500,1500,1500
Punjab,Jalandhar,Phillaur(Apra Mandi) APMC,Green Chilli,Other,FAQ,07/09/2026,1500,1500,1500
West Bengal,Jhargram,Jhargram APMC,Sweet Pumpkin,Other,FAQ,07/09/2026,2400,2800,2600
West Bengal,Jhargram,Jhargram APMC,Carrot,Other,FAQ,07/09/2026,3400,3800,3600
West Bengal,Jhargram,Jhargram APMC,Brinjal,Other,FAQ,07/09/2026,3400,3800,3600
West Bengal,Jhargram,Jhargram APMC,Cucumbar(Kheera),Other,FAQ,07/09/2026,2800,3200,3000
Uttar Pradesh,Etawah,Jasvantnagar APMC,Bhindi(Ladies Finger),Bhindi,Medium,07/09/2026,1770,1870,1820
Odisha,Jagatsinghpur,Rahama APMC,Pumpkin,Other,Local,07/09/2026,2000,3000,2500
Tripura,Khowai,Kalyanpur APMC,Ridgeguard(Tori),Ridgeguard(Tori),FAQ,07/09/2026,4500,4700,4600
Tamil Nadu,Vellore,Pallikonda(Uzhavar Sandhai),Brinjal,Round,Local,07/09/2026,3000,4000,3500
Tamil Nadu,Vellore,Pallikonda(Uzhavar Sandhai),Green Avare(W),Green Avare (W),Local,07/09/2026,6000,6000,6000
Tamil Nadu,Vellore,Pallikonda(Uzhavar Sandhai),Amaranthus,Amaranthus,Local,07/09/2026,3000,3000,3000
Tamil Nadu,Vellore,Pallikonda(Uzhavar Sandhai),Banana,Besrai,Local,07/09/2026,5000,6000,5500
Tamil Nadu,Vellore,Pallikonda(Uzhavar Sandhai),Potato,Red Nanital,Local,07/09/2026,2500,3000,2750
Tamil Nadu,Vellore,Pallikonda(Uzhavar Sandhai),Thondekai,Thondekai,Local,07/09/2026,3000,3000,3000
Tamil Nadu,Vellore,Pallikonda(Uzhavar Sandhai),Drumstick,Drumstick,Local,07/09/2026,3000,3000,3000
Tamil Nadu,Vellore,Pallikonda(Uzhavar Sandhai),Tender Coconut,Tender Coconut,Local,07/09/2026,2500,3000,2750
Tamil Nadu,Vellore,Pallikonda(Uzhavar Sandhai),Colacasia,Colacasia,Local,07/09/2026,4000,4000,4000
Tamil Nadu,Vellore,Pallikonda(Uzhavar Sandhai),Onion Green,Onion Green,Local,07/09/2026,8000,8000,8000
Tamil Nadu,Vellore,Pallikonda(Uzhavar Sandhai),Mint(Pudina),Mint(Pudina),Local,07/09/2026,4000,4000,4000
Tamil Nadu,Vellore,Pallikonda(Uzhavar Sandhai),Sweet Corn ,Sweet Corn ,Local,07/09/2026,3000,3000,3000
Tamil Nadu,Pudukkottai,Ponnamaravathi(Uzhavar Sandhai),Brinjal,Round,Local,07/09/2026,6500,7000,6750
Tamil Nadu,Pudukkottai,Ponnamaravathi(Uzhavar Sandhai),Bitter gourd,Bitter Gourd,Local,07/09/2026,5500,6000,5750
Tamil Nadu,Pudukkottai,Ponnamaravathi(Uzhavar Sandhai),Cowpea(Veg),Cowpea (Veg),Local,07/09/2026,1500,2000,1750
Tamil Nadu,Pudukkottai,Ponnamaravathi(Uzhavar Sandhai),Coconut,Coconut,Local,07/09/2026,3500,4000,3750
Tamil Nadu,Pudukkottai,Ponnamaravathi(Uzhavar Sandhai),Drumstick,Drumstick,Local,07/09/2026,4500,5000,4750
Tamil Nadu,Pudukkottai,Ponnamaravathi(Uzhavar Sandhai),Mint(Pudina),Mint(Pudina),Local,07/09/2026,4500,5000,4750
Telangana,Karimnagar,Huzzurabad APMC,Paddy(Common),MTU-1010,FAQ,07/09/2026,2369,2389,2369
Odisha,Kalahandi,Junagarh APMC,Banana - Green,Other,Grade B,07/09/2026,1800,2200,2000
Odisha,Kendrapara,Kendrapara APMC,Bhindi(Ladies Finger),Bhindi,Grade A,07/09/2026,6000,6000,6000
Odisha,Kendrapara,Kendrapara APMC,Pumpkin,Pumpkin,Grade B,07/09/2026,3000,3000,3000
Keralam,Palakad,Palakkad Market,Banana,Nendra Bale,Large,07/09/2026,4900,6000,5500
Keralam,Palakad,Palakkad Market,Pineapple,Pine Apple,Large,07/09/2026,7600,8600,8200
Keralam,Palakad,Palakkad Market,Black Gram(Urd Beans)(Whole),Black Gram Dal,FAQ,07/09/2026,12500,14000,13300
Keralam,Palakad,Palakkad Market,Ashgourd,Ashgourd,Small,07/09/2026,1500,2500,2100
Keralam,Palakad,Palakkad Market,Red gram/Arhar/Tur(whole),Arhar Dal(Tur),FAQ,07/09/2026,12000,13500,12800
Keralam,Palakad,Palakkad Market,Amaranthus,Amaranthus,FAQ,07/09/2026,3000,4000,3600
Keralam,Palakad,Palakkad Market,Ashgourd,Ashgourd,Large,07/09/2026,1500,2500,2100
Keralam,Palakad,Palakkad Market,Bottle gourd,Bottle Gourd,FAQ,07/09/2026,3000,4000,3600
Keralam,Palakad,Palakkad Market,Elephant Yam(Suran)/Amorphophallus,Other,FAQ,07/09/2026,2800,4000,3500
Keralam,Palakad,Palakkad Market,Green Avare(W),Green Avare (W),FAQ,07/09/2026,5000,6000,5600
Keralam,Palakad,Palakkad Market,Snakeguard,Snakeguard,FAQ,07/09/2026,2600,3500,3100
Karnataka,Belagavi,Belgaum APMC,Capsicum,Capsicum,Large,07/09/2026,3250,4100,3800
Karnataka,Belagavi,Belgaum APMC,Green Chilli,Green Chilly,Large,07/09/2026,2500,3500,3000
Tamil Nadu,Nagapattinam,Mayiladuthurai(Uzhavar Sandhai ),Bottle gourd,Bottle Gourd,Local,07/09/2026,2500,3000,2750
Tamil Nadu,Nagapattinam,Mayiladuthurai(Uzhavar Sandhai ),Ashgourd,Gouard,Local,07/09/2026,1500,2000,1750
Tamil Nadu,Nagapattinam,Mayiladuthurai(Uzhavar Sandhai ),Banana,Besrai,Local,07/09/2026,3500,4000,3750
Tamil Nadu,Nagapattinam,Mayiladuthurai(Uzhavar Sandhai ),Green Avare(W),Green Avare (W),Local,07/09/2026,7000,8000,7500
Tamil Nadu,Nagapattinam,Mayiladuthurai(Uzhavar Sandhai ),Tender Coconut,Tender Coconut,Local,07/09/2026,2000,2500,2250
Uttar Pradesh,Hardoi,Hardoi APMC,Green Chilli,Other,FAQ,07/09/2026,2000,2000,2000
Tamil Nadu,Pudukkottai,Viralimalai(Uzhavar Sandhai ),Brinjal,Round,Local,07/09/2026,5000,6000,5500
Tamil Nadu,Pudukkottai,Viralimalai(Uzhavar Sandhai ),Amaranthus,Amaranthus,Local,07/09/2026,1500,2000,1750
Tamil Nadu,Pudukkottai,Viralimalai(Uzhavar Sandhai ),Green Chilli,Green Chilly,Local,07/09/2026,5000,5500,5250
Tamil Nadu,Pudukkottai,Viralimalai(Uzhavar Sandhai ),Banana - Green,Banana - Green,Local,07/09/2026,2500,3000,2750
Tamil Nadu,Pudukkottai,Viralimalai(Uzhavar Sandhai ),Banana,Besrai,Local,07/09/2026,7000,8000,7500
Tamil Nadu,Pudukkottai,Viralimalai(Uzhavar Sandhai ),Onion,Bellary,Local,07/09/2026,5000,6000,5500
Tamil Nadu,Pudukkottai,Viralimalai(Uzhavar Sandhai ),Mango(Raw-Ripe),Mango - Raw-Ripe,Local,07/09/2026,8000,9000,8500
Tamil Nadu,Pudukkottai,Viralimalai(Uzhavar Sandhai ),Mint(Pudina),Mint(Pudina),Local,07/09/2026,4500,5000,4750
Tamil Nadu,Ramanathapuram,Kamuthi(Uzhavar Sandhai ),Tomato,Deshi,Local,07/09/2026,2500,3000,2750
Tamil Nadu,Ramanathapuram,Paramakudi(Uzhavar Sandhai ),Coriander(Leaves),I Sort,Local,07/09/2026,5500,6000,5750
Tamil Nadu,Ramanathapuram,Paramakudi(Uzhavar Sandhai ),Ashgourd,Gouard,Local,07/09/2026,2000,2200,2100
Tamil Nadu,Ramanathapuram,Paramakudi(Uzhavar Sandhai ),Beans,Beans (Whole),Local,07/09/2026,8000,9000,8500
Tamil Nadu,Ramanathapuram,Paramakudi(Uzhavar Sandhai ),Potato,Red Nanital,Local,07/09/2026,4500,5000,4750
Tamil Nadu,Ramanathapuram,Paramakudi(Uzhavar Sandhai ),Beetroot,Beetroot,Local,07/09/2026,5000,5200,5100
Tamil Nadu,Ramanathapuram,Paramakudi(Uzhavar Sandhai ),Raddish,Raddish,Local,07/09/2026,4500,4800,4650
Tamil Nadu,Ramanathapuram,Paramakudi(Uzhavar Sandhai ),Yam(Ratalu),Yam (Ratalu),Local,07/09/2026,6800,7000,6900
Tamil Nadu,Ramanathapuram,Ramanathapuram(Uzhavar Sandhai ),Bitter gourd,Bitter Gourd,Local,07/09/2026,5500,6000,5750
Tamil Nadu,Ramanathapuram,Ramanathapuram(Uzhavar Sandhai ),Banana - Green,Banana - Green,Local,07/09/2026,3500,4000,3750
Tamil Nadu,Ramanathapuram,Ramanathapuram(Uzhavar Sandhai ),Ginger(Green),Green Ginger,Local,07/09/2026,17000,17500,17250
Tamil Nadu,Ramanathapuram,Ramanathapuram(Uzhavar Sandhai ),Tube Flower,Tube Flower,Local,07/09/2026,80000,85000,82500
Tamil Nadu,Ramanathapuram,Ramanathapuram(Uzhavar Sandhai ),Marigold(Calcutta),Marigold(Calcutta),Local,07/09/2026,8000,8500,8250
Tamil Nadu,Pudukkottai,Alangudi(Uzhavar Sandhai ),Potato,Other,Local,07/09/2026,5000,6000,5500
Tamil Nadu,Pudukkottai,Alangudi(Uzhavar Sandhai ),Tomato,Other,Local,07/09/2026,2500,3000,2750
Tamil Nadu,Pudukkottai,Alangudi(Uzhavar Sandhai ),Green Chilli,Green Chilly,Local,07/09/2026,5000,6000,5500
Tamil Nadu,Pudukkottai,Alangudi(Uzhavar Sandhai ),Onion,Bellary,Local,07/09/2026,6000,7000,6500
Tamil Nadu,Pudukkottai,Alangudi(Uzhavar Sandhai ),Ridgeguard(Tori),Ridgeguard(Tori),Local,07/09/2026,5000,6000,5500
Tamil Nadu,Pudukkottai,Alangudi(Uzhavar Sandhai ),Raddish,Raddish,Local,07/09/2026,3500,4000,3750
Tamil Nadu,Thiruvannamalai,Arani(Uzhavar Sandhai ),Brinjal,Round,Local,07/09/2026,4000,5000,4500
Tamil Nadu,Thiruvannamalai,Arani(Uzhavar Sandhai ),Bitter gourd,Bitter Gourd,Local,07/09/2026,4000,4800,4400
Tamil Nadu,Thiruvannamalai,Arani(Uzhavar Sandhai ),Green Chilli,Green Chilly,Local,07/09/2026,5000,6000,5500
Tamil Nadu,Thiruvannamalai,Arani(Uzhavar Sandhai ),Ginger(Green),Green Ginger,Local,07/09/2026,15000,18000,16500
Tamil Nadu,Thiruvannamalai,Arani(Uzhavar Sandhai ),Beetroot,Beetroot,Local,07/09/2026,3500,4200,3850
Tamil Nadu,Thiruvannamalai,Arani(Uzhavar Sandhai ),Tender Coconut,Tender Coconut,Local,07/09/2026,1500,2000,1750
Andhra Pradesh,Srikakulam,Narasannapet APMC,Paddy(Common),Paddy,FAQ,07/09/2026,2369,2369,2369
Tamil Nadu,Thiruvannamalai,Polur(Uzhavar Sandhai ),Cluster beans,Cluster Beans,Local,07/09/2026,4000,4800,4400
Tamil Nadu,Thiruvannamalai,Polur(Uzhavar Sandhai ),Banana - Green,Banana - Green,Local,07/09/2026,1600,2000,1800
Tamil Nadu,Thiruvannamalai,Polur(Uzhavar Sandhai ),Beans,Beans (Whole),Local,07/09/2026,6000,7200,6600
Tamil Nadu,Thiruvannamalai,Polur(Uzhavar Sandhai ),Cabbage,Cabbage,Local,07/09/2026,2500,3000,2750
Tamil Nadu,Thiruvannamalai,Polur(Uzhavar Sandhai ),Chow Chow,Chow Chow,Local,07/09/2026,2500,3000,2750
Tamil Nadu,Thiruvannamalai,Polur(Uzhavar Sandhai ),Raddish,Raddish,Local,07/09/2026,2500,3000,2750
Tamil Nadu,Thiruvannamalai,Polur(Uzhavar Sandhai ),Tender Coconut,Tender Coconut,Local,07/09/2026,1500,2000,1750
Tamil Nadu,Thiruvannamalai,Polur(Uzhavar Sandhai ),Custard Apple(Sharifa),Custard Apple(Sharifa),Local,07/09/2026,3300,4000,3650
Tamil Nadu,Thiruvannamalai,Polur(Uzhavar Sandhai ),Mint(Pudina),Mint(Pudina),Local,07/09/2026,3300,4000,3650
Tamil Nadu,Thiruvannamalai,Tiruvannamalai(Uzhavar Sandhai ),Water Melon,Water Melon,Local,07/09/2026,1500,2000,1750
Tamil Nadu,Thiruvannamalai,Tiruvannamalai(Uzhavar Sandhai ),Banana - Green,Banana - Green,Local,07/09/2026,2500,3000,2750
Tamil Nadu,Thiruvannamalai,Tiruvannamalai(Uzhavar Sandhai ),Tapioca,Tapioca,Local,07/09/2026,3000,3500,3250
Tamil Nadu,Thiruvannamalai,Tiruvannamalai(Uzhavar Sandhai ),Orange,Darjeeling,Local,07/09/2026,16000,18000,17000
Tamil Nadu,Thiruvannamalai,Tiruvannamalai(Uzhavar Sandhai ),Coconut,Coconut,Local,07/09/2026,4000,5000,4500
Tamil Nadu,Thiruvannamalai,Tiruvannamalai(Uzhavar Sandhai ),Snakeguard,Snakeguard,Local,07/09/2026,3500,4000,3750
Tamil Nadu,Thiruvannamalai,Tiruvannamalai(Uzhavar Sandhai ),Capsicum,Capsicum,Local,07/09/2026,5000,6000,5500
Tamil Nadu,Thiruvannamalai,Tiruvannamalai(Uzhavar Sandhai ),Fig(Anjura/Anjeer),Anjura,Local,07/09/2026,7000,8000,7500
Tamil Nadu,Thiruvannamalai,Tiruvannamalai(Uzhavar Sandhai ),Elephant Yam(Suran)/Amorphophallus,Elephant Yam (Suran),Local,07/09/2026,5000,6000,5500
Tamil Nadu,Thiruvannamalai,Tiruvannamalai(Uzhavar Sandhai ),Colacasia,Colacasia,Local,07/09/2026,3500,4000,3750
Tamil Nadu,Thiruvannamalai,Tiruvannamalai(Uzhavar Sandhai ),Mashrooms,Mashrooms,Local,07/09/2026,22000,25000,23500
Tamil Nadu,Thiruvannamalai,Tiruvannamalai(Uzhavar Sandhai ),Sweet Corn ,Sweet Corn ,Local,07/09/2026,3000,3500,3250
Tamil Nadu,Thiruvarur,Mannargudi I(Uzhavar Sandhai ),Cauliflower,Ranchi,Local,07/09/2026,6000,6000,6000
Tamil Nadu,Thiruvarur,Mannargudi I(Uzhavar Sandhai ),Chikoos(Sapota),Sapota,Local,07/09/2026,7000,7000,7000
Tamil Nadu,Thiruvarur,Mannargudi I(Uzhavar Sandhai ),Bitter gourd,Bitter Gourd,Local,07/09/2026,5800,5800,5800
Tamil Nadu,Thiruvarur,Mannargudi I(Uzhavar Sandhai ),Green Chilli,Green Chilly,Local,07/09/2026,4800,4800,4800
Tamil Nadu,Thiruvarur,Mannargudi I(Uzhavar Sandhai ),Beans,Beans (Whole),Local,07/09/2026,7400,7400,7400
Tamil Nadu,Thiruvarur,Mannargudi I(Uzhavar Sandhai ),Tapioca,Tapioca,Local,07/09/2026,4600,4600,4600
Tamil Nadu,Thiruvarur,Mannargudi I(Uzhavar Sandhai ),Apple,American,Local,07/09/2026,18000,26000,22000
Tamil Nadu,Thiruvarur,Mannargudi I(Uzhavar Sandhai ),Orange,Darjeeling,Local,07/09/2026,18000,20000,19000
Tamil Nadu,Thiruvarur,Mannargudi I(Uzhavar Sandhai ),Pineapple,Pine Apple,Local,07/09/2026,8000,8000,8000
Tamil Nadu,Thiruvarur,Mannargudi I(Uzhavar Sandhai ),Cabbage,Cabbage,Local,07/09/2026,3400,3400,3400
Tamil Nadu,Thiruvarur,Mannargudi I(Uzhavar Sandhai ),Raddish,Raddish,Local,07/09/2026,2800,2800,2800
Tamil Nadu,Thiruvarur,Mannargudi II(Uzhavar Sandhai ),Bitter gourd,Bitter Gourd,Local,07/09/2026,5800,6000,5900
Tamil Nadu,Thiruvarur,Mannargudi II(Uzhavar Sandhai ),Green Chilli,Green Chilly,Local,07/09/2026,4800,4800,4800
Tamil Nadu,Thiruvarur,Mannargudi II(Uzhavar Sandhai ),Tapioca,Tapioca,Local,07/09/2026,4600,4600,4600
Tamil Nadu,Thiruvarur,Mannargudi II(Uzhavar Sandhai ),Ginger(Green),Green Ginger,Local,07/09/2026,10000,17000,13500
Tamil Nadu,Thiruvarur,Mannargudi II(Uzhavar Sandhai ),Lime,Lime,Local,07/09/2026,4000,4000,4000
Tamil Nadu,Thiruvarur,Tiruthuraipoondi(Uzhavar Sandhai ),Papaya,Papaya,Local,07/09/2026,3500,3500,3500
Tamil Nadu,Thiruvarur,Tiruthuraipoondi(Uzhavar Sandhai ),Cluster beans,Cluster Beans,Local,07/09/2026,3500,3500,3500
Tamil Nadu,Thiruvarur,Tiruthuraipoondi(Uzhavar Sandhai ),Ashgourd,Gouard,Local,07/09/2026,3000,3000,3000
Tamil Nadu,Thiruvarur,Tiruthuraipoondi(Uzhavar Sandhai ),Green Chilli,Green Chilly,Local,07/09/2026,4800,4800,4800
Tamil Nadu,Thiruvarur,Tiruthuraipoondi(Uzhavar Sandhai ),Ridgeguard(Tori),Ridgeguard(Tori),Local,07/09/2026,4000,4000,4000
Tamil Nadu,Thiruvellore,Naravarikuppam(Uzhavar Sandhai ),Bhindi(Ladies Finger),Bhindi,Local,07/09/2026,4500,4500,4500
Tamil Nadu,Thiruvellore,Naravarikuppam(Uzhavar Sandhai ),Green Chilli,Green Chilly,Local,07/09/2026,6000,6000,6000
Tamil Nadu,Thiruvellore,Naravarikuppam(Uzhavar Sandhai ),Coconut,Coconut,Local,07/09/2026,6000,6000,6000
Tamil Nadu,Thiruvellore,Naravarikuppam(Uzhavar Sandhai ),Snakeguard,Snakeguard,Local,07/09/2026,4000,4000,4000
Tamil Nadu,Thiruvellore,Paruthipattu(Uzhavar Sandhai ),Green Avare(W),Green Avare (W),Local,07/09/2026,5000,5000,5000
Tamil Nadu,Thiruvellore,Paruthipattu(Uzhavar Sandhai ),Tomato,Deshi,Local,07/09/2026,2500,2500,2500
Tamil Nadu,Thiruvellore,Paruthipattu(Uzhavar Sandhai ),Bottle gourd,Bottle Gourd,Local,07/09/2026,3000,3000,3000
Tamil Nadu,Thiruvellore,Paruthipattu(Uzhavar Sandhai ),Onion,Bellary,Local,07/09/2026,5000,5000,5000
Tamil Nadu,Thiruvellore,Paruthipattu(Uzhavar Sandhai ),Cabbage,Cabbage,Local,07/09/2026,4000,4000,4000
Tamil Nadu,Thiruvellore,Paruthipattu(Uzhavar Sandhai ),Ridgeguard(Tori),Ridgeguard(Tori),Local,07/09/2026,5000,5000,5000
Tamil Nadu,Thiruvellore,Perambakkam(Uzhavar Sandhai ),Amaranthus,Amaranthus,Local,07/09/2026,3000,3000,3000
Tamil Nadu,Thiruvellore,Perambakkam(Uzhavar Sandhai ),Jasmine,Jasmine,Local,07/09/2026,60000,60000,60000
Tamil Nadu,Tuticorin,Kovilpatti(Uzhavar Sandhai ),Cluster beans,Cluster Beans,Local,07/09/2026,3500,4000,3750
Tamil Nadu,Tuticorin,Kovilpatti(Uzhavar Sandhai ),Ashgourd,Gouard,Local,07/09/2026,3500,4000,3750
Tamil Nadu,Tuticorin,Kovilpatti(Uzhavar Sandhai ),Bhindi(Ladies Finger),Bhindi,Local,07/09/2026,3500,4000,3750
Tamil Nadu,Tuticorin,Kovilpatti(Uzhavar Sandhai ),Green Chilli,Green Chilly,Local,07/09/2026,5000,5500,5250
Tamil Nadu,Tuticorin,Kovilpatti(Uzhavar Sandhai ),Banana - Green,Banana - Green,Local,07/09/2026,3000,3500,3250
Tamil Nadu,Tuticorin,Kovilpatti(Uzhavar Sandhai ),Banana,Other,Local,07/09/2026,3000,3500,3250
Tamil Nadu,Tuticorin,Kovilpatti(Uzhavar Sandhai ),Thondekai,Thondekai,Local,07/09/2026,4500,5000,4750
Tamil Nadu,Tuticorin,Kovilpatti(Uzhavar Sandhai ),Mango(Raw-Ripe),Mango - Raw-Ripe,Local,07/09/2026,6500,7000,6750
Tamil Nadu,Vellore,Gudiyatham(Uzhavar Sandhai ),Amaranthus,Amaranthus,Local,07/09/2026,4000,4000,4000
Tamil Nadu,Vellore,Gudiyatham(Uzhavar Sandhai ),Green Chilli,Green Chilly,Local,07/09/2026,4600,5600,5100
Tamil Nadu,Vellore,Gudiyatham(Uzhavar Sandhai ),Ginger(Green),Green Ginger,Local,07/09/2026,18000,19000,18500
Tamil Nadu,Vellore,Gudiyatham(Uzhavar Sandhai ),Cabbage,Cabbage,Local,07/09/2026,3000,3000,3000
Tamil Nadu,Vellore,Gudiyatham(Uzhavar Sandhai ),Drumstick,Drumstick,Local,07/09/2026,1800,1800,1800
Tamil Nadu,Vellore,Gudiyatham(Uzhavar Sandhai ),Knool Khol,Knool Khol,Local,07/09/2026,3600,3600,3600
Tamil Nadu,Vellore,Gudiyatham(Uzhavar Sandhai ),Tender Coconut,Tender Coconut,Local,07/09/2026,3500,3500,3500
Tamil Nadu,Vellore,Gudiyatham(Uzhavar Sandhai ),Indian Beans(Seam),Indian Beans (Seam),Local,07/09/2026,5600,5600,5600
Tamil Nadu,Vellore,Gudiyatham(Uzhavar Sandhai ),Colacasia,Colacasia,Local,07/09/2026,5600,5600,5600
Tamil Nadu,Vellore,Gudiyatham(Uzhavar Sandhai ),Onion Green,Onion Green,Local,07/09/2026,8600,8600,8600
Tamil Nadu,Vellore,Kahithapattarai(Uzhavar Sandhai ),Cauliflower,Ranchi,Local,07/09/2026,2000,2000,2000
Tamil Nadu,Vellore,Kahithapattarai(Uzhavar Sandhai ),Bitter gourd,Bitter Gourd,Local,07/09/2026,4600,4600,4600
Tamil Nadu,Vellore,Kahithapattarai(Uzhavar Sandhai ),Green Chilli,Green Chilly,Local,07/09/2026,3600,3600,3600
Tamil Nadu,Vellore,Kahithapattarai(Uzhavar Sandhai ),Beans,Beans (Whole),Local,07/09/2026,5600,6600,6100
Tamil Nadu,Vellore,Kahithapattarai(Uzhavar Sandhai ),Banana,Besrai,Local,07/09/2026,5000,6000,5500
Tamil Nadu,Vellore,Kahithapattarai(Uzhavar Sandhai ),Snakeguard,Snakeguard,Local,07/09/2026,3000,3000,3000
Tamil Nadu,Vellore,Kahithapattarai(Uzhavar Sandhai ),Beetroot,Beetroot,Local,07/09/2026,3500,3500,3500
Tamil Nadu,Vellore,Kahithapattarai(Uzhavar Sandhai ),Mango(Raw-Ripe),Mango - Raw-Ripe,Local,07/09/2026,9000,9000,9000
Tamil Nadu,Vellore,Kahithapattarai(Uzhavar Sandhai ),Knool Khol,Knool Khol,Local,07/09/2026,2500,2500,2500
Tamil Nadu,Vellore,Kahithapattarai(Uzhavar Sandhai ),Mashrooms,Mashrooms,Local,07/09/2026,35000,35000,35000
Tamil Nadu,Vellore,Kahithapattarai(Uzhavar Sandhai ),Onion Green,Onion Green,Local,07/09/2026,9000,9000,9000
Tamil Nadu,Villupuram,Villupuram(Uzhavar Sandhai ),Potato,Red Nanital,Local,07/09/2026,4000,4000,4000
Tamil Nadu,Villupuram,Villupuram(Uzhavar Sandhai ),Brinjal,Round,Local,07/09/2026,4000,6000,5000
Tamil Nadu,Villupuram,Villupuram(Uzhavar Sandhai ),Beans,Beans (Whole),Local,07/09/2026,7000,7000,7000
Tamil Nadu,Villupuram,Villupuram(Uzhavar Sandhai ),Tapioca,Tapioca,Local,07/09/2026,5000,5000,5000
Tamil Nadu,Villupuram,Villupuram(Uzhavar Sandhai ),Groundnut,Big (With Shell),Local,07/09/2026,9000,9000,9000
Tamil Nadu,Villupuram,Villupuram(Uzhavar Sandhai ),Coconut,Coconut,Local,07/09/2026,5000,5000,5000
Tamil Nadu,Villupuram,Villupuram(Uzhavar Sandhai ),Sweet Potato,Hosur Red,Local,07/09/2026,6000,6000,6000
Tamil Nadu,Villupuram,Villupuram(Uzhavar Sandhai ),Mango(Raw-Ripe),Mango - Raw-Ripe,Local,07/09/2026,9000,9000,9000
Tamil Nadu,Villupuram,Villupuram(Uzhavar Sandhai ),Lemon,Lemon,Local,07/09/2026,8000,8000,8000
Andhra Pradesh,Chittor,Palamaner APMC,Green Chilli,Green Chilly,FAQ,07/09/2026,2500,4000,3500
Andhra Pradesh,Chittor,Palamaner APMC,Cabbage,Cabbage,FAQ,07/09/2026,600,1000,800
Andhra Pradesh,Chittor,Palamaner APMC,Cluster beans,Cluster Beans,FAQ,07/09/2026,5000,7000,6000
Andhra Pradesh,Chittor,Palamaner APMC,Ridgeguard(Tori),Ridgeguard(Tori),FAQ,07/09/2026,1500,2500,2000
Andhra Pradesh,Prakasam,Darsi APMC,Paddy(Common),B P T,Local,07/09/2026,2500,2600,2600
Andhra Pradesh,Krishna,Gudlavalleru APMC,Black Gram Dal(Urd Dal),Black Gram Dal,FAQ,07/09/2026,9500,9500,9500
Andhra Pradesh,Sri Sathya Sai,Penukonda APMC,Maize,Hybrid/Local,FAQ,07/09/2026,2400,2500,2450
Andhra Pradesh,Sri Sathya Sai,Penukonda APMC,Groundnut,Local,FAQ,07/09/2026,7400,7600,7500
Haryana,Rewari,Rewari APMC,Onion,Medium,Medium,07/09/2026,2000,5000,3500
Haryana,Rewari,Rewari APMC,Potato,Other,Medium,07/09/2026,800,1600,1200
Haryana,Rewari,Rewari APMC,Banana,Other,Medium,07/09/2026,2500,4500,3500
Himachal Pradesh,Solan,PMY Kather Solan,Pineapple,Other,Medium,07/09/2026,4000,8000,6000
Himachal Pradesh,Solan,PMY Kather Solan,Garlic,Garlic,Local,07/09/2026,6000,18000,17000
Punjab,Hoshiarpur,Mukerian APMC,Capsicum,Capsicum,Grade B,07/09/2026,4500,6500,5500
Rajasthan,Jaisalmer,Jaisalmer APMC,Onion,Onion,Grade A,07/09/2026,3000,4000,3500
Tripura,Sepahijala,Melaghar APMC,Banana,Banana - Ripe,Local,07/09/2026,3000,3500,3200
Tripura,Sepahijala,Melaghar APMC,Fish,Rahu(Local),Local,07/09/2026,32000,34000,33000
Tripura,Sepahijala,Melaghar APMC,Bitter gourd,Bitter Gourd,Local,07/09/2026,6500,7000,6900
Tripura,Sepahijala,Melaghar APMC,Brinjal,Brinjal,Local,07/09/2026,2000,2500,2400
Tripura,Unokoti,Pabiacherra APMC,Onion,Nasik,FAQ,07/09/2026,4900,5100,5000
Tripura,Unokoti,Pabiacherra APMC,Ridgeguard(Tori),Ridgeguard(Tori),FAQ,07/09/2026,3600,3800,3700
Punjab,Ludhiana,Ludhiana APMC,Raddish,Raddish,FAQ,07/09/2026,300,1000,600
Punjab,Ludhiana,Ludhiana APMC,Ashgourd,Other,FAQ,07/09/2026,500,1300,800
Punjab,Ludhiana,Ludhiana APMC,Bottle gourd,Other,FAQ,07/09/2026,200,800,600
Punjab,Ludhiana,Ludhiana APMC,Lemon,Other,FAQ,07/09/2026,3500,6500,4500
Punjab,Ludhiana,Ludhiana APMC,Capsicum,Other,FAQ,07/09/2026,1000,3000,2000
Punjab,Ludhiana,Ludhiana APMC,French Beans(Frasbean),Other,FAQ,07/09/2026,2200,4000,3000
Punjab,Ludhiana,Ludhiana APMC,Colacasia,Arabi,FAQ,07/09/2026,1500,2000,1700
Andhra Pradesh,Kurnool,Kodumur APMC,Cotton,Bunny,FAQ,07/09/2026,5300,9200,8700
West Bengal,Birbhum,Birbhum APMC,Green Chilli,Green Chilly,FAQ,07/09/2026,10900,11050,11000
West Bengal,Birbhum,Birbhum APMC,Tomato,Hybrid,FAQ,07/09/2026,4800,5000,4900
West Bengal,Jalpaiguri,Jalpaiguri Sadar APMC,Cucumbar(Kheera),Cucumbar,FAQ,07/09/2026,2400,2600,2500
Keralam,Kottayam,Pampady Market,Amaranthus,Amaranthus,FAQ,07/09/2026,3000,4500,3500
Keralam,Kottayam,Pampady Market,Brinjal,Brinjal,FAQ,07/09/2026,4000,5500,5000
Keralam,Kottayam,Pampady Market,Colacasia,Other,FAQ,07/09/2026,6000,8000,7000
Keralam,Kottayam,Pampady Market,Cowpea(Veg),Cowpea (Veg),FAQ,07/09/2026,6500,8000,7500
Goa,North Goa,Mapusa APMC,Banana,Other,Medium,07/09/2026,3000,7000,5000
Goa,North Goa,Mapusa APMC,Potato,Potato,FAQ,07/09/2026,1200,1600,1500
Andhra Pradesh,Dr.B.R.A.Konaseema,Ambajipeta APMC,Banana,Banana - Ripe,Medium,07/09/2026,960,2640,1800
Tamil Nadu,Thiruvannamalai,Cheyyar(Uzhavar Sandhai ),Tomato,Local,Local,07/09/2026,2000,2500,2250
Tamil Nadu,Thiruvannamalai,Cheyyar(Uzhavar Sandhai ),Bitter gourd,Other,Local,07/09/2026,3500,4000,3750
Tamil Nadu,Thiruvannamalai,Cheyyar(Uzhavar Sandhai ),Pumpkin,Pumpkin,Local,07/09/2026,2500,3000,2750
Tamil Nadu,Thiruvannamalai,Cheyyar(Uzhavar Sandhai ),Amaranthus,Amaranthus,Local,07/09/2026,2500,3000,2750
Tamil Nadu,Thiruvannamalai,Cheyyar(Uzhavar Sandhai ),Banana,Karpura,Local,07/09/2026,4000,5000,4500
Tamil Nadu,Thiruvannamalai,Cheyyar(Uzhavar Sandhai ),Cabbage,Cabbage,Local,07/09/2026,2500,3000,2750
Tamil Nadu,Thiruvannamalai,Cheyyar(Uzhavar Sandhai ),Snakeguard,Snakeguard,Local,07/09/2026,2500,3000,2750
Tamil Nadu,Thiruvannamalai,Cheyyar(Uzhavar Sandhai ),Ridgeguard(Tori),Ridgeguard(Tori),Local,07/09/2026,3500,4200,3850
Tamil Nadu,Thiruvannamalai,Cheyyar(Uzhavar Sandhai ),Colacasia,Colacasia,Local,07/09/2026,3500,4200,3850
Tamil Nadu,Thiruvannamalai,Cheyyar(Uzhavar Sandhai ),Onion Green,Onion Green,Local,07/09/2026,5000,6000,5500
Andhra Pradesh,Krishna,Divi (HQ-Avanigadda) APMC,Paddy(Common),B P T,FAQ,07/09/2026,3100,3500,3200
Haryana,Bhiwani,Bhiwani APMC,Guava,Guava,Grade B,07/09/2026,2840,3250,3011
Haryana,Bhiwani,Bhiwani APMC,Banana,Medium,Grade B,07/09/2026,4210,5201,4545
Andhra Pradesh,Markapuram,Markapur APMC,Cotton,Desi,FAQ,07/09/2026,8000,8000,8000
Karnataka,Chikkaballapur,Bagepalli APMC,Cauliflower,Cauliflower,Small,07/09/2026,900,1000,950
Karnataka,Chikkaballapur,Bagepalli APMC,Carrot,Carrot,Small,07/09/2026,1500,2500,2000
Karnataka,Chikkaballapur,Bagepalli APMC,Beetroot,Beetroot,Small,07/09/2026,1500,2000,1700
Haryana,Ambala,Naraingarh APMC,French Beans(Frasbean),French Beans (Frasbean),Medium,07/09/2026,3000,4000,3600
Haryana,Ambala,Naraingarh APMC,Potato,Potato,Medium,07/09/2026,400,700,600
Haryana,Ambala,Naraingarh APMC,Pomegranate,Pomogranate,Medium,07/09/2026,7000,10000,8000
Haryana,Ambala,Naraingarh APMC,Brinjal,Brinjal,Medium,07/09/2026,1000,1600,1200
Haryana,Ambala,Naraingarh APMC,Pumpkin,Pumpkin,Medium,07/09/2026,700,1200,1000
Telangana,Nalgonda,Nakrekal APMC,Lime,Lime,Local,07/09/2026,1000,12500,3000
Andhra Pradesh,Dr.B.R.A.Konaseema,Nagaram APMC,Coconut,Medium,FAQ,07/09/2026,15500,16000,15500
Andhra Pradesh,Vijayanagaram,Pusapatirega APMC,Maize,Local,FAQ,07/09/2026,4800,4800,4800
Tamil Nadu,Thanjavur,Papanasam(Uzhavar Sandhai ),Brinjal,Round,Local,07/09/2026,3600,6000,4800
Tamil Nadu,Thanjavur,Papanasam(Uzhavar Sandhai ),Pumpkin,Pumpkin,Local,07/09/2026,2400,2400,2400
Tamil Nadu,Thanjavur,Papanasam(Uzhavar Sandhai ),Onion Green,Onion Green,Local,07/09/2026,7200,8400,7800
Andhra Pradesh,YSR Kadapa,Pulivendala APMC,Mousambi(Sweet Lime),Other,Grade B,07/09/2026,800,1700,1300
Punjab,Fatehgarh,Sirhind APMC,Pineapple,Other,Medium,07/09/2026,3000,4000,3500
Punjab,Fatehgarh,Sirhind APMC,Bitter gourd,Other,Local,07/09/2026,1500,1800,1600
Punjab,Fatehgarh,Sirhind APMC,Cauliflower,Other,FAQ,07/09/2026,1900,4000,3500
Punjab,Fatehgarh,Sirhind APMC,Tender Coconut,Other,Medium,07/09/2026,3500,4000,3700
Punjab,Fatehgarh,Sirhind APMC,Garlic,Other,FAQ,07/09/2026,13000,14000,13500
Odisha,Sundergarh,Panposh APMC,Bottle gourd,Bottle Gourd,FAQ,07/09/2026,2000,2400,2200
Odisha,Sundergarh,Panposh APMC,Bhindi(Ladies Finger),Other,FAQ,07/09/2026,3000,4000,3500
Tamil Nadu,Ariyalur,Ariyalur(Uzhavar Sandhai),Cluster beans,Cluster Beans,Local,07/09/2026,3500,4000,3750
Tamil Nadu,Ariyalur,Ariyalur(Uzhavar Sandhai),Beans,Beans (Whole),Local,07/09/2026,8000,9000,8500
Tamil Nadu,Ariyalur,Ariyalur(Uzhavar Sandhai),Drumstick,Drumstick,Local,07/09/2026,3500,4000,3750
Madhya Pradesh,Khandwa,Khandwa(F&V) APMC,Brinjal,Brinjal,FAQ,07/09/2026,500,1000,700
Madhya Pradesh,Khandwa,Khandwa(F&V) APMC,Pumpkin,Pumpkin,FAQ,07/09/2026,300,500,400
Madhya Pradesh,Khandwa,Khandwa(F&V) APMC,Spinach,Spinach,FAQ,07/09/2026,500,1000,800
Uttarakhand,Nanital,Haldwani APMC,Potato,Other,FAQ,07/09/2026,800,1200,1000
Uttarakhand,Nanital,Haldwani APMC,Capsicum,Other,FAQ,07/09/2026,2000,2500,2200
Uttarakhand,Garhwal (Pauri),Kotadwara APMC,Bottle gourd,Bottle Gourd,FAQ,07/09/2026,1000,1000,1000
Uttarakhand,Garhwal (Pauri),Kotadwara APMC,Cauliflower,Cauliflower,FAQ,07/09/2026,1500,1500,1500
Uttarakhand,Garhwal (Pauri),Kotadwara APMC,Sponge gourd,Sponge gourd,FAQ,07/09/2026,1300,1300,1300
Uttarakhand,Garhwal (Pauri),Kotadwara APMC,Potato,Potato,FAQ,07/09/2026,1200,1200,1200
Uttarakhand,Nanital,Ramnagar APMC,Bottle gourd,Other,Local,07/09/2026,1500,1700,1600
Uttarakhand,Nanital,Ramnagar APMC,Pumpkin,Other,Local,07/09/2026,1500,2000,1600
Andhra Pradesh,Palnadu,Rompicherla APMC,Paddy(Common),Paddy,FAQ,07/09/2026,2300,2500,2500
Tamil Nadu,Cuddalore,Cuddalore APMC,Paddy(Common),Other,Local,07/09/2026,2020,2140,2080
Tamil Nadu,Cuddalore,Cuddalore APMC,Ragi(Finger Millet),Other,Local,07/09/2026,2500,2600,2550
Gujarat,Mehsana,Visnagar APMC,Wheat,Other,Local,07/09/2026,2500,2815,2657
Gujarat,Bhavnagar,Mahuva(Station Road) APMC,Onion,Red,FAQ,07/09/2026,460,4760,2610
Gujarat,Bhavnagar,Mahuva(Station Road) APMC,Jowar(Sorghum),Local,FAQ,07/09/2026,2505,5275,3890
Gujarat,Bhavnagar,Mahuva(Station Road) APMC,Groundnut,Bold,FAQ,07/09/2026,5680,7375,6528
Haryana,Mahendragarh-Narnaul,Narnaul APMC,Banana,Banana - Ripe,Medium,07/09/2026,4000,5000,5000
Haryana,Mahendragarh-Narnaul,Narnaul APMC,Pomegranate,Pomogranate,Medium,07/09/2026,8000,10000,9000
Haryana,Mahendragarh-Narnaul,Narnaul APMC,Cabbage,Cabbage,Medium,07/09/2026,2000,3000,2500
Haryana,Mahendragarh-Narnaul,Narnaul APMC,Tomato,Tomato,Medium,07/09/2026,2000,3000,2500
Haryana,Mahendragarh-Narnaul,Narnaul APMC,Potato,Potato,Medium,07/09/2026,800,1000,900
Haryana,Mahendragarh-Narnaul,Narnaul APMC,Pumpkin,Pumpkin,Medium,07/09/2026,600,1500,800
Haryana,Mahendragarh-Narnaul,Narnaul APMC,Brinjal,Brinjal,Medium,07/09/2026,1500,2500,2000
Odisha,Cuttack,Banki APMC,Bhindi(Ladies Finger),Bhindi,Medium,07/09/2026,4000,5000,4500
Odisha,Cuttack,Banki APMC,Brinjal,Other,Medium,07/09/2026,5000,6000,5500
Himachal Pradesh,Kangra,PMY Kangra,Apple,Apple,Medium,07/09/2026,4000,16000,9500
Himachal Pradesh,Kangra,PMY Kangra,Green Chilli,Green Chilly,FAQ,07/09/2026,4500,5000,4700
Himachal Pradesh,Kangra,PMY Kangra,Colacasia,Colacasia,FAQ,07/09/2026,2800,3000,2900
Himachal Pradesh,Kangra,PMY Kangra,Bottle gourd,Bottle Gourd,FAQ,07/09/2026,2500,3600,3000
Himachal Pradesh,Kangra,PMY Kangra,French Beans(Frasbean),Other,FAQ,07/09/2026,5000,5200,5100
Haryana,Mewat,Punhana APMC,Pomegranate,Other,Medium,07/09/2026,7000,8000,7500
Andhra Pradesh,Tirupathi,Thiruchanur APMC,Banana,Banana - Ripe,Grade A,07/09/2026,1000,2000,1600
Bihar,Siwan,Maharjganj APMC,Potato,Red Nanital,FAQ,07/09/2026,1500,1500,1500
Bihar,Siwan,Maharjganj APMC,Green Chilli,Green Chilly,FAQ,07/09/2026,3500,3500,3500
Telangana,Siddipet,Dubbak APMC,Paddy(Common),Paddy,FAQ,07/09/2026,2400,2400,2400
Punjab,Gurdaspur,Dinanagar APMC,Papaya,Papaya,Medium,07/09/2026,4000,5000,4500
Punjab,Gurdaspur,Dinanagar APMC,Capsicum,Capsicum,Medium,07/09/2026,4500,5000,4800
Punjab,Hoshiarpur,Garh Shankar APMC,Banana,Banana - Ripe,Medium,07/09/2026,3400,3400,3400
Punjab,Hoshiarpur,Garh Shankar APMC,Potato,Potato,FAQ,07/09/2026,1000,1000,1000
Punjab,Ludhiana,Doraha APMC,Capsicum,Capsicum,Local,07/09/2026,3000,4200,3800
Punjab,Ludhiana,Doraha APMC,Ridgeguard(Tori),Other,Local,07/09/2026,1500,2000,1800
Punjab,Ludhiana,Doraha APMC,Onion,Medium,Local,07/09/2026,3500,4000,3800
Punjab,Ludhiana,Doraha APMC,Lemon,Lemon,Local,07/09/2026,10000,10000,10000
Punjab,Ludhiana,Doraha APMC,Ginger(Green),Green Ginger,Local,07/09/2026,6000,8000,7000
Haryana,Panchkula,Barwala APMC,Bhindi(Ladies Finger),Bhindi,FAQ,07/09/2026,1000,2000,1500
Odisha,Ganjam,Bhanjanagar APMC,Cabbage,Cabbage,Medium,07/09/2026,2400,2600,2500
Odisha,Ganjam,Bhanjanagar APMC,Bitter gourd,Bitter Gourd,FAQ,07/09/2026,2200,2400,2300
Odisha,Ganjam,Bhanjanagar APMC,Drumstick,Drumstick,Local,07/09/2026,4000,4200,4100
Punjab,Jalandhar,Bhogpur APMC,Green Chilli,Green Chilly,Local,07/09/2026,1400,1400,1400
Odisha,Sambalpur,Rairakhol APMC,Bhindi(Ladies Finger),Bhindi,Medium,07/09/2026,5800,6200,6000
Odisha,Boudh,Boudh APMC,Bhindi(Ladies Finger),Other,Local,07/09/2026,6500,7500,7000
Odisha,Boudh,Boudh APMC,Cauliflower,Other,Local,07/09/2026,7000,8000,7500
Odisha,Boudh,Boudh APMC,Bitter gourd,Other,Local,07/09/2026,5000,6000,5500
Odisha,Boudh,Boudh APMC,Potato,Other,Local,07/09/2026,1800,2200,2000
Odisha,Sundergarh,Sargipali APMC,Brinjal,Brinjal,FAQ,07/09/2026,2600,3000,2800
Odisha,Mayurbhanja,Betnoti APMC,Bitter gourd,Bitter Gourd,FAQ,07/09/2026,4200,4600,4400
Odisha,Mayurbhanja,Betnoti APMC,Cucumbar(Kheera),Cucumbar,FAQ,07/09/2026,2200,2600,2400
Haryana,Panchkula,Raipur Rani APMC,Coriander(Leaves),Coriander,Local,07/09/2026,3400,3600,3400
Haryana,Panchkula,Raipur Rani APMC,Cucumbar(Kheera),Other,Local,07/09/2026,1800,2000,1800
Haryana,Panchkula,Raipur Rani APMC,Potato,Potato,Local,07/09/2026,800,900,800
Haryana,Panchkula,Raipur Rani APMC,Ridgeguard(Tori),Other,Local,07/09/2026,1800,2000,1800
Haryana,Panchkula,Raipur Rani APMC,Spinach,Spinach,Local,07/09/2026,1400,1600,1400
Haryana,Panchkula,Raipur Rani APMC,Brinjal,Other,Local,07/09/2026,1400,1500,1400
Keralam,Thiruvananthapuram,Pappanchani VFPCK Market,Cowpea(Veg),Bean Barbati,Grade A,07/09/2026,8000,8000,8000
Haryana,Jhajar,Bahadurgarh APMC,Bottle gourd,Other,Medium,07/09/2026,1000,1500,1200
Haryana,Jhajar,Bahadurgarh APMC,Carrot,Other,Medium,07/09/2026,5500,6000,5800
Keralam,Alappuzha,Aroor Market,Bhindi(Ladies Finger),Other,FAQ,07/09/2026,5000,5200,5100
Keralam,Alappuzha,Aroor Market,Cabbage,Other,FAQ,07/09/2026,4000,4200,4100
Keralam,Alappuzha,Aroor Market,Cowpea(Veg),Other,FAQ,07/09/2026,6000,6200,6100
Keralam,Alappuzha,Chengannur Market,Beetroot,Beetroot,FAQ,07/09/2026,3900,4200,4000
Keralam,Alappuzha,Chengannur Market,Carrot,Other,FAQ,07/09/2026,5800,6300,6000
Keralam,Alappuzha,Chengannur Market,Tomato,Tomato,FAQ,07/09/2026,3900,4200,4000
Tamil Nadu,Coimbatore,Sundarapuram(Uzhavar Sandhai ),Tomato,Local,Local,07/09/2026,2400,2800,2600
Tamil Nadu,Coimbatore,Sundarapuram(Uzhavar Sandhai ),Cluster beans,Cluster Beans,Local,07/09/2026,3500,4000,3750
Tamil Nadu,Coimbatore,Sundarapuram(Uzhavar Sandhai ),Bottle gourd,Bottle Gourd,Local,07/09/2026,3000,3500,3250
Tamil Nadu,Coimbatore,Sundarapuram(Uzhavar Sandhai ),Amaranthus,Amaranthus,Local,07/09/2026,5000,6500,5750
Tamil Nadu,Coimbatore,Sundarapuram(Uzhavar Sandhai ),Ginger(Green),Green Ginger,Local,07/09/2026,15000,16000,15500
Tamil Nadu,Coimbatore,Sundarapuram(Uzhavar Sandhai ),Drumstick,Drumstick,Local,07/09/2026,3000,3500,3250
Tamil Nadu,Coimbatore,Sundarapuram(Uzhavar Sandhai ),Onion Green,Onion Green,Local,07/09/2026,8000,8500,8250
Andhra Pradesh,Visakhapatnam,Pendurthi APMC,Bajra(Pearl Millet/Cumbu),Local,Local,07/09/2026,2700,2700,2700
Haryana,Rohtak,Meham,Pomegranate,Pomogranate,Medium,07/09/2026,7000,7000,7000
Odisha,Kalahandi,Kalahandi(Dharamagarh) APMC,Bhindi(Ladies Finger),Other,Grade B,07/09/2026,1800,2400,2100
Odisha,Kalahandi,Kalahandi(Dharamagarh) APMC,Cabbage,Other,Grade B,07/09/2026,2400,3000,2700
Keralam,Alappuzha,Kayamkulam Market,Brinjal,Other,FAQ,07/09/2026,2700,2900,2800
Keralam,Alappuzha,Kayamkulam Market,Cauliflower,Other,FAQ,07/09/2026,3200,3400,3300
Keralam,Alappuzha,Kayamkulam Market,Drumstick,Other,FAQ,07/09/2026,3200,3400,3300
Keralam,Alappuzha,Kayamkulam Market,Snakeguard,Other,FAQ,07/09/2026,2700,2900,2800
Odisha,Mayurbhanja,Karanjia APMC,Cauliflower,Cauliflower,Local,07/09/2026,5000,5500,5200
Uttar Pradesh,Khiri (Lakhimpur),Maigalganj APMC,Brinjal,Round/Long,FAQ,07/09/2026,1060,1100,1080
Punjab,Gurdaspur,Kalanaur APMC,Pumpkin,Pumpkin,Grade A,07/09/2026,1300,1300,1300
Keralam,Ernakulam,North Paravur Market,Bitter gourd,Bitter Gourd,Medium,07/09/2026,5000,6000,5500
Keralam,Ernakulam,North Paravur Market,Cucumbar(Kheera),Cucumbar,Medium,07/09/2026,2200,3000,2500
Keralam,Ernakulam,North Paravur Market,Garlic,Average,Grade Range-1,07/09/2026,21000,23000,21500
Keralam,Ernakulam,North Paravur Market,Green Chilli,Green Chilly,Medium,07/09/2026,5000,6000,5500
Keralam,Ernakulam,North Paravur Market,Onion,1st Sort,Small,07/09/2026,8000,9000,8500
Keralam,Ernakulam,North Paravur Market,Pumpkin,Other,Medium,07/09/2026,1600,2000,1800
Keralam,Ernakulam,North Paravur Market,Sweet Potato,Hosur Green,Medium,07/09/2026,5500,6500,6000
Keralam,Ernakulam,North Paravur Market,Seemebadnekai,Other,FAQ,07/09/2026,2200,3000,2500
Keralam,Ernakulam,North Paravur Market,Elephant Yam(Suran)/Amorphophallus,Amorphophallus,Medium,07/09/2026,3000,4000,3500
Keralam,Ernakulam,North Paravur Market,Amaranthus,Amaranthus,Local,07/09/2026,2200,3000,2500
Himachal Pradesh,Solan,SMY Nalagarh,Capsicum,Other,Medium,07/09/2026,3000,3500,3300
Himachal Pradesh,Solan,SMY Nalagarh,Cauliflower,Other,Medium,07/09/2026,4000,5000,4500
Himachal Pradesh,Solan,SMY Nalagarh,Pumpkin,Other,Medium,07/09/2026,800,2000,1400
Punjab,Bhatinda,Rampuraphul(Nabha Mandi) APMC,Apple,Other,Grade A,07/09/2026,6000,10000,8000
Punjab,Bhatinda,Rampuraphul(Nabha Mandi) APMC,Potato,Other,Grade A,07/09/2026,600,800,700
Punjab,Bhatinda,Rampuraphul(Nabha Mandi) APMC,Pumpkin,Other,Grade A,07/09/2026,1000,1700,1500
Punjab,Bhatinda,Rampuraphul(Nabha Mandi) APMC,Cabbage,Other,Grade A,07/09/2026,1500,2500,2000
Punjab,Bhatinda,Rampuraphul(Nabha Mandi) APMC,Bhindi(Ladies Finger),Bhindi,Grade A,07/09/2026,2000,3000,2500
Punjab,Bhatinda,Rampuraphul(Nabha Mandi) APMC,Tomato,Other,Grade A,07/09/2026,2000,2800,2500
Haryana,Bhiwani,Loharu APMC,Guar Seed(Cluster Beans Seed),Other,FAQ,07/09/2026,6850,6850,6850
Himachal Pradesh,Kangra,SMY Baijnath,Tomato,Local,Grade B,07/09/2026,3000,3400,3200
Himachal Pradesh,Kangra,SMY Jaisinghpur,Banana,Other,Medium,07/09/2026,5400,5600,5450
Himachal Pradesh,Kangra,SMY Jaisinghpur,Papaya,Other,Medium,07/09/2026,4800,5200,5000
Himachal Pradesh,Kangra,SMY Jaisinghpur,Bitter gourd,Bitter Gourd,FAQ,07/09/2026,3500,3800,3600
Himachal Pradesh,Kangra,SMY Jaisinghpur,Cabbage,Cabbage,FAQ,07/09/2026,2800,3200,3000
Himachal Pradesh,Kangra,SMY Jaisinghpur,Bottle gourd,Bottle Gourd,FAQ,07/09/2026,2800,3800,3200
Himachal Pradesh,Kangra,SMY Jaisinghpur,Bhindi(Ladies Finger),Bhindi,FAQ,07/09/2026,2800,3500,3200
Himachal Pradesh,Kangra,SMY Jaisinghpur,French Beans(Frasbean),French Beans (Frasbean),FAQ,07/09/2026,5500,6500,6000
Himachal Pradesh,Kangra,SMY Jaisinghpur,Green Chilli,Green Chilly,FAQ,07/09/2026,4200,4800,4500
Himachal Pradesh,Kangra,SMY Jaisinghpur,Coriander(Leaves),Coriander,FAQ,07/09/2026,11000,15000,12500
Telangana,Hanumakonda,"Excise Colony,RBZ ",Brinjal,Other,Grade A,07/09/2026,3600,3600,3600
Telangana,Hanumakonda,"Excise Colony,RBZ ",Ridgeguard(Tori),Other,Grade A,07/09/2026,4000,4000,4000
Telangana,Hanumakonda,"Excise Colony,RBZ ",Bitter gourd,Other,Grade A,07/09/2026,3600,3600,3600
Keralam,Kannur,Taliparamba Market,Onion,Onion,FAQ,07/09/2026,5400,5600,5500
Keralam,Kozhikode(Calicut),Thamarassery Market,Carrot,Other,FAQ,07/09/2026,6800,7000,6800
Keralam,Kozhikode(Calicut),Thamarassery Market,Ginger(Green),Other,FAQ,07/09/2026,14000,14500,14000
Keralam,Kozhikode(Calicut),Thamarassery Market,Onion,Other,FAQ,07/09/2026,6000,6300,6000
Keralam,Kozhikode(Calicut),Quilandy Market,Banana - Green,Other,FAQ,07/09/2026,5400,5500,5500
Keralam,Kozhikode(Calicut),Quilandy Market,Amaranthus,Other,FAQ,07/09/2026,3400,3500,3500
Keralam,Kozhikode(Calicut),Quilandy Market,Ashgourd,Other,FAQ,07/09/2026,2700,3000,2800
Keralam,Kozhikode(Calicut),Quilandy Market,Carrot,Other,FAQ,07/09/2026,5900,6300,6000
Uttar Pradesh,Rampur,Milak APMC,Wood,Other,FAQ,07/09/2026,800,810,802.71
Tamil Nadu,Erode,Sathiyamagalam(Uzhavar Sandhai ),Tomato,Local,Local,07/09/2026,2500,2900,2700
Tamil Nadu,Erode,Sathiyamagalam(Uzhavar Sandhai ),Cluster beans,Cluster Beans,Local,07/09/2026,3000,3600,3300
Tamil Nadu,Erode,Sathiyamagalam(Uzhavar Sandhai ),Bhindi(Ladies Finger),Bhindi,Local,07/09/2026,3400,3800,3600
Tamil Nadu,Erode,Sathiyamagalam(Uzhavar Sandhai ),Amaranthus,Amaranthus,Local,07/09/2026,3500,4000,3750
Tamil Nadu,Erode,Sathiyamagalam(Uzhavar Sandhai ),Beans,Beans (Whole),Local,07/09/2026,6500,7000,6750
Tamil Nadu,Erode,Sathiyamagalam(Uzhavar Sandhai ),Ginger(Green),Green Ginger,Local,07/09/2026,15000,16000,15500
Tamil Nadu,Erode,Sathiyamagalam(Uzhavar Sandhai ),Chow Chow,Chow Chow,Local,07/09/2026,2500,3000,2750
Tamil Nadu,Coimbatore,Mettupalayam(Uzhavar Sandhai ),Brinjal,Round,Local,07/09/2026,2800,3200,3000
Tamil Nadu,Coimbatore,Mettupalayam(Uzhavar Sandhai ),Green Peas,Green Peas,Local,07/09/2026,12000,15000,13500
Tamil Nadu,Coimbatore,Mettupalayam(Uzhavar Sandhai ),Bhindi(Ladies Finger),Bhindi,Local,07/09/2026,3000,3600,3300
Tamil Nadu,Coimbatore,Mettupalayam(Uzhavar Sandhai ),Cowpea(Veg),Cowpea (Veg),Local,07/09/2026,2500,3000,2750
Tamil Nadu,Coimbatore,Mettupalayam(Uzhavar Sandhai ),Tapioca,Tapioca,Local,07/09/2026,2800,3200,3000
Tamil Nadu,Coimbatore,Mettupalayam(Uzhavar Sandhai ),Groundnut,Big (With Shell),Local,07/09/2026,7000,8000,7500
Tamil Nadu,Coimbatore,Mettupalayam(Uzhavar Sandhai ),Onion,Bellary,Local,07/09/2026,5800,6200,6000
Tamil Nadu,Coimbatore,Mettupalayam(Uzhavar Sandhai ),Snakeguard,Snakeguard,Local,07/09/2026,3200,3500,3350
Tamil Nadu,Coimbatore,Mettupalayam(Uzhavar Sandhai ),Green Avare(W),Green Avare (W),Local,07/09/2026,5700,6200,5950
Tamil Nadu,Coimbatore,Mettupalayam(Uzhavar Sandhai ),Guava,Guava Allahabad,Local,07/09/2026,5500,6000,5750
Tamil Nadu,Coimbatore,Mettupalayam(Uzhavar Sandhai ),Elephant Yam(Suran)/Amorphophallus,Elephant Yam (Suran),Local,07/09/2026,3500,4000,3750
Tamil Nadu,Coimbatore,Mettupalayam(Uzhavar Sandhai ),Lemon,Lemon,Local,07/09/2026,15000,19000,17000
Tamil Nadu,Coimbatore,Mettupalayam(Uzhavar Sandhai ),Turnip,Turnip,Local,07/09/2026,4500,5000,4750
Telangana,Hyderabad,RYTHU BAZAR MEHDIPATNAM,Banana - Green,Banana - Green,Grade A,07/09/2026,1100,1100,1100
Telangana,Hyderabad,RYTHU BAZAR MEHDIPATNAM,Beetroot,Beetroot,Grade A,07/09/2026,3500,3500,3500
Telangana,Hyderabad,RYTHU BAZAR MEHDIPATNAM,Colacasia,Colacasia,Grade A,07/09/2026,2800,2800,2800
Telangana,Hyderabad,RYTHU BAZAR MEHDIPATNAM,Other green and fresh vegetables,Other,Grade A,07/09/2026,2500,2500,2500
Telangana,Hyderabad,RYTHU BAZAR MEHDIPATNAM,Tinda,Other,Grade A,07/09/2026,2800,2800,2800
Odisha,Kendrapara,Kendrapara(Marshaghai) APMC,Brinjal,Round/Long,Grade B,07/09/2026,7000,7000,7000
Uttar Pradesh,Sant Kabir Nagar,Khalilabad APMC,Wheat,Dara,FAQ,07/09/2026,2530,2530,2530
Uttar Pradesh,Sant Kabir Nagar,Khalilabad APMC,Bottle gourd,Bottle Gourd,Medium,07/09/2026,1400,1500,1450
Punjab,Ludhiana,Raikot APMC,Apple,Apple,Grade A,07/09/2026,7870,7870,7870
Punjab,Ludhiana,Raikot APMC,Mousambi(Sweet Lime),Mousambi,Grade A,07/09/2026,4760,4760,4760
Telangana,Mahbubnagar,Mahabubnagar(Rythu Bazar),Leafy Vegetable,Leafy Vegetables,Local,07/09/2026,5000,5000,5000
Odisha,Angul,Pallahara APMC,Banana - Green,Other,FAQ,07/09/2026,1500,1900,1700
Tamil Nadu,Namakkal,Tiruchengode APMC,Potato,Other,Local,07/09/2026,2600,3000,2800
Tamil Nadu,Namakkal,Tiruchengode APMC,Cauliflower,Ranchi,Local,07/09/2026,3500,4000,3750
Tamil Nadu,Namakkal,Tiruchengode APMC,Tapioca,Tapioca,Local,07/09/2026,3000,3500,3250
Tamil Nadu,Namakkal,Tiruchengode APMC,Cabbage,Cabbage,Local,07/09/2026,2600,3000,2800
Tamil Nadu,Namakkal,Tiruchengode APMC,Raddish,Raddish,Local,07/09/2026,2000,2400,2200
Tamil Nadu,Namakkal,Tiruchengode APMC,Elephant Yam(Suran)/Amorphophallus,Elephant Yam (Suran),Local,07/09/2026,3000,3500,3250
Uttar Pradesh,Agra,Fatehpur Sikri APMC,Green Chilli,Other,FAQ,07/09/2026,1500,1500,1500
Tamil Nadu,Ariyalur,Jeyankondam (Uzhavar Sandhai ),Bhindi(Ladies Finger),Bhindi,Local,07/09/2026,3200,3600,3400
Tamil Nadu,Ariyalur,Jeyankondam (Uzhavar Sandhai ),Raddish,Raddish,Local,07/09/2026,3400,3800,3600
Uttar Pradesh,Shamli,Khandhla APMC,Brinjal,Brinjal,FAQ,07/09/2026,500,560,530
Uttar Pradesh,Rampur,Bilaspur APMC,Wood,Other,FAQ,07/09/2026,580,600,598.78
Uttar Pradesh,Siddharth Nagar,Naugarh APMC,Banana,Other,Grade A,07/09/2026,1790,1820,1795
Telangana,Hyderabad,RYTHU BAZAR ERRAGADDA,Ladies Finger,Ladies Finger,Grade A,07/09/2026,3500,3500,3500
Telangana,Hyderabad,RYTHU BAZAR ERRAGADDA,Tinda,Tinda,Grade A,07/09/2026,28,28,28
Telangana,Hyderabad,RYTHU BAZAR ERRAGADDA,Snakeguard,Snakeguard,Grade A,07/09/2026,2300,2300,2300
Telangana,Hyderabad,RYTHU BAZAR ERRAGADDA,Colacasia,Colacasia,Grade A,07/09/2026,2800,2800,2800
Tamil Nadu,Coimbatore,RSPuram(Uzhavar Sandhai ),Garlic,Garlic,Local,07/09/2026,22000,23600,22800
Tamil Nadu,Coimbatore,RSPuram(Uzhavar Sandhai ),Brinjal,Other,Local,07/09/2026,3200,3600,3400
Tamil Nadu,Coimbatore,RSPuram(Uzhavar Sandhai ),Water Melon,Water Melon,Local,07/09/2026,1500,2000,1750
Tamil Nadu,Coimbatore,RSPuram(Uzhavar Sandhai ),Pumpkin,Pumpkin,Local,07/09/2026,1600,1800,1700
Tamil Nadu,Coimbatore,RSPuram(Uzhavar Sandhai ),Bhindi(Ladies Finger),Bhindi,Local,07/09/2026,4000,4500,4250
Tamil Nadu,Coimbatore,RSPuram(Uzhavar Sandhai ),Green Chilli,Green Chilly,Local,07/09/2026,4400,4600,4500
Tamil Nadu,Coimbatore,RSPuram(Uzhavar Sandhai ),Tapioca,Tapioca,Local,07/09/2026,2800,3200,3000
Tamil Nadu,Coimbatore,RSPuram(Uzhavar Sandhai ),Apple,American,Local,07/09/2026,20000,28000,24000
Tamil Nadu,Coimbatore,RSPuram(Uzhavar Sandhai ),Grapes,Annabesahai,Local,07/09/2026,9000,10000,9500
Tamil Nadu,Coimbatore,RSPuram(Uzhavar Sandhai ),Onion,Bellary,Local,07/09/2026,5200,5500,5350
Tamil Nadu,Coimbatore,RSPuram(Uzhavar Sandhai ),Sweet Potato,Hosur Red,Local,07/09/2026,5000,5400,5200
Tamil Nadu,Coimbatore,RSPuram(Uzhavar Sandhai ),Cucumbar(Kheera),Cucumbar,Local,07/09/2026,3500,4000,3750
Tamil Nadu,Coimbatore,RSPuram(Uzhavar Sandhai ),Ridgeguard(Tori),Ridgeguard(Tori),Local,07/09/2026,4000,4400,4200
Tamil Nadu,Coimbatore,RSPuram(Uzhavar Sandhai ),Thondekai,Thondekai,Local,07/09/2026,3200,3600,3400
Tamil Nadu,Coimbatore,RSPuram(Uzhavar Sandhai ),Green Avare(W),Other,Local,07/09/2026,5000,5400,5200
Tamil Nadu,Coimbatore,RSPuram(Uzhavar Sandhai ),Guava,Guava Allahabad,Local,07/09/2026,4500,5500,5000
Tamil Nadu,Coimbatore,RSPuram(Uzhavar Sandhai ),Yam(Ratalu),Yam (Ratalu),Local,07/09/2026,7500,8000,7750
Tamil Nadu,Coimbatore,RSPuram(Uzhavar Sandhai ),Custard Apple(Sharifa),Custard Apple(Sharifa),Local,07/09/2026,5000,6000,5500
Tamil Nadu,Coimbatore,RSPuram(Uzhavar Sandhai ),Sweet Corn ,Sweet Corn ,Local,07/09/2026,3500,4000,3750
Tamil Nadu,Coimbatore,Singanallur(Uzhavar Sandhai ),Tomato,Deshi,Local,07/09/2026,2500,3000,2750
Tamil Nadu,Coimbatore,Singanallur(Uzhavar Sandhai ),Apple,American,Local,07/09/2026,27000,28000,27500
Tamil Nadu,Coimbatore,Singanallur(Uzhavar Sandhai ),Onion,Bellary,Local,07/09/2026,5500,6000,5750
Tamil Nadu,Coimbatore,Singanallur(Uzhavar Sandhai ),Carrot,Pusakesar,Local,07/09/2026,5500,6500,6000
Tamil Nadu,Coimbatore,Singanallur(Uzhavar Sandhai ),Cabbage,Cabbage,Local,07/09/2026,2200,2800,2500
Tamil Nadu,Coimbatore,Singanallur(Uzhavar Sandhai ),Raddish,Raddish,Local,07/09/2026,2800,3200,3000
Tamil Nadu,Coimbatore,Singanallur(Uzhavar Sandhai ),Pomegranate,Pomogranate,Local,07/09/2026,13000,14000,13500
Odisha,Mayurbhanja,Narasinghpur APMC,Ladies Finger,Ladies Finger,Local,07/09/2026,3000,4000,3500
Gujarat,Rajkot,Rajkot(Veg.Sub Yard) APMC,Ginger(Green),Green Ginger,FAQ,07/09/2026,7955,15860,11905
Gujarat,Rajkot,Rajkot(Veg.Sub Yard) APMC,Cluster beans,Cluster Beans,FAQ,07/09/2026,3380,4590,3985
Gujarat,Rajkot,Rajkot(Veg.Sub Yard) APMC,Coriander(Leaves),Coriander,FAQ,07/09/2026,705,965,790
Tamil Nadu,Coimbatore,Pollachi(Uzhavar Sandhai ),Garlic,Garlic,Local,07/09/2026,18000,22000,20000
Tamil Nadu,Coimbatore,Pollachi(Uzhavar Sandhai ),Cauliflower,Ranchi,Local,07/09/2026,4500,5000,4750
Tamil Nadu,Coimbatore,Pollachi(Uzhavar Sandhai ),Coriander(Leaves),I Sort,Local,07/09/2026,4000,4500,4250
Tamil Nadu,Coimbatore,Pollachi(Uzhavar Sandhai ),Bhindi(Ladies Finger),Bhindi,Local,07/09/2026,4500,5000,4750
Tamil Nadu,Coimbatore,Pollachi(Uzhavar Sandhai ),Onion,Bellary,Local,07/09/2026,5500,6000,5750
Tamil Nadu,Coimbatore,Pollachi(Uzhavar Sandhai ),Chow Chow,Chow Chow,Local,07/09/2026,3500,4000,3750
Uttar Pradesh,Shamli,Kairana APMC,Bottle gourd,Bottle Gourd,FAQ,07/09/2026,900,1000,950
Uttar Pradesh,Shamli,Kairana APMC,Cauliflower,Cauliflower,FAQ,07/09/2026,1600,1700,1650
Uttar Pradesh,Shamli,Kairana APMC,Pumpkin,Pumpkin,FAQ,07/09/2026,1100,1200,1150
Keralam,Idukki,Thodupuzha Market,Amaranthus,Other,Grade Range-1,07/09/2026,3100,3300,3300
Keralam,Idukki,Thodupuzha Market,Ashgourd,Ashgourd,Grade A,07/09/2026,2900,3100,3100
Keralam,Idukki,Thodupuzha Market,Brinjal,Other,Large,07/09/2026,4500,4700,4700
Odisha,Rayagada,Rayagada(Muniguda) APMC,Cucumbar(Kheera),Cucumbar,Grade A,07/09/2026,2000,2750,2500
Odisha,Rayagada,Rayagada(Muniguda) APMC,Cauliflower,Cauliflower,Grade B,07/09/2026,3480,4250,3750
Odisha,Rayagada,Rayagada(Muniguda) APMC,Tomato,Hybrid,Grade A,07/09/2026,1720,2350,1780
Telangana,Siddipet,Siddipet(Rythu Bazar) ,Green Chilli,Green Chilly,Grade A,07/09/2026,2500,3500,3000
Telangana,Siddipet,Siddipet(Rythu Bazar) ,Bitter gourd,Bitter Gourd,Grade A,07/09/2026,3000,4000,3400
Telangana,Siddipet,Siddipet(Rythu Bazar) ,Cauliflower,African Sarson,Grade A,07/09/2026,2500,3500,3000
Telangana,Siddipet,Siddipet(Rythu Bazar) ,Cabbage,Cabbage,Grade A,07/09/2026,2000,2800,2400
Telangana,Siddipet,Siddipet(Rythu Bazar) ,Tomato,Local,Grade A,07/09/2026,1400,2200,1800
Telangana,Siddipet,Siddipet(Rythu Bazar) ,Potato,Red Nanital,Grade A,07/09/2026,1500,2400,2000
Telangana,Siddipet,Siddipet(Rythu Bazar) ,Cluster beans,Cluster Beans,Grade A,07/09/2026,3000,4000,3400
Telangana,Ranga Reddy,"Vanasthalipuram,RBZ ",Bitter gourd,Bitter Gourd,Grade A,07/09/2026,3200,3200,3200
Telangana,Ranga Reddy,"Vanasthalipuram,RBZ ",Little gourd(Kundru),Little gourd (Kundru),Grade A,07/09/2026,2800,2800,2800
Telangana,Ranga Reddy,"Vanasthalipuram,RBZ ",Cauliflower,Cauliflower,Grade A,07/09/2026,1800,1800,1800
Telangana,Ranga Reddy,"Vanasthalipuram,RBZ ",Colacasia,Colacasia,Grade A,07/09/2026,2800,2800,2800
Telangana,Ranga Reddy,"Vanasthalipuram,RBZ ",Snakeguard,Snakeguard,Grade A,07/09/2026,2300,2300,2300
Tamil Nadu,Karur,Karur(Uzhavar Sandhai ),Brinjal,Other,Local,07/09/2026,4000,5000,4500
Tamil Nadu,Karur,Karur(Uzhavar Sandhai ),Banana - Green,Banana - Green,Local,07/09/2026,2500,3000,2750
Tamil Nadu,Karur,Karur(Uzhavar Sandhai ),Snakeguard,Snakeguard,Local,07/09/2026,3000,3500,3250
Tamil Nadu,Karur,Karur(Uzhavar Sandhai ),Colacasia,Colacasia,Local,07/09/2026,6500,7000,6750
Tamil Nadu,Karur,Karur(Uzhavar Sandhai ),Mint(Pudina),Mint(Pudina),Local,07/09/2026,5500,6000,5750
Tripura,Sepahijala,Bishramganj,Green Chilli,Green Chilly,Medium,07/09/2026,9000,10000,9500
Tripura,Unokoti,Machmara,Brinjal,Round/Long,FAQ,07/09/2026,3300,3500,3400
Tripura,Unokoti,Panichowki,Green Chilli,Green Chilly,Medium,07/09/2026,6000,6000,6000
Tripura,Unokoti,Panichowki,Potato,Other,Medium,07/09/2026,1000,1000,1000
Tamil Nadu,Coimbatore,Kurichi(Uzhavar Sandhai ),Coriander(Leaves),I Sort,Local,07/09/2026,3500,4000,3750
Tamil Nadu,Coimbatore,Kurichi(Uzhavar Sandhai ),Ashgourd,Gouard,Local,07/09/2026,1400,1800,1600
Tamil Nadu,Coimbatore,Kurichi(Uzhavar Sandhai ),Snakeguard,Snakeguard,Local,07/09/2026,3000,3500,3250
Tamil Nadu,Coimbatore,Kurichi(Uzhavar Sandhai ),Guava,Guava Allahabad,Local,07/09/2026,5500,6000,5750
Tamil Nadu,Coimbatore,Kurichi(Uzhavar Sandhai ),Lemon,Lemon,Local,07/09/2026,19000,20000,19500
Madhya Pradesh,Shivpuri,Barad APMC,Mustard,Mustard,Non-FAQ,07/09/2026,7900,7900,7900
Tamil Nadu,Cuddalore,Chidambaram(Uzhavar Sandhai ),Banana - Green,Banana - Green,Local,07/09/2026,2500,3000,2750
Tamil Nadu,Cuddalore,Chidambaram(Uzhavar Sandhai ),Onion,Bellary,Local,07/09/2026,5000,5000,5000
Tamil Nadu,Cuddalore,Cuddalore(Uzhavar Sandhai ),Coriander(Leaves),I Sort,Local,07/09/2026,5000,5000,5000
Tamil Nadu,Cuddalore,Cuddalore(Uzhavar Sandhai ),Bottle gourd,Bottle Gourd,Local,07/09/2026,2500,3000,2750
Tamil Nadu,Cuddalore,Cuddalore(Uzhavar Sandhai ),Pumpkin,Pumpkin,Local,07/09/2026,2000,2000,2000
Tamil Nadu,Cuddalore,Cuddalore(Uzhavar Sandhai ),Amaranthus,Amaranthus,Local,07/09/2026,2000,3000,2500
Tamil Nadu,Cuddalore,Cuddalore(Uzhavar Sandhai ),Ginger(Green),Green Ginger,Local,07/09/2026,17000,17000,17000
Tamil Nadu,Cuddalore,Cuddalore(Uzhavar Sandhai ),Chow Chow,Chow Chow,Local,07/09/2026,4000,4000,4000
Tamil Nadu,Chengalpattu,Thirukalukundram(Uzhavar Sandhai ),Brinjal,Round,Local,07/09/2026,4000,5000,4500
Tamil Nadu,Chengalpattu,Thirukalukundram(Uzhavar Sandhai ),Bhindi(Ladies Finger),Bhindi,Local,07/09/2026,4000,5000,4500
Tamil Nadu,Chengalpattu,Thirukalukundram(Uzhavar Sandhai ),Thondekai,Thondekai,Local,07/09/2026,4000,5000,4500
Tamil Nadu,Chengalpattu,Thirukalukundram(Uzhavar Sandhai ),Guava,Guava Allahabad,Local,07/09/2026,5000,6000,5500
Rajasthan,Jaipur,Bassi APMC,Potato,Other,Local,07/09/2026,1800,2200,2000
Rajasthan,Jaipur,Bassi APMC,Tomato,Other,Local,07/09/2026,4600,5000,4800
Madhya Pradesh,Datia,Bhander APMC,Wheat,Mill Quality,FAQ,07/09/2026,2668,2688,2688
Tamil Nadu,Tuticorin,Tuticorin(Uzhavar Sandhai ),Brinjal,Round,Local,07/09/2026,3000,3500,3250
Tamil Nadu,Tuticorin,Tuticorin(Uzhavar Sandhai ),Green Avare(W),Other,Local,07/09/2026,5000,6000,5500
Tamil Nadu,Tuticorin,Tuticorin(Uzhavar Sandhai ),Green Peas,Green Peas,Local,07/09/2026,15000,16000,15500
Tamil Nadu,Tuticorin,Tuticorin(Uzhavar Sandhai ),Papaya,Papaya,Local,07/09/2026,4500,5000,4750
Tamil Nadu,Tuticorin,Tuticorin(Uzhavar Sandhai ),Potato,Other,Local,07/09/2026,3000,3500,3250
Tamil Nadu,Tuticorin,Tuticorin(Uzhavar Sandhai ),Cabbage,Cabbage,Local,07/09/2026,3000,3500,3250
Tamil Nadu,Tuticorin,Tuticorin(Uzhavar Sandhai ),Beetroot,Beetroot,Local,07/09/2026,5000,5500,5250
Tamil Nadu,Tuticorin,Tuticorin(Uzhavar Sandhai ),Drumstick,Drumstick,Local,07/09/2026,6000,7000,6500
Madhya Pradesh,Indore,Indore APMC,Wheat,Malwa Shakti,Non-FAQ,07/09/2026,2705,2705,2705
Madhya Pradesh,Indore,Indore APMC,Soyabean,Soyabeen,FAQ,07/09/2026,4500,5935,5935
Madhya Pradesh,Indore,Indore APMC,Green Peas,Pea,FAQ,07/09/2026,2795,3015,3015
Karnataka,Bengaluru,Binny Mill (FF&V) Bengaluru APMC,Banana,Nendra Bale,Local,07/09/2026,1000,3300,2150
Karnataka,Bengaluru,Binny Mill (FF&V) Bengaluru APMC,Grapes,Espani,Local,07/09/2026,3000,5000,4000
Karnataka,Bengaluru,Binny Mill (FF&V) Bengaluru APMC,Tomato,Tomato,Local,07/09/2026,1400,1600,1500
Karnataka,Bengaluru,Binny Mill (FF&V) Bengaluru APMC,Bitter gourd,Bitter Gourd,Local,07/09/2026,2500,3000,2800
Karnataka,Bengaluru,Binny Mill (FF&V) Bengaluru APMC,Banana - Green,Banana - Green,Local,07/09/2026,2200,2500,2400
Karnataka,Bengaluru,Binny Mill (FF&V) Bengaluru APMC,Ladies Finger,Ladies Finger,Local,07/09/2026,2200,2600,2400
Karnataka,Bengaluru,Binny Mill (FF&V) Bengaluru APMC,Ridgeguard(Tori),Ridgeguard(Tori),Local,07/09/2026,2500,3000,2800
Karnataka,Bengaluru,Binny Mill (FF&V) Bengaluru APMC,Pomegranate,Pomogranate,Large,07/09/2026,8000,16000,14000
Madhya Pradesh,Dewas,Dewas APMC,Soyabean,Soyabeen,FAQ,07/09/2026,3060,5981,5981
Madhya Pradesh,Neemuch,Neemuch APMC,Groundnut,Big (With Shell),FAQ,07/09/2026,4160,6000,6000
Madhya Pradesh,Neemuch,Neemuch APMC,"Sesamum(Sesame,Gingelly,Til)",Sesame,FAQ,07/09/2026,11900,11900,11900
Madhya Pradesh,Neemuch,Neemuch APMC,Absinthe,chirayta,Non-FAQ,07/09/2026,5300,5300,5300
Bihar,Aurangabad,Daunagar APMC,Bottle gourd,Bottle Gourd,Local,07/09/2026,1600,2000,1800
Madhya Pradesh,Vidisha,Ganjbasoda APMC,Soyabean,Soyabeen,FAQ,07/09/2026,5310,5310,5310
Madhya Pradesh,Vidisha,Vidisha APMC,Wheat,Wheat,FAQ,07/09/2026,2661,3301,3247
Madhya Pradesh,Katni,Katni APMC,Red gram/Arhar/Tur(whole),Arhar Dal(Tur),FAQ,07/09/2026,6200,6200,6200
Telangana,Hyderabad,Mahboob Manison APMC,Tamarind Fruit,Tamarind Fruit,Grade Range-2,07/09/2026,7000,9000,8000
Telangana,Hyderabad,Mahboob Manison APMC,Dry Chillies,Dry Chillies,Grade Range-1,07/09/2026,9500,13000,10000
Telangana,Hyderabad,Mahboob Manison APMC,Dry Chillies,Dry Chillies,Grade Range-2,07/09/2026,7000,9000,8000
Telangana,Hyderabad,Mahboob Manison APMC,Garlic,Garlic,Grade Range-2,07/09/2026,6000,19000,11000
Bihar,Saharsa,Saharsa APMC,Cucumbar(Kheera),Cucumbar,FAQ,07/09/2026,2800,3200,3000
Bihar,Saharsa,Saharsa APMC,Bhindi(Ladies Finger),Bhindi,FAQ,07/09/2026,1100,1200,1200
Bihar,Khagaria,Khagaria APMC,Carrot,Carrot,Grade A,07/09/2026,4166.66625,4749.999525,4599.99954
Karnataka,Davangere,HarappanaHalli APMC,Ragi(Finger Millet),Local,Local,07/09/2026,3500,3500,3500
Madhya Pradesh,Morena,Morena APMC,Wheat,Wheat,Non-FAQ,07/09/2026,2578,2665,2665
Madhya Pradesh,Sehore,Sehore APMC,Wheat,Malwa Shakti,FAQ,07/09/2026,2745,2745,2745
Madhya Pradesh,Raisen,Raisen APMC,Wheat,Mill Quality,FAQ,07/09/2026,2658,2707,2707
Madhya Pradesh,Raisen,Raisen APMC,Bengal Gram(Gram)(Whole),Gram,FAQ,07/09/2026,6050,6050,6050
Madhya Pradesh,Hoshangabad,Itarsi APMC,Red gram/Arhar/Tur(whole),Arhar Dal(Tur),FAQ,07/09/2026,8350,8350,8350
Madhya Pradesh,Dhar,Dhar APMC,Soyabean,Soyabeen,FAQ,07/09/2026,3500,5934,5852
Madhya Pradesh,Khargone,Khargone APMC,Maize,Local,FAQ,07/09/2026,1671,2480,1733
Madhya Pradesh,Khargone,Khargone APMC,Cotton,Without Ginned Cotton,FAQ,07/09/2026,7005,8411,7411
Tamil Nadu,Nagercoil (Kannyiakumari),Vadaseri APMC,Tomato,Local,Local,07/09/2026,3000,3500,3250
Tamil Nadu,Nagercoil (Kannyiakumari),Vadaseri APMC,Bhindi(Ladies Finger),Bhindi,Local,07/09/2026,3500,4000,3750
Tamil Nadu,Nagercoil (Kannyiakumari),Vadaseri APMC,Pineapple,Pine Apple,Local,07/09/2026,4500,5000,4750
Tamil Nadu,Nagercoil (Kannyiakumari),Vadaseri APMC,Onion,Bellary,Local,07/09/2026,5500,6000,5750
Tamil Nadu,Nagercoil (Kannyiakumari),Vadaseri APMC,Potato,Red Nanital,Local,07/09/2026,3000,3500,3250
Tamil Nadu,Nagercoil (Kannyiakumari),Vadaseri APMC,Ginger(Green),Green Ginger,Local,07/09/2026,16000,18000,17000
Tamil Nadu,Nagercoil (Kannyiakumari),Vadaseri APMC,Beetroot,Beetroot,Local,07/09/2026,4500,5000,4750
Tamil Nadu,Nagercoil (Kannyiakumari),Vadaseri APMC,Tender Coconut,Tender Coconut,Local,07/09/2026,4500,5000,4750
Tamil Nadu,Nagercoil (Kannyiakumari),Vadaseri APMC,Colacasia,Colacasia,Local,07/09/2026,9000,10000,9500
Tamil Nadu,Pudukkottai,Karambakkudi(Uzhavar Sandhai ),Brinjal,Other,Local,07/09/2026,5000,6000,5500
Tamil Nadu,Pudukkottai,Karambakkudi(Uzhavar Sandhai ),Cluster beans,Cluster Beans,Local,07/09/2026,3500,4000,3750
Tamil Nadu,Pudukkottai,Karambakkudi(Uzhavar Sandhai ),Bitter gourd,Other,Local,07/09/2026,6000,7000,6500
Tamil Nadu,Pudukkottai,Karambakkudi(Uzhavar Sandhai ),Ashgourd,Gouard,Local,07/09/2026,1000,1500,1250
Tamil Nadu,Pudukkottai,Karambakkudi(Uzhavar Sandhai ),Bhindi(Ladies Finger),Bhindi,Local,07/09/2026,2500,3000,2750
Tamil Nadu,Pudukkottai,Karambakkudi(Uzhavar Sandhai ),Ridgeguard(Tori),Ridgeguard(Tori),Local,07/09/2026,5000,6000,5500
Tamil Nadu,Pudukkottai,Karambakkudi(Uzhavar Sandhai ),Lemon,Lemon,Local,07/09/2026,17000,18000,17500
Karnataka,Bagalkot,Badami APMC,Sunflower/Sunflower Seed,Sunflower,FAQ,07/09/2026,8000,8000,8000
Karnataka,Belagavi,Kudchi APMC,Maize,Hybrid/Local,Local,07/09/2026,2700,2800,2750
Madhya Pradesh,Indore,Mhow APMC,Wheat,Wheat,FAQ,07/09/2026,2400,2850,2728
Madhya Pradesh,Rewa,Baikunthpur APMC,Wheat,Mill Quality,FAQ,07/09/2026,2500,2500,2500
Madhya Pradesh,Umariya,Umariya APMC,Wheat,Mill Quality,Non-FAQ,07/09/2026,2301,2301,2301
Meghalaya,East Khasi Hills,Shillong APMC,Tomato,017,FAQ,07/09/2026,2600,3400,3000
Meghalaya,East Khasi Hills,Shillong APMC,Green Chilli,Local,FAQ,07/09/2026,3500,4000,3800
Meghalaya,East Khasi Hills,Shillong APMC,Arecanut(Betelnut/Supari),Other,FAQ,07/09/2026,15000,25000,20000
Meghalaya,East Khasi Hills,Shillong APMC,Raddish,Other,FAQ,07/09/2026,1500,1700,1600
Meghalaya,East Khasi Hills,Shillong APMC,Pear(Marasebu),Local,FAQ,07/09/2026,1500,1700,1600
Meghalaya,East Khasi Hills,Shillong APMC,Turnip,Other,FAQ,07/09/2026,4000,4500,4300
Meghalaya,East Khasi Hills,Shillong APMC,Potato,Local,FAQ,07/09/2026,1600,1800,1700
Madhya Pradesh,Morena,Kailaras APMC,Chili Red,Geeli Mirchi,FAQ,07/09/2026,1500,3000,1500
Madhya Pradesh,Morena,Kailaras APMC,Ginger(Dry),Other,FAQ,07/09/2026,8000,9000,9000
Madhya Pradesh,Morena,Kailaras APMC,Bottle gourd,Other,FAQ,07/09/2026,400,800,800
Madhya Pradesh,Morena,Kailaras APMC,Sponge gourd,Sponge gourd,FAQ,07/09/2026,1200,1200,1200
Madhya Pradesh,Morena,Kailaras APMC,Bhindi(Ladies Finger),Bhindi,FAQ,07/09/2026,1500,1500,1500
Madhya Pradesh,Morena,Kailaras APMC,Other green and fresh vegetables,Other green and fresh vegetables,FAQ,07/09/2026,2000,4000,4000
Madhya Pradesh,Dhar,Dhamnod APMC,Maize,Local,FAQ,07/09/2026,1692,1784,1725
Madhya Pradesh,Dhar,Dhamnod APMC,Soyabean,Soyabeen,FAQ,07/09/2026,5605,5605,5605
Madhya Pradesh,Shajapur,Agar APMC,Garlic,Garlic,FAQ,07/09/2026,5001,7550,5400
Madhya Pradesh,Sagar,Khurai APMC,Wheat,Wheat,FAQ,07/09/2026,2641,3471,3471
Tamil Nadu,Kancheepuram,Tiruttani APMC,Paddy(Common),Other,Local,07/09/2026,1800,2000,1900
Tamil Nadu,Vellore,Thirupathur APMC,Coriander(Leaves),I Sort,Local,07/09/2026,4000,4000,4000
Tamil Nadu,Vellore,Thirupathur APMC,Chikoos(Sapota),Sapota,Local,07/09/2026,4000,4000,4000
Tamil Nadu,Vellore,Thirupathur APMC,Ashgourd,Gouard,Local,07/09/2026,2000,2000,2000
Tamil Nadu,Vellore,Thirupathur APMC,Amaranthus,Amaranthus,Local,07/09/2026,2000,2000,2000
Tamil Nadu,Vellore,Thirupathur APMC,Banana - Green,Banana - Green,Local,07/09/2026,2000,2000,2000
Tamil Nadu,Vellore,Thirupathur APMC,Cucumbar(Kheera),Cucumbar,Local,07/09/2026,4000,4000,4000
Tamil Nadu,Vellore,Thirupathur APMC,Ridgeguard(Tori),Ridgeguard(Tori),Local,07/09/2026,4000,4000,4000
Tamil Nadu,Vellore,Thirupathur APMC,Capsicum,Capsicum,Local,07/09/2026,5000,5000,5000
Tamil Nadu,Vellore,Thirupathur APMC,Indian Beans(Seam),Indian Beans (Seam),Local,07/09/2026,6000,6000,6000
Tamil Nadu,Vellore,Thirupathur APMC,Custard Apple(Sharifa),Custard Apple(Sharifa),Local,07/09/2026,4000,4000,4000
Tamil Nadu,Vellore,Thirupathur APMC,Onion Green,Onion Green,Local,07/09/2026,7500,7500,7500
Tamil Nadu,Vellore,Vellore APMC,Cluster beans,Cluster Beans,Local,07/09/2026,2000,2500,2250
Tamil Nadu,Vellore,Vellore APMC,Banana - Green,Banana - Green,Local,07/09/2026,3500,3500,3500
Tamil Nadu,Vellore,Vellore APMC,Onion,Bellary,Local,07/09/2026,5000,5800,5400
Tamil Nadu,Vellore,Vellore APMC,Ginger(Green),Green Ginger,Local,07/09/2026,15000,16000,15500
Tamil Nadu,Vellore,Vellore APMC,Snakeguard,Snakeguard,Local,07/09/2026,2500,2500,2500
Madhya Pradesh,Raisen,Obedullaganj APMC,Paddy(Common),Dhan,FAQ,07/09/2026,2600,2600,2600
Tamil Nadu,Dharmapuri,Harur(Uzhavar Sandhai ),Papaya,Papaya,Local,07/09/2026,2500,3000,2750
Tamil Nadu,Dharmapuri,Harur(Uzhavar Sandhai ),Bottle gourd,Bottle Gourd,Local,07/09/2026,1500,1800,1650
Tamil Nadu,Dharmapuri,Harur(Uzhavar Sandhai ),Amaranthus,Amaranthus,Local,07/09/2026,3000,4000,3500
Tamil Nadu,Dharmapuri,Harur(Uzhavar Sandhai ),Banana,Besrai,Local,07/09/2026,4000,5000,4500
Tamil Nadu,Dharmapuri,Harur(Uzhavar Sandhai ),Onion,Bellary,Local,07/09/2026,5000,6000,5500
Tamil Nadu,Dharmapuri,Harur(Uzhavar Sandhai ),Beetroot,Beetroot,Local,07/09/2026,4500,5000,4750
Tamil Nadu,Dharmapuri,Harur(Uzhavar Sandhai ),Amla(Nelli Kai),Amla,Local,07/09/2026,5000,6000,5500
Tamil Nadu,Dharmapuri,Harur(Uzhavar Sandhai ),Onion Green,Onion Green,Local,07/09/2026,6000,7000,6500
Tamil Nadu,Krishnagiri,Kaveripattinam(Uzhavar Sandhai ),Cluster beans,Cluster Beans,Local,07/09/2026,3500,3500,3500
Tamil Nadu,Krishnagiri,Kaveripattinam(Uzhavar Sandhai ),Pumpkin,Pumpkin,Local,07/09/2026,2000,2000,2000
Tamil Nadu,Krishnagiri,Kaveripattinam(Uzhavar Sandhai ),Ginger(Green),Green Ginger,Local,07/09/2026,16000,16000,16000
Tamil Nadu,Krishnagiri,Kaveripattinam(Uzhavar Sandhai ),Chow Chow,Chow Chow,Local,07/09/2026,3000,4000,3500
Tamil Nadu,The Nilgiris,Coonoor(Uzhavar Sandhai ),Pumpkin,Pumpkin,Local,07/09/2026,2200,2400,2300
Tamil Nadu,The Nilgiris,Coonoor(Uzhavar Sandhai ),Green Chilli,Green Chilly,Local,07/09/2026,3500,4000,3750
Tamil Nadu,The Nilgiris,Coonoor(Uzhavar Sandhai ),Cowpea(Veg),Cowpea (Veg),Local,07/09/2026,3800,4000,3900
Tamil Nadu,The Nilgiris,Coonoor(Uzhavar Sandhai ),Coconut,Coconut,Local,07/09/2026,6000,6500,6250
Tamil Nadu,The Nilgiris,Coonoor(Uzhavar Sandhai ),Carrot,Pusakesar,Local,07/09/2026,5000,5500,5250
Tamil Nadu,The Nilgiris,Coonoor(Uzhavar Sandhai ),Snakeguard,Snakeguard,Local,07/09/2026,3800,4000,3900
Tamil Nadu,The Nilgiris,Gudalur(Uzhavar Sandhai ),Potato,Red Nanital,Local,07/09/2026,4000,5000,4500
Tamil Nadu,The Nilgiris,Gudalur(Uzhavar Sandhai ),Cauliflower,Ranchi,Local,07/09/2026,3500,4000,3750
Tamil Nadu,The Nilgiris,Gudalur(Uzhavar Sandhai ),Cluster beans,Cluster Beans,Local,07/09/2026,3500,4000,3750
Tamil Nadu,The Nilgiris,Gudalur(Uzhavar Sandhai ),Amaranthus,Amaranthus,Local,07/09/2026,5000,6000,5500
Tamil Nadu,The Nilgiris,Gudalur(Uzhavar Sandhai ),Beans,Beans (Whole),Local,07/09/2026,6000,7000,6500
Tamil Nadu,The Nilgiris,Gudalur(Uzhavar Sandhai ),Capsicum,Capsicum,Local,07/09/2026,5000,6000,5500
Tamil Nadu,The Nilgiris,Gudalur(Uzhavar Sandhai ),Green Avare(W),Green Avare (W),Local,07/09/2026,6000,6500,6250
Tamil Nadu,The Nilgiris,Gudalur(Uzhavar Sandhai ),Lemon,Lemon,Local,07/09/2026,18000,20000,19000
Tamil Nadu,The Nilgiris,Gudalur(Uzhavar Sandhai ),Onion Green,Onion Green,Local,07/09/2026,7500,8000,7750
Haryana,Kurukshetra,Pehowa APMC,Bottle gourd,Other,Medium,07/09/2026,1200,1350,1260
Odisha,Angul,Angul APMC,Pointed gourd(Parval),Other,Grade B,07/09/2026,4500,4500,4500
Odisha,Angul,Angul APMC,Brinjal,Other,Grade B,07/09/2026,3000,3000,3000
Odisha,Angul,Angul APMC,Ridgeguard(Tori),Other,Grade B,07/09/2026,5000,5000,5000
Rajasthan,Barmer,Dhorimanna APMC,Cummin Seed(Jeera),Cummin Seed(Jeera),Local,07/09/2026,37000,39000,38000
West Bengal,Malda,Samsi APMC,Rice,Fine,FAQ,07/09/2026,5200,5400,5300
Uttarakhand,Dehradoon,Dehradoon APMC,Pineapple,Other,Grade B,07/09/2026,3000,4000,3500
Uttarakhand,Dehradoon,Dehradoon APMC,Bitter gourd,Bitter Gourd,Grade B,07/09/2026,950,1600,1250
Uttarakhand,Dehradoon,Dehradoon APMC,Colacasia,Other,FAQ,07/09/2026,750,1050,850
Himachal Pradesh,Chamba,PMY Chamba,Mousambi(Sweet Lime),Other,Medium,07/09/2026,6000,7000,6500
Himachal Pradesh,Chamba,PMY Chamba,Cucumbar(Kheera),Cucumbar,Medium,07/09/2026,2000,2500,2250
Himachal Pradesh,Chamba,PMY Chamba,Bottle gourd,Bottle Gourd,Medium,07/09/2026,2000,2500,2250
Himachal Pradesh,Chamba,PMY Chamba,Brinjal,Brinjal,Medium,07/09/2026,2500,3000,2750
Himachal Pradesh,Hamirpur,PMY Hamirpur,Cauliflower,Cauliflower,Grade B,07/09/2026,5000,6000,5500
Himachal Pradesh,Hamirpur,PMY Hamirpur,Ginger(Green),Other,Grade B,07/09/2026,10000,14000,12000
Himachal Pradesh,Hamirpur,PMY Hamirpur,Squash(Chappal Kadoo),Other,Grade B,07/09/2026,2000,2500,2250
Himachal Pradesh,Hamirpur,PMY Hamirpur,Beetroot,Beetroot,Grade B,07/09/2026,5000,5000,5000
Himachal Pradesh,Hamirpur,PMY Hamirpur,Banana,Other,Grade B,07/09/2026,4200,4600,4400
Himachal Pradesh,Hamirpur,PMY Hamirpur,Apple,Apple,Grade B,07/09/2026,6000,15000,10000
Himachal Pradesh,Hamirpur,PMY Hamirpur,Pomegranate,Other,Grade B,07/09/2026,10000,14000,12000
Himachal Pradesh,Hamirpur,PMY Hamirpur,Pear(Marasebu),Other,Grade B,07/09/2026,13000,13000,13000
Himachal Pradesh,Hamirpur,PMY Hamirpur,Capsicum,Capsicum,Grade B,07/09/2026,6000,7000,6500
Himachal Pradesh,Hamirpur,PMY Hamirpur,Spinach,Spinach,Grade B,07/09/2026,7000,7000,7000
Himachal Pradesh,Hamirpur,PMY Hamirpur,Tomato,Tomato,Grade B,07/09/2026,4000,4500,4250
Himachal Pradesh,Hamirpur,PMY Hamirpur,Brinjal,Round/Long,Grade B,07/09/2026,2800,3000,2900
Himachal Pradesh,Kullu,SMY Bhuntar,Cauliflower,Other,FAQ,07/09/2026,2000,4000,3000
Himachal Pradesh,Kullu,SMY Bhuntar,Bottle gourd,Other,FAQ,07/09/2026,500,1000,800
Himachal Pradesh,Kullu,SMY Bhuntar,Ginger(Green),Other,FAQ,07/09/2026,9000,10000,9500
Himachal Pradesh,Kullu,SMY Bhuntar,Pumpkin,Other,FAQ,07/09/2026,2000,2500,2200
Himachal Pradesh,Kullu,SMY Bhuntar,Green Chilli,Other,FAQ,07/09/2026,3500,4000,3800
Himachal Pradesh,Kullu,SMY Bhuntar,Papaya,Other,Medium,07/09/2026,5000,5600,5300
Himachal Pradesh,Kangra,SMY Palampur,Mashrooms,Mashrooms,FAQ,07/09/2026,18000,20000,19000
Himachal Pradesh,Kangra,SMY Palampur,Ginger(Green),Green Ginger,FAQ,07/09/2026,9000,10000,9500
Himachal Pradesh,Kangra,SMY Palampur,Banana,Other,Medium,07/09/2026,5200,5500,5400
Himachal Pradesh,Kangra,SMY Palampur,Persimon(Japani Fal),Other,Medium,07/09/2026,7000,7500,7200
Himachal Pradesh,Kangra,SMY Palampur,Capsicum,Capsicum,FAQ,07/09/2026,4500,5000,4800
Himachal Pradesh,Kangra,SMY Palampur,Cabbage,Cabbage,FAQ,07/09/2026,2500,3000,2800
Himachal Pradesh,Kangra,SMY Palampur,Bottle gourd,Bottle Gourd,FAQ,07/09/2026,2500,3500,3000
Himachal Pradesh,Solan,SMY Wakhnaghat,Cucumbar(Kheera),Cucumbar,Medium,07/09/2026,1200,1200,1200
Tripura,Sepahijala,Bishalgarh APMC,Brinjal,Round/Long,Medium,07/09/2026,3000,3800,3500
Tripura,Sepahijala,Bishalgarh APMC,Cucumbar(Kheera),Cucumbar,Medium,07/09/2026,5000,6000,5500
Tripura,Sepahijala,Bishalgarh APMC,Rice,Masuri,Local,07/09/2026,3700,3900,3800
Tripura,Sepahijala,Bishalgarh APMC,Rice,Fine,Local,07/09/2026,4300,4500,4400
Tripura,Sepahijala,Bishalgarh APMC,Potato,Other,Medium,07/09/2026,1300,1500,1400
Manipur,Imphal East,Lamlong Bazaar APMC,Bengal Gram(Gram)(Whole),Desi (Whole),FAQ,07/09/2026,8500,9000,8750
Manipur,Imphal East,Lamlong Bazaar APMC,Green Gram Dal(Moong Dal),Green Gram Dal,FAQ,07/09/2026,13000,14000,13500
Uttar Pradesh,Agra,Agra APMC,Potato,Other,FAQ,07/09/2026,500,500,500
West Bengal,Paschim Bardhaman,Asansol APMC,Potato,Jyoti,FAQ,07/09/2026,740,820,780
West Bengal,Paschim Bardhaman,Asansol APMC,Wheat,Kalyan,FAQ,07/09/2026,2600,2800,2750
Punjab,Tarntaran,Patti APMC,Brinjal,Other,Local,07/09/2026,0.12,0.12,0.12
Punjab,Tarntaran,Patti APMC,Potato,Potato,Local,07/09/2026,0.08,0.08,0.08
Punjab,Tarntaran,Patti APMC,Raddish,Raddish,Local,07/09/2026,12.1,12.1,12.1
Punjab,Tarntaran,Patti APMC,Tomato,Other,Local,07/09/2026,0.07,0.1,0.09
Uttarakhand,Dehradoon,Vikasnagar APMC,Pumpkin,Pumpkin,Medium,07/09/2026,500,1000,1000
Uttarakhand,Dehradoon,Vikasnagar APMC,Lemon,Other,Medium,07/09/2026,2400,3000,3000
Uttarakhand,Dehradoon,Vikasnagar APMC,Sponge gourd,Other,Medium,07/09/2026,700,1000,1000
Andhra Pradesh,Tirupathi,Venkatagiri APMC,Groundnut,Balli/Habbu,FAQ,07/09/2026,5400,7200,6500
Uttarakhand,Haridwar,Manglaur APMC,Banana,Other,Medium,07/09/2026,1000,1200,1100
Uttarakhand,Haridwar,Manglaur APMC,Capsicum,Capsicum,Large,07/09/2026,1500,2200,2000
Andhra Pradesh,Palnadu,Vinukonda APMC,Paddy(Common),Paddy,FAQ,07/09/2026,2300,2500,2400
Uttarakhand,Dehradoon,Rishikesh APMC,Bottle gourd,Other,Medium,07/09/2026,800,1200,1000
Uttarakhand,Dehradoon,Rishikesh APMC,Bitter gourd,Other,Medium,07/09/2026,1200,2500,1650
Uttarakhand,Dehradoon,Rishikesh APMC,Apple,Kasmir/Shimla - II,Medium,07/09/2026,2500,7700,3200
Telangana,Sangareddy,Sangareddy APMC,Bhindi(Ladies Finger),Other,Grade B,07/09/2026,3000,3000,3000
Telangana,Sangareddy,Sangareddy APMC,Cabbage,Cabbage,Grade B,07/09/2026,1500,1500,1500
Haryana,Sonipat,Gohana APMC,Bhindi(Ladies Finger),Other,Medium,07/09/2026,1000,1500,1200
Haryana,Sonipat,Gohana APMC,Mousambi(Sweet Lime),Mousambi,Medium,07/09/2026,2000,4000,3000
Uttar Pradesh,Mau(Maunathbhanjan),Kopaganj APMC,Banana - Green,Banana - Green,FAQ,07/09/2026,1777,1900,1800
Uttar Pradesh,Mau(Maunathbhanjan),Kopaganj APMC,Brinjal,Brinjal,FAQ,07/09/2026,1400,1600,1500
Haryana,Gurgaon,Sohna APMC,Tomato,Tomato,Local,07/09/2026,2500,3000,2600
Haryana,Gurgaon,Sohna APMC,Ridgeguard(Tori),Ridgeguard(Tori),Local,07/09/2026,1500,3500,2500
Haryana,Gurgaon,Sohna APMC,Potato,Potato,Local,07/09/2026,1000,1200,1200
Haryana,Hissar,Hansi APMC,Bitter gourd,Other,FAQ,07/09/2026,3000,3500,3250
Haryana,Hissar,Hansi APMC,Cucumbar(Kheera),Other,FAQ,07/09/2026,2500,3500,3000
Haryana,Hissar,Hansi APMC,Peas Wet,Other,FAQ,07/09/2026,10000,12000,11000
Telangana,Medchal Malkajgiri,"Kukatpally,RBZ",Green Chilli,Green Chilly,Local,07/09/2026,2800,2800,2800
Telangana,Medchal Malkajgiri,"Kukatpally,RBZ",Leafy Vegetable,Leafy Vegetables,Local,07/09/2026,2000,2000,2000
Telangana,Medchal Malkajgiri,"Kukatpally,RBZ",Beetroot,Beetroot,Local,07/09/2026,3500,3500,3500
Telangana,Medchal Malkajgiri,"Kukatpally,RBZ",Yam(Ratalu),Other,Local,07/09/2026,3500,3500,3500
Punjab,Amritsar,Rayya APMC,Cauliflower,Local,FAQ,07/09/2026,3180,3180,3180
Punjab,Amritsar,Rayya APMC,Potato,Potato,FAQ,07/09/2026,750,750,750
Punjab,Fatehgarh,Khamano APMC,Potato,Potato,FAQ,07/09/2026,1000,1000,1000
Jammu and Kashmir,Kupwara,Handwara Kupwara (F&V),Pear(Marasebu),Other,Medium,07/09/2026,5000,5625,5312.5
Gujarat,Amreli,Savarkundla APMC,"Sesamum(Sesame,Gingelly,Til)",Black,Local,07/09/2026,13750,17015,15875
Gujarat,Amreli,Savarkundla APMC,Bajra(Pearl Millet/Cumbu),Hybrid,Local,07/09/2026,2000,2500,2250
Gujarat,Amreli,APMC Bagasara,Soyabean,Yellow,Local,07/09/2026,5500,5610,5555
Gujarat,Amreli,APMC Bagasara,Corriander seed,"A-1, Green",Local,07/09/2026,12000,12250,12125
Haryana,Karnal,Indri APMC,Tomato,Tomato,FAQ,07/09/2026,2400,2400,2400
Uttarakhand,Dehradoon,Chakrata APMC,Tomato,Local,FAQ,07/09/2026,1000,1300,1200
Andhra Pradesh,Anakapally,Anakapally APMC,Gur(Jaggery),Anakapalli,Grade Range-3,07/09/2026,4800,5340,5070
Andhra Pradesh,Anakapally,Anakapally APMC,Gur(Jaggery),Anakapalli,Grade Range-1,07/09/2026,5720,5800,5760
Andhra Pradesh,Bapatla,Kuchinapudi APMC,Black Gram(Urd Beans)(Whole),Black Gram (Whole),Local,07/09/2026,9800,10000,9900
Andhra Pradesh,Bapatla,Kuchinapudi APMC,Paddy(Common),B P T,Local,07/09/2026,3300,3500,3400
West Bengal,Murshidabad,Jiaganj APMC,Rice,Fine,FAQ,07/09/2026,3500,3600,3550
West Bengal,Dakshin Dinajpur,Gangarampur(Dakshin Dinajpur) APMC,Bitter gourd,Other,FAQ,07/09/2026,2500,3000,2800
West Bengal,Dakshin Dinajpur,Gangarampur(Dakshin Dinajpur) APMC,Bhindi(Ladies Finger),Other,FAQ,07/09/2026,2500,3000,2800
West Bengal,Dakshin Dinajpur,Gangarampur(Dakshin Dinajpur) APMC,Onion,1st Sort,FAQ,07/09/2026,4400,4600,4500
West Bengal,Dakshin Dinajpur,Gangarampur(Dakshin Dinajpur) APMC,Green Chilli,Other,FAQ,07/09/2026,4000,4500,4200
West Bengal,Dakshin Dinajpur,Gangarampur(Dakshin Dinajpur) APMC,Sweet Pumpkin,Other,FAQ,07/09/2026,1500,2000,1800
Uttarakhand,Haridwar,Bhagwanpur(Naveen Mandi Sthal) APMC,Bitter gourd,Other,Grade A,07/09/2026,500,600,560
Uttarakhand,Haridwar,Bhagwanpur(Naveen Mandi Sthal) APMC,Cucumbar(Kheera),Other,Grade A,07/09/2026,500,650,550
Keralam,Kollam,Kottarakkara Market,Amaranthus,Other,Local,07/09/2026,2900,2900,2900
Keralam,Kollam,Kottarakkara Market,Cabbage,Other,Local,07/09/2026,2100,2100,2100
Keralam,Kollam,Kottarakkara Market,Drumstick,Other,Local,07/09/2026,5500,5500,5500
Keralam,Kollam,Kottarakkara Market,Ginger(Green),Other,Local,07/09/2026,4000,4000,4000
Keralam,Kollam,Kottarakkara Market,Snakeguard,Other,Local,07/09/2026,2000,2000,2000
Himachal Pradesh,Kangra,SMY Dharamshala,Guava,Guava,Medium,07/09/2026,10000,10500,10250
Himachal Pradesh,Kangra,SMY Dharamshala,Banana,Banana - Ripe,Medium,07/09/2026,4500,4700,4600
Himachal Pradesh,Kangra,SMY Dharamshala,Pomegranate,Pomogranate,Medium,07/09/2026,9500,10000,9750
Himachal Pradesh,Kangra,SMY Dharamshala,Cabbage,Cabbage,FAQ,07/09/2026,2600,2800,2700
Himachal Pradesh,Kangra,SMY Dharamshala,Carrot,Carrot,FAQ,07/09/2026,3800,4200,4000
Himachal Pradesh,Kangra,SMY Dharamshala,Green Chilli,Green Chilly,FAQ,07/09/2026,5000,5500,5250
Himachal Pradesh,Kangra,SMY Dharamshala,Potato,Potato,FAQ,07/09/2026,1000,2300,1650
Himachal Pradesh,Kullu,SMY Shatt,Capsicum,Capsicum,FAQ,07/09/2026,2200,2500,2300
Himachal Pradesh,Shimla,SMY Mehndli,Apple,Royal Delicious,Grade A,07/09/2026,10000,80000,40000
Tripura,Dhalai,Kulai APMC,Banana - Green,Banana - Green,Grade B,07/09/2026,2000,2500,2300
Tripura,Dhalai,Kulai APMC,Papaya(Raw),Other,Grade B,07/09/2026,1500,2000,1800
Keralam,Kozhikode(Calicut),Mukkom Market,Banana,Other,Large,07/09/2026,7500,8000,7800
Keralam,Kozhikode(Calicut),Mukkom Market,Orange,Other,Large,07/09/2026,10000,11500,10500
Keralam,Kozhikode(Calicut),Mukkom Market,Banana - Green,Banana - Green,FAQ,07/09/2026,5800,6200,6000
Keralam,Kozhikode(Calicut),Mukkom Market,Snakeguard,Snakeguard,FAQ,07/09/2026,4000,4400,4200
Gujarat,Rajkot,Jasdan APMC,Jowar(Sorghum),Jowar ( White),FAQ,07/09/2026,2755,6350,5500
Gujarat,Rajkot,Jasdan APMC,Red gram/Arhar/Tur(whole),Arhar (Whole),FAQ,07/09/2026,5500,7250,6500
Gujarat,Rajkot,Jasdan APMC,Cummin Seed(Jeera),Cummin Seed(Jeera),FAQ,07/09/2026,13000,20250,19350
Andhra Pradesh,Krishna,Malleswaram (HQ-Bantumili) APMC,Paddy(Common),NO. 2716,Grade Range-1,07/09/2026,2650,2725,2700
Odisha,Rayagada,Gunpur APMC,Cabbage,Cabbage,Grade B,07/09/2026,3420,3950,3720
Bihar,Begusarai,Balliah APMC,Potato,Local,Grade A,07/09/2026,1100,1300,1200
Keralam,Alappuzha,Cherthala Market,Amaranthus,Amaranthus,FAQ,07/09/2026,8000,8200,8100
Keralam,Alappuzha,Cherthala Market,Ashgourd,Other,FAQ,07/09/2026,3200,3400,3300
Keralam,Alappuzha,Cherthala Market,Beetroot,Beetroot,FAQ,07/09/2026,5500,5700,5600
Keralam,Alappuzha,Cherthala Market,Bitter gourd,Other,FAQ,07/09/2026,5300,5500,5400
Keralam,Ernakulam,Thrippunithura Market,Drumstick,Drumstick,Medium,07/09/2026,4500,6000,4700
Keralam,Ernakulam,Thrippunithura Market,Cluster beans,Cluster Beans,Medium,07/09/2026,6000,7000,6200
Keralam,Ernakulam,Thrippunithura Market,Ginger(Green),Green Ginger,Medium,07/09/2026,20000,24000,21000
Keralam,Ernakulam,Thrippunithura Market,Little gourd(Kundru),Other,Medium,07/09/2026,6000,6500,6200
Keralam,Ernakulam,Thrippunithura Market,Lemon,Other,Medium,07/09/2026,25000,30000,25500
Keralam,Ernakulam,Thrippunithura Market,Onion,Big,Medium,07/09/2026,6200,6600,6200
Keralam,Ernakulam,Thrippunithura Market,Snakeguard,Snakeguard,Medium,07/09/2026,5000,7000,5200
Keralam,Ernakulam,Thrippunithura Market,Pumpkin,Pumpkin,Medium,07/09/2026,3000,4000,3200
Keralam,Kannur,Thalasserry Market,Snakeguard,Other,FAQ,07/09/2026,3500,4500,4000
Keralam,Kannur,Thalasserry Market,Bhindi(Ladies Finger),Other,FAQ,07/09/2026,3500,4500,4000
Keralam,Kannur,Thalasserry Market,Banana,Other,Small,07/09/2026,7400,8200,7800
Keralam,Kannur,Thalasserry Market,Coconut Oil,Other,FAQ,07/09/2026,26000,27200,26600
Haryana,Rewari,Kosli APMC,Ridgeguard(Tori),Ridgeguard(Tori),FAQ,07/09/2026,2000,2000,2000
Punjab,Gurdaspur,Batala APMC,Carrot,Other,Grade C,07/09/2026,3000,3500,3200
Punjab,Gurdaspur,Batala APMC,Green Chilli,Other,Grade C,07/09/2026,4000,4500,4200
Karnataka,Bagalkot,Hungund APMC,Red gram/Arhar/Tur(whole),Arhar (Whole),FAQ,07/09/2026,8200,8200,8200
Haryana,Sonipat,Ganaur APMC,Green Chilli,Green Chilly,Medium,07/09/2026,4000,5000,4500
Haryana,Sonipat,Ganaur APMC,Garlic,Average,Local,07/09/2026,12000,15000,14000
Keralam,Kasargod,Pullur Periya  VFPCK Market,Ridgeguard(Tori),Ridgeguard(Tori),Grade A,07/09/2026,3300,3500,3400
Punjab,Gurdaspur,Quadian APMC,Banana,Other,Grade A,07/09/2026,2300,2500,2400
Punjab,Gurdaspur,Quadian APMC,Potato,Other,Grade A,07/09/2026,400,600,500
Punjab,Jalandhar,Nakodar APMC,Brinjal,Other,Local,07/09/2026,1250,1250,1250
Punjab,Jalandhar,Nakodar APMC,Brinjal,Brinjal,Local,07/09/2026,750,750,750
Punjab,Jalandhar,Noor Mehal APMC,Brinjal,Other,Local,07/09/2026,1500,1500,1500
Punjab,Ludhiana,Jagraon APMC,Pineapple,Pine Apple,Grade A,07/09/2026,4000,4000,4000
Punjab,Ludhiana,Jagraon APMC,Cauliflower,Other,FAQ,07/09/2026,1800,1800,1800
Punjab,Ludhiana,Jagraon APMC,Ginger(Green),Other,FAQ,07/09/2026,5200,5200,5200
Punjab,Ludhiana,Jagraon APMC,Pea Pod/Pea Cod/हरी मटर,Other,FAQ,07/09/2026,2600,2600,2600
Keralam,Kollam,Anchal Market,Bhindi(Ladies Finger),Bhindi,Local,07/09/2026,5200,5200,5200
Keralam,Kollam,Anchal Market,Elephant Yam(Suran)/Amorphophallus,Elephant Yam (Suran),Local,07/09/2026,4700,4700,4700
Keralam,Kollam,Anchal Market,Cabbage,Cabbage,Medium,07/09/2026,6500,6500,6500
Keralam,Kollam,Anchal Market,Colacasia,Colacasia,Medium,07/09/2026,6500,6500,6500
Keralam,Kollam,Anchal Market,Lemon,Lemon,Local,07/09/2026,6500,6500,6500
Keralam,Kollam,Anchal Market,Potato,Potato,Local,07/09/2026,4500,4500,4500
Keralam,Kollam,Anchal Market,Banana,Nendra Bale,Medium,07/09/2026,7700,7700,7700
Keralam,Kollam,Anchal Market,Banana,Rasakathai,Medium,07/09/2026,7800,7800,7800
Rajasthan,Kota,Kota APMC,Soyabean,Local,Local,07/09/2026,5800,5800,5800
Rajasthan,Kota,Kota APMC,Paddy(Basmati),Other,Local,07/09/2026,4100,4100,4100
Rajasthan,Kota,Kota APMC,Bajra(Pearl Millet/Cumbu),Local,Local,07/09/2026,2175,2175,2175
Rajasthan,Kota,Kota APMC,Methi Seeds,Other,Local,07/09/2026,5600,5600,5600
Rajasthan,Jaipur,Jaipur (F&V) APMC,Brinjal,Other,FAQ,07/09/2026,1500,2500,2000
Rajasthan,Jaipur,Jaipur (F&V) APMC,Green Chilli,Green Chilly,FAQ,07/09/2026,2000,3000,2500
Rajasthan,Jaipur,Jaipur (F&V) APMC,Ridgeguard(Tori),Ridgeguard(Tori),FAQ,07/09/2026,1200,1500,1350
Rajasthan,Jaipur,Jaipur (F&V) APMC,Water Melon,Other,Medium,07/09/2026,800,1500,1150
Rajasthan,Jaipur,Jaipur (F&V) APMC,Colacasia,Colacasia,FAQ,07/09/2026,1500,1600,1550
Rajasthan,Jaipur,Jaipur (F&V) APMC,Apple,Other,Medium,07/09/2026,6000,20000,13000
Rajasthan,Hanumangarh,Goluwala APMC,Potato,Red Nanital,Non-FAQ,07/09/2026,500,600,600
Rajasthan,Hanumangarh,Goluwala APMC,Onion,1st Sort,Non-FAQ,07/09/2026,4200,4700,4700
Rajasthan,Hanumangarh,Rawatsar APMC,Tomato,Deshi,FAQ,07/09/2026,2000,2800,2500
Rajasthan,Ganganagar,Suratgarh APMC,Mustard,Mustard,FAQ,07/09/2026,7509,7509,7509
Rajasthan,Kota,Kota (F&V) APMC,Pomegranate,Other,Medium,07/09/2026,8500,8500,8500
Rajasthan,Kota,Kota (F&V) APMC,Papaya,Other,Medium,07/09/2026,3000,3000,3000
Rajasthan,Jalore,Jalore APMC,Cauliflower,Cauliflower,Local,07/09/2026,1800,2200,2000
Rajasthan,Jalore,Jalore APMC,Ridgeguard(Tori),Other,Local,07/09/2026,2000,2400,2000
Rajasthan,Jalore,Jalore APMC,Beetroot,Other,Local,07/09/2026,1800,2000,1900
Punjab,Ludhiana,Khanna APMC,Banana,Other,Grade A,07/09/2026,1800,1800,1800
Punjab,Ludhiana,Khanna APMC,Tomato,Tomato,Grade A,07/09/2026,2500,2500,2500
Keralam,Kottayam,Athirampuzha Market,Onion,Big,FAQ,07/09/2026,5500,5700,5600
Keralam,Kottayam,Athirampuzha Market,Garlic,Garlic,FAQ,07/09/2026,19000,20000,19500
Keralam,Kottayam,Athirampuzha Market,Ashgourd,Ashgourd,FAQ,07/09/2026,1600,1800,1700
Odisha,Bolangir,Kantabaji APMC,Cauliflower,Other,Grade B,07/09/2026,4000,5000,4500
Jammu and Kashmir,Baramulla,Sopore (Nowpora) (F&V),Apple,Delicious,Grade A,07/09/2026,3200,3200,3200
Keralam,Kottayam,Thalayolaparambu Market,Banana,Robusta,Medium,07/09/2026,2800,3200,3000
Keralam,Kottayam,Thalayolaparambu Market,Cucumbar(Kheera),Cucumbar,FAQ,07/09/2026,1700,2000,1800
Keralam,Kottayam,Thalayolaparambu Market,Elephant Yam(Suran)/Amorphophallus,Other,FAQ,07/09/2026,3400,3700,3500
Keralam,Kottayam,Thalayolaparambu Market,Tapioca,Tapioca,FAQ,07/09/2026,3000,3300,3100
Keralam,Kozhikode(Calicut),Kallachi Market,Amaranthus,Amaranthus,FAQ,07/09/2026,6300,6700,6500
Keralam,Kozhikode(Calicut),Kallachi Market,Bottle gourd,Bottle Gourd,FAQ,07/09/2026,3800,4200,4000
Keralam,Kozhikode(Calicut),Kallachi Market,Brinjal,Brinjal,FAQ,07/09/2026,2800,3200,3000
Keralam,Alappuzha,Harippad Market,Brinjal,Brinjal,FAQ,07/09/2026,5500,6000,5500
Keralam,Alappuzha,Mannar Market,Brinjal,Other,FAQ,07/09/2026,4000,4300,4200
Keralam,Alappuzha,Mannar Market,Carrot,Other,FAQ,07/09/2026,7000,7100,7000
Jammu and Kashmir,Jammu,MAC F&V Market Narwal Jammu,Onion,Medium,FAQ,07/09/2026,5000,5500,5250
Jammu and Kashmir,Jammu,MAC F&V Market Narwal Jammu,Pointed gourd(Parval),Pointed gourd (Parval),FAQ,07/09/2026,8000,9000,8500
Jammu and Kashmir,Jammu,MAC F&V Market Narwal Jammu,Guava,Guava,Medium,07/09/2026,9000,10000,9500
Jammu and Kashmir,Jammu,MAC F&V Market Narwal Jammu,Pomegranate,Pomogranate,Medium,07/09/2026,7000,15000,11000
Jammu and Kashmir,Jammu,MAC F&V Market Narwal Jammu,Water Melon,Water Melon,Medium,07/09/2026,2500,3000,2750
Jammu and Kashmir,Jammu,MAC F&V Market Narwal Jammu,Peach,Other,Medium,07/09/2026,7500,12500,10000
Jammu and Kashmir,Jammu,MAC F&V Market Narwal Jammu,Beetroot,Beetroot,FAQ,07/09/2026,3500,3600,3550
Jammu and Kashmir,Jammu,MAC F&V Market Narwal Jammu,Brinjal,Brinjal,FAQ,07/09/2026,1000,2200,1650
Jammu and Kashmir,Jammu,MAC F&V Market Narwal Jammu,Cauliflower,Cauliflower,FAQ,07/09/2026,3500,4500,4000
Jammu and Kashmir,Jammu,MAC F&V Market Narwal Jammu,Cucumbar(Kheera),Cucumbar,FAQ,07/09/2026,1500,2000,1750
Jammu and Kashmir,Jammu,MAC F&V Market Narwal Jammu,Bottle gourd,Bottle Gourd,FAQ,07/09/2026,1200,1500,1350
Keralam,Thiruvananthapuram,Neyyatinkara Market,Bitter gourd,Bitter Gourd,FAQ,07/09/2026,6000,6500,6200
Keralam,Thiruvananthapuram,Neyyatinkara Market,Beetroot,Beetroot,FAQ,07/09/2026,5400,6000,5600
Keralam,Thiruvananthapuram,Neyyatinkara Market,Colacasia,Colacasia,FAQ,07/09/2026,5500,6000,5600
Keralam,Thiruvananthapuram,Neyyatinkara Market,Green Chilli,Green Chilly,FAQ,07/09/2026,7500,8000,7700
Punjab,Moga,Baghapurana APMC,Papaya,Papaya,Grade B,07/09/2026,4000,4500,4200
Punjab,Moga,Baghapurana APMC,Green Chilli,Green Chilly,Grade B,07/09/2026,3000,5000,4000
Punjab,Moga,Moga APMC,Onion,Red,Local,07/09/2026,3500,4500,4000
Punjab,Moga,Moga APMC,Capsicum,Capsicum,Medium,07/09/2026,3000,4000,3500
Punjab,Moga,Moga APMC,Ridgeguard(Tori),Other,Local,07/09/2026,1500,2000,1800
Punjab,Nawanshahr,Balachaur APMC,Field Pea,Other,Medium,07/09/2026,9000,9200,9100
Punjab,Nawanshahr,Balachaur APMC,Ginger(Green),Other,Medium,07/09/2026,5000,7000,6000
Punjab,Nawanshahr,Balachaur APMC,Ridgeguard(Tori),Other,Medium,07/09/2026,2000,2000,2000
Punjab,Nawanshahr,Balachaur APMC,Guava,Other,Large,07/09/2026,5000,7000,5500
Punjab,Nawanshahr,Balachaur APMC,Bhindi(Ladies Finger),Other,Medium,07/09/2026,2000,3000,2500
Punjab,Nawanshahr,Balachaur APMC,Tomato,Other,Medium,07/09/2026,2000,2000,2000
Punjab,Ropar (Rupnagar),Ropar APMC,Brinjal,Round/Long,Medium,07/09/2026,1800,2200,2000
Keralam,Palakad,Pattambi Market,Beetroot,Beetroot,FAQ,07/09/2026,500,4000,3800
Keralam,Palakad,Pattambi Market,Cabbage,Cabbage,FAQ,07/09/2026,2000,2500,2200
Keralam,Palakad,Pattambi Market,Cauliflower,Cauliflower,FAQ,07/09/2026,4000,4500,4200
Keralam,Palakad,Pattambi Market,Colacasia,Other,FAQ,07/09/2026,4000,5000,4500
Keralam,Palakad,Pattambi Market,Cucumbar(Kheera),Cucumbar,FAQ,07/09/2026,1500,2000,1800
Keralam,Palakad,Pattambi Market,French Beans(Frasbean),Other,FAQ,07/09/2026,5000,6000,5500
Keralam,Palakad,Pattambi Market,Green Avare(W),Green Avare (W),FAQ,07/09/2026,6000,7000,6500
Keralam,Palakad,Pattambi Market,Little gourd(Kundru),Other,FAQ,07/09/2026,3500,4500,3800
Keralam,Palakad,Pattambi Market,Sweet Potato,Sweet Potato,FAQ,07/09/2026,4500,5000,4800
Keralam,Palakad,Pattambi Market,Tapioca,Tapioca,FAQ,07/09/2026,2500,3000,2800
Keralam,Kottayam,Ettumanoor Market,Beetroot,Beetroot,FAQ,07/09/2026,4600,5000,4800
Karnataka,Chamarajanagar,Chamarajanagar APMC,Beetroot,Beetroot,Local,07/09/2026,2200,3000,2600
Karnataka,Chamarajanagar,Chamarajanagar APMC,Ridgeguard(Tori),Ridgeguard(Tori),Local,07/09/2026,1000,2000,1500
Karnataka,Chamarajanagar,Chamarajanagar APMC,Knool Khol,Knool Khol,Local,07/09/2026,1000,1800,1400
Karnataka,Chamarajanagar,Chamarajanagar APMC,Tender Coconut,Tender Coconut,Local,07/09/2026,20000,25000,20000
Karnataka,Chamarajanagar,Chamarajanagar APMC,Brinjal,Round/Long,Local,07/09/2026,1200,1800,1500
Karnataka,Chamarajanagar,Chamarajanagar APMC,Brinjal,Other,Local,07/09/2026,800,1200,1000
Karnataka,Chamarajanagar,Chamarajanagar APMC,Tomato,Tomato,Local,07/09/2026,800,1200,1000
Karnataka,Chamarajanagar,Chamarajanagar APMC,Green Chilli,Green Chilly,Local,07/09/2026,1600,2400,2000
Karnataka,Chamarajanagar,Chamarajanagar APMC,Beans,Beans (Whole),Local,07/09/2026,3000,4500,3800
Punjab,Sangrur,Malerkotla APMC,Green Chilli,Green Chilly,Local,07/09/2026,1500,3000,2000
Punjab,Sangrur,Malerkotla APMC,Cauliflower,Other,Local,07/09/2026,2000,3800,3200
Punjab,Sangrur,Malerkotla APMC,Raddish,Other,Local,07/09/2026,1000,1500,1200
Punjab,Sangrur,Malerkotla APMC,Sponge gourd,Other,Local,07/09/2026,800,1500,1200
Punjab,Sangrur,Malerkotla APMC,Mousambi(Sweet Lime),Mousambi,Local,07/09/2026,2000,3000,2700
Punjab,Sangrur,Malerkotla APMC,Squash(Chappal Kadoo),Other,Local,07/09/2026,500,1000,800
Keralam,Ernakulam,Piravam Market,Ashgourd,Ashgourd,Local,07/09/2026,1500,2500,2000
Keralam,Ernakulam,Piravam Market,Capsicum,Other,Local,07/09/2026,7000,8000,7500
Keralam,Ernakulam,Piravam Market,Coriander(Leaves),Other,Local,07/09/2026,8000,10000,9000
Punjab,Tarntaran,Harike APMC,Pumpkin,Pumpkin,FAQ,07/09/2026,200,300,250
Punjab,Tarntaran,Harike APMC,Capsicum,Capsicum,FAQ,07/09/2026,1100,1200,1150
Punjab,Tarntaran,Naushera Pannuan APMC,Spinach,Other,Local,07/09/2026,1400,1400,1400
Gujarat,Porbandar,Porbandar APMC,Pomegranate,Other,Grade A,07/09/2026,3000,10000,6500
Gujarat,Porbandar,Porbandar APMC,Bhindi(Ladies Finger),Bhindi,Local,07/09/2026,1000,1500,1250
Gujarat,Porbandar,Porbandar APMC,Brinjal,Arkasheela Mattigulla,Local,07/09/2026,1500,2000,1750
Gujarat,Porbandar,Porbandar APMC,Ginger(Green),Green Ginger,FAQ,07/09/2026,8000,10000,9000
Gujarat,Porbandar,Porbandar APMC,Methi(Leaves),Fenugreek-Organic,Local,07/09/2026,4000,4500,4250
Gujarat,Porbandar,Porbandar APMC,Green Chilli,Green Chilly,Local,07/09/2026,4000,5000,4500
Andhra Pradesh,Bapatla,Parchur APMC,Bengal Gram(Gram)(Whole),Gulabi,Local,07/09/2026,6000,6200,6100
Andhra Pradesh,Bapatla,Parchur APMC,Chili Red,Dry,Local,07/09/2026,18000,20000,19000
Tamil Nadu,Thirupur,Tiruppur (South) (Uzhavar Sandhai ),Cluster beans,Cluster Beans,Local,07/09/2026,3000,4000,3500
Tamil Nadu,Thirupur,Tiruppur (South) (Uzhavar Sandhai ),Amaranthus,Amaranthus,Local,07/09/2026,2000,3000,2500
Tamil Nadu,Thirupur,Tiruppur (South) (Uzhavar Sandhai ),Snakeguard,Snakeguard,Local,07/09/2026,3000,4000,3500
Tamil Nadu,Thirupur,Tiruppur (South) (Uzhavar Sandhai ),Ridgeguard(Tori),Ridgeguard(Tori),Local,07/09/2026,4500,6000,5250
Tamil Nadu,Thirupur,Tiruppur (South) (Uzhavar Sandhai ),Raddish,Raddish,Local,07/09/2026,1700,2000,1850
Tamil Nadu,Thirupur,Tiruppur (South) (Uzhavar Sandhai ),Thondekai,Thondekai,Local,07/09/2026,3500,4000,3750
Tamil Nadu,Thirupur,Tiruppur (South) (Uzhavar Sandhai ),Drumstick,Drumstick,Local,07/09/2026,1800,2000,1900
Tamil Nadu,Erode,Perundurai(Uzhavar Sandhai ),Potato,Other,Local,07/09/2026,3500,3800,3650
Tamil Nadu,Erode,Perundurai(Uzhavar Sandhai ),Ashgourd,Gouard,Local,07/09/2026,2200,2500,2350
Tamil Nadu,Erode,Perundurai(Uzhavar Sandhai ),Green Chilli,Green Chilly,Local,07/09/2026,4500,5000,4750
Tamil Nadu,Erode,Perundurai(Uzhavar Sandhai ),Banana - Green,Banana - Green,Local,07/09/2026,2500,3000,2750
Tamil Nadu,Erode,Perundurai(Uzhavar Sandhai ),Banana,Besrai,Local,07/09/2026,3000,3500,3250
Tamil Nadu,Erode,Perundurai(Uzhavar Sandhai ),Onion,Bellary,Local,07/09/2026,6000,6500,6250
Tamil Nadu,Erode,Perundurai(Uzhavar Sandhai ),Carrot,Pusakesar,Local,07/09/2026,6000,6500,6250
Tamil Nadu,Dharmapuri,Dharmapuri(Uzhavar Sandhai ),Ginger(Green),Green Ginger,Local,07/09/2026,21500,22500,22000
Tamil Nadu,Dharmapuri,Dharmapuri(Uzhavar Sandhai ),Green Avare(W),Green Avare (W),Local,07/09/2026,3600,4000,3800
Tamil Nadu,Dharmapuri,Dharmapuri(Uzhavar Sandhai ),Cabbage,Cabbage,Local,07/09/2026,3200,3400,3300
Tamil Nadu,Dharmapuri,Dharmapuri(Uzhavar Sandhai ),Chow Chow,Chow Chow,Local,07/09/2026,4500,4800,4650
Tamil Nadu,Dharmapuri,Dharmapuri(Uzhavar Sandhai ),Beetroot,Beetroot,Local,07/09/2026,5200,5600,5400
Tamil Nadu,Dharmapuri,Dharmapuri(Uzhavar Sandhai ),Capsicum,Capsicum,Local,07/09/2026,7500,8000,7750
Tamil Nadu,Dharmapuri,Dharmapuri(Uzhavar Sandhai ),Drumstick,Drumstick,Local,07/09/2026,2700,3000,2850
Tamil Nadu,Dharmapuri,Dharmapuri(Uzhavar Sandhai ),Yam(Ratalu),Yam (Ratalu),Local,07/09/2026,11000,12000,11500
Tamil Nadu,Dharmapuri,Dharmapuri(Uzhavar Sandhai ),Indian Beans(Seam),Indian Beans (Seam),Local,07/09/2026,6000,6500,6250
Tamil Nadu,Dharmapuri,Palacode(Uzhavar Sandhai ),Potato,Other,Local,07/09/2026,2600,2800,2700
Tamil Nadu,Dharmapuri,Palacode(Uzhavar Sandhai ),Thondekai,Thondekai,Local,07/09/2026,4300,4500,4400
Tamil Nadu,Dharmapuri,Palacode(Uzhavar Sandhai ),Drumstick,Drumstick,Local,07/09/2026,2000,2500,2250
Tamil Nadu,Dharmapuri,Palacode(Uzhavar Sandhai ),Knool Khol,Knool Khol,Local,07/09/2026,4200,4500,4350
Tamil Nadu,Dharmapuri,Palacode(Uzhavar Sandhai ),Lemon,Lemon,Local,07/09/2026,21500,22000,21750
Tamil Nadu,Dharmapuri,Palacode(Uzhavar Sandhai ),Sweet Corn ,Sweet Corn ,Local,07/09/2026,2800,3000,2900
Tamil Nadu,Dharmapuri,Pennagaram(Uzhavar Sandhai ),Garlic,Garlic,Local,07/09/2026,21000,22000,21500
Tamil Nadu,Dharmapuri,Pennagaram(Uzhavar Sandhai ),Pumpkin,Pumpkin,Local,07/09/2026,1800,2000,1900
Tamil Nadu,Dharmapuri,Pennagaram(Uzhavar Sandhai ),Green Chilli,Green Chilly,Local,07/09/2026,4600,5000,4800
Tamil Nadu,Dharmapuri,Pennagaram(Uzhavar Sandhai ),Groundnut,Big (With Shell),Local,07/09/2026,6200,6500,6350
Tamil Nadu,Dharmapuri,Pennagaram(Uzhavar Sandhai ),Knool Khol,Knool Khol,Local,07/09/2026,4600,5000,4800
Tamil Nadu,Dharmapuri,Pennagaram(Uzhavar Sandhai ),Lemon,Lemon,Local,07/09/2026,19000,20000,19500
Tamil Nadu,Dindigul,Chinnalapatti(Uzhavar Sandhai ),Cluster beans,Cluster Beans,Local,07/09/2026,3600,4000,3800
Tamil Nadu,Dindigul,Chinnalapatti(Uzhavar Sandhai ),Amaranthus,Amaranthus,Local,07/09/2026,2500,3000,2750
Tamil Nadu,Dindigul,Chinnalapatti(Uzhavar Sandhai ),Banana - Green,Banana - Green,Local,07/09/2026,2800,3000,2900
Tamil Nadu,Dindigul,Chinnalapatti(Uzhavar Sandhai ),Coconut,Coconut,Local,07/09/2026,6000,6500,6250
Tamil Nadu,Dindigul,Chinnalapatti(Uzhavar Sandhai ),Cabbage,Cabbage,Local,07/09/2026,2800,3000,2900
Tamil Nadu,Dindigul,Chinnalapatti(Uzhavar Sandhai ),Elephant Yam(Suran)/Amorphophallus,Elephant Yam (Suran),Local,07/09/2026,4800,5000,4900
Tamil Nadu,Dindigul,Chinnalapatti(Uzhavar Sandhai ),Onion Green,Onion Green,Local,07/09/2026,6500,7500,7000
Tamil Nadu,Dindigul,Dindigul(Uzhavar Sandhai ),Potato,Other,Local,07/09/2026,5000,6000,5500
Tamil Nadu,Dindigul,Dindigul(Uzhavar Sandhai ),Garlic,Garlic,Local,07/09/2026,25000,28000,26500
Tamil Nadu,Dindigul,Dindigul(Uzhavar Sandhai ),Coriander(Leaves),I Sort,Local,07/09/2026,2000,3000,2500
Tamil Nadu,Dindigul,Dindigul(Uzhavar Sandhai ),Papaya,Papaya,Local,07/09/2026,4000,4500,4250
Tamil Nadu,Dindigul,Dindigul(Uzhavar Sandhai ),Cluster beans,Cluster Beans,Local,07/09/2026,3000,4000,3500
Tamil Nadu,Dindigul,Dindigul(Uzhavar Sandhai ),Bitter gourd,Other,Local,07/09/2026,6000,7000,6500
Tamil Nadu,Dindigul,Dindigul(Uzhavar Sandhai ),Bottle gourd,Bottle Gourd,Local,07/09/2026,2000,2500,2250
Tamil Nadu,Dindigul,Dindigul(Uzhavar Sandhai ),Cowpea(Veg),Cowpea (Veg),Local,07/09/2026,3000,4000,3500
Tamil Nadu,Dindigul,Dindigul(Uzhavar Sandhai ),Onion,Bellary,Local,07/09/2026,6000,6500,6250
Tamil Nadu,Dindigul,Dindigul(Uzhavar Sandhai ),Sweet Potato,Hosur Red,Local,07/09/2026,4000,5000,4500
Tamil Nadu,Dindigul,Dindigul(Uzhavar Sandhai ),Raddish,Raddish,Local,07/09/2026,2500,3000,2750
Tamil Nadu,Dindigul,Dindigul(Uzhavar Sandhai ),Thondekai,Thondekai,Local,07/09/2026,3000,4000,3500
Tamil Nadu,Dindigul,Dindigul(Uzhavar Sandhai ),Chow Chow,Chow Chow,Local,07/09/2026,3000,4000,3500
Tamil Nadu,Dindigul,Dindigul(Uzhavar Sandhai ),Guava,Guava Allahabad,Local,07/09/2026,5000,6000,5500
Tamil Nadu,Dindigul,Dindigul(Uzhavar Sandhai ),Elephant Yam(Suran)/Amorphophallus,Elephant Yam (Suran),Local,07/09/2026,4000,5000,4500
Tamil Nadu,Dindigul,Dindigul(Uzhavar Sandhai ),Onion Green,Onion Green,Local,07/09/2026,7000,7600,7300
Tamil Nadu,Dindigul,Dindigul(Uzhavar Sandhai ),Mint(Pudina),Mint(Pudina),Local,07/09/2026,3000,3500,3250
Tamil Nadu,Dindigul,Palani(Uzhavar Sandhai ),Garlic,Garlic,Local,07/09/2026,16000,24000,20000
Tamil Nadu,Dindigul,Palani(Uzhavar Sandhai ),Cauliflower,Ranchi,Local,07/09/2026,3000,4000,3500
Tamil Nadu,Dindigul,Palani(Uzhavar Sandhai ),Brinjal,Other,Local,07/09/2026,4000,5000,4500
Tamil Nadu,Dindigul,Palani(Uzhavar Sandhai ),Papaya,Papaya,Local,07/09/2026,2500,3000,2750
Tamil Nadu,Dindigul,Palani(Uzhavar Sandhai ),Pumpkin,Pumpkin,Local,07/09/2026,1400,1600,1500
Tamil Nadu,Dindigul,Palani(Uzhavar Sandhai ),Bhindi(Ladies Finger),Bhindi,Local,07/09/2026,2400,2800,2600
Tamil Nadu,Dindigul,Palani(Uzhavar Sandhai ),Sweet Potato,Hosur Red,Local,07/09/2026,5000,6000,5500
Tamil Nadu,Dindigul,Palani(Uzhavar Sandhai ),Cabbage,Cabbage,Local,07/09/2026,3000,3400,3200
Tamil Nadu,Dindigul,Palani(Uzhavar Sandhai ),Drumstick,Drumstick,Local,07/09/2026,1500,2000,1750
Tamil Nadu,Dindigul,Palani(Uzhavar Sandhai ),Lime,Lime,Local,07/09/2026,12000,13000,12500
Tamil Nadu,Dindigul,Palani(Uzhavar Sandhai ),Elephant Yam(Suran)/Amorphophallus,Elephant Yam (Suran),Local,07/09/2026,4000,5000,4500
Tamil Nadu,Erode,Periyar Nagar(Uzhavar Sandhai ),Brinjal,Other,Local,07/09/2026,3000,3200,3100
Tamil Nadu,Erode,Periyar Nagar(Uzhavar Sandhai ),Groundnut,Big (With Shell),Local,07/09/2026,5500,6000,5750
Tamil Nadu,Erode,Periyar Nagar(Uzhavar Sandhai ),Banana,Besrai,Local,07/09/2026,2400,2800,2600
Tamil Nadu,Kallakuruchi,Sankarapuram(Uzhavar Sandhai ),Papaya,Papaya,Local,07/09/2026,3500,3500,3500
Tamil Nadu,Kallakuruchi,Sankarapuram(Uzhavar Sandhai ),Tomato,Deshi,Local,07/09/2026,2500,2500,2500
Tamil Nadu,Kallakuruchi,Sankarapuram(Uzhavar Sandhai ),Cluster beans,Cluster Beans,Local,07/09/2026,5000,5000,5000
Tamil Nadu,Kallakuruchi,Sankarapuram(Uzhavar Sandhai ),Green Chilli,Green Chilly,Local,07/09/2026,6000,6000,6000
Tamil Nadu,Kallakuruchi,Sankarapuram(Uzhavar Sandhai ),Tapioca,Tapioca,Local,07/09/2026,3000,3000,3000
Tamil Nadu,Kallakuruchi,Sankarapuram(Uzhavar Sandhai ),Ginger(Green),Green Ginger,Local,07/09/2026,18000,18000,18000
Tamil Nadu,Kallakuruchi,Sankarapuram(Uzhavar Sandhai ),Sweet Potato,Hosur Red,Local,07/09/2026,3000,3000,3000
Tamil Nadu,Kallakuruchi,Sankarapuram(Uzhavar Sandhai ),Green Avare(W),Green Avare (W),Local,07/09/2026,7000,7000,7000
Tamil Nadu,Kallakuruchi,Sankarapuram(Uzhavar Sandhai ),Guava,Guava Allahabad,Local,07/09/2026,6000,6000,6000
Tamil Nadu,Kallakuruchi,Sankarapuram(Uzhavar Sandhai ),Mint(Pudina),Mint(Pudina),Local,07/09/2026,4000,4000,4000
Tamil Nadu,Kancheepuram,Kancheepuram(Uzhavar Sandhai ),Water Melon,Water Melon,Local,07/09/2026,1200,1800,1500
Tamil Nadu,Kancheepuram,Kancheepuram(Uzhavar Sandhai ),Bottle gourd,Bottle Gourd,Local,07/09/2026,2000,3000,2500
Tamil Nadu,Kancheepuram,Kancheepuram(Uzhavar Sandhai ),Onion,Bellary,Local,07/09/2026,5200,6000,5600
Tamil Nadu,Kancheepuram,Kancheepuram(Uzhavar Sandhai ),Coconut,Coconut,Local,07/09/2026,5500,6500,6000
Tamil Nadu,Kancheepuram,Kundrathur(Uzhavar Sandhai ),Pumpkin,Pumpkin,Local,07/09/2026,2000,2000,2000
Tamil Nadu,Kancheepuram,Kundrathur(Uzhavar Sandhai ),Bhindi(Ladies Finger),Bhindi,Local,07/09/2026,3500,3500,3500
Tamil Nadu,Kancheepuram,Kundrathur(Uzhavar Sandhai ),Amaranthus,Amaranthus,Local,07/09/2026,3000,3000,3000
Tamil Nadu,Kancheepuram,Kundrathur(Uzhavar Sandhai ),Carrot,Pusakesar,Local,07/09/2026,5500,5500,5500
Tamil Nadu,Kancheepuram,Kundrathur(Uzhavar Sandhai ),Cabbage,Cabbage,Local,07/09/2026,3000,3000,3000
Tamil Nadu,Kancheepuram,Kundrathur(Uzhavar Sandhai ),Raddish,Raddish,Local,07/09/2026,3000,3000,3000
Tamil Nadu,Kancheepuram,Padappai(Uzhavar Sandhai ),Coriander(Leaves),I Sort,Local,07/09/2026,3000,4000,3500
Tamil Nadu,Kancheepuram,Padappai(Uzhavar Sandhai ),Bottle gourd,Bottle Gourd,Local,07/09/2026,1800,2500,2150
Tamil Nadu,Kancheepuram,Padappai(Uzhavar Sandhai ),Ginger(Green),Green Ginger,Local,07/09/2026,7000,16000,11500
Tamil Nadu,Kancheepuram,Padappai(Uzhavar Sandhai ),Onion,Bellary,Local,07/09/2026,5500,6000,5750
Tamil Nadu,Kancheepuram,Padappai(Uzhavar Sandhai ),Knool Khol,Knool Khol,Local,07/09/2026,2500,3000,2750
Tamil Nadu,Kancheepuram,Padappai(Uzhavar Sandhai ),Tender Coconut,Tender Coconut,Local,07/09/2026,2200,2800,2500
Tamil Nadu,Kancheepuram,Padappai(Uzhavar Sandhai ),Onion Green,Onion Green,Local,07/09/2026,7500,8500,8000
Tamil Nadu,Kancheepuram,Sunguvarchatram(Uzhavar Sandhai ),Bitter gourd,Bitter Gourd,Local,07/09/2026,4000,4000,4000
Tamil Nadu,Kancheepuram,Sunguvarchatram(Uzhavar Sandhai ),Bottle gourd,Bottle Gourd,Local,07/09/2026,3000,3000,3000
Tamil Nadu,Kancheepuram,Sunguvarchatram(Uzhavar Sandhai ),Ashgourd,Gouard,Local,07/09/2026,2000,2000,2000
Tamil Nadu,Kancheepuram,Sunguvarchatram(Uzhavar Sandhai ),Amaranthus,Amaranthus,Local,07/09/2026,3000,3000,3000
Tamil Nadu,Kancheepuram,Sunguvarchatram(Uzhavar Sandhai ),Potato,Other,Local,07/09/2026,2800,2800,2800
Tamil Nadu,Kancheepuram,Sunguvarchatram(Uzhavar Sandhai ),Carrot,Pusakesar,Local,07/09/2026,5500,5500,5500
Tamil Nadu,Krishnagiri,Avallapalli(Uzhavar Sandhai ),Potato,Red Nanital,Local,07/09/2026,2000,2500,2250
Tamil Nadu,Krishnagiri,Avallapalli(Uzhavar Sandhai ),Garlic,Garlic,Local,07/09/2026,22000,24000,23000
Tamil Nadu,Krishnagiri,Avallapalli(Uzhavar Sandhai ),Cauliflower,Ranchi,Local,07/09/2026,2500,3000,2750
Tamil Nadu,Krishnagiri,Avallapalli(Uzhavar Sandhai ),Cluster beans,Cluster Beans,Local,07/09/2026,3500,4000,3750
Tamil Nadu,Krishnagiri,Avallapalli(Uzhavar Sandhai ),Bottle gourd,Bottle Gourd,Local,07/09/2026,1500,2000,1750
Tamil Nadu,Krishnagiri,Avallapalli(Uzhavar Sandhai ),Ashgourd,Gouard,Local,07/09/2026,1500,2000,1750
Tamil Nadu,Krishnagiri,Avallapalli(Uzhavar Sandhai ),Onion,Bellary,Local,07/09/2026,6000,6500,6250
Tamil Nadu,Krishnagiri,Avallapalli(Uzhavar Sandhai ),Sweet Potato,Hosur Red,Local,07/09/2026,5500,6000,5750
Tamil Nadu,Krishnagiri,Avallapalli(Uzhavar Sandhai ),Cabbage,Cabbage,Local,07/09/2026,1000,1500,1250
Tamil Nadu,Krishnagiri,Avallapalli(Uzhavar Sandhai ),Cucumbar(Kheera),Cucumbar,Local,07/09/2026,2000,2500,2250
Tamil Nadu,Krishnagiri,Avallapalli(Uzhavar Sandhai ),Colacasia,Colacasia,Local,07/09/2026,4000,4500,4250
Tamil Nadu,Krishnagiri,Avallapalli(Uzhavar Sandhai ),Mint(Pudina),Mint(Pudina),Local,07/09/2026,3500,4000,3750
Tamil Nadu,Dharmapuri,Karimangalam(Uzhavar Sandhai),Potato,Other,Local,07/09/2026,2600,2800,2700
Tamil Nadu,Dharmapuri,Karimangalam(Uzhavar Sandhai),Brinjal,Other,Local,07/09/2026,2300,2500,2400
Tamil Nadu,Dharmapuri,Karimangalam(Uzhavar Sandhai),Amaranthus,Amaranthus,Local,07/09/2026,2300,2500,2400
Tamil Nadu,Dharmapuri,Karimangalam(Uzhavar Sandhai),Ginger(Green),Green Ginger,Local,07/09/2026,19000,20000,19500
Tamil Nadu,Dharmapuri,Karimangalam(Uzhavar Sandhai),Carrot,Pusakesar,Local,07/09/2026,6000,6500,6250
Tamil Nadu,Dharmapuri,Karimangalam(Uzhavar Sandhai),Thondekai,Thondekai,Local,07/09/2026,5000,5500,5250
Tamil Nadu,Dharmapuri,Karimangalam(Uzhavar Sandhai),Drumstick,Drumstick,Local,07/09/2026,2800,3000,2900
Tamil Nadu,Dharmapuri,Karimangalam(Uzhavar Sandhai),Knool Khol,Knool Khol,Local,07/09/2026,4000,4400,4200
Tamil Nadu,Dharmapuri,Karimangalam(Uzhavar Sandhai),Onion Green,Onion Green,Local,07/09/2026,7000,7500,7250
Tamil Nadu,Dharmapuri,Karimangalam(Uzhavar Sandhai),Mint(Pudina),Mint(Pudina),Local,07/09/2026,5500,6000,5750
Tamil Nadu,Krishnagiri,Denkanikottai(Uzhavar Sandhai ),Potato,Red Nanital,Local,07/09/2026,2000,2500,2250
Tamil Nadu,Krishnagiri,Denkanikottai(Uzhavar Sandhai ),Bitter gourd,Bitter Gourd,Local,07/09/2026,4500,5000,4750
Tamil Nadu,Krishnagiri,Denkanikottai(Uzhavar Sandhai ),Ashgourd,Gouard,Local,07/09/2026,1500,2000,1750
Tamil Nadu,Krishnagiri,Denkanikottai(Uzhavar Sandhai ),Amaranthus,Amaranthus,Local,07/09/2026,3500,4000,3750
Tamil Nadu,Krishnagiri,Denkanikottai(Uzhavar Sandhai ),Capsicum,Capsicum,Local,07/09/2026,3000,3500,3250
Tamil Nadu,Krishnagiri,Hosur(Uzhavar Sandhai ),Potato,Red Nanital,Local,07/09/2026,2000,2500,2250
Tamil Nadu,Krishnagiri,Hosur(Uzhavar Sandhai ),Garlic,Garlic,Local,07/09/2026,20000,24000,22000
Tamil Nadu,Krishnagiri,Hosur(Uzhavar Sandhai ),Ashgourd,Gouard,Local,07/09/2026,1500,2000,1750
Tamil Nadu,Krishnagiri,Hosur(Uzhavar Sandhai ),Cabbage,Cabbage,Local,07/09/2026,1000,1500,1250
Tamil Nadu,Krishnagiri,Hosur(Uzhavar Sandhai ),Ridgeguard(Tori),Ridgeguard(Tori),Local,07/09/2026,2500,3000,2750
Tamil Nadu,Krishnagiri,Hosur(Uzhavar Sandhai ),Green Avare(W),Green Avare (W),Local,07/09/2026,5000,5500,5250
Tamil Nadu,Krishnagiri,Hosur(Uzhavar Sandhai ),Knool Khol,Knool Khol,Local,07/09/2026,1000,1500,1250
Tamil Nadu,Krishnagiri,Hosur(Uzhavar Sandhai ),Tender Coconut,Tender Coconut,Local,07/09/2026,4500,5000,4750
Tamil Nadu,Krishnagiri,Hosur(Uzhavar Sandhai ),Rose(Local),Rose (Local),Local,07/09/2026,7000,8000,7500
Tamil Nadu,Madurai,Anaiyur(Uzhavar Sandhai ),Brinjal,Round,Local,07/09/2026,3600,4000,3800
Tamil Nadu,Madurai,Anaiyur(Uzhavar Sandhai ),Mousambi(Sweet Lime),Mousambi,Local,07/09/2026,6500,7000,6750
Tamil Nadu,Madurai,Anaiyur(Uzhavar Sandhai ),Ashgourd,Gouard,Local,07/09/2026,1600,2000,1800
Tamil Nadu,Madurai,Anaiyur(Uzhavar Sandhai ),Banana,Besrai,Local,07/09/2026,3600,4000,3800
Tamil Nadu,Madurai,Anaiyur(Uzhavar Sandhai ),Grapes,Annabesahai,Local,07/09/2026,11000,12000,11500
Tamil Nadu,Madurai,Anaiyur(Uzhavar Sandhai ),Onion,Bellary,Local,07/09/2026,6000,6500,6250
Tamil Nadu,Madurai,Anaiyur(Uzhavar Sandhai ),Snakeguard,Snakeguard,Local,07/09/2026,3600,4000,3800
Tamil Nadu,Madurai,Anaiyur(Uzhavar Sandhai ),Chow Chow,Chow Chow,Local,07/09/2026,2000,2500,2250
Tamil Nadu,Madurai,Anaiyur(Uzhavar Sandhai ),Mashrooms,Mashrooms,Local,07/09/2026,25000,29000,27000
Tamil Nadu,Madurai,Anaiyur(Uzhavar Sandhai ),Amla(Nelli Kai),Amla,Local,07/09/2026,7000,8000,7500
Tamil Nadu,Madurai,Usilampatti(Uzhavar Sandhai ),Cluster beans,Cluster Beans,Local,07/09/2026,3000,3200,3100
Tamil Nadu,Madurai,Usilampatti(Uzhavar Sandhai ),Tapioca,Tapioca,Local,07/09/2026,3600,4000,3800
Tamil Nadu,Madurai,Usilampatti(Uzhavar Sandhai ),Green Avare(W),Green Avare (W),Local,07/09/2026,6000,7000,6500
Tamil Nadu,Madurai,Usilampatti(Uzhavar Sandhai ),Coconut,Coconut,Local,07/09/2026,6800,7000,6900
Tamil Nadu,Madurai,Usilampatti(Uzhavar Sandhai ),Ridgeguard(Tori),Ridgeguard(Tori),Local,07/09/2026,5000,5500,5250
Tamil Nadu,Madurai,Usilampatti(Uzhavar Sandhai ),Elephant Yam(Suran)/Amorphophallus,Elephant Yam (Suran),Local,07/09/2026,4000,4500,4250
Tamil Nadu,Madurai,Usilampatti(Uzhavar Sandhai ),Lemon,Lemon,Local,07/09/2026,22000,24000,23000
Tamil Nadu,Madurai,Usilampatti(Uzhavar Sandhai ),Onion Green,Onion Green,Local,07/09/2026,7500,8000,7750
Tamil Nadu,Nagapattinam,Sirkali(Uzhavar Sandhai ),Coriander(Leaves),I Sort,Local,07/09/2026,3500,4000,3750
Tamil Nadu,Nagapattinam,Sirkali(Uzhavar Sandhai ),Cluster beans,Cluster Beans,Local,07/09/2026,4500,5000,4750
Tamil Nadu,Nagapattinam,Sirkali(Uzhavar Sandhai ),Bitter gourd,Bitter Gourd,Local,07/09/2026,5500,6000,5750
Tamil Nadu,Nagapattinam,Sirkali(Uzhavar Sandhai ),Amaranthus,Amaranthus,Local,07/09/2026,1500,2000,1750
Tamil Nadu,Nagapattinam,Sirkali(Uzhavar Sandhai ),Tapioca,Tapioca,Local,07/09/2026,4500,5000,4750
Tamil Nadu,Nagapattinam,Sirkali(Uzhavar Sandhai ),Beetroot,Beetroot,Local,07/09/2026,4500,5000,4750
Tamil Nadu,Nagapattinam,Sirkali(Uzhavar Sandhai ),Lime,Lime,Local,07/09/2026,3500,4000,3750
Tamil Nadu,Namakkal,Kumarapalayam(Uzhavar Sandhai ),Coriander(Leaves),I Sort,Local,07/09/2026,7000,8000,7500
Tamil Nadu,Namakkal,Kumarapalayam(Uzhavar Sandhai ),Ashgourd,Gouard,Local,07/09/2026,2800,3000,2900
Tamil Nadu,Namakkal,Kumarapalayam(Uzhavar Sandhai ),Green Chilli,Green Chilly,Local,07/09/2026,5400,6000,5700
Tamil Nadu,Namakkal,Kumarapalayam(Uzhavar Sandhai ),Tapioca,Tapioca,Local,07/09/2026,2900,3500,3200
Tamil Nadu,Namakkal,Kumarapalayam(Uzhavar Sandhai ),Beetroot,Beetroot,Local,07/09/2026,6000,7000,6500
Tamil Nadu,Namakkal,Kumarapalayam(Uzhavar Sandhai ),Drumstick,Drumstick,Local,07/09/2026,2500,3000,2750
Tamil Nadu,Namakkal,Kumarapalayam(Uzhavar Sandhai ),Jasmine,Jasmine,Local,07/09/2026,32000,37000,34500
Tamil Nadu,Namakkal,Kumarapalayam(Uzhavar Sandhai ),Onion Green,Onion Green,Local,07/09/2026,5000,7000,6000
Tamil Nadu,Namakkal,Mohanur(Uzhavar Sandhai ),Bitter gourd,Bitter Gourd,Local,07/09/2026,5600,6800,6200
Tamil Nadu,Namakkal,Mohanur(Uzhavar Sandhai ),Bottle gourd,Bottle Gourd,Local,07/09/2026,1400,2000,1700
Tamil Nadu,Namakkal,Mohanur(Uzhavar Sandhai ),Amaranthus,Amaranthus,Local,07/09/2026,5600,6000,5800
Tamil Nadu,Namakkal,Mohanur(Uzhavar Sandhai ),Banana - Green,Banana - Green,Local,07/09/2026,4400,4800,4600
Tamil Nadu,Namakkal,Mohanur(Uzhavar Sandhai ),Coconut,Coconut,Local,07/09/2026,5600,6000,5800
Tamil Nadu,Namakkal,Mohanur(Uzhavar Sandhai ),Chow Chow,Chow Chow,Local,07/09/2026,4400,5000,4700
Tamil Nadu,Namakkal,Namakkal(Uzhavar Sandhai ),Potato,Other,Local,07/09/2026,2500,3000,2750
Tamil Nadu,Namakkal,Namakkal(Uzhavar Sandhai ),Green Peas,Green Peas,Local,07/09/2026,16000,18000,17000
Tamil Nadu,Namakkal,Namakkal(Uzhavar Sandhai ),Papaya,Papaya,Local,07/09/2026,3000,3500,3250
Tamil Nadu,Namakkal,Namakkal(Uzhavar Sandhai ),Water Melon,Water Melon,Local,07/09/2026,1200,1500,1350
Tamil Nadu,Namakkal,Namakkal(Uzhavar Sandhai ),Banana - Green,Banana - Green,Local,07/09/2026,3500,4000,3750
Tamil Nadu,Namakkal,Namakkal(Uzhavar Sandhai ),Banana,Red Banana,Local,07/09/2026,7000,7500,7250
Tamil Nadu,Namakkal,Namakkal(Uzhavar Sandhai ),Carrot,Pusakesar,Local,07/09/2026,6000,7000,6500
Tamil Nadu,Namakkal,Namakkal(Uzhavar Sandhai ),Ridgeguard(Tori),Ridgeguard(Tori),Local,07/09/2026,5000,6000,5500
Tamil Nadu,Namakkal,Namakkal(Uzhavar Sandhai ),Thondekai,Thondekai,Local,07/09/2026,4000,4500,4250
Tamil Nadu,Namakkal,Namakkal(Uzhavar Sandhai ),Capsicum,Capsicum,Local,07/09/2026,4500,5000,4750
Tamil Nadu,Namakkal,Namakkal(Uzhavar Sandhai ),Chow Chow,Chow Chow,Local,07/09/2026,2500,3000,2750
Tamil Nadu,Namakkal,Namakkal(Uzhavar Sandhai ),Tender Coconut,Tender Coconut,Local,07/09/2026,3000,3500,3250
Tamil Nadu,Namakkal,Namakkal(Uzhavar Sandhai ),Onion Green,Onion Green,Local,07/09/2026,5000,7500,6250
Tamil Nadu,Namakkal,Paramathivelur(Uzhavar Sandhai ),Cauliflower,Ranchi,Local,07/09/2026,3500,4000,3750
Tamil Nadu,Namakkal,Paramathivelur(Uzhavar Sandhai ),Brinjal,Round,Local,07/09/2026,5000,5500,5250
Tamil Nadu,Namakkal,Paramathivelur(Uzhavar Sandhai ),Pumpkin,Pumpkin,Local,07/09/2026,1600,2000,1800
Tamil Nadu,Namakkal,Paramathivelur(Uzhavar Sandhai ),Amaranthus,Amaranthus,Local,07/09/2026,4000,5000,4500
Tamil Nadu,Namakkal,Paramathivelur(Uzhavar Sandhai ),Green Chilli,Green Chilly,Local,07/09/2026,5500,6000,5750
Tamil Nadu,Namakkal,Paramathivelur(Uzhavar Sandhai ),Carrot,Pusakesar,Local,07/09/2026,8000,9000,8500
Tamil Nadu,Namakkal,Paramathivelur(Uzhavar Sandhai ),Beetroot,Beetroot,Local,07/09/2026,7500,8000,7750
Tamil Nadu,Namakkal,Paramathivelur(Uzhavar Sandhai ),Drumstick,Drumstick,Local,07/09/2026,2000,2500,2250
Tamil Nadu,Namakkal,Paramathivelur(Uzhavar Sandhai ),Guava,Guava Allahabad,Local,07/09/2026,5500,6000,5750
Tamil Nadu,Namakkal,Rasipuram(Uzhavar Sandhai ),Tomato,Other,Local,07/09/2026,2800,3200,3000
Tamil Nadu,Namakkal,Rasipuram(Uzhavar Sandhai ),Bitter gourd,Other,Local,07/09/2026,6000,6500,6250
Tamil Nadu,Namakkal,Rasipuram(Uzhavar Sandhai ),Bhindi(Ladies Finger),Bhindi,Local,07/09/2026,3400,4000,3700
Tamil Nadu,Namakkal,Rasipuram(Uzhavar Sandhai ),Potato,Other,Local,07/09/2026,3000,3500,3250
Tamil Nadu,Namakkal,Rasipuram(Uzhavar Sandhai ),Mango(Raw-Ripe),Mango - Raw-Ripe,Local,07/09/2026,4500,5500,5000
Tamil Nadu,Namakkal,Rasipuram(Uzhavar Sandhai ),Guava,Guava Allahabad,Local,07/09/2026,5000,6000,5500
Tamil Nadu,Namakkal,Rasipuram(Uzhavar Sandhai ),Tender Coconut,Tender Coconut,Local,07/09/2026,3500,4000,3750
Tamil Nadu,Namakkal,Rasipuram(Uzhavar Sandhai ),Elephant Yam(Suran)/Amorphophallus,Elephant Yam (Suran),Local,07/09/2026,3500,4000,3750
Tamil Nadu,Namakkal,Rasipuram(Uzhavar Sandhai ),Amla(Nelli Kai),Amla,Local,07/09/2026,8000,9000,8500
Tamil Nadu,Thanjavur,Tirukattupalli(Uzhavar Sandhai ),Onion,Bellary,Local,07/09/2026,6000,6900,6450
Tamil Nadu,Thanjavur,Tirukattupalli(Uzhavar Sandhai ),Snakeguard,Snakeguard,Local,07/09/2026,4000,5000,4500
Tamil Nadu,Madurai,Palanganatham(Uzhavar Sandhai ),Tomato,Other,Local,07/09/2026,2400,2800,2600
Tamil Nadu,Madurai,Palanganatham(Uzhavar Sandhai ),Cluster beans,Cluster Beans,Local,07/09/2026,3000,3200,3100
Tamil Nadu,Madurai,Palanganatham(Uzhavar Sandhai ),Green Chilli,Green Chilly,Local,07/09/2026,3000,4000,3500
Tamil Nadu,Madurai,Palanganatham(Uzhavar Sandhai ),Coconut,Coconut,Local,07/09/2026,6800,7000,6900
Tamil Nadu,Madurai,Palanganatham(Uzhavar Sandhai ),Thondekai,Thondekai,Local,07/09/2026,3600,4500,4050
Tamil Nadu,Madurai,Palanganatham(Uzhavar Sandhai ),Knool Khol,Knool Khol,Local,07/09/2026,3000,3600,3300
Tamil Nadu,Madurai,Palanganatham(Uzhavar Sandhai ),Colacasia,Colacasia,Local,07/09/2026,5000,6000,5500
Tamil Nadu,Madurai,Anna nagar(Uzhavar Sandhai ),Garlic,Garlic,Local,07/09/2026,14000,17000,15500
Tamil Nadu,Madurai,Anna nagar(Uzhavar Sandhai ),Coriander(Leaves),I Sort,Local,07/09/2026,3200,3200,3200
Tamil Nadu,Madurai,Anna nagar(Uzhavar Sandhai ),Cluster beans,Cluster Beans,Local,07/09/2026,3000,3600,3300
Tamil Nadu,Madurai,Anna nagar(Uzhavar Sandhai ),Bhindi(Ladies Finger),Bhindi,Local,07/09/2026,3000,3600,3300
Tamil Nadu,Madurai,Anna nagar(Uzhavar Sandhai ),Tapioca,Tapioca,Local,07/09/2026,3600,4000,3800
Tamil Nadu,Madurai,Anna nagar(Uzhavar Sandhai ),Beetroot,Beetroot,Local,07/09/2026,4000,4000,4000
Tamil Nadu,Madurai,Anna nagar(Uzhavar Sandhai ),Green Avare(W),Other,Local,07/09/2026,8600,8600,8600
Tamil Nadu,Madurai,Anna nagar(Uzhavar Sandhai ),Indian Beans(Seam),Indian Beans (Seam),Local,07/09/2026,6600,6600,6600
Tamil Nadu,Madurai,Anna nagar(Uzhavar Sandhai ),Sweet Corn ,Sweet Corn ,Local,07/09/2026,3000,3000,3000
Tamil Nadu,Perambalur,Perambalur(Uzhavar Sandhai ),Ashgourd,Gouard,Local,07/09/2026,2000,2500,2250
Tamil Nadu,Perambalur,Perambalur(Uzhavar Sandhai ),Pumpkin,Pumpkin,Local,07/09/2026,2000,2500,2250
Tamil Nadu,Perambalur,Perambalur(Uzhavar Sandhai ),Banana,Besrai,Local,07/09/2026,4000,5000,4500
Tamil Nadu,Perambalur,Perambalur(Uzhavar Sandhai ),Capsicum,Capsicum,Local,07/09/2026,6000,6800,6400
Tamil Nadu,Perambalur,Perambalur(Uzhavar Sandhai ),Mashrooms,Mashrooms,Local,07/09/2026,20000,20000,20000
Tamil Nadu,Salem,Mecheri(Uzhavar Sandhai),Bhindi(Ladies Finger),Bhindi,Local,07/09/2026,2000,2500,2250
Tamil Nadu,Salem,Mecheri(Uzhavar Sandhai),Banana,Karpura,Local,07/09/2026,4500,5000,4750
Tamil Nadu,Salem,Mecheri(Uzhavar Sandhai),Ridgeguard(Tori),Ridgeguard(Tori),Local,07/09/2026,3000,3500,3250
Tamil Nadu,Salem,Mecheri(Uzhavar Sandhai),Drumstick,Drumstick,Local,07/09/2026,2000,2500,2250
Tamil Nadu,Salem,Mecheri(Uzhavar Sandhai),Mint(Pudina),Mint(Pudina),Local,07/09/2026,2500,3000,2750
Tamil Nadu,Ranipet,Ranipettai(Uzhavar Sandhai ),Brinjal,Other,Local,07/09/2026,3000,3600,3300
Tamil Nadu,Ranipet,Ranipettai(Uzhavar Sandhai ),Cluster beans,Cluster Beans,Local,07/09/2026,1800,1800,1800
Tamil Nadu,Ranipet,Ranipettai(Uzhavar Sandhai ),Amaranthus,Amaranthus,Local,07/09/2026,2500,2500,2500
Tamil Nadu,Ranipet,Ranipettai(Uzhavar Sandhai ),Beans,Beans (Whole),Local,07/09/2026,7000,8000,7500
Tamil Nadu,Ranipet,Ranipettai(Uzhavar Sandhai ),Tapioca,Tapioca,Local,07/09/2026,4000,4000,4000
Tamil Nadu,Ranipet,Ranipettai(Uzhavar Sandhai ),Groundnut,Big (With Shell),Local,07/09/2026,6000,6000,6000
Tamil Nadu,Ranipet,Ranipettai(Uzhavar Sandhai ),Cabbage,Cabbage,Local,07/09/2026,2500,2500,2500
Tamil Nadu,Ranipet,Ranipettai(Uzhavar Sandhai ),Ridgeguard(Tori),Ridgeguard(Tori),Local,07/09/2026,3600,4000,3800
Tamil Nadu,Ranipet,Ranipettai(Uzhavar Sandhai ),Raddish,Raddish,Local,07/09/2026,2000,2400,2200
Tamil Nadu,Ranipet,Ranipettai(Uzhavar Sandhai ),Drumstick,Drumstick,Local,07/09/2026,4000,4000,4000
Tamil Nadu,Ranipet,Ranipettai(Uzhavar Sandhai ),Marigold(Calcutta),Marigold(Calcutta),Local,07/09/2026,24000,30000,27000
Tamil Nadu,Ranipet,Ranipettai(Uzhavar Sandhai ),Elephant Yam(Suran)/Amorphophallus,Elephant Yam (Suran),Local,07/09/2026,6000,6000,6000
Tamil Nadu,Ranipet,Ranipettai(Uzhavar Sandhai ),Colacasia,Colacasia,Local,07/09/2026,3600,4500,4050
Tamil Nadu,Salem,Ammapet(Uzhavar Sandhai ),Pumpkin,Pumpkin,Local,07/09/2026,2200,2400,2300
Tamil Nadu,Salem,Ammapet(Uzhavar Sandhai ),Onion,Bellary,Local,07/09/2026,5600,6000,5800
Tamil Nadu,Salem,Ammapet(Uzhavar Sandhai ),Sweet Potato,Hosur Red,Local,07/09/2026,4000,5000,4500
Tamil Nadu,Salem,Ammapet(Uzhavar Sandhai ),Drumstick,Drumstick,Local,07/09/2026,2000,2500,2250
Tamil Nadu,Salem,Ammapet(Uzhavar Sandhai ),Guava,Guava Allahabad,Local,07/09/2026,5000,6000,5500
Tamil Nadu,Salem,Ammapet(Uzhavar Sandhai ),Lemon,Lemon,Local,07/09/2026,6000,8000,7000
Tamil Nadu,Salem,Mettur(Uzhavar Sandhai ),Garlic,Garlic,Local,07/09/2026,23000,25000,24000
Tamil Nadu,Salem,Mettur(Uzhavar Sandhai ),Papaya,Papaya,Local,07/09/2026,2500,3000,2750
Tamil Nadu,Salem,Mettur(Uzhavar Sandhai ),Banana - Green,Banana - Green,Local,07/09/2026,3500,4000,3750
Tamil Nadu,Salem,Mettur(Uzhavar Sandhai ),Groundnut,Big (With Shell),Local,07/09/2026,5500,6000,5750
Tamil Nadu,Salem,Mettur(Uzhavar Sandhai ),Banana,Red Banana,Local,07/09/2026,6500,7000,6750
Tamil Nadu,Salem,Mettur(Uzhavar Sandhai ),Raddish,Raddish,Local,07/09/2026,1500,2000,1750
Tamil Nadu,Salem,Mettur(Uzhavar Sandhai ),Marigold(Calcutta),Marigold(Calcutta),Local,07/09/2026,16000,18000,17000
Tamil Nadu,Salem,Mettur(Uzhavar Sandhai ),Onion Green,Onion Green,Local,07/09/2026,6000,7000,6500
Tamil Nadu,Salem,Sooramangalam(Uzhavar Sandhai ),Potato,Other,Local,07/09/2026,5500,6000,5750
Tamil Nadu,Salem,Sooramangalam(Uzhavar Sandhai ),Water Melon,Water Melon,Local,07/09/2026,2000,2500,2250
Tamil Nadu,Salem,Sooramangalam(Uzhavar Sandhai ),Tomato,Deshi,Local,07/09/2026,2000,2500,2250
Tamil Nadu,Salem,Sooramangalam(Uzhavar Sandhai ),Bottle gourd,Bottle Gourd,Local,07/09/2026,2000,2800,2400
Tamil Nadu,Salem,Sooramangalam(Uzhavar Sandhai ),Ashgourd,Gouard,Local,07/09/2026,1600,1800,1700
Tamil Nadu,Salem,Sooramangalam(Uzhavar Sandhai ),Tapioca,Tapioca,Local,07/09/2026,3500,4000,3750
Tamil Nadu,Salem,Sooramangalam(Uzhavar Sandhai ),Coconut,Coconut,Local,07/09/2026,6000,6500,6250
Tamil Nadu,Salem,Sooramangalam(Uzhavar Sandhai ),Cabbage,Cabbage,Local,07/09/2026,2500,3000,2750
Tamil Nadu,Salem,Sooramangalam(Uzhavar Sandhai ),Raddish,Raddish,Local,07/09/2026,2400,2600,2500
Tamil Nadu,Salem,Sooramangalam(Uzhavar Sandhai ),Guava,Guava Allahabad,Local,07/09/2026,4500,5000,4750
Tamil Nadu,Salem,Sooramangalam(Uzhavar Sandhai ),Yam(Ratalu),Yam (Ratalu),Local,07/09/2026,7500,8000,7750
Tamil Nadu,Salem,Sooramangalam(Uzhavar Sandhai ),Colacasia,Colacasia,Local,07/09/2026,6500,7000,6750
Tamil Nadu,Salem,Sooramangalam(Uzhavar Sandhai ),Tube Rose(Loose),Tube Rose (Loose),Local,07/09/2026,15000,16000,15500
Tamil Nadu,Thiruchirappalli,Thuraiyur APMC,Coriander(Leaves),I Sort,Local,07/09/2026,2500,3000,2750
Tamil Nadu,Thiruchirappalli,Thuraiyur APMC,Ashgourd,Gouard,Local,07/09/2026,1200,1800,1500
Tamil Nadu,Thiruchirappalli,Thuraiyur APMC,Banana,Besrai,Local,07/09/2026,4000,5000,4500
Tamil Nadu,Thiruchirappalli,Thuraiyur APMC,Elephant Yam(Suran)/Amorphophallus,Elephant Yam (Suran),Local,07/09/2026,3000,3500,3250
Tamil Nadu,Thiruchirappalli,Thuraiyur APMC,Yam(Ratalu),Yam (Ratalu),Local,07/09/2026,4500,5500,5000
Tamil Nadu,Thiruchirappalli,Thuraiyur APMC,Indian Beans(Seam),Indian Beans (Seam),Local,07/09/2026,5000,6600,5800
Tamil Nadu,Thiruchirappalli,Thuraiyur APMC,Mint(Pudina),Mint(Pudina),Local,07/09/2026,5000,5600,5300
Tamil Nadu,Salem,Thammampatti (Uzhavar Sandhai ),Coriander(Leaves),I Sort,Local,07/09/2026,3000,3500,3250
Tamil Nadu,Salem,Thammampatti (Uzhavar Sandhai ),Ashgourd,Gouard,Local,07/09/2026,2000,2000,2000
Tamil Nadu,Salem,Thammampatti (Uzhavar Sandhai ),Carrot,Pusakesar,Local,07/09/2026,6500,7000,6750
Tamil Nadu,Salem,Thammampatti (Uzhavar Sandhai ),Cabbage,Cabbage,Local,07/09/2026,4000,4000,4000
Tamil Nadu,Salem,Thammampatti (Uzhavar Sandhai ),Raddish,Raddish,Local,07/09/2026,1600,2000,1800
Tamil Nadu,Salem,Thammampatti (Uzhavar Sandhai ),Knool Khol,Knool Khol,Local,07/09/2026,4000,4000,4000
Tamil Nadu,Salem,Thammampatti (Uzhavar Sandhai ),Guava,Guava Allahabad,Local,07/09/2026,6000,6000,6000
Tamil Nadu,Salem,Thammampatti (Uzhavar Sandhai ),Custard Apple(Sharifa),Custard Apple(Sharifa),Local,07/09/2026,4000,4000,4000
Tamil Nadu,Salem,Thammampatti (Uzhavar Sandhai ),Amla(Nelli Kai),Amla,Local,07/09/2026,7000,8000,7500
Tamil Nadu,Salem,Thammampatti (Uzhavar Sandhai ),Mint(Pudina),Mint(Pudina),Local,07/09/2026,3500,4000,3750
Tamil Nadu,Salem,Thathakapatti(Uzhavar Sandhai ),Coriander(Leaves),I Sort,Local,07/09/2026,3500,4000,3750
Tamil Nadu,Salem,Thathakapatti(Uzhavar Sandhai ),Green Peas,Green Peas,Local,07/09/2026,12000,13000,12500
Tamil Nadu,Salem,Thathakapatti(Uzhavar Sandhai ),Papaya,Papaya,Local,07/09/2026,3500,4000,3750
Tamil Nadu,Salem,Thathakapatti(Uzhavar Sandhai ),Ashgourd,Gouard,Local,07/09/2026,1800,2000,1900
Tamil Nadu,Salem,Thathakapatti(Uzhavar Sandhai ),Tapioca,Tapioca,Local,07/09/2026,3500,4000,3750
Tamil Nadu,Salem,Thathakapatti(Uzhavar Sandhai ),Onion,Bellary,Local,07/09/2026,6000,6200,6100
Tamil Nadu,Salem,Thathakapatti(Uzhavar Sandhai ),Thondekai,Thondekai,Local,07/09/2026,3500,4000,3750
Tamil Nadu,Salem,Thathakapatti(Uzhavar Sandhai ),Capsicum,Capsicum,Local,07/09/2026,5500,6000,5750
Tamil Nadu,Salem,Thathakapatti(Uzhavar Sandhai ),Knool Khol,Knool Khol,Local,07/09/2026,3500,4000,3750
Tamil Nadu,Salem,Thathakapatti(Uzhavar Sandhai ),Guava,Guava Allahabad,Local,07/09/2026,5000,6000,5500
Tamil Nadu,Salem,Thathakapatti(Uzhavar Sandhai ),Pomegranate,Pomogranate,Local,07/09/2026,15000,16000,15500
Tamil Nadu,Salem,Thathakapatti(Uzhavar Sandhai ),Amla(Nelli Kai),Amla,Local,07/09/2026,7000,7500,7250
Tamil Nadu,Salem,Thathakapatti(Uzhavar Sandhai ),Onion Green,Onion Green,Local,07/09/2026,6500,6800,6650
Tamil Nadu,Theni,Chinnamanur(Uzhavar Sandhai ),Cauliflower,Ranchi,Local,07/09/2026,3000,4000,3500
Tamil Nadu,Theni,Chinnamanur(Uzhavar Sandhai ),Brinjal,Other,Local,07/09/2026,3200,3500,3350
Tamil Nadu,Theni,Chinnamanur(Uzhavar Sandhai ),Cabbage,Cabbage,Local,07/09/2026,2500,2500,2500
Tamil Nadu,Theni,Chinnamanur(Uzhavar Sandhai ),Thondekai,Thondekai,Local,07/09/2026,3600,3600,3600
Tamil Nadu,Theni,Chinnamanur(Uzhavar Sandhai ),Green Avare(W),Other,Local,07/09/2026,6000,6000,6000
Tamil Nadu,Theni,Chinnamanur(Uzhavar Sandhai ),Chow Chow,Chow Chow,Local,07/09/2026,2400,2400,2400
Tamil Nadu,Theni,Chinnamanur(Uzhavar Sandhai ),Knool Khol,Knool Khol,Local,07/09/2026,2600,2600,2600
Tamil Nadu,Theni,Chinnamanur(Uzhavar Sandhai ),Elephant Yam(Suran)/Amorphophallus,Elephant Yam (Suran),Local,07/09/2026,4000,4000,4000
Tamil Nadu,Theni,Kambam(Uzhavar Sandhai ),Cauliflower,Ranchi,Local,07/09/2026,3000,3500,3250
Tamil Nadu,Theni,Kambam(Uzhavar Sandhai ),Cluster beans,Cluster Beans,Local,07/09/2026,2500,2500,2500
Tamil Nadu,Theni,Kambam(Uzhavar Sandhai ),Amaranthus,Amaranthus,Local,07/09/2026,2000,2500,2250
Tamil Nadu,Theni,Kambam(Uzhavar Sandhai ),Green Chilli,Green Chilly,Local,07/09/2026,3800,4200,4000
Tamil Nadu,Theni,Kambam(Uzhavar Sandhai ),Banana - Green,Banana - Green,Local,07/09/2026,3500,3600,3550
Tamil Nadu,Theni,Kambam(Uzhavar Sandhai ),Beetroot,Beetroot,Local,07/09/2026,3000,3000,3000
Tamil Nadu,Theni,Kambam(Uzhavar Sandhai ),Ridgeguard(Tori),Ridgeguard(Tori),Local,07/09/2026,3600,3600,3600
Tamil Nadu,Theni,Kambam(Uzhavar Sandhai ),Elephant Yam(Suran)/Amorphophallus,Elephant Yam (Suran),Local,07/09/2026,4000,4000,4000
Tamil Nadu,Theni,Kambam(Uzhavar Sandhai ),Mint(Pudina),Mint(Pudina),Local,07/09/2026,5000,5000,5000
Tamil Nadu,Theni,Theni(Uzhavar Sandhai ),Potato,Other,Local,07/09/2026,4500,4500,4500
Tamil Nadu,Theni,Theni(Uzhavar Sandhai ),Mousambi(Sweet Lime),Mousambi,Local,07/09/2026,8000,8000,8000
Tamil Nadu,Theni,Theni(Uzhavar Sandhai ),Tomato,Other,Local,07/09/2026,2500,2800,2650
Tamil Nadu,Theni,Theni(Uzhavar Sandhai ),Cluster beans,Cluster Beans,Local,07/09/2026,2400,2400,2400
Tamil Nadu,Theni,Theni(Uzhavar Sandhai ),Apple,American,Local,07/09/2026,14000,26000,20000
Tamil Nadu,Theni,Theni(Uzhavar Sandhai ),Drumstick,Drumstick,Local,07/09/2026,2000,3000,2500
Tamil Nadu,Theni,Theni(Uzhavar Sandhai ),Knool Khol,Knool Khol,Local,07/09/2026,2600,2600,2600
Tamil Nadu,Theni,Theni(Uzhavar Sandhai ),Elephant Yam(Suran)/Amorphophallus,Elephant Yam (Suran),Local,07/09/2026,4000,4000,4000
Tamil Nadu,Thirunelveli,Kandiyaperi(Uzhavar Sandhai ),Brinjal,Other,Local,07/09/2026,2500,3000,2750
Tamil Nadu,Thirunelveli,Kandiyaperi(Uzhavar Sandhai ),Tomato,Other,Local,07/09/2026,2600,2800,2700
Tamil Nadu,Thirunelveli,Kandiyaperi(Uzhavar Sandhai ),Coconut,Coconut,Local,07/09/2026,5600,6000,5800
Tamil Nadu,Thirunelveli,Melapalayam(Uzhavar Sandhai ),Papaya,Papaya,Local,07/09/2026,3500,4000,3750
Tamil Nadu,Thirunelveli,Melapalayam(Uzhavar Sandhai ),Cluster beans,Cluster Beans,Local,07/09/2026,1800,2000,1900
Tamil Nadu,Thirunelveli,Melapalayam(Uzhavar Sandhai ),Carrot,Pusakesar,Local,07/09/2026,3200,5800,4500
Tamil Nadu,Thirunelveli,Melapalayam(Uzhavar Sandhai ),Guava,Guava Allahabad,Local,07/09/2026,6000,8000,7000
Tamil Nadu,Thirunelveli,Melapalayam(Uzhavar Sandhai ),Amla(Nelli Kai),Amla,Local,07/09/2026,5000,6500,5750
Tamil Nadu,Thirunelveli,Melapalayam(Uzhavar Sandhai ),Onion Green,Onion Green,Local,07/09/2026,5500,7600,6550
Tamil Nadu,Thirunelveli,NGO Colony(Uzhavar Sandhai ),Brinjal,Round,Local,07/09/2026,4000,4500,4250
Tamil Nadu,Thirunelveli,NGO Colony(Uzhavar Sandhai ),Tomato,Deshi,Local,07/09/2026,2500,3200,2850
Tamil Nadu,Thirunelveli,NGO Colony(Uzhavar Sandhai ),Bottle gourd,Bottle Gourd,Local,07/09/2026,2500,3000,2750
Tamil Nadu,Thirunelveli,NGO Colony(Uzhavar Sandhai ),Bhindi(Ladies Finger),Bhindi,Local,07/09/2026,2000,2500,2250
Tamil Nadu,Thirunelveli,NGO Colony(Uzhavar Sandhai ),Banana - Green,Banana - Green,Local,07/09/2026,2500,3000,2750
Tamil Nadu,Thirunelveli,NGO Colony(Uzhavar Sandhai ),Banana,Besrai,Local,07/09/2026,5500,6000,5750
Tamil Nadu,Thirunelveli,NGO Colony(Uzhavar Sandhai ),Beetroot,Beetroot,Local,07/09/2026,4500,5000,4750
Tamil Nadu,Thirunelveli,NGO Colony(Uzhavar Sandhai ),Drumstick,Drumstick,Local,07/09/2026,2500,3000,2750
Tamil Nadu,Thirunelveli,Palayamkottai(Uzhavar Sandhai ),Chikoos(Sapota),Sapota,Local,07/09/2026,4000,5000,4500
Tamil Nadu,Thirunelveli,Palayamkottai(Uzhavar Sandhai ),Mousambi(Sweet Lime),Mousambi,Local,07/09/2026,6000,7000,6500
Tamil Nadu,Thirunelveli,Palayamkottai(Uzhavar Sandhai ),Bottle gourd,Bottle Gourd,Local,07/09/2026,1000,3000,2000
Tamil Nadu,Thirunelveli,Palayamkottai(Uzhavar Sandhai ),Cowpea(Veg),Cowpea (Veg),Local,07/09/2026,2000,2200,2100
Tamil Nadu,Thirunelveli,Palayamkottai(Uzhavar Sandhai ),Onion,Bellary,Local,07/09/2026,5600,6200,5900
Tamil Nadu,Thirunelveli,Palayamkottai(Uzhavar Sandhai ),Coconut,Coconut,Local,07/09/2026,5600,6000,5800
Tamil Nadu,Thirunelveli,Palayamkottai(Uzhavar Sandhai ),Snakeguard,Snakeguard,Local,07/09/2026,1800,2000,1900
Tamil Nadu,Thirunelveli,Palayamkottai(Uzhavar Sandhai ),Cucumbar(Kheera),Cucumbar,Local,07/09/2026,3500,5500,4500
Tamil Nadu,Thirunelveli,Palayamkottai(Uzhavar Sandhai ),Mango(Raw-Ripe),Mango - Raw-Ripe,Local,07/09/2026,6000,7000,6500
Tamil Nadu,Thirunelveli,Palayamkottai(Uzhavar Sandhai ),Pomegranate,Pomogranate,Local,07/09/2026,16000,20000,18000
Tamil Nadu,Thirunelveli,Palayamkottai(Uzhavar Sandhai ),Lemon,Lemon,Local,07/09/2026,18000,20000,19000
Tamil Nadu,Thirupur,Kangayam(Uzhavar Sandhai ),Cluster beans,Cluster Beans,Local,07/09/2026,4200,4500,4350
Tamil Nadu,Thirupur,Kangayam(Uzhavar Sandhai ),Beetroot,Beetroot,Local,07/09/2026,2700,3000,2850
Tamil Nadu,Thirupur,Tiruppur (North) (Uzhavar Sandhai ),Brinjal,Other,Local,07/09/2026,2500,3000,2750
Tamil Nadu,Thirupur,Tiruppur (North) (Uzhavar Sandhai ),Coriander(Leaves),I Sort,Local,07/09/2026,2500,3000,2750
Tamil Nadu,Thirupur,Tiruppur (North) (Uzhavar Sandhai ),Bhindi(Ladies Finger),Bhindi,Local,07/09/2026,4000,4500,4250
Tamil Nadu,Thirupur,Tiruppur (North) (Uzhavar Sandhai ),Green Chilli,Green Chilly,Local,07/09/2026,4000,4500,4250
Tamil Nadu,Thirupur,Tiruppur (North) (Uzhavar Sandhai ),Beetroot,Beetroot,Local,07/09/2026,5000,6000,5500
Tamil Nadu,Thirupur,Tiruppur (North) (Uzhavar Sandhai ),Chow Chow,Chow Chow,Local,07/09/2026,2500,3000,2750
Tamil Nadu,Thiruvannamalai,Chengam(Uzhavar Sandhai ),Tomato,Deshi,Local,07/09/2026,2000,2500,2250
Tamil Nadu,Thiruvannamalai,Chengam(Uzhavar Sandhai ),Cluster beans,Cluster Beans,Local,07/09/2026,3600,4000,3800
Tamil Nadu,Thiruvannamalai,Chengam(Uzhavar Sandhai ),Bhindi(Ladies Finger),Bhindi,Local,07/09/2026,3600,4000,3800
Tamil Nadu,Thiruvannamalai,Chengam(Uzhavar Sandhai ),Amaranthus,Amaranthus,Local,07/09/2026,1000,1500,1250
Tamil Nadu,Thiruvannamalai,Chengam(Uzhavar Sandhai ),Sweet Potato,Hosur Red,Local,07/09/2026,3600,4000,3800
Tamil Nadu,Thiruvannamalai,Chengam(Uzhavar Sandhai ),Snakeguard,Snakeguard,Local,07/09/2026,3600,4000,3800
Tamil Nadu,Thiruvannamalai,Chengam(Uzhavar Sandhai ),Chow Chow,Chow Chow,Local,07/09/2026,4500,5000,4750
Tamil Nadu,Thiruvannamalai,Chengam(Uzhavar Sandhai ),Lemon,Lemon,Local,07/09/2026,6000,8000,7000
Tamil Nadu,Thiruvannamalai,Keelpennathur(Uzhavar Sandhai ),Marigold(Calcutta),Marigold(Calcutta),Local,07/09/2026,30000,35000,32500
Tamil Nadu,Thiruvannamalai,Tamarainagar(Uzhavar Sandhai ),Brinjal,Round,Local,07/09/2026,5000,6000,5500
Tamil Nadu,Thiruvannamalai,Tamarainagar(Uzhavar Sandhai ),Tapioca,Tapioca,Local,07/09/2026,2500,3000,2750
Tamil Nadu,Thiruvannamalai,Tamarainagar(Uzhavar Sandhai ),Snakeguard,Snakeguard,Local,07/09/2026,3500,4000,3750
Tamil Nadu,Thiruvannamalai,Tamarainagar(Uzhavar Sandhai ),Amla(Nelli Kai),Amla,Local,07/09/2026,12000,14000,13000
Tamil Nadu,Thiruvannamalai,Vandavasi(Uzhavar Sandhai ),Coriander(Leaves),I Sort,Local,07/09/2026,4000,5000,4500
Tamil Nadu,Thiruvannamalai,Vandavasi(Uzhavar Sandhai ),Cluster beans,Cluster Beans,Local,07/09/2026,4000,4800,4400
Tamil Nadu,Thiruvannamalai,Vandavasi(Uzhavar Sandhai ),Raddish,Raddish,Local,07/09/2026,2500,3000,2750
Tamil Nadu,Thiruvarur,Muthupettai(Uzhavar Sandhai ),Tomato,Deshi,Local,07/09/2026,2400,2400,2400
Tamil Nadu,Thiruvarur,Muthupettai(Uzhavar Sandhai ),Onion,Bellary,Local,07/09/2026,6000,6000,6000
Tamil Nadu,Thiruvarur,Muthupettai(Uzhavar Sandhai ),Beetroot,Beetroot,Local,07/09/2026,4400,4400,4400
Tamil Nadu,Coimbatore,Sulur(Uzhavar Sandhai ),Brinjal,Round,Local,07/09/2026,4000,5000,4500
Tamil Nadu,Coimbatore,Sulur(Uzhavar Sandhai ),Coriander(Leaves),I Sort,Local,07/09/2026,3600,4000,3800
Tamil Nadu,Coimbatore,Sulur(Uzhavar Sandhai ),Cluster beans,Cluster Beans,Local,07/09/2026,3200,3500,3350
Tamil Nadu,Coimbatore,Sulur(Uzhavar Sandhai ),Ashgourd,Gouard,Local,07/09/2026,1600,2000,1800
Tamil Nadu,Coimbatore,Sulur(Uzhavar Sandhai ),Onion,Bellary,Local,07/09/2026,5400,6000,5700
Tamil Nadu,Coimbatore,Sulur(Uzhavar Sandhai ),Green Avare(W),Green Avare (W),Local,07/09/2026,5000,5500,5250
Tamil Nadu,Coimbatore,Sulur(Uzhavar Sandhai ),Guava,Guava Allahabad,Local,07/09/2026,5000,6000,5500
Tamil Nadu,Coimbatore,Sulur(Uzhavar Sandhai ),Lemon,Lemon,Local,07/09/2026,17000,19000,18000
Tamil Nadu,Coimbatore,Sulur(Uzhavar Sandhai ),Mint(Pudina),Mint(Pudina),Local,07/09/2026,4400,5000,4700
Tamil Nadu,Pudukkottai,Gandarvakottai(Uzhavar Sandhai ),Coriander(Leaves),I Sort,Local,07/09/2026,4500,5000,4750
Tamil Nadu,Pudukkottai,Gandarvakottai(Uzhavar Sandhai ),Bottle gourd,Bottle Gourd,Local,07/09/2026,2000,2500,2250
Tamil Nadu,Pudukkottai,Gandarvakottai(Uzhavar Sandhai ),Banana - Green,Banana - Green,Local,07/09/2026,2000,3000,2500
Tamil Nadu,Pudukkottai,Gandarvakottai(Uzhavar Sandhai ),Banana,Red Banana,Local,07/09/2026,6000,7000,6500
Tamil Nadu,Pudukkottai,Gandarvakottai(Uzhavar Sandhai ),Coconut,Coconut,Local,07/09/2026,3000,4000,3500
Tamil Nadu,Pudukkottai,Gandarvakottai(Uzhavar Sandhai ),Raddish,Raddish,Local,07/09/2026,3500,4000,3750
Tamil Nadu,Pudukkottai,Gandarvakottai(Uzhavar Sandhai ),Green Avare(W),Other,Local,07/09/2026,7000,8000,7500
Tamil Nadu,Pudukkottai,Gandarvakottai(Uzhavar Sandhai ),Onion Green,Onion Green,Local,07/09/2026,8000,9000,8500
Tamil Nadu,Cuddalore,Panruti(Uzhavar Sandhai ),Bitter gourd,Bitter Gourd,Local,07/09/2026,5000,5000,5000
Tamil Nadu,Cuddalore,Panruti(Uzhavar Sandhai ),Bhindi(Ladies Finger),Bhindi,Local,07/09/2026,3000,3000,3000
Tamil Nadu,Cuddalore,Panruti(Uzhavar Sandhai ),Ridgeguard(Tori),Ridgeguard(Tori),Local,07/09/2026,6000,6000,6000
Tamil Nadu,Cuddalore,Panruti(Uzhavar Sandhai ),Raddish,Raddish,Local,07/09/2026,2500,2500,2500
Tamil Nadu,Cuddalore,Panruti(Uzhavar Sandhai ),Green Avare(W),Green Avare (W),Local,07/09/2026,6000,6000,6000
Tamil Nadu,Cuddalore,Panruti(Uzhavar Sandhai ),Lemon,Lemon,Local,07/09/2026,12000,12000,12000
Tamil Nadu,Cuddalore,Vadalur(Uzhavar Sandhai ),Bottle gourd,Bottle Gourd,Local,07/09/2026,2000,2500,2250
Tamil Nadu,Cuddalore,Vadalur(Uzhavar Sandhai ),Onion,Bellary,Local,07/09/2026,5000,5000,5000
Tamil Nadu,Dharmapuri,AJattihalli(Uzhavar Sandhai ),Brinjal,Other,Local,07/09/2026,2400,2400,2400
Tamil Nadu,Dharmapuri,AJattihalli(Uzhavar Sandhai ),Papaya,Papaya,Local,07/09/2026,3500,4000,3750
Tamil Nadu,Dharmapuri,AJattihalli(Uzhavar Sandhai ),Tomato,Deshi,Local,07/09/2026,2000,2500,2250
Tamil Nadu,Dharmapuri,AJattihalli(Uzhavar Sandhai ),Bottle gourd,Bottle Gourd,Local,07/09/2026,1600,1600,1600
Tamil Nadu,Dharmapuri,AJattihalli(Uzhavar Sandhai ),Banana - Green,Banana - Green,Local,07/09/2026,2500,2500,2500
Tamil Nadu,Dharmapuri,AJattihalli(Uzhavar Sandhai ),Lemon,Lemon,Local,07/09/2026,20000,26000,23000
Tamil Nadu,Thanjavur,Peravurani(Uzhavar Sandhai),Potato,Red Nanital,Local,07/09/2026,3000,3000,3000
Tamil Nadu,Thanjavur,Peravurani(Uzhavar Sandhai),Brinjal,Round,Local,07/09/2026,3500,4800,4150
Tamil Nadu,Thanjavur,Peravurani(Uzhavar Sandhai),Bitter gourd,Bitter Gourd,Local,07/09/2026,6000,6000,6000
Tamil Nadu,Thanjavur,Peravurani(Uzhavar Sandhai),Bottle gourd,Bottle Gourd,Local,07/09/2026,2500,2500,2500
Tamil Nadu,Thanjavur,Peravurani(Uzhavar Sandhai),Bhindi(Ladies Finger),Bhindi,Local,07/09/2026,4000,4000,4000
Tamil Nadu,Thanjavur,Peravurani(Uzhavar Sandhai),Onion,Bellary,Local,07/09/2026,6000,6000,6000
Tamil Nadu,Thanjavur,Peravurani(Uzhavar Sandhai),Carrot,Pusakesar,Local,07/09/2026,7400,7400,7400
Tamil Nadu,Karur,Pallapatti (Uzhavar Sandhai ),Chikoos(Sapota),Sapota,Local,07/09/2026,4500,5000,4750
Tamil Nadu,Karur,Pallapatti (Uzhavar Sandhai ),Ashgourd,Gouard,Local,07/09/2026,2200,2500,2350
Tamil Nadu,Karur,Pallapatti (Uzhavar Sandhai ),Sweet Potato,Hosur Red,Local,07/09/2026,4500,5000,4750
Tamil Nadu,Karur,Pallapatti (Uzhavar Sandhai ),Drumstick,Drumstick,Local,07/09/2026,2200,2500,2350
Tamil Nadu,Karur,Pallapatti (Uzhavar Sandhai ),Guava,Guava Allahabad,Local,07/09/2026,5500,6000,5750
Tamil Nadu,Karur,Pallapatti (Uzhavar Sandhai ),Lemon,Lemon,Local,07/09/2026,18000,20000,19000
Tamil Nadu,Karur,Pallapatti (Uzhavar Sandhai ),Onion Green,Onion Green,Local,07/09/2026,7500,8000,7750
Tamil Nadu,Karur,Velayuthampalayam(Uzhavar Sandhai ),Bhindi(Ladies Finger),Bhindi,Local,07/09/2026,3500,4000,3750
Tamil Nadu,Karur,Velayuthampalayam(Uzhavar Sandhai ),Banana,Other,Local,07/09/2026,5200,6000,5600
Tamil Nadu,Karur,Velayuthampalayam(Uzhavar Sandhai ),Snakeguard,Snakeguard,Local,07/09/2026,3000,3500,3250
Tamil Nadu,Karur,Velayuthampalayam(Uzhavar Sandhai ),Drumstick,Drumstick,Local,07/09/2026,2000,2500,2250
Tamil Nadu,Karur,Vengamedu(Uzhavar Sandhai ),Coriander(Leaves),I Sort,Local,07/09/2026,5500,6000,5750
Tamil Nadu,Karur,Vengamedu(Uzhavar Sandhai ),Tomato,Deshi,Local,07/09/2026,2500,3000,2750
Tamil Nadu,Karur,Vengamedu(Uzhavar Sandhai ),Amaranthus,Amaranthus,Local,07/09/2026,2000,2500,2250
Tamil Nadu,Karur,Vengamedu(Uzhavar Sandhai ),Green Chilli,Green Chilly,Local,07/09/2026,4000,5000,4500
Tamil Nadu,Karur,Vengamedu(Uzhavar Sandhai ),Raddish,Raddish,Local,07/09/2026,2500,3000,2750
Tamil Nadu,Karur,Vengamedu(Uzhavar Sandhai ),Drumstick,Drumstick,Local,07/09/2026,2000,2500,2250
Tamil Nadu,Theni,Devaram(Uzhavar Sandhai ),Banana,Besrai,Local,07/09/2026,6000,6000,6000
Tamil Nadu,Theni,Devaram(Uzhavar Sandhai ),Coconut,Coconut,Local,07/09/2026,5400,5400,5400
Tamil Nadu,Theni,Devaram(Uzhavar Sandhai ),Cabbage,Cabbage,Local,07/09/2026,2500,2500,2500
Tamil Nadu,Theni,Devaram(Uzhavar Sandhai ),Snakeguard,Snakeguard,Local,07/09/2026,2000,2000,2000
Tamil Nadu,Theni,Devaram(Uzhavar Sandhai ),Drumstick,Drumstick,Local,07/09/2026,3000,3000,3000
Tamil Nadu,Salem,Attayampatti(Uzhavar Sandhai ),Coriander(Leaves),I Sort,Local,07/09/2026,2000,2500,2250
Tamil Nadu,Sivaganga,Sivagangai (Uzhavar Sandhai ),Brinjal,Other,Local,07/09/2026,3800,4200,4000
Tamil Nadu,Sivaganga,Sivagangai (Uzhavar Sandhai ),Tomato,Deshi,Local,07/09/2026,2600,2800,2700
Tamil Nadu,Sivaganga,Sivagangai (Uzhavar Sandhai ),Cluster beans,Cluster Beans,Local,07/09/2026,3200,3400,3300
Tamil Nadu,Sivaganga,Sivagangai (Uzhavar Sandhai ),Coconut,Coconut,Local,07/09/2026,7000,7200,7100
Tamil Nadu,Sivaganga,Sivagangai (Uzhavar Sandhai ),Drumstick,Drumstick,Local,07/09/2026,3200,5200,4200
Tamil Nadu,Sivaganga,Devakottai (Uzhavar Sandhai ),Brinjal,Other,Local,07/09/2026,4000,4200,4100
Tamil Nadu,Sivaganga,Devakottai (Uzhavar Sandhai ),Cluster beans,Cluster Beans,Local,07/09/2026,3000,3200,3100
Tamil Nadu,Sivaganga,Devakottai (Uzhavar Sandhai ),Bottle gourd,Bottle Gourd,Local,07/09/2026,3000,3400,3200
Tamil Nadu,Sivaganga,Devakottai (Uzhavar Sandhai ),Pumpkin,Pumpkin,Local,07/09/2026,2200,2500,2350
Tamil Nadu,Sivaganga,Devakottai (Uzhavar Sandhai ),Amaranthus,Amaranthus,Local,07/09/2026,3500,4000,3750
Tamil Nadu,Sivaganga,Devakottai (Uzhavar Sandhai ),Raddish,Raddish,Local,07/09/2026,2500,3000,2750
Tamil Nadu,Sivaganga,Devakottai (Uzhavar Sandhai ),Mint(Pudina),Mint(Pudina),Local,07/09/2026,5000,5200,5100
Tamil Nadu,Salem,Edapadi (Uzhavar Sandhai ),Brinjal,Other,Local,07/09/2026,3000,3500,3250
Tamil Nadu,Salem,Edapadi (Uzhavar Sandhai ),Mousambi(Sweet Lime),Mousambi,Local,07/09/2026,2800,3000,2900
Tamil Nadu,Salem,Edapadi (Uzhavar Sandhai ),Ashgourd,Gouard,Local,07/09/2026,2200,2400,2300
Tamil Nadu,Salem,Edapadi (Uzhavar Sandhai ),Beetroot,Beetroot,Local,07/09/2026,7500,8000,7750
Tamil Nadu,Salem,Edapadi (Uzhavar Sandhai ),Ridgeguard(Tori),Ridgeguard(Tori),Local,07/09/2026,3500,4000,3750
Tamil Nadu,Salem,Elampillai(Uzhavar Sandhai ),Papaya,Papaya,Local,07/09/2026,2500,3000,2750
Tamil Nadu,Salem,Elampillai(Uzhavar Sandhai ),Bottle gourd,Bottle Gourd,Local,07/09/2026,2000,2500,2250
Tamil Nadu,Salem,Elampillai(Uzhavar Sandhai ),Banana - Green,Banana - Green,Local,07/09/2026,2500,3000,2750
Tamil Nadu,Salem,Elampillai(Uzhavar Sandhai ),Tapioca,Tapioca,Local,07/09/2026,2500,3000,2750
Tamil Nadu,Salem,Elampillai(Uzhavar Sandhai ),Ridgeguard(Tori),Ridgeguard(Tori),Local,07/09/2026,3500,4000,3750
Tamil Nadu,Salem,Elampillai(Uzhavar Sandhai ),Drumstick,Drumstick,Local,07/09/2026,2500,3000,2750
Tamil Nadu,Salem,Elampillai(Uzhavar Sandhai ),Marigold(Calcutta),Marigold(Calcutta),Local,07/09/2026,9000,10000,9500
Tamil Nadu,Salem,Elampillai(Uzhavar Sandhai ),Mint(Pudina),Mint(Pudina),Local,07/09/2026,2500,3000,2750
Tamil Nadu,Salem,Hasthampatti(Uzhavar Sandhai ),Brinjal,Round,Local,07/09/2026,3000,3500,3250
Tamil Nadu,Salem,Hasthampatti(Uzhavar Sandhai ),Coriander(Leaves),I Sort,Local,07/09/2026,1600,1800,1700
Tamil Nadu,Salem,Hasthampatti(Uzhavar Sandhai ),Cluster beans,Cluster Beans,Local,07/09/2026,3000,3500,3250
Tamil Nadu,Salem,Hasthampatti(Uzhavar Sandhai ),Onion,Bellary,Local,07/09/2026,5500,6000,5750
Tamil Nadu,Salem,Hasthampatti(Uzhavar Sandhai ),Snakeguard,Snakeguard,Local,07/09/2026,3600,3800,3700
Tamil Nadu,Salem,Hasthampatti(Uzhavar Sandhai ),Drumstick,Drumstick,Local,07/09/2026,2500,3000,2750
Tamil Nadu,Salem,Hasthampatti(Uzhavar Sandhai ),Guava,Guava Allahabad,Local,07/09/2026,4000,5000,4500
Tamil Nadu,Salem,Hasthampatti(Uzhavar Sandhai ),Tamarind Fruit,Tamarind Fruit,Local,07/09/2026,14000,15000,14500
Tamil Nadu,Salem,Jalagandapuram(Uzhavar Sandhai ),Potato,Other,Local,07/09/2026,2600,2800,2700
Tamil Nadu,Salem,Jalagandapuram(Uzhavar Sandhai ),Amaranthus,Amaranthus,Local,07/09/2026,2000,2400,2200
Tamil Nadu,Salem,Jalagandapuram(Uzhavar Sandhai ),Green Chilli,Green Chilly,Local,07/09/2026,4000,4200,4100
Tamil Nadu,Salem,Jalagandapuram(Uzhavar Sandhai ),Ginger(Green),Green Ginger,Local,07/09/2026,15000,16500,15750
Tamil Nadu,Salem,Jalagandapuram(Uzhavar Sandhai ),Ridgeguard(Tori),Ridgeguard(Tori),Local,07/09/2026,3000,3500,3250
Tamil Nadu,Salem,Jalagandapuram(Uzhavar Sandhai ),Lemon,Lemon,Local,07/09/2026,5500,6000,5750
Tamil Nadu,Sivaganga,Singampunari(Uzhavar Sandhai ),Beetroot,Beetroot,Local,07/09/2026,4600,5200,4900
Tamil Nadu,Sivaganga,Singampunari(Uzhavar Sandhai ),Mango(Raw-Ripe),Mango - Raw-Ripe,Local,07/09/2026,9000,10000,9500
Tamil Nadu,Sivaganga,Singampunari(Uzhavar Sandhai ),Onion Green,Onion Green,Local,07/09/2026,7600,8200,7900
Tamil Nadu,Sivaganga,Singampunari(Uzhavar Sandhai ),Mint(Pudina),Mint(Pudina),Local,07/09/2026,4600,5200,4900
Tamil Nadu,Sivaganga,Karaikudi(Uzhavar Sandhai ),Cauliflower,Ranchi,Local,07/09/2026,3600,4000,3800
Tamil Nadu,Sivaganga,Karaikudi(Uzhavar Sandhai ),Tomato,Deshi,Local,07/09/2026,2600,3000,2800
Tamil Nadu,Sivaganga,Karaikudi(Uzhavar Sandhai ),Ashgourd,Gouard,Local,07/09/2026,2000,2400,2200
Tamil Nadu,Sivaganga,Karaikudi(Uzhavar Sandhai ),Bhindi(Ladies Finger),Bhindi,Local,07/09/2026,3200,3600,3400
Tamil Nadu,Sivaganga,Karaikudi(Uzhavar Sandhai ),Amaranthus,Amaranthus,Local,07/09/2026,3600,4000,3800
Tamil Nadu,Sivaganga,Karaikudi(Uzhavar Sandhai ),Beans,Beans (Whole),Local,07/09/2026,8000,9000,8500
Tamil Nadu,Sivaganga,Karaikudi(Uzhavar Sandhai ),Chow Chow,Chow Chow,Local,07/09/2026,2400,3000,2700
Tamil Nadu,Sivaganga,Karaikudi(Uzhavar Sandhai ),Drumstick,Drumstick,Local,07/09/2026,4500,5500,5000
Tamil Nadu,Sivaganga,Karaikudi(Uzhavar Sandhai ),Lemon,Lemon,Local,07/09/2026,22500,24500,23500
Tamil Nadu,Sivaganga,Tirupatthur(Uzhavar Sandhai ),Tomato,Other,Local,07/09/2026,2500,3000,2750
Tamil Nadu,Sivaganga,Tirupatthur(Uzhavar Sandhai ),Bitter gourd,Other,Local,07/09/2026,5000,6000,5500
Tamil Nadu,Sivaganga,Tirupatthur(Uzhavar Sandhai ),Green Chilli,Green Chilly,Local,07/09/2026,3500,4000,3750
Tamil Nadu,Sivaganga,Tirupatthur(Uzhavar Sandhai ),Beans,Beans (Whole),Local,07/09/2026,8400,9500,8950
Tamil Nadu,Sivaganga,Tirupatthur(Uzhavar Sandhai ),Onion,Bellary,Local,07/09/2026,6500,7000,6750
Tamil Nadu,Sivaganga,Tirupatthur(Uzhavar Sandhai ),Carrot,Pusakesar,Local,07/09/2026,3400,5500,4450
Tamil Nadu,Thanjavur,Pattukottai(Uzhavar Sandhai ),Potato,Red Nanital,Local,07/09/2026,3000,3000,3000
Tamil Nadu,Thanjavur,Pattukottai(Uzhavar Sandhai ),Garlic,Garlic,Local,07/09/2026,16000,16000,16000
Tamil Nadu,Thanjavur,Pattukottai(Uzhavar Sandhai ),Bhindi(Ladies Finger),Bhindi,Local,07/09/2026,4400,4400,4400
Tamil Nadu,Thanjavur,Pattukottai(Uzhavar Sandhai ),Cabbage,Cabbage,Local,07/09/2026,3400,3400,3400
Tamil Nadu,Thanjavur,Pattukottai(Uzhavar Sandhai ),Snakeguard,Snakeguard,Local,07/09/2026,4400,4400,4400
Tamil Nadu,Thanjavur,Pattukottai(Uzhavar Sandhai ),Beetroot,Beetroot,Local,07/09/2026,5000,5000,5000
Tamil Nadu,Thanjavur,Pattukottai(Uzhavar Sandhai ),Capsicum,Capsicum,Local,07/09/2026,6000,6000,6000
Tamil Nadu,Thanjavur,Pattukottai(Uzhavar Sandhai ),Elephant Yam(Suran)/Amorphophallus,Elephant Yam (Suran),Local,07/09/2026,4500,4500,4500
Tamil Nadu,Thanjavur,Thanjavur(Uzhavar Sandhai ),Potato,Red Nanital,Local,07/09/2026,3000,4000,3500
Tamil Nadu,Thanjavur,Thanjavur(Uzhavar Sandhai ),Green Peas,Green Peas,Local,07/09/2026,17000,17000,17000
Tamil Nadu,Thanjavur,Thanjavur(Uzhavar Sandhai ),Tomato,Deshi,Local,07/09/2026,3000,3000,3000
Tamil Nadu,Thanjavur,Thanjavur(Uzhavar Sandhai ),Bhindi(Ladies Finger),Bhindi,Local,07/09/2026,4000,4000,4000
Tamil Nadu,Thanjavur,Thanjavur(Uzhavar Sandhai ),Banana,Besrai,Local,07/09/2026,5000,10000,7500
Tamil Nadu,Thanjavur,Thanjavur(Uzhavar Sandhai ),Onion,Bellary,Local,07/09/2026,6000,6800,6400
Tamil Nadu,Thanjavur,Thanjavur(Uzhavar Sandhai ),Coconut,Coconut,Local,07/09/2026,6000,6000,6000
Tamil Nadu,Thanjavur,Thanjavur(Uzhavar Sandhai ),Capsicum,Capsicum,Local,07/09/2026,7600,7600,7600
Tamil Nadu,Thanjavur,Thanjavur(Uzhavar Sandhai ),Guava,Guava Allahabad,Local,07/09/2026,8000,8000,8000
Tamil Nadu,Thanjavur,Thanjavur(Uzhavar Sandhai ),Lemon,Lemon,Local,07/09/2026,16000,16000,16000
Tamil Nadu,Thanjavur,Thanjavur(Uzhavar Sandhai ),Colacasia,Colacasia,Local,07/09/2026,5600,5600,5600
Tamil Nadu,Thanjavur,Thanjavur(Uzhavar Sandhai ),Mint(Pudina),Mint(Pudina),Local,07/09/2026,5500,5500,5500
Tamil Nadu,Thiruchirappalli,KKNagar(Uzhavar Sandhai ),Brinjal,Other,Local,07/09/2026,4600,4600,4600
Tamil Nadu,Thiruchirappalli,KKNagar(Uzhavar Sandhai ),Bitter gourd,Other,Local,07/09/2026,5000,5000,5000
Tamil Nadu,Thiruchirappalli,KKNagar(Uzhavar Sandhai ),Ashgourd,Gouard,Local,07/09/2026,2000,2000,2000
Tamil Nadu,Thiruchirappalli,KKNagar(Uzhavar Sandhai ),Green Chilli,Green Chilly,Local,07/09/2026,4000,4000,4000
Tamil Nadu,Thiruchirappalli,KKNagar(Uzhavar Sandhai ),Ginger(Green),Green Ginger,Local,07/09/2026,17000,17000,17000
Tamil Nadu,Thiruchirappalli,KKNagar(Uzhavar Sandhai ),Coconut,Coconut,Local,07/09/2026,7000,7000,7000
Tamil Nadu,Thiruchirappalli,KKNagar(Uzhavar Sandhai ),Betal Leaves,Mysore,Local,07/09/2026,10000,10000,10000
Tamil Nadu,Thiruchirappalli,KKNagar(Uzhavar Sandhai ),Sweet Potato,Hosur Red,Local,07/09/2026,6600,6600,6600
Tamil Nadu,Thiruchirappalli,KKNagar(Uzhavar Sandhai ),Raddish,Raddish,Local,07/09/2026,3000,3000,3000
Tamil Nadu,Thiruchirappalli,KKNagar(Uzhavar Sandhai ),Capsicum,Capsicum,Local,07/09/2026,5400,5400,5400
Tamil Nadu,Thiruchirappalli,KKNagar(Uzhavar Sandhai ),Knool Khol,Knool Khol,Local,07/09/2026,4000,4000,4000
Tamil Nadu,Thiruchirappalli,KKNagar(Uzhavar Sandhai ),Indian Beans(Seam),Indian Beans (Seam),Local,07/09/2026,7000,7000,7000
Tamil Nadu,Thiruchirappalli,KKNagar(Uzhavar Sandhai ),Amla(Nelli Kai),Amla,Local,07/09/2026,10000,12000,11000
Tamil Nadu,Thiruchirappalli,Lalgudi(Uzhavar Sandhai ),Coriander(Leaves),I Sort,Local,07/09/2026,3000,3000,3000
Tamil Nadu,Thiruchirappalli,Lalgudi(Uzhavar Sandhai ),Bottle gourd,Bottle Gourd,Local,07/09/2026,3000,3000,3000
Tamil Nadu,Thiruchirappalli,Lalgudi(Uzhavar Sandhai ),Green Chilli,Green Chilly,Local,07/09/2026,4400,4400,4400
Tamil Nadu,Thiruchirappalli,Lalgudi(Uzhavar Sandhai ),Banana - Green,Banana - Green,Local,07/09/2026,3000,3000,3000
Tamil Nadu,Thiruchirappalli,Lalgudi(Uzhavar Sandhai ),Tapioca,Tapioca,Local,07/09/2026,4000,4000,4000
Tamil Nadu,Thiruchirappalli,Lalgudi(Uzhavar Sandhai ),Ginger(Green),Green Ginger,Local,07/09/2026,16000,16000,16000
Tamil Nadu,Thiruchirappalli,Lalgudi(Uzhavar Sandhai ),Green Avare(W),Other,Local,07/09/2026,7000,7000,7000
Tamil Nadu,Thiruchirappalli,Lalgudi(Uzhavar Sandhai ),Cabbage,Cabbage,Local,07/09/2026,3000,3000,3000
Tamil Nadu,Thiruchirappalli,Lalgudi(Uzhavar Sandhai ),Amla(Nelli Kai),Amla,Local,07/09/2026,11000,11000,11000
Tamil Nadu,Thiruchirappalli,Manachanallur(Uzhavar Sandhai ),Potato,Other,Local,07/09/2026,3000,3000,3000
Tamil Nadu,Thiruchirappalli,Manachanallur(Uzhavar Sandhai ),Coriander(Leaves),I Sort,Local,07/09/2026,3000,3000,3000
Tamil Nadu,Thiruchirappalli,Manachanallur(Uzhavar Sandhai ),Bitter gourd,Other,Local,07/09/2026,5600,5600,5600
Tamil Nadu,Thiruchirappalli,Manachanallur(Uzhavar Sandhai ),Pumpkin,Pumpkin,Local,07/09/2026,2000,2000,2000
Tamil Nadu,Thiruchirappalli,Manachanallur(Uzhavar Sandhai ),Beans,Beans (Whole),Local,07/09/2026,9000,9000,9000
Tamil Nadu,Thiruchirappalli,Manachanallur(Uzhavar Sandhai ),Banana,Poovan,Local,07/09/2026,4000,4000,4000
Tamil Nadu,Thiruchirappalli,Manachanallur(Uzhavar Sandhai ),Coconut,Coconut,Local,07/09/2026,7000,7000,7000
Tamil Nadu,Thiruchirappalli,Manapparai(Uzhavar Sandhai ),Chikoos(Sapota),Sapota,Local,07/09/2026,4000,4000,4000
Tamil Nadu,Thiruchirappalli,Manapparai(Uzhavar Sandhai ),Papaya,Papaya,Local,07/09/2026,4000,4000,4000
Tamil Nadu,Thiruchirappalli,Manapparai(Uzhavar Sandhai ),Cluster beans,Cluster Beans,Local,07/09/2026,3000,3000,3000
Tamil Nadu,Thiruchirappalli,Manapparai(Uzhavar Sandhai ),Bottle gourd,Bottle Gourd,Local,07/09/2026,2500,3000,2750
Tamil Nadu,Thiruchirappalli,Manapparai(Uzhavar Sandhai ),Banana - Green,Banana - Green,Local,07/09/2026,3000,3000,3000
Tamil Nadu,Thiruchirappalli,Manapparai(Uzhavar Sandhai ),Grapes,Annabesahai,Local,07/09/2026,10000,10000,10000
Tamil Nadu,Thiruchirappalli,Manapparai(Uzhavar Sandhai ),Onion,Bellary,Local,07/09/2026,5000,6000,5500
Tamil Nadu,Thiruchirappalli,Manapparai(Uzhavar Sandhai ),Knool Khol,Knool Khol,Local,07/09/2026,3600,3600,3600
Tamil Nadu,Thiruchirappalli,Musiri(Uzhavar Sandhai ),Coriander(Leaves),I Sort,Local,07/09/2026,2500,3000,2750
Tamil Nadu,Thiruchirappalli,Musiri(Uzhavar Sandhai ),Tomato,Local,Local,07/09/2026,2600,3000,2800
Tamil Nadu,Thiruchirappalli,Musiri(Uzhavar Sandhai ),Pumpkin,Pumpkin,Local,07/09/2026,1500,2000,1750
Tamil Nadu,Thiruchirappalli,Musiri(Uzhavar Sandhai ),Bhindi(Ladies Finger),Bhindi,Local,07/09/2026,3000,3600,3300
Tamil Nadu,Thiruchirappalli,Musiri(Uzhavar Sandhai ),Beans,Beans (Whole),Local,07/09/2026,8000,8600,8300
Tamil Nadu,Thiruchirappalli,Musiri(Uzhavar Sandhai ),Tapioca,Tapioca,Local,07/09/2026,3000,3600,3300
Tamil Nadu,Thiruchirappalli,Musiri(Uzhavar Sandhai ),Banana,Other,Local,07/09/2026,4000,5000,4500
Tamil Nadu,Thiruchirappalli,Musiri(Uzhavar Sandhai ),Cucumbar(Kheera),Cucumbar,Local,07/09/2026,4000,4600,4300
Tamil Nadu,Thiruchirappalli,Musiri(Uzhavar Sandhai ),Chow Chow,Chow Chow,Local,07/09/2026,3000,3600,3300
Tamil Nadu,Thiruchirappalli,Musiri(Uzhavar Sandhai ),Knool Khol,Knool Khol,Local,07/09/2026,2600,3000,2800
Tamil Nadu,Thiruchirappalli,Musiri(Uzhavar Sandhai ),Elephant Yam(Suran)/Amorphophallus,Elephant Yam (Suran),Local,07/09/2026,3000,3600,3300
Tamil Nadu,Thiruchirappalli,Musiri(Uzhavar Sandhai ),Lemon,Lemon,Local,07/09/2026,13000,15000,14000
Tamil Nadu,Thiruchirappalli,Musiri(Uzhavar Sandhai ),Turnip,Turnip,Local,07/09/2026,2500,3000,2750
Tamil Nadu,Thiruchirappalli,Musiri(Uzhavar Sandhai ),Sweet Corn ,Sweet Corn ,Local,07/09/2026,3500,4000,3750
Tamil Nadu,Thiruchirappalli,Thiruverumbur(Uzhavar Sandhai ),Cauliflower,Ranchi,Local,07/09/2026,5000,5000,5000
Tamil Nadu,Thiruchirappalli,Thiruverumbur(Uzhavar Sandhai ),Coriander(Leaves),I Sort,Local,07/09/2026,3000,3000,3000
Tamil Nadu,Thiruchirappalli,Thiruverumbur(Uzhavar Sandhai ),Tomato,Other,Local,07/09/2026,3000,3000,3000
Tamil Nadu,Thiruchirappalli,Thiruverumbur(Uzhavar Sandhai ),Amaranthus,Amaranthus,Local,07/09/2026,2000,2000,2000
Tamil Nadu,Thiruchirappalli,Thiruverumbur(Uzhavar Sandhai ),Sweet Potato,Hosur Red,Local,07/09/2026,5000,5000,5000
Tamil Nadu,Thiruchirappalli,Thiruverumbur(Uzhavar Sandhai ),Ridgeguard(Tori),Ridgeguard(Tori),Local,07/09/2026,5000,5000,5000
Tamil Nadu,Thiruchirappalli,Thiruverumbur(Uzhavar Sandhai ),Thondekai,Thondekai,Local,07/09/2026,5000,5000,5000
Tamil Nadu,Thiruchirappalli,Thiruverumbur(Uzhavar Sandhai ),Onion Green,Onion Green,Local,07/09/2026,8000,8000,8000
Tamil Nadu,Virudhunagar,Rajapalayam(Uzhavar Sandhai ),Papaya,Papaya,Local,07/09/2026,3000,3500,3250
Tamil Nadu,Virudhunagar,Rajapalayam(Uzhavar Sandhai ),Cluster beans,Cluster Beans,Local,07/09/2026,3000,3500,3250
Tamil Nadu,Virudhunagar,Rajapalayam(Uzhavar Sandhai ),Potato,Red Nanital,Local,07/09/2026,2500,3000,2750
Tamil Nadu,Virudhunagar,Rajapalayam(Uzhavar Sandhai ),Guava,Guava Allahabad,Local,07/09/2026,3500,4000,3750
Tamil Nadu,Virudhunagar,Rajapalayam(Uzhavar Sandhai ),Elephant Yam(Suran)/Amorphophallus,Elephant Yam (Suran),Local,07/09/2026,4500,5000,4750
Tamil Nadu,Virudhunagar,Sathur(Uzhavar Sandhai ),Potato,Red Nanital,Local,07/09/2026,3500,4000,3750
Tamil Nadu,Virudhunagar,Sathur(Uzhavar Sandhai ),Ashgourd,Gouard,Local,07/09/2026,2000,2500,2250
Tamil Nadu,Virudhunagar,Sathur(Uzhavar Sandhai ),Pumpkin,Pumpkin,Local,07/09/2026,2000,2500,2250
Tamil Nadu,Virudhunagar,Sathur(Uzhavar Sandhai ),Banana,Besrai,Local,07/09/2026,3500,4000,3750
Tamil Nadu,Virudhunagar,Sathur(Uzhavar Sandhai ),Beetroot,Beetroot,Local,07/09/2026,4500,5000,4750
Tamil Nadu,Virudhunagar,Sathur(Uzhavar Sandhai ),Guava,Guava Allahabad,Local,07/09/2026,4500,5000,4750
Tamil Nadu,Virudhunagar,Sivakasi(Uzhavar Sandhai ),Potato,Red Nanital,Local,07/09/2026,4000,5000,4500
Tamil Nadu,Virudhunagar,Sivakasi(Uzhavar Sandhai ),Bitter gourd,Bitter Gourd,Local,07/09/2026,6000,7000,6500
Tamil Nadu,Virudhunagar,Sivakasi(Uzhavar Sandhai ),Bottle gourd,Bottle Gourd,Local,07/09/2026,1500,2000,1750
Tamil Nadu,Virudhunagar,Sivakasi(Uzhavar Sandhai ),Ashgourd,Gouard,Local,07/09/2026,2000,2500,2250
Tamil Nadu,Virudhunagar,Sivakasi(Uzhavar Sandhai ),Carrot,Pusakesar,Local,07/09/2026,3500,4000,3750
Tamil Nadu,Virudhunagar,Sivakasi(Uzhavar Sandhai ),Snakeguard,Snakeguard,Local,07/09/2026,3500,4000,3750
Tamil Nadu,Virudhunagar,Sivakasi(Uzhavar Sandhai ),Raddish,Raddish,Local,07/09/2026,3500,4000,3750
Tamil Nadu,Virudhunagar,Sivakasi(Uzhavar Sandhai ),Mint(Pudina),Mint(Pudina),Local,07/09/2026,4000,4500,4250
Tamil Nadu,Virudhunagar,Thalavaipuram(Uzhavar Sandhai ),Cauliflower,Ranchi,Local,07/09/2026,2500,3000,2750
Tamil Nadu,Virudhunagar,Thalavaipuram(Uzhavar Sandhai ),Chikoos(Sapota),Sapota,Local,07/09/2026,3000,3500,3250
Tamil Nadu,Virudhunagar,Thalavaipuram(Uzhavar Sandhai ),Cluster beans,Cluster Beans,Local,07/09/2026,3000,3500,3250
Tamil Nadu,Virudhunagar,Thalavaipuram(Uzhavar Sandhai ),Ashgourd,Gouard,Local,07/09/2026,2000,2500,2250
Tamil Nadu,Virudhunagar,Thalavaipuram(Uzhavar Sandhai ),Pumpkin,Pumpkin,Local,07/09/2026,1500,2000,1750
Tamil Nadu,Virudhunagar,Thalavaipuram(Uzhavar Sandhai ),Onion,Bellary,Local,07/09/2026,5500,6000,5750
Tamil Nadu,Virudhunagar,Thalavaipuram(Uzhavar Sandhai ),Ginger(Green),Green Ginger,Local,07/09/2026,10000,12000,11000
Tamil Nadu,Virudhunagar,Thalavaipuram(Uzhavar Sandhai ),Raddish,Raddish,Local,07/09/2026,3500,4000,3750
Tamil Nadu,Virudhunagar,Thalavaipuram(Uzhavar Sandhai ),Green Avare(W),Green Avare (W),Local,07/09/2026,6000,7000,6500
Tamil Nadu,Virudhunagar,Thalavaipuram(Uzhavar Sandhai ),Chow Chow,Chow Chow,Local,07/09/2026,3500,4000,3750
Tamil Nadu,Virudhunagar,Thalavaipuram(Uzhavar Sandhai ),Lime,Lime,Local,07/09/2026,12000,13000,12500
Tamil Nadu,Virudhunagar,Thalavaipuram(Uzhavar Sandhai ),Yam(Ratalu),Yam (Ratalu),Local,07/09/2026,8000,9000,8500
Tamil Nadu,Virudhunagar,Virudhunagar(Uzhavar Sandhai ),Green Chilli,Green Chilly,Local,07/09/2026,4500,5000,4750
Tamil Nadu,Virudhunagar,Virudhunagar(Uzhavar Sandhai ),Drumstick,Drumstick,Local,07/09/2026,3500,4000,3750
Tamil Nadu,Virudhunagar,Virudhunagar(Uzhavar Sandhai ),Onion Green,Onion Green,Local,07/09/2026,7500,8000,7750
Tamil Nadu,Chengalpattu,Madhuranthagam(Uzhavar Sandhai ),Garlic,Garlic,Local,07/09/2026,18000,18000,18000
Tamil Nadu,Chengalpattu,Madhuranthagam(Uzhavar Sandhai ),Green Avare(W),Green Avare (W),Local,07/09/2026,6000,6000,6000
Tamil Nadu,Chengalpattu,Madhuranthagam(Uzhavar Sandhai ),Onion,Bellary,Local,07/09/2026,8000,8000,8000
Tamil Nadu,Chengalpattu,Madhuranthagam(Uzhavar Sandhai ),Ridgeguard(Tori),Ridgeguard(Tori),Local,07/09/2026,4000,4000,4000
Tamil Nadu,Chengalpattu,Madhuranthagam(Uzhavar Sandhai ),Mint(Pudina),Mint(Pudina),Local,07/09/2026,3000,3000,3000
Tamil Nadu,Chengalpattu,Medavakkam(Uzhavar Sandhai ),Brinjal,Round,Local,07/09/2026,4000,5000,4500
Tamil Nadu,Chengalpattu,Medavakkam(Uzhavar Sandhai ),Tomato,Other,Local,07/09/2026,2500,2500,2500
Tamil Nadu,Chengalpattu,Medavakkam(Uzhavar Sandhai ),Tender Coconut,Tender Coconut,Local,07/09/2026,5000,5000,5000
Tamil Nadu,Chengalpattu,Medavakkam(Uzhavar Sandhai ),Marigold(Calcutta),Marigold(Calcutta),Local,07/09/2026,10000,20000,15000
Tamil Nadu,Chengalpattu,Medavakkam(Uzhavar Sandhai ),Lemon,Lemon,Local,07/09/2026,10000,15000,12500
Tamil Nadu,Chengalpattu,Medavakkam(Uzhavar Sandhai ),Rose(Local),Rose (Local),Local,07/09/2026,10000,20000,15000
Tamil Nadu,Chengalpattu,Nanganallur(Uzhavar Sandhai ),Potato,Red Nanital,Local,07/09/2026,3500,4000,3750
Tamil Nadu,Chengalpattu,Nanganallur(Uzhavar Sandhai ),Coriander(Leaves),I Sort,Local,07/09/2026,2500,3000,2750
Tamil Nadu,Chengalpattu,Nanganallur(Uzhavar Sandhai ),Water Melon,Water Melon,Local,07/09/2026,2000,2500,2250
Tamil Nadu,Chengalpattu,Nanganallur(Uzhavar Sandhai ),Bottle gourd,Bottle Gourd,Local,07/09/2026,3500,4000,3750
Tamil Nadu,Chengalpattu,Nanganallur(Uzhavar Sandhai ),Green Chilli,Green Chilly,Local,07/09/2026,4500,5000,4750
Tamil Nadu,Chengalpattu,Nanganallur(Uzhavar Sandhai ),Beetroot,Beetroot,Local,07/09/2026,4500,5000,4750
Tamil Nadu,Chengalpattu,Nanganallur(Uzhavar Sandhai ),Cucumbar(Kheera),Cucumbar,Local,07/09/2026,4500,5000,4750
Tamil Nadu,Chengalpattu,Nanganallur(Uzhavar Sandhai ),Guava,Guava Allahabad,Local,07/09/2026,6500,7000,6750
Tamil Nadu,Chengalpattu,Nanganallur(Uzhavar Sandhai ),Pomegranate,Pomogranate,Local,07/09/2026,10000,11000,10500
Tamil Nadu,Chengalpattu,Nanganallur(Uzhavar Sandhai ),Tender Coconut,Tender Coconut,Local,07/09/2026,5500,6000,5750
Tamil Nadu,Chengalpattu,Nanganallur(Uzhavar Sandhai ),Jasmine,Jasmine,Local,07/09/2026,40000,45000,42500
Tamil Nadu,Chengalpattu,Nanganallur(Uzhavar Sandhai ),Lemon,Lemon,Local,07/09/2026,10000,12000,11000
Tamil Nadu,Chengalpattu,Pallavaram(Uzhavar Sandhai ),Green Peas,Green Peas,Local,07/09/2026,14000,15000,14500
Tamil Nadu,Chengalpattu,Pallavaram(Uzhavar Sandhai ),Pumpkin,Pumpkin,Local,07/09/2026,2500,3000,2750
Tamil Nadu,Chengalpattu,Pallavaram(Uzhavar Sandhai ),Green Chilli,Green Chilly,Local,07/09/2026,4000,5000,4500
Tamil Nadu,Chengalpattu,Pallavaram(Uzhavar Sandhai ),Carrot,Pusakesar,Local,07/09/2026,7000,8000,7500
Tamil Nadu,Chengalpattu,Pallavaram(Uzhavar Sandhai ),Beetroot,Beetroot,Local,07/09/2026,3500,4000,3750
Tamil Nadu,Chengalpattu,Pallavaram(Uzhavar Sandhai ),Cucumbar(Kheera),Cucumbar,Local,07/09/2026,4000,5000,4500
Tamil Nadu,Chengalpattu,Pallavaram(Uzhavar Sandhai ),Mango(Raw-Ripe),Mango - Raw-Ripe,Local,07/09/2026,6000,7000,6500
Tamil Nadu,Chengalpattu,Pallavaram(Uzhavar Sandhai ),Elephant Yam(Suran)/Amorphophallus,Elephant Yam (Suran),Local,07/09/2026,4000,5000,4500
Tamil Nadu,Chengalpattu,Pallavaram(Uzhavar Sandhai ),Indian Beans(Seam),Indian Beans (Seam),Local,07/09/2026,7000,8000,7500
Tamil Nadu,Nagercoil (Kannyiakumari),Myladi(Uzhavar Sandhai ),Bitter gourd,Bitter Gourd,Local,07/09/2026,5500,6800,6150
Tamil Nadu,Nagercoil (Kannyiakumari),Myladi(Uzhavar Sandhai ),Cucumbar(Kheera),Cucumbar,Local,07/09/2026,2000,2500,2250
Tamil Nadu,Nagercoil (Kannyiakumari),Myladi(Uzhavar Sandhai ),Raddish,Raddish,Local,07/09/2026,4500,5000,4750
Tamil Nadu,Nagercoil (Kannyiakumari),Myladi(Uzhavar Sandhai ),Drumstick,Drumstick,Local,07/09/2026,4500,5000,4750
Tamil Nadu,Nagercoil (Kannyiakumari),Myladi(Uzhavar Sandhai ),Tamarind Fruit,Tamarind Fruit,Local,07/09/2026,14000,15000,14500
Tamil Nadu,Chengalpattu,Jameenrayapettai(Uzhavar Sandhai ),Papaya,Papaya,Local,07/09/2026,4000,5000,4500
Tamil Nadu,Chengalpattu,Jameenrayapettai(Uzhavar Sandhai ),Grapes,Annabesahai,Local,07/09/2026,11000,12000,11500
Tamil Nadu,Chengalpattu,Jameenrayapettai(Uzhavar Sandhai ),Carrot,Pusakesar,Local,07/09/2026,7000,8000,7500
Tamil Nadu,Chengalpattu,Jameenrayapettai(Uzhavar Sandhai ),Snakeguard,Snakeguard,Local,07/09/2026,3500,4000,3750
Tamil Nadu,Chengalpattu,Jameenrayapettai(Uzhavar Sandhai ),Chow Chow,Chow Chow,Local,07/09/2026,3500,4000,3750
Tamil Nadu,Chengalpattu,Jameenrayapettai(Uzhavar Sandhai ),Cucumbar(Kheera),Cucumbar,Local,07/09/2026,4000,5000,4500
Tamil Nadu,Chengalpattu,Jameenrayapettai(Uzhavar Sandhai ),Knool Khol,Knool Khol,Local,07/09/2026,4000,5000,4500
Tamil Nadu,Chengalpattu,Jameenrayapettai(Uzhavar Sandhai ),Guava,Guava Allahabad,Local,07/09/2026,5000,6000,5500
Tamil Nadu,Chengalpattu,Jameenrayapettai(Uzhavar Sandhai ),Pomegranate,Pomogranate,Local,07/09/2026,12000,14000,13000
Maharashtra,Ahilyanagar,APMC Shrirampur ,Bhindi(Ladies Finger),Other,Local,07/09/2026,1500,2000,1750
Maharashtra,Ahilyanagar,APMC Shrirampur ,Ridgeguard(Tori),Other,Local,07/09/2026,3500,4000,3750
Maharashtra,Ahilyanagar,APMC Karjat ,Wheat,Other,Non-FAQ,07/09/2026,2200,2500,2350
Karnataka,Koppal,Kustagi APMC,Red gram/Arhar/Tur(whole),Red,FAQ,07/09/2026,7100,7100,7100
Maharashtra,Amarawati,Varud(Rajura Bazar) ,Green Chilli,Other,Local,07/09/2026,2000,2000,2000
Maharashtra,Chattrapati Sambhajinagar,APMC Chattrapati Sambhajinagar ,Mousambi(Sweet Lime),Other,Local,07/09/2026,1000,2400,1700
Maharashtra,Chattrapati Sambhajinagar,APMC Chattrapati Sambhajinagar ,Carrot,Other,Local,07/09/2026,1200,2000,1600
Maharashtra,Gadchiroli,Armori(Desaiganj) ,Paddy(Common),Other,FAQ,07/09/2026,2600,3680,3176
Maharashtra,Jalgaon,Jalgaon(Masawat) ,Green Gram(Moong)(Whole),Other,Non-FAQ,07/09/2026,8300,8550,8400
Tamil Nadu,Villupuram,Tindivanam APMC,Coriander(Leaves),I Sort,Local,07/09/2026,4000,4000,4000
Tamil Nadu,Villupuram,Tindivanam APMC,Mousambi(Sweet Lime),Mousambi,Local,07/09/2026,4500,4500,4500
Tamil Nadu,Villupuram,Tindivanam APMC,Bitter gourd,Bitter Gourd,Local,07/09/2026,5000,5000,5000
Tamil Nadu,Villupuram,Tindivanam APMC,Amaranthus,Amaranthus,Local,07/09/2026,4000,4000,4000
Tamil Nadu,Villupuram,Tindivanam APMC,Beetroot,Beetroot,Local,07/09/2026,4500,4500,4500
Tamil Nadu,Villupuram,Tindivanam APMC,Ridgeguard(Tori),Ridgeguard(Tori),Local,07/09/2026,4000,4000,4000
Tamil Nadu,Villupuram,Tindivanam APMC,Thondekai,Thondekai,Local,07/09/2026,3500,3500,3500
Tamil Nadu,Villupuram,Tindivanam APMC,Marigold(Calcutta),Marigold(Calcutta),Local,07/09/2026,25000,25000,25000
Tamil Nadu,Villupuram,Tindivanam APMC,Yam(Ratalu),Yam (Ratalu),Local,07/09/2026,6000,6000,6000
Tamil Nadu,Villupuram,Tindivanam APMC,Rose(Local),Rose (Local),Local,07/09/2026,20000,20000,20000
Tamil Nadu,Villupuram,Tindivanam APMC,Sweet Corn ,Sweet Corn ,Local,07/09/2026,4000,4000,4000
Tamil Nadu,Villupuram,Ulundurpettai APMC,Brinjal,Round,Local,07/09/2026,5000,5000,5000
Tamil Nadu,Villupuram,Ulundurpettai APMC,Amaranthus,Amaranthus,Local,07/09/2026,2500,2500,2500
Tamil Nadu,Villupuram,Ulundurpettai APMC,Guava,Guava Allahabad,Local,07/09/2026,5000,5000,5000
Tamil Nadu,Villupuram,Ulundurpettai APMC,Lemon,Lemon,Local,07/09/2026,5000,5000,5000
Tamil Nadu,Villupuram,Ulundurpettai APMC,Mint(Pudina),Mint(Pudina),Local,07/09/2026,3000,3000,3000
Tamil Nadu,Villupuram,Vikkiravandi APMC,Paddy(Common),ADT 37,Local,07/09/2026,1985,2104,2044.5
Rajasthan,Chittorgarh,Begu APMC,Mustard,Other,Local,07/09/2026,7800,7800,7800
Keralam,Malappuram,Thirurrangadi Market,Ashgourd,Ashgourd,FAQ,07/09/2026,2500,2500,2500
Keralam,Malappuram,Thirurrangadi Market,Bitter gourd,Other,FAQ,07/09/2026,5200,5200,5200
Keralam,Malappuram,Thirurrangadi Market,Cauliflower,Other,FAQ,07/09/2026,4600,4800,4700
Keralam,Malappuram,Thirurrangadi Market,Ginger(Green),Other,FAQ,07/09/2026,17000,17000,17000
Keralam,Malappuram,Thirurrangadi Market,Onion,Other,FAQ,07/09/2026,5200,5300,5200
Maharashtra,Latur,Latur(Murud) ,Soyabean,Yellow,FAQ,07/09/2026,6000,6100,6050
Chattisgarh,Narayanpur,Narayanpur APMC,Tamarind Fruit,With Seed 1Variety,Non-FAQ,07/09/2026,5000,5200,5100
Karnataka,Bengaluru Rural,Doddaballapur APMC,Potato,Local,Medium,07/09/2026,1800,2200,2000
Karnataka,Bengaluru Rural,Doddaballapur APMC,Garlic,Other,Medium,07/09/2026,12000,16000,13000
Karnataka,Bengaluru Rural,Doddaballapur APMC,Tomato,Tomato,Medium,07/09/2026,800,1300,1000
Karnataka,Bengaluru Rural,Doddaballapur APMC,Ginger(Green),Green Ginger,Medium,07/09/2026,10000,15000,13000
Karnataka,Bengaluru Rural,Doddaballapur APMC,Carrot,Other,Medium,07/09/2026,3000,4000,3500
Karnataka,Bengaluru Rural,Doddaballapur APMC,Beetroot,Beetroot,Medium,07/09/2026,3000,3500,3200
Karnataka,Bengaluru Rural,Doddaballapur APMC,Cucumbar(Kheera),Cucumbar,Medium,07/09/2026,2000,2400,2200
Karnataka,Bengaluru Rural,Doddaballapur APMC,Knool Khol,Knool Khol,Medium,07/09/2026,2000,2600,2300
Maharashtra,Mumbai,APMC Mumbai ,Jowar(Sorghum),Other,Local,07/09/2026,2600,6200,4600
Maharashtra,Mumbai,APMC Mumbai ,Maize,Other,FAQ,07/09/2026,2800,3400,3200
Maharashtra,Mumbai,APMC Mumbai ,Bengal Gram(Gram)(Whole),Other,FAQ,07/09/2026,6800,7800,7500
Maharashtra,Mumbai,APMC Mumbai ,"Sesamum(Sesame,Gingelly,Til)",Other,FAQ,07/09/2026,14000,18000,16000
Maharashtra,Mumbai,APMC Mumbai ,Bhindi(Ladies Finger),Other,Local,07/09/2026,2000,2400,2100
Maharashtra,Mumbai,APMC Mumbai ,Sweet Pumpkin,Other,Local,07/09/2026,600,1200,900
Maharashtra,Mumbai,APMC Mumbai ,French Beans(Frasbean),Other,Local,07/09/2026,2500,3500,3000
Maharashtra,Mumbai,APMC Mumbai ,Cauliflower,Other,Local,07/09/2026,1200,1600,1400
Maharashtra,Mumbai,APMC Mumbai ,Bitter gourd,Other,Local,07/09/2026,1600,2400,2200
Maharashtra,Mumbai,APMC Mumbai ,Cabbage,Other,Local,07/09/2026,800,1200,1000
Maharashtra,Mumbai,APMC Mumbai ,Pumpkin,Other,Local,07/09/2026,1000,1600,1300
Maharashtra,Mumbai,APMC Mumbai ,Green Chilli,Other,Local,07/09/2026,3000,4000,3500
Maharashtra,Nagpur,APMC Nagpur ,Chikoos(Sapota),Other,Local,07/09/2026,1000,3000,2500
Maharashtra,Nagpur,APMC Nagpur ,Pomegranate,Other,Local,07/09/2026,2000,7000,5750
Maharashtra,Nagpur,APMC Nagpur ,Chili Red,Other,Local,07/09/2026,14000,18000,17000
Telangana,Siddipet,Siddipet APMC,Maize,Other,FAQ,07/09/2026,2503,2503,2503
Maharashtra,Dharashiv,APMC Murum ,Red gram/Arhar/Tur(whole),Other,FAQ,07/09/2026,8300,8400,8350
Maharashtra,Nagpur,APMC Kamthi ,Brinjal,Other,Local,07/09/2026,2000,2500,2350
Maharashtra,Nagpur,APMC Kamthi ,Green Chilli,Other,Local,07/09/2026,3000,3500,3350
Maharashtra,Nagpur,APMC Kamthi ,Ginger(Green),Other,Local,07/09/2026,7000,8000,7650
Maharashtra,Nagpur,APMC Kamthi ,Bottle gourd,Other,Local,07/09/2026,1500,2000,1750
Maharashtra,Nagpur,APMC Kamthi ,Cucumbar(Kheera),Other,Local,07/09/2026,2000,2500,2350
Maharashtra,Nagpur,APMC Kamthi ,Methi(Leaves),Other,Local,07/09/2026,5000,5500,5350
Maharashtra,Nagpur,APMC Kamthi ,Spinach,Other,Local,07/09/2026,2500,3000,2750
Uttar Pradesh,Azamgarh,Azamgarh APMC,Rice,Common,FAQ,07/09/2026,2400,2400,2400
Uttar Pradesh,Badaun,Babrala APMC,Maize,Local,Local,07/09/2026,2080,2100,2090
Keralam,Kasargod,Kanjangadu Market,Arecanut(Betelnut/Supari),Malbar,FAQ,07/09/2026,40800,41600,41200
Keralam,Kasargod,Kanjangadu Market,Ashgourd,Other,FAQ,07/09/2026,2700,3400,3000
Keralam,Kasargod,Kanjangadu Market,Drumstick,Other,FAQ,07/09/2026,5600,6500,6000
Keralam,Kasargod,Kanjangadu Market,Pumpkin,Other,FAQ,07/09/2026,2600,3400,3000
Keralam,Kasargod,Kanjangadu Market,Tapioca,Other,FAQ,07/09/2026,4000,4600,4300
Madhya Pradesh,Mandsaur,Shamgarh APMC,Mustard,Mustard,Non-FAQ,07/09/2026,6926,6926,6926
Madhya Pradesh,Ratlam,Jaora APMC,"Sesamum(Sesame,Gingelly,Til)",Sesame,FAQ,07/09/2026,8000,11600,10900
Madhya Pradesh,Ratlam,Ratlam APMC,Soyabean,Soyabeen,FAQ,07/09/2026,4601,5931,5931
Madhya Pradesh,Shivpuri,Badarwas APMC,Bengal Gram(Gram)(Whole),Gram,FAQ,07/09/2026,5100,5100,5100
Madhya Pradesh,Shivpuri,Badarwas APMC,Lentil(Masur)(Whole),Masur Dal,FAQ,07/09/2026,6140,6140,6140
Madhya Pradesh,Chhatarpur,LavKush Nagar(Laundi) APMC,Bengal Gram(Gram)(Whole),Desi (F.A.Q. Split),Non-FAQ,07/09/2026,5700,5700,5700
Madhya Pradesh,Mandla,Krishi Upaj Mandi Samiti Bichhiya,Kodo Millet(Varagu),Kondo,FAQ,07/09/2026,3010,3010,3010
Uttar Pradesh,Hamirpur,Maudaha APMC,Wheat,Deshi,FAQ,07/09/2026,2500,2500,2500
Madhya Pradesh,Shehdol,Shahdol APMC,Mahua,Mahua,Non-FAQ,07/09/2026,4500,4500,4500
Madhya Pradesh,Anupur,Jaithari APMC,gulli,Gulli,FAQ,07/09/2026,5011,5011,5011
Gujarat,Navsari,Navsari APMC,Bhindi(Ladies Finger),Bhindi,Local,07/09/2026,1000,1500,1250
Gujarat,Navsari,Navsari APMC,Guar,Guaar,Local,07/09/2026,5000,6000,5500
Gujarat,Navsari,Navsari APMC,Cabbage,Cabbage,Local,07/09/2026,1500,2000,1750
Gujarat,Navsari,Navsari APMC,Long Melon(Kakri),Long Melon (Kakri),Local,07/09/2026,1000,1500,1250
Gujarat,Navsari,Navsari APMC,Green Chilli,Green Chilly,Local,07/09/2026,2500,4000,3250
Gujarat,Navsari,Navsari APMC,Lemon,Lemon,Local,07/09/2026,10000,15000,12500
Gujarat,Navsari,Navsari APMC,Carrot,Carrot,Local,07/09/2026,2500,3000,2750
Gujarat,Gandhinagar,"Kalol(Veg,Market,Kalol) APMC",Bhindi(Ladies Finger),Bhindi,Local,07/09/2026,2000,4000,3000
Gujarat,Gandhinagar,"Kalol(Veg,Market,Kalol) APMC",Green Chilli,Green Chilly,Local,07/09/2026,1500,2750,2000
Gujarat,Gandhinagar,"Kalol(Veg,Market,Kalol) APMC",Lemon,Other,Local,07/09/2026,2500,4500,3500
Gujarat,Dahod,Dahod(Veg. Market) APMC,Brinjal,Brinjal,Local,07/09/2026,1000,3000,2000
Gujarat,Dahod,Dahod(Veg. Market) APMC,Bhindi(Ladies Finger),Bhindi,Local,07/09/2026,500,2000,1500
Gujarat,Dahod,Dahod(Veg. Market) APMC,Cabbage,Cabbage,Local,07/09/2026,1000,2000,1500
Gujarat,Dahod,Dahod(Veg. Market) APMC,Cluster beans,Cluster Beans,Local,07/09/2026,2000,5000,4000
Gujarat,Dahod,Dahod(Veg. Market) APMC,Coriander(Leaves),Coriander,Local,07/09/2026,500,2000,1000
Gujarat,Dahod,Dahod(Veg. Market) APMC,Drumstick,Drumstick,Local,07/09/2026,4000,6000,5000
Gujarat,Dahod,Dahod(Veg. Market) APMC,Onion,Onion,Local,07/09/2026,4000,5500,5000
Gujarat,Dahod,Dahod(Veg. Market) APMC,Tomato,Tomato,Local,07/09/2026,1000,2500,2000
Gujarat,Sabarkantha,Himatnagar(Veg.Market Himatnagar) APMC,Cauliflower,Cauliflower,Local,07/09/2026,2500,3000,2840
Gujarat,Sabarkantha,Himatnagar(Veg.Market Himatnagar) APMC,Green Chilli,Green Chilly,Local,07/09/2026,1500,2000,1820
Gujarat,Anand,"Anand(Veg,Yard,Anand) APMC",Bottle gourd,Bottle Gourd,Grade B,07/09/2026,250,500,370
Gujarat,Anand,"Anand(Veg,Yard,Anand) APMC",Potato,Potato,Grade B,07/09/2026,1000,1100,1050
Gujarat,Anand,"Anand(Veg,Yard,Anand) APMC",Tomato,Tomato,Grade B,07/09/2026,1500,2000,1750
Gujarat,Chhota Udaipur,Kalediya APMC,Cotton,Shanker 6 (B) 30mm FIne,FAQ,07/09/2026,8800,9175,9000
Gujarat,Valsad,Chikli(Khorgam) APMC,Pointed gourd(Parval),Other,FAQ,07/09/2026,2500,3250,2875
Gujarat,Valsad,Chikli(Khorgam) APMC,Tinda,Other,FAQ,07/09/2026,2500,3000,2750
Gujarat,Gandhinagar,Mansa(Manas Veg Yard) APMC,Green Chilli,Other,Local,07/09/2026,1000,2000,2000
Himachal Pradesh,Bilaspur,PMY Bilaspur,Papaya,Papaya,Grade C,07/09/2026,4500,5000,4700
Himachal Pradesh,Bilaspur,PMY Bilaspur,Cabbage,Cabbage,Grade B,07/09/2026,2000,2500,2300
Himachal Pradesh,Bilaspur,PMY Bilaspur,Cucumbar(Kheera),Cucumbar,Grade B,07/09/2026,2200,3000,2500
Gujarat,Surat,Bardoli(Kadod) APMC,Bhindi(Ladies Finger),Other,Local,07/09/2026,1500,3600,2850
Keralam,Kasargod,Manjeswaram Market,Coconut,Other,FAQ,07/09/2026,6000,6200,6100
Keralam,Kasargod,Manjeswaram Market,Ashgourd,Ashgourd,FAQ,07/09/2026,3000,4000,3500
Gujarat,Mehsana,Mehsana(Jornang) APMC,Castor Seed,Castor seed,Local,07/09/2026,7350,7375,7360
Gujarat,Rajkot,Rajkot APMC,Jowar(Sorghum),Jowar ( White),FAQ,07/09/2026,6075,6760,6450
Gujarat,Rajkot,Rajkot APMC,Green Gram(Moong)(Whole),Green (Whole),FAQ,07/09/2026,6100,8475,7500
Gujarat,Rajkot,Rajkot APMC,Corriander seed,Coriander Seed,FAQ,07/09/2026,10000,12750,11250
Gujarat,Surendranagar,Vadhvan APMC,Methi(Leaves),Methi,Medium,07/09/2026,1500,2000,1750
Gujarat,Surendranagar,Vadhvan APMC,Elephant Yam(Suran)/Amorphophallus,Elephant Yam (Suran),Medium,07/09/2026,3500,4000,3750
Gujarat,Surendranagar,Vadhvan APMC,Drumstick,Drumstick,Medium,07/09/2026,3500,4000,3750
Gujarat,Jamnagar,Jamnagar APMC,Wheat,Other,Local,07/09/2026,2500,2825,2725
Gujarat,Jamnagar,Jamnagar APMC,Castor Seed,Other,Local,07/09/2026,6550,7205,6975
Gujarat,Amreli,Rajula APMC,Bajra(Pearl Millet/Cumbu),Local,Local,07/09/2026,2000,2750,2375
Gujarat,Amreli,Rajula APMC,Black Gram(Urd Beans)(Whole),Local,Local,07/09/2026,6400,6400,6400
Gujarat,Amreli,Damnagar APMC,Ginger(Green),Green Ginger,Local,07/09/2026,7500,7500,7500
Gujarat,Rajkot,Gondal(Veg.market Gondal) APMC,Carrot,Carrot,Local,07/09/2026,1000,3000,2000
Gujarat,Rajkot,Gondal(Veg.market Gondal) APMC,Lemon,Other,Local,07/09/2026,500,10500,5500
Tamil Nadu,Madurai,Chokkikulam(Uzhavar Sandhai ),Green Peas,Green Peas,Local,07/09/2026,14000,15000,14500
Tamil Nadu,Madurai,Chokkikulam(Uzhavar Sandhai ),Papaya,Papaya,Local,07/09/2026,4500,5000,4750
Tamil Nadu,Madurai,Chokkikulam(Uzhavar Sandhai ),Bitter gourd,Bitter Gourd,Local,07/09/2026,5000,6500,5750
Tamil Nadu,Madurai,Chokkikulam(Uzhavar Sandhai ),Cucumbar(Kheera),Cucumbar,Local,07/09/2026,4000,5000,4500
Tamil Nadu,Madurai,Chokkikulam(Uzhavar Sandhai ),Raddish,Raddish,Local,07/09/2026,2400,2800,2600
Tamil Nadu,Madurai,Chokkikulam(Uzhavar Sandhai ),Capsicum,Capsicum,Local,07/09/2026,7000,8000,7500
Tamil Nadu,Madurai,Chokkikulam(Uzhavar Sandhai ),Chow Chow,Chow Chow,Local,07/09/2026,2000,2500,2250
Tamil Nadu,Madurai,Chokkikulam(Uzhavar Sandhai ),Drumstick,Drumstick,Local,07/09/2026,3000,5000,4000
Tamil Nadu,Madurai,Chokkikulam(Uzhavar Sandhai ),Mashrooms,Mashrooms,Local,07/09/2026,25000,30000,27500
Tamil Nadu,Madurai,Chokkikulam(Uzhavar Sandhai ),Onion Green,Onion Green,Local,07/09/2026,7500,8000,7750
Gujarat,Bhavnagar,Taleja APMC,"Sesamum(Sesame,Gingelly,Til)",Black,FAQ,07/09/2026,13000,15860,14430
Karnataka,Shivamogga,Shikaripura APMC,Soyabean,Soyabeen,FAQ,07/09/2026,5800,5900,5848
Keralam,Kottayam,Kurichy VFPCK Market,Bhindi(Ladies Finger),Bhindi,Grade A,07/09/2026,3800,4000,4000
Gujarat,Amreli,The Agricultural Produce Market Committee-Amreli,Castor Seed,Castor seed,FAQ,07/09/2026,7000,7000,7000
Gujarat,Amreli,The Agricultural Produce Market Committee-Amreli,"Sesamum(Sesame,Gingelly,Til)",White,FAQ,07/09/2026,7650,12675,11475
Gujarat,Amreli,The Agricultural Produce Market Committee-Amreli,Red gram/Arhar/Tur(whole),Other,FAQ,07/09/2026,6600,7775,7450
Uttar Pradesh,Sambhal,Sambhal APMC,Groundnut,Other,FAQ,07/09/2026,7149.42,7149.42,7149.42
Karnataka,Kolar,Bangarpet APMC,Potato,Local,Local,07/09/2026,1000,2300,1500
Karnataka,Kolar,Bangarpet APMC,Cucumbar(Kheera),Cucumbar,Local,07/09/2026,700,1500,1000
Karnataka,Kolar,Bangarpet APMC,Knool Khol,Knool Khol,Local,07/09/2026,1200,2000,1500
Karnataka,Raichur,Lingasugur APMC,Bajra(Pearl Millet/Cumbu),Hybrid,Non-FAQ,07/09/2026,2500,2800,2750
Gujarat,Surat,Surat APMC,Banana - Green,Other,FAQ,07/09/2026,700,1500,1100
Gujarat,Surat,Surat APMC,Bottle gourd,Bottle Gourd,FAQ,07/09/2026,1000,3000,2000
Gujarat,Surat,Surat APMC,Beetroot,Other,FAQ,07/09/2026,1500,2500,2000
Gujarat,Surat,Surat APMC,Cabbage,Cabbage,FAQ,07/09/2026,800,2200,1500
Gujarat,Surat,Surat APMC,Carrot,Carrot,FAQ,07/09/2026,1000,2500,1750
Gujarat,Surat,Surat APMC,Capsicum,Other,FAQ,07/09/2026,2000,3750,2875
Gujarat,Surat,Surat APMC,Cluster beans,Other,FAQ,07/09/2026,3000,6500,4750
Gujarat,Surat,Surat APMC,Lemon,Other,FAQ,07/09/2026,2500,12500,7500
Gujarat,Surat,Surat APMC,Indian Beans(Seam),Other,FAQ,07/09/2026,1500,3500,2500
Gujarat,Surat,Surat APMC,Papaya(Raw),Other,FAQ,07/09/2026,900,1300,1100
Gujarat,Surat,Surat APMC,Pea Pod/Pea Cod/हरी मटर,Other,FAQ,07/09/2026,6000,7500,6750
Gujarat,Surat,Surat APMC,Tomato,Other,FAQ,07/09/2026,800,2750,1775
Uttar Pradesh,Saharanpur,Saharanpur APMC,Tomato,Other,FAQ,07/09/2026,1500,1600,1522.16
Maharashtra,Palghar,APMC  VASAI,Rice,1009 Kar,Local,07/09/2026,3450,4690,4250
Andhra Pradesh,Tirupathi,Pakala APMC,Gur(Jaggery),NO 3,Local,07/09/2026,2900,2900,2900
Telangana,Warangal,Warangal APMC,Pomegranate,Pomogranate,Large,07/09/2026,7000,9000,7900
Telangana,Warangal,Warangal APMC,Cabbage,Cabbage,FAQ,07/09/2026,1600,2000,1800
Telangana,Warangal,Warangal APMC,Colacasia,Colacasia,FAQ,07/09/2026,2000,2500,2250
Maharashtra,Palghar,APMC Palghar ,Rice,1009 Kar,Local,07/09/2026,4950,4950,4950
Telangana,Bhadradri Kothagudem,Dammapet APMC,Wood,Eucalyptus,FAQ,07/09/2026,400,400,400
Chattisgarh,Dantewada,Gidam APMC,Tamarind Fruit,With Seed 1Variety,Non-FAQ,07/09/2026,3000,3200,3100
Chattisgarh,Dantewada,Gidam APMC,Paddy(Common),1001,Non-FAQ,07/09/2026,1900,2100,2000
Telangana,Mahabubabad,Kesamudram APMC,Groundnut,Local,Local,07/09/2026,6019,6019,6019
Telangana,Mahabubabad,Kesamudram APMC,Turmeric,Bulb,Local,07/09/2026,11011,14052,13800
Telangana,Karimnagar,Karimnagar APMC,Ridgeguard(Tori),Other,Medium,07/09/2026,1333.3334,1333.3334,1333.3334
Telangana,Karimnagar,Karimnagar APMC,Carrot,Carrot,Medium,07/09/2026,1500,1500,1500
Telangana,Karimnagar,Karimnagar APMC,Bhindi(Ladies Finger),Bhindi,Medium,07/09/2026,1000,1000,1000
Telangana,Karimnagar,Karimnagar APMC,Brinjal,Brinjal,Medium,07/09/2026,1666.66675,1666.66675,1666.66675
Andhra Pradesh,Tirupathi,Nagalapuram APMC,Paddy(Common),Paddy Coarse,Local,07/09/2026,2312.5,2337.5,2325
Andhra Pradesh,Bapatla,Bapatla APMC,Maize,Local,Local,07/09/2026,2200,2400,2300
Andhra Pradesh,Tirupathi,Srikalahasti APMC,Paddy(Common),Paddy Medium,Local,07/09/2026,2300,2600,2450
Andhra Pradesh,Tirupathi,Srikalahasti APMC,Groundnut,Local,Local,07/09/2026,6500,6800,6650
Maharashtra,Nashik,Pimpalgaon Baswant(Saykheda) ,Onion,Unhali,Local,07/09/2026,200,4611,4150
Assam,Nagaon,Haibargaon APMC,Beetroot,Beetroot,FAQ,07/09/2026,1800,2000,1900
Assam,Nagaon,Haibargaon APMC,Bitter gourd,Bitter Gourd,FAQ,07/09/2026,2000,2200,2100
Assam,Nagaon,Haibargaon APMC,Potato,Potato,FAQ,07/09/2026,1300,1500,1400
Assam,Nagaon,Haibargaon APMC,Pumpkin,Pumpkin,FAQ,07/09/2026,1700,1900,1800
Andhra Pradesh,YSR Kadapa,Siddavatam APMC,Banana,Medium,Grade B,07/09/2026,1500,1700,1600
Maharashtra,Pune,APMC Pune ,Maize,Deshi Red,FAQ,07/09/2026,2700,2900,2800
Maharashtra,Pune,APMC Pune ,Sweet Pumpkin,Other,Local,07/09/2026,700,2000,1350
Maharashtra,Pune,APMC Pune ,Coriander(Leaves),Other,Local,07/09/2026,3,9,6
Maharashtra,Pune,APMC Pune ,Chilly Capsicum,Other,Local,07/09/2026,1000,2500,1750
Maharashtra,Pune,APMC Pune ,Tomato,Local,Local,07/09/2026,600,1600,1100
Keralam,Thirssur,Pariyaram VFPCK Market,Banana,Nendra Bale,Grade A,07/09/2026,4800,5600,5400
Keralam,Thiruvananthapuram,Attingal Market,Banana,Robusta,Local,07/09/2026,4500,5200,5000
Keralam,Thiruvananthapuram,Attingal Market,Amaranthus,Other,Local,07/09/2026,4500,5200,5000
Keralam,Thirssur,Chavakkad Market,Ashgourd,Ashgourd,FAQ,07/09/2026,1600,3000,3000
Keralam,Thirssur,Chavakkad Market,Brinjal,Other,FAQ,07/09/2026,2800,4000,4000
Keralam,Thirssur,Chavakkad Market,Cauliflower,Cauliflower,FAQ,07/09/2026,4000,5000,5000
Keralam,Thirssur,Chavakkad Market,Elephant Yam(Suran)/Amorphophallus,Other,FAQ,07/09/2026,3800,5000,5000
Keralam,Thirssur,Chavakkad Market,Ginger(Green),Green Ginger,FAQ,07/09/2026,14000,18000,18000
Keralam,Thirssur,Chavakkad Market,Snakeguard,Snakeguard,FAQ,07/09/2026,3800,4800,4800
Keralam,Thirssur,Chavakkad Market,Tomato,Tomato,FAQ,07/09/2026,2600,3000,3000
Andhra Pradesh,Ananthapuramu,Urvakonda APMC,Groundnut,Local,Local,07/09/2026,7000,8000,7500
Gujarat,Patan,Sami APMC,Cummin Seed(Jeera),Cummin Seed(Jeera),Local,07/09/2026,19000,20250,19500
Gujarat,Patan,Sami APMC,Castor Seed,Castor seed,Local,07/09/2026,7400,7500,7450
Gujarat,Patan,Sami APMC,Suva(Dill Seed),Other,Local,07/09/2026,7750,8750,8500
Gujarat,Patan,Sami APMC,Ajwan,Ajwan,Local,07/09/2026,7500,12750,12000
Uttar Pradesh,Bahraich,Rupaidiha APMC,Potato,Other,FAQ,07/09/2026,955,1010,981.51
Uttar Pradesh,Sambhal,Muradabad APMC,Onion,Other,FAQ,07/09/2026,2500,2500,2500
West Bengal,Bankura,Bankura Sadar APMC,Onion,Nasik,FAQ,07/09/2026,4850,5200,5100
West Bengal,Bankura,Bankura Sadar APMC,Sweet Pumpkin,Sweet Pumpkin,FAQ,07/09/2026,1650,1850,1700
West Bengal,Birbhum,Bolpur APMC,Paddy(Common),Common,FAQ,07/09/2026,2371,2373,2372
Uttarakhand,Udhamsinghnagar,Kashipur APMC,Apple,Apple,Local,07/09/2026,7000,7200,7100
Uttarakhand,Udhamsinghnagar,Kashipur APMC,Guava,Other,Local,07/09/2026,3000,3000,3000
Uttarakhand,Udhamsinghnagar,Kashipur APMC,Banana,Other,Local,07/09/2026,1400,3000,2200
Uttarakhand,Udhamsinghnagar,Kashipur APMC,Colacasia,Other,Local,07/09/2026,1800,1800,1800
Uttarakhand,Udhamsinghnagar,Kicchha APMC,Tomato,Hybrid,Non-FAQ,07/09/2026,1700,1900,1800
Uttarakhand,Udhamsinghnagar,Kicchha APMC,Banana,Banana - Ripe,Medium,07/09/2026,600,800,700
Uttar Pradesh,Pillibhit,Pilibhit APMC,Potato,Other,FAQ,07/09/2026,1000,1000,1000
Uttar Pradesh,Sitapur,Sitapur APMC,Pegeon Pea(Arhar Fali),Other,FAQ,07/09/2026,7900,7900,7900
Keralam,Thiruvananthapuram,Parassala Market,Banana,Palayamthodan,Local,07/09/2026,2800,3200,3000
Keralam,Thiruvananthapuram,Parassala Market,Snakeguard,Snakeguard,Local,07/09/2026,2800,3200,3000
Keralam,Thiruvananthapuram,Parassala Market,Brinjal,Round,Local,07/09/2026,4800,5200,5000
Uttarakhand,Haridwar,Roorkee APMC,Onion,Other,Medium,07/09/2026,2500,4500,3500
Uttarakhand,Haridwar,Roorkee APMC,Tomato,Other,Medium,07/09/2026,1200,2200,1600
Jammu and Kashmir,Shopian,APMC/MAC Shopian,Pear(Marasebu),Kouternal,Grade B,07/09/2026,3125,3750,3437.5
Odisha,Sonepur,Dungurapalli APMC,Pumpkin,Other,Local,07/09/2026,1000,1250,1200
Odisha,Sonepur,Dungurapalli APMC,Pointed gourd(Parval),Other,Local,07/09/2026,5000,5500,5200
Maharashtra,Pune,Pune(Moshi) ,Pomegranate,Other,Local,07/09/2026,8000,10000,9000
Maharashtra,Pune,Pune(Moshi) ,Orange,Other,Local,07/09/2026,7000,7000,7000
Maharashtra,Pune,Pune(Moshi) ,Potato,Local,Local,07/09/2026,1000,1200,1100
Maharashtra,Pune,Pune(Moshi) ,Bhindi(Ladies Finger),Other,Local,07/09/2026,1000,2500,1750
Maharashtra,Pune,Pune(Moshi) ,Bottle gourd,Other,Local,07/09/2026,2000,2500,2250
Maharashtra,Pune,Pune(Moshi) ,Onion Green,Other,Local,07/09/2026,10,10,10
Maharashtra,Pune,Pune(Moshi) ,Garlic,Other,Local,07/09/2026,12000,13000,12500
Maharashtra,Pune,Pune(Moshi) ,Tomato,Local,Local,07/09/2026,1000,1200,1100
Keralam,Kannur,Kannur Market,Banana - Green,Other,Grade A,07/09/2026,6500,7000,6800
Keralam,Kannur,Payyannur Market,Coconut Seed,Other,Local,07/09/2026,5400,5600,5500
Keralam,Kannur,Payyannur Market,Amaranthus,Other,Local,07/09/2026,3800,4000,3900
Keralam,Kannur,Payyannur Market,Banana - Green,Other,Local,07/09/2026,6400,6600,6500
Maharashtra,Ratnagiri,APMC Ratnagiri (Nachane) ,Brinjal,Other,Local,07/09/2026,500,1500,1000
Karnataka,Davangere,Honnali APMC,Maize,Local,FAQ,07/09/2026,2500,2750,2650
Karnataka,Mysuru,K.R.Nagar APMC,Tender Coconut,Tender Coconut,Small,07/09/2026,19000,20000,19700
Jammu and Kashmir,Ganderbal,Market Administrative Committee Zazna,Apple,Delicious,Grade A,07/09/2026,8750,10000,9375
Assam,Darrang,Balugaon APMC,Bitter gourd,Bitter Gourd,Local,07/09/2026,2200,2600,2400
Assam,Darrang,Besimari APMC,Bottle gourd,Bottle Gourd,Local,07/09/2026,1400,1600,1500
Tamil Nadu,Erode,Thalavadi(Uzhavar Sandhai ),Ashgourd,Gouard,Local,07/09/2026,1200,1500,1350
Tamil Nadu,Erode,Thalavadi(Uzhavar Sandhai ),Banana - Green,Banana - Green,Local,07/09/2026,3000,3500,3250
Tamil Nadu,Erode,Thalavadi(Uzhavar Sandhai ),Beans,Beans (Whole),Local,07/09/2026,6500,7000,6750
Tamil Nadu,Erode,Thalavadi(Uzhavar Sandhai ),Onion,Bellary,Local,07/09/2026,5500,6000,5750
Tamil Nadu,Erode,Thalavadi(Uzhavar Sandhai ),Carrot,Pusakesar,Local,07/09/2026,6000,6500,6250
Tamil Nadu,Erode,Thalavadi(Uzhavar Sandhai ),Cucumbar(Kheera),Cucumbar,Local,07/09/2026,3000,3400,3200
Tamil Nadu,Erode,Thalavadi(Uzhavar Sandhai ),Drumstick,Drumstick,Local,07/09/2026,3000,3500,3250
Tamil Nadu,Erode,Thalavadi(Uzhavar Sandhai ),Lemon,Lemon,Local,07/09/2026,7000,7500,7250
Tamil Nadu,Cuddalore,Viruthachalam(Uzhavar Sandhai ),Cluster beans,Cluster Beans,Local,07/09/2026,3000,3000,3000
Tamil Nadu,Cuddalore,Viruthachalam(Uzhavar Sandhai ),Bottle gourd,Bottle Gourd,Local,07/09/2026,3000,3000,3000
Tamil Nadu,Cuddalore,Viruthachalam(Uzhavar Sandhai ),Banana - Green,Banana - Green,Local,07/09/2026,2500,3000,2750
Tamil Nadu,Cuddalore,Viruthachalam(Uzhavar Sandhai ),Potato,Red Nanital,Local,07/09/2026,4000,4000,4000
Tamil Nadu,Cuddalore,Viruthachalam(Uzhavar Sandhai ),Snakeguard,Snakeguard,Local,07/09/2026,2500,2500,2500
Tamil Nadu,Cuddalore,Viruthachalam(Uzhavar Sandhai ),Ridgeguard(Tori),Ridgeguard(Tori),Local,07/09/2026,5000,5000,5000
Tamil Nadu,Cuddalore,Viruthachalam(Uzhavar Sandhai ),Drumstick,Drumstick,Local,07/09/2026,3000,3000,3000
Tamil Nadu,Cuddalore,Viruthachalam(Uzhavar Sandhai ),Mango(Raw-Ripe),Mango - Raw-Ripe,Local,07/09/2026,10000,10000,10000
Tamil Nadu,Cuddalore,Viruthachalam(Uzhavar Sandhai ),Onion Green,Onion Green,Local,07/09/2026,8000,8000,8000
Maharashtra,Sangli,APMC Vita ,Tomato,Other,Local,07/09/2026,2000,2500,2000
Maharashtra,Satara,APMC Karad ,Bottle gourd,Other,Local,07/09/2026,1000,1500,1500
Maharashtra,Satara,APMC Karad ,Cauliflower,Other,Local,07/09/2026,1500,2000,2000
Tamil Nadu,Krishnagiri,Krishnagiri(Uzhavar Sandhai ),Bhindi(Ladies Finger),Bhindi,Local,07/09/2026,2000,2400,2200
Tamil Nadu,Krishnagiri,Krishnagiri(Uzhavar Sandhai ),Green Chilli,Green Chilly,Local,07/09/2026,3000,3400,3200
Tamil Nadu,Krishnagiri,Krishnagiri(Uzhavar Sandhai ),Tapioca,Tapioca,Local,07/09/2026,2500,2800,2650
Tamil Nadu,Krishnagiri,Krishnagiri(Uzhavar Sandhai ),Banana,Besrai,Local,07/09/2026,6000,7000,6500
Tamil Nadu,Krishnagiri,Krishnagiri(Uzhavar Sandhai ),Onion,Bellary,Local,07/09/2026,5000,6000,5500
Tamil Nadu,Krishnagiri,Krishnagiri(Uzhavar Sandhai ),Ginger(Green),Green Ginger,Local,07/09/2026,17000,18000,17500
Tamil Nadu,Krishnagiri,Krishnagiri(Uzhavar Sandhai ),Cabbage,Cabbage,Local,07/09/2026,2500,3000,2750
Tamil Nadu,Krishnagiri,Krishnagiri(Uzhavar Sandhai ),Cucumbar(Kheera),Cucumbar,Local,07/09/2026,2000,2400,2200
Tamil Nadu,Krishnagiri,Krishnagiri(Uzhavar Sandhai ),Marigold(Calcutta),Marigold(Calcutta),Local,07/09/2026,8000,10000,9000
Tamil Nadu,Krishnagiri,Krishnagiri(Uzhavar Sandhai ),Indian Beans(Seam),Indian Beans (Seam),Local,07/09/2026,3000,3400,3200
Tamil Nadu,Krishnagiri,Krishnagiri(Uzhavar Sandhai ),Rose(Local),Rose (Local),Local,07/09/2026,12000,14000,13000
Maharashtra,Satara,APMC Patan ,Cabbage,Other,Local,07/09/2026,1500,2000,1750
Maharashtra,Satara,APMC Patan ,Green Chilli,Other,Local,07/09/2026,2500,3000,2750
Tamil Nadu,Nagapattinam,Nagapattinam(Uzhavar Sandhai ),Cluster beans,Cluster Beans,Local,07/09/2026,3800,4200,4000
Tamil Nadu,Nagapattinam,Nagapattinam(Uzhavar Sandhai ),Beans,Beans (Whole),Local,07/09/2026,9000,10600,9800
Tamil Nadu,Nagapattinam,Nagapattinam(Uzhavar Sandhai ),Potato,Red Nanital,Local,07/09/2026,3700,4200,3950
Tamil Nadu,Nagapattinam,Nagapattinam(Uzhavar Sandhai ),Cucumbar(Kheera),Cucumbar,Local,07/09/2026,8000,8000,8000
Tamil Nadu,Nagapattinam,Nagapattinam(Uzhavar Sandhai ),Elephant Yam(Suran)/Amorphophallus,Elephant Yam (Suran),Local,07/09/2026,6600,7200,6900
Tamil Nadu,Tenkasi,Sankarankoil(Uzhavar Sandhai ),Brinjal,Other,Local,07/09/2026,3500,3500,3500
Tamil Nadu,Tenkasi,Sankarankoil(Uzhavar Sandhai ),Bhindi(Ladies Finger),Bhindi,Local,07/09/2026,3000,3500,3250
Tamil Nadu,Tenkasi,Sankarankoil(Uzhavar Sandhai ),Drumstick,Drumstick,Local,07/09/2026,3500,3500,3500
Tamil Nadu,Tenkasi,Sankarankoil(Uzhavar Sandhai ),Guava,Guava Allahabad,Local,07/09/2026,5000,5000,5000
Tamil Nadu,Tenkasi,Sankarankoil(Uzhavar Sandhai ),Yam(Ratalu),Yam (Ratalu),Local,07/09/2026,7000,7000,7000
Tamil Nadu,Tenkasi,Tenkasi(Uzhavar Sandhai ),Garlic,Garlic,Local,07/09/2026,15000,15000,15000
Tamil Nadu,Tenkasi,Tenkasi(Uzhavar Sandhai ),Coriander(Leaves),I Sort,Local,07/09/2026,2500,2500,2500
Tamil Nadu,Tenkasi,Tenkasi(Uzhavar Sandhai ),Papaya,Papaya,Local,07/09/2026,3000,3000,3000
Tamil Nadu,Tenkasi,Tenkasi(Uzhavar Sandhai ),Beans,Beans (Whole),Local,07/09/2026,9000,10000,9500
Tamil Nadu,Tenkasi,Tenkasi(Uzhavar Sandhai ),Beetroot,Beetroot,Local,07/09/2026,4000,4000,4000
Tamil Nadu,Tenkasi,Tenkasi(Uzhavar Sandhai ),Capsicum,Capsicum,Local,07/09/2026,6000,6000,6000
Tamil Nadu,Tenkasi,Tenkasi(Uzhavar Sandhai ),Mango(Raw-Ripe),Mango - Raw-Ripe,Local,07/09/2026,6000,8000,7000
Tamil Nadu,Tenkasi,Tenkasi(Uzhavar Sandhai ),Lime,Lime,Local,07/09/2026,4000,4000,4000
Tamil Nadu,Tenkasi,Tenkasi(Uzhavar Sandhai ),Tender Coconut,Tender Coconut,Local,07/09/2026,4000,4000,4000
Tamil Nadu,Tenkasi,Tenkasi(Uzhavar Sandhai ),Lemon,Lemon,Local,07/09/2026,10000,10000,10000
Tamil Nadu,Pudukkottai,Pudukottai(Uzhavar Sandhai ),Bhindi(Ladies Finger),Bhindi,Local,07/09/2026,2500,3000,2750
Tamil Nadu,Pudukkottai,Pudukottai(Uzhavar Sandhai ),Ridgeguard(Tori),Ridgeguard(Tori),Local,07/09/2026,5000,6000,5500
Tamil Nadu,Pudukkottai,Pudukottai(Uzhavar Sandhai ),Drumstick,Drumstick,Local,07/09/2026,4000,5000,4500
Tamil Nadu,Pudukkottai,Pudukottai(Uzhavar Sandhai ),Jack Fruit(Ripe),Jack Fruit,Local,07/09/2026,1500,2000,1750
Tamil Nadu,Pudukkottai,Pudukottai(Uzhavar Sandhai ),Guava,Guava Allahabad,Local,07/09/2026,7000,8000,7500
Tamil Nadu,Thanjavur,Kumbakonam (Uzhavar Sandhai ),Tomato,Deshi,Local,07/09/2026,2400,3000,2700
Tamil Nadu,Thanjavur,Kumbakonam (Uzhavar Sandhai ),Ridgeguard(Tori),Ridgeguard(Tori),Local,07/09/2026,4800,4800,4800
Tamil Nadu,Thanjavur,Kumbakonam (Uzhavar Sandhai ),Mashrooms,Mashrooms,Local,07/09/2026,30000,30000,30000
Uttar Pradesh,Etah,Awagarh APMC,Banana - Green,Banana - Green,FAQ,07/09/2026,1400,1600,1500
Uttar Pradesh,Etah,Awagarh APMC,Brinjal,Brinjal,FAQ,07/09/2026,1400,1600,1500
Uttar Pradesh,Etah,Awagarh APMC,Cabbage,Cabbage,FAQ,07/09/2026,1400,1800,1500
Uttar Pradesh,Etah,Awagarh APMC,Potato,Other,FAQ,07/09/2026,500,500,500
Uttar Pradesh,Etah,Awagarh APMC,Green Chilli,Other,FAQ,07/09/2026,3500,3500,3500
Tamil Nadu,The Nilgiris,Udhagamandalam(Uzhavar Sandhai ),Brinjal,Other,Local,07/09/2026,3500,3800,3650
Tamil Nadu,The Nilgiris,Udhagamandalam(Uzhavar Sandhai ),Green Avare(W),Green Avare (W),Local,07/09/2026,6000,6400,6200
Tamil Nadu,The Nilgiris,Udhagamandalam(Uzhavar Sandhai ),Tapioca,Tapioca,Local,07/09/2026,3000,3500,3250
Tamil Nadu,The Nilgiris,Udhagamandalam(Uzhavar Sandhai ),Sweet Potato,Hosur Red,Local,07/09/2026,4000,4500,4250
Tamil Nadu,The Nilgiris,Udhagamandalam(Uzhavar Sandhai ),Cabbage,Cabbage,Local,07/09/2026,2000,2500,2250
Tamil Nadu,The Nilgiris,Udhagamandalam(Uzhavar Sandhai ),Chow Chow,Chow Chow,Local,07/09/2026,2000,2500,2250
Tamil Nadu,The Nilgiris,Udhagamandalam(Uzhavar Sandhai ),Drumstick,Drumstick,Local,07/09/2026,3000,3400,3200
Tamil Nadu,The Nilgiris,Udhagamandalam(Uzhavar Sandhai ),Mango(Raw-Ripe),Mango - Raw-Ripe,Local,07/09/2026,8000,10000,9000
Tamil Nadu,The Nilgiris,Udhagamandalam(Uzhavar Sandhai ),Guava,Guava Allahabad,Local,07/09/2026,7000,8000,7500
Tamil Nadu,The Nilgiris,Udhagamandalam(Uzhavar Sandhai ),Onion Green,Onion Green,Local,07/09/2026,7000,8000,7500
Tamil Nadu,Theni,Andipatti(Uzhavar Sandhai ),Green Chilli,Green Chilly,Local,07/09/2026,4000,4200,4100
Tamil Nadu,Theni,Andipatti(Uzhavar Sandhai ),Banana - Green,Banana - Green,Local,07/09/2026,3000,3500,3250
Tamil Nadu,Theni,Andipatti(Uzhavar Sandhai ),Carrot,Pusakesar,Local,07/09/2026,5200,5400,5300
Tamil Nadu,Theni,Andipatti(Uzhavar Sandhai ),Cabbage,Cabbage,Local,07/09/2026,2300,2500,2400
Tamil Nadu,Theni,Andipatti(Uzhavar Sandhai ),Ridgeguard(Tori),Ridgeguard(Tori),Local,07/09/2026,3600,3800,3700
Gujarat,Navsari,Bilimora APMC,Long Melon(Kakri),Other,FAQ,07/09/2026,1500,2000,1800
Tamil Nadu,Theni,Bodinayakanur(Uzhavar Sandhai ),Coriander(Leaves),I Sort,Local,07/09/2026,2500,2500,2500
Tamil Nadu,Theni,Bodinayakanur(Uzhavar Sandhai ),Bottle gourd,Bottle Gourd,Local,07/09/2026,2000,2000,2000
Tamil Nadu,Theni,Bodinayakanur(Uzhavar Sandhai ),Pumpkin,Pumpkin,Local,07/09/2026,1800,1800,1800
Tamil Nadu,Theni,Bodinayakanur(Uzhavar Sandhai ),Onion,Bellary,Local,07/09/2026,6000,6000,6000
Tamil Nadu,Theni,Bodinayakanur(Uzhavar Sandhai ),Carrot,Pusakesar,Local,07/09/2026,5000,5000,5000
Tamil Nadu,Theni,Bodinayakanur(Uzhavar Sandhai ),Raddish,Raddish,Local,07/09/2026,2000,2000,2000
Tamil Nadu,Theni,Bodinayakanur(Uzhavar Sandhai ),Knool Khol,Knool Khol,Local,07/09/2026,2600,2600,2600
Tamil Nadu,Theni,Bodinayakanur(Uzhavar Sandhai ),Elephant Yam(Suran)/Amorphophallus,Elephant Yam (Suran),Local,07/09/2026,4000,4000,4000
Haryana,Mewat,Tauru APMC,Green Chilli,Green Chilly,Medium,07/09/2026,2500,3000,2500
West Bengal,Bankura,Bishnupur(Bankura) APMC,Brinjal,Brinjal,FAQ,07/09/2026,3500,4200,4000
West Bengal,Bankura,Bishnupur(Bankura) APMC,Potato,Jyoti,FAQ,07/09/2026,690,760,720
Bihar,Gaya,Tekari APMC,Bhindi(Ladies Finger),Bhindi,Medium,07/09/2026,350,350,350
West Bengal,Jalpaiguri,Dhupguri APMC,Bitter gourd,Bitter Gourd,FAQ,07/09/2026,4400,4600,4500
West Bengal,Jalpaiguri,Dhupguri APMC,Potato,Jyoti,FAQ,07/09/2026,580,600,590
Tamil Nadu,Thiruvarur,Needamangalam(Uzhavar Sandhai ),Bitter gourd,Bitter Gourd,Local,07/09/2026,5600,5600,5600
Tamil Nadu,Thiruvarur,Needamangalam(Uzhavar Sandhai ),Mint(Pudina),Mint(Pudina),Local,07/09/2026,5500,5500,5500
Tamil Nadu,Thiruvarur,Tiruvarur(Uzhavar Sandhai ),Ashgourd,Gouard,Local,07/09/2026,3000,3000,3000
Tamil Nadu,Thiruvarur,Tiruvarur(Uzhavar Sandhai ),Green Chilli,Green Chilly,Local,07/09/2026,5000,5000,5000
Tamil Nadu,Thiruvarur,Tiruvarur(Uzhavar Sandhai ),Banana - Green,Banana - Green,Local,07/09/2026,4000,4000,4000
West Bengal,Medinipur(E),Tamluk (Medinipur E) APMC,Rice,Common,FAQ,07/09/2026,3200,3400,3300
West Bengal,Medinipur(E),Tamluk (Medinipur E) APMC,Sweet Pumpkin,Sweet Pumpkin,FAQ,07/09/2026,1800,2200,2000
Bihar,East Champaran/ Motihari,Madhuban APMC,Brinjal,Brinjal,Local,07/09/2026,1400,1600,1500
Bihar,East Champaran/ Motihari,Madhuban APMC,Pointed gourd(Parval),Pointed gourd (Parval),Local,07/09/2026,3800,4200,4000
Bihar,Madhubani,Benipatti APMC,Green Chilli,Green Chilly,FAQ,07/09/2026,6500,6800,6600
Bihar,Madhubani,Benipatti APMC,Potato,Potato,FAQ,07/09/2026,1150,1250,1200
West Bengal,Coochbehar,Dinhata APMC,Brinjal,Brinjal,FAQ,07/09/2026,4000,4400,4200
Assam,Nagaon,Doomdumia APMC,Brinjal,Brinjal,FAQ,07/09/2026,3200,3400,3300
Assam,Nagaon,Doomdumia APMC,Onion,Onion,FAQ,07/09/2026,3300,3500,3400
Madhya Pradesh,Chhatarpur,Chattarpur(F&V) APMC,Ginger(Green),Other,Grade C,07/09/2026,5500,5500,5500
West Bengal,Coochbehar,Haldibari APMC,Rice,Common,FAQ,07/09/2026,4000,4200,4100
West Bengal,Murshidabad,Kasimbazar APMC,Rice,Common,FAQ,07/09/2026,3500,3700,3600
West Bengal,Birbhum,Sainthia APMC,Paddy(Common),Common,FAQ,07/09/2026,2371,2373,2372
West Bengal,Birbhum,Sainthia APMC,Potato,Potato,FAQ,07/09/2026,1000,1100,1050
West Bengal,Medinipur(E),Kolaghat APMC,Rice,Common,FAQ,07/09/2026,3200,3400,3300
West Bengal,Medinipur(E),Kolaghat APMC,Marigold(loose),Marigold(Loose),FAQ,07/09/2026,5000,6000,5500
Tamil Nadu,Virudhunagar,Aruppukottai(Uzhavar Sandhai ),Bitter gourd,Bitter Gourd,Local,07/09/2026,6000,8000,7000
Tamil Nadu,Virudhunagar,Aruppukottai(Uzhavar Sandhai ),Green Chilli,Green Chilly,Local,07/09/2026,4000,5000,4500
Tamil Nadu,Virudhunagar,Aruppukottai(Uzhavar Sandhai ),Ginger(Green),Green Ginger,Local,07/09/2026,18000,20000,19000
Tamil Nadu,Virudhunagar,Aruppukottai(Uzhavar Sandhai ),Coconut,Coconut,Local,07/09/2026,5000,6000,5500
Tamil Nadu,Virudhunagar,Aruppukottai(Uzhavar Sandhai ),Chow Chow,Chow Chow,Local,07/09/2026,3000,3500,3250
Tamil Nadu,Virudhunagar,Aruppukottai(Uzhavar Sandhai ),Beetroot,Beetroot,Local,07/09/2026,4000,5000,4500
Tamil Nadu,Virudhunagar,Aruppukottai(Uzhavar Sandhai ),Lime,Lime,Local,07/09/2026,8000,9000,8500
Tamil Nadu,Virudhunagar,Aruppukottai(Uzhavar Sandhai ),Guava,Guava Allahabad,Local,07/09/2026,4000,5000,4500
Tamil Nadu,Virudhunagar,Aruppukottai(Uzhavar Sandhai ),Elephant Yam(Suran)/Amorphophallus,Elephant Yam (Suran),Local,07/09/2026,4000,5000,4500
Tamil Nadu,Villupuram,Gingee(Uzhavar Sandhai ),Potato,Red Nanital,Local,07/09/2026,4000,4000,4000
Tamil Nadu,Villupuram,Gingee(Uzhavar Sandhai ),Coriander(Leaves),I Sort,Local,07/09/2026,4000,4000,4000
Tamil Nadu,Villupuram,Gingee(Uzhavar Sandhai ),Papaya,Papaya,Local,07/09/2026,5000,5000,5000
Tamil Nadu,Villupuram,Gingee(Uzhavar Sandhai ),Green Chilli,Green Chilly,Local,07/09/2026,5000,5000,5000
Tamil Nadu,Villupuram,Gingee(Uzhavar Sandhai ),Beans,Beans (Whole),Local,07/09/2026,9000,9000,9000
Tamil Nadu,Villupuram,Gingee(Uzhavar Sandhai ),Ridgeguard(Tori),Ridgeguard(Tori),Local,07/09/2026,4000,4000,4000
Tamil Nadu,Villupuram,Gingee(Uzhavar Sandhai ),Raddish,Raddish,Local,07/09/2026,4000,4000,4000
Tamil Nadu,Villupuram,Gingee(Uzhavar Sandhai ),Mint(Pudina),Mint(Pudina),Local,07/09/2026,3000,3000,3000
Tamil Nadu,Thiruvarur,Valangaiman APMC,Brinjal,Round,Local,07/09/2026,4000,4000,4000
Tamil Nadu,Thiruvarur,Valangaiman APMC,Tomato,Deshi,Local,07/09/2026,2600,2600,2600
Tamil Nadu,Thiruvarur,Valangaiman APMC,Bottle gourd,Bottle Gourd,Local,07/09/2026,3000,3000,3000
Tamil Nadu,Thiruvarur,Valangaiman APMC,Pumpkin,Pumpkin,Local,07/09/2026,2400,2400,2400
Tamil Nadu,Thiruvarur,Valangaiman APMC,Bhindi(Ladies Finger),Bhindi,Local,07/09/2026,4000,4000,4000
Tamil Nadu,Thiruvarur,Valangaiman APMC,Banana - Green,Banana - Green,Local,07/09/2026,4000,4000,4000
Tamil Nadu,Thiruvarur,Valangaiman APMC,Coconut,Coconut,Local,07/09/2026,5000,5000,5000
Andhra Pradesh,Srikakulam,Ichapuram APMC,Paddy(Common),Sannalu,Local,07/09/2026,2369,2369,2369
Uttar Pradesh,Saharanpur,CHHUTMALPUR APMC,Pumpkin,Pumpkin,Local,07/09/2026,1300,1500,1400
Uttar Pradesh,Saharanpur,CHHUTMALPUR APMC,Raddish,Raddish,Local,07/09/2026,1300,1500,1400
Uttar Pradesh,Saharanpur,CHHUTMALPUR APMC,Bhindi(Ladies Finger),Bhindi,Local,07/09/2026,1300,1500,1400
Uttar Pradesh,Saharanpur,CHHUTMALPUR APMC,Bitter gourd,Bitter Gourd,Local,07/09/2026,1500,2000,1700
Tamil Nadu,Thiruvellore,Tiruthani(Uzhavar Sandhai ),Cauliflower,Ranchi,Local,07/09/2026,4000,4000,4000
Tamil Nadu,Thiruvellore,Tiruthani(Uzhavar Sandhai ),Coriander(Leaves),I Sort,Local,07/09/2026,5000,5000,5000
Tamil Nadu,Thiruvellore,Tiruthani(Uzhavar Sandhai ),Bhindi(Ladies Finger),Bhindi,Local,07/09/2026,4000,4000,4000
Tamil Nadu,Thiruvellore,Tiruthani(Uzhavar Sandhai ),Green Chilli,Green Chilly,Local,07/09/2026,6000,6000,6000
Tamil Nadu,Thiruvellore,Tiruthani(Uzhavar Sandhai ),Banana - Green,Banana - Green,Local,07/09/2026,4000,4000,4000
Tamil Nadu,Thiruvellore,Tiruthani(Uzhavar Sandhai ),Ginger(Green),Green Ginger,Local,07/09/2026,10000,10000,10000
Tamil Nadu,Thiruvellore,Tiruthani(Uzhavar Sandhai ),Cabbage,Cabbage,Local,07/09/2026,4000,4000,4000
Tamil Nadu,Thiruvellore,Tiruthani(Uzhavar Sandhai ),Beetroot,Beetroot,Local,07/09/2026,6000,6000,6000
Tamil Nadu,Thiruvellore,Tiruthani(Uzhavar Sandhai ),Raddish,Raddish,Local,07/09/2026,4000,4000,4000
Tamil Nadu,Thiruvellore,Tiruthani(Uzhavar Sandhai ),Thondekai,Thondekai,Local,07/09/2026,5000,5000,5000
Tamil Nadu,Thiruvellore,Tiruthani(Uzhavar Sandhai ),Lemon,Lemon,Local,07/09/2026,10000,10000,10000
Tamil Nadu,Thiruvellore,Tiruthani(Uzhavar Sandhai ),Turnip,Turnip,Local,07/09/2026,4000,4000,4000
Tamil Nadu,Virudhunagar,Kariyapatti(Uzhavar Sandhai ),Garlic,Garlic,Local,07/09/2026,23000,24000,23500
Tamil Nadu,Virudhunagar,Kariyapatti(Uzhavar Sandhai ),Ashgourd,Gouard,Local,07/09/2026,2000,2500,2250
Tamil Nadu,Virudhunagar,Kariyapatti(Uzhavar Sandhai ),Banana,Besrai,Local,07/09/2026,3500,4000,3750
Tamil Nadu,Virudhunagar,Kariyapatti(Uzhavar Sandhai ),Potato,Red Nanital,Local,07/09/2026,3000,3500,3250
Tamil Nadu,Virudhunagar,Kariyapatti(Uzhavar Sandhai ),Ridgeguard(Tori),Ridgeguard(Tori),Local,07/09/2026,5500,6000,5750
Tamil Nadu,Virudhunagar,Kariyapatti(Uzhavar Sandhai ),Lemon,Lemon,Local,07/09/2026,19000,20000,19500
Tamil Nadu,Virudhunagar,Kariyapatti(Uzhavar Sandhai ),Mint(Pudina),Mint(Pudina),Local,07/09/2026,4500,5000,4750
Uttar Pradesh,Bulandshahar,Buland Shahr APMC,Tomato,Other,FAQ,07/09/2026,2000,2000,2000
Uttar Pradesh,Sambhal,Chandausi APMC,Rice,Common,FAQ,07/09/2026,3250,3250,3250
Tamil Nadu,Thiruvellore,Tiruvallur(Uzhavar Sandhai ),Tomato,Deshi,Local,07/09/2026,2500,3000,2750
Tamil Nadu,Thiruvellore,Tiruvallur(Uzhavar Sandhai ),Cluster beans,Cluster Beans,Local,07/09/2026,3500,3500,3500
Tamil Nadu,Thiruvellore,Tiruvallur(Uzhavar Sandhai ),Bottle gourd,Bottle Gourd,Local,07/09/2026,3000,3000,3000
Tamil Nadu,Thiruvellore,Tiruvallur(Uzhavar Sandhai ),Bhindi(Ladies Finger),Bhindi,Local,07/09/2026,4000,4000,4000
Tamil Nadu,Thiruvellore,Tiruvallur(Uzhavar Sandhai ),Mango(Raw-Ripe),Mango - Raw-Ripe,Local,07/09/2026,5000,5000,5000
Keralam,Thiruvananthapuram,Aryanad VFPCK Market,Banana,Nendra Bale,Grade A,07/09/2026,5900,6300,6100
Madhya Pradesh,Shivpuri,Karera(F&V) APMC,Bottle gourd,Bottle Gourd,Local,07/09/2026,800,1300,1100
Madhya Pradesh,Dhar,Kukshi(F&V) APMC,Cauliflower,Cauliflower,Grade A,07/09/2026,1100,1800,1400
Madhya Pradesh,Dhar,Kukshi(F&V) APMC,Bitter gourd,Bitter Gourd,Grade A,07/09/2026,700,1500,1100
Madhya Pradesh,Dhar,Kukshi(F&V) APMC,Coriander(Leaves),Coriander,Grade A,07/09/2026,1000,1400,1200
Tamil Nadu,Vellore,Katpadi (Uzhavar Sandhai ),Green Avare(W),Green Avare (W),Local,07/09/2026,6000,6000,6000
Tamil Nadu,Vellore,Katpadi (Uzhavar Sandhai ),Cluster beans,Cluster Beans,Local,07/09/2026,2500,2500,2500
Tamil Nadu,Vellore,Katpadi (Uzhavar Sandhai ),Green Chilli,Green Chilly,Local,07/09/2026,4500,5000,4750
Tamil Nadu,Vellore,Katpadi (Uzhavar Sandhai ),Tapioca,Tapioca,Local,07/09/2026,3500,3500,3500
Tamil Nadu,Vellore,Katpadi (Uzhavar Sandhai ),Banana,Besrai,Local,07/09/2026,5000,6000,5500
Tamil Nadu,Vellore,Katpadi (Uzhavar Sandhai ),Coconut,Coconut,Local,07/09/2026,3000,3500,3250
Tamil Nadu,Vellore,Katpadi (Uzhavar Sandhai ),Snakeguard,Snakeguard,Local,07/09/2026,3000,3000,3000
Tamil Nadu,Vellore,Katpadi (Uzhavar Sandhai ),Beetroot,Beetroot,Local,07/09/2026,3500,3500,3500
Tamil Nadu,Vellore,Katpadi (Uzhavar Sandhai ),Knool Khol,Knool Khol,Local,07/09/2026,2500,2500,2500
Tamil Nadu,Vellore,Katpadi (Uzhavar Sandhai ),Onion Green,Onion Green,Local,07/09/2026,8000,8000,8000
Assam,Nagaon,Ambagan APMC,Pumpkin,Pumpkin,FAQ,07/09/2026,1800,2000,1900
Andhra Pradesh,Kakinada,Peddapuram APMC,Paddy(Common),1001,FAQ,07/09/2026,2369,2390,2369
Maharashtra,Chandrapur,APMC Nagbhid ,Paddy(Common),Other,FAQ,07/09/2026,3200,3200,3200
West Bengal,Uttar Dinajpur,Kaliaganj APMC,Potato,Other,FAQ,07/09/2026,600,630,620
Telangana,Khammam,"Sattupalli (Ramalayam),RBZ",Tomato,Deshi,FAQ,07/09/2026,2000,3000,2800
Tamil Nadu,Madurai,Thirumangalam(Uzhavar Sandhai ),Brinjal,Round,Local,07/09/2026,3600,4000,3800
Tamil Nadu,Madurai,Thirumangalam(Uzhavar Sandhai ),Papaya,Papaya,Local,07/09/2026,4500,5000,4750
Tamil Nadu,Madurai,Thirumangalam(Uzhavar Sandhai ),Pumpkin,Pumpkin,Local,07/09/2026,1600,2000,1800
Tamil Nadu,Madurai,Thirumangalam(Uzhavar Sandhai ),Bhindi(Ladies Finger),Bhindi,Local,07/09/2026,2800,3000,2900
Tamil Nadu,Madurai,Thirumangalam(Uzhavar Sandhai ),Amaranthus,Amaranthus,Local,07/09/2026,3000,3600,3300
Tamil Nadu,Madurai,Thirumangalam(Uzhavar Sandhai ),Onion,Bellary,Local,07/09/2026,6000,6500,6250
Tamil Nadu,Madurai,Thirumangalam(Uzhavar Sandhai ),Green Avare(W),Green Avare (W),Local,07/09/2026,8000,9000,8500
Tamil Nadu,Madurai,Thirumangalam(Uzhavar Sandhai ),Ridgeguard(Tori),Ridgeguard(Tori),Local,07/09/2026,5000,5500,5250
Tamil Nadu,Madurai,Thirumangalam(Uzhavar Sandhai ),Guava,Guava Allahabad,Local,07/09/2026,6000,7000,6500
Karnataka,Koppal,Kanakagiri APMC,Bajra(Pearl Millet/Cumbu),Local,Non-FAQ,07/09/2026,2420,2520,2500
Tamil Nadu,Madurai,Melur(Uzhavar Sandhai ),Bhindi(Ladies Finger),Bhindi,Local,07/09/2026,2800,3000,2900
Tamil Nadu,Madurai,Melur(Uzhavar Sandhai ),Amaranthus,Amaranthus,Local,07/09/2026,3000,3600,3300
Tamil Nadu,Madurai,Melur(Uzhavar Sandhai ),Green Avare(W),Green Avare (W),Local,07/09/2026,5000,6000,5500
Tamil Nadu,Madurai,Melur(Uzhavar Sandhai ),Snakeguard,Snakeguard,Local,07/09/2026,3000,3600,3300
Tamil Nadu,Madurai,Melur(Uzhavar Sandhai ),Ridgeguard(Tori),Ridgeguard(Tori),Local,07/09/2026,4000,5000,4500
Tamil Nadu,Madurai,Melur(Uzhavar Sandhai ),Colacasia,Colacasia,Local,07/09/2026,5000,6000,5500
Tamil Nadu,Salem,Vazhapadi(Uzhavar Sandhai),Cauliflower,Ranchi,Local,07/09/2026,2500,3000,2750
Tamil Nadu,Salem,Vazhapadi(Uzhavar Sandhai),Papaya,Papaya,Local,07/09/2026,3000,3500,3250
Tamil Nadu,Salem,Vazhapadi(Uzhavar Sandhai),Bottle gourd,Bottle Gourd,Local,07/09/2026,2000,2500,2250
Tamil Nadu,Salem,Vazhapadi(Uzhavar Sandhai),Ashgourd,Gouard,Local,07/09/2026,2300,2500,2400
Tamil Nadu,Salem,Vazhapadi(Uzhavar Sandhai),Banana - Green,Banana - Green,Local,07/09/2026,2000,2500,2250
Tamil Nadu,Salem,Vazhapadi(Uzhavar Sandhai),Banana,Red Banana,Local,07/09/2026,6500,7000,6750
Tamil Nadu,Salem,Vazhapadi(Uzhavar Sandhai),Thondekai,Thondekai,Local,07/09/2026,4500,5000,4750
Tamil Nadu,Salem,Vazhapadi(Uzhavar Sandhai),Onion Green,Onion Green,Local,07/09/2026,6000,6500,6250
Keralam,Kasargod,Madikai  VFPCK Market,Banana - Green,Banana - Green,Grade A,07/09/2026,5300,5500,5400
Tamil Nadu,Karur,Gandhigramam(Uzhavar Sandhai),Potato,Other,Local,07/09/2026,3500,6000,4750
Tamil Nadu,Karur,Gandhigramam(Uzhavar Sandhai),Brinjal,Other,Local,07/09/2026,3500,4000,3750
Tamil Nadu,Karur,Gandhigramam(Uzhavar Sandhai),Pumpkin,Pumpkin,Local,07/09/2026,2200,2500,2350
Tamil Nadu,Karur,Gandhigramam(Uzhavar Sandhai),Bhindi(Ladies Finger),Bhindi,Local,07/09/2026,3500,4000,3750
Tamil Nadu,Karur,Gandhigramam(Uzhavar Sandhai),Banana,Other,Local,07/09/2026,5000,6000,5500
Tamil Nadu,Karur,Gandhigramam(Uzhavar Sandhai),Beetroot,Beetroot,Local,07/09/2026,6500,7000,6750
Tamil Nadu,Karur,Gandhigramam(Uzhavar Sandhai),Cucumbar(Kheera),Cucumbar,Local,07/09/2026,4000,8000,6000
Tamil Nadu,Karur,Gandhigramam(Uzhavar Sandhai),Ridgeguard(Tori),Ridgeguard(Tori),Local,07/09/2026,5000,5500,5250
Tamil Nadu,Karur,Gandhigramam(Uzhavar Sandhai),Thondekai,Thondekai,Local,07/09/2026,3500,4000,3750
Tamil Nadu,Karur,Gandhigramam(Uzhavar Sandhai),Elephant Yam(Suran)/Amorphophallus,Elephant Yam (Suran),Local,07/09/2026,4000,5000,4500
Karnataka,Bengaluru South,Ramanagara APMC,Chilly Capsicum,Chilly Capsicum,Local,07/09/2026,3500,5000,4000
Karnataka,Bengaluru South,Ramanagara APMC,Carrot,Carrot,Local,07/09/2026,4000,5600,5000
Karnataka,Bengaluru South,Ramanagara APMC,Cabbage,Cabbage,Local,07/09/2026,1600,2200,2000
Karnataka,Bengaluru South,Ramanagara APMC,Cucumbar(Kheera),Cucumbar,Local,07/09/2026,2000,2500,2300
Karnataka,Bengaluru South,Ramanagara APMC,Knool Khol,Knool Khol,Local,07/09/2026,1400,2400,2000
Karnataka,Bengaluru South,Ramanagara APMC,Brinjal,Round,Local,07/09/2026,1600,2200,2000
Karnataka,Bengaluru South,Ramanagara APMC,Green Chilli,Green Chilly,Local,07/09/2026,3000,5000,4000
Tamil Nadu,Pudukkottai,Aranthangi(Uzhavar Sandhai ),Coriander(Leaves),I Sort,Local,07/09/2026,4500,5000,4750
Tamil Nadu,Pudukkottai,Aranthangi(Uzhavar Sandhai ),Tomato,Other,Local,07/09/2026,3000,3500,3250
Tamil Nadu,Pudukkottai,Aranthangi(Uzhavar Sandhai ),Pumpkin,Pumpkin,Local,07/09/2026,1000,1500,1250
Tamil Nadu,Pudukkottai,Aranthangi(Uzhavar Sandhai ),Drumstick,Drumstick,Local,07/09/2026,5000,6000,5500
Tamil Nadu,Pudukkottai,Aranthangi(Uzhavar Sandhai ),Onion Green,Onion Green,Local,07/09/2026,7000,8000,7500
Keralam,Thirssur,Veloorkkara VFPCK Market,Banana,Nendra Bale,Grade A,07/09/2026,3500,5800,5500
Karnataka,Bengaluru Rural,Hoskote APMC,Bengal Gram(Gram)(Whole),Average (Whole),Local,07/09/2026,7620,7620,7620
Karnataka,Bengaluru Rural,Hoskote APMC,Chilly Capsicum,Chilly Capsicum,Local,07/09/2026,2000,3200,3000
Karnataka,Bengaluru Rural,Hoskote APMC,Ladies Finger,Ladies Finger,Local,07/09/2026,2500,3000,2750
Karnataka,Bengaluru Rural,Hoskote APMC,Beetroot,Beetroot,Medium,07/09/2026,2800,2850,2825
Madhya Pradesh,Harda,Sirali(F&V) APMC,Brinjal,Brinjal,Grade A,07/09/2026,600,600,600
Tamil Nadu,Nagapattinam,Vedaranyam(Uzhavar Sandhai),Amaranthus,Amaranthus,Local,07/09/2026,2000,2500,2250
Tamil Nadu,Nagapattinam,Vedaranyam(Uzhavar Sandhai),Onion,Bellary,Local,07/09/2026,3200,3900,3550
Tamil Nadu,Nagapattinam,Vedaranyam(Uzhavar Sandhai),Cabbage,Cabbage,Local,07/09/2026,3400,3400,3400
Tamil Nadu,Nagapattinam,Vedaranyam(Uzhavar Sandhai),Ridgeguard(Tori),Ridgeguard(Tori),Local,07/09/2026,4400,4400,4400
Tamil Nadu,Nagapattinam,Vedaranyam(Uzhavar Sandhai),Yam(Ratalu),Yam (Ratalu),Local,07/09/2026,6500,7000,6750
Tamil Nadu,Vellore,Perampet(Uzhavar Sandhai),Tomato,Deshi,Local,07/09/2026,2000,2600,2300
Tamil Nadu,Vellore,Perampet(Uzhavar Sandhai),Ashgourd,Gouard,Local,07/09/2026,2400,2400,2400
Tamil Nadu,Vellore,Perampet(Uzhavar Sandhai),Amaranthus,Amaranthus,Local,07/09/2026,4000,4000,4000
Tamil Nadu,Vellore,Perampet(Uzhavar Sandhai),Beans,Beans (Whole),Local,07/09/2026,6000,7000,6500
Tamil Nadu,Vellore,Perampet(Uzhavar Sandhai),Banana,Other,Local,07/09/2026,5500,5500,5500
Tamil Nadu,Vellore,Perampet(Uzhavar Sandhai),Custard Apple(Sharifa),Custard Apple(Sharifa),Local,07/09/2026,5000,5000,5000
Tamil Nadu,Vellore,Perampet(Uzhavar Sandhai),Sweet Corn ,Sweet Corn ,Local,07/09/2026,3000,3000,3000
Uttar Pradesh,Ayodhya,Ayodhya APMC,Wheat,PBW-343,FAQ,07/09/2026,2500,2500,2500
Telangana,Siddipet,Bejjenki APMC,Maize,Local,FAQ,07/09/2026,2250,2250,2250
Andhra Pradesh,Palnadu,Durgi APMC,Paddy(Common),Paddy,FAQ,07/09/2026,1900,2400,2200
Andhra Pradesh,Palnadu,Durgi APMC,Cotton,Local,FAQ,07/09/2026,7000,7800,7400
Maharashtra,Pune,Pune(Pimpri) ,Onion,Local,Local,07/09/2026,2400,4600,3500
Andhra Pradesh,Krishna,Ghantsala (HQ-Kodali) APMC,Paddy(Common),1001,Local,07/09/2026,2200,2400,2300
Tamil Nadu,Karur,Kulithalai(Uzhavar Sandhai ),Cauliflower,Ranchi,Local,07/09/2026,3000,4000,3500
Tamil Nadu,Karur,Kulithalai(Uzhavar Sandhai ),Chikoos(Sapota),Sapota,Local,07/09/2026,4500,5000,4750
Tamil Nadu,Karur,Kulithalai(Uzhavar Sandhai ),Tomato,Other,Local,07/09/2026,2200,3000,2600
Tamil Nadu,Karur,Kulithalai(Uzhavar Sandhai ),Bitter gourd,Other,Local,07/09/2026,5000,5600,5300
Tamil Nadu,Karur,Kulithalai(Uzhavar Sandhai ),Bottle gourd,Bottle Gourd,Local,07/09/2026,1200,2000,1600
Tamil Nadu,Karur,Kulithalai(Uzhavar Sandhai ),Ashgourd,Gouard,Local,07/09/2026,2500,3000,2750
Tamil Nadu,Karur,Kulithalai(Uzhavar Sandhai ),Tapioca,Tapioca,Local,07/09/2026,3500,4000,3750
Tamil Nadu,Karur,Kulithalai(Uzhavar Sandhai ),Onion,Bellary,Local,07/09/2026,5000,6000,5500
Tamil Nadu,Karur,Kulithalai(Uzhavar Sandhai ),Potato,Other,Local,07/09/2026,5000,5500,5250
Tamil Nadu,Karur,Kulithalai(Uzhavar Sandhai ),Sweet Potato,Hosur Red,Local,07/09/2026,2500,3000,2750
Tamil Nadu,Karur,Kulithalai(Uzhavar Sandhai ),Cabbage,Cabbage,Local,07/09/2026,3000,3500,3250
Tamil Nadu,Karur,Kulithalai(Uzhavar Sandhai ),Thondekai,Thondekai,Local,07/09/2026,3500,4500,4000
Tamil Nadu,Karur,Kulithalai(Uzhavar Sandhai ),Green Avare(W),Other,Local,07/09/2026,5200,7000,6100
Tamil Nadu,Karur,Kulithalai(Uzhavar Sandhai ),Knool Khol,Knool Khol,Local,07/09/2026,4000,5000,4500
Tamil Nadu,Karur,Kulithalai(Uzhavar Sandhai ),Turnip,Turnip,Local,07/09/2026,4500,5000,4750
Tamil Nadu,Chengalpattu,Guduvancheri(Uzhavar Sandhai ),Bottle gourd,Bottle Gourd,Local,07/09/2026,6000,7000,6500
Tamil Nadu,Chengalpattu,Guduvancheri(Uzhavar Sandhai ),Banana - Green,Banana - Green,Local,07/09/2026,3500,4000,3750
Tamil Nadu,Chengalpattu,Guduvancheri(Uzhavar Sandhai ),Knool Khol,Knool Khol,Local,07/09/2026,4000,5000,4500
Tamil Nadu,Chengalpattu,Guduvancheri(Uzhavar Sandhai ),Amla(Nelli Kai),Amla,Local,07/09/2026,10000,12000,11000
Tamil Nadu,Thirupathur,Vaniyampadi(Uzhavar Sandhai ),Bhindi(Ladies Finger),Bhindi,Local,07/09/2026,2000,2000,2000
Tamil Nadu,Thirupathur,Vaniyampadi(Uzhavar Sandhai ),Amaranthus,Amaranthus,Local,07/09/2026,3000,3000,3000
Tamil Nadu,Thirupathur,Vaniyampadi(Uzhavar Sandhai ),Beans,Beans (Whole),Local,07/09/2026,7000,7000,7000
Tamil Nadu,Thirupathur,Vaniyampadi(Uzhavar Sandhai ),Tapioca,Tapioca,Local,07/09/2026,3000,3000,3000
Tamil Nadu,Thirupathur,Vaniyampadi(Uzhavar Sandhai ),Beetroot,Beetroot,Local,07/09/2026,6000,6000,6000
Tamil Nadu,Thirupathur,Vaniyampadi(Uzhavar Sandhai ),Lemon,Lemon,Local,07/09/2026,4000,4000,4000
Tamil Nadu,Thirupur,Dharapuram(Uzhavar Sandhai ),Potato,Red Nanital,Local,07/09/2026,4000,6000,5000
Tamil Nadu,Thirupur,Dharapuram(Uzhavar Sandhai ),Brinjal,Round,Local,07/09/2026,5000,5500,5250
Tamil Nadu,Thirupur,Dharapuram(Uzhavar Sandhai ),Papaya,Papaya,Local,07/09/2026,2500,3000,2750
Tamil Nadu,Thirupur,Dharapuram(Uzhavar Sandhai ),Cluster beans,Cluster Beans,Local,07/09/2026,4000,4500,4250
Tamil Nadu,Thirupur,Dharapuram(Uzhavar Sandhai ),Pumpkin,Pumpkin,Local,07/09/2026,2000,2500,2250
Tamil Nadu,Thirupur,Dharapuram(Uzhavar Sandhai ),Cabbage,Cabbage,Local,07/09/2026,3000,3500,3250
Tamil Nadu,Thirupur,Dharapuram(Uzhavar Sandhai ),Snakeguard,Snakeguard,Local,07/09/2026,3500,4000,3750
Tamil Nadu,Thirupur,Palladam(Uzhavar Sandhai ),Papaya,Papaya,Local,07/09/2026,2500,3000,2750
Tamil Nadu,Thirupur,Palladam(Uzhavar Sandhai ),Tomato,Deshi,Local,07/09/2026,1500,2000,1750
Tamil Nadu,Thirupur,Palladam(Uzhavar Sandhai ),Pumpkin,Pumpkin,Local,07/09/2026,1500,2000,1750
Tamil Nadu,Thirupur,Palladam(Uzhavar Sandhai ),Beans,Beans (Whole),Local,07/09/2026,7000,7500,7250
Tamil Nadu,Thirupur,Palladam(Uzhavar Sandhai ),Banana,Besrai,Local,07/09/2026,5000,6000,5500
Tamil Nadu,Thirupur,Palladam(Uzhavar Sandhai ),Potato,Other,Local,07/09/2026,2500,3000,2750
Tamil Nadu,Thirupur,Palladam(Uzhavar Sandhai ),Cabbage,Cabbage,Local,07/09/2026,2500,3000,2750
Tamil Nadu,Thirupur,Palladam(Uzhavar Sandhai ),Ridgeguard(Tori),Ridgeguard(Tori),Local,07/09/2026,4000,5000,4500
Tamil Nadu,Thirupur,Palladam(Uzhavar Sandhai ),Drumstick,Drumstick,Local,07/09/2026,2500,3000,2750
Andhra Pradesh,YSR Kadapa,Simhadhripuram APMC,Maize,Hybrid/Local,FAQ,07/09/2026,2150,2450,2300
Telangana,Ranga Reddy,"Saroornagar,RBZ",Colacasia,Colacasia,Medium,07/09/2026,2800,2800,2800
Telangana,Ranga Reddy,"Saroornagar,RBZ",Drumstick,Drumstick,Medium,07/09/2026,3500,3500,3500
Telangana,Ranga Reddy,"Saroornagar,RBZ",French Beans(Frasbean),Other,Medium,07/09/2026,6500,6500,6500
Telangana,Ranga Reddy,"Saroornagar,RBZ",Onion,Other,Medium,07/09/2026,4000,4000,4000
Telangana,Ranga Reddy,"Saroornagar,RBZ",Potato,Other,Medium,07/09/2026,1700,1700,1700
Uttar Pradesh,Raebarelli,Jayas APMC,Wheat,Dara,FAQ,07/09/2026,2400,2600,2473.93
Uttar Pradesh,Prayagraj,Lediyari APMC,Wheat,Other,FAQ,07/09/2026,2400,2600,2585
Tamil Nadu,Kallakuruchi,Kallakurichi(Uzhavar Sandhai ),Coriander(Leaves),I Sort,Local,07/09/2026,6000,6000,6000
Tamil Nadu,Kallakuruchi,Kallakurichi(Uzhavar Sandhai ),Papaya,Papaya,Local,07/09/2026,3500,3500,3500
Tamil Nadu,Kallakuruchi,Kallakurichi(Uzhavar Sandhai ),Water Melon,Water Melon,Local,07/09/2026,2000,2000,2000
Tamil Nadu,Kallakuruchi,Kallakurichi(Uzhavar Sandhai ),Tapioca,Tapioca,Local,07/09/2026,3000,3000,3000
Tamil Nadu,Kallakuruchi,Kallakurichi(Uzhavar Sandhai ),Green Avare(W),Green Avare (W),Local,07/09/2026,7000,7000,7000
Tamil Nadu,Kallakuruchi,Kallakurichi(Uzhavar Sandhai ),Snakeguard,Snakeguard,Local,07/09/2026,4000,4000,4000
Tamil Nadu,Kallakuruchi,Kallakurichi(Uzhavar Sandhai ),Ridgeguard(Tori),Ridgeguard(Tori),Local,07/09/2026,4000,4000,4000
Tamil Nadu,Kallakuruchi,Kallakurichi(Uzhavar Sandhai ),Thondekai,Thondekai,Local,07/09/2026,5000,5000,5000
Tamil Nadu,Kallakuruchi,Kallakurichi(Uzhavar Sandhai ),Chow Chow,Chow Chow,Local,07/09/2026,5000,5000,5000
Tamil Nadu,Kallakuruchi,Kallakurichi(Uzhavar Sandhai ),Drumstick,Drumstick,Local,07/09/2026,3000,3000,3000
Tamil Nadu,Kallakuruchi,Kallakurichi(Uzhavar Sandhai ),Knool Khol,Knool Khol,Local,07/09/2026,7000,7000,7000
Tamil Nadu,Kallakuruchi,Kallakurichi(Uzhavar Sandhai ),Jasmine,Jasmine,Local,07/09/2026,60000,60000,60000
Tamil Nadu,Kallakuruchi,Kallakurichi(Uzhavar Sandhai ),Marigold(Calcutta),Marigold(Calcutta),Local,07/09/2026,35000,35000,35000
Tamil Nadu,Kallakuruchi,Kallakurichi(Uzhavar Sandhai ),Lemon,Lemon,Local,07/09/2026,7000,7000,7000
Tamil Nadu,Kallakuruchi,Kallakurichi(Uzhavar Sandhai ),Mashrooms,Mashrooms,Local,07/09/2026,22500,22500,22500
Uttar Pradesh,Jalaun (Orai),Konch APMC,Onion,Other,FAQ,07/09/2026,1700,1700,1700
Uttar Pradesh,Mathura,Mathura APMC,Ginger(Green),Other,FAQ,07/09/2026,6000,6000,6000
Uttar Pradesh,Mathura,Mathura APMC,Tomato,Other,FAQ,07/09/2026,2800,2800,2800
Tamil Nadu,Thirupathur,Natrampalli(Uzhavar Sandhai ),Potato,Red Nanital,Local,07/09/2026,3000,3500,3250
Tamil Nadu,Thirupathur,Natrampalli(Uzhavar Sandhai ),Green Chilli,Green Chilly,Local,07/09/2026,5000,6000,5500
Tamil Nadu,Thirupathur,Natrampalli(Uzhavar Sandhai ),Banana,Besrai,Local,07/09/2026,4000,6000,5000
Tamil Nadu,Thirupathur,Natrampalli(Uzhavar Sandhai ),Cabbage,Cabbage,Local,07/09/2026,2500,3000,2750
Tamil Nadu,Thirupathur,Natrampalli(Uzhavar Sandhai ),Raddish,Raddish,Local,07/09/2026,1500,2000,1750
Tamil Nadu,Thirupathur,Natrampalli(Uzhavar Sandhai ),Mint(Pudina),Mint(Pudina),Local,07/09/2026,3500,4000,3750
Andhra Pradesh,Sri Sathya Sai,Dharmavaram APMC,Groundnut,Local,FAQ,07/09/2026,7000,7200,7100
Punjab,Pathankot,Pathankot APMC,Onion,Onion,Medium,07/09/2026,4800,4800,4800
Andhra Pradesh,Palnadu,Ipur APMC,Paddy(Common),Paddy,FAQ,07/09/2026,2500,2700,2650
Andhra Pradesh,Bapatla,Chirala APMC,Paddy(Common),B P T,Local,07/09/2026,2400,2500,2450
Andhra Pradesh,NTR,Jaggayyapeta APMC,Maize,Local,Grade Range-1,07/09/2026,2410,2410,2410
Uttar Pradesh,Muzaffarnagar,Muzzafarnagar APMC,Green Chilli,Other,FAQ,07/09/2026,2000,2000,2000
Andhra Pradesh,Palnadu,Macharla APMC,Cotton,Bunny,Grade Range-1,07/09/2026,9150,9150,9150
Andhra Pradesh,Ananthapuramu,Guntakal APMC,Bengal Gram(Gram)(Whole),Gulabi,Local,07/09/2026,6000,6300,6100
Andhra Pradesh,Dr.B.R.A.Konaseema,Ravulapalem (Kothapeta APMC),Banana,Bhushavali(Pacha),Local,07/09/2026,2200,2600,2400
Andhra Pradesh,Dr.B.R.A.Konaseema,Ravulapalem (Kothapeta APMC),Banana,Karpura,Local,07/09/2026,2200,3700,3400
Andhra Pradesh,Guntur,Mangalagiri APMC,Maize,Fine,FAQ,07/09/2026,2480,2480,2480
Andhra Pradesh,Srikakulam,Kothabommali APMC,Paddy(Common),Paddy,Local,07/09/2026,3500,3500,3500
Andhra Pradesh,Sri Sathya Sai,Hindupur APMC,Tamarind Fruit,Non A/c Fine,FAQ,07/09/2026,10000,18500,16000
Uttar Pradesh,Sonbhadra,Dudhi APMC,Paddy(Common),Other,FAQ,07/09/2026,2000,2000,2000
Telangana,Nagarkurnool,Kalwakurthy APMC,French Beans(Frasbean),Other,Local,07/09/2026,3750,3750,3750
Andhra Pradesh,Markapuram,Kanigiri APMC,Red gram/Arhar/Tur(whole),(Whole),Local,07/09/2026,8600,8800,8700
Andhra Pradesh,Eluru,Polavaram APMC,Paddy(Common),1001,Local,07/09/2026,2445,2445,2445
Andhra Pradesh,Parvathipuram Manyam,Palakonda APMC,Paddy(Common),1001,FAQ,07/09/2026,2150,2150,2150
Andhra Pradesh,Parvathipuram Manyam,Palakonda APMC,Black Gram(Urd Beans)(Whole),Black Gram (Whole),FAQ,07/09/2026,7500,7500,7500
Uttar Pradesh,Gonda,Nawabganj APMC,Wood,Other,FAQ,07/09/2026,600,600,600
Andhra Pradesh,Ananthapuramu,RAYADURG APMC,Paddy(Common),I.R. 64,Grade Range-1,07/09/2026,3200,3800,3500
Andhra Pradesh,Anakapally,Payakaraopeta APMC,Banana,Karpura,Local,07/09/2026,1500,1600,1550
Andhra Pradesh,Anakapally,Payakaraopeta APMC,Mango,Other,Local,07/09/2026,2400,2500,2450
Andhra Pradesh,Krishna,Pedana APMC,Paddy(Common),NO. 2716,Local,07/09/2026,2369,2600,2500
Andhra Pradesh,Parvathipuram Manyam,Saluru APMC,Maize,Hybrid/Local,FAQ,07/09/2026,2600,2600,2600
Haryana,Mahendragarh-Narnaul,Mohindergarh APMC,Cauliflower,Cauliflower,Medium,07/09/2026,1200,3000,2000
Haryana,Mahendragarh-Narnaul,Mohindergarh APMC,Pumpkin,Pumpkin,Medium,07/09/2026,800,1000,1000
Haryana,Mahendragarh-Narnaul,Mohindergarh APMC,Mousambi(Sweet Lime),Mousambi,Medium,07/09/2026,2000,3000,2500
Haryana,Mahendragarh-Narnaul,Mohindergarh APMC,Guava,Guava,Medium,07/09/2026,3000,3000,3000
Haryana,Mahendragarh-Narnaul,Mohindergarh APMC,Tender Coconut,Other,Medium,07/09/2026,2000,2500,2500
Andhra Pradesh,Guntur,Duggirala APMC,Turmeric,Bulb,Local,07/09/2026,13300,15250,14650
Andhra Pradesh,Guntur,Duggirala APMC,Turmeric,Finger,Local,07/09/2026,13300,15250,14650
Tamil Nadu,Salem,Athur(Uzhavar Sandhai ),Potato,Other,Local,07/09/2026,5000,5500,5250
Tamil Nadu,Salem,Athur(Uzhavar Sandhai ),Cauliflower,Ranchi,Local,07/09/2026,3000,3500,3250
Tamil Nadu,Salem,Athur(Uzhavar Sandhai ),Coriander(Leaves),I Sort,Local,07/09/2026,2500,3000,2750
Tamil Nadu,Salem,Athur(Uzhavar Sandhai ),Papaya,Papaya,Local,07/09/2026,3500,4000,3750
Tamil Nadu,Salem,Athur(Uzhavar Sandhai ),Snakeguard,Snakeguard,Local,07/09/2026,2500,3000,2750
Tamil Nadu,Salem,Athur(Uzhavar Sandhai ),Cucumbar(Kheera),Cucumbar,Local,07/09/2026,5000,6000,5500
Tamil Nadu,Salem,Athur(Uzhavar Sandhai ),Raddish,Raddish,Local,07/09/2026,2000,2500,2250
Tamil Nadu,Salem,Athur(Uzhavar Sandhai ),Tender Coconut,Tender Coconut,Local,07/09/2026,2500,3000,2750
Tamil Nadu,Salem,Athur(Uzhavar Sandhai ),Lemon,Lemon,Local,07/09/2026,7500,8000,7750
Telangana,Karimnagar,V.Saidapur APMC,Paddy(Common),1001,Non-FAQ,07/09/2026,2369,2369,2369
Tamil Nadu,Theni,Periyakulam(Uzhavar Sandhai ),Papaya,Papaya,Local,07/09/2026,3000,3500,3250
Tamil Nadu,Theni,Periyakulam(Uzhavar Sandhai ),Cluster beans,Cluster Beans,Local,07/09/2026,2200,2400,2300
Tamil Nadu,Theni,Periyakulam(Uzhavar Sandhai ),Bottle gourd,Bottle Gourd,Local,07/09/2026,1200,1500,1350
Tamil Nadu,Theni,Periyakulam(Uzhavar Sandhai ),Amaranthus,Amaranthus,Local,07/09/2026,2000,2500,2250
Tamil Nadu,Theni,Periyakulam(Uzhavar Sandhai ),Beans,Beans (Whole),Local,07/09/2026,7200,8000,7600
Tamil Nadu,Theni,Periyakulam(Uzhavar Sandhai ),Potato,Other,Local,07/09/2026,2600,2800,2700
Tamil Nadu,Theni,Periyakulam(Uzhavar Sandhai ),Thondekai,Thondekai,Local,07/09/2026,3300,3500,3400
Tamil Nadu,Virudhunagar,Srivilliputhur(Uzhavar Sandhai ),Cluster beans,Cluster Beans,Local,07/09/2026,3500,4000,3750
Tamil Nadu,Virudhunagar,Srivilliputhur(Uzhavar Sandhai ),Guava,Guava Allahabad,Local,07/09/2026,4500,5000,4750
Tamil Nadu,Virudhunagar,Srivilliputhur(Uzhavar Sandhai ),Onion Green,Onion Green,Local,07/09/2026,7000,8000,7500
Tamil Nadu,Virudhunagar,Srivilliputhur(Uzhavar Sandhai ),Mint(Pudina),Mint(Pudina),Local,07/09/2026,4500,5000,4750
Uttar Pradesh,Kanpur Dehat,Rura APMC,Green Gram(Moong)(Whole),Other,FAQ,07/09/2026,7000,7000,7000
Uttar Pradesh,Kanpur Dehat,Rura APMC,Wheat,Other,FAQ,07/09/2026,2500,2700,2540.17
Uttar Pradesh,Kanpur Dehat,Rura APMC,Wheat,Medium,FAQ,07/09/2026,2500,2650,2546.23
Uttar Pradesh,Prayagraj,Prayagraj APMC,Wheat,Other,FAQ,07/09/2026,2600,2600,2600
Uttar Pradesh,Prayagraj,Prayagraj APMC,Potato,Other,FAQ,07/09/2026,700,700,700
Uttar Pradesh,Prayagraj,Prayagraj APMC,Green Gram(Moong)(Whole),Other,FAQ,07/09/2026,8768,8768,8768
Uttar Pradesh,Badaun,Shahaswan APMC,Mustard,Other,FAQ,07/09/2026,5950,5950,5950
Uttar Pradesh,Barabanki,Safdarganj APMC,Wood,Other,FAQ,07/09/2026,550,550,550
Uttar Pradesh,Shamli,Shamli APMC,Onion,Other,FAQ,07/09/2026,4500,4500,4500
Uttar Pradesh,Shamli,Shamli APMC,Green Chilli,Other,FAQ,07/09/2026,3500,3500,3500
Uttar Pradesh,Shamli,Shamli APMC,Tomato,Other,FAQ,07/09/2026,2500,2500,2500
Uttar Pradesh,Firozabad,Shikohabad APMC,Potato,Other,FAQ,07/09/2026,500,500,500
Punjab,Ludhiana,Sahnewal APMC,Colacasia,Colacasia,FAQ,07/09/2026,2000,2000,2000
Odisha,Dhenkanal,Kamakhyanagar APMC,Brinjal,Brinjal,Grade A,07/09/2026,5000,5000,5000
Odisha,Dhenkanal,Kamakhyanagar APMC,Green Chilli,Green Chilly,Grade A,07/09/2026,7000,7000,7000
Uttar Pradesh,Hardoi,Sandila APMC,Wood,Other,FAQ,07/09/2026,610,1000,821.83
Tripura,Sepahijala,Sonamura APMC,Brinjal,Round/Long,Medium,07/09/2026,2000,2500,2200
Tripura,Sepahijala,Sonamura APMC,Tomato,Hybrid,Medium,07/09/2026,4000,4800,4500
Tripura,Sepahijala,Sonamura APMC,Bitter gourd,Bitter Gourd,Medium,07/09/2026,6500,7500,7000
Assam,Sonitpur,Dhekiajuli APMC,Bhindi(Ladies Finger),Bhindi,FAQ,07/09/2026,1400,1600,1600
Assam,Sonitpur,Dhekiajuli APMC,Green Chilli,Green Chilly,FAQ,07/09/2026,4000,4200,4200
Assam,Sonitpur,Dhekiajuli APMC,Onion,Onion,FAQ,07/09/2026,5000,5300,5200
Assam,Sonitpur,Dhekiajuli APMC,Potato,Potato,FAQ,07/09/2026,1000,1200,1200
Nagaland,Wokha,Wokha Town APMC,Banana,Other,Local,07/09/2026,3000,3500,3200
Nagaland,Tsemenyu,Tsemenyu APMC,Papaya,Papaya-Organic,Local,07/09/2026,4500,4500,4500
Punjab,Ferozpur,Zira APMC,Papaya,Other,Local,07/09/2026,3500,3500,3500
Punjab,Ferozpur,Zira APMC,Banana - Green,Other,Local,07/09/2026,1300,1300,1300
Punjab,Ferozpur,Zira APMC,Ridgeguard(Tori),Other,Local,07/09/2026,3500,3500,3500
Punjab,Ferozpur,Zira APMC,Potato,Other,Local,07/09/2026,700,700,700
West Bengal,Bankura,Khatra APMC,Potato,Jyoti,FAQ,07/09/2026,680,760,720
West Bengal,Bankura,Khatra APMC,Rice,Common,FAQ,07/09/2026,3600,3700,3650
West Bengal,Bankura,Khatra APMC,Mustard,Mustard,FAQ,07/09/2026,6000,6700,6400
West Bengal,Bankura,Khatra APMC,Tomato,Tomato,FAQ,07/09/2026,3000,3600,3500
Tripura,North Tripura,Dasda APMC,Rice,Other,FAQ,07/09/2026,3250,3250,3250
Gujarat,Morbi,Vankaner APMC,Bengal Gram(Gram)(Whole),Desi (Whole),FAQ,07/09/2026,5175,6005,5900
Andhra Pradesh,Annamayya,Mulakalacheruvu APMC,Tomato,Local,FAQ,07/09/2026,1200,2200,1900
Tripura,Sepahijala,Boxonagar,Bitter gourd,Bitter Gourd,Medium,07/09/2026,5000,6000,5500
Tripura,Sepahijala,Boxonagar,Cucumbar(Kheera),Cucumbar,Medium,07/09/2026,4500,5000,4800
Tripura,Sepahijala,Boxonagar,Potato,Other,Medium,07/09/2026,1500,1700,1600
Tamil Nadu,Coimbatore,Vadavalli(Uzhavar Sandhai ),Garlic,Garlic,Local,07/09/2026,22000,23600,22800
Tamil Nadu,Coimbatore,Vadavalli(Uzhavar Sandhai ),Brinjal,Other,Local,07/09/2026,3000,3600,3300
Tamil Nadu,Coimbatore,Vadavalli(Uzhavar Sandhai ),Tomato,Local,Local,07/09/2026,2800,3100,2950
Tamil Nadu,Coimbatore,Vadavalli(Uzhavar Sandhai ),Bottle gourd,Bottle Gourd,Local,07/09/2026,2600,3400,3000
Tamil Nadu,Coimbatore,Vadavalli(Uzhavar Sandhai ),Amaranthus,Amaranthus,Local,07/09/2026,5400,6200,5800
Tamil Nadu,Coimbatore,Vadavalli(Uzhavar Sandhai ),Groundnut,Big (With Shell),Local,07/09/2026,6500,7000,6750
Tamil Nadu,Coimbatore,Vadavalli(Uzhavar Sandhai ),Grapes,Annabesahai,Local,07/09/2026,9000,10000,9500
Tamil Nadu,Coimbatore,Vadavalli(Uzhavar Sandhai ),Sweet Potato,Hosur Red,Local,07/09/2026,4500,5000,4750
Tamil Nadu,Coimbatore,Vadavalli(Uzhavar Sandhai ),Carrot,Pusakesar,Local,07/09/2026,5000,6000,5500
Tamil Nadu,Coimbatore,Vadavalli(Uzhavar Sandhai ),Cucumbar(Kheera),Cucumbar,Local,07/09/2026,3500,4000,3750
Tamil Nadu,Coimbatore,Vadavalli(Uzhavar Sandhai ),Capsicum,Capsicum,Local,07/09/2026,4400,4800,4600
Tamil Nadu,Coimbatore,Vadavalli(Uzhavar Sandhai ),Chow Chow,Chow Chow,Local,07/09/2026,2800,3200,3000
Tamil Nadu,Coimbatore,Vadavalli(Uzhavar Sandhai ),Knool Khol,Knool Khol,Local,07/09/2026,3200,3500,3350
Tamil Nadu,Coimbatore,Vadavalli(Uzhavar Sandhai ),Amla(Nelli Kai),Amla,Local,07/09/2026,8500,9000,8750
Tamil Nadu,Coimbatore,Vadavalli(Uzhavar Sandhai ),Mint(Pudina),Mint(Pudina),Local,07/09/2026,4500,5000,4750
Keralam,Wayanad,Pulpally Market,Banana,Other,Local,07/09/2026,3500,3700,3600
West Bengal,Darjeeling,Karsiyang(Matigara) APMC,Tomato,Other,FAQ,07/09/2026,3900,4100,4000
Tamil Nadu,Dindigul,Vedasanthur(Uzhavar Sandhai ),Onion,Bellary,Local,07/09/2026,6000,7000,6500
Andhra Pradesh,YSR Kadapa,Jammalamadugu APMC,Cotton,Desi,FAQ,07/09/2026,8000,8500,8300
Gujarat,Vadodara(Baroda),Padra APMC,Bitter gourd,Other,FAQ,07/09/2026,2000,2250,2125
Gujarat,Vadodara(Baroda),Padra APMC,Coriander(Leaves),Other,FAQ,07/09/2026,1000,1500,1250
Gujarat,Vadodara(Baroda),Padra APMC,Little gourd(Kundru),Other,FAQ,07/09/2026,700,1900,1350
Haryana,Yamuna Nagar,Sadhaura APMC,Cucumbar(Kheera),Cucumbar,Local,07/09/2026,1700,2300,1900
Haryana,Yamuna Nagar,Sadhaura APMC,Potato,Potato,Local,07/09/2026,700,900,800
Haryana,Yamuna Nagar,Sadhaura APMC,Ridgeguard(Tori),Other,Local,07/09/2026,1400,1600,1500
Haryana,Ambala,Shahzadpur APMC,Cauliflower,Cauliflower,Local,07/09/2026,3000,3800,3000
Haryana,Ambala,Shahzadpur APMC,Green Chilli,Green Chilly,Medium,07/09/2026,2500,3000,2500
Haryana,Ambala,Shahzadpur APMC,Bitter gourd,Bitter Gourd,Local,07/09/2026,3000,3000,3000
Haryana,Ambala,Shahzadpur APMC,Colacasia,Other,Local,07/09/2026,2000,2000,2000
Haryana,Gurgaon,Farukh Nagar APMC,Potato,Other,Medium,07/09/2026,800,1000,900
Uttar Pradesh,Bulandshahar,Gulavati APMC,Brinjal,Brinjal,FAQ,07/09/2026,1400,1600,1500
Uttar Pradesh,Bulandshahar,Gulavati APMC,Bottle gourd,Bottle Gourd,FAQ,07/09/2026,1400,1600,1500
Haryana,Hissar,Uklana APMC,Colacasia,Other,Medium,07/09/2026,2500,2500,2500
Haryana,Hissar,Barwala(Hisar) APMC,Tomato,Tomato,Local,07/09/2026,2000,3500,3000
Haryana,Hissar,Barwala(Hisar) APMC,Cucumbar(Kheera),Cucumbar,Local,07/09/2026,2000,3500,3000
Haryana,Kaithal,Dhand APMC,Apple,Other,Medium,07/09/2026,6000,9000,8500
Punjab,Fazilka,Jalalabad APMC,Capsicum,Capsicum,Medium,07/09/2026,5000,5200,5100
Punjab,Fazilka,Jalalabad APMC,Apple,Other,Medium,07/09/2026,10000,11000,10500
Punjab,Fazilka,Jalalabad APMC,Ridgeguard(Tori),Other,Medium,07/09/2026,3300,3500,3400
Punjab,Fazilka,Jalalabad APMC,Tinda,Other,Medium,07/09/2026,4000,4000,4000
Punjab,Fazilka,Jalalabad APMC,Tomato,Tomato,Medium,07/09/2026,3200,3500,3300
Punjab,Jalandhar,Jalandhar City(Jalandhar) APMC,Cucumbar(Kheera),Cucumbar,FAQ,07/09/2026,1000,2400,1700
Punjab,Jalandhar,Jalandhar City(Jalandhar) APMC,Green Chilli,Green Chilly,FAQ,07/09/2026,1000,2400,1700
Punjab,Jalandhar,Jalandhar City(Jalandhar) APMC,Potato,Other,FAQ,07/09/2026,130,600,340
Punjab,Jalandhar,Jalandhar City(Jalandhar) APMC,Mango,Other,Medium,07/09/2026,2000,5200,4000
Punjab,Jalandhar,Jalandhar City(Jalandhar) APMC,Orange,Other,Medium,07/09/2026,2100,4000,3400
Punjab,Jalandhar,Jalandhar City(Jalandhar) APMC,Mint(Pudina),Mint(Pudina),FAQ,07/09/2026,2000,3000,2500
Punjab,Jalandhar,Jalandhar City(Jalandhar) APMC,Onion,Other,FAQ,07/09/2026,1200,3800,2500
Punjab,Jalandhar,Jalandhar City(Jalandhar) APMC,Water Melon,Water Melon,Medium,07/09/2026,1000,2500,1500
Punjab,Jalandhar,Jalandhar City(Jalandhar) APMC,Carrot,Other,FAQ,07/09/2026,1200,2400,1800
Punjab,Jalandhar,Jalandhar City(Jalandhar) APMC,Cauliflower,Cauliflower,FAQ,07/09/2026,1000,3000,2000
Punjab,Jalandhar,Jalandhar City(Jalandhar) APMC,Ridgeguard(Tori),Other,FAQ,07/09/2026,1000,2000,1500
Punjab,Jalandhar,Jalandhar City(Jalandhar) APMC,Spinach,Spinach,FAQ,07/09/2026,800,1800,1300
West Bengal,Murshidabad,Kandi APMC,Mustard,Yellow (Black),FAQ,07/09/2026,7200,7300,7250
West Bengal,Murshidabad,Kandi APMC,Potato,Jyoti,FAQ,07/09/2026,660,780,700
Tamil Nadu,Coimbatore,Udumalpet APMC,Coriander(Leaves),I Sort,Local,07/09/2026,5000,5500,5250
Tamil Nadu,Coimbatore,Udumalpet APMC,Cluster beans,Cluster Beans,Local,07/09/2026,3500,4000,3750
Tamil Nadu,Coimbatore,Udumalpet APMC,Green Chilli,Green Chilly,Local,07/09/2026,4000,5000,4500
Tamil Nadu,Coimbatore,Udumalpet APMC,Banana - Green,Banana - Green,Local,07/09/2026,2500,3000,2750
Tamil Nadu,Coimbatore,Udumalpet APMC,Sweet Potato,Hosur Red,Local,07/09/2026,6000,7000,6500
Tamil Nadu,Coimbatore,Udumalpet APMC,Thondekai,Thondekai,Local,07/09/2026,4000,4500,4250
Tamil Nadu,Coimbatore,Udumalpet APMC,Elephant Yam(Suran)/Amorphophallus,Elephant Yam (Suran),Local,07/09/2026,5500,7000,6250
Tamil Nadu,Coimbatore,Udumalpet APMC,Lemon,Lemon,Local,07/09/2026,18000,19000,18500
Tamil Nadu,Coimbatore,Udumalpet APMC,Onion Green,Onion Green,Local,07/09/2026,6000,8000,7000
Tamil Nadu,Coimbatore,Udumalpet APMC,Sweet Corn ,Sweet Corn ,Local,07/09/2026,3500,4000,3750
Madhya Pradesh,Harda,Khirakiya APMC,Green Gram(Moong)(Whole),Green (Whole),Non-FAQ,07/09/2026,6560,7600,7600
Himachal Pradesh,Kangra,SMY Nagrota Bagwan,Apple,Apple,Medium,07/09/2026,4000,15000,9000
Himachal Pradesh,Kangra,SMY Nagrota Bagwan,Mousambi(Sweet Lime),Mousambi,Medium,07/09/2026,4000,4800,4300
Himachal Pradesh,Kangra,SMY Nagrota Bagwan,Papaya,Papaya,Medium,07/09/2026,4000,4800,4500
Himachal Pradesh,Kangra,SMY Nagrota Bagwan,Lemon,Lemon,FAQ,07/09/2026,14000,15000,14500
Himachal Pradesh,Kangra,SMY Nagrota Bagwan,Onion,Onion,FAQ,07/09/2026,5300,5500,5400
Himachal Pradesh,Kangra,SMY Nagrota Bagwan,Potato,Potato,FAQ,07/09/2026,1000,1800,1300
Himachal Pradesh,Shimla,SMY Rampur,Cabbage,Other,Local,07/09/2026,3000,3500,3200
Himachal Pradesh,Shimla,SMY Rampur,Cauliflower,Other,Local,07/09/2026,3000,6000,5000
Himachal Pradesh,Shimla,SMY Rampur,French Beans(Frasbean),Other,Local,07/09/2026,3000,4000,3500
Himachal Pradesh,Shimla,SMY Rampur,Potato,Local,Local,07/09/2026,3000,3500,3200
Madhya Pradesh,Dhar,Badnawar APMC,Soyabean,Yellow,FAQ,07/09/2026,4490,5015,5015
Madhya Pradesh,Dhar,Badnawar APMC,Garlic,Garlic,Non-FAQ,07/09/2026,1500,5000,5000
Madhya Pradesh,Dhar,Manawar APMC,Wheat,Wheat,FAQ,07/09/2026,2640,2750,2710
West Bengal,Darjeeling,Siliguri APMC,Banana,Banana - Ripe,Grade A,07/09/2026,2100,2300,2200
West Bengal,Darjeeling,Siliguri APMC,Potato,Jyoti,FAQ,07/09/2026,600,640,620
West Bengal,Darjeeling,Siliguri APMC,Tomato,Tomato,FAQ,07/09/2026,3000,3200,3100
Madhya Pradesh,Indore,Sanwer APMC,Wheat,Wheat,Non-FAQ,07/09/2026,2691,2691,2691
Madhya Pradesh,Khargone,Sanawad APMC,Green Gram(Moong)(Whole),Green (Whole),FAQ,07/09/2026,7400,7400,7400
Madhya Pradesh,Khargone,Bhikangaon APMC,Wheat,Wheat,FAQ,07/09/2026,2620,2821,2821
Madhya Pradesh,Khargone,Badwaha APMC,Maize,Local,FAQ,07/09/2026,1680,2540,2540
Madhya Pradesh,Khargone,Kasrawad APMC,Maize,Local,FAQ,07/09/2026,1470,1600,1600
Madhya Pradesh,Ratlam,Taal APMC,Soyabean,Yellow,FAQ,07/09/2026,5621,5931,5931
Tamil Nadu,Erode,Gobichettipalayam(Uzhavar Sandhai ),Papaya,Papaya,Local,07/09/2026,3000,3500,3250
Tamil Nadu,Erode,Gobichettipalayam(Uzhavar Sandhai ),Beans,Beans (Whole),Local,07/09/2026,6500,7000,6750
Tamil Nadu,Erode,Gobichettipalayam(Uzhavar Sandhai ),Tapioca,Tapioca,Local,07/09/2026,2000,2500,2250
Tamil Nadu,Erode,Gobichettipalayam(Uzhavar Sandhai ),Onion,Bellary,Local,07/09/2026,6500,7000,6750
Tamil Nadu,Erode,Gobichettipalayam(Uzhavar Sandhai ),Beetroot,Beetroot,Local,07/09/2026,6500,7000,6750
Tamil Nadu,Erode,Gobichettipalayam(Uzhavar Sandhai ),Drumstick,Drumstick,Local,07/09/2026,2200,2400,2300
Tamil Nadu,Erode,Gobichettipalayam(Uzhavar Sandhai ),Guava,Guava Allahabad,Local,07/09/2026,5500,6000,5750
Tamil Nadu,Erode,Gobichettipalayam(Uzhavar Sandhai ),Elephant Yam(Suran)/Amorphophallus,Elephant Yam (Suran),Local,07/09/2026,2800,3000,2900
Tamil Nadu,Erode,Gobichettipalayam(Uzhavar Sandhai ),Lemon,Lemon,Local,07/09/2026,13200,13500,13350
Tamil Nadu,Erode,Sampath Nagar(Uzhavar Sandhai ),Green Chilli,Green Chilly,Local,07/09/2026,4000,4500,4250
Tamil Nadu,Erode,Sampath Nagar(Uzhavar Sandhai ),Banana - Green,Banana - Green,Local,07/09/2026,3000,3500,3250
Tamil Nadu,Erode,Sampath Nagar(Uzhavar Sandhai ),Tapioca,Tapioca,Local,07/09/2026,2200,2500,2350
Tamil Nadu,Erode,Sampath Nagar(Uzhavar Sandhai ),Ginger(Green),Green Ginger,Local,07/09/2026,14500,15000,14750
Tamil Nadu,Erode,Sampath Nagar(Uzhavar Sandhai ),Coconut,Coconut,Local,07/09/2026,5000,5400,5200
Tamil Nadu,Erode,Sampath Nagar(Uzhavar Sandhai ),Raddish,Raddish,Local,07/09/2026,2000,2200,2100
Tamil Nadu,Erode,Sampath Nagar(Uzhavar Sandhai ),Capsicum,Capsicum,Local,07/09/2026,4200,4600,4400
Tamil Nadu,Erode,Sampath Nagar(Uzhavar Sandhai ),Chow Chow,Chow Chow,Local,07/09/2026,3000,3500,3250
Himachal Pradesh,Kullu,SMY Bandrol,Peas Wet,Other,FAQ,07/09/2026,3200,9000,6000
Himachal Pradesh,Kullu,SMY Bandrol,Cucumbar(Kheera),Other,FAQ,07/09/2026,1200,2400,1800
Uttar Pradesh,Kannuj,Kannauj APMC,Maize,Other,FAQ,07/09/2026,2200,2200,2200
Madhya Pradesh,Shajapur,Kalapipal APMC,Wheat,Wheat,FAQ,07/09/2026,2450,2826,2561
Himachal Pradesh,Shimla,SMY Rohroo,Banana,Other,Grade A,07/09/2026,5000,5500,5250
Himachal Pradesh,Shimla,SMY Rohroo,Bottle gourd,Bottle Gourd,Grade B,07/09/2026,2200,2400,2300
Himachal Pradesh,Shimla,SMY Rohroo,Cabbage,Other,Grade B,07/09/2026,2000,2200,2100
Himachal Pradesh,Shimla,SMY Rohroo,Green Chilli,Green Chilly,Grade B,07/09/2026,4500,5000,4800
Madhya Pradesh,Guna,Guna APMC,Black Gram(Urd Beans)(Whole),Urda/Urd,FAQ,07/09/2026,4900,5275,5275
Uttar Pradesh,Etawah,Jasvantnagar APMC,Cabbage,Cabbage,Medium,07/09/2026,2270,2370,2320
Uttar Pradesh,Etawah,Jasvantnagar APMC,Bitter gourd,Bitter Gourd,Medium,07/09/2026,2360,2460,2410
Uttar Pradesh,Etawah,Jasvantnagar APMC,Bottle gourd,Bottle Gourd,Medium,07/09/2026,1365,1465,1415
Tripura,Khowai,Kalyanpur APMC,Pointed gourd(Parval),Pointed gourd (Parval),FAQ,07/09/2026,4000,4200,4100
Tripura,Khowai,Kalyanpur APMC,Sponge gourd,Sponge gourd,FAQ,07/09/2026,4500,4700,4600
Tripura,Khowai,Kalyanpur APMC,Cowpea(Veg),Cowpea (Veg),FAQ,07/09/2026,8000,8200,8100
Tamil Nadu,Vellore,Pallikonda(Uzhavar Sandhai),Garlic,Garlic,Local,07/09/2026,20000,20000,20000
Tamil Nadu,Vellore,Pallikonda(Uzhavar Sandhai),Cauliflower,Ranchi,Local,07/09/2026,3000,3000,3000
Tamil Nadu,Vellore,Pallikonda(Uzhavar Sandhai),Bitter gourd,Bitter Gourd,Local,07/09/2026,3500,4500,4000
Tamil Nadu,Vellore,Pallikonda(Uzhavar Sandhai),Ashgourd,Gouard,Local,07/09/2026,2500,2500,2500
Tamil Nadu,Vellore,Pallikonda(Uzhavar Sandhai),Tapioca,Tapioca,Local,07/09/2026,3000,3500,3250
Tamil Nadu,Vellore,Pallikonda(Uzhavar Sandhai),Onion,Bellary,Local,07/09/2026,6200,6200,6200
Tamil Nadu,Vellore,Pallikonda(Uzhavar Sandhai),Coconut,Coconut,Local,07/09/2026,2500,3000,2750
Tamil Nadu,Vellore,Pallikonda(Uzhavar Sandhai),Carrot,Pusakesar,Local,07/09/2026,5000,5000,5000
Tamil Nadu,Vellore,Pallikonda(Uzhavar Sandhai),Cabbage,Cabbage,Local,07/09/2026,2500,2500,2500
Tamil Nadu,Vellore,Pallikonda(Uzhavar Sandhai),Cucumbar(Kheera),Cucumbar,Local,07/09/2026,3000,3500,3250
Tamil Nadu,Vellore,Pallikonda(Uzhavar Sandhai),Capsicum,Capsicum,Local,07/09/2026,5000,5000,5000
Andhra Pradesh,Kakinada,Samalkot APMC,Paddy(Common),Paddy,FAQ,07/09/2026,2365,2380,2369
Tamil Nadu,Pudukkottai,Ponnamaravathi(Uzhavar Sandhai),Papaya,Papaya,Local,07/09/2026,2500,3000,2750
Tamil Nadu,Pudukkottai,Ponnamaravathi(Uzhavar Sandhai),Amaranthus,Amaranthus,Local,07/09/2026,1500,2000,1750
Tamil Nadu,Pudukkottai,Ponnamaravathi(Uzhavar Sandhai),Green Chilli,Green Chilly,Local,07/09/2026,5500,6000,5750
Tamil Nadu,Pudukkottai,Ponnamaravathi(Uzhavar Sandhai),Onion,Bellary,Local,07/09/2026,5500,6000,5750
Tamil Nadu,Pudukkottai,Ponnamaravathi(Uzhavar Sandhai),Ridgeguard(Tori),Ridgeguard(Tori),Local,07/09/2026,5500,6000,5750
Odisha,Kalahandi,Bhawanipatna APMC,Pumpkin,Pumpkin,Local,07/09/2026,2100,2100,2100
Odisha,Kalahandi,Junagarh APMC,Pumpkin,Other,Grade B,07/09/2026,1100,1500,1300
Odisha,Kendrapara,Kendrapara APMC,Pointed gourd(Parval),Pointed gourd (Parval),Grade B,07/09/2026,6500,6500,6500
Keralam,Palakad,Palakkad Market,Bengal Gram(Gram)(Whole),Average (Whole),FAQ,07/09/2026,7500,9000,8300
Keralam,Palakad,Palakkad Market,Banana,Palayamthodan,Medium,07/09/2026,3200,4000,3700
Keralam,Palakad,Palakkad Market,Green Gram(Moong)(Whole),Green (Whole),FAQ,07/09/2026,11000,12500,11800
Keralam,Palakad,Palakkad Market,Cabbage,Cabbage,FAQ,07/09/2026,1700,2500,2200
Keralam,Palakad,Palakkad Market,Bhindi(Ladies Finger),Bhindi,FAQ,07/09/2026,3000,4000,3600
Keralam,Palakad,Palakkad Market,Colacasia,Other,FAQ,07/09/2026,6000,7000,6600
Keralam,Palakad,Palakkad Market,Cluster beans,Cluster Beans,FAQ,07/09/2026,2300,3000,2700
Keralam,Palakad,Palakkad Market,Cowpea(Veg),Cowpea (Veg),FAQ,07/09/2026,4200,5000,4700
Keralam,Palakad,Palakkad Market,Garlic,Garlic,FAQ,07/09/2026,25000,26000,25600
Keralam,Palakad,Palakkad Market,Green Chilli,Green Chilly,FAQ,07/09/2026,4000,5000,4600
Keralam,Palakad,Palakkad Market,Lemon,Other,FAQ,07/09/2026,20000,22000,21100
Karnataka,Belagavi,Belgaum APMC,Cabbage,Cabbage,Large,07/09/2026,350,400,350
Andhra Pradesh,Tirupathi,Chandragiri APMC,Gur(Jaggery),Black,Local,07/09/2026,1490.44,1490.44,1490.44
Andhra Pradesh,Kurnool,Kurnool APMC,Onion,Local,FAQ,07/09/2026,1843,4739,4739
Andhra Pradesh,Kurnool,Kurnool APMC,Castor Seed,Other,FAQ,07/09/2026,6909,7110,7100
Andhra Pradesh,Kurnool,Kurnool APMC,Black Gram(Urd Beans)(Whole),Black Gram (Whole),Non-FAQ,07/09/2026,7569,7569,7569
Tamil Nadu,Nagapattinam,Mayiladuthurai(Uzhavar Sandhai ),Tomato,Deshi,Local,07/09/2026,2500,3000,2750
Tamil Nadu,Nagapattinam,Mayiladuthurai(Uzhavar Sandhai ),Bitter gourd,Bitter Gourd,Local,07/09/2026,5500,6000,5750
Tamil Nadu,Nagapattinam,Mayiladuthurai(Uzhavar Sandhai ),Bhindi(Ladies Finger),Bhindi,Local,07/09/2026,4500,5000,4750
Tamil Nadu,Nagapattinam,Mayiladuthurai(Uzhavar Sandhai ),Amaranthus,Amaranthus,Local,07/09/2026,1500,2000,1750
Tamil Nadu,Nagapattinam,Mayiladuthurai(Uzhavar Sandhai ),Onion,Bellary,Local,07/09/2026,3000,4000,3500
Tamil Nadu,Nagapattinam,Mayiladuthurai(Uzhavar Sandhai ),Potato,Red Nanital,Local,07/09/2026,3000,3000,3000
Tamil Nadu,Nagapattinam,Mayiladuthurai(Uzhavar Sandhai ),Beetroot,Beetroot,Local,07/09/2026,5000,5000,5000
Tamil Nadu,Nagapattinam,Mayiladuthurai(Uzhavar Sandhai ),Raddish,Raddish,Local,07/09/2026,2500,3000,2750
Tamil Nadu,Nagapattinam,Mayiladuthurai(Uzhavar Sandhai ),Yam(Ratalu),Yam (Ratalu),Local,07/09/2026,8000,9000,8500
Tamil Nadu,Nagapattinam,Mayiladuthurai(Uzhavar Sandhai ),Onion Green,Onion Green,Local,07/09/2026,5500,6000,5750
Uttar Pradesh,Hardoi,Hardoi APMC,Wheat,Dara Mill Quality,FAQ,07/09/2026,2600,2600,2600
Uttar Pradesh,Hardoi,Hardoi APMC,Maize,Other,FAQ,07/09/2026,2200,2200,2200
Uttar Pradesh,Jaunpur,Jaunpur APMC,Wood,Eucalyptus,FAQ,07/09/2026,500,500,500
Tamil Nadu,Pudukkottai,Viralimalai(Uzhavar Sandhai ),Green Avare(W),Green Avare (W),Local,07/09/2026,5000,6000,5500
West Bengal,Uttar Dinajpur,Islampur APMC,Brinjal,Brinjal,FAQ,07/09/2026,3500,4200,4000
Tamil Nadu,Ramanathapuram,Paramakudi(Uzhavar Sandhai ),Tomato,Deshi,Local,07/09/2026,3000,3500,3250
Tamil Nadu,Ramanathapuram,Paramakudi(Uzhavar Sandhai ),Banana,Besrai,Local,07/09/2026,4800,5000,4900
Tamil Nadu,Ramanathapuram,Paramakudi(Uzhavar Sandhai ),Onion,Bellary,Local,07/09/2026,6000,6500,6250
Tamil Nadu,Ramanathapuram,Paramakudi(Uzhavar Sandhai ),Cabbage,Cabbage,Local,07/09/2026,4000,4500,4250
Tamil Nadu,Ramanathapuram,Paramakudi(Uzhavar Sandhai ),Ridgeguard(Tori),Ridgeguard(Tori),Local,07/09/2026,5500,6000,5750
Tamil Nadu,Ramanathapuram,Paramakudi(Uzhavar Sandhai ),Elephant Yam(Suran)/Amorphophallus,Elephant Yam (Suran),Local,07/09/2026,6800,7000,6900
Tamil Nadu,Ramanathapuram,Paramakudi(Uzhavar Sandhai ),Colacasia,Colacasia,Local,07/09/2026,6800,7000,6900
Tamil Nadu,Ramanathapuram,Paramakudi(Uzhavar Sandhai ),Onion Green,Onion Green,Local,07/09/2026,8000,9000,8500
Tamil Nadu,Ramanathapuram,Paramakudi(Uzhavar Sandhai ),Mint(Pudina),Mint(Pudina),Local,07/09/2026,6500,7000,6750
Tamil Nadu,Ramanathapuram,Ramanathapuram(Uzhavar Sandhai ),Cluster beans,Cluster Beans,Local,07/09/2026,4000,4500,4250
Tamil Nadu,Ramanathapuram,Ramanathapuram(Uzhavar Sandhai ),Bottle gourd,Bottle Gourd,Local,07/09/2026,2800,3000,2900
Tamil Nadu,Ramanathapuram,Ramanathapuram(Uzhavar Sandhai ),Pumpkin,Pumpkin,Local,07/09/2026,2400,2600,2500
Tamil Nadu,Ramanathapuram,Ramanathapuram(Uzhavar Sandhai ),Green Avare(W),Green Avare (W),Local,07/09/2026,8000,8500,8250
Tamil Nadu,Ramanathapuram,Ramanathapuram(Uzhavar Sandhai ),Chow Chow,Chow Chow,Local,07/09/2026,4500,5000,4750
Tamil Nadu,Ramanathapuram,Ramanathapuram(Uzhavar Sandhai ),Drumstick,Drumstick,Local,07/09/2026,6000,6500,6250
Tamil Nadu,Ramanathapuram,Ramanathapuram(Uzhavar Sandhai ),Kakada,Kakada,Local,07/09/2026,50000,55000,52500
Tamil Nadu,Ramanathapuram,Ramanathapuram(Uzhavar Sandhai ),Mint(Pudina),Mint(Pudina),Local,07/09/2026,7000,7500,7250
Tamil Nadu,Pudukkottai,Alangudi(Uzhavar Sandhai ),Papaya,Papaya,Local,07/09/2026,2500,3000,2750
Tamil Nadu,Pudukkottai,Alangudi(Uzhavar Sandhai ),Pumpkin,Pumpkin,Local,07/09/2026,1000,1500,1250
Tamil Nadu,Pudukkottai,Alangudi(Uzhavar Sandhai ),Banana - Green,Banana - Green,Local,07/09/2026,2500,3000,2750
Tamil Nadu,Pudukkottai,Alangudi(Uzhavar Sandhai ),Coconut,Coconut,Local,07/09/2026,3500,4000,3750
Tamil Nadu,Pudukkottai,Alangudi(Uzhavar Sandhai ),Onion Green,Onion Green,Local,07/09/2026,8000,9000,8500
Tamil Nadu,Thiruvannamalai,Arani(Uzhavar Sandhai ),Coriander(Leaves),I Sort,Local,07/09/2026,4000,5000,4500
Tamil Nadu,Thiruvannamalai,Arani(Uzhavar Sandhai ),Papaya,Papaya,Local,07/09/2026,3000,4000,3500
Tamil Nadu,Thiruvannamalai,Arani(Uzhavar Sandhai ),Green Avare(W),Green Avare (W),Local,07/09/2026,5000,6000,5500
Tamil Nadu,Thiruvannamalai,Arani(Uzhavar Sandhai ),Cluster beans,Cluster Beans,Local,07/09/2026,4000,4800,4400
Tamil Nadu,Thiruvannamalai,Arani(Uzhavar Sandhai ),Bhindi(Ladies Finger),Bhindi,Local,07/09/2026,3500,4000,3750
Tamil Nadu,Thiruvannamalai,Arani(Uzhavar Sandhai ),Banana - Green,Banana - Green,Local,07/09/2026,1500,2000,1750
Tamil Nadu,Thiruvannamalai,Arani(Uzhavar Sandhai ),Beans,Beans (Whole),Local,07/09/2026,6000,7200,6600
Tamil Nadu,Thiruvannamalai,Arani(Uzhavar Sandhai ),Onion,Bellary,Local,07/09/2026,5000,6000,5500
Tamil Nadu,Thiruvannamalai,Arani(Uzhavar Sandhai ),Potato,Red Nanital,Local,07/09/2026,3000,3600,3300
Tamil Nadu,Thiruvannamalai,Arani(Uzhavar Sandhai ),Coconut,Coconut,Local,07/09/2026,4000,4500,4250
Tamil Nadu,Thiruvannamalai,Arani(Uzhavar Sandhai ),Chow Chow,Chow Chow,Local,07/09/2026,2000,3000,2500
Tamil Nadu,Thiruvannamalai,Arani(Uzhavar Sandhai ),Knool Khol,Knool Khol,Local,07/09/2026,2500,3000,2750
Tamil Nadu,Thiruvannamalai,Arani(Uzhavar Sandhai ),Onion Green,Onion Green,Local,07/09/2026,5000,6000,5500
Tamil Nadu,Thiruvannamalai,Polur(Uzhavar Sandhai ),Papaya,Papaya,Local,07/09/2026,2500,3000,2750
Tamil Nadu,Thiruvannamalai,Polur(Uzhavar Sandhai ),Snakeguard,Snakeguard,Local,07/09/2026,2500,3000,2750
Tamil Nadu,Thiruvannamalai,Polur(Uzhavar Sandhai ),Marigold(Calcutta),Marigold(Calcutta),Local,07/09/2026,12000,15000,13500
Tamil Nadu,Thiruvannamalai,Polur(Uzhavar Sandhai ),Rose(Local),Rose (Local),Local,07/09/2026,8000,10000,9000
Tamil Nadu,Thiruvannamalai,Tiruvannamalai(Uzhavar Sandhai ),Garlic,Garlic,Local,07/09/2026,25000,28000,26500
Tamil Nadu,Thiruvannamalai,Tiruvannamalai(Uzhavar Sandhai ),Green Avare(W),Green Avare (W),Local,07/09/2026,6400,7200,6800
Tamil Nadu,Thiruvannamalai,Tiruvannamalai(Uzhavar Sandhai ),Ginger(Green),Green Ginger,Local,07/09/2026,15000,18000,16500
Tamil Nadu,Thiruvannamalai,Tiruvannamalai(Uzhavar Sandhai ),Sweet Potato,Hosur Red,Local,07/09/2026,3500,4000,3750
Tamil Nadu,Thiruvannamalai,Tiruvannamalai(Uzhavar Sandhai ),Carrot,Pusakesar,Local,07/09/2026,5000,6000,5500
Tamil Nadu,Thiruvannamalai,Tiruvannamalai(Uzhavar Sandhai ),Raddish,Raddish,Local,07/09/2026,2500,3000,2750
Tamil Nadu,Thiruvannamalai,Tiruvannamalai(Uzhavar Sandhai ),Chow Chow,Chow Chow,Local,07/09/2026,3600,4000,3800
Tamil Nadu,Thiruvannamalai,Tiruvannamalai(Uzhavar Sandhai ),Pomegranate,Pomogranate,Local,07/09/2026,14000,16000,15000
Tamil Nadu,Thiruvannamalai,Tiruvannamalai(Uzhavar Sandhai ),Tamarind Fruit,Tamarind Fruit,Local,07/09/2026,14000,15000,14500
Tamil Nadu,Thiruvannamalai,Tiruvannamalai(Uzhavar Sandhai ),Mint(Pudina),Mint(Pudina),Local,07/09/2026,3500,4000,3750
Tamil Nadu,Thiruvarur,Mannargudi I(Uzhavar Sandhai ),Bottle gourd,Bottle Gourd,Local,07/09/2026,3600,3600,3600
Tamil Nadu,Thiruvarur,Mannargudi I(Uzhavar Sandhai ),Pumpkin,Pumpkin,Local,07/09/2026,2400,2400,2400
Tamil Nadu,Thiruvarur,Mannargudi I(Uzhavar Sandhai ),Banana - Green,Banana - Green,Local,07/09/2026,4800,4800,4800
Tamil Nadu,Thiruvarur,Mannargudi I(Uzhavar Sandhai ),Banana,Other,Local,07/09/2026,6000,6000,6000
Tamil Nadu,Thiruvarur,Mannargudi I(Uzhavar Sandhai ),Green Avare(W),Green Avare (W),Local,07/09/2026,6000,6000,6000
Tamil Nadu,Thiruvarur,Mannargudi I(Uzhavar Sandhai ),Chow Chow,Chow Chow,Local,07/09/2026,3600,3600,3600
Tamil Nadu,Thiruvarur,Mannargudi I(Uzhavar Sandhai ),Drumstick,Drumstick,Local,07/09/2026,4400,4400,4400
Tamil Nadu,Thiruvarur,Mannargudi II(Uzhavar Sandhai ),Banana - Green,Banana - Green,Local,07/09/2026,4800,4800,4800
Tamil Nadu,Thiruvarur,Mannargudi II(Uzhavar Sandhai ),Carrot,Pusakesar,Local,07/09/2026,6400,6400,6400
Tamil Nadu,Thiruvarur,Mannargudi II(Uzhavar Sandhai ),Green Avare(W),Other,Local,07/09/2026,6000,6000,6000
Tamil Nadu,Thiruvarur,Mannargudi II(Uzhavar Sandhai ),Chow Chow,Chow Chow,Local,07/09/2026,3600,3600,3600
Tamil Nadu,Thiruvarur,Mannargudi II(Uzhavar Sandhai ),Onion Green,Onion Green,Local,07/09/2026,8400,8800,8600
Tamil Nadu,Thiruvarur,Tiruthuraipoondi(Uzhavar Sandhai ),Banana - Green,Banana - Green,Local,07/09/2026,4000,4000,4000
Tamil Nadu,Thiruvarur,Tiruthuraipoondi(Uzhavar Sandhai ),Sweet Potato,Hosur Red,Local,07/09/2026,6000,6000,6000
Tamil Nadu,Thiruvellore,Ambattur(Uzhavar Sandhai ),Tomato,Deshi,Local,07/09/2026,3000,3000,3000
Tamil Nadu,Thiruvellore,Ambattur(Uzhavar Sandhai ),Potato,Red Nanital,Local,07/09/2026,4000,4000,4000
Tamil Nadu,Thiruvellore,Naravarikuppam(Uzhavar Sandhai ),Onion,Bellary,Local,07/09/2026,5500,5500,5500
Tamil Nadu,Thiruvellore,Paruthipattu(Uzhavar Sandhai ),Coriander(Leaves),I Sort,Local,07/09/2026,6000,6000,6000
Tamil Nadu,Thiruvellore,Paruthipattu(Uzhavar Sandhai ),Carrot,Pusakesar,Local,07/09/2026,4000,4000,4000
Tamil Nadu,Thiruvellore,Paruthipattu(Uzhavar Sandhai ),Mint(Pudina),Mint(Pudina),Local,07/09/2026,4000,4000,4000
Tamil Nadu,Thiruvellore,Perambakkam(Uzhavar Sandhai ),Cluster beans,Cluster Beans,Local,07/09/2026,3500,3500,3500
Tamil Nadu,Thiruvellore,Perambakkam(Uzhavar Sandhai ),Bhindi(Ladies Finger),Bhindi,Local,07/09/2026,4000,4000,4000
Tamil Nadu,Thiruvellore,Perambakkam(Uzhavar Sandhai ),Ridgeguard(Tori),Ridgeguard(Tori),Local,07/09/2026,4000,4000,4000
Tamil Nadu,Thiruvellore,Perambakkam(Uzhavar Sandhai ),Tube Rose(Loose),Tube Rose (Loose),Local,07/09/2026,14000,14000,14000
Tamil Nadu,Tuticorin,Kovilpatti(Uzhavar Sandhai ),Coriander(Leaves),I Sort,Local,07/09/2026,3500,4000,3750
Tamil Nadu,Tuticorin,Kovilpatti(Uzhavar Sandhai ),Tomato,Local,Local,07/09/2026,3000,3500,3250
Tamil Nadu,Tuticorin,Kovilpatti(Uzhavar Sandhai ),Pumpkin,Pumpkin,Local,07/09/2026,2500,3000,2750
Tamil Nadu,Tuticorin,Kovilpatti(Uzhavar Sandhai ),Amaranthus,Amaranthus,Local,07/09/2026,1500,1800,1650
Tamil Nadu,Tuticorin,Kovilpatti(Uzhavar Sandhai ),Capsicum,Capsicum,Local,07/09/2026,6000,6500,6250
Tamil Nadu,Tuticorin,Kovilpatti(Uzhavar Sandhai ),Guava,Guava Allahabad,Local,07/09/2026,5000,5500,5250
Tamil Nadu,Tuticorin,Kovilpatti(Uzhavar Sandhai ),Onion Green,Onion Green,Local,07/09/2026,7000,7500,7250
Tamil Nadu,Tuticorin,Kovilpatti(Uzhavar Sandhai ),Mint(Pudina),Mint(Pudina),Local,07/09/2026,5000,5500,5250
Tamil Nadu,Vellore,Gudiyatham(Uzhavar Sandhai ),Cluster beans,Cluster Beans,Local,07/09/2026,2400,2400,2400
Tamil Nadu,Vellore,Gudiyatham(Uzhavar Sandhai ),Pumpkin,Pumpkin,Local,07/09/2026,2400,2400,2400
Tamil Nadu,Vellore,Gudiyatham(Uzhavar Sandhai ),Beetroot,Beetroot,Local,07/09/2026,4000,4000,4000
Tamil Nadu,Vellore,Gudiyatham(Uzhavar Sandhai ),Chow Chow,Chow Chow,Local,07/09/2026,4600,4600,4600
Tamil Nadu,Vellore,Gudiyatham(Uzhavar Sandhai ),Yam(Ratalu),Yam (Ratalu),Local,07/09/2026,5600,5600,5600
Tamil Nadu,Vellore,Gudiyatham(Uzhavar Sandhai ),Custard Apple(Sharifa),Custard Apple(Sharifa),Local,07/09/2026,4000,4000,4000
Tamil Nadu,Vellore,Gudiyatham(Uzhavar Sandhai ),Mint(Pudina),Mint(Pudina),Local,07/09/2026,4000,4000,4000
Tamil Nadu,Vellore,Kahithapattarai(Uzhavar Sandhai ),Garlic,Garlic,Local,07/09/2026,22000,22000,22000
Tamil Nadu,Vellore,Kahithapattarai(Uzhavar Sandhai ),Brinjal,Other,Local,07/09/2026,3600,3600,3600
Tamil Nadu,Vellore,Kahithapattarai(Uzhavar Sandhai ),Coriander(Leaves),I Sort,Local,07/09/2026,3000,3000,3000
Tamil Nadu,Vellore,Kahithapattarai(Uzhavar Sandhai ),Tomato,Deshi,Local,07/09/2026,2400,2600,2500
Tamil Nadu,Vellore,Kahithapattarai(Uzhavar Sandhai ),Cluster beans,Cluster Beans,Local,07/09/2026,2000,2000,2000
Tamil Nadu,Vellore,Kahithapattarai(Uzhavar Sandhai ),Groundnut,Big (With Shell),Local,07/09/2026,7000,7000,7000
Tamil Nadu,Vellore,Kahithapattarai(Uzhavar Sandhai ),Cucumbar(Kheera),Cucumbar,Local,07/09/2026,3000,3000,3000
Tamil Nadu,Vellore,Kahithapattarai(Uzhavar Sandhai ),Ridgeguard(Tori),Ridgeguard(Tori),Local,07/09/2026,3500,3500,3500
Tamil Nadu,Vellore,Kahithapattarai(Uzhavar Sandhai ),Colacasia,Colacasia,Local,07/09/2026,4500,4500,4500
Tamil Nadu,Vellore,Kahithapattarai(Uzhavar Sandhai ),Custard Apple(Sharifa),Custard Apple(Sharifa),Local,07/09/2026,5000,5000,5000
Tamil Nadu,Vellore,Kahithapattarai(Uzhavar Sandhai ),Sweet Corn ,Sweet Corn ,Local,07/09/2026,3000,3000,3000
Tamil Nadu,Villupuram,Villupuram(Uzhavar Sandhai ),Cauliflower,Ranchi,Local,07/09/2026,3000,3000,3000
Tamil Nadu,Villupuram,Villupuram(Uzhavar Sandhai ),Papaya,Papaya,Local,07/09/2026,5000,5000,5000
Tamil Nadu,Villupuram,Villupuram(Uzhavar Sandhai ),Bottle gourd,Bottle Gourd,Local,07/09/2026,2500,2500,2500
Tamil Nadu,Villupuram,Villupuram(Uzhavar Sandhai ),Bhindi(Ladies Finger),Bhindi,Local,07/09/2026,5000,5000,5000
Tamil Nadu,Villupuram,Villupuram(Uzhavar Sandhai ),Banana,Besrai,Local,07/09/2026,4000,10000,7000
Tamil Nadu,Villupuram,Villupuram(Uzhavar Sandhai ),Snakeguard,Snakeguard,Local,07/09/2026,4000,4000,4000
Tamil Nadu,Villupuram,Villupuram(Uzhavar Sandhai ),Chow Chow,Chow Chow,Local,07/09/2026,4500,4500,4500
Tamil Nadu,Villupuram,Villupuram(Uzhavar Sandhai ),Cucumbar(Kheera),Cucumbar,Local,07/09/2026,4000,8000,6000
Tamil Nadu,Villupuram,Villupuram(Uzhavar Sandhai ),Thondekai,Thondekai,Local,07/09/2026,5000,5000,5000
Tamil Nadu,Villupuram,Villupuram(Uzhavar Sandhai ),Knool Khol,Knool Khol,Local,07/09/2026,5000,5000,5000
Tamil Nadu,Villupuram,Villupuram(Uzhavar Sandhai ),Tender Coconut,Tender Coconut,Local,07/09/2026,4000,4000,4000
Tamil Nadu,Villupuram,Villupuram(Uzhavar Sandhai ),Elephant Yam(Suran)/Amorphophallus,Elephant Yam (Suran),Local,07/09/2026,6500,6500,6500
Tamil Nadu,Villupuram,Villupuram(Uzhavar Sandhai ),Colacasia,Colacasia,Local,07/09/2026,5000,5000,5000
Tamil Nadu,Villupuram,Villupuram(Uzhavar Sandhai ),Onion Green,Onion Green,Local,07/09/2026,7000,7000,7000
Tamil Nadu,Villupuram,Villupuram(Uzhavar Sandhai ),Mint(Pudina),Mint(Pudina),Local,07/09/2026,4000,4000,4000
Andhra Pradesh,Palnadu,Chilakaluripet APMC,Bengal Gram(Gram)(Whole),Gulabi,Local,07/09/2026,5000,5900,5500
Andhra Pradesh,Palnadu,Narasaraopet APMC,Rice,B P T,FAQ,07/09/2026,6000,6000,6000
Andhra Pradesh,SPSR Nellore,Atmakur (SPSR Nellore District) APMC,Paddy(Common),Nellore Sanna,FAQ,07/09/2026,2300,2400,2369
Jammu and Kashmir,Rajouri,Rajouri (Phaliana) (F&V),Papaya,Papaya,Grade B,07/09/2026,5500,5500,5500
Jammu and Kashmir,Rajouri,Rajouri (Phaliana) (F&V),Banana,Banana - Ripe,Grade B,07/09/2026,6200,6200,6200
Himachal Pradesh,Solan,PMY Kather Solan,Pomegranate,Other,Medium,07/09/2026,9000,10000,9500
Himachal Pradesh,Solan,PMY Kather Solan,Onion,Other,Medium,07/09/2026,4800,5200,4800
Himachal Pradesh,Solan,PMY Kather Solan,Capsicum,Capsicum,Medium,07/09/2026,500,2500,1800
Himachal Pradesh,Solan,PMY Kather Solan,French Beans(Frasbean),Other,Medium,07/09/2026,500,2300,2300
Himachal Pradesh,Solan,PMY Kather Solan,Pumpkin,Other,Medium,07/09/2026,500,1000,1000
Himachal Pradesh,Solan,PMY Kather Solan,Tomato,Other,Medium,07/09/2026,400,3300,2500
Punjab,Hoshiarpur,Mukerian APMC,Bitter gourd,Bitter Gourd,Grade B,07/09/2026,2000,3000,2500
Punjab,Hoshiarpur,Mukerian APMC,Cauliflower,Cauliflower,Grade B,07/09/2026,4500,5500,5000
Punjab,Hoshiarpur,Mukerian APMC,Cucumbar(Kheera),Cucumbar,Grade B,07/09/2026,1500,2500,2000
Rajasthan,Churu,Churu APMC,Tomato,Hybrid,FAQ,07/09/2026,2200,2400,2300
Tripura,Sepahijala,Melaghar APMC,Cucumbar(Kheera),Cucumbar,Local,07/09/2026,6500,7000,6900
Tripura,Sepahijala,Melaghar APMC,Potato,Jalander,Local,07/09/2026,1300,1500,1400
Punjab,Ludhiana,Ludhiana APMC,Apple,Other,Medium,07/09/2026,3000,9500,6000
Punjab,Ludhiana,Ludhiana APMC,Ridgeguard(Tori),Other,FAQ,07/09/2026,700,1000,900
Punjab,Ludhiana,Ludhiana APMC,Potato,Other,FAQ,07/09/2026,100,600,300
Punjab,Ludhiana,Ludhiana APMC,Garlic,Other,FAQ,07/09/2026,5000,9000,7000
Punjab,Ludhiana,Ludhiana APMC,Cauliflower,Other,FAQ,07/09/2026,1300,3500,2300
Punjab,Ludhiana,Ludhiana APMC,Brinjal,Other,FAQ,07/09/2026,200,1000,600
Punjab,Ludhiana,Ludhiana APMC,Colacasia,Other,FAQ,07/09/2026,2000,3000,2500
West Bengal,Birbhum,Birbhum APMC,Paddy(Common),Common,FAQ,07/09/2026,2371,2373,2372
West Bengal,Birbhum,Birbhum APMC,Masur Dal,Masur Dal,FAQ,07/09/2026,14700,14900,14800
West Bengal,Birbhum,Birbhum APMC,Potato,Potato,FAQ,07/09/2026,1000,1100,1050
Odisha,Dhenkanal,Hindol APMC,Bhindi(Ladies Finger),Bhindi,Grade B,07/09/2026,4500,5000,4700
Odisha,Dhenkanal,Hindol APMC,Brinjal,Brinjal,Grade B,07/09/2026,5000,5500,5200
West Bengal,Jalpaiguri,Jalpaiguri Sadar APMC,Potato,Jyoti,FAQ,07/09/2026,600,615,610
Uttar Pradesh,Gonda,Gonda APMC,Wheat,Dara Mill Quality,FAQ,07/09/2026,2800,2800,2800
Andhra Pradesh,Srikakulam,Amadalavalasa APMC,Paddy(Common),Paddy,FAQ,07/09/2026,2369,2369,2369
Keralam,Kottayam,Pampady Market,Bitter gourd,Bitter Gourd,FAQ,07/09/2026,6000,7500,7000
Keralam,Kottayam,Pampady Market,Drumstick,Drumstick,FAQ,07/09/2026,3800,5000,4000
Keralam,Kottayam,Pampady Market,Cauliflower,Cauliflower,FAQ,07/09/2026,4800,6500,5000
Keralam,Kottayam,Pampady Market,Pumpkin,Pumpkin,FAQ,07/09/2026,2500,4000,3500
Keralam,Kottayam,Pampady Market,Tomato,Tomato,FAQ,07/09/2026,4000,5000,4600
Keralam,Kottayam,Pampady Market,Indian Beans(Seam),Other,FAQ,07/09/2026,6500,8000,7500
Keralam,Kottayam,Pampady Market,Snakeguard,Snakeguard,FAQ,07/09/2026,3500,5000,4500
Andhra Pradesh,Eluru,Bhimadole APMC,Paddy(Common),1001,FAQ,07/09/2026,2380,2380,2380
Goa,North Goa,Mapusa APMC,Mousambi(Sweet Lime),Mousambi,Medium,07/09/2026,5000,8000,6000
Goa,North Goa,Mapusa APMC,Papaya,Papaya,Medium,07/09/2026,10,25,15
Goa,North Goa,Mapusa APMC,Green Chilli,Green Chilly,FAQ,07/09/2026,2800,2800,2800
Tamil Nadu,Thiruvannamalai,Cheyyar(Uzhavar Sandhai ),Brinjal,Other,Local,07/09/2026,3500,4000,3750
Tamil Nadu,Thiruvannamalai,Cheyyar(Uzhavar Sandhai ),Onion,Bellary,Local,07/09/2026,5000,6000,5500
Tamil Nadu,Thiruvannamalai,Cheyyar(Uzhavar Sandhai ),Coconut,Coconut,Local,07/09/2026,4000,4500,4250
Tamil Nadu,Thiruvannamalai,Cheyyar(Uzhavar Sandhai ),Beetroot,Beetroot,Local,07/09/2026,3500,4200,3850
Tamil Nadu,Thiruvannamalai,Cheyyar(Uzhavar Sandhai ),Thondekai,Thondekai,Local,07/09/2026,3500,4000,3750
Tamil Nadu,Thiruvannamalai,Cheyyar(Uzhavar Sandhai ),Green Avare(W),Other,Local,07/09/2026,4000,5000,4500
Tamil Nadu,Thiruvannamalai,Cheyyar(Uzhavar Sandhai ),Tender Coconut,Tender Coconut,Local,07/09/2026,2000,2500,2250
Tamil Nadu,Thiruvannamalai,Cheyyar(Uzhavar Sandhai ),Amla(Nelli Kai),Amla,Local,07/09/2026,5000,6000,5500
Andhra Pradesh,Kakinada,Kakinada (Urban) APMC,Paddy(Common),Common,FAQ,07/09/2026,2369,2390,2375
Haryana,Bhiwani,Bhiwani APMC,Apple,Apple,Grade B,07/09/2026,5580,9254,7540
Haryana,Bhiwani,Bhiwani APMC,Tomato,Tomato,Grade B,07/09/2026,2014,2540,2250
Andhra Pradesh,SPSR Nellore,Gudur APMC,Paddy(Common),MTU-1010,Local,07/09/2026,2389,2460,2430
Karnataka,Chikkaballapur,Bagepalli APMC,Capsicum,Capsicum,Small,07/09/2026,2000,3000,2500
Haryana,Ambala,Naraingarh APMC,Carrot,Carrot,Medium,07/09/2026,2000,2000,2000
Haryana,Ambala,Naraingarh APMC,Cabbage,Cabbage,Medium,07/09/2026,1000,1500,1400
Haryana,Ambala,Naraingarh APMC,Cucumbar(Kheera),Cucumbar,Medium,07/09/2026,1000,2500,1800
Haryana,Ambala,Naraingarh APMC,Peas Wet,Peas Wet,Medium,07/09/2026,7000,7000,7000
Haryana,Ambala,Naraingarh APMC,Bottle gourd,Bottle Gourd,Medium,07/09/2026,300,1800,800
Andhra Pradesh,Eluru,Nuzvid APMC,Maize,Local,FAQ,07/09/2026,2500,2500,2500
Andhra Pradesh,Kurnool,Pattikonda APMC,Tomato,Local,FAQ,07/09/2026,1000,1600,1400
Andhra Pradesh,East Godavari,Rajahmundry APMC,Paddy(Common),Paddy,Local,07/09/2026,2369,2369,2369
Tamil Nadu,Thanjavur,Papanasam(Uzhavar Sandhai ),Coriander(Leaves),I Sort,Local,07/09/2026,3600,3600,3600
Tamil Nadu,Thanjavur,Papanasam(Uzhavar Sandhai ),Bitter gourd,Bitter Gourd,Local,07/09/2026,3600,7200,5400
Tamil Nadu,Thanjavur,Papanasam(Uzhavar Sandhai ),Banana,Besrai,Local,07/09/2026,4000,6000,5000
Andhra Pradesh,Vijayanagaram,Rajam APMC,Maize,Local,FAQ,07/09/2026,4800,4800,4800
Punjab,Fatehgarh,Sirhind APMC,Apple,Other,Medium,07/09/2026,6000,8500,7000
Punjab,Fatehgarh,Sirhind APMC,Banana,Other,Medium,07/09/2026,2800,4000,3500
Punjab,Fatehgarh,Sirhind APMC,Marasebu,Other,Medium,07/09/2026,5000,6000,5500
Punjab,Fatehgarh,Sirhind APMC,Mousambi(Sweet Lime),Other,Medium,07/09/2026,2000,4000,3500
Punjab,Fatehgarh,Sirhind APMC,Bottle gourd,Other,Local,07/09/2026,1000,1600,1400
Odisha,Sundergarh,Panposh APMC,Bitter gourd,Other,FAQ,07/09/2026,4000,5000,4500
Odisha,Sundergarh,Panposh APMC,Cabbage,Cabbage,FAQ,07/09/2026,3000,3500,3200
Tamil Nadu,Ariyalur,Ariyalur(Uzhavar Sandhai),Brinjal,Round,Local,07/09/2026,4500,5000,4750
Tamil Nadu,Ariyalur,Ariyalur(Uzhavar Sandhai),Tomato,Deshi,Local,07/09/2026,3000,3500,3250
Tamil Nadu,Ariyalur,Ariyalur(Uzhavar Sandhai),Carrot,Pusakesar,Local,07/09/2026,7000,8000,7500
Tamil Nadu,Ariyalur,Ariyalur(Uzhavar Sandhai),Beetroot,Beetroot,Local,07/09/2026,4000,4500,4250
Madhya Pradesh,Mandsaur,Mandsaur(F&V) APMC,Cauliflower,Other,Grade A,07/09/2026,1300,2325,1800
Madhya Pradesh,Mandsaur,Mandsaur(F&V) APMC,Green Chilli,Other,Grade A,07/09/2026,3250,4450,3900
Madhya Pradesh,Mandsaur,Mandsaur(F&V) APMC,Lemon,Other,Grade A,07/09/2026,3100,4400,3800
Madhya Pradesh,Khandwa,Khandwa(F&V) APMC,Bitter gourd,Bitter Gourd,FAQ,07/09/2026,800,1500,1200
Madhya Pradesh,Khandwa,Khandwa(F&V) APMC,Cabbage,Cabbage,FAQ,07/09/2026,300,600,500
Odisha,Nayagarh,Bahadajholla APMC,Bitter gourd,Bitter Gourd,Grade B,07/09/2026,2244,2300,2300
Odisha,Nayagarh,Bahadajholla APMC,Bhindi(Ladies Finger),Bhindi,Grade B,07/09/2026,3300,3500,3300
Odisha,Nayagarh,Bahadajholla APMC,Pumpkin,Other,Grade B,07/09/2026,1285,1300,1285
Uttarakhand,Nanital,Haldwani APMC,Cucumbar(Kheera),Other,FAQ,07/09/2026,2000,2500,2200
Uttarakhand,Nanital,Haldwani APMC,Banana,Other,Grade A,07/09/2026,900,1100,1000
Uttarakhand,Garhwal (Pauri),Kotadwara APMC,Bhindi(Ladies Finger),Bhindi,FAQ,07/09/2026,800,800,800
Uttarakhand,Udhamsinghnagar,Gadarpur APMC,Rice,Other,Local,07/09/2026,3500,3500,3500
Rajasthan,Beawar,Beawar APMC,Bajra(Pearl Millet/Cumbu),Local,Local,07/09/2026,2200,2200,2200
Andhra Pradesh,Annamayya,Valmikipuram APMC,Tomato,Hybrid,FAQ,07/09/2026,1600,2000,1800
Andhra Pradesh,East Godavari,Nidadavolu APMC,Maize,Local,Local,07/09/2026,2410,2410,2410
Gujarat,Bhavnagar,Mahuva(Station Road) APMC,Wheat,Kalyan,FAQ,07/09/2026,2255,3160,2708
Gujarat,Bhavnagar,Mahuva(Station Road) APMC,Red gram/Arhar/Tur(whole),Local,FAQ,07/09/2026,5500,5500,5500
Haryana,Mahendragarh-Narnaul,Narnaul APMC,Apple,Apple,Medium,07/09/2026,8000,16000,12000
Haryana,Mahendragarh-Narnaul,Narnaul APMC,Lemon,Lemon,Medium,07/09/2026,4000,6000,5000
Haryana,Mahendragarh-Narnaul,Narnaul APMC,Raddish,Raddish,Medium,07/09/2026,1500,2500,2000
Andhra Pradesh,Bapatla,Vemuru APMC,Maize,Hybrid,Grade Range-2,07/09/2026,2400,2500,2450
Himachal Pradesh,Kangra,PMY Kangra,Guava,Guava,Medium,07/09/2026,10000,11000,11000
Himachal Pradesh,Kangra,PMY Kangra,Onion,Onion,FAQ,07/09/2026,5500,5700,5600
Himachal Pradesh,Kangra,PMY Kangra,Papaya,Other,Medium,07/09/2026,4000,5000,4500
Himachal Pradesh,Kangra,PMY Kangra,Capsicum,Capsicum,FAQ,07/09/2026,5000,5200,5100
Himachal Pradesh,Kangra,PMY Kangra,Pomegranate,Other,Medium,07/09/2026,9000,11000,10000
Himachal Pradesh,Kangra,PMY Kangra,Cauliflower,Cauliflower,FAQ,07/09/2026,2500,5000,3500
Himachal Pradesh,Kangra,PMY Kangra,Brinjal,Brinjal,FAQ,07/09/2026,1800,2000,1900
Himachal Pradesh,Kangra,PMY Kangra,Spinach,Spinach,FAQ,07/09/2026,3500,4000,3700
Himachal Pradesh,Kangra,PMY Kangra,Coriander(Leaves),Coriander,FAQ,07/09/2026,15000,16000,15500
Himachal Pradesh,Kangra,PMY Kangra,Mashrooms,Mashrooms,FAQ,07/09/2026,17000,18000,17500
Haryana,Mewat,Punhana APMC,Bhindi(Ladies Finger),Other,Medium,07/09/2026,1500,1500,1500
Andhra Pradesh,Annamayya,Rayachoti APMC,Groundnut,Local,Grade Range-1,07/09/2026,7800,8200,8000
Uttar Pradesh,Kasganj,Ganj Dundwara APMC,Chicory(Chikori/Kasni),Other,FAQ,07/09/2026,3000,3000,3000
Uttarakhand,Udhamsinghnagar,Sitarganj APMC,Pumpkin,Other,Local,07/09/2026,800,1500,1000
Uttar Pradesh,Amroha,Hasanpur APMC,Garlic,Other,FAQ,07/09/2026,5000,5000,5000
Bihar,Siwan,Maharjganj APMC,Sponge gourd,Other,FAQ,07/09/2026,1300,1300,1300
Bihar,Siwan,Maharjganj APMC,Tomato,Deshi,FAQ,07/09/2026,2800,2800,2800
Punjab,Gurdaspur,Dinanagar APMC,Cauliflower,Cauliflower,Medium,07/09/2026,4500,5000,4800
Punjab,Hoshiarpur,Garh Shankar APMC,Cauliflower,Cauliflower,FAQ,07/09/2026,3500,3500,3500
Punjab,Hoshiarpur,Garh Shankar APMC,Cucumbar(Kheera),Cucumbar,FAQ,07/09/2026,2500,2500,2500
Punjab,Hoshiarpur,Garh Shankar APMC,Pumpkin,Other,FAQ,07/09/2026,1200,1200,1200
Punjab,Jalandhar,Lohian Khas APMC,Green Chilli,Other,Local,07/09/2026,3000,3400,3200
Punjab,Ludhiana,Doraha APMC,Cauliflower,Local,Local,07/09/2026,3000,4000,3500
Punjab,Ludhiana,Doraha APMC,Bhindi(Ladies Finger),Other,Local,07/09/2026,1500,2000,1800
Haryana,Panchkula,Barwala APMC,Potato,Local,FAQ,07/09/2026,700,1200,950
Haryana,Panchkula,Barwala APMC,Onion,Onion,FAQ,07/09/2026,4000,4500,4250
Haryana,Panchkula,Barwala APMC,Tomato,Local,FAQ,07/09/2026,2000,2000,2000
Haryana,Panchkula,Barwala APMC,Cauliflower,Local,FAQ,07/09/2026,4000,5000,4500
Haryana,Panchkula,Barwala APMC,Bottle gourd,Bottle Gourd,FAQ,07/09/2026,800,1000,900
Odisha,Gajapati,Parlakhemundi APMC,Tomato,Local,Grade Range-1,07/09/2026,1300,1500,1400
Odisha,Ganjam,Bhanjanagar APMC,Pumpkin,Pumpkin,Large,07/09/2026,1200,1400,1300
Odisha,Ganjam,Bhanjanagar APMC,Bhindi(Ladies Finger),Bhindi,Local,07/09/2026,2800,3000,2900
Odisha,Boudh,Boudh APMC,Brinjal,Other,Local,07/09/2026,7000,8000,7500
Odisha,Sundergarh,Sargipali APMC,Bhindi(Ladies Finger),Bhindi,FAQ,07/09/2026,2500,3000,2800
Odisha,Sundergarh,Sargipali APMC,Tomato,Other,FAQ,07/09/2026,2500,3000,2800
Haryana,Panchkula,Raipur Rani APMC,Green Chilli,Other,Local,07/09/2026,3000,3200,3000
Haryana,Panchkula,Raipur Rani APMC,Raddish,Other,Local,07/09/2026,1400,1600,1400
Haryana,Panchkula,Raipur Rani APMC,Pumpkin,Pumpkin,Local,07/09/2026,1200,1400,1200
Haryana,Panchkula,Raipur Rani APMC,Bitter gourd,Bitter Gourd,Local,07/09/2026,2400,2600,2400
Haryana,Panchkula,Raipur Rani APMC,Capsicum,Capsicum,Local,07/09/2026,2400,2600,2400
Keralam,Kollam,Inchakkad VFPCK Market,Banana,Nendra Bale,Grade A,07/09/2026,8500,8500,8500
Haryana,Jhajar,Bahadurgarh APMC,Onion,Other,FAQ,07/09/2026,3800,4000,3900
Haryana,Jhajar,Bahadurgarh APMC,Cucumbar(Kheera),Other,Medium,07/09/2026,1800,2200,2100
Haryana,Jhajar,Bahadurgarh APMC,Ginger(Green),Other,Medium,07/09/2026,7000,8000,7500
Keralam,Alappuzha,Aroor Market,Carrot,Other,FAQ,07/09/2026,6500,6700,6600
Andhra Pradesh,Ananthapuramu,Rapthadu APMC,Ground Nut Seed,Ground Nut Seed,Grade Range-1,07/09/2026,9500,11500,10500
Keralam,Alappuzha,Chengannur Market,Garlic,Garlic,FAQ,07/09/2026,19500,20200,20000
Tamil Nadu,Coimbatore,Sundarapuram(Uzhavar Sandhai ),Potato,Other,Local,07/09/2026,4500,5000,4750
Tamil Nadu,Coimbatore,Sundarapuram(Uzhavar Sandhai ),Garlic,Garlic,Local,07/09/2026,23000,24000,23500
Tamil Nadu,Coimbatore,Sundarapuram(Uzhavar Sandhai ),Beans,Beans (Whole),Local,07/09/2026,7000,7500,7250
Tamil Nadu,Coimbatore,Sundarapuram(Uzhavar Sandhai ),Tapioca,Tapioca,Local,07/09/2026,3000,3500,3250
Tamil Nadu,Coimbatore,Sundarapuram(Uzhavar Sandhai ),Sweet Potato,Hosur Red,Local,07/09/2026,4500,5000,4750
Tamil Nadu,Coimbatore,Sundarapuram(Uzhavar Sandhai ),Capsicum,Capsicum,Local,07/09/2026,5500,6000,5750
Tamil Nadu,Coimbatore,Sundarapuram(Uzhavar Sandhai ),Guava,Guava Allahabad,Local,07/09/2026,5000,6000,5500
Tamil Nadu,Coimbatore,Sundarapuram(Uzhavar Sandhai ),Elephant Yam(Suran)/Amorphophallus,Elephant Yam (Suran),Local,07/09/2026,3500,4000,3750
Tamil Nadu,Coimbatore,Sundarapuram(Uzhavar Sandhai ),Lemon,Lemon,Local,07/09/2026,19000,20000,19500
Haryana,Gurgaon,Gurgaon APMC,Brinjal,Brinjal,Grade B,07/09/2026,1000,1500,1250
Haryana,Gurgaon,Gurgaon APMC,Pomegranate,Other,Grade B,07/09/2026,5000,10000,7500
Andhra Pradesh,Kakinada,Prattipadu APMC,Paddy(Common),1001,FAQ,07/09/2026,2369,2380,2379
Andhra Pradesh,Visakhapatnam,Pendurthi APMC,Paddy(Common),Paddy,Local,07/09/2026,2300,2300,2300
Haryana,Rohtak,Meham,Bhindi(Ladies Finger),Bhindi,Medium,07/09/2026,2000,2000,2000
Haryana,Rohtak,Meham,Cucumbar(Kheera),Cucumbar,Medium,07/09/2026,2200,2200,2200
Haryana,Rohtak,Meham,Banana,Medium,Medium,07/09/2026,1600,1600,1600
Haryana,Rohtak,Meham,Spinach,Spinach,Medium,07/09/2026,3000,3000,3000
Keralam,Alappuzha,Kayamkulam Market,Cowpea(Veg),Other,FAQ,07/09/2026,2800,3000,2900
Keralam,Alappuzha,Kayamkulam Market,Carrot,Other,FAQ,07/09/2026,5100,5300,5200
Keralam,Alappuzha,Kayamkulam Market,Onion,Small,FAQ,07/09/2026,6700,6900,6800
Keralam,Alappuzha,Kayamkulam Market,Pumpkin,Other,FAQ,07/09/2026,1200,1400,1300
Odisha,Mayurbhanja,Karanjia APMC,Paddy(Common),Other,FAQ,07/09/2026,2369,2369,2369
Odisha,Mayurbhanja,Karanjia APMC,Rice,Other,FAQ,07/09/2026,3600,3700,3700
Odisha,Mayurbhanja,Karanjia APMC,Pumpkin,Pumpkin,Local,07/09/2026,1000,1300,1200
Odisha,Mayurbhanja,Karanjia APMC,Tomato,Local,Local,07/09/2026,3000,3500,3200
Uttar Pradesh,Khiri (Lakhimpur),Maigalganj APMC,Bhindi(Ladies Finger),Bhindi,FAQ,07/09/2026,2160,2200,2180
Uttar Pradesh,Khiri (Lakhimpur),Maigalganj APMC,Bottle gourd,Bottle Gourd,FAQ,07/09/2026,940,980,960
Uttar Pradesh,Khiri (Lakhimpur),Maigalganj APMC,Pumpkin,Pumpkin,FAQ,07/09/2026,640,680,660
Keralam,Ernakulam,North Paravur Market,Bottle gourd,Bottle Gourd,Medium,07/09/2026,2500,3000,2800
Keralam,Ernakulam,North Paravur Market,Mango(Raw-Ripe),Mango - Raw-Ripe,Medium,07/09/2026,7000,8000,7500
Keralam,Ernakulam,North Paravur Market,Onion,1st Sort,Large,07/09/2026,5700,6600,6400
Keralam,Ernakulam,North Paravur Market,Ridgeguard(Tori),Other,FAQ,07/09/2026,5500,6500,6000
Keralam,Ernakulam,North Paravur Market,Snakeguard,Other,Medium,07/09/2026,3700,4200,4000
Keralam,Ernakulam,North Paravur Market,Capsicum,Capsicum,FAQ,07/09/2026,5500,6500,6000
Keralam,Ernakulam,North Paravur Market,Ashgourd,Ashgourd,Medium,07/09/2026,1800,2500,2000
Keralam,Ernakulam,North Paravur Market,Coconut,Big,Local,07/09/2026,6200,7000,6500
Keralam,Ernakulam,North Paravur Market,Beetroot,Beetroot,FAQ,07/09/2026,4700,5500,5000
Keralam,Ernakulam,North Paravur Market,Banana - Green,Banana - Green,Medium,07/09/2026,5600,6500,5800
Himachal Pradesh,Solan,SMY Nalagarh,Potato,Other,Medium,07/09/2026,400,800,600
Himachal Pradesh,Solan,SMY Nalagarh,Bitter gourd,Bitter Gourd,Medium,07/09/2026,1500,2000,1800
Himachal Pradesh,Solan,SMY Nalagarh,Brinjal,Other,Medium,07/09/2026,1000,2000,1500
Himachal Pradesh,Solan,SMY Nalagarh,Cabbage,Other,Medium,07/09/2026,2000,4300,2500
Punjab,Bhatinda,Rampuraphul(Nabha Mandi) APMC,Carrot,Other,Grade A,07/09/2026,2000,2700,2500
Punjab,Bhatinda,Rampuraphul(Nabha Mandi) APMC,Cauliflower,Cauliflower,Grade A,07/09/2026,3000,4000,3500
Punjab,Bhatinda,Rampuraphul(Nabha Mandi) APMC,Onion,Other,Grade A,07/09/2026,3500,4500,4000
Himachal Pradesh,Kangra,SMY Baijnath,Apple,Apple,Grade B,07/09/2026,3500,9500,7000
Himachal Pradesh,Kangra,SMY Baijnath,Guava,Guava,Grade B,07/09/2026,4000,10500,8000
Himachal Pradesh,Kangra,SMY Baijnath,Capsicum,Capsicum,Grade B,07/09/2026,4800,5200,5000
Himachal Pradesh,Kangra,SMY Baijnath,Brinjal,Brinjal,Grade B,07/09/2026,2600,3000,2800
Himachal Pradesh,Kangra,SMY Baijnath,Onion,Onion,Grade B,07/09/2026,5200,5600,5400
Himachal Pradesh,Kangra,SMY Jaisinghpur,Persimon(Japani Fal),Other,Medium,07/09/2026,8500,9500,9000
Himachal Pradesh,Kangra,SMY Jaisinghpur,Beetroot,Beetroot,FAQ,07/09/2026,5000,5200,5100
Himachal Pradesh,Kangra,SMY Jaisinghpur,Onion,Other,FAQ,07/09/2026,5500,5700,5600
Himachal Pradesh,Kangra,SMY Jaisinghpur,Tomato,Tomato,FAQ,07/09/2026,3400,3600,3500
Himachal Pradesh,Kangra,SMY Jaisinghpur,Garlic,Average,FAQ,07/09/2026,16000,18000,17000
Himachal Pradesh,Kangra,SMY Jaisinghpur,Ginger(Green),Green Ginger,FAQ,07/09/2026,10000,11000,10500
Himachal Pradesh,Kangra,SMY Jaisinghpur,Pea Pod/Pea Cod/हरी मटर,Other,FAQ,07/09/2026,14500,15500,15000
Telangana,Hanumakonda,"Excise Colony,RBZ ",Potato,Other,Grade A,07/09/2026,3000,3000,3000
Telangana,Hanumakonda,"Excise Colony,RBZ ",Tomato,Other,Grade A,07/09/2026,2400,2400,2400
Keralam,Kannur,Taliparamba Market,Banana,Other,Small,07/09/2026,8900,9100,9000
Keralam,Kannur,Taliparamba Market,Cucumbar(Kheera),Other,FAQ,07/09/2026,3900,4100,4000
Andhra Pradesh,Visakhapatnam,Visakhapatnam APMC,Rice,B P T,Grade Range-1,07/09/2026,6300,6300,6300
Keralam,Kozhikode(Calicut),Thamarassery Market,Ashgourd,Other,FAQ,07/09/2026,1200,1400,1300
Keralam,Kozhikode(Calicut),Thamarassery Market,Cowpea(Veg),Other,FAQ,07/09/2026,5000,5200,5200
Keralam,Kozhikode(Calicut),Thamarassery Market,Drumstick,Other,FAQ,07/09/2026,4500,4800,4500
Keralam,Kozhikode(Calicut),Thamarassery Market,Tomato,Other,FAQ,07/09/2026,1700,2300,2000
Odisha,Angul,Angul(Atthamallick) APMC,Tomato,Tomato,Grade B,07/09/2026,4000,6000,5000
Keralam,Kozhikode(Calicut),Quilandy Market,Bottle gourd,Other,FAQ,07/09/2026,3800,4100,4000
Keralam,Kozhikode(Calicut),Quilandy Market,Cabbage,Other,FAQ,07/09/2026,3000,3500,3100
Keralam,Kozhikode(Calicut),Quilandy Market,Cluster beans,Other,FAQ,07/09/2026,3900,4200,4000
Keralam,Kozhikode(Calicut),Quilandy Market,Green Chilli,Other,FAQ,07/09/2026,4800,5000,5000
Keralam,Kozhikode(Calicut),Quilandy Market,Coriander(Leaves),Other,FAQ,07/09/2026,6000,6200,6000
Keralam,Kozhikode(Calicut),Quilandy Market,Elephant Yam(Suran)/Amorphophallus,Other,FAQ,07/09/2026,4700,5000,4800
Odisha,Sundergarh,Bonai APMC,Brinjal,Other,FAQ,07/09/2026,800,1015,900
Tamil Nadu,Erode,Sathiyamagalam(Uzhavar Sandhai ),Cauliflower,Ranchi,Local,07/09/2026,3400,3800,3600
Tamil Nadu,Erode,Sathiyamagalam(Uzhavar Sandhai ),Banana - Green,Banana - Green,Local,07/09/2026,3000,3400,3200
Tamil Nadu,Erode,Sathiyamagalam(Uzhavar Sandhai ),Banana,Red Banana,Local,07/09/2026,6000,6500,6250
Tamil Nadu,Erode,Sathiyamagalam(Uzhavar Sandhai ),Coconut,Coconut,Local,07/09/2026,4500,5000,4750
Tamil Nadu,Erode,Sathiyamagalam(Uzhavar Sandhai ),Cabbage,Cabbage,Local,07/09/2026,3000,3500,3250
Tamil Nadu,Erode,Sathiyamagalam(Uzhavar Sandhai ),Beetroot,Beetroot,Local,07/09/2026,6000,6500,6250
Tamil Nadu,Erode,Sathiyamagalam(Uzhavar Sandhai ),Cucumbar(Kheera),Cucumbar,Local,07/09/2026,3000,3500,3250
Tamil Nadu,Erode,Sathiyamagalam(Uzhavar Sandhai ),Onion Green,Onion Green,Local,07/09/2026,6500,7000,6750
Tamil Nadu,Coimbatore,Mettupalayam(Uzhavar Sandhai ),Potato,Red Nanital,Local,07/09/2026,4000,5000,4500
Tamil Nadu,Coimbatore,Mettupalayam(Uzhavar Sandhai ),Garlic,Garlic,Local,07/09/2026,14000,18000,16000
Tamil Nadu,Coimbatore,Mettupalayam(Uzhavar Sandhai ),Coriander(Leaves),I Sort,Local,07/09/2026,4500,5000,4750
Tamil Nadu,Coimbatore,Mettupalayam(Uzhavar Sandhai ),Chikoos(Sapota),Sapota,Local,07/09/2026,4500,5000,4750
Tamil Nadu,Coimbatore,Mettupalayam(Uzhavar Sandhai ),Tomato,Deshi,Local,07/09/2026,2500,3000,2750
Tamil Nadu,Coimbatore,Mettupalayam(Uzhavar Sandhai ),Bottle gourd,Bottle Gourd,Local,07/09/2026,2500,3000,2750
Tamil Nadu,Coimbatore,Mettupalayam(Uzhavar Sandhai ),Green Chilli,Green Chilly,Local,07/09/2026,3500,4000,3750
Tamil Nadu,Coimbatore,Mettupalayam(Uzhavar Sandhai ),Pineapple,Pine Apple,Local,07/09/2026,3500,4000,3750
Tamil Nadu,Coimbatore,Mettupalayam(Uzhavar Sandhai ),Carrot,Pusakesar,Local,07/09/2026,5000,5800,5400
Tamil Nadu,Coimbatore,Mettupalayam(Uzhavar Sandhai ),Raddish,Raddish,Local,07/09/2026,2500,3000,2750
Tamil Nadu,Coimbatore,Mettupalayam(Uzhavar Sandhai ),Thondekai,Thondekai,Local,07/09/2026,3200,4400,3800
Tamil Nadu,Coimbatore,Mettupalayam(Uzhavar Sandhai ),Knool Khol,Knool Khol,Local,07/09/2026,5500,6000,5750
Tamil Nadu,Coimbatore,Mettupalayam(Uzhavar Sandhai ),Lime,Lime,Local,07/09/2026,10000,13000,11500
Tamil Nadu,Coimbatore,Mettupalayam(Uzhavar Sandhai ),Jack Fruit(Ripe),Jack Fruit,Local,07/09/2026,3500,4000,3750
Tamil Nadu,Coimbatore,Mettupalayam(Uzhavar Sandhai ),Yam(Ratalu),Yam (Ratalu),Local,07/09/2026,6500,7000,6750
Tamil Nadu,Coimbatore,Mettupalayam(Uzhavar Sandhai ),Amla(Nelli Kai),Amla,Local,07/09/2026,8000,9000,8500
Telangana,Hyderabad,RYTHU BAZAR MEHDIPATNAM,Bitter gourd,Bitter Gourd,Grade A,07/09/2026,3200,3200,3200
Telangana,Hyderabad,RYTHU BAZAR MEHDIPATNAM,Carrot,Carrot,Grade A,07/09/2026,4700,4700,4700
Telangana,Hyderabad,RYTHU BAZAR MEHDIPATNAM,French Beans(Frasbean),French Beans (Frasbean),Grade A,07/09/2026,6500,6500,6500
Telangana,Hyderabad,RYTHU BAZAR MEHDIPATNAM,Green Chilli,Green Chilly,Grade A,07/09/2026,2800,2800,2800
Uttar Pradesh,Sant Kabir Nagar,Khalilabad APMC,Wheat,Medium,FAQ,07/09/2026,2530,2530,2530
Uttar Pradesh,Sant Kabir Nagar,Khalilabad APMC,Green Chilli,Green Chilly,Medium,07/09/2026,2700,2850,2800
Uttar Pradesh,Sant Kabir Nagar,Khalilabad APMC,Potato,Potato,Medium,07/09/2026,1400,1500,1450
Uttar Pradesh,Kanpur Dehat,Pukharayan APMC,Wheat,Dara,FAQ,07/09/2026,2550,2550,2550
Punjab,Ludhiana,Raikot APMC,Cucumbar(Kheera),Cucumbar,Grade A,07/09/2026,2840,2840,2840
Punjab,Ludhiana,Raikot APMC,Onion,Nasik,Grade A,07/09/2026,3730,3730,3730
Telangana,Mahbubnagar,Mahabubnagar(Rythu Bazar),Tomato,Deshi,Local,07/09/2026,2000,2000,2000
Telangana,Mahbubnagar,Mahabubnagar(Rythu Bazar),Cabbage,Cabbage,Local,07/09/2026,3000,3000,3000
Telangana,Mahbubnagar,Mahabubnagar(Rythu Bazar),Cauliflower,Cauliflower,Local,07/09/2026,3000,3000,3000
Telangana,Mahbubnagar,Mahabubnagar(Rythu Bazar),Potato,Red Nanital,Local,07/09/2026,2400,2400,2400
Telangana,Mahbubnagar,Mahabubnagar(Rythu Bazar),Cluster beans,Cluster Beans,Local,07/09/2026,4000,4000,4000
Tamil Nadu,Namakkal,Tiruchengode APMC,Mousambi(Sweet Lime),Mousambi,Local,07/09/2026,3500,4000,3750
Tamil Nadu,Namakkal,Tiruchengode APMC,Cluster beans,Cluster Beans,Local,07/09/2026,2600,3000,2800
Tamil Nadu,Namakkal,Tiruchengode APMC,Amaranthus,Amaranthus,Local,07/09/2026,3500,4000,3750
Tamil Nadu,Namakkal,Tiruchengode APMC,Banana - Green,Banana - Green,Local,07/09/2026,3500,4000,3750
Tamil Nadu,Namakkal,Tiruchengode APMC,Onion,Bellary,Local,07/09/2026,5400,6000,5700
Tamil Nadu,Namakkal,Tiruchengode APMC,Ginger(Green),Green Ginger,Local,07/09/2026,15000,17000,16000
Tamil Nadu,Namakkal,Tiruchengode APMC,Green Avare(W),Other,Local,07/09/2026,5400,6000,5700
Tamil Nadu,Namakkal,Tiruchengode APMC,Ridgeguard(Tori),Ridgeguard(Tori),Local,07/09/2026,5400,6000,5700
Tamil Nadu,Namakkal,Tiruchengode APMC,Guava,Guava Allahabad,Local,07/09/2026,5400,6000,5700
Tamil Nadu,Namakkal,Tiruchengode APMC,Tender Coconut,Tender Coconut,Local,07/09/2026,3500,4000,3750
Tamil Nadu,Ariyalur,Jeyankondam (Uzhavar Sandhai ),Snakeguard,Snakeguard,Local,07/09/2026,3000,3500,3250
Uttar Pradesh,Shamli,Khandhla APMC,Grapes,Green,Medium,07/09/2026,4100,4130,4115
Uttar Pradesh,Shamli,Khandhla APMC,Bitter gourd,Bitter Gourd,FAQ,07/09/2026,2400,2470,2435
Uttar Pradesh,Shamli,Khandhla APMC,Cucumbar(Kheera),Cucumbar,FAQ,07/09/2026,250,300,280
Uttar Pradesh,Shamli,Khandhla APMC,Cabbage,Cabbage,FAQ,07/09/2026,300,390,345
Uttar Pradesh,Shamli,Khandhla APMC,Lemon,Lemon,FAQ,07/09/2026,3900,4000,3950
Uttar Pradesh,Badaun,Dataganj APMC,Wheat,Dara,FAQ,07/09/2026,2500,2600,2550
Odisha,Bargarh,Sohela APMC,Brinjal,Brinjal,Local,07/09/2026,1800,2300,2100
Andhra Pradesh,Kakinada,Sampara (Kakinada Rural) APMC,Paddy(Common),1001,FAQ,07/09/2026,2369,2389,2379
Uttar Pradesh,Siddharth Nagar,Naugarh APMC,Mousambi(Sweet Lime),Mousambi,Grade A,07/09/2026,3430,3450,3440
Telangana,Hyderabad,RYTHU BAZAR ERRAGADDA,Ridgeguard(Tori),Ridgeguard(Tori),Grade A,07/09/2026,28,28,28
Telangana,Hyderabad,RYTHU BAZAR ERRAGADDA,Banana - Green,Banana - Green,Grade A,07/09/2026,1100,1100,1100
Telangana,Hyderabad,RYTHU BAZAR ERRAGADDA,Field Pea,Field Pea,Grade A,07/09/2026,3500,3500,3500
Telangana,Hyderabad,RYTHU BAZAR ERRAGADDA,French Beans(Frasbean),French Beans (Frasbean),Grade A,07/09/2026,6500,6500,6500
Telangana,Hyderabad,RYTHU BAZAR ERRAGADDA,Cucumbar(Kheera),Cucumbar,Grade A,07/09/2026,2300,2300,2300
Tamil Nadu,Coimbatore,RSPuram(Uzhavar Sandhai ),Cauliflower,Ranchi,Local,07/09/2026,4500,4800,4650
Tamil Nadu,Coimbatore,RSPuram(Uzhavar Sandhai ),Tomato,Local,Local,07/09/2026,2700,3000,2850
Tamil Nadu,Coimbatore,RSPuram(Uzhavar Sandhai ),Amaranthus,Amaranthus,Local,07/09/2026,5600,6500,6050
Tamil Nadu,Coimbatore,RSPuram(Uzhavar Sandhai ),Carrot,Pusakesar,Local,07/09/2026,5500,6000,5750
Tamil Nadu,Coimbatore,RSPuram(Uzhavar Sandhai ),Lemon,Lemon,Local,07/09/2026,18500,19500,19000
Tamil Nadu,Coimbatore,Singanallur(Uzhavar Sandhai ),Brinjal,Round,Local,07/09/2026,4000,5000,4500
Tamil Nadu,Coimbatore,Singanallur(Uzhavar Sandhai ),Coriander(Leaves),I Sort,Local,07/09/2026,3500,4000,3750
Tamil Nadu,Coimbatore,Singanallur(Uzhavar Sandhai ),Green Avare(W),Green Avare (W),Local,07/09/2026,5000,5500,5250
Tamil Nadu,Coimbatore,Singanallur(Uzhavar Sandhai ),Cowpea(Veg),Cowpea (Veg),Local,07/09/2026,3500,4000,3750
Tamil Nadu,Coimbatore,Singanallur(Uzhavar Sandhai ),Banana - Green,Banana - Green,Local,07/09/2026,4000,4500,4250
Tamil Nadu,Coimbatore,Singanallur(Uzhavar Sandhai ),Orange,Darjeeling,Local,07/09/2026,13000,14000,13500
Tamil Nadu,Coimbatore,Singanallur(Uzhavar Sandhai ),Grapes,Annabesahai,Local,07/09/2026,8000,9000,8500
Tamil Nadu,Coimbatore,Singanallur(Uzhavar Sandhai ),Ginger(Green),Green Ginger,Local,07/09/2026,15000,16000,15500
Tamil Nadu,Coimbatore,Singanallur(Uzhavar Sandhai ),Coconut,Coconut,Local,07/09/2026,5500,6000,5750
Tamil Nadu,Coimbatore,Singanallur(Uzhavar Sandhai ),Betal Leaves,Mysore,Local,07/09/2026,20000,21000,20500
Tamil Nadu,Coimbatore,Singanallur(Uzhavar Sandhai ),Snakeguard,Snakeguard,Local,07/09/2026,2800,3200,3000
Tamil Nadu,Coimbatore,Singanallur(Uzhavar Sandhai ),Cucumbar(Kheera),Cucumbar,Local,07/09/2026,4000,4500,4250
Tamil Nadu,Coimbatore,Singanallur(Uzhavar Sandhai ),Thondekai,Thondekai,Local,07/09/2026,3500,4000,3750
Tamil Nadu,Coimbatore,Singanallur(Uzhavar Sandhai ),Knool Khol,Knool Khol,Local,07/09/2026,5000,5500,5250
Tamil Nadu,Coimbatore,Singanallur(Uzhavar Sandhai ),Amla(Nelli Kai),Amla,Local,07/09/2026,8000,9000,8500
Odisha,Mayurbhanja,Narasinghpur APMC,Bitter gourd,Bitter Gourd,Local,07/09/2026,3000,6000,4000
Odisha,Mayurbhanja,Narasinghpur APMC,Green Chilli,Green Chilly,Local,07/09/2026,6000,8000,7000
Tamil Nadu,Coimbatore,Pollachi(Uzhavar Sandhai ),Potato,Red Nanital,Local,07/09/2026,4000,6500,5250
Tamil Nadu,Coimbatore,Pollachi(Uzhavar Sandhai ),Brinjal,Other,Local,07/09/2026,4000,4500,4250
Tamil Nadu,Coimbatore,Pollachi(Uzhavar Sandhai ),Bottle gourd,Bottle Gourd,Local,07/09/2026,3000,3500,3250
Tamil Nadu,Coimbatore,Pollachi(Uzhavar Sandhai ),Pumpkin,Pumpkin,Local,07/09/2026,2000,2500,2250
Tamil Nadu,Coimbatore,Pollachi(Uzhavar Sandhai ),Amaranthus,Amaranthus,Local,07/09/2026,3000,4000,3500
Tamil Nadu,Coimbatore,Pollachi(Uzhavar Sandhai ),Beans,Beans (Whole),Local,07/09/2026,7000,7500,7250
Tamil Nadu,Coimbatore,Pollachi(Uzhavar Sandhai ),Coconut,Coconut,Local,07/09/2026,5500,6000,5750
Tamil Nadu,Coimbatore,Pollachi(Uzhavar Sandhai ),Snakeguard,Snakeguard,Local,07/09/2026,3500,4000,3750
Tamil Nadu,Coimbatore,Pollachi(Uzhavar Sandhai ),Beetroot,Beetroot,Local,07/09/2026,5000,7000,6000
Tamil Nadu,Coimbatore,Pollachi(Uzhavar Sandhai ),Ridgeguard(Tori),Ridgeguard(Tori),Local,07/09/2026,4500,5000,4750
Tamil Nadu,Coimbatore,Pollachi(Uzhavar Sandhai ),Yam(Ratalu),Yam (Ratalu),Local,07/09/2026,5000,6000,5500
Uttar Pradesh,Shamli,Kairana APMC,Brinjal,Round/Long,FAQ,07/09/2026,1000,1100,1050
Keralam,Idukki,Thodupuzha Market,Banana - Green,Other,Grade Range-1,07/09/2026,6300,6500,6500
Keralam,Idukki,Thodupuzha Market,Carrot,Other,Large,07/09/2026,6700,6900,6900
Odisha,Sonepur,Pandkital APMC,Bhindi(Ladies Finger),Other,Local,07/09/2026,4200,4500,4500
Telangana,Siddipet,Siddipet(Rythu Bazar) ,Bhindi(Ladies Finger),Bhindi,Grade A,07/09/2026,1500,2400,2000
Telangana,Siddipet,Siddipet(Rythu Bazar) ,Onion,Onion,Grade A,07/09/2026,4500,5500,5000
Telangana,Ranga Reddy,"Vanasthalipuram,RBZ ",Other green and fresh vegetables,Other,Grade A,07/09/2026,2000,2000,2000
Telangana,Ranga Reddy,"Vanasthalipuram,RBZ ",Ridgeguard(Tori),Ridgeguard(Tori),Grade A,07/09/2026,2800,2800,2800
Telangana,Ranga Reddy,"Vanasthalipuram,RBZ ",Cluster beans,Cluster Beans,Grade A,07/09/2026,2800,2800,2800
Telangana,Ranga Reddy,"Vanasthalipuram,RBZ ",Cucumbar(Kheera),Other,Grade A,07/09/2026,2300,2300,2300
Telangana,Ranga Reddy,"Vanasthalipuram,RBZ ",Field Bean(Anumulu),Field Bean(Anumulu),Grade A,07/09/2026,3500,3500,3500
Telangana,Ranga Reddy,"Vanasthalipuram,RBZ ",Drumstick,Drumstick,Grade A,07/09/2026,4500,4500,4500
West Bengal,Coochbehar,Baxirhat APMC,Jute,Other,TD 3 (FAQ),07/09/2026,13200,13400,13300
West Bengal,Coochbehar,Baxirhat APMC,Brinjal,Brinjal,FAQ,07/09/2026,4000,4400,4200
Odisha,Bhadrak,Chandabali APMC,Potato,Other,Grade Range-2,07/09/2026,1280,1500,1370
Tamil Nadu,Karur,Karur(Uzhavar Sandhai ),Green Peas,Green Peas,Local,07/09/2026,22500,23000,22750
Tamil Nadu,Karur,Karur(Uzhavar Sandhai ),Bitter gourd,Other,Local,07/09/2026,5500,6000,5750
Tamil Nadu,Karur,Karur(Uzhavar Sandhai ),Beans,Beans (Whole),Local,07/09/2026,7500,8000,7750
Tamil Nadu,Karur,Karur(Uzhavar Sandhai ),Coconut,Coconut,Local,07/09/2026,5500,6000,5750
Tamil Nadu,Karur,Karur(Uzhavar Sandhai ),Cabbage,Cabbage,Local,07/09/2026,4500,5000,4750
Tamil Nadu,Karur,Karur(Uzhavar Sandhai ),Raddish,Raddish,Local,07/09/2026,2500,3000,2750
Tamil Nadu,Karur,Karur(Uzhavar Sandhai ),Chow Chow,Chow Chow,Local,07/09/2026,3500,4000,3750
Tamil Nadu,Karur,Karur(Uzhavar Sandhai ),Lemon,Lemon,Local,07/09/2026,27500,28000,27750
Tamil Nadu,Karur,Karur(Uzhavar Sandhai ),Onion Green,Onion Green,Local,07/09/2026,7500,8000,7750
Tripura,Unokoti,Machmara,Cucumbar(Kheera),Cucumbar,FAQ,07/09/2026,3200,3400,3300
Tripura,Unokoti,Machmara,Cowpea(Veg),Cowpea (Veg),FAQ,07/09/2026,5100,5300,5200
Tamil Nadu,Coimbatore,Kurichi(Uzhavar Sandhai ),Tomato,Local,Local,07/09/2026,2400,2800,2600
Tamil Nadu,Coimbatore,Kurichi(Uzhavar Sandhai ),Onion,Bellary,Local,07/09/2026,5400,5800,5600
Tamil Nadu,Coimbatore,Kurichi(Uzhavar Sandhai ),Thondekai,Thondekai,Local,07/09/2026,4000,4500,4250
Tamil Nadu,Coimbatore,Kurichi(Uzhavar Sandhai ),Drumstick,Drumstick,Local,07/09/2026,3000,3500,3250
Tamil Nadu,Cuddalore,Chidambaram(Uzhavar Sandhai ),Bhindi(Ladies Finger),Bhindi,Local,07/09/2026,3000,3000,3000
Tamil Nadu,Cuddalore,Cuddalore(Uzhavar Sandhai ),Potato,Red Nanital,Local,07/09/2026,4000,4000,4000
Tamil Nadu,Cuddalore,Cuddalore(Uzhavar Sandhai ),Banana - Green,Banana - Green,Local,07/09/2026,3000,3500,3250
Tamil Nadu,Cuddalore,Cuddalore(Uzhavar Sandhai ),Cabbage,Cabbage,Local,07/09/2026,3000,3000,3000
Tamil Nadu,Cuddalore,Cuddalore(Uzhavar Sandhai ),Mango(Raw-Ripe),Mango - Raw-Ripe,Local,07/09/2026,9000,9000,9000
Tamil Nadu,Cuddalore,Cuddalore(Uzhavar Sandhai ),Guava,Guava Allahabad,Local,07/09/2026,4000,5000,4500
Tamil Nadu,Chengalpattu,Thirukalukundram(Uzhavar Sandhai ),Cluster beans,Cluster Beans,Local,07/09/2026,4500,5000,4750
Tamil Nadu,Chengalpattu,Thirukalukundram(Uzhavar Sandhai ),Bitter gourd,Bitter Gourd,Local,07/09/2026,5000,6000,5500
Tamil Nadu,Chengalpattu,Thirukalukundram(Uzhavar Sandhai ),Bottle gourd,Bottle Gourd,Local,07/09/2026,4000,5000,4500
Tamil Nadu,Chengalpattu,Thirukalukundram(Uzhavar Sandhai ),Ashgourd,Gouard,Local,07/09/2026,2000,2500,2250
Tamil Nadu,Chengalpattu,Thirukalukundram(Uzhavar Sandhai ),Snakeguard,Snakeguard,Local,07/09/2026,4000,4500,4250
Tamil Nadu,Chengalpattu,Thirukalukundram(Uzhavar Sandhai ),Ridgeguard(Tori),Ridgeguard(Tori),Local,07/09/2026,5000,5000,5000
Madhya Pradesh,Ashoknagar,Ashoknagar APMC,Wheat,Wheat,FAQ,07/09/2026,2825,2825,2825
Tamil Nadu,Tuticorin,Tuticorin(Uzhavar Sandhai ),Garlic,Garlic,Local,07/09/2026,21000,22000,21500
Tamil Nadu,Tuticorin,Tuticorin(Uzhavar Sandhai ),Chikoos(Sapota),Sapota,Local,07/09/2026,5000,6000,5500
Tamil Nadu,Tuticorin,Tuticorin(Uzhavar Sandhai ),Bitter gourd,Other,Local,07/09/2026,5000,6000,5500
Tamil Nadu,Tuticorin,Tuticorin(Uzhavar Sandhai ),Bhindi(Ladies Finger),Bhindi,Local,07/09/2026,3000,3500,3250
Tamil Nadu,Tuticorin,Tuticorin(Uzhavar Sandhai ),Cowpea(Veg),Cowpea (Veg),Local,07/09/2026,3000,3500,3250
Tamil Nadu,Tuticorin,Tuticorin(Uzhavar Sandhai ),Tapioca,Tapioca,Local,07/09/2026,3000,3500,3250
Tamil Nadu,Tuticorin,Tuticorin(Uzhavar Sandhai ),Grapes,Annabesahai,Local,07/09/2026,13000,14000,13500
Tamil Nadu,Tuticorin,Tuticorin(Uzhavar Sandhai ),Carrot,Pusakesar,Local,07/09/2026,7500,8000,7750
Tamil Nadu,Tuticorin,Tuticorin(Uzhavar Sandhai ),Snakeguard,Snakeguard,Local,07/09/2026,4500,5000,4750
Tamil Nadu,Tuticorin,Tuticorin(Uzhavar Sandhai ),Cucumbar(Kheera),Cucumbar,Local,07/09/2026,5000,6000,5500
Tamil Nadu,Tuticorin,Tuticorin(Uzhavar Sandhai ),Amla(Nelli Kai),Amla,Local,07/09/2026,6000,7000,6500
Tamil Nadu,Tuticorin,Tuticorin(Uzhavar Sandhai ),Mint(Pudina),Mint(Pudina),Local,07/09/2026,4500,5000,4750
Madhya Pradesh,Indore,Indore APMC,Garlic,Garlic,FAQ,07/09/2026,4960,18700,8000
Karnataka,Bengaluru,Binny Mill (FF&V) Bengaluru APMC,Apple,Apple,Large,07/09/2026,10000,18000,14000
Karnataka,Bengaluru,Binny Mill (FF&V) Bengaluru APMC,Banana,Pachha Bale,Local,07/09/2026,600,2100,1350
Karnataka,Bengaluru,Binny Mill (FF&V) Bengaluru APMC,Snakeguard,Snakeguard,Local,07/09/2026,1500,1700,1600
Karnataka,Bengaluru,Binny Mill (FF&V) Bengaluru APMC,Cucumbar(Kheera),Cucumbar,Local,07/09/2026,2300,2600,2400
Karnataka,Bengaluru,Binny Mill (FF&V) Bengaluru APMC,Raddish,Raddish,Local,07/09/2026,1400,1700,1600
Karnataka,Bengaluru,Binny Mill (FF&V) Bengaluru APMC,Green Avare(W),Green Avare (W),Local,07/09/2026,3200,3800,3400
Karnataka,Bengaluru,Binny Mill (FF&V) Bengaluru APMC,Alsandikai,Alsandikai,Local,07/09/2026,3200,3600,3500
Karnataka,Bengaluru,Binny Mill (FF&V) Bengaluru APMC,Chapparad Avare,Chapparada Avarekai,Local,07/09/2026,3800,4100,4000
Madhya Pradesh,Bhopal,Bhopal APMC,Lak(Teora),Tiwada,FAQ,07/09/2026,2721,2721,2721
Madhya Pradesh,Neemuch,Neemuch APMC,Wheat,Wheat,FAQ,07/09/2026,2740,3021,3021
Bihar,Aurangabad,Daunagar APMC,Brinjal,Brinjal,Local,07/09/2026,2900,3200,3000
Bihar,Aurangabad,Daunagar APMC,Potato,Red Nanital,Local,07/09/2026,1400,1600,1500
Madhya Pradesh,Katni,Katni APMC,Potato,Potato,FAQ,07/09/2026,700,700,700
Telangana,Hyderabad,Mahboob Manison APMC,Cabbage,Cabbage,Medium,07/09/2026,1000,1200,1100
Telangana,Hyderabad,Mahboob Manison APMC,Bottle gourd,Bottle Gourd,Medium,07/09/2026,200,200,200
Telangana,Hyderabad,Mahboob Manison APMC,Capsicum,Capsicum,Medium,07/09/2026,2000,3000,2500
Bihar,Saharsa,Saharsa APMC,Green Chilli,Green Chilly,FAQ,07/09/2026,4000,4500,4200
Bihar,Saharsa,Saharsa APMC,Pointed gourd(Parval),Pointed gourd (Parval),FAQ,07/09/2026,2800,3100,3000
Bihar,Khagaria,Khagaria APMC,Pointed gourd(Parval),Other,Grade A,07/09/2026,2999.9997,3499.99965,3266.66634
Madhya Pradesh,Morena,Morena APMC,Potato,Desi,Non-FAQ,07/09/2026,200,400,200
Madhya Pradesh,Sehore,Ashta APMC,Soyabean,Soyabeen,FAQ,07/09/2026,5941,5941,5941
Madhya Pradesh,Sehore,Ashta APMC,Onion,Onion,FAQ,07/09/2026,4100,4370,4370
Madhya Pradesh,Dhar,Dhar APMC,Wheat,Wheat,FAQ,07/09/2026,2400,2916,2764
Madhya Pradesh,Khargone,Khargone APMC,Wheat,Wheat,FAQ,07/09/2026,2580,2833,2775
Tamil Nadu,Nagercoil (Kannyiakumari),Vadaseri APMC,Coriander(Leaves),I Sort,Local,07/09/2026,4300,4800,4550
Tamil Nadu,Nagercoil (Kannyiakumari),Vadaseri APMC,Green Chilli,Green Chilly,Local,07/09/2026,6000,6500,6250
Tamil Nadu,Nagercoil (Kannyiakumari),Vadaseri APMC,Tapioca,Tapioca,Local,07/09/2026,3500,4000,3750
Tamil Nadu,Nagercoil (Kannyiakumari),Vadaseri APMC,Sweet Potato,Hosur Red,Local,07/09/2026,3500,4000,3750
Tamil Nadu,Nagercoil (Kannyiakumari),Vadaseri APMC,Raddish,Raddish,Local,07/09/2026,4000,4500,4250
Tamil Nadu,Nagercoil (Kannyiakumari),Vadaseri APMC,Chow Chow,Chow Chow,Local,07/09/2026,4500,5000,4750
Tamil Nadu,Nagercoil (Kannyiakumari),Vadaseri APMC,Tamarind Fruit,Tamarind Fruit,Local,07/09/2026,13000,14000,13500
Tamil Nadu,Nagercoil (Kannyiakumari),Vadaseri APMC,Lemon,Lemon,Local,07/09/2026,23000,25000,24000
Tamil Nadu,Nagercoil (Kannyiakumari),Vadaseri APMC,Amla(Nelli Kai),Amla,Local,07/09/2026,7500,8000,7750
Tamil Nadu,Pudukkottai,Karambakkudi(Uzhavar Sandhai ),Papaya,Papaya,Local,07/09/2026,3500,4000,3750
Tamil Nadu,Pudukkottai,Karambakkudi(Uzhavar Sandhai ),Tomato,Other,Local,07/09/2026,2500,3000,2750
Tamil Nadu,Pudukkottai,Karambakkudi(Uzhavar Sandhai ),Amaranthus,Amaranthus,Local,07/09/2026,1500,2000,1750
Tamil Nadu,Pudukkottai,Karambakkudi(Uzhavar Sandhai ),Banana - Green,Banana - Green,Local,07/09/2026,2500,3000,2750
Tamil Nadu,Pudukkottai,Karambakkudi(Uzhavar Sandhai ),Banana,Other,Local,07/09/2026,6000,7000,6500
Tamil Nadu,Pudukkottai,Karambakkudi(Uzhavar Sandhai ),Coconut,Coconut,Local,07/09/2026,3500,4000,3750
Tamil Nadu,Pudukkottai,Karambakkudi(Uzhavar Sandhai ),Onion Green,Onion Green,Local,07/09/2026,8000,9000,8500
Madhya Pradesh,Khandwa,Khandwa APMC,Maize,Local,FAQ,07/09/2026,1700,2301,2301
Karnataka,Belagavi,Kudchi APMC,She Buffalo,She Baffelo,Local,07/09/2026,49600,53000,50000
Tamil Nadu,Thiruvellore,Tiruvellore APMC,Paddy(Common),Other,Local,07/09/2026,1800,2200,2000
Madhya Pradesh,Indore,Mhow APMC,Soyabean,Soyabeen,FAQ,07/09/2026,5250,5751,5751
Meghalaya,East Khasi Hills,Shillong APMC,Betal Leaves,Local,FAQ,07/09/2026,10000,20000,15000
Meghalaya,East Khasi Hills,Shillong APMC,Cucumbar(Kheera),Malini,FAQ,07/09/2026,3500,3700,3600
Meghalaya,East Khasi Hills,Shillong APMC,French Beans(Frasbean),Selection-9-Manipur,FAQ,07/09/2026,6000,9000,7500
Meghalaya,East Khasi Hills,Shillong APMC,Rice,Khaw Khasi,FAQ,07/09/2026,5600,5800,5700
Meghalaya,East Khasi Hills,Shillong APMC,Pineapple,Giant Kew,FAQ,07/09/2026,4000,4500,4300
Meghalaya,East Khasi Hills,Shillong APMC,Cauliflower,Local,FAQ,07/09/2026,5000,6000,5500
Madhya Pradesh,Morena,Kailaras APMC,Raddish,Other,FAQ,07/09/2026,1800,1800,1800
Madhya Pradesh,Morena,Kailaras APMC,Colacasia,Arabi,FAQ,07/09/2026,2000,2000,2000
Madhya Pradesh,Indore,Gautampura APMC,Wheat,Wheat,FAQ,07/09/2026,2650,2650,2650
Madhya Pradesh,Harda,Harda APMC,Green Gram(Moong)(Whole),Green (Whole),FAQ,07/09/2026,2000,7651,7651
Madhya Pradesh,Harda,Harda APMC,Kabuli Chana(Chickpeas-White),Dollar Gram,FAQ,07/09/2026,5901,5901,5901
Madhya Pradesh,Dhar,Kukshi APMC,Green Gram(Moong)(Whole),Green (Whole),FAQ,07/09/2026,6000,6000,6000
Madhya Pradesh,Chhindwara,Chaurai APMC,Wheat,Mill Quality,FAQ,07/09/2026,2701,2751,2751
Madhya Pradesh,Chhindwara,Chaurai APMC,Bengal Gram(Gram)(Whole),Desi (F.A.Q. Split),FAQ,07/09/2026,5000,6051,6051
Tamil Nadu,Vellore,Thirupathur APMC,Garlic,Garlic,Local,07/09/2026,24000,24000,24000
Tamil Nadu,Vellore,Thirupathur APMC,Cauliflower,Ranchi,Local,07/09/2026,3000,3000,3000
Tamil Nadu,Vellore,Thirupathur APMC,Tomato,Deshi,Local,07/09/2026,2800,2800,2800
Tamil Nadu,Vellore,Thirupathur APMC,Cluster beans,Cluster Beans,Local,07/09/2026,4000,4000,4000
Tamil Nadu,Vellore,Thirupathur APMC,Green Chilli,Green Chilly,Local,07/09/2026,7000,7000,7000
Tamil Nadu,Vellore,Thirupathur APMC,Groundnut,Big (With Shell),Local,07/09/2026,6000,6000,6000
Tamil Nadu,Vellore,Thirupathur APMC,Tapioca,Tapioca,Local,07/09/2026,3000,3000,3000
Tamil Nadu,Vellore,Thirupathur APMC,Coconut,Coconut,Local,07/09/2026,5000,5000,5000
Tamil Nadu,Vellore,Thirupathur APMC,Carrot,Pusakesar,Local,07/09/2026,7000,7000,7000
Tamil Nadu,Vellore,Thirupathur APMC,Chow Chow,Chow Chow,Local,07/09/2026,3000,3000,3000
Tamil Nadu,Vellore,Thirupathur APMC,Beetroot,Beetroot,Local,07/09/2026,5000,5000,5000
Tamil Nadu,Vellore,Thirupathur APMC,Raddish,Raddish,Local,07/09/2026,2400,2400,2400
Tamil Nadu,Vellore,Thirupathur APMC,Green Avare(W),Green Avare (W),Local,07/09/2026,5600,5600,5600
Tamil Nadu,Vellore,Thirupathur APMC,Knool Khol,Knool Khol,Local,07/09/2026,4500,4500,4500
Tamil Nadu,Vellore,Thirupathur APMC,Tender Coconut,Tender Coconut,Local,07/09/2026,3000,3000,3000
Tamil Nadu,Vellore,Thirupathur APMC,Lemon,Lemon,Local,07/09/2026,5000,5000,5000
Tamil Nadu,Vellore,Thirupathur APMC,Amla(Nelli Kai),Amla,Local,07/09/2026,8000,8000,8000
Tamil Nadu,Vellore,Thirupathur APMC,Sweet Corn ,Sweet Corn ,Local,07/09/2026,3000,3000,3000
Tamil Nadu,Vellore,Vellore APMC,Potato,Red Nanital,Local,07/09/2026,2200,2800,2500
Tamil Nadu,Vellore,Vellore APMC,Water Melon,Water Melon,Local,07/09/2026,2000,2000,2000
Tamil Nadu,Vellore,Vellore APMC,Orange,Darjeeling,Local,07/09/2026,12000,12000,12000
Tamil Nadu,Vellore,Vellore APMC,Beetroot,Beetroot,Local,07/09/2026,2500,3000,2750
Tamil Nadu,Vellore,Vellore APMC,Thondekai,Thondekai,Local,07/09/2026,3500,3500,3500
Tamil Nadu,Vellore,Vellore APMC,Chow Chow,Chow Chow,Local,07/09/2026,2500,3000,2750
Tamil Nadu,Vellore,Vellore APMC,Custard Apple(Sharifa),Custard Apple(Sharifa),Local,07/09/2026,4000,4500,4250
Tamil Nadu,Vellore,Vellore APMC,Onion Green,Onion Green,Local,07/09/2026,7000,8000,7500
Tamil Nadu,Vellore,Vellore APMC,Sweet Corn ,Sweet Corn ,Local,07/09/2026,2000,2500,2250
Chattisgarh,Koriya,Baikunthpur APMC,Maize,Local,FAQ,07/09/2026,2400,2400,2400
Karnataka,Mandya,Pandavapura APMC,Tender Coconut,Tender Coconut,Local,07/09/2026,22000,24000,23000
Madhya Pradesh,Sehore,Nasrullaganj APMC,Wheat,Wheat,FAQ,07/09/2026,2700,2946,2748
Madhya Pradesh,Sehore,Nasrullaganj APMC,Green Gram(Moong)(Whole),Green (Whole),Non-FAQ,07/09/2026,2999,6995,6995
Madhya Pradesh,Sehore,Jawar APMC,Soyabean,Soyabeen,FAQ,07/09/2026,4313,4313,4313
Madhya Pradesh,Mandsaur,Daloda APMC,Wheat,Lokwan,FAQ,07/09/2026,2621,2664,2664
Madhya Pradesh,Mandsaur,Daloda APMC,Garlic,Garlic,Non-FAQ,07/09/2026,11000,11000,11000
Madhya Pradesh,Jabalpur,Sihora APMC,Bengal Gram(Gram)(Whole),Desi (F.A.Q. Split),FAQ,07/09/2026,6190,6190,6190
Tamil Nadu,Dharmapuri,Harur(Uzhavar Sandhai ),Green Avare(W),Green Avare (W),Local,07/09/2026,4500,5000,4750
Tamil Nadu,Dharmapuri,Harur(Uzhavar Sandhai ),Pumpkin,Pumpkin,Local,07/09/2026,1500,2000,1750
Tamil Nadu,Dharmapuri,Harur(Uzhavar Sandhai ),Bhindi(Ladies Finger),Bhindi,Local,07/09/2026,2000,2500,2250
Tamil Nadu,Dharmapuri,Harur(Uzhavar Sandhai ),Cabbage,Cabbage,Local,07/09/2026,3000,3500,3250
Tamil Nadu,Dharmapuri,Harur(Uzhavar Sandhai ),Snakeguard,Snakeguard,Local,07/09/2026,3000,3500,3250
Tamil Nadu,Dharmapuri,Harur(Uzhavar Sandhai ),Raddish,Raddish,Local,07/09/2026,2000,2500,2250
Tamil Nadu,Dharmapuri,Harur(Uzhavar Sandhai ),Capsicum,Capsicum,Local,07/09/2026,5000,6000,5500
Tamil Nadu,Dharmapuri,Harur(Uzhavar Sandhai ),Chow Chow,Chow Chow,Local,07/09/2026,4000,5000,4500
Tamil Nadu,Dharmapuri,Harur(Uzhavar Sandhai ),Lemon,Lemon,Local,07/09/2026,10000,12000,11000
Tamil Nadu,Krishnagiri,Kaveripattinam(Uzhavar Sandhai ),Coriander(Leaves),I Sort,Local,07/09/2026,5000,5000,5000
Tamil Nadu,Krishnagiri,Kaveripattinam(Uzhavar Sandhai ),Green Avare(W),Green Avare (W),Local,07/09/2026,7000,7000,7000
Tamil Nadu,Krishnagiri,Kaveripattinam(Uzhavar Sandhai ),Bottle gourd,Bottle Gourd,Local,07/09/2026,2500,2500,2500
Tamil Nadu,Krishnagiri,Kaveripattinam(Uzhavar Sandhai ),Ashgourd,Gouard,Local,07/09/2026,2000,2000,2000
Tamil Nadu,Krishnagiri,Kaveripattinam(Uzhavar Sandhai ),Banana - Green,Banana - Green,Local,07/09/2026,2500,3000,2750
Tamil Nadu,Krishnagiri,Kaveripattinam(Uzhavar Sandhai ),Potato,Red Nanital,Local,07/09/2026,4000,4000,4000
Tamil Nadu,Krishnagiri,Kaveripattinam(Uzhavar Sandhai ),Snakeguard,Snakeguard,Local,07/09/2026,2500,2500,2500
Tamil Nadu,Krishnagiri,Kaveripattinam(Uzhavar Sandhai ),Mango(Raw-Ripe),Mango - Raw-Ripe,Local,07/09/2026,9000,9000,9000
Tamil Nadu,Krishnagiri,Kaveripattinam(Uzhavar Sandhai ),Mint(Pudina),Mint(Pudina),Local,07/09/2026,5000,5000,5000
Tamil Nadu,The Nilgiris,Coonoor(Uzhavar Sandhai ),Cauliflower,Ranchi,Local,07/09/2026,4500,5000,4750
Tamil Nadu,The Nilgiris,Coonoor(Uzhavar Sandhai ),Coriander(Leaves),I Sort,Local,07/09/2026,6500,7000,6750
Tamil Nadu,The Nilgiris,Coonoor(Uzhavar Sandhai ),Tomato,Deshi,Local,07/09/2026,2800,3000,2900
Tamil Nadu,The Nilgiris,Coonoor(Uzhavar Sandhai ),Cluster beans,Cluster Beans,Local,07/09/2026,3800,4000,3900
Tamil Nadu,The Nilgiris,Coonoor(Uzhavar Sandhai ),Bitter gourd,Other,Local,07/09/2026,4500,5000,4750
Tamil Nadu,The Nilgiris,Coonoor(Uzhavar Sandhai ),Ashgourd,Gouard,Local,07/09/2026,1800,2000,1900
Tamil Nadu,The Nilgiris,Coonoor(Uzhavar Sandhai ),Banana - Green,Banana - Green,Local,07/09/2026,4500,5000,4750
Tamil Nadu,The Nilgiris,Coonoor(Uzhavar Sandhai ),Thondekai,Thondekai,Local,07/09/2026,3000,3500,3250
Tamil Nadu,The Nilgiris,Coonoor(Uzhavar Sandhai ),Chow Chow,Chow Chow,Local,07/09/2026,2800,3000,2900
Tamil Nadu,The Nilgiris,Coonoor(Uzhavar Sandhai ),Knool Khol,Knool Khol,Local,07/09/2026,3300,3500,3400
Tamil Nadu,The Nilgiris,Coonoor(Uzhavar Sandhai ),Lemon,Lemon,Local,07/09/2026,15000,18000,16500
Tamil Nadu,The Nilgiris,Coonoor(Uzhavar Sandhai ),Turnip,Turnip,Local,07/09/2026,2800,3000,2900
Tamil Nadu,The Nilgiris,Gudalur(Uzhavar Sandhai ),Garlic,Garlic,Local,07/09/2026,18000,20000,19000
Tamil Nadu,The Nilgiris,Gudalur(Uzhavar Sandhai ),Brinjal,Round,Local,07/09/2026,4000,4500,4250
Tamil Nadu,The Nilgiris,Gudalur(Uzhavar Sandhai ),Tomato,Deshi,Local,07/09/2026,2000,2500,2250
Tamil Nadu,The Nilgiris,Gudalur(Uzhavar Sandhai ),Bhindi(Ladies Finger),Bhindi,Local,07/09/2026,3500,4000,3750
Tamil Nadu,The Nilgiris,Gudalur(Uzhavar Sandhai ),Cowpea(Veg),Cowpea (Veg),Local,07/09/2026,3500,4000,3750
Tamil Nadu,The Nilgiris,Gudalur(Uzhavar Sandhai ),Coconut,Coconut,Local,07/09/2026,6000,6500,6250
Tamil Nadu,The Nilgiris,Gudalur(Uzhavar Sandhai ),Cabbage,Cabbage,Local,07/09/2026,2000,2500,2250
Tamil Nadu,The Nilgiris,Gudalur(Uzhavar Sandhai ),Cucumbar(Kheera),Cucumbar,Local,07/09/2026,3000,3500,3250
Odisha,Angul,Angul APMC,Onion,Other,Grade B,07/09/2026,3500,3500,3500
West Bengal,Malda,Samsi APMC,Potato,Local,FAQ,07/09/2026,590,610,600
Uttarakhand,Dehradoon,Dehradoon APMC,Pomegranate,Other,Grade B,07/09/2026,6500,9500,8500
Himachal Pradesh,Chamba,PMY Chamba,Bhindi(Ladies Finger),Bhindi,Medium,07/09/2026,3500,4000,3750
Himachal Pradesh,Hamirpur,PMY Hamirpur,Papaya,Other,Grade B,07/09/2026,5500,6000,5700
Himachal Pradesh,Hamirpur,PMY Hamirpur,Orange,Other,Grade B,07/09/2026,8000,12000,10000
Himachal Pradesh,Hamirpur,PMY Hamirpur,Pineapple,Pine Apple,Grade B,07/09/2026,5000,5000,5000
Himachal Pradesh,Hamirpur,PMY Hamirpur,Guava,Guava,Grade B,07/09/2026,10000,11000,10500
Himachal Pradesh,Hamirpur,PMY Hamirpur,Pointed gourd(Parval),Other,Grade B,07/09/2026,4000,4500,4200
Himachal Pradesh,Hamirpur,PMY Hamirpur,Onion,Other,Grade B,07/09/2026,5000,5200,5100
Himachal Pradesh,Hamirpur,PMY Hamirpur,Green Chilli,Green Chilly,Grade B,07/09/2026,6000,6500,6250
Himachal Pradesh,Kullu,SMY Bhuntar,Lemon,Other,FAQ,07/09/2026,14000,15000,14500
Himachal Pradesh,Kullu,SMY Bhuntar,Garlic,Other,FAQ,07/09/2026,8000,17000,13000
Himachal Pradesh,Kullu,SMY Bhuntar,Water Melon,Other,Medium,07/09/2026,3000,3200,3100
Himachal Pradesh,Kangra,SMY Palampur,Onion,Onion,FAQ,07/09/2026,5400,5600,5500
Himachal Pradesh,Kangra,SMY Palampur,Lemon,Other,FAQ,07/09/2026,14000,16000,15000
Himachal Pradesh,Kangra,SMY Palampur,Beetroot,Beetroot,FAQ,07/09/2026,4800,5000,4900
Himachal Pradesh,Kangra,SMY Palampur,Raddish,Raddish,FAQ,07/09/2026,2300,2500,2400
Himachal Pradesh,Kangra,SMY Palampur,Coriander(Leaves),Coriander,FAQ,07/09/2026,10000,14000,12000
Himachal Pradesh,Kangra,SMY Palampur,Bhindi(Ladies Finger),Bhindi,FAQ,07/09/2026,2500,3500,3000
Himachal Pradesh,Kangra,SMY Palampur,Carrot,Carrot,FAQ,07/09/2026,3400,3500,3450
Himachal Pradesh,Solan,SMY Wakhnaghat,Raddish,Other,Medium,07/09/2026,800,1000,1000
Himachal Pradesh,Solan,SMY Wakhnaghat,Capsicum,Capsicum,Medium,07/09/2026,800,1600,1600
Tripura,South Tripura,Santir Bazar APMC,Cucumbar(Kheera),Cucumbar,Local,07/09/2026,5000,54000,5200
Tripura,Sepahijala,Bishalgarh APMC,Tomato,Hybrid,Medium,07/09/2026,5000,6000,5500
Andhra Pradesh,YSR Kadapa,Kadapa,Turmeric,Bulb,FAQ,07/09/2026,13912,14705,14705
Andhra Pradesh,YSR Kadapa,Kadapa,Groundnut,Big (With Shell),FAQ,07/09/2026,5066,7089,6759
Uttar Pradesh,Agra,Agra APMC,Wood,Eucalyptus,FAQ,07/09/2026,460,530,484.16
West Bengal,Paschim Bardhaman,Asansol APMC,Peas(Dry),Other,FAQ,07/09/2026,6785,7000,6850
West Bengal,Paschim Bardhaman,Asansol APMC,Ginger(Green),Other,FAQ,07/09/2026,12000,12500,12100
West Bengal,Paschim Bardhaman,Asansol APMC,Tomato,Hybrid,FAQ,07/09/2026,2400,2600,2550
West Bengal,Paschim Bardhaman,Asansol APMC,Rice,Fine,FAQ,07/09/2026,4685,4850,4750
Odisha,Bargarh,Padampur APMC,Brinjal,Brinjal,Local,07/09/2026,1800,2200,2000
Punjab,Tarntaran,Patti APMC,Green Chilli,Other,Local,07/09/2026,0.08,0.08,0.08
Gujarat,Sabarkantha,Idar APMC,Maize,Other,Local,07/09/2026,2500,2625,2550
Uttarakhand,Dehradoon,Vikasnagar APMC,Green Chilli,Green Chilly,Medium,07/09/2026,1000,1500,1500
Uttarakhand,Dehradoon,Vikasnagar APMC,Bitter gourd,Other,Medium,07/09/2026,800,1500,1500
Andhra Pradesh,Tirupathi,Venkatagiri APMC,Black Gram(Urd Beans)(Whole),Local,FAQ,07/09/2026,9733.3309,10666.664,10266.6641
Punjab,Mohali,Lalru APMC,Cucumbar(Kheera),Other,Local,07/09/2026,2400,2500,2450
Punjab,Mohali,Lalru APMC,Cauliflower,Other,Local,07/09/2026,3900,3900,3900
Uttarakhand,Haridwar,Manglaur APMC,Apple,Other,Medium,07/09/2026,4000,6000,5000
Uttarakhand,Dehradoon,Rishikesh APMC,Onion,Other,Medium,07/09/2026,3000,4900,4000
Uttarakhand,Dehradoon,Rishikesh APMC,Green Chilli,Other,Medium,07/09/2026,2500,3200,2800
Uttarakhand,Dehradoon,Rishikesh APMC,Pumpkin,Other,Medium,07/09/2026,1000,1800,1600
Haryana,Sonipat,Gohana APMC,Bitter gourd,Other,Medium,07/09/2026,2000,4000,3000
Haryana,Sonipat,Gohana APMC,Apple,Apple,Medium,07/09/2026,8000,12000,10000
Haryana,Sonipat,Gohana APMC,Tinda,Other,Medium,07/09/2026,3000,5000,4000
Haryana,Sonipat,Gohana APMC,Cucumbar(Kheera),Other,Medium,07/09/2026,2000,4000,3000
Uttar Pradesh,Mau(Maunathbhanjan),Kopaganj APMC,Wheat,Dara,FAQ,07/09/2026,2600,2600,2600
Uttar Pradesh,Mau(Maunathbhanjan),Kopaganj APMC,Bottle gourd,Bottle Gourd,FAQ,07/09/2026,1300,1500,1400
Uttar Pradesh,Mau(Maunathbhanjan),Kopaganj APMC,Cucumbar(Kheera),Cucumbar,FAQ,07/09/2026,1700,1800,1750
Uttar Pradesh,Mau(Maunathbhanjan),Kopaganj APMC,Cauliflower,Cauliflower,FAQ,07/09/2026,2390,2450,2400
Haryana,Gurgaon,Sohna APMC,Cucumbar(Kheera),Cucumbar,Local,07/09/2026,1500,2200,2000
Haryana,Gurgaon,Sohna APMC,Pumpkin,Pumpkin,Local,07/09/2026,1200,2000,1500
Haryana,Hissar,Hansi APMC,Mousambi(Sweet Lime),Other,Grade B,07/09/2026,3500,4000,3750
Haryana,Hissar,Hansi APMC,Cabbage,Other,FAQ,07/09/2026,2500,3000,2750
Haryana,Hissar,Hansi APMC,Guar,Other,FAQ,07/09/2026,5000,6000,5500
Haryana,Hissar,Hansi APMC,Tomato,Other,FAQ,07/09/2026,2500,3000,2750
Telangana,Medchal Malkajgiri,"Kukatpally,RBZ",Tomato,Deshi,Local,07/09/2026,1500,1500,1500
Telangana,Medchal Malkajgiri,"Kukatpally,RBZ",Brinjal,Brinjal,Local,07/09/2026,2800,2800,2800
Telangana,Medchal Malkajgiri,"Kukatpally,RBZ",Ridgeguard(Tori),Other,Local,07/09/2026,2800,2800,2800
Telangana,Medchal Malkajgiri,"Kukatpally,RBZ",Carrot,Carrot,Local,07/09/2026,4700,4700,4700
Telangana,Medchal Malkajgiri,"Kukatpally,RBZ",Snakeguard,Other,Local,07/09/2026,2300,2300,2300
Telangana,Medchal Malkajgiri,"Kukatpally,RBZ",Wild Cucumber,Wild Cucumber,Grade A,07/09/2026,1600,1600,1600
Telangana,Medchal Malkajgiri,"Kukatpally,RBZ",Cluster beans,Cluster Beans,Local,07/09/2026,2800,2800,2800
Punjab,Amritsar,Rayya APMC,Cucumbar(Kheera),Cucumbar,FAQ,07/09/2026,894,894,894
Punjab,Amritsar,Rayya APMC,Tinda,Other,FAQ,07/09/2026,1787,1787,1787
Gujarat,Mehsana,Unava APMC,Castor Seed,Other,FAQ,07/09/2026,7525,7605,7590
Punjab,Fatehgarh,Khamano APMC,Green Chilli,Green Chilly,FAQ,07/09/2026,4000,4000,4000
Punjab,Fatehgarh,Khamano APMC,Bottle gourd,Bottle Gourd,FAQ,07/09/2026,1500,1500,1500
Gujarat,Amreli,Savarkundla APMC,"Sesamum(Sesame,Gingelly,Til)",White,Local,07/09/2026,10500,11610,11125
Gujarat,Amreli,Savarkundla APMC,Cotton,Other,Local,07/09/2026,8750,9800,9250
Gujarat,Amreli,APMC Bagasara,"Sesamum(Sesame,Gingelly,Til)",White,Local,07/09/2026,8800,11150,9975
Haryana,Karnal,Indri APMC,Apple,Apple,Medium,07/09/2026,7000,12000,9000
Haryana,Karnal,Indri APMC,Pomegranate,Other,Medium,07/09/2026,12000,12000,12000
Uttarakhand,Dehradoon,Chakrata APMC,Ginger(Green),Green Ginger,FAQ,07/09/2026,6000,8000,7000
Uttar Pradesh,Fatehpur,Khaga APMC,gulli,Other,FAQ,07/09/2026,5300,5300,5300
West Bengal,Murshidabad,Jiaganj APMC,Wheat,Sonalika,FAQ,07/09/2026,2700,2800,2750
West Bengal,Dakshin Dinajpur,Gangarampur(Dakshin Dinajpur) APMC,Carrot,Other,FAQ,07/09/2026,3500,4000,3800
West Bengal,Dakshin Dinajpur,Gangarampur(Dakshin Dinajpur) APMC,Cucumbar(Kheera),Other,FAQ,07/09/2026,3000,3500,3300
West Bengal,Dakshin Dinajpur,Gangarampur(Dakshin Dinajpur) APMC,Pointed gourd(Parval),Other,FAQ,07/09/2026,3000,3500,3300
Uttarakhand,Haridwar,Bhagwanpur(Naveen Mandi Sthal) APMC,Brinjal,Other,Grade A,07/09/2026,600,1000,700
Uttarakhand,Haridwar,Bhagwanpur(Naveen Mandi Sthal) APMC,Potato,Other,Grade A,07/09/2026,500,650,600
Uttarakhand,Haridwar,Bhagwanpur(Naveen Mandi Sthal) APMC,Ridgeguard(Tori),Other,Grade A,07/09/2026,1000,1250,1100
Keralam,Kollam,Kottarakkara Market,Banana - Green,Other,Local,07/09/2026,1800,1800,1800
Keralam,Kollam,Kottarakkara Market,Bottle gourd,Other,Local,07/09/2026,1800,1800,1800
Keralam,Kollam,Kottarakkara Market,Elephant Yam(Suran)/Amorphophallus,Other,Local,07/09/2026,3000,3000,3000
Keralam,Kollam,Kottarakkara Market,Carrot,Other,Local,07/09/2026,3600,3600,3600
Himachal Pradesh,Kangra,SMY Dharamshala,Bottle gourd,Bottle Gourd,FAQ,07/09/2026,2400,2600,2500
Himachal Pradesh,Kangra,SMY Dharamshala,Lemon,Lemon,FAQ,07/09/2026,16000,16500,16250
Himachal Pradesh,Kangra,SMY Dharamshala,Onion,Onion,FAQ,07/09/2026,4200,5200,4700
Himachal Pradesh,Kangra,SMY Dharamshala,Pumpkin,Pumpkin,FAQ,07/09/2026,2000,2500,2250
Himachal Pradesh,Kangra,SMY Dharamshala,Tomato,Tomato,FAQ,07/09/2026,3200,3600,3400
Himachal Pradesh,Kullu,SMY Shatt,Apple,Apple,Medium,07/09/2026,3000,7500,5500
West Bengal,Coochbehar,Mekhliganj APMC,Brinjal,Brinjal,FAQ,07/09/2026,4000,4400,4200
Andhra Pradesh,Chittor,Rompicherla APMC,Groundnut,Local,Local,07/09/2026,3800,3800,3800
Andhra Pradesh,Prakasam,Santhamaguluru APMC,Paddy(Common),B P T,FAQ,07/09/2026,2500,2580,2550
Tripura,Dhalai,Kulai APMC,Bottle gourd,Bottle Gourd,Grade B,07/09/2026,2500,3000,2700
Tripura,Dhalai,Kulai APMC,Potato,Other,Grade B,07/09/2026,1600,2000,1800
Keralam,Kozhikode(Calicut),Mukkom Market,Apple,Other,Large,07/09/2026,18000,19000,18500
Keralam,Kozhikode(Calicut),Mukkom Market,Coconut,Other,FAQ,07/09/2026,5800,6200,6000
Keralam,Kozhikode(Calicut),Mukkom Market,Pineapple,Other,Large,07/09/2026,8500,9000,8800
Keralam,Kozhikode(Calicut),Mukkom Market,Ashgourd,Other,FAQ,07/09/2026,2800,3200,3000
Keralam,Kozhikode(Calicut),Mukkom Market,Bitter gourd,Bitter Gourd,FAQ,07/09/2026,6800,7400,7200
Keralam,Kozhikode(Calicut),Mukkom Market,Cowpea(Veg),Cowpea (Veg),FAQ,07/09/2026,8000,8500,8200
Keralam,Kozhikode(Calicut),Mukkom Market,Drumstick,Drumstick,FAQ,07/09/2026,4400,4800,4600
Gujarat,Rajkot,Jasdan APMC,Wheat,2189 No. 2,FAQ,07/09/2026,2555,2825,2655
Gujarat,Rajkot,Jasdan APMC,Bajra(Pearl Millet/Cumbu),Deshi,FAQ,07/09/2026,1600,2400,2250
Gujarat,Rajkot,Jasdan APMC,Bengal Gram(Gram)(Whole),Desi (Whole),FAQ,07/09/2026,5075,6185,5850
Gujarat,Rajkot,Jasdan APMC,Garlic,Garlic,FAQ,07/09/2026,6500,6500,6500
Odisha,Rayagada,Gunpur APMC,Cauliflower,Cauliflower,Grade B,07/09/2026,3480,4250,3750
Madhya Pradesh,Mandsaur,Garoth(F&V) APMC,Tomato,Tomato,Medium,07/09/2026,1400,1600,1550
Bihar,Begusarai,Balliah APMC,Onion,1st Sort,Grade A,07/09/2026,5000,5200,5100
Bihar,Begusarai,Balliah APMC,Onion,1st Sort,Grade B,07/09/2026,5000,5200,5100
Keralam,Alappuzha,Cherthala Market,Bhindi(Ladies Finger),Bhindi,FAQ,07/09/2026,4200,4500,4300
Keralam,Ernakulam,Thrippunithura Market,Brinjal,Brinjal,Medium,07/09/2026,5500,7000,5700
Keralam,Ernakulam,Thrippunithura Market,Bhindi(Ladies Finger),Bhindi,Medium,07/09/2026,5300,6000,5500
Keralam,Ernakulam,Thrippunithura Market,Bitter gourd,Bitter Gourd,Medium,07/09/2026,6500,7500,6700
Keralam,Ernakulam,Thrippunithura Market,Carrot,Carrot,Medium,07/09/2026,7300,8000,7500
Keralam,Ernakulam,Thrippunithura Market,Green Chilli,Green Chilly,Medium,07/09/2026,5000,10000,6000
Keralam,Ernakulam,Thrippunithura Market,Cowpea(Veg),Cowpea (Veg),Medium,07/09/2026,6000,7000,6200
Keralam,Ernakulam,Thrippunithura Market,Cucumbar(Kheera),Cucumbar,Medium,07/09/2026,3000,4000,3200
Keralam,Ernakulam,Thrippunithura Market,Mango(Raw-Ripe),Mango - Raw-Ripe,Medium,07/09/2026,8000,10000,8500
Punjab,Bhatinda,Bhagta Bhai Ka APMC,Tomato,Other,Medium,07/09/2026,2700,2700,2700
Punjab,Bhatinda,Bhagta Bhai Ka APMC,Onion,Other,Medium,07/09/2026,4700,4700,4700
Keralam,Kannur,Thalasserry Market,Potato,Other,FAQ,07/09/2026,1800,2800,2300
Gujarat,Sabarkantha,Himatnagar APMC,Wheat,Sonalika,Local,07/09/2026,2650,2995,2800
Haryana,Rewari,Kosli APMC,Raddish,Other,FAQ,07/09/2026,1000,1000,1000
Haryana,Rewari,Kosli APMC,Mousambi(Sweet Lime),Other,Medium,07/09/2026,3000,3000,3000
Punjab,Gurdaspur,Batala APMC,Brinjal,Round,Grade C,07/09/2026,1300,1800,1500
Punjab,Gurdaspur,Batala APMC,Cauliflower,Other,Grade C,07/09/2026,3800,4200,4000
Haryana,Sonipat,Ganaur APMC,Pumpkin,Pumpkin,Medium,07/09/2026,2000,3000,2500
Haryana,Sonipat,Ganaur APMC,Tomato,Tomato,FAQ,07/09/2026,3000,4000,3500
Haryana,Sonipat,Ganaur APMC,Bottle gourd,Bottle Gourd,Medium,07/09/2026,1000,1500,1200
Haryana,Sonipat,Ganaur APMC,Capsicum,Capsicum,Medium,07/09/2026,5000,6000,5500
Haryana,Sonipat,Ganaur APMC,Carrot,Carrot,Medium,07/09/2026,4000,5000,4500
Haryana,Sonipat,Ganaur APMC,Yam(Ratalu),Yam (Ratalu),Medium,07/09/2026,2000,3000,2500
Haryana,Sonipat,Ganaur APMC,Lemon,Lemon,Medium,07/09/2026,10000,12000,10000
Haryana,Rohtak,Sampla APMC,Tomato,Other,Local,07/09/2026,3000,3500,3000
Keralam,Kasargod,Pullur Periya  VFPCK Market,Snakeguard,Snakeguard,Grade A,07/09/2026,2800,3000,2900
Haryana,Mewat,FerozpurZirkha(Nagina) APMC,Banana,Other,Local,07/09/2026,1800,2200,2000
Punjab,Gurdaspur,Dera Baba Nanak APMC,Bitter gourd,Other,Grade A,07/09/2026,788,788,788
Punjab,Gurdaspur,Dera Baba Nanak APMC,Cucumbar(Kheera),Other,Grade A,07/09/2026,1456,1456,1456
Punjab,Gurdaspur,Quadian APMC,Brinjal,Other,Grade A,07/09/2026,1200,1400,1300
Punjab,Gurdaspur,Quadian APMC,Bhindi(Ladies Finger),Other,Grade A,07/09/2026,3200,3400,3300
Punjab,Gurdaspur,Quadian APMC,Bitter gourd,Other,Grade A,07/09/2026,1700,1900,1800
Punjab,Hoshiarpur,GarhShankar (Kotfatuhi) APMC,Banana,Other,Medium,07/09/2026,3500,3500,3500
Punjab,Hoshiarpur,GarhShankar (Kotfatuhi) APMC,Green Chilli,Other,FAQ,07/09/2026,2800,2800,2800
Punjab,Jalandhar,Nakodar APMC,Ridgeguard(Tori),Other,Local,07/09/2026,1700,1700,1700
Punjab,Jalandhar,Noor Mehal APMC,Bottle gourd,Other,Local,07/09/2026,1200,1200,1200
Punjab,Jalandhar,Noor Mehal APMC,Bitter gourd,Other,Local,07/09/2026,1600,1600,1600
Punjab,Ludhiana,Jagraon APMC,Apple,Apple,Grade A,07/09/2026,8000,8000,8000
Punjab,Ludhiana,Jagraon APMC,Cabbage,Other,FAQ,07/09/2026,300,300,300
Punjab,Ludhiana,Jagraon APMC,Tomato,Other,FAQ,07/09/2026,1500,1500,1500
Keralam,Kollam,Anchal Market,Ashgourd,Ashgourd,Local,07/09/2026,6600,6600,6600
Keralam,Kollam,Anchal Market,Brinjal,Brinjal,Local,07/09/2026,4700,4700,4700
Keralam,Kollam,Anchal Market,Cauliflower,Cauliflower,Medium,07/09/2026,6800,6800,6800
Rajasthan,Ganganagar,Sriganganagar (F&V) APMC,Grapes,Green,Grade C,07/09/2026,14800,15200,15000
Rajasthan,Ganganagar,Sriganganagar (F&V) APMC,Banana,Banana-Organic,Grade B,07/09/2026,3100,3500,3300
Rajasthan,Ganganagar,Sriganganagar (F&V) APMC,Pomegranate,Pomogranate,Grade B,07/09/2026,9400,9800,9600
Rajasthan,Ganganagar,Sriganganagar (F&V) APMC,Papaya,Papaya,Grade C,07/09/2026,3800,4200,4000
Rajasthan,Kota,Kota APMC,Corriander seed,Other,Local,07/09/2026,12500,12500,12500
Rajasthan,Kota,Kota APMC,Barley(Jau),Local,Local,07/09/2026,2515,2515,2515
Rajasthan,Kota,Kota APMC,Green Gram(Moong)(Whole),Other,Local,07/09/2026,7400,7400,7400
Rajasthan,Hanumangarh,Sangriya APMC,Potato,Potato,Local,07/09/2026,500,1200,800
Rajasthan,Jaipur,Jaipur (F&V) APMC,Potato,Other,FAQ,07/09/2026,400,800,600
Rajasthan,Jaipur,Jaipur (F&V) APMC,Cucumbar(Kheera),Cucumbar,FAQ,07/09/2026,1200,2000,1600
Rajasthan,Jaipur,Jaipur (F&V) APMC,Beetroot,Beetroot,FAQ,07/09/2026,2000,2200,2100
Rajasthan,Hanumangarh,Rawatsar APMC,Onion,1st Sort,FAQ,07/09/2026,1000,2000,1500
Andhra Pradesh,NTR,Nandigama APMC,Maize,Hybrid,Grade Range-1,07/09/2026,2340,2340,2340
Rajasthan,Dungarpur,Dungarpur APMC,Coriander(Leaves),Coriander,Medium,07/09/2026,1900,2200,2000
Rajasthan,Jalore,Jalore APMC,Ginger(Green),Other,Local,07/09/2026,4500,5000,4800
Rajasthan,Jalore,Jalore APMC,Cucumbar(Kheera),Cucumbar,Local,07/09/2026,1200,1500,1300
Rajasthan,Jalore,Jalore APMC,Cluster beans,Other,Local,07/09/2026,4000,4500,4300
Punjab,Ludhiana,Khanna APMC,Pomegranate,Other,Grade A,07/09/2026,8000,8000,8000
Punjab,Ludhiana,Khanna APMC,Guava,Guava,Grade A,07/09/2026,3000,3000,3000
Punjab,Ludhiana,Khanna APMC,Capsicum,Capsicum,Grade A,07/09/2026,2500,2500,2500
Punjab,Ludhiana,Khanna APMC,Pumpkin,Other,Grade A,07/09/2026,800,800,800
Punjab,Ludhiana,Khanna APMC,Ridgeguard(Tori),Other,Grade A,07/09/2026,2000,2000,2000
Punjab,Ludhiana,Khanna APMC,Onion,Onion,Grade A,07/09/2026,3000,3000,3000
Punjab,Ludhiana,Khanna APMC,Cucumbar(Kheera),Cucumbar,Grade A,07/09/2026,1500,1500,1500
Keralam,Kottayam,Athirampuzha Market,Tomato,Tomato,FAQ,07/09/2026,3400,3600,3500
Keralam,Kottayam,Athirampuzha Market,Mango(Raw-Ripe),Mango - Raw-Ripe,FAQ,07/09/2026,6000,6200,6100
Keralam,Kottayam,Athirampuzha Market,Green Chilli,Green Chilly,FAQ,07/09/2026,4500,4700,4600
Keralam,Kottayam,Athirampuzha Market,Little gourd(Kundru),Other,FAQ,07/09/2026,4000,4200,4100
Keralam,Kottayam,Athirampuzha Market,Coconut,Other,FAQ,07/09/2026,6200,6400,6300
Odisha,Bolangir,Kantabaji APMC,Bitter gourd,Bitter Gourd,Grade B,07/09/2026,3000,4000,3500
Punjab,Bhatinda,Bhucho APMC,Potato,Local,Local,07/09/2026,700,700,700
Punjab,Bhatinda,Bhucho APMC,Lemon,Other,Local,07/09/2026,4500,4500,4500
Keralam,Kottayam,Thalayolaparambu Market,Banana,Palayamthodan,Medium,07/09/2026,2300,2600,2400
Keralam,Kottayam,Thalayolaparambu Market,Ginger(Green),Green Ginger,FAQ,07/09/2026,15800,16200,16000
Keralam,Kottayam,Thalayolaparambu Market,Pumpkin,Pumpkin,FAQ,07/09/2026,1300,1600,1400
Telangana,Wanaparthy,Wanaparthy town APMC,Groundnut,Local,Local,07/09/2026,6799,9016,7889
Keralam,Alappuzha,Harippad Market,Bottle gourd,Other,FAQ,07/09/2026,2500,3000,2500
Keralam,Alappuzha,Harippad Market,Capsicum,Capsicum,FAQ,07/09/2026,10000,10500,10000
Keralam,Alappuzha,Harippad Market,Beetroot,Beetroot,FAQ,07/09/2026,6000,6500,6000
Keralam,Alappuzha,Harippad Market,Bitter gourd,Other,FAQ,07/09/2026,7000,7500,7000
Jammu and Kashmir,Jammu,MAC F&V Market Narwal Jammu,Green Chilli,Green Chilly,FAQ,07/09/2026,3000,3500,3250
Jammu and Kashmir,Jammu,MAC F&V Market Narwal Jammu,Knool Khol,Knool Khol,FAQ,07/09/2026,2500,3000,2750
Jammu and Kashmir,Jammu,MAC F&V Market Narwal Jammu,Little gourd(Kundru),Little gourd (Kundru),FAQ,07/09/2026,2000,2500,2250
Jammu and Kashmir,Jammu,MAC F&V Market Narwal Jammu,Papaya,Papaya,Medium,07/09/2026,3500,5500,4500
Jammu and Kashmir,Jammu,MAC F&V Market Narwal Jammu,Pineapple,Other,Medium,07/09/2026,4000,5000,4500
Jammu and Kashmir,Jammu,MAC F&V Market Narwal Jammu,French Beans(Frasbean),French Beans (Frasbean),FAQ,07/09/2026,4000,4500,4250
Jammu and Kashmir,Jammu,MAC F&V Market Narwal Jammu,Garlic,New Medium,FAQ,07/09/2026,20000,25000,22500
Keralam,Thiruvananthapuram,Neyyatinkara Market,Elephant Yam(Suran)/Amorphophallus,Amorphophallus,FAQ,07/09/2026,3300,4000,3700
Keralam,Thiruvananthapuram,Neyyatinkara Market,Bhindi(Ladies Finger),Bhindi,FAQ,07/09/2026,3400,4000,3700
Keralam,Thiruvananthapuram,Neyyatinkara Market,Cluster beans,Other,FAQ,07/09/2026,5000,12000,7000
Keralam,Thiruvananthapuram,Neyyatinkara Market,Brinjal,Brinjal,FAQ,07/09/2026,3400,4000,3700
Keralam,Thiruvananthapuram,Neyyatinkara Market,Tapioca,Tapioca,FAQ,07/09/2026,4500,5000,4700
Punjab,Moga,Baghapurana APMC,Tomato,Tomato,Grade B,07/09/2026,3000,4000,3500
Punjab,Moga,Baghapurana APMC,Banana,Medium,Grade B,07/09/2026,2500,3500,3000
Punjab,Moga,Baghapurana APMC,Apple,Other,Small,07/09/2026,3700,5000,4000
Punjab,Moga,Moga APMC,Banana,Champa,Medium,07/09/2026,1500,2000,1800
Punjab,Moga,Moga APMC,Tomato,Other,Local,07/09/2026,3000,3500,3200
Punjab,Moga,Moga APMC,Cauliflower,Cauliflower,Local,07/09/2026,3500,4500,4000
Punjab,Mohali,Dera Bassi APMC,Bottle gourd,Bottle Gourd,Local,07/09/2026,2600,2600,2600
Punjab,Mohali,Dera Bassi APMC,Onion,Onion,Local,07/09/2026,2900,2900,2900
Punjab,Mohali,Dera Bassi APMC,Tomato,Other,Local,07/09/2026,2600,2600,2600
Punjab,Nawanshahr,Balachaur APMC,Potato,Other,Medium,07/09/2026,700,900,800
Punjab,Nawanshahr,Balachaur APMC,Raddish,Other,Medium,07/09/2026,2000,2000,2000
Punjab,Nawanshahr,Balachaur APMC,Brinjal,Other,Medium,07/09/2026,1500,1500,1500
Punjab,Nawanshahr,Balachaur APMC,Capsicum,Other,Medium,07/09/2026,3500,5000,4000
Punjab,Nawanshahr,Balachaur APMC,Colacasia,Other,Medium,07/09/2026,2000,2000,2000
Punjab,Nawanshahr,Balachaur APMC,Coriander(Leaves),Other,Medium,07/09/2026,4000,7000,5000
Punjab,Nawanshahr,Balachaur APMC,Cucumbar(Kheera),Other,Medium,07/09/2026,2000,4000,3500
Punjab,Patiala,Ghanaur APMC,Tomato,Other,FAQ,07/09/2026,1800,2000,1900
Punjab,Patiala,Ghanaur APMC,Potato,Other,FAQ,07/09/2026,800,1000,900
Punjab,Ropar (Rupnagar),Ropar APMC,Green Peas,Other,FAQ,07/09/2026,11000,12000,11500
Punjab,Ropar (Rupnagar),Ropar APMC,Pineapple,Pine Apple,Medium,07/09/2026,4200,4500,4400
Punjab,Ropar (Rupnagar),Ropar APMC,Cauliflower,Cauliflower,Medium,07/09/2026,3800,4200,4000
Punjab,Ropar (Rupnagar),Ropar APMC,Chilly Capsicum,Other,FAQ,07/09/2026,3000,3400,3200
Punjab,Sangrur,Ahmedgarh APMC,Tomato,Local,Medium,07/09/2026,3800,4000,4000
Punjab,Sangrur,Ahmedgarh APMC,Onion,Other,Medium,07/09/2026,5000,5500,5500
Punjab,Sangrur,Ahmedgarh APMC,Banana,Other,Medium,07/09/2026,3000,3200,3200
Keralam,Palakad,Pattambi Market,Amaranthus,Amaranthus,FAQ,07/09/2026,2500,3000,2800
Keralam,Palakad,Pattambi Market,Banana - Green,Banana - Green,FAQ,07/09/2026,6000,6500,6200
Keralam,Palakad,Pattambi Market,Bhindi(Ladies Finger),Bhindi,FAQ,07/09/2026,3500,4500,3800
Keralam,Palakad,Pattambi Market,Carrot,Carrot,FAQ,07/09/2026,6000,7000,6500
Keralam,Palakad,Pattambi Market,Brinjal,Brinjal,FAQ,07/09/2026,3000,4000,3500
Keralam,Palakad,Pattambi Market,Green Chilli,Green Chilly,FAQ,07/09/2026,5000,6000,5500
Keralam,Palakad,Pattambi Market,Potato,Potato,FAQ,07/09/2026,2000,2600,2400
Keralam,Palakad,Pattambi Market,Snakeguard,Snakeguard,FAQ,07/09/2026,4500,5000,4800
Keralam,Palakad,Pattambi Market,Banana,Palayamthodan,Grade B,07/09/2026,4000,4500,4200
Keralam,Kottayam,Ettumanoor Market,Banana - Green,Banana - Green,FAQ,07/09/2026,6000,7000,6500
Keralam,Kottayam,Ettumanoor Market,Ashgourd,Ashgourd,FAQ,07/09/2026,1800,2000,1900
Keralam,Kottayam,Ettumanoor Market,Bhindi(Ladies Finger),Bhindi,FAQ,07/09/2026,3500,3800,3600
Karnataka,Chamarajanagar,Chamarajanagar APMC,Paddy(Common),Paddy Medium,Local,07/09/2026,2000,2000,2000
Karnataka,Chamarajanagar,Chamarajanagar APMC,Ragi(Finger Millet),Local,Local,07/09/2026,3100,3100,3100
Karnataka,Chamarajanagar,Chamarajanagar APMC,Cabbage,Cabbage,Local,07/09/2026,600,1000,800
Karnataka,Chamarajanagar,Chamarajanagar APMC,Gur(Jaggery),Achhu,Local,07/09/2026,3400,4400,4000
Karnataka,Chamarajanagar,Chamarajanagar APMC,Carrot,Carrot,Local,07/09/2026,1200,2800,2000
Punjab,Sangrur,Dhuri APMC,Papaya,Other,Medium,07/09/2026,1900,2200,2100
Punjab,Sangrur,Dhuri APMC,Apple,Other,Medium,07/09/2026,5000,8000,6000
Punjab,Sangrur,Malerkotla APMC,Coriander(Leaves),Coriander,Local,07/09/2026,5000,8000,7000
Punjab,Sangrur,Malerkotla APMC,Ginger(Green),Green Ginger,Local,07/09/2026,4000,5500,5000
Punjab,Sangrur,Malerkotla APMC,Peas Wet,Other,Local,07/09/2026,6500,7500,7000
Punjab,Sangrur,Malerkotla APMC,Tomato,Tomato,Local,07/09/2026,1500,2800,2700
Punjab,Sangrur,Malerkotla APMC,Apple,Apple,Local,07/09/2026,1500,5500,3500
Keralam,Ernakulam,Piravam Market,Amaranthus,Amaranthus,Local,07/09/2026,4200,6000,5000
Punjab,Tarntaran,Harike APMC,Brinjal,Brinjal,FAQ,07/09/2026,300,400,350
Punjab,Tarntaran,Harike APMC,Bhindi(Ladies Finger),Bhindi,FAQ,07/09/2026,1100,1200,1150
Andhra Pradesh,East Godavari,Anaparthy APMC,Paddy(Common),Paddy,FAQ,07/09/2026,2369,2540,2369
Tamil Nadu,Thirupur,Tiruppur (South) (Uzhavar Sandhai ),Garlic,Garlic,Local,07/09/2026,17000,21000,19000
Tamil Nadu,Thirupur,Tiruppur (South) (Uzhavar Sandhai ),Ginger(Green),Green Ginger,Local,07/09/2026,12000,15000,13500
Tamil Nadu,Thirupur,Tiruppur (South) (Uzhavar Sandhai ),Cabbage,Cabbage,Local,07/09/2026,1800,2000,1900
Tamil Nadu,Erode,Perundurai(Uzhavar Sandhai ),Cauliflower,Ranchi,Local,07/09/2026,3500,3800,3650
Tamil Nadu,Erode,Perundurai(Uzhavar Sandhai ),Chikoos(Sapota),Sapota,Local,07/09/2026,3600,4000,3800
Tamil Nadu,Erode,Perundurai(Uzhavar Sandhai ),Tomato,Deshi,Local,07/09/2026,2600,3000,2800
Tamil Nadu,Erode,Perundurai(Uzhavar Sandhai ),Beans,Beans (Whole),Local,07/09/2026,6500,7000,6750
Tamil Nadu,Erode,Perundurai(Uzhavar Sandhai ),Raddish,Raddish,Local,07/09/2026,2600,3000,2800
Tamil Nadu,Erode,Perundurai(Uzhavar Sandhai ),Onion Green,Onion Green,Local,07/09/2026,7000,7500,7250
Tamil Nadu,Dharmapuri,Dharmapuri(Uzhavar Sandhai ),Cauliflower,Ranchi,Local,07/09/2026,3300,3500,3400
Tamil Nadu,Dharmapuri,Dharmapuri(Uzhavar Sandhai ),Cluster beans,Cluster Beans,Local,07/09/2026,2200,2400,2300
Tamil Nadu,Dharmapuri,Dharmapuri(Uzhavar Sandhai ),Amaranthus,Amaranthus,Local,07/09/2026,2400,2500,2450
Tamil Nadu,Dharmapuri,Dharmapuri(Uzhavar Sandhai ),Tapioca,Tapioca,Local,07/09/2026,3200,3400,3300
Tamil Nadu,Dharmapuri,Dharmapuri(Uzhavar Sandhai ),Banana,Besrai,Local,07/09/2026,5200,5500,5350
Tamil Nadu,Dharmapuri,Dharmapuri(Uzhavar Sandhai ),Snakeguard,Snakeguard,Local,07/09/2026,1800,2000,1900
Tamil Nadu,Dharmapuri,Dharmapuri(Uzhavar Sandhai ),Raddish,Raddish,Local,07/09/2026,900,1000,950
Tamil Nadu,Dharmapuri,Dharmapuri(Uzhavar Sandhai ),Elephant Yam(Suran)/Amorphophallus,Elephant Yam (Suran),Local,07/09/2026,6200,6600,6400
Tamil Nadu,Dharmapuri,Dharmapuri(Uzhavar Sandhai ),Colacasia,Colacasia,Local,07/09/2026,6200,6400,6300
Tamil Nadu,Dharmapuri,Palacode(Uzhavar Sandhai ),Papaya,Papaya,Local,07/09/2026,3000,3500,3250
Tamil Nadu,Dharmapuri,Palacode(Uzhavar Sandhai ),Bitter gourd,Other,Local,07/09/2026,3800,4000,3900
Tamil Nadu,Dharmapuri,Palacode(Uzhavar Sandhai ),Ashgourd,Gouard,Local,07/09/2026,1400,1600,1500
Tamil Nadu,Dharmapuri,Palacode(Uzhavar Sandhai ),Green Chilli,Green Chilly,Local,07/09/2026,3800,4000,3900
Tamil Nadu,Dharmapuri,Palacode(Uzhavar Sandhai ),Onion,Bellary,Local,07/09/2026,6000,6200,6100
Tamil Nadu,Dharmapuri,Palacode(Uzhavar Sandhai ),Raddish,Raddish,Local,07/09/2026,1200,1400,1300
Tamil Nadu,Dharmapuri,Palacode(Uzhavar Sandhai ),Guava,Guava Allahabad,Local,07/09/2026,6500,7000,6750
Tamil Nadu,Dharmapuri,Palacode(Uzhavar Sandhai ),Indian Beans(Seam),Indian Beans (Seam),Local,07/09/2026,5800,6000,5900
Tamil Nadu,Dharmapuri,Palacode(Uzhavar Sandhai ),Amla(Nelli Kai),Amla,Local,07/09/2026,9000,9500,9250
Tamil Nadu,Dharmapuri,Palacode(Uzhavar Sandhai ),Mint(Pudina),Mint(Pudina),Local,07/09/2026,5000,5500,5250
Tamil Nadu,Dharmapuri,Pennagaram(Uzhavar Sandhai ),Coriander(Leaves),I Sort,Local,07/09/2026,5500,6000,5750
Tamil Nadu,Dharmapuri,Pennagaram(Uzhavar Sandhai ),Cluster beans,Cluster Beans,Local,07/09/2026,3600,4000,3800
Tamil Nadu,Dharmapuri,Pennagaram(Uzhavar Sandhai ),Amaranthus,Amaranthus,Local,07/09/2026,2400,2500,2450
Tamil Nadu,Dharmapuri,Pennagaram(Uzhavar Sandhai ),Cowpea(Veg),Cowpea (Veg),Local,07/09/2026,5500,6000,5750
Tamil Nadu,Dharmapuri,Pennagaram(Uzhavar Sandhai ),Banana,Besrai,Local,07/09/2026,4600,5000,4800
Tamil Nadu,Dharmapuri,Pennagaram(Uzhavar Sandhai ),Onion,Bellary,Local,07/09/2026,5500,6000,5750
Tamil Nadu,Dharmapuri,Pennagaram(Uzhavar Sandhai ),Ginger(Green),Green Ginger,Local,07/09/2026,19000,20000,19500
Tamil Nadu,Dharmapuri,Pennagaram(Uzhavar Sandhai ),Coconut,Coconut,Local,07/09/2026,5500,6000,5750
Tamil Nadu,Dharmapuri,Pennagaram(Uzhavar Sandhai ),Snakeguard,Snakeguard,Local,07/09/2026,2800,3000,2900
Tamil Nadu,Dharmapuri,Pennagaram(Uzhavar Sandhai ),Beetroot,Beetroot,Local,07/09/2026,5200,5500,5350
Tamil Nadu,Dharmapuri,Pennagaram(Uzhavar Sandhai ),Ridgeguard(Tori),Ridgeguard(Tori),Local,07/09/2026,2800,3000,2900
Tamil Nadu,Dharmapuri,Pennagaram(Uzhavar Sandhai ),Green Avare(W),Green Avare (W),Local,07/09/2026,6500,7000,6750
Tamil Nadu,Dharmapuri,Pennagaram(Uzhavar Sandhai ),Mint(Pudina),Mint(Pudina),Local,07/09/2026,4600,5000,4800
Tamil Nadu,Dharmapuri,Pennagaram(Uzhavar Sandhai ),Sweet Corn ,Sweet Corn ,Local,07/09/2026,1800,2000,1900
Tamil Nadu,Dindigul,Chinnalapatti(Uzhavar Sandhai ),Beans,Beans (Whole),Local,07/09/2026,7000,8000,7500
Tamil Nadu,Dindigul,Chinnalapatti(Uzhavar Sandhai ),Banana,Besrai,Local,07/09/2026,6000,7000,6500
Tamil Nadu,Dindigul,Dindigul(Uzhavar Sandhai ),Green Peas,Green Peas,Local,07/09/2026,12000,13000,12500
Tamil Nadu,Dindigul,Dindigul(Uzhavar Sandhai ),Pumpkin,Pumpkin,Local,07/09/2026,1500,2000,1750
Tamil Nadu,Dindigul,Dindigul(Uzhavar Sandhai ),Banana - Green,Banana - Green,Local,07/09/2026,1500,2000,1750
Tamil Nadu,Dindigul,Dindigul(Uzhavar Sandhai ),Coconut,Coconut,Local,07/09/2026,6000,6500,6250
Tamil Nadu,Dindigul,Dindigul(Uzhavar Sandhai ),Lemon,Lemon,Local,07/09/2026,8000,10000,9000
Tamil Nadu,Dindigul,Palani(Uzhavar Sandhai ),Water Melon,Water Melon,Local,07/09/2026,1600,2000,1800
Tamil Nadu,Dindigul,Palani(Uzhavar Sandhai ),Tomato,Deshi,Local,07/09/2026,1000,2000,1500
Tamil Nadu,Dindigul,Palani(Uzhavar Sandhai ),Ashgourd,Gouard,Local,07/09/2026,1600,2000,1800
Tamil Nadu,Dindigul,Palani(Uzhavar Sandhai ),Amaranthus,Amaranthus,Local,07/09/2026,3000,3600,3300
Tamil Nadu,Dindigul,Palani(Uzhavar Sandhai ),Beetroot,Beetroot,Local,07/09/2026,3000,7000,5000
Tamil Nadu,Dindigul,Palani(Uzhavar Sandhai ),Raddish,Raddish,Local,07/09/2026,2400,3000,2700
Tamil Nadu,Dindigul,Palani(Uzhavar Sandhai ),Thondekai,Thondekai,Local,07/09/2026,3000,4000,3500
Tamil Nadu,Dindigul,Palani(Uzhavar Sandhai ),Chow Chow,Chow Chow,Local,07/09/2026,3000,3400,3200
Tamil Nadu,Erode,Periyar Nagar(Uzhavar Sandhai ),Ashgourd,Gouard,Local,07/09/2026,2000,2400,2200
Tamil Nadu,Erode,Periyar Nagar(Uzhavar Sandhai ),Amaranthus,Amaranthus,Local,07/09/2026,3000,3500,3250
Tamil Nadu,Erode,Periyar Nagar(Uzhavar Sandhai ),Cowpea(Veg),Cowpea (Veg),Local,07/09/2026,3000,3500,3250
Tamil Nadu,Erode,Periyar Nagar(Uzhavar Sandhai ),Coconut,Coconut,Local,07/09/2026,5000,5400,5200
Tamil Nadu,Erode,Periyar Nagar(Uzhavar Sandhai ),Cucumbar(Kheera),Cucumbar,Local,07/09/2026,4500,5000,4750
Tamil Nadu,Erode,Periyar Nagar(Uzhavar Sandhai ),Raddish,Raddish,Local,07/09/2026,2000,2200,2100
Tamil Nadu,Erode,Periyar Nagar(Uzhavar Sandhai ),Guava,Guava Allahabad,Local,07/09/2026,4600,5000,4800
Tamil Nadu,Erode,Periyar Nagar(Uzhavar Sandhai ),Tender Coconut,Tender Coconut,Local,07/09/2026,3500,4000,3750
Tamil Nadu,Erode,Periyar Nagar(Uzhavar Sandhai ),Mint(Pudina),Mint(Pudina),Local,07/09/2026,3600,4000,3800
Tamil Nadu,Kallakuruchi,Sankarapuram(Uzhavar Sandhai ),Coriander(Leaves),I Sort,Local,07/09/2026,6000,6000,6000
Tamil Nadu,Kallakuruchi,Sankarapuram(Uzhavar Sandhai ),Beans,Beans (Whole),Local,07/09/2026,9000,9000,9000
Tamil Nadu,Kallakuruchi,Sankarapuram(Uzhavar Sandhai ),Mango,Neelam,Local,07/09/2026,5000,5000,5000
Tamil Nadu,Kallakuruchi,Sankarapuram(Uzhavar Sandhai ),Carrot,Pusakesar,Local,07/09/2026,8000,8000,8000
Tamil Nadu,Kallakuruchi,Sankarapuram(Uzhavar Sandhai ),Thondekai,Thondekai,Local,07/09/2026,6000,6000,6000
Tamil Nadu,Kallakuruchi,Sankarapuram(Uzhavar Sandhai ),Amla(Nelli Kai),Amla,Local,07/09/2026,10000,10000,10000
Tamil Nadu,Kancheepuram,Kancheepuram(Uzhavar Sandhai ),Garlic,Garlic,Local,07/09/2026,24000,30000,27000
Tamil Nadu,Kancheepuram,Kancheepuram(Uzhavar Sandhai ),Ashgourd,Gouard,Local,07/09/2026,2000,3000,2500
Tamil Nadu,Kancheepuram,Kancheepuram(Uzhavar Sandhai ),Amaranthus,Amaranthus,Local,07/09/2026,2500,4000,3250
Tamil Nadu,Kancheepuram,Kancheepuram(Uzhavar Sandhai ),Tapioca,Tapioca,Local,07/09/2026,2500,3500,3000
Tamil Nadu,Kancheepuram,Kancheepuram(Uzhavar Sandhai ),Snakeguard,Snakeguard,Local,07/09/2026,3000,3500,3250
Tamil Nadu,Kancheepuram,Kancheepuram(Uzhavar Sandhai ),Onion Green,Onion Green,Local,07/09/2026,6000,8000,7000
Tamil Nadu,Kancheepuram,Kundrathur(Uzhavar Sandhai ),Cauliflower,Ranchi,Local,07/09/2026,3000,3500,3250
Tamil Nadu,Kancheepuram,Kundrathur(Uzhavar Sandhai ),Tomato,Other,Local,07/09/2026,2500,2500,2500
Tamil Nadu,Kancheepuram,Kundrathur(Uzhavar Sandhai ),Green Avare(W),Green Avare (W),Local,07/09/2026,5000,5000,5000
Tamil Nadu,Kancheepuram,Padappai(Uzhavar Sandhai ),Garlic,Garlic,Local,07/09/2026,20000,28000,24000
Tamil Nadu,Kancheepuram,Padappai(Uzhavar Sandhai ),Tomato,Local,Local,07/09/2026,2200,3000,2600
Tamil Nadu,Kancheepuram,Padappai(Uzhavar Sandhai ),Bhindi(Ladies Finger),Bhindi,Local,07/09/2026,2500,3000,2750
Tamil Nadu,Kancheepuram,Padappai(Uzhavar Sandhai ),Beans,Beans (Whole),Local,07/09/2026,5000,8000,6500
Tamil Nadu,Kancheepuram,Padappai(Uzhavar Sandhai ),Sweet Potato,Hosur Red,Local,07/09/2026,4000,4500,4250
Tamil Nadu,Kancheepuram,Padappai(Uzhavar Sandhai ),Raddish,Raddish,Local,07/09/2026,2500,3000,2750
Tamil Nadu,Kancheepuram,Padappai(Uzhavar Sandhai ),Capsicum,Capsicum,Local,07/09/2026,3000,5000,4000
Tamil Nadu,Kancheepuram,Padappai(Uzhavar Sandhai ),Mango(Raw-Ripe),Mango - Raw-Ripe,Local,07/09/2026,4500,12000,8250
Tamil Nadu,Kancheepuram,Padappai(Uzhavar Sandhai ),Colacasia,Colacasia,Local,07/09/2026,3000,4000,3500
Tamil Nadu,Kancheepuram,Padappai(Uzhavar Sandhai ),Amla(Nelli Kai),Amla,Local,07/09/2026,10000,12000,11000
Tamil Nadu,Kancheepuram,Padappai(Uzhavar Sandhai ),Mint(Pudina),Mint(Pudina),Local,07/09/2026,3000,3500,3250
Tamil Nadu,Kancheepuram,Sunguvarchatram(Uzhavar Sandhai ),Brinjal,Other,Local,07/09/2026,3500,3500,3500
Tamil Nadu,Kancheepuram,Sunguvarchatram(Uzhavar Sandhai ),Bhindi(Ladies Finger),Bhindi,Local,07/09/2026,3500,3500,3500
Tamil Nadu,Kancheepuram,Sunguvarchatram(Uzhavar Sandhai ),Banana - Green,Banana - Green,Local,07/09/2026,3000,3000,3000
Tamil Nadu,Kancheepuram,Sunguvarchatram(Uzhavar Sandhai ),Beans,Beans (Whole),Local,07/09/2026,6500,6500,6500
Tamil Nadu,Kancheepuram,Sunguvarchatram(Uzhavar Sandhai ),Snakeguard,Snakeguard,Local,07/09/2026,3500,3500,3500
Tamil Nadu,Kancheepuram,Sunguvarchatram(Uzhavar Sandhai ),Raddish,Raddish,Local,07/09/2026,3000,3000,3000
Tamil Nadu,Kancheepuram,Sunguvarchatram(Uzhavar Sandhai ),Drumstick,Drumstick,Local,07/09/2026,4000,4000,4000
Tamil Nadu,Krishnagiri,Avallapalli(Uzhavar Sandhai ),Papaya,Papaya,Local,07/09/2026,3500,4000,3750
Tamil Nadu,Krishnagiri,Avallapalli(Uzhavar Sandhai ),Carrot,Pusakesar,Local,07/09/2026,4500,5000,4750
Tamil Nadu,Krishnagiri,Avallapalli(Uzhavar Sandhai ),Beetroot,Beetroot,Local,07/09/2026,2500,3000,2750
Tamil Nadu,Krishnagiri,Avallapalli(Uzhavar Sandhai ),Chow Chow,Chow Chow,Local,07/09/2026,2000,2500,2250
Tamil Nadu,Krishnagiri,Avallapalli(Uzhavar Sandhai ),Elephant Yam(Suran)/Amorphophallus,Elephant Yam (Suran),Local,07/09/2026,3500,4000,3750
Tamil Nadu,Krishnagiri,Avallapalli(Uzhavar Sandhai ),Indian Beans(Seam),Indian Beans (Seam),Local,07/09/2026,3500,4000,3750
Tamil Nadu,Krishnagiri,Avallapalli(Uzhavar Sandhai ),Lemon,Lemon,Local,07/09/2026,14000,15000,14500
Tamil Nadu,Dharmapuri,Karimangalam(Uzhavar Sandhai),Garlic,Garlic,Local,07/09/2026,20000,21000,20500
Tamil Nadu,Dharmapuri,Karimangalam(Uzhavar Sandhai),Cauliflower,Ranchi,Local,07/09/2026,3800,4000,3900
Tamil Nadu,Dharmapuri,Karimangalam(Uzhavar Sandhai),Green Peas,Green Peas,Local,07/09/2026,16000,17000,16500
Tamil Nadu,Dharmapuri,Karimangalam(Uzhavar Sandhai),Tapioca,Tapioca,Local,07/09/2026,2800,3000,2900
Tamil Nadu,Dharmapuri,Karimangalam(Uzhavar Sandhai),Snakeguard,Snakeguard,Local,07/09/2026,2800,3000,2900
Keralam,Thirssur,Marottichal  VFPCK Market,Banana,Nendra Bale,Grade A,07/09/2026,4500,5800,5500
Tamil Nadu,Krishnagiri,Denkanikottai(Uzhavar Sandhai ),Cauliflower,Ranchi,Local,07/09/2026,2500,3000,2750
Tamil Nadu,Krishnagiri,Denkanikottai(Uzhavar Sandhai ),Tomato,Local,Local,07/09/2026,2500,3000,2750
Tamil Nadu,Krishnagiri,Denkanikottai(Uzhavar Sandhai ),Ginger(Green),Green Ginger,Local,07/09/2026,12000,15000,13500
Tamil Nadu,Krishnagiri,Denkanikottai(Uzhavar Sandhai ),Ridgeguard(Tori),Ridgeguard(Tori),Local,07/09/2026,2500,3000,2750
Tamil Nadu,Krishnagiri,Denkanikottai(Uzhavar Sandhai ),Raddish,Raddish,Local,07/09/2026,1200,1500,1350
Tamil Nadu,Krishnagiri,Denkanikottai(Uzhavar Sandhai ),Thondekai,Thondekai,Local,07/09/2026,2500,3000,2750
Tamil Nadu,Krishnagiri,Denkanikottai(Uzhavar Sandhai ),Green Avare(W),Green Avare (W),Local,07/09/2026,5000,5500,5250
Tamil Nadu,Krishnagiri,Denkanikottai(Uzhavar Sandhai ),Lemon,Lemon,Local,07/09/2026,12000,15000,13500
Tamil Nadu,Krishnagiri,Hosur(Uzhavar Sandhai ),Cauliflower,Ranchi,Local,07/09/2026,3000,3500,3250
Tamil Nadu,Krishnagiri,Hosur(Uzhavar Sandhai ),Green Peas,Green Peas,Local,07/09/2026,11000,12000,11500
Tamil Nadu,Krishnagiri,Hosur(Uzhavar Sandhai ),Cluster beans,Cluster Beans,Local,07/09/2026,3500,4000,3750
Tamil Nadu,Krishnagiri,Hosur(Uzhavar Sandhai ),Tapioca,Tapioca,Local,07/09/2026,3500,4000,3750
Tamil Nadu,Krishnagiri,Hosur(Uzhavar Sandhai ),Sweet Potato,Hosur Red,Local,07/09/2026,3500,4000,3750
Tamil Nadu,Krishnagiri,Hosur(Uzhavar Sandhai ),Lime,Lime,Local,07/09/2026,5500,6000,5750
Tamil Nadu,Krishnagiri,Hosur(Uzhavar Sandhai ),Colacasia,Colacasia,Local,07/09/2026,4500,5000,4750
Tamil Nadu,Madurai,Anaiyur(Uzhavar Sandhai ),Potato,Red Nanital,Local,07/09/2026,3500,4000,3750
Tamil Nadu,Madurai,Anaiyur(Uzhavar Sandhai ),Coriander(Leaves),I Sort,Local,07/09/2026,4000,5500,4750
Tamil Nadu,Madurai,Anaiyur(Uzhavar Sandhai ),Water Melon,Water Melon,Local,07/09/2026,2000,2500,2250
Tamil Nadu,Madurai,Anaiyur(Uzhavar Sandhai ),Cluster beans,Cluster Beans,Local,07/09/2026,3000,3200,3100
Tamil Nadu,Madurai,Anaiyur(Uzhavar Sandhai ),Bitter gourd,Other,Local,07/09/2026,4500,5500,5000
Tamil Nadu,Madurai,Anaiyur(Uzhavar Sandhai ),Amaranthus,Amaranthus,Local,07/09/2026,3000,3600,3300
Tamil Nadu,Madurai,Anaiyur(Uzhavar Sandhai ),Raddish,Raddish,Local,07/09/2026,2400,2800,2600
Tamil Nadu,Madurai,Anaiyur(Uzhavar Sandhai ),Thondekai,Thondekai,Local,07/09/2026,4500,4800,4650
Tamil Nadu,Madurai,Anaiyur(Uzhavar Sandhai ),Guava,Guava Allahabad,Local,07/09/2026,6000,7000,6500
Tamil Nadu,Madurai,Anaiyur(Uzhavar Sandhai ),Elephant Yam(Suran)/Amorphophallus,Elephant Yam (Suran),Local,07/09/2026,4000,4500,4250
Tamil Nadu,Madurai,Anaiyur(Uzhavar Sandhai ),Lemon,Lemon,Local,07/09/2026,22000,24000,23000
Tamil Nadu,Madurai,Anaiyur(Uzhavar Sandhai ),Mint(Pudina),Mint(Pudina),Local,07/09/2026,4500,5000,4750
Tamil Nadu,Madurai,Usilampatti(Uzhavar Sandhai ),Brinjal,Round,Local,07/09/2026,3600,4000,3800
Tamil Nadu,Madurai,Usilampatti(Uzhavar Sandhai ),Coriander(Leaves),I Sort,Local,07/09/2026,4000,5500,4750
Tamil Nadu,Madurai,Usilampatti(Uzhavar Sandhai ),Snakeguard,Snakeguard,Local,07/09/2026,3600,4000,3800
Tamil Nadu,Madurai,Usilampatti(Uzhavar Sandhai ),Drumstick,Drumstick,Local,07/09/2026,4000,5000,4500
Tamil Nadu,Nagapattinam,Sirkali(Uzhavar Sandhai ),Tomato,Deshi,Local,07/09/2026,2500,3000,2750
Tamil Nadu,Nagapattinam,Sirkali(Uzhavar Sandhai ),Ashgourd,Gouard,Local,07/09/2026,2500,3000,2750
Tamil Nadu,Nagapattinam,Sirkali(Uzhavar Sandhai ),Pumpkin,Pumpkin,Local,07/09/2026,2500,3000,2750
Tamil Nadu,Nagapattinam,Sirkali(Uzhavar Sandhai ),Groundnut,Big (With Shell),Local,07/09/2026,5500,6000,5750
Tamil Nadu,Nagapattinam,Sirkali(Uzhavar Sandhai ),Potato,Red Nanital,Local,07/09/2026,3600,4000,3800
Tamil Nadu,Nagapattinam,Sirkali(Uzhavar Sandhai ),Chow Chow,Chow Chow,Local,07/09/2026,3000,3000,3000
Tamil Nadu,Nagapattinam,Sirkali(Uzhavar Sandhai ),Snakeguard,Snakeguard,Local,07/09/2026,4500,5000,4750
Tamil Nadu,Nagapattinam,Sirkali(Uzhavar Sandhai ),Ridgeguard(Tori),Ridgeguard(Tori),Local,07/09/2026,5500,6000,5750
Tamil Nadu,Nagapattinam,Sirkali(Uzhavar Sandhai ),Mango(Raw-Ripe),Mango - Raw-Ripe,Local,07/09/2026,8500,9000,8750
Tamil Nadu,Nagapattinam,Sirkali(Uzhavar Sandhai ),Guava,Guava Allahabad,Local,07/09/2026,4000,5000,4500
Tamil Nadu,Nagapattinam,Sirkali(Uzhavar Sandhai ),Tamarind Fruit,Tamarind Fruit,Local,07/09/2026,15000,15000,15000
Tamil Nadu,Nagapattinam,Sirkali(Uzhavar Sandhai ),Mint(Pudina),Mint(Pudina),Local,07/09/2026,4000,4500,4250
Keralam,Ernakulam,Edackattuvayal  VFPCK Market,Banana,Robusta,Grade A,07/09/2026,2250,2450,2390
Tamil Nadu,Namakkal,Kumarapalayam(Uzhavar Sandhai ),Lemon,Lemon,Local,07/09/2026,8000,10000,9000
Tamil Nadu,Namakkal,Kumarapalayam(Uzhavar Sandhai ),Tomato,Other,Local,07/09/2026,2200,3000,2600
Tamil Nadu,Namakkal,Kumarapalayam(Uzhavar Sandhai ),Bhindi(Ladies Finger),Bhindi,Local,07/09/2026,2200,3000,2600
Tamil Nadu,Namakkal,Kumarapalayam(Uzhavar Sandhai ),Banana - Green,Banana - Green,Local,07/09/2026,3000,3500,3250
Tamil Nadu,Namakkal,Kumarapalayam(Uzhavar Sandhai ),Ginger(Green),Green Ginger,Local,07/09/2026,17000,18000,17500
Tamil Nadu,Namakkal,Kumarapalayam(Uzhavar Sandhai ),Coconut,Coconut,Local,07/09/2026,5600,6000,5800
Tamil Nadu,Namakkal,Kumarapalayam(Uzhavar Sandhai ),Snakeguard,Snakeguard,Local,07/09/2026,4900,5400,5150
Tamil Nadu,Namakkal,Kumarapalayam(Uzhavar Sandhai ),Raddish,Raddish,Local,07/09/2026,2700,3500,3100
Tamil Nadu,Namakkal,Kumarapalayam(Uzhavar Sandhai ),Guava,Guava Allahabad,Local,07/09/2026,5000,6000,5500
Tamil Nadu,Namakkal,Kumarapalayam(Uzhavar Sandhai ),Elephant Yam(Suran)/Amorphophallus,Elephant Yam (Suran),Local,07/09/2026,2500,3000,2750
Tamil Nadu,Namakkal,Kumarapalayam(Uzhavar Sandhai ),Mint(Pudina),Mint(Pudina),Local,07/09/2026,5500,6000,5750
Tamil Nadu,Namakkal,Mohanur(Uzhavar Sandhai ),Coriander(Leaves),I Sort,Local,07/09/2026,7200,8000,7600
Tamil Nadu,Namakkal,Mohanur(Uzhavar Sandhai ),Pumpkin,Pumpkin,Local,07/09/2026,2400,2800,2600
Tamil Nadu,Namakkal,Mohanur(Uzhavar Sandhai ),Banana,Red Banana,Local,07/09/2026,7400,8000,7700
Tamil Nadu,Namakkal,Mohanur(Uzhavar Sandhai ),Ridgeguard(Tori),Ridgeguard(Tori),Local,07/09/2026,5400,6000,5700
Tamil Nadu,Namakkal,Mohanur(Uzhavar Sandhai ),Raddish,Raddish,Local,07/09/2026,3400,4000,3700
Tamil Nadu,Namakkal,Mohanur(Uzhavar Sandhai ),Drumstick,Drumstick,Local,07/09/2026,2000,2800,2400
Tamil Nadu,Namakkal,Namakkal(Uzhavar Sandhai ),Garlic,Garlic,Local,07/09/2026,24000,28000,26000
Tamil Nadu,Namakkal,Namakkal(Uzhavar Sandhai ),Bottle gourd,Bottle Gourd,Local,07/09/2026,1500,2000,1750
Tamil Nadu,Namakkal,Namakkal(Uzhavar Sandhai ),Amaranthus,Amaranthus,Local,07/09/2026,3500,4000,3750
Tamil Nadu,Namakkal,Namakkal(Uzhavar Sandhai ),Tapioca,Tapioca,Local,07/09/2026,3000,3500,3250
Tamil Nadu,Namakkal,Namakkal(Uzhavar Sandhai ),Betal Leaves,Mysore,Local,07/09/2026,12000,13000,12500
Tamil Nadu,Namakkal,Namakkal(Uzhavar Sandhai ),Cabbage,Cabbage,Local,07/09/2026,2000,2500,2250
Tamil Nadu,Namakkal,Namakkal(Uzhavar Sandhai ),Drumstick,Drumstick,Local,07/09/2026,2000,2500,2250
Tamil Nadu,Namakkal,Namakkal(Uzhavar Sandhai ),Yam(Ratalu),Yam (Ratalu),Local,07/09/2026,7000,8000,7500
Tamil Nadu,Namakkal,Paramathivelur(Uzhavar Sandhai ),Potato,Red Nanital,Local,07/09/2026,2600,3000,2800
Tamil Nadu,Namakkal,Paramathivelur(Uzhavar Sandhai ),Coriander(Leaves),I Sort,Local,07/09/2026,7000,8000,7500
Tamil Nadu,Namakkal,Paramathivelur(Uzhavar Sandhai ),Ashgourd,Gouard,Local,07/09/2026,1600,2000,1800
Tamil Nadu,Namakkal,Paramathivelur(Uzhavar Sandhai ),Banana - Green,Banana - Green,Local,07/09/2026,3500,4000,3750
Tamil Nadu,Namakkal,Paramathivelur(Uzhavar Sandhai ),Banana,Other,Local,07/09/2026,4000,5000,4500
Tamil Nadu,Namakkal,Paramathivelur(Uzhavar Sandhai ),Onion,Bellary,Local,07/09/2026,5000,6000,5500
Tamil Nadu,Namakkal,Rasipuram(Uzhavar Sandhai ),Coriander(Leaves),I Sort,Local,07/09/2026,9000,9500,9250
Tamil Nadu,Namakkal,Rasipuram(Uzhavar Sandhai ),Chikoos(Sapota),Sapota,Local,07/09/2026,4000,4500,4250
Tamil Nadu,Namakkal,Rasipuram(Uzhavar Sandhai ),Amaranthus,Amaranthus,Local,07/09/2026,3500,4000,3750
Tamil Nadu,Namakkal,Rasipuram(Uzhavar Sandhai ),Pineapple,Pine Apple,Local,07/09/2026,4500,5500,5000
Tamil Nadu,Namakkal,Rasipuram(Uzhavar Sandhai ),Carrot,Pusakesar,Local,07/09/2026,6500,7500,7000
Tamil Nadu,Namakkal,Rasipuram(Uzhavar Sandhai ),Cabbage,Cabbage,Local,07/09/2026,3400,3600,3500
Tamil Nadu,Namakkal,Rasipuram(Uzhavar Sandhai ),Custard Apple(Sharifa),Custard Apple(Sharifa),Local,07/09/2026,3500,4000,3750
Tamil Nadu,Namakkal,Rasipuram(Uzhavar Sandhai ),Mint(Pudina),Mint(Pudina),Local,07/09/2026,5500,6000,5750
Tamil Nadu,Thanjavur,Tirukattupalli(Uzhavar Sandhai ),Banana - Green,Banana - Green,Local,07/09/2026,4000,4000,4000
Tamil Nadu,Thanjavur,Tirukattupalli(Uzhavar Sandhai ),Beans,Beans (Whole),Local,07/09/2026,9400,9400,9400
Tamil Nadu,Thanjavur,Tirukattupalli(Uzhavar Sandhai ),Raddish,Raddish,Local,07/09/2026,2600,2600,2600
Tamil Nadu,Madurai,Palanganatham(Uzhavar Sandhai ),Cauliflower,Ranchi,Local,07/09/2026,3000,3500,3250
Tamil Nadu,Madurai,Palanganatham(Uzhavar Sandhai ),Brinjal,Other,Local,07/09/2026,3600,4200,3900
Tamil Nadu,Madurai,Palanganatham(Uzhavar Sandhai ),Coriander(Leaves),I Sort,Local,07/09/2026,5000,5500,5250
Tamil Nadu,Madurai,Palanganatham(Uzhavar Sandhai ),Beans,Beans (Whole),Local,07/09/2026,8000,9000,8500
Tamil Nadu,Madurai,Palanganatham(Uzhavar Sandhai ),Grapes,Annabesahai,Local,07/09/2026,11000,12000,11500
Tamil Nadu,Madurai,Palanganatham(Uzhavar Sandhai ),Carrot,Pusakesar,Local,07/09/2026,4000,5000,4500
Tamil Nadu,Madurai,Palanganatham(Uzhavar Sandhai ),Snakeguard,Snakeguard,Local,07/09/2026,3600,4000,3800
Tamil Nadu,Madurai,Palanganatham(Uzhavar Sandhai ),Ridgeguard(Tori),Ridgeguard(Tori),Local,07/09/2026,5000,5500,5250
Tamil Nadu,Madurai,Palanganatham(Uzhavar Sandhai ),Raddish,Raddish,Local,07/09/2026,2400,2800,2600
Tamil Nadu,Madurai,Palanganatham(Uzhavar Sandhai ),Drumstick,Drumstick,Local,07/09/2026,4000,5000,4500
Tamil Nadu,Madurai,Palanganatham(Uzhavar Sandhai ),Lime,Lime,Local,07/09/2026,13000,15000,14000
Tamil Nadu,Madurai,Anna nagar(Uzhavar Sandhai ),Green Peas,Green Peas,Local,07/09/2026,22000,22000,22000
Tamil Nadu,Madurai,Anna nagar(Uzhavar Sandhai ),Mousambi(Sweet Lime),Mousambi,Local,07/09/2026,6500,6500,6500
Tamil Nadu,Madurai,Anna nagar(Uzhavar Sandhai ),Tomato,Other,Local,07/09/2026,2800,2800,2800
Tamil Nadu,Madurai,Anna nagar(Uzhavar Sandhai ),Pumpkin,Pumpkin,Local,07/09/2026,1600,1600,1600
Tamil Nadu,Madurai,Anna nagar(Uzhavar Sandhai ),Beans,Beans (Whole),Local,07/09/2026,8800,9000,8900
Tamil Nadu,Madurai,Anna nagar(Uzhavar Sandhai ),Banana,Red Banana,Local,07/09/2026,9000,9000,9000
Tamil Nadu,Madurai,Anna nagar(Uzhavar Sandhai ),Onion,Bellary,Local,07/09/2026,6000,6800,6400
Tamil Nadu,Madurai,Anna nagar(Uzhavar Sandhai ),Cabbage,Cabbage,Local,07/09/2026,3000,3000,3000
Tamil Nadu,Madurai,Anna nagar(Uzhavar Sandhai ),Snakeguard,Snakeguard,Local,07/09/2026,3600,4600,4100
Tamil Nadu,Madurai,Anna nagar(Uzhavar Sandhai ),Thondekai,Thondekai,Local,07/09/2026,4200,4600,4400
Tamil Nadu,Madurai,Anna nagar(Uzhavar Sandhai ),Capsicum,Capsicum,Local,07/09/2026,5500,5500,5500
Tamil Nadu,Madurai,Anna nagar(Uzhavar Sandhai ),Drumstick,Drumstick,Local,07/09/2026,4000,4600,4300
Tamil Nadu,Madurai,Anna nagar(Uzhavar Sandhai ),Lime,Lime,Local,07/09/2026,4600,4600,4600
Tamil Nadu,Madurai,Anna nagar(Uzhavar Sandhai ),Guava,Guava Allahabad,Local,07/09/2026,7500,11000,9250
Tamil Nadu,Madurai,Anna nagar(Uzhavar Sandhai ),Tender Coconut,Tender Coconut,Local,07/09/2026,4000,4500,4250
Tamil Nadu,Madurai,Anna nagar(Uzhavar Sandhai ),Marigold(Calcutta),Marigold(Calcutta),Local,07/09/2026,12000,12000,12000
Tamil Nadu,Madurai,Anna nagar(Uzhavar Sandhai ),Tamarind Fruit,Tamarind Fruit,Local,07/09/2026,14000,14000,14000
Tamil Nadu,Madurai,Anna nagar(Uzhavar Sandhai ),Colacasia,Colacasia,Local,07/09/2026,5400,5400,5400
Tamil Nadu,Perambalur,Perambalur(Uzhavar Sandhai ),Potato,Other,Local,07/09/2026,2800,3000,2900
Tamil Nadu,Perambalur,Perambalur(Uzhavar Sandhai ),Cluster beans,Cluster Beans,Local,07/09/2026,4400,4400,4400
Tamil Nadu,Perambalur,Perambalur(Uzhavar Sandhai ),Cowpea(Veg),Cowpea (Veg),Local,07/09/2026,5200,5200,5200
Tamil Nadu,Perambalur,Perambalur(Uzhavar Sandhai ),Beans,Beans (Whole),Local,07/09/2026,9200,9600,9400
Tamil Nadu,Perambalur,Perambalur(Uzhavar Sandhai ),Grapes,Annabesahai,Local,07/09/2026,10000,12000,11000
Tamil Nadu,Perambalur,Perambalur(Uzhavar Sandhai ),Onion,Bellary,Local,07/09/2026,6000,6600,6300
Tamil Nadu,Perambalur,Perambalur(Uzhavar Sandhai ),Coconut,Coconut,Local,07/09/2026,5000,6000,5500
Tamil Nadu,Perambalur,Perambalur(Uzhavar Sandhai ),Carrot,Pusakesar,Local,07/09/2026,6800,7200,7000
Tamil Nadu,Perambalur,Perambalur(Uzhavar Sandhai ),Cabbage,Cabbage,Local,07/09/2026,3200,3200,3200
Tamil Nadu,Perambalur,Perambalur(Uzhavar Sandhai ),Thondekai,Thondekai,Local,07/09/2026,4400,4800,4600
Tamil Nadu,Perambalur,Perambalur(Uzhavar Sandhai ),Chow Chow,Chow Chow,Local,07/09/2026,4400,4400,4400
Tamil Nadu,Perambalur,Perambalur(Uzhavar Sandhai ),Tender Coconut,Tender Coconut,Local,07/09/2026,3000,4000,3500
Tamil Nadu,Perambalur,Perambalur(Uzhavar Sandhai ),Elephant Yam(Suran)/Amorphophallus,Elephant Yam (Suran),Local,07/09/2026,5200,5600,5400
Tamil Nadu,Perambalur,Perambalur(Uzhavar Sandhai ),Indian Beans(Seam),Indian Beans (Seam),Local,07/09/2026,8000,8800,8400
Tamil Nadu,Perambalur,Perambalur(Uzhavar Sandhai ),Mint(Pudina),Mint(Pudina),Local,07/09/2026,6000,6000,6000
Tamil Nadu,Salem,Mecheri(Uzhavar Sandhai),Green Chilli,Green Chilly,Local,07/09/2026,3500,4000,3750
Tamil Nadu,Salem,Mecheri(Uzhavar Sandhai),Coconut,Coconut,Local,07/09/2026,5500,6000,5750
Tamil Nadu,Salem,Mecheri(Uzhavar Sandhai),Raddish,Raddish,Local,07/09/2026,2000,2500,2250
Tamil Nadu,Ranipet,Ranipettai(Uzhavar Sandhai ),Cauliflower,Ranchi,Local,07/09/2026,3000,4000,3500
Tamil Nadu,Ranipet,Ranipettai(Uzhavar Sandhai ),Coriander(Leaves),I Sort,Local,07/09/2026,2000,2000,2000
Tamil Nadu,Ranipet,Ranipettai(Uzhavar Sandhai ),Bitter gourd,Other,Local,07/09/2026,3600,3600,3600
Tamil Nadu,Ranipet,Ranipettai(Uzhavar Sandhai ),Banana - Green,Banana - Green,Local,07/09/2026,6000,6000,6000
Tamil Nadu,Ranipet,Ranipettai(Uzhavar Sandhai ),Banana,Red Banana,Local,07/09/2026,10000,10000,10000
Tamil Nadu,Ranipet,Ranipettai(Uzhavar Sandhai ),Onion,Bellary,Local,07/09/2026,5600,5600,5600
Tamil Nadu,Ranipet,Ranipettai(Uzhavar Sandhai ),Green Avare(W),Other,Local,07/09/2026,5000,5000,5000
Tamil Nadu,Ranipet,Ranipettai(Uzhavar Sandhai ),Beetroot,Beetroot,Local,07/09/2026,4600,4600,4600
Tamil Nadu,Ranipet,Ranipettai(Uzhavar Sandhai ),Cucumbar(Kheera),Cucumbar,Local,07/09/2026,4000,4000,4000
Tamil Nadu,Ranipet,Ranipettai(Uzhavar Sandhai ),Capsicum,Capsicum,Local,07/09/2026,4600,4600,4600
Tamil Nadu,Ranipet,Ranipettai(Uzhavar Sandhai ),Custard Apple(Sharifa),Custard Apple(Sharifa),Local,07/09/2026,8000,8000,8000
Tamil Nadu,Salem,Ammapet(Uzhavar Sandhai ),Green Avare(W),Other,Local,07/09/2026,5000,5500,5250
Tamil Nadu,Salem,Ammapet(Uzhavar Sandhai ),Bitter gourd,Other,Local,07/09/2026,4600,5000,4800
Tamil Nadu,Salem,Ammapet(Uzhavar Sandhai ),Ashgourd,Gouard,Local,07/09/2026,2200,2400,2300
Tamil Nadu,Salem,Ammapet(Uzhavar Sandhai ),Bhindi(Ladies Finger),Bhindi,Local,07/09/2026,2800,3000,2900
Tamil Nadu,Salem,Ammapet(Uzhavar Sandhai ),Ginger(Green),Green Ginger,Local,07/09/2026,15000,16000,15500
Tamil Nadu,Salem,Ammapet(Uzhavar Sandhai ),Coconut,Coconut,Local,07/09/2026,6000,6500,6250
Tamil Nadu,Salem,Ammapet(Uzhavar Sandhai ),Cabbage,Cabbage,Local,07/09/2026,2600,3000,2800
Tamil Nadu,Salem,Ammapet(Uzhavar Sandhai ),Snakeguard,Snakeguard,Local,07/09/2026,3200,3500,3350
Tamil Nadu,Salem,Ammapet(Uzhavar Sandhai ),Cucumbar(Kheera),Cucumbar,Local,07/09/2026,4000,5000,4500
Tamil Nadu,Salem,Ammapet(Uzhavar Sandhai ),Ridgeguard(Tori),Ridgeguard(Tori),Local,07/09/2026,3600,4000,3800
Tamil Nadu,Salem,Ammapet(Uzhavar Sandhai ),Raddish,Raddish,Local,07/09/2026,2800,3000,2900
Tamil Nadu,Salem,Ammapet(Uzhavar Sandhai ),Thondekai,Thondekai,Local,07/09/2026,3800,4000,3900
Tamil Nadu,Salem,Ammapet(Uzhavar Sandhai ),Amla(Nelli Kai),Amla,Local,07/09/2026,6600,7000,6800
Tamil Nadu,Salem,Mettur(Uzhavar Sandhai ),Cauliflower,Ranchi,Local,07/09/2026,2500,3000,2750
Tamil Nadu,Salem,Mettur(Uzhavar Sandhai ),Tapioca,Tapioca,Local,07/09/2026,3000,3500,3250
Tamil Nadu,Salem,Mettur(Uzhavar Sandhai ),Cabbage,Cabbage,Local,07/09/2026,2500,3000,2750
Tamil Nadu,Salem,Mettur(Uzhavar Sandhai ),Snakeguard,Snakeguard,Local,07/09/2026,3000,3500,3250
Tamil Nadu,Salem,Mettur(Uzhavar Sandhai ),Beetroot,Beetroot,Local,07/09/2026,6000,6500,6250
Tamil Nadu,Salem,Mettur(Uzhavar Sandhai ),Knool Khol,Knool Khol,Local,07/09/2026,4000,4500,4250
Tamil Nadu,Salem,Mettur(Uzhavar Sandhai ),Guava,Guava Allahabad,Local,07/09/2026,5000,6000,5500
Tamil Nadu,Salem,Sooramangalam(Uzhavar Sandhai ),Pumpkin,Pumpkin,Local,07/09/2026,1600,1800,1700
Tamil Nadu,Salem,Sooramangalam(Uzhavar Sandhai ),Amaranthus,Amaranthus,Local,07/09/2026,1800,2000,1900
Tamil Nadu,Salem,Sooramangalam(Uzhavar Sandhai ),Green Chilli,Green Chilly,Local,07/09/2026,3400,3800,3600
Tamil Nadu,Salem,Sooramangalam(Uzhavar Sandhai ),Sweet Potato,Hosur Red,Local,07/09/2026,4500,5000,4750
Tamil Nadu,Salem,Sooramangalam(Uzhavar Sandhai ),Beetroot,Beetroot,Local,07/09/2026,6000,6600,6300
Tamil Nadu,Salem,Sooramangalam(Uzhavar Sandhai ),Cucumbar(Kheera),Cucumbar,Local,07/09/2026,3500,4000,3750
Tamil Nadu,Salem,Sooramangalam(Uzhavar Sandhai ),Capsicum,Capsicum,Local,07/09/2026,5400,5800,5600
Tamil Nadu,Salem,Sooramangalam(Uzhavar Sandhai ),Elephant Yam(Suran)/Amorphophallus,Elephant Yam (Suran),Local,07/09/2026,4500,5000,4750
Tamil Nadu,Salem,Sooramangalam(Uzhavar Sandhai ),Amla(Nelli Kai),Amla,Local,07/09/2026,6500,7000,6750
Tamil Nadu,Salem,Sooramangalam(Uzhavar Sandhai ),Sweet Corn ,Sweet Corn ,Local,07/09/2026,3000,3500,3250
Tamil Nadu,Thiruchirappalli,Thuraiyur APMC,Brinjal,Other,Local,07/09/2026,3000,3500,3250
Tamil Nadu,Thiruchirappalli,Thuraiyur APMC,Cluster beans,Cluster Beans,Local,07/09/2026,3000,3500,3250
Tamil Nadu,Thiruchirappalli,Thuraiyur APMC,Pumpkin,Pumpkin,Local,07/09/2026,1200,1800,1500
Tamil Nadu,Thiruchirappalli,Thuraiyur APMC,Sweet Potato,Hosur Red,Local,07/09/2026,4500,5000,4750
Tamil Nadu,Thiruchirappalli,Thuraiyur APMC,Carrot,Pusakesar,Local,07/09/2026,5600,6600,6100
Tamil Nadu,Thiruchirappalli,Thuraiyur APMC,Chow Chow,Chow Chow,Local,07/09/2026,3000,3500,3250
Tamil Nadu,Thiruchirappalli,Thuraiyur APMC,Green Avare(W),Green Avare (W),Local,07/09/2026,5500,6500,6000
Tamil Nadu,Thiruchirappalli,Thuraiyur APMC,Guava,Guava Allahabad,Local,07/09/2026,5000,6000,5500
Tamil Nadu,Thiruchirappalli,Thuraiyur APMC,Lemon,Lemon,Local,07/09/2026,16000,18000,17000
Tamil Nadu,Thiruchirappalli,Thuraiyur APMC,Onion Green,Onion Green,Local,07/09/2026,7000,8000,7500
Tamil Nadu,Salem,Thammampatti (Uzhavar Sandhai ),Brinjal,Round,Local,07/09/2026,2500,3500,3000
Tamil Nadu,Salem,Thammampatti (Uzhavar Sandhai ),Chikoos(Sapota),Sapota,Local,07/09/2026,4000,4000,4000
Tamil Nadu,Salem,Thammampatti (Uzhavar Sandhai ),Tomato,Deshi,Local,07/09/2026,2000,2600,2300
Tamil Nadu,Salem,Thammampatti (Uzhavar Sandhai ),Banana,Red Banana,Local,07/09/2026,6500,7000,6750
Tamil Nadu,Salem,Thammampatti (Uzhavar Sandhai ),Onion,Bellary,Local,07/09/2026,5500,6500,6000
Tamil Nadu,Salem,Thammampatti (Uzhavar Sandhai ),Coconut,Coconut,Local,07/09/2026,6000,6500,6250
Tamil Nadu,Salem,Thammampatti (Uzhavar Sandhai ),Beetroot,Beetroot,Local,07/09/2026,6000,6500,6250
Tamil Nadu,Salem,Thammampatti (Uzhavar Sandhai ),Thondekai,Thondekai,Local,07/09/2026,4500,5000,4750
Tamil Nadu,Salem,Thammampatti (Uzhavar Sandhai ),Capsicum,Capsicum,Local,07/09/2026,7000,7000,7000
Tamil Nadu,Salem,Thammampatti (Uzhavar Sandhai ),Elephant Yam(Suran)/Amorphophallus,Elephant Yam (Suran),Local,07/09/2026,2000,2500,2250
Tamil Nadu,Salem,Thammampatti (Uzhavar Sandhai ),Lemon,Lemon,Local,07/09/2026,6000,8000,7000
Tamil Nadu,Salem,Thathakapatti(Uzhavar Sandhai ),Cauliflower,Ranchi,Local,07/09/2026,2000,2500,2250
Tamil Nadu,Salem,Thathakapatti(Uzhavar Sandhai ),Brinjal,Round,Local,07/09/2026,3400,3800,3600
Tamil Nadu,Salem,Thathakapatti(Uzhavar Sandhai ),Mousambi(Sweet Lime),Mousambi,Local,07/09/2026,3000,4000,3500
Tamil Nadu,Salem,Thathakapatti(Uzhavar Sandhai ),Tomato,Deshi,Local,07/09/2026,2000,2500,2250
Tamil Nadu,Salem,Thathakapatti(Uzhavar Sandhai ),Bitter gourd,Bitter Gourd,Local,07/09/2026,5000,5500,5250
Tamil Nadu,Salem,Thathakapatti(Uzhavar Sandhai ),Green Avare(W),Green Avare (W),Local,07/09/2026,5600,6500,6050
Tamil Nadu,Salem,Thathakapatti(Uzhavar Sandhai ),Carrot,Pusakesar,Local,07/09/2026,6500,7000,6750
Tamil Nadu,Salem,Thathakapatti(Uzhavar Sandhai ),Tender Coconut,Tender Coconut,Local,07/09/2026,4000,5000,4500
Tamil Nadu,Salem,Thathakapatti(Uzhavar Sandhai ),Marigold(Calcutta),Marigold(Calcutta),Local,07/09/2026,8000,10000,9000
Tamil Nadu,Salem,Thathakapatti(Uzhavar Sandhai ),Yam(Ratalu),Yam (Ratalu),Local,07/09/2026,7000,8000,7500
Tamil Nadu,Theni,Chinnamanur(Uzhavar Sandhai ),Garlic,Garlic,Local,07/09/2026,24000,24000,24000
Tamil Nadu,Theni,Chinnamanur(Uzhavar Sandhai ),Banana - Green,Banana - Green,Local,07/09/2026,2500,3000,2750
Tamil Nadu,Theni,Chinnamanur(Uzhavar Sandhai ),Onion,Bellary,Local,07/09/2026,6400,6400,6400
Tamil Nadu,Theni,Chinnamanur(Uzhavar Sandhai ),Ginger(Green),Green Ginger,Local,07/09/2026,7000,15000,11000
Tamil Nadu,Theni,Chinnamanur(Uzhavar Sandhai ),Drumstick,Drumstick,Local,07/09/2026,3000,3000,3000
Tamil Nadu,Theni,Chinnamanur(Uzhavar Sandhai ),Yam(Ratalu),Yam (Ratalu),Local,07/09/2026,6000,6000,6000
Tamil Nadu,Theni,Chinnamanur(Uzhavar Sandhai ),Onion Green,Onion Green,Local,07/09/2026,7000,8000,7500
Tamil Nadu,Theni,Chinnamanur(Uzhavar Sandhai ),Mint(Pudina),Mint(Pudina),Local,07/09/2026,5000,5000,5000
Tamil Nadu,Theni,Kambam(Uzhavar Sandhai ),Brinjal,Round,Local,07/09/2026,3000,3500,3250
Tamil Nadu,Theni,Kambam(Uzhavar Sandhai ),Papaya,Papaya,Local,07/09/2026,3000,3000,3000
Tamil Nadu,Theni,Kambam(Uzhavar Sandhai ),Bitter gourd,Bitter Gourd,Local,07/09/2026,3500,3600,3550
Tamil Nadu,Theni,Kambam(Uzhavar Sandhai ),Ashgourd,Gouard,Local,07/09/2026,2000,2000,2000
Tamil Nadu,Theni,Kambam(Uzhavar Sandhai ),Carrot,Pusakesar,Local,07/09/2026,5000,5000,5000
Tamil Nadu,Theni,Kambam(Uzhavar Sandhai ),Cabbage,Cabbage,Local,07/09/2026,2600,2600,2600
Tamil Nadu,Theni,Kambam(Uzhavar Sandhai ),Thondekai,Thondekai,Local,07/09/2026,3500,3500,3500
Tamil Nadu,Theni,Kambam(Uzhavar Sandhai ),Knool Khol,Knool Khol,Local,07/09/2026,2600,2600,2600
Tamil Nadu,Theni,Theni(Uzhavar Sandhai ),Coriander(Leaves),I Sort,Local,07/09/2026,2500,2500,2500
Tamil Nadu,Theni,Theni(Uzhavar Sandhai ),Papaya,Papaya,Local,07/09/2026,3000,3500,3250
Tamil Nadu,Theni,Theni(Uzhavar Sandhai ),Green Chilli,Green Chilly,Local,07/09/2026,3000,4200,3600
Tamil Nadu,Theni,Theni(Uzhavar Sandhai ),Banana,Red Banana,Local,07/09/2026,6000,7000,6500
Tamil Nadu,Theni,Theni(Uzhavar Sandhai ),Ginger(Green),Green Ginger,Local,07/09/2026,7000,14500,10750
Tamil Nadu,Theni,Theni(Uzhavar Sandhai ),Green Avare(W),Other,Local,07/09/2026,6000,7800,6900
Tamil Nadu,Theni,Theni(Uzhavar Sandhai ),Betal Leaves,Mysore,Local,07/09/2026,25000,25000,25000
Tamil Nadu,Theni,Theni(Uzhavar Sandhai ),Thondekai,Thondekai,Local,07/09/2026,3500,3500,3500
Tamil Nadu,Theni,Theni(Uzhavar Sandhai ),Pomegranate,Pomogranate,Local,07/09/2026,16000,22000,19000
Tamil Nadu,Theni,Theni(Uzhavar Sandhai ),Mashrooms,Mashrooms,Local,07/09/2026,25000,25000,25000
Tamil Nadu,Thirunelveli,Ambasamudram(Uzhavar Sandhai ),Tomato,Local,Local,07/09/2026,2400,2800,2600
Tamil Nadu,Thirunelveli,Ambasamudram(Uzhavar Sandhai ),Amaranthus,Amaranthus,Local,07/09/2026,1300,1500,1400
Tamil Nadu,Thirunelveli,Ambasamudram(Uzhavar Sandhai ),Banana - Green,Banana - Green,Local,07/09/2026,2500,3000,2750
Tamil Nadu,Thirunelveli,Kandiyaperi(Uzhavar Sandhai ),Bottle gourd,Bottle Gourd,Local,07/09/2026,800,1000,900
Tamil Nadu,Thirunelveli,Kandiyaperi(Uzhavar Sandhai ),Green Chilli,Green Chilly,Local,07/09/2026,3000,3600,3300
Tamil Nadu,Thirunelveli,Kandiyaperi(Uzhavar Sandhai ),Onion Green,Onion Green,Local,07/09/2026,5500,7600,6550
Tamil Nadu,Thirunelveli,Melapalayam(Uzhavar Sandhai ),Chikoos(Sapota),Sapota,Local,07/09/2026,4000,5000,4500
Tamil Nadu,Thirunelveli,Melapalayam(Uzhavar Sandhai ),Amaranthus,Amaranthus,Local,07/09/2026,1200,1500,1350
Tamil Nadu,Thirunelveli,Melapalayam(Uzhavar Sandhai ),Beans,Beans (Whole),Local,07/09/2026,8500,9000,8750
Tamil Nadu,Thirunelveli,Melapalayam(Uzhavar Sandhai ),Onion,Bellary,Local,07/09/2026,5000,6200,5600
Tamil Nadu,Thirunelveli,Melapalayam(Uzhavar Sandhai ),Raddish,Raddish,Local,07/09/2026,3000,3500,3250
Tamil Nadu,Thirunelveli,Melapalayam(Uzhavar Sandhai ),Mint(Pudina),Mint(Pudina),Local,07/09/2026,5000,5500,5250
Tamil Nadu,Thirunelveli,NGO Colony(Uzhavar Sandhai ),Onion,Bellary,Local,07/09/2026,5500,6200,5850
Tamil Nadu,Thirunelveli,NGO Colony(Uzhavar Sandhai ),Ginger(Green),Green Ginger,Local,07/09/2026,15000,17000,16000
Tamil Nadu,Thirunelveli,NGO Colony(Uzhavar Sandhai ),Coconut,Coconut,Local,07/09/2026,5500,6000,5750
Tamil Nadu,Thirunelveli,NGO Colony(Uzhavar Sandhai ),Ridgeguard(Tori),Ridgeguard(Tori),Local,07/09/2026,3500,4000,3750
Tamil Nadu,Thirunelveli,NGO Colony(Uzhavar Sandhai ),Chow Chow,Chow Chow,Local,07/09/2026,2500,3000,2750
Tamil Nadu,Thirunelveli,NGO Colony(Uzhavar Sandhai ),Mint(Pudina),Mint(Pudina),Local,07/09/2026,5000,5500,5250
Tamil Nadu,Thirunelveli,Palayamkottai(Uzhavar Sandhai ),Potato,Red Nanital,Local,07/09/2026,2400,2600,2500
Tamil Nadu,Thirunelveli,Palayamkottai(Uzhavar Sandhai ),Garlic,Garlic,Local,07/09/2026,26000,28000,27000
Tamil Nadu,Thirunelveli,Palayamkottai(Uzhavar Sandhai ),Papaya,Papaya,Local,07/09/2026,3500,4000,3750
Tamil Nadu,Thirunelveli,Palayamkottai(Uzhavar Sandhai ),Capsicum,Capsicum,Local,07/09/2026,4500,5000,4750
Tamil Nadu,Thirunelveli,Palayamkottai(Uzhavar Sandhai ),Chow Chow,Chow Chow,Local,07/09/2026,2800,3000,2900
Tamil Nadu,Thirunelveli,Palayamkottai(Uzhavar Sandhai ),Mint(Pudina),Mint(Pudina),Local,07/09/2026,5000,5500,5250
Tamil Nadu,Thirupur,Kangayam(Uzhavar Sandhai ),Papaya,Papaya,Local,07/09/2026,2200,2500,2350
Tamil Nadu,Thirupur,Kangayam(Uzhavar Sandhai ),Tomato,Deshi,Local,07/09/2026,1700,2000,1850
Tamil Nadu,Thirupur,Kangayam(Uzhavar Sandhai ),Ashgourd,Gouard,Local,07/09/2026,1900,2200,2050
Tamil Nadu,Thirupur,Kangayam(Uzhavar Sandhai ),Amaranthus,Amaranthus,Local,07/09/2026,2400,2700,2550
Tamil Nadu,Thirupur,Kangayam(Uzhavar Sandhai ),Green Chilli,Green Chilly,Local,07/09/2026,4700,5000,4850
Tamil Nadu,Thirupur,Kangayam(Uzhavar Sandhai ),Green Avare(W),Green Avare (W),Local,07/09/2026,6700,7000,6850
Tamil Nadu,Thirupur,Kangayam(Uzhavar Sandhai ),Lemon,Lemon,Local,07/09/2026,17000,17500,17250
Tamil Nadu,Thirupur,Kangayam(Uzhavar Sandhai ),Amla(Nelli Kai),Amla,Local,07/09/2026,7500,8000,7750
Tamil Nadu,Thirupur,Kangayam(Uzhavar Sandhai ),Onion Green,Onion Green,Local,07/09/2026,6500,6800,6650
Tamil Nadu,Thirupur,Tiruppur (North) (Uzhavar Sandhai ),Potato,Other,Local,07/09/2026,5000,6000,5500
Tamil Nadu,Thirupur,Tiruppur (North) (Uzhavar Sandhai ),Cauliflower,Ranchi,Local,07/09/2026,3500,4000,3750
Tamil Nadu,Thirupur,Tiruppur (North) (Uzhavar Sandhai ),Bitter gourd,Other,Local,07/09/2026,5000,6000,5500
Tamil Nadu,Thirupur,Tiruppur (North) (Uzhavar Sandhai ),Banana,Red Banana,Local,07/09/2026,6000,6500,6250
Tamil Nadu,Thirupur,Tiruppur (North) (Uzhavar Sandhai ),Ginger(Green),Green Ginger,Local,07/09/2026,13000,15000,14000
Tamil Nadu,Thirupur,Tiruppur (North) (Uzhavar Sandhai ),Cabbage,Cabbage,Local,07/09/2026,2500,3000,2750
Tamil Nadu,Thirupur,Tiruppur (North) (Uzhavar Sandhai ),Onion Green,Onion Green,Local,07/09/2026,7000,8000,7500
Tamil Nadu,Thiruvannamalai,Chengam(Uzhavar Sandhai ),Potato,Red Nanital,Local,07/09/2026,2500,3000,2750
Tamil Nadu,Thiruvannamalai,Chengam(Uzhavar Sandhai ),Garlic,Garlic,Local,07/09/2026,20000,25000,22500
Tamil Nadu,Thiruvannamalai,Chengam(Uzhavar Sandhai ),Banana - Green,Banana - Green,Local,07/09/2026,1000,1500,1250
Tamil Nadu,Thiruvannamalai,Chengam(Uzhavar Sandhai ),Beans,Beans (Whole),Local,07/09/2026,6000,8000,7000
Tamil Nadu,Thiruvannamalai,Chengam(Uzhavar Sandhai ),Coconut,Coconut,Local,07/09/2026,4000,5000,4500
Tamil Nadu,Thiruvannamalai,Chengam(Uzhavar Sandhai ),Capsicum,Capsicum,Local,07/09/2026,6000,8000,7000
Tamil Nadu,Thiruvannamalai,Chengam(Uzhavar Sandhai ),Tamarind Fruit,Tamarind Fruit,Local,07/09/2026,9000,10000,9500
Tamil Nadu,Thiruvannamalai,Chengam(Uzhavar Sandhai ),Yam(Ratalu),Yam (Ratalu),Local,07/09/2026,3600,4000,3800
Tamil Nadu,Thiruvannamalai,Keelpennathur(Uzhavar Sandhai ),Banana - Green,Banana - Green,Local,07/09/2026,3500,4000,3750
Tamil Nadu,Thiruvannamalai,Keelpennathur(Uzhavar Sandhai ),Banana,Poovan,Local,07/09/2026,4500,5000,4750
Tamil Nadu,Thiruvannamalai,Tamarainagar(Uzhavar Sandhai ),Coriander(Leaves),I Sort,Local,07/09/2026,4000,5000,4500
Tamil Nadu,Thiruvannamalai,Tamarainagar(Uzhavar Sandhai ),Water Melon,Water Melon,Local,07/09/2026,2000,2500,2250
Tamil Nadu,Thiruvannamalai,Tamarainagar(Uzhavar Sandhai ),Cluster beans,Cluster Beans,Local,07/09/2026,3500,4000,3750
Tamil Nadu,Thiruvannamalai,Tamarainagar(Uzhavar Sandhai ),Green Avare(W),Green Avare (W),Local,07/09/2026,5000,6000,5500
Tamil Nadu,Thiruvannamalai,Tamarainagar(Uzhavar Sandhai ),Banana - Green,Banana - Green,Local,07/09/2026,5000,6000,5500
Tamil Nadu,Thiruvannamalai,Tamarainagar(Uzhavar Sandhai ),Beans,Beans (Whole),Local,07/09/2026,7000,8000,7500
Tamil Nadu,Thiruvannamalai,Tamarainagar(Uzhavar Sandhai ),Coconut,Coconut,Local,07/09/2026,6800,7800,7300
Tamil Nadu,Thiruvannamalai,Tamarainagar(Uzhavar Sandhai ),Ridgeguard(Tori),Ridgeguard(Tori),Local,07/09/2026,5000,6000,5500
Tamil Nadu,Thiruvannamalai,Tamarainagar(Uzhavar Sandhai ),Lemon,Lemon,Local,07/09/2026,25000,30000,27500
Tamil Nadu,Thiruvannamalai,Tamarainagar(Uzhavar Sandhai ),Sweet Corn ,Sweet Corn ,Local,07/09/2026,3500,4000,3750
Tamil Nadu,Thiruvannamalai,Vandavasi(Uzhavar Sandhai ),Papaya,Papaya,Local,07/09/2026,3000,4000,3500
Tamil Nadu,Thiruvannamalai,Vandavasi(Uzhavar Sandhai ),Ridgeguard(Tori),Ridgeguard(Tori),Local,07/09/2026,3600,4200,3900
Tamil Nadu,Thiruvannamalai,Vandavasi(Uzhavar Sandhai ),Drumstick,Drumstick,Local,07/09/2026,3600,4200,3900
Tamil Nadu,Thiruvannamalai,Vandavasi(Uzhavar Sandhai ),Yam(Ratalu),Yam (Ratalu),Local,07/09/2026,5000,6000,5500
Tamil Nadu,Thiruvannamalai,Vandavasi(Uzhavar Sandhai ),Mint(Pudina),Mint(Pudina),Local,07/09/2026,3800,4500,4150
Tamil Nadu,Thiruvarur,Muthupettai(Uzhavar Sandhai ),Cluster beans,Cluster Beans,Local,07/09/2026,3400,3400,3400
Tamil Nadu,Thiruvarur,Muthupettai(Uzhavar Sandhai ),Bottle gourd,Bottle Gourd,Local,07/09/2026,2800,2800,2800
Tamil Nadu,Thiruvarur,Muthupettai(Uzhavar Sandhai ),Amaranthus,Amaranthus,Local,07/09/2026,2000,2000,2000
Tamil Nadu,Thiruvarur,Muthupettai(Uzhavar Sandhai ),Banana - Green,Banana - Green,Local,07/09/2026,4000,4000,4000
Tamil Nadu,Thiruvarur,Muthupettai(Uzhavar Sandhai ),Lime,Lime,Local,07/09/2026,3000,3000,3000
Tamil Nadu,Coimbatore,Sulur(Uzhavar Sandhai ),Potato,Red Nanital,Local,07/09/2026,4000,5000,4500
Tamil Nadu,Coimbatore,Sulur(Uzhavar Sandhai ),Bottle gourd,Bottle Gourd,Local,07/09/2026,2800,3200,3000
Tamil Nadu,Coimbatore,Sulur(Uzhavar Sandhai ),Pumpkin,Pumpkin,Local,07/09/2026,1600,2000,1800
Tamil Nadu,Coimbatore,Sulur(Uzhavar Sandhai ),Bhindi(Ladies Finger),Bhindi,Local,07/09/2026,4000,4500,4250
Tamil Nadu,Coimbatore,Sulur(Uzhavar Sandhai ),Amaranthus,Amaranthus,Local,07/09/2026,4000,5000,4500
Tamil Nadu,Coimbatore,Sulur(Uzhavar Sandhai ),Banana,Besrai,Local,07/09/2026,5500,8600,7050
Tamil Nadu,Coimbatore,Sulur(Uzhavar Sandhai ),Cucumbar(Kheera),Cucumbar,Local,07/09/2026,4000,4500,4250
Tamil Nadu,Coimbatore,Sulur(Uzhavar Sandhai ),Drumstick,Drumstick,Local,07/09/2026,2800,3200,3000
Tamil Nadu,Coimbatore,Sulur(Uzhavar Sandhai ),Mango(Raw-Ripe),Mango - Raw-Ripe,Local,07/09/2026,6000,6500,6250
Tamil Nadu,Coimbatore,Sulur(Uzhavar Sandhai ),Onion Green,Onion Green,Local,07/09/2026,7800,8300,8050
Tamil Nadu,Pudukkottai,Gandarvakottai(Uzhavar Sandhai ),Papaya,Papaya,Local,07/09/2026,2500,3000,2750
Tamil Nadu,Pudukkottai,Gandarvakottai(Uzhavar Sandhai ),Green Chilli,Green Chilly,Local,07/09/2026,6000,6500,6250
Tamil Nadu,Pudukkottai,Gandarvakottai(Uzhavar Sandhai ),Ridgeguard(Tori),Ridgeguard(Tori),Local,07/09/2026,5000,6000,5500
Tamil Nadu,Pudukkottai,Gandarvakottai(Uzhavar Sandhai ),Drumstick,Drumstick,Local,07/09/2026,4000,5000,4500
Tamil Nadu,Cuddalore,Panruti(Uzhavar Sandhai ),Brinjal,Round,Local,07/09/2026,4000,5000,4500
Tamil Nadu,Cuddalore,Panruti(Uzhavar Sandhai ),Papaya,Papaya,Local,07/09/2026,4000,4000,4000
Tamil Nadu,Cuddalore,Panruti(Uzhavar Sandhai ),Tomato,Deshi,Local,07/09/2026,2500,2500,2500
Tamil Nadu,Cuddalore,Panruti(Uzhavar Sandhai ),Bottle gourd,Bottle Gourd,Local,07/09/2026,2500,2500,2500
Tamil Nadu,Cuddalore,Panruti(Uzhavar Sandhai ),Amaranthus,Amaranthus,Local,07/09/2026,2000,2000,2000
Tamil Nadu,Cuddalore,Panruti(Uzhavar Sandhai ),Onion,Bellary,Local,07/09/2026,5000,5000,5000
Tamil Nadu,Cuddalore,Panruti(Uzhavar Sandhai ),Onion Green,Onion Green,Local,07/09/2026,7000,7000,7000
Tamil Nadu,Cuddalore,Vadalur(Uzhavar Sandhai ),Potato,Other,Local,07/09/2026,3500,4000,3750
Tamil Nadu,Cuddalore,Vadalur(Uzhavar Sandhai ),Brinjal,Other,Local,07/09/2026,4000,4000,4000
Tamil Nadu,Cuddalore,Vadalur(Uzhavar Sandhai ),Coriander(Leaves),I Sort,Local,07/09/2026,4000,4000,4000
Tamil Nadu,Cuddalore,Vadalur(Uzhavar Sandhai ),Ashgourd,Gouard,Local,07/09/2026,2000,2000,2000
Tamil Nadu,Cuddalore,Vadalur(Uzhavar Sandhai ),Amaranthus,Amaranthus,Local,07/09/2026,3000,3500,3250
Tamil Nadu,Cuddalore,Vadalur(Uzhavar Sandhai ),Banana - Green,Banana - Green,Local,07/09/2026,3000,3000,3000
Tamil Nadu,Cuddalore,Vadalur(Uzhavar Sandhai ),Cucumbar(Kheera),Cucumbar,Local,07/09/2026,4000,4000,4000
Tamil Nadu,Cuddalore,Vadalur(Uzhavar Sandhai ),Onion Green,Onion Green,Local,07/09/2026,8000,8000,8000
Tamil Nadu,Dharmapuri,AJattihalli(Uzhavar Sandhai ),Amaranthus,Amaranthus,Local,07/09/2026,2500,3000,2750
Tamil Nadu,Dharmapuri,AJattihalli(Uzhavar Sandhai ),Beans,Beans (Whole),Local,07/09/2026,8400,8400,8400
Tamil Nadu,Dharmapuri,AJattihalli(Uzhavar Sandhai ),Onion,Bellary,Local,07/09/2026,5500,6200,5850
Tamil Nadu,Dharmapuri,AJattihalli(Uzhavar Sandhai ),Coconut,Coconut,Local,07/09/2026,6000,7000,6500
Tamil Nadu,Dharmapuri,AJattihalli(Uzhavar Sandhai ),Cucumbar(Kheera),Cucumbar,Local,07/09/2026,4000,4500,4250
Tamil Nadu,Dharmapuri,AJattihalli(Uzhavar Sandhai ),Raddish,Raddish,Local,07/09/2026,1400,1400,1400
Tamil Nadu,Thanjavur,Peravurani(Uzhavar Sandhai),Pumpkin,Pumpkin,Local,07/09/2026,2500,2500,2500
Tamil Nadu,Thanjavur,Peravurani(Uzhavar Sandhai),Drumstick,Drumstick,Local,07/09/2026,4400,4400,4400
Tamil Nadu,Karur,Pallapatti (Uzhavar Sandhai ),Tomato,Other,Local,07/09/2026,2500,2800,2650
Tamil Nadu,Karur,Pallapatti (Uzhavar Sandhai ),Cluster beans,Cluster Beans,Local,07/09/2026,3500,4000,3750
Tamil Nadu,Karur,Pallapatti (Uzhavar Sandhai ),Bhindi(Ladies Finger),Bhindi,Local,07/09/2026,4500,5000,4750
Tamil Nadu,Karur,Pallapatti (Uzhavar Sandhai ),Tapioca,Tapioca,Local,07/09/2026,2500,3000,2750
Tamil Nadu,Karur,Pallapatti (Uzhavar Sandhai ),Coconut,Coconut,Local,07/09/2026,5500,6000,5750
Tamil Nadu,Karur,Pallapatti (Uzhavar Sandhai ),Green Avare(W),Other,Local,07/09/2026,7500,8000,7750
Tamil Nadu,Karur,Pallapatti (Uzhavar Sandhai ),Snakeguard,Snakeguard,Local,07/09/2026,3500,4000,3750
Tamil Nadu,Karur,Pallapatti (Uzhavar Sandhai ),Ridgeguard(Tori),Ridgeguard(Tori),Local,07/09/2026,5500,6000,5750
Tamil Nadu,Karur,Pallapatti (Uzhavar Sandhai ),Raddish,Raddish,Local,07/09/2026,3500,4000,3750
Tamil Nadu,Karur,Pallapatti (Uzhavar Sandhai ),Lime,Lime,Local,07/09/2026,3500,4000,3750
Tamil Nadu,Karur,Velayuthampalayam(Uzhavar Sandhai ),Brinjal,Other,Local,07/09/2026,3500,4000,3750
Tamil Nadu,Karur,Velayuthampalayam(Uzhavar Sandhai ),Bitter gourd,Bitter Gourd,Local,07/09/2026,5200,6000,5600
Tamil Nadu,Karur,Velayuthampalayam(Uzhavar Sandhai ),Ashgourd,Gouard,Local,07/09/2026,2000,2500,2250
Tamil Nadu,Karur,Velayuthampalayam(Uzhavar Sandhai ),Amaranthus,Amaranthus,Local,07/09/2026,2000,2500,2250
Tamil Nadu,Karur,Velayuthampalayam(Uzhavar Sandhai ),Banana - Green,Banana - Green,Local,07/09/2026,2500,3000,2750
Tamil Nadu,Karur,Velayuthampalayam(Uzhavar Sandhai ),Coconut,Coconut,Local,07/09/2026,5200,6000,5600
Tamil Nadu,Karur,Vengamedu(Uzhavar Sandhai ),Brinjal,Other,Local,07/09/2026,4000,5000,4500
Tamil Nadu,Karur,Vengamedu(Uzhavar Sandhai ),Bitter gourd,Other,Local,07/09/2026,5500,6000,5750
Tamil Nadu,Karur,Vengamedu(Uzhavar Sandhai ),Mint(Pudina),Mint(Pudina),Local,07/09/2026,5500,6000,5750
Tamil Nadu,Theni,Devaram(Uzhavar Sandhai ),Cauliflower,Ranchi,Local,07/09/2026,3000,3000,3000
Tamil Nadu,Theni,Devaram(Uzhavar Sandhai ),Brinjal,Round,Local,07/09/2026,3500,3500,3500
Tamil Nadu,Theni,Devaram(Uzhavar Sandhai ),Coriander(Leaves),I Sort,Local,07/09/2026,2500,2500,2500
Tamil Nadu,Theni,Devaram(Uzhavar Sandhai ),Green Avare(W),Green Avare (W),Local,07/09/2026,6000,6000,6000
Tamil Nadu,Theni,Devaram(Uzhavar Sandhai ),Bitter gourd,Bitter Gourd,Local,07/09/2026,3600,3600,3600
Tamil Nadu,Theni,Devaram(Uzhavar Sandhai ),Amaranthus,Amaranthus,Local,07/09/2026,2500,2500,2500
Tamil Nadu,Theni,Devaram(Uzhavar Sandhai ),Chow Chow,Chow Chow,Local,07/09/2026,2400,2400,2400
Tamil Nadu,Theni,Devaram(Uzhavar Sandhai ),Indian Beans(Seam),Indian Beans (Seam),Local,07/09/2026,5000,5000,5000
Tamil Nadu,Salem,Attayampatti(Uzhavar Sandhai ),Pumpkin,Pumpkin,Local,07/09/2026,2000,2000,2000
Tamil Nadu,Salem,Attayampatti(Uzhavar Sandhai ),Sweet Potato,Hosur Red,Local,07/09/2026,5000,5000,5000
Tamil Nadu,Salem,Attayampatti(Uzhavar Sandhai ),Snakeguard,Snakeguard,Local,07/09/2026,3400,3800,3600
Tamil Nadu,Salem,Attayampatti(Uzhavar Sandhai ),Elephant Yam(Suran)/Amorphophallus,Elephant Yam (Suran),Local,07/09/2026,5000,5000,5000
Tamil Nadu,Sivaganga,Sivagangai (Uzhavar Sandhai ),Cauliflower,Ranchi,Local,07/09/2026,3200,3600,3400
Tamil Nadu,Sivaganga,Sivagangai (Uzhavar Sandhai ),Coriander(Leaves),I Sort,Local,07/09/2026,4200,5600,4900
Tamil Nadu,Sivaganga,Sivagangai (Uzhavar Sandhai ),Pumpkin,Pumpkin,Local,07/09/2026,1800,2200,2000
Tamil Nadu,Sivaganga,Sivagangai (Uzhavar Sandhai ),Bhindi(Ladies Finger),Bhindi,Local,07/09/2026,3000,3200,3100
Tamil Nadu,Sivaganga,Sivagangai (Uzhavar Sandhai ),Green Chilli,Green Chilly,Local,07/09/2026,3200,3600,3400
Tamil Nadu,Sivaganga,Sivagangai (Uzhavar Sandhai ),Banana,Poovan,Local,07/09/2026,4000,4000,4000
Tamil Nadu,Sivaganga,Sivagangai (Uzhavar Sandhai ),Carrot,Pusakesar,Local,07/09/2026,3400,5200,4300
Tamil Nadu,Sivaganga,Sivagangai (Uzhavar Sandhai ),Guava,Guava Allahabad,Local,07/09/2026,6200,7200,6700
Tamil Nadu,Sivaganga,Sivagangai (Uzhavar Sandhai ),Colacasia,Colacasia,Local,07/09/2026,5200,6200,5700
Tamil Nadu,Sivaganga,Sivagangai (Uzhavar Sandhai ),Mint(Pudina),Mint(Pudina),Local,07/09/2026,4600,5200,4900
Tamil Nadu,Sivaganga,Devakottai (Uzhavar Sandhai ),Papaya,Papaya,Local,07/09/2026,4800,5400,5100
Tamil Nadu,Sivaganga,Devakottai (Uzhavar Sandhai ),Tomato,Deshi,Local,07/09/2026,2200,3000,2600
Tamil Nadu,Sivaganga,Devakottai (Uzhavar Sandhai ),Banana,Poovan,Local,07/09/2026,3500,4000,3750
Tamil Nadu,Sivaganga,Devakottai (Uzhavar Sandhai ),Ginger(Green),Green Ginger,Local,07/09/2026,12000,19200,15600
Tamil Nadu,Sivaganga,Devakottai (Uzhavar Sandhai ),Onion,Bellary,Local,07/09/2026,6200,6800,6500
Tamil Nadu,Sivaganga,Devakottai (Uzhavar Sandhai ),Snakeguard,Snakeguard,Local,07/09/2026,3200,3800,3500
Tamil Nadu,Sivaganga,Devakottai (Uzhavar Sandhai ),Ridgeguard(Tori),Ridgeguard(Tori),Local,07/09/2026,4400,5200,4800
Tamil Nadu,Sivaganga,Devakottai (Uzhavar Sandhai ),Chow Chow,Chow Chow,Local,07/09/2026,2200,3000,2600
Tamil Nadu,Sivaganga,Devakottai (Uzhavar Sandhai ),Mango(Raw-Ripe),Mango - Raw-Ripe,Local,07/09/2026,9200,10200,9700
Tamil Nadu,Salem,Edapadi (Uzhavar Sandhai ),Potato,Other,Local,07/09/2026,2800,3000,2900
Tamil Nadu,Salem,Edapadi (Uzhavar Sandhai ),Cluster beans,Cluster Beans,Local,07/09/2026,3000,3500,3250
Tamil Nadu,Salem,Edapadi (Uzhavar Sandhai ),Banana,Red Banana,Local,07/09/2026,7500,8000,7750
Tamil Nadu,Salem,Edapadi (Uzhavar Sandhai ),Onion,Bellary,Local,07/09/2026,6000,6500,6250
Tamil Nadu,Salem,Edapadi (Uzhavar Sandhai ),Ginger(Green),Green Ginger,Local,07/09/2026,16000,17000,16500
Tamil Nadu,Salem,Edapadi (Uzhavar Sandhai ),Cabbage,Cabbage,Local,07/09/2026,3000,3500,3250
Tamil Nadu,Salem,Edapadi (Uzhavar Sandhai ),Capsicum,Capsicum,Local,07/09/2026,5500,6000,5750
Tamil Nadu,Salem,Edapadi (Uzhavar Sandhai ),Elephant Yam(Suran)/Amorphophallus,Elephant Yam (Suran),Local,07/09/2026,3500,4000,3750
Tamil Nadu,Salem,Edapadi (Uzhavar Sandhai ),Lemon,Lemon,Local,07/09/2026,15000,16000,15500
Tamil Nadu,Salem,Elampillai(Uzhavar Sandhai ),Garlic,Garlic,Local,07/09/2026,23000,24000,23500
Tamil Nadu,Salem,Elampillai(Uzhavar Sandhai ),Brinjal,Other,Local,07/09/2026,2500,3000,2750
Tamil Nadu,Salem,Elampillai(Uzhavar Sandhai ),Coriander(Leaves),I Sort,Local,07/09/2026,3000,3600,3300
Tamil Nadu,Salem,Elampillai(Uzhavar Sandhai ),Mousambi(Sweet Lime),Mousambi,Local,07/09/2026,5000,6000,5500
Tamil Nadu,Salem,Elampillai(Uzhavar Sandhai ),Amaranthus,Amaranthus,Local,07/09/2026,2000,2500,2250
Tamil Nadu,Salem,Elampillai(Uzhavar Sandhai ),Beans,Beans (Whole),Local,07/09/2026,7000,8000,7500
Tamil Nadu,Salem,Elampillai(Uzhavar Sandhai ),Banana,Red Banana,Local,07/09/2026,7000,7500,7250
Tamil Nadu,Salem,Elampillai(Uzhavar Sandhai ),Snakeguard,Snakeguard,Local,07/09/2026,3600,3800,3700
Tamil Nadu,Salem,Elampillai(Uzhavar Sandhai ),Capsicum,Capsicum,Local,07/09/2026,5000,6000,5500
Tamil Nadu,Salem,Elampillai(Uzhavar Sandhai ),Lemon,Lemon,Local,07/09/2026,4000,5000,4500
Tamil Nadu,Salem,Hasthampatti(Uzhavar Sandhai ),Tomato,Local,Local,07/09/2026,2200,2800,2500
Tamil Nadu,Salem,Hasthampatti(Uzhavar Sandhai ),Amaranthus,Amaranthus,Local,07/09/2026,2000,2400,2200
Tamil Nadu,Salem,Hasthampatti(Uzhavar Sandhai ),Banana - Green,Banana - Green,Local,07/09/2026,2000,2400,2200
Tamil Nadu,Salem,Hasthampatti(Uzhavar Sandhai ),Tapioca,Tapioca,Local,07/09/2026,3000,3500,3250
Tamil Nadu,Salem,Hasthampatti(Uzhavar Sandhai ),Apple,American,Local,07/09/2026,17000,18000,17500
Tamil Nadu,Salem,Hasthampatti(Uzhavar Sandhai ),Orange,Darjeeling,Local,07/09/2026,5000,6000,5500
Tamil Nadu,Salem,Hasthampatti(Uzhavar Sandhai ),Beetroot,Beetroot,Local,07/09/2026,5000,7000,6000
Tamil Nadu,Salem,Hasthampatti(Uzhavar Sandhai ),Ridgeguard(Tori),Ridgeguard(Tori),Local,07/09/2026,3500,4000,3750
Tamil Nadu,Salem,Hasthampatti(Uzhavar Sandhai ),Thondekai,Thondekai,Local,07/09/2026,3500,4000,3750
Tamil Nadu,Salem,Hasthampatti(Uzhavar Sandhai ),Chow Chow,Chow Chow,Local,07/09/2026,4000,4500,4250
Tamil Nadu,Salem,Hasthampatti(Uzhavar Sandhai ),Mint(Pudina),Mint(Pudina),Local,07/09/2026,2500,3000,2750
Tamil Nadu,Salem,Jalagandapuram(Uzhavar Sandhai ),Bottle gourd,Bottle Gourd,Local,07/09/2026,1600,2000,1800
Tamil Nadu,Salem,Jalagandapuram(Uzhavar Sandhai ),Bhindi(Ladies Finger),Bhindi,Local,07/09/2026,2000,2500,2250
Tamil Nadu,Salem,Jalagandapuram(Uzhavar Sandhai ),Banana,Red Banana,Local,07/09/2026,6500,7000,6750
Tamil Nadu,Salem,Jalagandapuram(Uzhavar Sandhai ),Sweet Potato,Hosur Red,Local,07/09/2026,4000,4500,4250
Tamil Nadu,Salem,Jalagandapuram(Uzhavar Sandhai ),Carrot,Pusakesar,Local,07/09/2026,6400,6800,6600
Tamil Nadu,Salem,Jalagandapuram(Uzhavar Sandhai ),Cabbage,Cabbage,Local,07/09/2026,2500,3000,2750
Tamil Nadu,Salem,Jalagandapuram(Uzhavar Sandhai ),Guava,Guava Allahabad,Local,07/09/2026,5500,6000,5750
Tamil Nadu,Salem,Jalagandapuram(Uzhavar Sandhai ),Tender Coconut,Tender Coconut,Local,07/09/2026,3000,3500,3250
Tamil Nadu,Salem,Jalagandapuram(Uzhavar Sandhai ),Onion Green,Onion Green,Local,07/09/2026,6000,6800,6400
Tamil Nadu,Sivaganga,Singampunari(Uzhavar Sandhai ),Brinjal,Other,Local,07/09/2026,3800,4200,4000
Tamil Nadu,Sivaganga,Singampunari(Uzhavar Sandhai ),Green Avare(W),Other,Local,07/09/2026,5400,6200,5800
Tamil Nadu,Sivaganga,Singampunari(Uzhavar Sandhai ),Cluster beans,Cluster Beans,Local,07/09/2026,3200,3400,3300
Tamil Nadu,Sivaganga,Singampunari(Uzhavar Sandhai ),Pumpkin,Pumpkin,Local,07/09/2026,1800,2200,2000
Tamil Nadu,Sivaganga,Singampunari(Uzhavar Sandhai ),Green Chilli,Green Chilly,Local,07/09/2026,3200,3600,3400
Tamil Nadu,Sivaganga,Singampunari(Uzhavar Sandhai ),Cabbage,Cabbage,Local,07/09/2026,2800,3200,3000
Tamil Nadu,Sivaganga,Singampunari(Uzhavar Sandhai ),Snakeguard,Snakeguard,Local,07/09/2026,3200,3800,3500
Tamil Nadu,Sivaganga,Singampunari(Uzhavar Sandhai ),Chow Chow,Chow Chow,Local,07/09/2026,2200,2600,2400
Tamil Nadu,Sivaganga,Singampunari(Uzhavar Sandhai ),Drumstick,Drumstick,Local,07/09/2026,3400,5200,4300
Tamil Nadu,Sivaganga,Singampunari(Uzhavar Sandhai ),Guava,Guava Allahabad,Local,07/09/2026,6000,7000,6500
Tamil Nadu,Sivaganga,Singampunari(Uzhavar Sandhai ),Yam(Ratalu),Yam (Ratalu),Local,07/09/2026,6600,7200,6900
Tamil Nadu,Sivaganga,Karaikudi(Uzhavar Sandhai ),Papaya,Papaya,Local,07/09/2026,4800,5400,5100
Tamil Nadu,Sivaganga,Karaikudi(Uzhavar Sandhai ),Cluster beans,Cluster Beans,Local,07/09/2026,3200,3600,3400
Tamil Nadu,Sivaganga,Karaikudi(Uzhavar Sandhai ),Banana - Green,Banana - Green,Local,07/09/2026,3600,4000,3800
Tamil Nadu,Sivaganga,Karaikudi(Uzhavar Sandhai ),Coconut,Coconut,Local,07/09/2026,7200,7400,7300
Tamil Nadu,Sivaganga,Karaikudi(Uzhavar Sandhai ),Mango(Raw-Ripe),Mango - Raw-Ripe,Local,07/09/2026,9500,10500,10000
Tamil Nadu,Sivaganga,Tirupatthur(Uzhavar Sandhai ),Cauliflower,Ranchi,Local,07/09/2026,3500,4000,3750
Tamil Nadu,Sivaganga,Tirupatthur(Uzhavar Sandhai ),Brinjal,Other,Local,07/09/2026,4000,4500,4250
Tamil Nadu,Sivaganga,Tirupatthur(Uzhavar Sandhai ),Green Avare(W),Other,Local,07/09/2026,6400,7500,6950
Tamil Nadu,Sivaganga,Tirupatthur(Uzhavar Sandhai ),Bhindi(Ladies Finger),Bhindi,Local,07/09/2026,3200,3500,3350
Tamil Nadu,Sivaganga,Tirupatthur(Uzhavar Sandhai ),Mint(Pudina),Mint(Pudina),Local,07/09/2026,5000,5500,5250
Tamil Nadu,Thanjavur,Pattukottai(Uzhavar Sandhai ),Coriander(Leaves),I Sort,Local,07/09/2026,3400,3400,3400
Tamil Nadu,Thanjavur,Pattukottai(Uzhavar Sandhai ),Tomato,Deshi,Local,07/09/2026,3000,3000,3000
Tamil Nadu,Thanjavur,Pattukottai(Uzhavar Sandhai ),Bottle gourd,Bottle Gourd,Local,07/09/2026,2600,2600,2600
Tamil Nadu,Thanjavur,Pattukottai(Uzhavar Sandhai ),Pumpkin,Pumpkin,Local,07/09/2026,2600,2600,2600
Tamil Nadu,Thanjavur,Pattukottai(Uzhavar Sandhai ),Amaranthus,Amaranthus,Local,07/09/2026,2000,2000,2000
Tamil Nadu,Thanjavur,Pattukottai(Uzhavar Sandhai ),Banana - Green,Banana - Green,Local,07/09/2026,3000,3000,3000
Tamil Nadu,Thanjavur,Pattukottai(Uzhavar Sandhai ),Beans,Beans (Whole),Local,07/09/2026,9400,9400,9400
Tamil Nadu,Thanjavur,Pattukottai(Uzhavar Sandhai ),Coconut,Coconut,Local,07/09/2026,5000,5000,5000
Tamil Nadu,Thanjavur,Pattukottai(Uzhavar Sandhai ),Ridgeguard(Tori),Ridgeguard(Tori),Local,07/09/2026,5600,5600,5600
Tamil Nadu,Thanjavur,Pattukottai(Uzhavar Sandhai ),Raddish,Raddish,Local,07/09/2026,4400,4400,4400
Tamil Nadu,Thanjavur,Pattukottai(Uzhavar Sandhai ),Drumstick,Drumstick,Local,07/09/2026,4400,4400,4400
Tamil Nadu,Thanjavur,Pattukottai(Uzhavar Sandhai ),Onion Green,Onion Green,Local,07/09/2026,7800,7800,7800
Tamil Nadu,Thanjavur,Thanjavur(Uzhavar Sandhai ),Coriander(Leaves),I Sort,Local,07/09/2026,3500,3500,3500
Tamil Nadu,Thanjavur,Thanjavur(Uzhavar Sandhai ),Ashgourd,Gouard,Local,07/09/2026,2400,2400,2400
Tamil Nadu,Thanjavur,Thanjavur(Uzhavar Sandhai ),Amaranthus,Amaranthus,Local,07/09/2026,2000,2000,2000
Tamil Nadu,Thanjavur,Thanjavur(Uzhavar Sandhai ),Banana - Green,Banana - Green,Local,07/09/2026,4000,4000,4000
Tamil Nadu,Thanjavur,Thanjavur(Uzhavar Sandhai ),Orange,Darjeeling,Local,07/09/2026,16000,16000,16000
Tamil Nadu,Thanjavur,Thanjavur(Uzhavar Sandhai ),Grapes,Annabesahai,Local,07/09/2026,12000,12000,12000
Tamil Nadu,Thanjavur,Thanjavur(Uzhavar Sandhai ),Carrot,Pusakesar,Local,07/09/2026,6600,6600,6600
Tamil Nadu,Thanjavur,Thanjavur(Uzhavar Sandhai ),Raddish,Raddish,Local,07/09/2026,2600,2600,2600
Tamil Nadu,Thanjavur,Thanjavur(Uzhavar Sandhai ),Elephant Yam(Suran)/Amorphophallus,Elephant Yam (Suran),Local,07/09/2026,5000,5000,5000
Tamil Nadu,Thanjavur,Thanjavur(Uzhavar Sandhai ),Yam(Ratalu),Yam (Ratalu),Local,07/09/2026,10000,10000,10000
Tamil Nadu,Thanjavur,Thanjavur(Uzhavar Sandhai ),Mashrooms,Mashrooms,Local,07/09/2026,25000,25000,25000
Tamil Nadu,Thiruchirappalli,KKNagar(Uzhavar Sandhai ),Chili Red,Bold,Local,07/09/2026,24000,24000,24000
Tamil Nadu,Thiruchirappalli,KKNagar(Uzhavar Sandhai ),Cluster beans,Cluster Beans,Local,07/09/2026,3600,3600,3600
Tamil Nadu,Thiruchirappalli,KKNagar(Uzhavar Sandhai ),Cowpea(Veg),Cowpea (Veg),Local,07/09/2026,4000,4000,4000
Tamil Nadu,Thiruchirappalli,KKNagar(Uzhavar Sandhai ),Orange,Darjeeling,Local,07/09/2026,8000,8000,8000
Tamil Nadu,Thiruchirappalli,KKNagar(Uzhavar Sandhai ),Snakeguard,Snakeguard,Local,07/09/2026,3600,3600,3600
Tamil Nadu,Thiruchirappalli,KKNagar(Uzhavar Sandhai ),Mango(Raw-Ripe),Mango - Raw-Ripe,Local,07/09/2026,10000,10000,10000
Tamil Nadu,Thiruchirappalli,KKNagar(Uzhavar Sandhai ),Yam(Ratalu),Yam (Ratalu),Local,07/09/2026,8000,8000,8000
Tamil Nadu,Thiruchirappalli,KKNagar(Uzhavar Sandhai ),Mint(Pudina),Mint(Pudina),Local,07/09/2026,5600,5600,5600
Tamil Nadu,Thiruchirappalli,Lalgudi(Uzhavar Sandhai ),Brinjal,Other,Local,07/09/2026,5000,5000,5000
Tamil Nadu,Thiruchirappalli,Lalgudi(Uzhavar Sandhai ),Cowpea(Veg),Cowpea (Veg),Local,07/09/2026,4600,4600,4600
Tamil Nadu,Thiruchirappalli,Lalgudi(Uzhavar Sandhai ),Ridgeguard(Tori),Ridgeguard(Tori),Local,07/09/2026,5600,5600,5600
Tamil Nadu,Thiruchirappalli,Lalgudi(Uzhavar Sandhai ),Thondekai,Thondekai,Local,07/09/2026,4600,4600,4600
Tamil Nadu,Thiruchirappalli,Lalgudi(Uzhavar Sandhai ),Mango(Raw-Ripe),Mango - Raw-Ripe,Local,07/09/2026,10000,10000,10000
Tamil Nadu,Thiruchirappalli,Lalgudi(Uzhavar Sandhai ),Knool Khol,Knool Khol,Local,07/09/2026,4000,4000,4000
Tamil Nadu,Thiruchirappalli,Lalgudi(Uzhavar Sandhai ),Elephant Yam(Suran)/Amorphophallus,Elephant Yam (Suran),Local,07/09/2026,3600,3600,3600
Tamil Nadu,Thiruchirappalli,Lalgudi(Uzhavar Sandhai ),Indian Beans(Seam),Indian Beans (Seam),Local,07/09/2026,7000,7000,7000
Tamil Nadu,Thiruchirappalli,Lalgudi(Uzhavar Sandhai ),Onion Green,Onion Green,Local,07/09/2026,8000,8000,8000
Tamil Nadu,Thiruchirappalli,Manachanallur(Uzhavar Sandhai ),Cauliflower,Ranchi,Local,07/09/2026,4000,4000,4000
Tamil Nadu,Thiruchirappalli,Manachanallur(Uzhavar Sandhai ),Cluster beans,Cluster Beans,Local,07/09/2026,3400,3400,3400
Tamil Nadu,Thiruchirappalli,Manachanallur(Uzhavar Sandhai ),Ashgourd,Gouard,Local,07/09/2026,2000,2000,2000
Tamil Nadu,Thiruchirappalli,Manachanallur(Uzhavar Sandhai ),Bhindi(Ladies Finger),Bhindi,Local,07/09/2026,3600,3600,3600
Tamil Nadu,Thiruchirappalli,Manachanallur(Uzhavar Sandhai ),Ginger(Green),Green Ginger,Local,07/09/2026,17000,17000,17000
Tamil Nadu,Thiruchirappalli,Manachanallur(Uzhavar Sandhai ),Green Avare(W),Other,Local,07/09/2026,6000,6000,6000
Tamil Nadu,Thiruchirappalli,Manachanallur(Uzhavar Sandhai ),Drumstick,Drumstick,Local,07/09/2026,4000,4000,4000
Tamil Nadu,Thiruchirappalli,Manachanallur(Uzhavar Sandhai ),Mango(Raw-Ripe),Mango - Raw-Ripe,Local,07/09/2026,8000,8000,8000
Tamil Nadu,Thiruchirappalli,Manachanallur(Uzhavar Sandhai ),Tender Coconut,Tender Coconut,Local,07/09/2026,4000,4000,4000
Tamil Nadu,Thiruchirappalli,Manapparai(Uzhavar Sandhai ),Potato,Other,Local,07/09/2026,3000,3000,3000
Tamil Nadu,Thiruchirappalli,Manapparai(Uzhavar Sandhai ),Coriander(Leaves),I Sort,Local,07/09/2026,3000,3000,3000
Tamil Nadu,Thiruchirappalli,Manapparai(Uzhavar Sandhai ),Bhindi(Ladies Finger),Bhindi,Local,07/09/2026,3000,3600,3300
Tamil Nadu,Thiruchirappalli,Manapparai(Uzhavar Sandhai ),Ginger(Green),Green Ginger,Local,07/09/2026,22000,22000,22000
Tamil Nadu,Thiruchirappalli,Manapparai(Uzhavar Sandhai ),Drumstick,Drumstick,Local,07/09/2026,4000,4000,4000
Tamil Nadu,Thiruchirappalli,Manapparai(Uzhavar Sandhai ),Onion Green,Onion Green,Local,07/09/2026,7000,8000,7500
Tamil Nadu,Thiruchirappalli,Manapparai(Uzhavar Sandhai ),Mint(Pudina),Mint(Pudina),Local,07/09/2026,5500,5500,5500
Tamil Nadu,Thiruchirappalli,Musiri(Uzhavar Sandhai ),Bitter gourd,Bitter Gourd,Local,07/09/2026,5000,5600,5300
Tamil Nadu,Thiruchirappalli,Musiri(Uzhavar Sandhai ),Onion,Bellary,Local,07/09/2026,5000,6500,5750
Tamil Nadu,Thiruchirappalli,Musiri(Uzhavar Sandhai ),Potato,Other,Local,07/09/2026,2600,3000,2800
Tamil Nadu,Thiruchirappalli,Musiri(Uzhavar Sandhai ),Betal Leaves,Mysore,Local,07/09/2026,7000,8000,7500
Tamil Nadu,Thiruchirappalli,Musiri(Uzhavar Sandhai ),Ridgeguard(Tori),Ridgeguard(Tori),Local,07/09/2026,4500,5000,4750
Tamil Nadu,Thiruchirappalli,Musiri(Uzhavar Sandhai ),Raddish,Raddish,Local,07/09/2026,3000,3600,3300
Tamil Nadu,Thiruchirappalli,Musiri(Uzhavar Sandhai ),Lime,Lime,Local,07/09/2026,4000,4000,4000
Tamil Nadu,Thiruchirappalli,Musiri(Uzhavar Sandhai ),Tender Coconut,Tender Coconut,Local,07/09/2026,3500,4000,3750
Tamil Nadu,Thiruchirappalli,Musiri(Uzhavar Sandhai ),Yam(Ratalu),Yam (Ratalu),Local,07/09/2026,5000,5500,5250
Tamil Nadu,Thiruchirappalli,Musiri(Uzhavar Sandhai ),Indian Beans(Seam),Indian Beans (Seam),Local,07/09/2026,6000,7000,6500
Tamil Nadu,Thiruchirappalli,Musiri(Uzhavar Sandhai ),Mint(Pudina),Mint(Pudina),Local,07/09/2026,5000,5600,5300
Tamil Nadu,Thiruchirappalli,Thiruverumbur(Uzhavar Sandhai ),Cluster beans,Cluster Beans,Local,07/09/2026,3600,3600,3600
Tamil Nadu,Thiruchirappalli,Thiruverumbur(Uzhavar Sandhai ),Pumpkin,Pumpkin,Local,07/09/2026,2000,2000,2000
Tamil Nadu,Thiruchirappalli,Thiruverumbur(Uzhavar Sandhai ),Banana - Green,Banana - Green,Local,07/09/2026,2500,2500,2500
Tamil Nadu,Thiruchirappalli,Thiruverumbur(Uzhavar Sandhai ),Ginger(Green),Green Ginger,Local,07/09/2026,17000,17000,17000
Tamil Nadu,Thiruchirappalli,Thiruverumbur(Uzhavar Sandhai ),Cabbage,Cabbage,Local,07/09/2026,3000,3000,3000
Tamil Nadu,Thiruchirappalli,Thiruverumbur(Uzhavar Sandhai ),Snakeguard,Snakeguard,Local,07/09/2026,3600,3600,3600
Tamil Nadu,Thiruchirappalli,Thiruverumbur(Uzhavar Sandhai ),Beetroot,Beetroot,Local,07/09/2026,4000,4000,4000
Tamil Nadu,Thiruchirappalli,Thiruverumbur(Uzhavar Sandhai ),Chow Chow,Chow Chow,Local,07/09/2026,4000,4000,4000
Tamil Nadu,Thiruchirappalli,Thiruverumbur(Uzhavar Sandhai ),Green Avare(W),Other,Local,07/09/2026,6000,6000,6000
Tamil Nadu,Thiruchirappalli,Thiruverumbur(Uzhavar Sandhai ),Drumstick,Drumstick,Local,07/09/2026,4000,4000,4000
Tamil Nadu,Virudhunagar,Rajapalayam(Uzhavar Sandhai ),Tomato,Deshi,Local,07/09/2026,2000,2500,2250
Tamil Nadu,Virudhunagar,Rajapalayam(Uzhavar Sandhai ),Bottle gourd,Bottle Gourd,Local,07/09/2026,1500,2000,1750
Tamil Nadu,Virudhunagar,Rajapalayam(Uzhavar Sandhai ),Ashgourd,Gouard,Local,07/09/2026,1500,2000,1750
Tamil Nadu,Virudhunagar,Rajapalayam(Uzhavar Sandhai ),Pumpkin,Pumpkin,Local,07/09/2026,2000,2500,2250
Tamil Nadu,Virudhunagar,Rajapalayam(Uzhavar Sandhai ),Amaranthus,Amaranthus,Local,07/09/2026,2500,3000,2750
Tamil Nadu,Virudhunagar,Rajapalayam(Uzhavar Sandhai ),Banana - Green,Banana - Green,Local,07/09/2026,3000,3600,3300
Tamil Nadu,Virudhunagar,Rajapalayam(Uzhavar Sandhai ),Green Avare(W),Green Avare (W),Local,07/09/2026,6000,7000,6500
Tamil Nadu,Virudhunagar,Rajapalayam(Uzhavar Sandhai ),Coconut,Coconut,Local,07/09/2026,5000,6000,5500
Tamil Nadu,Virudhunagar,Rajapalayam(Uzhavar Sandhai ),Chow Chow,Chow Chow,Local,07/09/2026,3500,4000,3750
Tamil Nadu,Virudhunagar,Rajapalayam(Uzhavar Sandhai ),Colacasia,Colacasia,Local,07/09/2026,6000,7000,6500
Tamil Nadu,Virudhunagar,Sathur(Uzhavar Sandhai ),Brinjal,Round,Local,07/09/2026,3500,4000,3750
Tamil Nadu,Virudhunagar,Sathur(Uzhavar Sandhai ),Bhindi(Ladies Finger),Bhindi,Local,07/09/2026,3500,4000,3750
Tamil Nadu,Virudhunagar,Sathur(Uzhavar Sandhai ),Banana - Green,Banana - Green,Local,07/09/2026,3500,4000,3750
Tamil Nadu,Virudhunagar,Sathur(Uzhavar Sandhai ),Coconut,Coconut,Local,07/09/2026,5500,6000,5750
Tamil Nadu,Virudhunagar,Sathur(Uzhavar Sandhai ),Carrot,Pusakesar,Local,07/09/2026,5500,6000,5750
Tamil Nadu,Virudhunagar,Sathur(Uzhavar Sandhai ),Snakeguard,Snakeguard,Local,07/09/2026,3500,4000,3750
Tamil Nadu,Virudhunagar,Sathur(Uzhavar Sandhai ),Chow Chow,Chow Chow,Local,07/09/2026,3500,4000,3750
Tamil Nadu,Virudhunagar,Sivakasi(Uzhavar Sandhai ),Cauliflower,Ranchi,Local,07/09/2026,4000,5000,4500
Tamil Nadu,Virudhunagar,Sivakasi(Uzhavar Sandhai ),Papaya,Papaya,Local,07/09/2026,2500,3000,2750
Tamil Nadu,Virudhunagar,Sivakasi(Uzhavar Sandhai ),Amaranthus,Amaranthus,Local,07/09/2026,2500,3000,2750
Tamil Nadu,Virudhunagar,Sivakasi(Uzhavar Sandhai ),Ridgeguard(Tori),Ridgeguard(Tori),Local,07/09/2026,5000,6000,5500
Tamil Nadu,Virudhunagar,Thalavaipuram(Uzhavar Sandhai ),Papaya,Papaya,Local,07/09/2026,3000,3500,3250
Tamil Nadu,Virudhunagar,Thalavaipuram(Uzhavar Sandhai ),Tomato,Deshi,Local,07/09/2026,2000,2500,2250
Tamil Nadu,Virudhunagar,Thalavaipuram(Uzhavar Sandhai ),Amaranthus,Amaranthus,Local,07/09/2026,2500,3000,2750
Tamil Nadu,Virudhunagar,Thalavaipuram(Uzhavar Sandhai ),Green Chilli,Green Chilly,Local,07/09/2026,5500,6000,5750
Tamil Nadu,Virudhunagar,Thalavaipuram(Uzhavar Sandhai ),Beans,Beans (Whole),Local,07/09/2026,8000,9000,8500
Tamil Nadu,Virudhunagar,Thalavaipuram(Uzhavar Sandhai ),Cabbage,Cabbage,Local,07/09/2026,2500,3000,2750
Tamil Nadu,Virudhunagar,Thalavaipuram(Uzhavar Sandhai ),Beetroot,Beetroot,Local,07/09/2026,4000,4500,4250
Tamil Nadu,Virudhunagar,Virudhunagar(Uzhavar Sandhai ),Potato,Red Nanital,Local,07/09/2026,3000,3500,3250
Tamil Nadu,Virudhunagar,Virudhunagar(Uzhavar Sandhai ),Chikoos(Sapota),Sapota,Local,07/09/2026,3500,4000,3750
Tamil Nadu,Virudhunagar,Virudhunagar(Uzhavar Sandhai ),Papaya,Papaya,Local,07/09/2026,3500,4000,3750
Tamil Nadu,Virudhunagar,Virudhunagar(Uzhavar Sandhai ),Tomato,Deshi,Local,07/09/2026,2500,3000,2750
Tamil Nadu,Virudhunagar,Virudhunagar(Uzhavar Sandhai ),Pumpkin,Pumpkin,Local,07/09/2026,2000,2500,2250
Tamil Nadu,Virudhunagar,Virudhunagar(Uzhavar Sandhai ),Beans,Beans (Whole),Local,07/09/2026,8400,9000,8700
Tamil Nadu,Virudhunagar,Virudhunagar(Uzhavar Sandhai ),Onion,Bellary,Local,07/09/2026,5500,6000,5750
Tamil Nadu,Virudhunagar,Virudhunagar(Uzhavar Sandhai ),Carrot,Pusakesar,Local,07/09/2026,6500,7000,6750
Tamil Nadu,Virudhunagar,Virudhunagar(Uzhavar Sandhai ),Snakeguard,Snakeguard,Local,07/09/2026,2500,3000,2750
Tamil Nadu,Virudhunagar,Virudhunagar(Uzhavar Sandhai ),Beetroot,Beetroot,Local,07/09/2026,3500,4000,3750
Tamil Nadu,Virudhunagar,Virudhunagar(Uzhavar Sandhai ),Chow Chow,Chow Chow,Local,07/09/2026,3500,4000,3750
Tamil Nadu,Chengalpattu,Madhuranthagam(Uzhavar Sandhai ),Potato,Red Nanital,Local,07/09/2026,6000,6000,6000
Tamil Nadu,Chengalpattu,Madhuranthagam(Uzhavar Sandhai ),Brinjal,Round,Local,07/09/2026,5000,5000,5000
Tamil Nadu,Chengalpattu,Madhuranthagam(Uzhavar Sandhai ),Tomato,Deshi,Local,07/09/2026,3000,3000,3000
Tamil Nadu,Chengalpattu,Madhuranthagam(Uzhavar Sandhai ),Amaranthus,Amaranthus,Local,07/09/2026,4000,4000,4000
Tamil Nadu,Chengalpattu,Madhuranthagam(Uzhavar Sandhai ),Green Chilli,Green Chilly,Local,07/09/2026,5000,5000,5000
Tamil Nadu,Chengalpattu,Madhuranthagam(Uzhavar Sandhai ),Snakeguard,Snakeguard,Local,07/09/2026,4000,4000,4000
Tamil Nadu,Chengalpattu,Medavakkam(Uzhavar Sandhai ),Ashgourd,Gouard,Local,07/09/2026,2500,2500,2500
Tamil Nadu,Chengalpattu,Medavakkam(Uzhavar Sandhai ),Green Avare(W),Other,Local,07/09/2026,6000,6000,6000
Tamil Nadu,Chengalpattu,Nanganallur(Uzhavar Sandhai ),Garlic,Garlic,Local,07/09/2026,22000,24000,23000
Tamil Nadu,Chengalpattu,Nanganallur(Uzhavar Sandhai ),Papaya,Papaya,Local,07/09/2026,5500,6000,5750
Tamil Nadu,Chengalpattu,Nanganallur(Uzhavar Sandhai ),Bitter gourd,Bitter Gourd,Local,07/09/2026,4500,5000,4750
Tamil Nadu,Chengalpattu,Nanganallur(Uzhavar Sandhai ),Amaranthus,Amaranthus,Local,07/09/2026,2000,2500,2250
Tamil Nadu,Chengalpattu,Nanganallur(Uzhavar Sandhai ),Apple,American,Local,07/09/2026,18000,20000,19000
Tamil Nadu,Chengalpattu,Nanganallur(Uzhavar Sandhai ),Ginger(Green),Green Ginger,Local,07/09/2026,7500,8000,7750
Tamil Nadu,Chengalpattu,Nanganallur(Uzhavar Sandhai ),Snakeguard,Snakeguard,Local,07/09/2026,3500,4000,3750
Tamil Nadu,Chengalpattu,Nanganallur(Uzhavar Sandhai ),Raddish,Raddish,Local,07/09/2026,3500,4000,3750
Tamil Nadu,Chengalpattu,Nanganallur(Uzhavar Sandhai ),Marigold(Calcutta),Marigold(Calcutta),Local,07/09/2026,32000,35000,33500
Tamil Nadu,Chengalpattu,Pallavaram(Uzhavar Sandhai ),Garlic,Garlic,Local,07/09/2026,25000,28000,26500
Tamil Nadu,Chengalpattu,Pallavaram(Uzhavar Sandhai ),Green Avare(W),Green Avare (W),Local,07/09/2026,6000,7000,6500
Tamil Nadu,Chengalpattu,Pallavaram(Uzhavar Sandhai ),Tomato,Deshi,Local,07/09/2026,3000,3500,3250
Tamil Nadu,Chengalpattu,Pallavaram(Uzhavar Sandhai ),Bottle gourd,Bottle Gourd,Local,07/09/2026,3500,4000,3750
Tamil Nadu,Chengalpattu,Pallavaram(Uzhavar Sandhai ),Bhindi(Ladies Finger),Bhindi,Local,07/09/2026,3500,4000,3750
Tamil Nadu,Chengalpattu,Pallavaram(Uzhavar Sandhai ),Tapioca,Tapioca,Local,07/09/2026,3500,4000,3750
Tamil Nadu,Chengalpattu,Pallavaram(Uzhavar Sandhai ),Ginger(Green),Green Ginger,Local,07/09/2026,16000,17000,16500
Tamil Nadu,Chengalpattu,Pallavaram(Uzhavar Sandhai ),Onion,Bellary,Local,07/09/2026,5000,6000,5500
Tamil Nadu,Chengalpattu,Pallavaram(Uzhavar Sandhai ),Coconut,Coconut,Local,07/09/2026,6000,7000,6500
Tamil Nadu,Chengalpattu,Pallavaram(Uzhavar Sandhai ),Snakeguard,Snakeguard,Local,07/09/2026,3500,4000,3750
Tamil Nadu,Chengalpattu,Pallavaram(Uzhavar Sandhai ),Knool Khol,Knool Khol,Local,07/09/2026,4000,5000,4500
Tamil Nadu,Chengalpattu,Pallavaram(Uzhavar Sandhai ),Mint(Pudina),Mint(Pudina),Local,07/09/2026,3500,4000,3750
Tamil Nadu,Chengalpattu,Pallavaram(Uzhavar Sandhai ),Sweet Corn ,Sweet Corn ,Local,07/09/2026,4000,5000,4500
Tamil Nadu,Nagercoil (Kannyiakumari),Myladi(Uzhavar Sandhai ),Cauliflower,Ranchi,Local,07/09/2026,5000,5500,5250
Tamil Nadu,Nagercoil (Kannyiakumari),Myladi(Uzhavar Sandhai ),Bottle gourd,Bottle Gourd,Local,07/09/2026,1800,2000,1900
Tamil Nadu,Nagercoil (Kannyiakumari),Myladi(Uzhavar Sandhai ),Pumpkin,Pumpkin,Local,07/09/2026,1800,2000,1900
Tamil Nadu,Nagercoil (Kannyiakumari),Myladi(Uzhavar Sandhai ),Tapioca,Tapioca,Local,07/09/2026,3500,4000,3750
Tamil Nadu,Nagercoil (Kannyiakumari),Myladi(Uzhavar Sandhai ),Onion,Bellary,Local,07/09/2026,6000,7000,6500
Tamil Nadu,Nagercoil (Kannyiakumari),Myladi(Uzhavar Sandhai ),Beetroot,Beetroot,Local,07/09/2026,4500,5000,4750
Tamil Nadu,Chengalpattu,Jameenrayapettai(Uzhavar Sandhai ),Mousambi(Sweet Lime),Mousambi,Local,07/09/2026,6000,7000,6500
Tamil Nadu,Chengalpattu,Jameenrayapettai(Uzhavar Sandhai ),Pumpkin,Pumpkin,Local,07/09/2026,2500,3000,2750
Tamil Nadu,Chengalpattu,Jameenrayapettai(Uzhavar Sandhai ),Groundnut,Big (With Shell),Local,07/09/2026,9000,10000,9500
Tamil Nadu,Chengalpattu,Jameenrayapettai(Uzhavar Sandhai ),Orange,Darjeeling,Local,07/09/2026,12000,13000,12500
Tamil Nadu,Chengalpattu,Jameenrayapettai(Uzhavar Sandhai ),Marigold(Calcutta),Marigold(Calcutta),Local,07/09/2026,18000,20000,19000
Tamil Nadu,Chengalpattu,Jameenrayapettai(Uzhavar Sandhai ),Lemon,Lemon,Local,07/09/2026,27000,29000,28000
Tamil Nadu,Chengalpattu,Jameenrayapettai(Uzhavar Sandhai ),Mint(Pudina),Mint(Pudina),Local,07/09/2026,3500,4000,3750
Tamil Nadu,Chengalpattu,Jameenrayapettai(Uzhavar Sandhai ),Tube Rose(Loose),Tube Rose (Loose),Local,07/09/2026,20000,22000,21000
Maharashtra,Ahilyanagar,APMC Shrirampur ,Guava,Other,Local,07/09/2026,3500,4000,3750
Maharashtra,Ahilyanagar,APMC Shrirampur ,Potato,Other,Local,07/09/2026,900,1000,950
Maharashtra,Ahilyanagar,APMC Shrirampur ,Bottle gourd,Other,Local,07/09/2026,600,800,700
Maharashtra,Ahilyanagar,APMC Shrirampur ,Cauliflower,Other,Local,07/09/2026,1200,1500,1350
Maharashtra,Ahilyanagar,APMC Shrirampur ,Cucumbar(Kheera),Other,Local,07/09/2026,1000,1500,1250
Maharashtra,Ahilyanagar,APMC Shrirampur ,Spinach,Other,Local,07/09/2026,8,10,9
Maharashtra,Ahilyanagar,APMC Shrirampur ,Green Chilli,Other,Local,07/09/2026,1500,2000,1750
Karnataka,Koppal,Kustagi APMC,Cowpea(Lobia/Karamani),Cowpea (Whole),Medium,07/09/2026,8400,8400,8400
Karnataka,Koppal,Kustagi APMC,Maize,Hybrid/Local,FAQ,07/09/2026,2400,2400,2400
Karnataka,Koppal,Kustagi APMC,"Sesamum(Sesame,Gingelly,Til)",White,FAQ,07/09/2026,7800,7800,7800
Karnataka,Koppal,Kustagi APMC,Bajra(Pearl Millet/Cumbu),Hybrid,FAQ,07/09/2026,2400,2500,2472
Andhra Pradesh,West Godavari,Palakole APMC,Paddy(Common),Paddy,Local,07/09/2026,2375,2375,2375
Maharashtra,Chattrapati Sambhajinagar,APMC Chattrapati Sambhajinagar ,Potato,Other,Local,07/09/2026,550,1200,875
Maharashtra,Chattrapati Sambhajinagar,APMC Chattrapati Sambhajinagar ,Cauliflower,Other,Local,07/09/2026,1200,1500,1350
Maharashtra,Chattrapati Sambhajinagar,APMC Chattrapati Sambhajinagar ,Ridgeguard(Tori),Other,Local,07/09/2026,2500,3500,3000
Maharashtra,Chattrapati Sambhajinagar,APMC Chattrapati Sambhajinagar ,Green Chilli,Other,Local,07/09/2026,2300,3200,2750
Tamil Nadu,Villupuram,Tindivanam APMC,Cluster beans,Cluster Beans,Local,07/09/2026,4000,4000,4000
Tamil Nadu,Villupuram,Tindivanam APMC,Ashgourd,Gouard,Local,07/09/2026,1500,1500,1500
Tamil Nadu,Villupuram,Tindivanam APMC,Bhindi(Ladies Finger),Bhindi,Local,07/09/2026,2500,2500,2500
Tamil Nadu,Villupuram,Tindivanam APMC,Green Chilli,Green Chilly,Local,07/09/2026,5500,5500,5500
Tamil Nadu,Villupuram,Tindivanam APMC,Ginger(Green),Green Ginger,Local,07/09/2026,9000,10000,9500
Tamil Nadu,Villupuram,Tindivanam APMC,Snakeguard,Snakeguard,Local,07/09/2026,3000,3000,3000
Tamil Nadu,Villupuram,Tindivanam APMC,Chow Chow,Chow Chow,Local,07/09/2026,4600,4600,4600
Tamil Nadu,Villupuram,Tindivanam APMC,Knool Khol,Knool Khol,Local,07/09/2026,4000,4000,4000
Tamil Nadu,Villupuram,Tindivanam APMC,Guava,Guava Allahabad,Local,07/09/2026,6000,8000,7000
Tamil Nadu,Villupuram,Tindivanam APMC,Tender Coconut,Tender Coconut,Local,07/09/2026,3500,4000,3750
Tamil Nadu,Villupuram,Tindivanam APMC,Fig(Anjura/Anjeer),Anjura,Local,07/09/2026,16000,16000,16000
Tamil Nadu,Villupuram,Ulundurpettai APMC,Coriander(Leaves),I Sort,Local,07/09/2026,6000,6000,6000
Tamil Nadu,Villupuram,Ulundurpettai APMC,Papaya,Papaya,Local,07/09/2026,3000,3000,3000
Tamil Nadu,Villupuram,Ulundurpettai APMC,Bhindi(Ladies Finger),Bhindi,Local,07/09/2026,3000,3000,3000
Tamil Nadu,Villupuram,Ulundurpettai APMC,Ginger(Green),Green Ginger,Local,07/09/2026,11000,11000,11000
Tamil Nadu,Villupuram,Ulundurpettai APMC,Coconut,Coconut,Local,07/09/2026,3000,3000,3000
Tamil Nadu,Villupuram,Ulundurpettai APMC,Snakeguard,Snakeguard,Local,07/09/2026,4000,4000,4000
Tamil Nadu,Villupuram,Ulundurpettai APMC,Thondekai,Thondekai,Local,07/09/2026,5000,5000,5000
Tamil Nadu,Villupuram,Ulundurpettai APMC,Yam(Ratalu),Yam (Ratalu),Local,07/09/2026,3000,3000,3000
Tamil Nadu,Villupuram,Ulundurpettai APMC,Amla(Nelli Kai),Amla,Local,07/09/2026,8000,8000,8000
Karnataka,Vijayanagara,Hoovinahadagali APMC,Maize,Local,Non-FAQ,07/09/2026,1900,1900,1900
Rajasthan,Chittorgarh,Begu APMC,Wheat,Other,Local,07/09/2026,2680,2680,2680
Keralam,Malappuram,Thirurrangadi Market,Beetroot,Other,FAQ,07/09/2026,3200,3600,3500
Keralam,Malappuram,Thirurrangadi Market,Cabbage,Other,FAQ,07/09/2026,2400,2500,2500
Keralam,Malappuram,Thirurrangadi Market,Garlic,Other,FAQ,07/09/2026,16000,16000,16000
Karnataka,Bengaluru Rural,Doddaballapur APMC,Snakeguard,Snakeguard,Medium,07/09/2026,1500,2000,1700
Karnataka,Bengaluru Rural,Doddaballapur APMC,Banana - Green,Banana - Green,Medium,07/09/2026,6000,8000,7000
Karnataka,Bengaluru Rural,Doddaballapur APMC,Cabbage,Cabbage,Medium,07/09/2026,1000,1500,1300
Karnataka,Bengaluru Rural,Doddaballapur APMC,Drumstick,Drumstick,Medium,07/09/2026,4000,5000,4500
Karnataka,Bengaluru Rural,Doddaballapur APMC,Chapparad Avare,Chapparada Avarekai,Medium,07/09/2026,3000,4000,3500
Karnataka,Bengaluru Rural,Doddaballapur APMC,Red gram split/Arhar dal/Tur dal,Arhar Dal(Tur),Medium,07/09/2026,11544,11544,11544
Maharashtra,Mumbai,APMC Mumbai ,Cowpea(Lobia/Karamani),Other,Local,07/09/2026,7000,10000,8700
Maharashtra,Mumbai,APMC Mumbai ,Green Gram Dal(Moong Dal),Other,Local,07/09/2026,9100,10500,10300
Maharashtra,Mumbai,APMC Mumbai ,Black Gram(Urd Beans)(Whole),Other,FAQ,07/09/2026,9000,11600,10500
Maharashtra,Mumbai,APMC Mumbai ,Sugar,Other,Local,07/09/2026,4900,5200,5050
Maharashtra,Mumbai,APMC Mumbai ,Bottle gourd,Other,Local,07/09/2026,1000,1600,1300
Maharashtra,Mumbai,APMC Mumbai ,Carrot,Other,Local,07/09/2026,2000,2800,2400
Maharashtra,Mumbai,APMC Mumbai ,Beans,Other,Local,07/09/2026,2500,3000,2750
Maharashtra,Mumbai,APMC Mumbai ,Onion Green,Other,Local,07/09/2026,800,1500,1150
Maharashtra,Mumbai,APMC Mumbai ,Pointed gourd(Parval),Other,Local,07/09/2026,3600,4000,3800
Maharashtra,Mumbai,APMC Mumbai ,Mint(Pudina),Other,Local,07/09/2026,400,500,450
Maharashtra,Mumbai,APMC Mumbai ,Drumstick,Other,Local,07/09/2026,3000,4000,3500
Maharashtra,Mumbai,APMC Mumbai ,Corriander seed,Other,Local,07/09/2026,16000,22500,19250
Maharashtra,Mumbai,APMC Mumbai ,Cummin Seed(Jeera),Other,Local,07/09/2026,22000,38000,30000
Maharashtra,Mumbai,APMC Mumbai ,Chili Red,Other,Local,07/09/2026,25000,50000,37500
Maharashtra,Mumbai,APMC Mumbai ,Mustard,Other,FAQ,07/09/2026,8000,10000,9000
Maharashtra,Dharashiv,APMC Murum ,Green Gram(Moong)(Whole),Green (Whole),Non-FAQ,07/09/2026,8300,8686,8552
Maharashtra,Nagpur,APMC Kamthi ,Cauliflower,Other,Local,07/09/2026,4000,4500,4350
Maharashtra,Nagpur,APMC Kamthi ,Onion,Local,Local,07/09/2026,4500,5000,4850
Uttar Pradesh,Jalaun (Orai),Orai APMC,Wheat,Other,FAQ,07/09/2026,2650,2650,2650
Uttar Pradesh,Fatehpur,Fatehpur APMC,Potato,Other,FAQ,07/09/2026,700,750,710.98
Uttar Pradesh,Fatehpur,Fatehpur APMC,Onion,Other,FAQ,07/09/2026,3600,3800,3711.11
Uttar Pradesh,Farukhabad,Farukhabad APMC,Bottle gourd,Other,FAQ,07/09/2026,1000,1200,1100
Keralam,Kasargod,Kanjangadu Market,Bitter gourd,Other,FAQ,07/09/2026,6600,7200,6900
Keralam,Kasargod,Kanjangadu Market,Cabbage,Cabbage,FAQ,07/09/2026,3400,4200,3800
Keralam,Kasargod,Kanjangadu Market,Cucumbar(Kheera),Other,FAQ,07/09/2026,2500,3000,2700
Keralam,Kasargod,Kanjangadu Market,Banana,Other,Large,07/09/2026,7700,8400,8000
Keralam,Kasargod,Kanjangadu Market,Black pepper,Malabar,FAQ,07/09/2026,65600,66500,66000
Keralam,Kasargod,Kanjangadu Market,Snakeguard,Other,FAQ,07/09/2026,5700,6400,6000
Keralam,Kasargod,Kanjangadu Market,Green Chilli,Other,FAQ,07/09/2026,7500,8200,7900
Madhya Pradesh,Rajgarh,Kurawar APMC,Wheat,Wheat,FAQ,07/09/2026,2540,2825,2660
Madhya Pradesh,Mandsaur,Shamgarh APMC,Garlic,Garlic,Non-FAQ,07/09/2026,8675,15600,15600
Madhya Pradesh,Mandsaur,Shamgarh APMC,Methi Seeds,Methiseeds,Non-FAQ,07/09/2026,6100,6100,6100
Madhya Pradesh,Mandsaur,Shamgarh APMC,Linseed,Flaxseed,Non-FAQ,07/09/2026,9025,9025,9025
Madhya Pradesh,Ratlam,Jaora APMC,Kabuli Chana(Chickpeas-White),Dollar Gram,FAQ,07/09/2026,6700,7551,7551
Madhya Pradesh,Ratlam,Ratlam APMC,Wheat,Wheat,FAQ,07/09/2026,2663,2775,2775
Madhya Pradesh,Ratlam,Ratlam APMC,Onion,Onion,FAQ,07/09/2026,2703,3961,3700
Madhya Pradesh,Sagar,Bina APMC,Wheat,Mohan Mondal,FAQ,07/09/2026,2800,2800,2800
Madhya Pradesh,Sagar,Bina APMC,Green Gram(Moong)(Whole),Green (Whole),FAQ,07/09/2026,7100,7160,7160
Madhya Pradesh,Chhatarpur,LavKush Nagar(Laundi) APMC,Green Peas,Pea,Non-FAQ,07/09/2026,4000,4200,4200
Madhya Pradesh,Chhindwara,Chhindwara APMC,Soyabean,Soyabeen,FAQ,07/09/2026,5600,5600,5600
Gujarat,Navsari,Navsari APMC,Onion,Onion,Grade A,07/09/2026,4000,5800,4900
Gujarat,Navsari,Navsari APMC,Potato,Potato,Grade A,07/09/2026,600,1800,1200
Gujarat,Navsari,Navsari APMC,Coriander(Leaves),Coriander,Local,07/09/2026,1500,5000,3250
Gujarat,Navsari,Navsari APMC,Papaya,Papaya,Grade A,07/09/2026,2500,3000,2750
Gujarat,Navsari,Navsari APMC,Banana,Banana - Ripe,Local,07/09/2026,1250,3000,2125
Gujarat,Gandhinagar,"Kalol(Veg,Market,Kalol) APMC",Cauliflower,Cauliflower,Local,07/09/2026,1000,2000,1500
Gujarat,Dahod,Dahod(Veg. Market) APMC,Colacasia,Colacasia,Local,07/09/2026,2000,3000,2500
Gujarat,Dahod,Dahod(Veg. Market) APMC,Onion Green,Onion Green,Local,07/09/2026,3000,6000,5500
Gujarat,Dahod,Dahod(Veg. Market) APMC,Garlic,Garlic,Local,07/09/2026,10000,16000,15000
Gujarat,Dahod,Dahod(Veg. Market) APMC,Methi(Leaves),Methi,Local,07/09/2026,2000,4000,3000
Gujarat,Sabarkantha,Himatnagar(Veg.Market Himatnagar) APMC,Bitter gourd,Other,Local,07/09/2026,2500,3000,2750
Gujarat,Sabarkantha,Himatnagar(Veg.Market Himatnagar) APMC,Cabbage,Cabbage,Local,07/09/2026,2000,2500,2360
Gujarat,Anand,"Anand(Veg,Yard,Anand) APMC",Bhindi(Ladies Finger),Bhindi,Grade B,07/09/2026,1500,2000,1750
Gujarat,Anand,"Anand(Veg,Yard,Anand) APMC",Cabbage,Cabbage,Grade B,07/09/2026,1000,1500,1250
Gujarat,Valsad,Chikli(Khorgam) APMC,Bottle gourd,Other,FAQ,07/09/2026,1500,2000,1750
Gujarat,Gandhinagar,Mansa(Manas Veg Yard) APMC,Brinjal,Round,Local,07/09/2026,3500,3500,3500
Gujarat,Dahod,Zalod(Sanjeli) APMC,Bajra(Pearl Millet/Cumbu),Other,Grade Range-2,07/09/2026,2250,2250,2250
Himachal Pradesh,Bilaspur,PMY Bilaspur,Green Chilli,Other,Grade B,07/09/2026,4000,4500,4200
Himachal Pradesh,Bilaspur,PMY Bilaspur,Bhindi(Ladies Finger),Bhindi,Grade B,07/09/2026,2000,2500,2200
Keralam,Kollam,Valakom  VFPCK Market,Banana,Nendra Bale,Grade A,07/09/2026,7200,7200,7200
Keralam,Kasargod,Manjeswaram Market,Copra,Copra,FAQ,07/09/2026,17000,17200,17100
Keralam,Kasargod,Manjeswaram Market,Arecanut(Betelnut/Supari),Other,FAQ,07/09/2026,48000,48200,48100
Keralam,Kasargod,Manjeswaram Market,Pepper garbled,Other,FAQ,07/09/2026,67500,68000,67750
Keralam,Kasargod,Manjeswaram Market,Bhindi(Ladies Finger),Bhindi,FAQ,07/09/2026,10000,12000,11000
Gujarat,Dahod,Davgadbaria(Piplod) APMC,Paddy(Common),Common,Non-FAQ,07/09/2026,1320,1440,1410
Gujarat,Rajkot,Rajkot APMC,Castor Seed,Castor seed,FAQ,07/09/2026,6900,7280,7100
Gujarat,Rajkot,Rajkot APMC,Wheat,Sharbati,FAQ,07/09/2026,2750,2900,2825
Gujarat,Rajkot,Rajkot APMC,Cotton,Narma BT Cotton,FAQ,07/09/2026,8500,9700,9300
Gujarat,Rajkot,Rajkot APMC,Mustard,Mustard,FAQ,07/09/2026,5000,7585,6750
Gujarat,Rajkot,Rajkot APMC,Jowar(Sorghum),Jowar (Yellow),FAQ,07/09/2026,2250,2625,2475
Gujarat,Rajkot,Rajkot APMC,Ground Nut Seed,Ground Nut Seed,FAQ,07/09/2026,7555,9805,9000
Gujarat,Rajkot,Rajkot APMC,Wheat,Lokwan,FAQ,07/09/2026,2245,2870,2800
Gujarat,Rajkot,Rajkot APMC,"Sesamum(Sesame,Gingelly,Til)",White,FAQ,07/09/2026,10000,12600,11600
Gujarat,Rajkot,Rajkot APMC,Black Gram(Urd Beans)(Whole),Black Gram (Whole),FAQ,07/09/2026,5500,7500,6000
Gujarat,Rajkot,Rajkot APMC,Corriander seed,"A-1, Green",FAQ,07/09/2026,8500,12575,11500
Gujarat,Rajkot,Rajkot APMC,Cummin Seed(Jeera),Cummin Seed(Jeera),FAQ,07/09/2026,18125,20170,19575
Gujarat,Rajkot,Rajkot APMC,Methi Seeds,Methiseeds,FAQ,07/09/2026,4950,7025,6675
Gujarat,Surendranagar,Vadhvan APMC,Bitter gourd,Bitter Gourd,Medium,07/09/2026,1000,1500,1250
Gujarat,Surendranagar,Vadhvan APMC,Cucumbar(Kheera),Cucumbar,Medium,07/09/2026,1000,1500,1250
Gujarat,Surendranagar,Vadhvan APMC,French Beans(Frasbean),French Beans (Frasbean),Medium,07/09/2026,2000,3000,2500
Gujarat,Jamnagar,Jamnagar APMC,Bajra(Pearl Millet/Cumbu),Other,Local,07/09/2026,1950,2225,2225
Gujarat,Jamnagar,Jamnagar APMC,Jowar(Sorghum),Other,Local,07/09/2026,4500,5250,5250
Gujarat,Jamnagar,Jamnagar APMC,Ajwan,Other,Local,07/09/2026,13000,16725,15875
Gujarat,Jamnagar,Jamnagar APMC,Groundnut,Other,Local,07/09/2026,5000,7000,7000
Gujarat,Amreli,Rajula APMC,Cotton,Local,Local,07/09/2026,8000,8755,8378
Gujarat,Amreli,Rajula APMC,Kabuli Chana(Chickpeas-White),Kabuli Chana(Chickpeas-white),Local,07/09/2026,5500,6005,5752
Gujarat,Kachchh,Rapar APMC,Castor Seed,Castor seed,Local,07/09/2026,7150,7250,7200
Gujarat,Amreli,Damnagar APMC,Bottle gourd,Bottle Gourd,Local,07/09/2026,2500,2500,2500
Gujarat,Amreli,Damnagar APMC,Brinjal,Other,Local,07/09/2026,2800,2800,2800
Gujarat,Amreli,Damnagar APMC,Coriander(Leaves),Coriander,Local,07/09/2026,3500,3500,3500
Gujarat,Amreli,Damnagar APMC,Green Chilli,Green Chilly,Local,07/09/2026,5000,5000,5000
Gujarat,Rajkot,Gondal(Veg.market Gondal) APMC,Cauliflower,Cauliflower,Local,07/09/2026,250,2500,1375
Tamil Nadu,Madurai,Chokkikulam(Uzhavar Sandhai ),Potato,Red Nanital,Local,07/09/2026,3000,5000,4000
Tamil Nadu,Madurai,Chokkikulam(Uzhavar Sandhai ),Chikoos(Sapota),Sapota,Local,07/09/2026,4000,6000,5000
Tamil Nadu,Madurai,Chokkikulam(Uzhavar Sandhai ),Mousambi(Sweet Lime),Mousambi,Local,07/09/2026,6000,7000,6500
Tamil Nadu,Madurai,Chokkikulam(Uzhavar Sandhai ),Tomato,Deshi,Local,07/09/2026,2000,2800,2400
Tamil Nadu,Madurai,Chokkikulam(Uzhavar Sandhai ),Bottle gourd,Bottle Gourd,Local,07/09/2026,2400,3000,2700
Tamil Nadu,Madurai,Chokkikulam(Uzhavar Sandhai ),Bhindi(Ladies Finger),Bhindi,Local,07/09/2026,2800,3000,2900
Tamil Nadu,Madurai,Chokkikulam(Uzhavar Sandhai ),Amaranthus,Amaranthus,Local,07/09/2026,3000,3600,3300
Tamil Nadu,Madurai,Chokkikulam(Uzhavar Sandhai ),Ginger(Green),Green Ginger,Local,07/09/2026,12000,19000,15500
Tamil Nadu,Madurai,Chokkikulam(Uzhavar Sandhai ),Coconut,Coconut,Local,07/09/2026,6800,7000,6900
Tamil Nadu,Madurai,Chokkikulam(Uzhavar Sandhai ),Cabbage,Cabbage,Local,07/09/2026,2600,3000,2800
Tamil Nadu,Madurai,Chokkikulam(Uzhavar Sandhai ),Thondekai,Thondekai,Local,07/09/2026,4500,4800,4650
Tamil Nadu,Madurai,Chokkikulam(Uzhavar Sandhai ),Green Avare(W),Green Avare (W),Local,07/09/2026,6000,9000,7500
Tamil Nadu,Madurai,Chokkikulam(Uzhavar Sandhai ),Mango(Raw-Ripe),Mango - Raw-Ripe,Local,07/09/2026,9000,10000,9500
Tamil Nadu,Madurai,Chokkikulam(Uzhavar Sandhai ),Knool Khol,Knool Khol,Local,07/09/2026,3000,3600,3300
Tamil Nadu,Madurai,Chokkikulam(Uzhavar Sandhai ),Lime,Lime,Local,07/09/2026,3600,4000,3800
Tamil Nadu,Madurai,Chokkikulam(Uzhavar Sandhai ),Pomegranate,Pomogranate,Local,07/09/2026,18000,22000,20000
Tamil Nadu,Madurai,Chokkikulam(Uzhavar Sandhai ),Yam(Ratalu),Yam (Ratalu),Local,07/09/2026,6500,7000,6750
Tamil Nadu,Madurai,Chokkikulam(Uzhavar Sandhai ),Amla(Nelli Kai),Amla,Local,07/09/2026,7000,8000,7500
Gujarat,Bhavnagar,Taleja APMC,"Sesamum(Sesame,Gingelly,Til)",White,FAQ,07/09/2026,8425,12510,10470
Karnataka,Raichur,Sindhanur APMC,Paddy(Common),Paddy RNR Old,Local,07/09/2026,2960,4170,4120
Karnataka,Koppal,Gangavathi APMC,Paddy(Common),Paddy RNR new,Non-FAQ,07/09/2026,2700,3367,3367
Karnataka,Koppal,Gangavathi APMC,Maize,Local,Non-FAQ,07/09/2026,2570,2725,2604
Karnataka,Koppal,Gangavathi APMC,Rice,Other,Small,07/09/2026,2300,2810,2600
Andhra Pradesh,West Godavari,Attili APMC,Paddy(Common),Paddy,Local,07/09/2026,2369,2389,2369
Maharashtra,Nashik,APMC Ghoti ,Cauliflower,Other,Local,07/09/2026,1800,1800,1800
Maharashtra,Nashik,APMC Ghoti ,Cucumbar(Kheera),Other,Local,07/09/2026,1800,1900,1850
Maharashtra,Nashik,APMC Ghoti ,Cabbage,Other,Local,07/09/2026,900,900,900
Keralam,Kottayam,Kurichy VFPCK Market,Banana,Nendra Bale,Grade A,07/09/2026,6500,7000,7000
Gujarat,Amreli,The Agricultural Produce Market Committee-Amreli,"Sesamum(Sesame,Gingelly,Til)",Black,FAQ,07/09/2026,11000,17500,16150
Gujarat,Amreli,The Agricultural Produce Market Committee-Amreli,Green Gram(Moong)(Whole),Other,FAQ,07/09/2026,6050,8400,8400
Gujarat,Amreli,The Agricultural Produce Market Committee-Amreli,Other Pulses,Other,FAQ,07/09/2026,5825,5925,5875
Karnataka,Bengaluru South,Kanakapura APMC,Tomato,Hybrid,Medium,07/09/2026,1500,2500,2000
Keralam,Kottayam,Mannackanad  VFPCK Market,Elephant Yam(Suran)/Amorphophallus,Elephant Yam (Suran),Grade A,07/09/2026,3000,3500,3500
Karnataka,Chikkamagaluru,Mudigere APMC,Black pepper,Black Pepper,Local,07/09/2026,35200,40000,40000
Karnataka,Kolar,Bangarpet APMC,Onion,Onion,Local,07/09/2026,3500,5000,4500
Karnataka,Kolar,Bangarpet APMC,Tomato,Tomato,Local,07/09/2026,300,1300,800
Karnataka,Raichur,Lingasugur APMC,Sunflower/Sunflower Seed,Sunflower,Non-FAQ,07/09/2026,7800,8100,7900
Maharashtra,Nashik,Lasalgaon(Vinchur) ,Onion,Unhali,Local,07/09/2026,1200,5001,4400
Gujarat,Surat,Surat APMC,Cauliflower,Cauliflower,FAQ,07/09/2026,1000,3500,2250
Gujarat,Surat,Surat APMC,French Beans(Frasbean),Other,FAQ,07/09/2026,2000,3300,2900
Gujarat,Surat,Surat APMC,Pegeon Pea(Arhar Fali),Other,FAQ,07/09/2026,4000,9000,6500
Gujarat,Surat,Surat APMC,Cucumbar(Kheera),Cucumbar,FAQ,07/09/2026,1000,3000,2000
Gujarat,Surat,Surat APMC,Sweet Potato,Other,FAQ,07/09/2026,4000,5000,4500
Gujarat,Surat,Surat APMC,Drumstick,Drumstick,FAQ,07/09/2026,2500,5500,4000
Gujarat,Surat,Surat APMC,Green Chilli,Green Chilly,FAQ,07/09/2026,1500,4000,2750
Gujarat,Surat,Surat APMC,Potato,Other,FAQ,07/09/2026,600,1700,1150
Gujarat,Surat,Surat APMC,Ridgeguard(Tori),Other,FAQ,07/09/2026,1000,2500,1750
Andhra Pradesh,NTR,Mylavaram APMC,Paddy(Common),1001,FAQ,07/09/2026,2369,2369,2369
Andhra Pradesh,NTR,Mylavaram APMC,Cotton,Bunny,Local,07/09/2026,7200,7200,7200
Andhra Pradesh,West Godavari,Akiveedu APMC,Paddy(Common),Paddy,Local,07/09/2026,2300,2500,2369
Uttar Pradesh,Ambedkarnagar,Akbarpur APMC,Wheat,Dara,FAQ,07/09/2026,2450,2450,2450
Andhra Pradesh,Palnadu,Krosuru APMC,Cotton,Bramha,FAQ,07/09/2026,7000,8000,7500
Telangana,Warangal,Warangal APMC,Banana,Banana - Ripe,Small,07/09/2026,2850,2850,2850
Telangana,Warangal,Warangal APMC,Ridgeguard(Tori),Ridgeguard(Tori),FAQ,07/09/2026,1500,2000,1750
Telangana,Warangal,Warangal APMC,Capsicum,Capsicum,FAQ,07/09/2026,3500,4000,3750
Telangana,Warangal,Warangal APMC,Carrot,Carrot,FAQ,07/09/2026,4000,4500,4250
Himachal Pradesh,Sirmore,PMY Paonta Sahib,Apple,Simla,Grade B,07/09/2026,9000,15000,12800
Telangana,Mahabubabad,Kesamudram APMC,Green Gram(Moong)(Whole),Local,Local,07/09/2026,4896,7459,6959
Telangana,Karimnagar,Karimnagar APMC,Cabbage,Cabbage,Medium,07/09/2026,700,700,700
Telangana,Karimnagar,Karimnagar APMC,Tomato,Hybrid,Medium,07/09/2026,1750,2250,2000
Uttar Pradesh,Saharanpur,Rampurmaniharan APMC,Tomato,Other,FAQ,07/09/2026,2700,2700,2700
Uttar Pradesh,Saharanpur,Rampurmaniharan APMC,Garlic,Other,FAQ,07/09/2026,9000,9000,9000
Uttar Pradesh,Saharanpur,Rampurmaniharan APMC,Banana - Green,Banana - Green,Grade C,07/09/2026,1500,1700,1600
Uttar Pradesh,Saharanpur,Rampurmaniharan APMC,Colacasia,Colacasia,Grade C,07/09/2026,1400,1600,1500
Uttar Pradesh,Saharanpur,Rampurmaniharan APMC,Bhindi(Ladies Finger),Bhindi,Grade C,07/09/2026,1300,1600,1400
Uttar Pradesh,Saharanpur,Rampurmaniharan APMC,Lemon,Lemon,Grade C,07/09/2026,2700,2900,2800
Uttar Pradesh,Saharanpur,Rampurmaniharan APMC,Papaya(Raw),Papaya (Raw),Grade C,07/09/2026,1900,2100,2000
Uttar Pradesh,Saharanpur,Rampurmaniharan APMC,Ridgeguard(Tori),Ridgeguard(Tori),Grade C,07/09/2026,1400,1600,1500
Andhra Pradesh,Prakasam,Addanki APMC,Bengal Gram(Gram)(Whole),Gulabi,Local,07/09/2026,6000,6100,6060
Andhra Pradesh,SPSR Nellore,Udayagiri APMC,Paddy(Common),Paddy,Local,07/09/2026,2444,2464,2454
Andhra Pradesh,Chittor,Nagari APMC,Paddy(Common),Paddy,Grade Range-2,07/09/2026,1700,1800,1750
Keralam,Palakad,vadakarapathy Market,Bottle gourd,Bottle Gourd,FAQ,07/09/2026,1500,2000,1800
Keralam,Palakad,vadakarapathy Market,Ashgourd,Ashgourd,FAQ,07/09/2026,600,800,700
Karnataka,Raichur,Manvi APMC,Paddy(Common),Sona Masuri (OLD),Non-FAQ,07/09/2026,3500,3500,3500
Maharashtra,Pune,APMC Pune ,Peas Wet,Other,Local,07/09/2026,4000,6000,5000
Maharashtra,Pune,APMC Pune ,Ragi(Finger Millet),Other,FAQ,07/09/2026,5000,5700,5350
Maharashtra,Pune,APMC Pune ,Ground Nut Seed,Local,Local,07/09/2026,12700,13700,13200
Maharashtra,Pune,APMC Pune ,Apple,Other,Local,07/09/2026,4000,10000,6000
Maharashtra,Pune,APMC Pune ,Beetroot,Other,Local,07/09/2026,600,2000,1300
Maharashtra,Pune,APMC Pune ,Beans,Other,Local,07/09/2026,2000,4000,3000
Maharashtra,Pune,APMC Pune ,Cabbage,Other,Local,07/09/2026,800,1400,1100
Maharashtra,Pune,APMC Pune ,Garlic,Other,Local,07/09/2026,5000,26000,15500
Maharashtra,Pune,APMC Pune ,Sweet Potato,Other,Local,07/09/2026,2000,5000,3500
Maharashtra,Pune,APMC Pune ,Ridgeguard(Tori),Other,Local,07/09/2026,1500,3000,2250
Maharashtra,Pune,APMC Pune ,Little gourd(Kundru),Other,Local,07/09/2026,2000,3000,2500
Keralam,Thiruvananthapuram,Attingal Market,Banana - Green,Other,Local,07/09/2026,3800,4500,4000
Keralam,Thiruvananthapuram,Attingal Market,Bhindi(Ladies Finger),Other,Local,07/09/2026,3800,4200,4000
Keralam,Thirssur,Chavakkad Market,Banana - Green,Banana - Green,FAQ,07/09/2026,5600,6800,6800
Keralam,Thirssur,Chavakkad Market,Bhindi(Ladies Finger),Bhindi,FAQ,07/09/2026,3000,4000,4000
Keralam,Thirssur,Chavakkad Market,Drumstick,Drumstick,FAQ,07/09/2026,4000,5000,5000
Andhra Pradesh,Ananthapuramu,Tadipatri APMC,Bengal Gram(Gram)(Whole),Bengal Gram (Split),Grade Range-1,07/09/2026,5700,5900,5850
Andhra Pradesh,Ananthapuramu,Urvakonda APMC,Bengal Gram(Gram)(Whole),Other,Local,07/09/2026,6300,6500,6400
Uttar Pradesh,Kanpur,Kanpur(Grain) APMC,Wheat,Deshi,FAQ,07/09/2026,2500,2500,2500
West Bengal,Bankura,Bankura Sadar APMC,Brinjal,Brinjal,FAQ,07/09/2026,3750,4050,3850
West Bengal,Birbhum,Bolpur APMC,Potato,Potato,FAQ,07/09/2026,1000,1100,1050
West Bengal,Birbhum,Bolpur APMC,Tomato,Hybrid,FAQ,07/09/2026,4800,5000,4900
Uttarakhand,Udhamsinghnagar,Kashipur APMC,Pomegranate,Other,Local,07/09/2026,6400,6600,6500
Uttarakhand,Udhamsinghnagar,Kashipur APMC,Cauliflower,Other,Local,07/09/2026,2600,2600,2600
Uttarakhand,Udhamsinghnagar,Kicchha APMC,Bottle gourd,Bottle Gourd,Local,07/09/2026,400,600,500
Uttar Pradesh,Shahjahanpur,Shahjahanpur APMC,Wheat,Other,FAQ,07/09/2026,2475,2475,2475
Uttar Pradesh,Sitapur,Sitapur APMC,Onion,Other,FAQ,07/09/2026,2800,2800,2800
Keralam,Thiruvananthapuram,Parassala Market,Tomato,Tomato,Local,07/09/2026,3000,3400,3200
Keralam,Thiruvananthapuram,Parassala Market,Lemon,Lemon,Local,07/09/2026,8600,9000,8800
Keralam,Thiruvananthapuram,Parassala Market,Banana,Nendra Bale,Local,07/09/2026,6800,7200,7000
Keralam,Thiruvananthapuram,Parassala Market,Amaranthus,Amaranthus,Local,07/09/2026,7800,8200,8000
Keralam,Thiruvananthapuram,Parassala Market,Cucumbar(Kheera),Cucumbar,Local,07/09/2026,2000,2400,2200
Keralam,Thiruvananthapuram,Parassala Market,Carrot,Carrot,Local,07/09/2026,3800,4200,4000
Uttarakhand,Haridwar,Roorkee APMC,Cauliflower,Other,Local,07/09/2026,1000,1500,1200
Uttarakhand,Haridwar,Roorkee APMC,Brinjal,Other,Local,07/09/2026,800,1000,900
Odisha,Sonepur,Dungurapalli APMC,Bhindi(Ladies Finger),Bhindi,Local,07/09/2026,4500,4700,4600
Odisha,Sonepur,Dungurapalli APMC,Cabbage,Cabbage,Local,07/09/2026,4500,5000,4800
Odisha,Sonepur,Dungurapalli APMC,Cauliflower,Other,Local,07/09/2026,5800,6500,6000
Odisha,Sonepur,Dungurapalli APMC,Onion,Other,Local,07/09/2026,5000,5000,5000
Maharashtra,Pune,Pune(Moshi) ,Pineapple,Other,Local,07/09/2026,5000,5000,5000
Maharashtra,Pune,Pune(Moshi) ,Amla(Nelli Kai),Other,Local,07/09/2026,5000,5000,5000
Maharashtra,Pune,Pune(Moshi) ,Ginger(Green),Other,Local,07/09/2026,4000,6000,5000
Maharashtra,Pune,Pune(Moshi) ,Cauliflower,Other,Local,07/09/2026,1500,1500,1500
Maharashtra,Pune,Pune(Moshi) ,Guar,Other,Local,07/09/2026,5000,6000,5500
Maharashtra,Pune,Pune(Moshi) ,Cabbage,Other,Local,07/09/2026,1000,1000,1000
Maharashtra,Pune,Pune(Moshi) ,Pumpkin,Other,Local,07/09/2026,2500,2500,2500
Maharashtra,Pune,Pune(Moshi) ,Spinach,Other,Local,07/09/2026,10,10,10
Keralam,Kannur,Payyannur Market,Arecanut(Betelnut/Supari),Other,Local,07/09/2026,37000,39000,38000
Keralam,Kannur,Payyannur Market,Pumpkin,Other,Local,07/09/2026,2100,2300,2200
Maharashtra,Ratnagiri,APMC Ratnagiri (Nachane) ,Carrot,Other,Local,07/09/2026,3000,4000,3500
Maharashtra,Ratnagiri,APMC Ratnagiri (Nachane) ,Cucumbar(Kheera),Other,Local,07/09/2026,1000,2000,1500
Karnataka,Davangere,Honnali APMC,Cabbage,Cabbage,Medium,07/09/2026,500,600,550
Karnataka,Mysuru,K.R.Nagar APMC,Paddy(Common),Paddy Dappa,FAQ,07/09/2026,2245,2245,2245
Assam,Darrang,Balugaon APMC,Brinjal,Brinjal,Local,07/09/2026,1600,2000,1800
Assam,Darrang,Besimari APMC,Ginger(Green),Green Ginger,Local,07/09/2026,7200,8000,7600
Tamil Nadu,Erode,Thalavadi(Uzhavar Sandhai ),Potato,Red Nanital,Local,07/09/2026,3400,3800,3600
Tamil Nadu,Erode,Thalavadi(Uzhavar Sandhai ),Papaya,Papaya,Local,07/09/2026,2000,2400,2200
Tamil Nadu,Erode,Thalavadi(Uzhavar Sandhai ),Bhindi(Ladies Finger),Bhindi,Local,07/09/2026,2500,3000,2750
Tamil Nadu,Erode,Thalavadi(Uzhavar Sandhai ),Amaranthus,Amaranthus,Local,07/09/2026,3500,4000,3750
Tamil Nadu,Erode,Thalavadi(Uzhavar Sandhai ),Chow Chow,Chow Chow,Local,07/09/2026,2200,2800,2500
Tamil Nadu,Erode,Thalavadi(Uzhavar Sandhai ),Raddish,Raddish,Local,07/09/2026,2400,2800,2600
Tamil Nadu,Cuddalore,Viruthachalam(Uzhavar Sandhai ),Brinjal,Round,Local,07/09/2026,4000,5000,4500
Tamil Nadu,Cuddalore,Viruthachalam(Uzhavar Sandhai ),Green Avare(W),Green Avare (W),Local,07/09/2026,7000,10000,8500
Tamil Nadu,Cuddalore,Viruthachalam(Uzhavar Sandhai ),Bitter gourd,Bitter Gourd,Local,07/09/2026,5000,5000,5000
Tamil Nadu,Cuddalore,Viruthachalam(Uzhavar Sandhai ),Amaranthus,Amaranthus,Local,07/09/2026,2000,2500,2250
Tamil Nadu,Cuddalore,Viruthachalam(Uzhavar Sandhai ),Beans,Beans (Whole),Local,07/09/2026,8000,8000,8000
Tamil Nadu,Cuddalore,Viruthachalam(Uzhavar Sandhai ),Carrot,Pusakesar,Local,07/09/2026,6000,6000,6000
Tamil Nadu,Cuddalore,Viruthachalam(Uzhavar Sandhai ),Cabbage,Cabbage,Local,07/09/2026,3000,3000,3000
Tamil Nadu,Cuddalore,Viruthachalam(Uzhavar Sandhai ),Beetroot,Beetroot,Local,07/09/2026,4000,4000,4000
Karnataka,Chamarajanagar,Gundlupet APMC,Green Chilli,Green Chilly,Local,07/09/2026,3200,3200,3200
Maharashtra,Sangli,APMC Vita ,Green Chilli,Other,Local,07/09/2026,2000,2500,2300
Maharashtra,Satara,APMC Karad ,Bhindi(Ladies Finger),Other,Local,07/09/2026,2000,2500,2500
Maharashtra,Satara,APMC Karad ,Cabbage,Other,Local,07/09/2026,700,1200,1200
Maharashtra,Satara,APMC Karad ,Ridgeguard(Tori),Other,Local,07/09/2026,2000,3000,3000
Assam,Nagaon,Dhing APMC,Tomato,Tomato,FAQ,07/09/2026,3100,3300,3200
Assam,Nagaon,Dhing APMC,Potato,Potato,FAQ,07/09/2026,1500,1700,1600
Tamil Nadu,Krishnagiri,Krishnagiri(Uzhavar Sandhai ),Garlic,Garlic,Local,07/09/2026,23000,24000,23500
Tamil Nadu,Krishnagiri,Krishnagiri(Uzhavar Sandhai ),Brinjal,Round,Local,07/09/2026,1500,2000,1750
Tamil Nadu,Krishnagiri,Krishnagiri(Uzhavar Sandhai ),Green Avare(W),Green Avare (W),Local,07/09/2026,3000,4000,3500
Tamil Nadu,Krishnagiri,Krishnagiri(Uzhavar Sandhai ),Cluster beans,Cluster Beans,Local,07/09/2026,2000,2400,2200
Tamil Nadu,Krishnagiri,Krishnagiri(Uzhavar Sandhai ),Bottle gourd,Bottle Gourd,Local,07/09/2026,1400,1600,1500
Tamil Nadu,Krishnagiri,Krishnagiri(Uzhavar Sandhai ),Carrot,Pusakesar,Local,07/09/2026,7000,8000,7500
Tamil Nadu,Krishnagiri,Krishnagiri(Uzhavar Sandhai ),Snakeguard,Snakeguard,Local,07/09/2026,3000,3500,3250
Tamil Nadu,Krishnagiri,Krishnagiri(Uzhavar Sandhai ),Ridgeguard(Tori),Ridgeguard(Tori),Local,07/09/2026,2000,2600,2300
Tamil Nadu,Krishnagiri,Krishnagiri(Uzhavar Sandhai ),Capsicum,Capsicum,Local,07/09/2026,5000,6000,5500
Maharashtra,Satara,APMC Patan ,Ginger(Green),Other,Local,07/09/2026,1500,2500,2000
Maharashtra,Satara,APMC Patan ,Brinjal,Other,Local,07/09/2026,1500,2000,1750
Tamil Nadu,Nagapattinam,Nagapattinam(Uzhavar Sandhai ),Garlic,Garlic,Local,07/09/2026,17100,22000,19550
Tamil Nadu,Nagapattinam,Nagapattinam(Uzhavar Sandhai ),Green Avare(W),Green Avare (W),Local,07/09/2026,7400,7400,7400
Tamil Nadu,Nagapattinam,Nagapattinam(Uzhavar Sandhai ),Bitter gourd,Bitter Gourd,Local,07/09/2026,4600,5500,5050
Tamil Nadu,Nagapattinam,Nagapattinam(Uzhavar Sandhai ),Bottle gourd,Bottle Gourd,Local,07/09/2026,3000,3000,3000
Tamil Nadu,Nagapattinam,Nagapattinam(Uzhavar Sandhai ),Ashgourd,Gouard,Local,07/09/2026,3100,3100,3100
Tamil Nadu,Nagapattinam,Nagapattinam(Uzhavar Sandhai ),Pumpkin,Pumpkin,Local,07/09/2026,3200,3200,3200
Tamil Nadu,Nagapattinam,Nagapattinam(Uzhavar Sandhai ),Carrot,Pusakesar,Local,07/09/2026,7000,8200,7600
Tamil Nadu,Nagapattinam,Nagapattinam(Uzhavar Sandhai ),Drumstick,Drumstick,Local,07/09/2026,4000,4000,4000
Tamil Nadu,Nagapattinam,Nagapattinam(Uzhavar Sandhai ),Lime,Lime,Local,07/09/2026,2800,2800,2800
Tamil Nadu,Nagapattinam,Nagapattinam(Uzhavar Sandhai ),Mint(Pudina),Mint(Pudina),Local,07/09/2026,3700,3700,3700
Andhra Pradesh,Annamayya,Guramkonda Sub-yard of AMC Valmikipuram,Tomato,Hybrid,FAQ,07/09/2026,1600,2000,1800
Tamil Nadu,Tenkasi,Sankarankoil(Uzhavar Sandhai ),Coriander(Leaves),I Sort,Local,07/09/2026,4500,4500,4500
Tamil Nadu,Tenkasi,Sankarankoil(Uzhavar Sandhai ),Pumpkin,Pumpkin,Local,07/09/2026,1500,1500,1500
Tamil Nadu,Tenkasi,Sankarankoil(Uzhavar Sandhai ),Amaranthus,Amaranthus,Local,07/09/2026,2000,2000,2000
Tamil Nadu,Tenkasi,Sankarankoil(Uzhavar Sandhai ),Green Chilli,Green Chilly,Local,07/09/2026,6000,6000,6000
Tamil Nadu,Tenkasi,Sankarankoil(Uzhavar Sandhai ),Snakeguard,Snakeguard,Local,07/09/2026,4000,4000,4000
Tamil Nadu,Tenkasi,Sankarankoil(Uzhavar Sandhai ),Elephant Yam(Suran)/Amorphophallus,Elephant Yam (Suran),Local,07/09/2026,5000,5000,5000
Tamil Nadu,Tenkasi,Sankarankoil(Uzhavar Sandhai ),Colacasia,Colacasia,Local,07/09/2026,6000,6000,6000
Tamil Nadu,Tenkasi,Tenkasi(Uzhavar Sandhai ),Bottle gourd,Bottle Gourd,Local,07/09/2026,1500,1500,1500
Tamil Nadu,Tenkasi,Tenkasi(Uzhavar Sandhai ),Ginger(Green),Green Ginger,Local,07/09/2026,16000,16000,16000
Tamil Nadu,Tenkasi,Tenkasi(Uzhavar Sandhai ),Green Avare(W),Other,Local,07/09/2026,4000,4000,4000
Tamil Nadu,Tenkasi,Tenkasi(Uzhavar Sandhai ),Raddish,Raddish,Local,07/09/2026,3000,3000,3000
Tamil Nadu,Tenkasi,Tenkasi(Uzhavar Sandhai ),Elephant Yam(Suran)/Amorphophallus,Elephant Yam (Suran),Local,07/09/2026,4000,4000,4000
Tamil Nadu,Tenkasi,Tenkasi(Uzhavar Sandhai ),Mashrooms,Mashrooms,Local,07/09/2026,21000,21000,21000
Tamil Nadu,Pudukkottai,Pudukottai(Uzhavar Sandhai ),Garlic,Garlic,Local,07/09/2026,28000,30000,29000
Tamil Nadu,Pudukkottai,Pudukottai(Uzhavar Sandhai ),Cauliflower,Ranchi,Local,07/09/2026,5000,6000,5500
Tamil Nadu,Pudukkottai,Pudukottai(Uzhavar Sandhai ),Groundnut,Big (With Shell),Local,07/09/2026,5000,6000,5500
Tamil Nadu,Pudukkottai,Pudukottai(Uzhavar Sandhai ),Coconut,Coconut,Local,07/09/2026,3000,4000,3500
Tamil Nadu,Pudukkottai,Pudukottai(Uzhavar Sandhai ),Beetroot,Beetroot,Local,07/09/2026,4500,5000,4750
Tamil Nadu,Pudukkottai,Pudukottai(Uzhavar Sandhai ),Capsicum,Capsicum,Local,07/09/2026,5000,6000,5500
Tamil Nadu,Pudukkottai,Pudukottai(Uzhavar Sandhai ),Chow Chow,Chow Chow,Local,07/09/2026,4000,4500,4250
Tamil Nadu,Thanjavur,Kumbakonam (Uzhavar Sandhai ),Cauliflower,Ranchi,Local,07/09/2026,4800,4800,4800
Tamil Nadu,Thanjavur,Kumbakonam (Uzhavar Sandhai ),Coriander(Leaves),I Sort,Local,07/09/2026,3600,3600,3600
Tamil Nadu,Thanjavur,Kumbakonam (Uzhavar Sandhai ),Pumpkin,Pumpkin,Local,07/09/2026,2400,2400,2400
Tamil Nadu,Thanjavur,Kumbakonam (Uzhavar Sandhai ),Bhindi(Ladies Finger),Bhindi,Local,07/09/2026,3000,4800,3900
Tamil Nadu,Thanjavur,Kumbakonam (Uzhavar Sandhai ),Green Chilli,Green Chilly,Local,07/09/2026,4800,4800,4800
Tamil Nadu,Thanjavur,Kumbakonam (Uzhavar Sandhai ),Banana - Green,Banana - Green,Local,07/09/2026,4800,4800,4800
Tamil Nadu,Thanjavur,Kumbakonam (Uzhavar Sandhai ),Beans,Beans (Whole),Local,07/09/2026,6000,8400,7200
Tamil Nadu,Thanjavur,Kumbakonam (Uzhavar Sandhai ),Coconut,Coconut,Local,07/09/2026,6000,6000,6000
Tamil Nadu,Thanjavur,Kumbakonam (Uzhavar Sandhai ),Carrot,Pusakesar,Local,07/09/2026,6000,7800,6900
Tamil Nadu,Thanjavur,Kumbakonam (Uzhavar Sandhai ),Beetroot,Beetroot,Local,07/09/2026,4800,4800,4800
Tamil Nadu,Thanjavur,Kumbakonam (Uzhavar Sandhai ),Drumstick,Drumstick,Local,07/09/2026,3600,6000,4800
Tamil Nadu,Thanjavur,Kumbakonam (Uzhavar Sandhai ),Mango(Raw-Ripe),Mango - Raw-Ripe,Local,07/09/2026,12000,12000,12000
Tamil Nadu,Thanjavur,Kumbakonam (Uzhavar Sandhai ),Guava,Guava Allahabad,Local,07/09/2026,8000,8000,8000
Tamil Nadu,Thanjavur,Kumbakonam (Uzhavar Sandhai ),Yam(Ratalu),Yam (Ratalu),Local,07/09/2026,9600,9600,9600
Tamil Nadu,Thanjavur,Kumbakonam (Uzhavar Sandhai ),Colacasia,Colacasia,Local,07/09/2026,6000,6000,6000
Tamil Nadu,Thanjavur,Kumbakonam (Uzhavar Sandhai ),Mint(Pudina),Mint(Pudina),Local,07/09/2026,6000,6000,6000
Tamil Nadu,The Nilgiris,Udhagamandalam(Uzhavar Sandhai ),Potato,Other,Local,07/09/2026,4500,5000,4750
Tamil Nadu,The Nilgiris,Udhagamandalam(Uzhavar Sandhai ),Papaya,Papaya,Local,07/09/2026,4500,5000,4750
Tamil Nadu,The Nilgiris,Udhagamandalam(Uzhavar Sandhai ),Mousambi(Sweet Lime),Mousambi,Local,07/09/2026,10000,11000,10500
Tamil Nadu,The Nilgiris,Udhagamandalam(Uzhavar Sandhai ),Bottle gourd,Bottle Gourd,Local,07/09/2026,2500,3000,2750
Tamil Nadu,The Nilgiris,Udhagamandalam(Uzhavar Sandhai ),Pumpkin,Pumpkin,Local,07/09/2026,1500,2000,1750
Tamil Nadu,The Nilgiris,Udhagamandalam(Uzhavar Sandhai ),Bhindi(Ladies Finger),Bhindi,Local,07/09/2026,4000,4500,4250
Tamil Nadu,The Nilgiris,Udhagamandalam(Uzhavar Sandhai ),Banana - Green,Banana - Green,Local,07/09/2026,4000,4500,4250
Tamil Nadu,The Nilgiris,Udhagamandalam(Uzhavar Sandhai ),Beans,Beans (Whole),Local,07/09/2026,6500,7000,6750
Tamil Nadu,The Nilgiris,Udhagamandalam(Uzhavar Sandhai ),Banana,Besrai,Local,07/09/2026,3500,5000,4250
Tamil Nadu,The Nilgiris,Udhagamandalam(Uzhavar Sandhai ),Pomegranate,Pomogranate,Local,07/09/2026,10000,14000,12000
Tamil Nadu,The Nilgiris,Udhagamandalam(Uzhavar Sandhai ),Amla(Nelli Kai),Amla,Local,07/09/2026,8000,9000,8500
Uttar Pradesh,Bijnor,Dhampur APMC,Rice,Common,FAQ,07/09/2026,3000,3000,3000
Tamil Nadu,Theni,Andipatti(Uzhavar Sandhai ),Cauliflower,Ranchi,Local,07/09/2026,3000,3500,3250
Tamil Nadu,Theni,Andipatti(Uzhavar Sandhai ),Coriander(Leaves),I Sort,Local,07/09/2026,2500,2500,2500
Tamil Nadu,Theni,Andipatti(Uzhavar Sandhai ),Tomato,Other,Local,07/09/2026,2600,2800,2700
Tamil Nadu,Theni,Andipatti(Uzhavar Sandhai ),Pumpkin,Pumpkin,Local,07/09/2026,1600,1800,1700
Tamil Nadu,Theni,Andipatti(Uzhavar Sandhai ),Amaranthus,Amaranthus,Local,07/09/2026,2000,2500,2250
Tamil Nadu,Theni,Andipatti(Uzhavar Sandhai ),Beans,Beans (Whole),Local,07/09/2026,7800,8000,7900
Tamil Nadu,Theni,Andipatti(Uzhavar Sandhai ),Banana,Karpura,Local,07/09/2026,5500,6000,5750
Tamil Nadu,Theni,Andipatti(Uzhavar Sandhai ),Coconut,Coconut,Local,07/09/2026,5400,5600,5500
Tamil Nadu,Theni,Andipatti(Uzhavar Sandhai ),Snakeguard,Snakeguard,Local,07/09/2026,2000,2200,2100
Tamil Nadu,Theni,Andipatti(Uzhavar Sandhai ),Beetroot,Beetroot,Local,07/09/2026,2800,3000,2900
Tamil Nadu,Theni,Andipatti(Uzhavar Sandhai ),Raddish,Raddish,Local,07/09/2026,1800,2000,1900
Tamil Nadu,Theni,Andipatti(Uzhavar Sandhai ),Yam(Ratalu),Yam (Ratalu),Local,07/09/2026,5600,6000,5800
Tamil Nadu,Theni,Andipatti(Uzhavar Sandhai ),Mint(Pudina),Mint(Pudina),Local,07/09/2026,5000,5000,5000
Gujarat,Navsari,Bilimora APMC,Bhindi(Ladies Finger),Other,FAQ,07/09/2026,750,1250,1000
Tamil Nadu,Theni,Bodinayakanur(Uzhavar Sandhai ),Cauliflower,Ranchi,Local,07/09/2026,3500,3500,3500
Tamil Nadu,Theni,Bodinayakanur(Uzhavar Sandhai ),Papaya,Papaya,Local,07/09/2026,3000,3000,3000
Tamil Nadu,Theni,Bodinayakanur(Uzhavar Sandhai ),Bhindi(Ladies Finger),Bhindi,Local,07/09/2026,3500,3500,3500
Tamil Nadu,Theni,Bodinayakanur(Uzhavar Sandhai ),Cabbage,Cabbage,Local,07/09/2026,2500,2500,2500
Tamil Nadu,Theni,Bodinayakanur(Uzhavar Sandhai ),Mint(Pudina),Mint(Pudina),Local,07/09/2026,5000,5000,5000
Haryana,Mewat,Tauru APMC,Banana,Other,Medium,07/09/2026,3000,3000,3000
Haryana,Mewat,Tauru APMC,Tomato,Hybrid,FAQ,07/09/2026,3000,4000,3000
West Bengal,Bankura,Bishnupur(Bankura) APMC,Rice,Fine,FAQ,07/09/2026,4600,4750,4700
West Bengal,Bankura,Bishnupur(Bankura) APMC,Masur Dal,Other,FAQ,07/09/2026,9900,11000,10600
Bihar,Gaya,Tekari APMC,Bottle gourd,Bottle Gourd,Medium,07/09/2026,600,600,600
West Bengal,Jalpaiguri,Dhupguri APMC,Brinjal,Other,FAQ,07/09/2026,2700,2900,2800
West Bengal,Jalpaiguri,Dhupguri APMC,Onion,Nasik,FAQ,07/09/2026,4800,5200,5000
West Bengal,Jalpaiguri,Dhupguri APMC,Tomato,Other,FAQ,07/09/2026,3100,3300,3200
Tamil Nadu,Thiruvarur,Needamangalam(Uzhavar Sandhai ),Green Avare(W),Green Avare (W),Local,07/09/2026,5800,5800,5800
Tamil Nadu,Thiruvarur,Needamangalam(Uzhavar Sandhai ),Bottle gourd,Bottle Gourd,Local,07/09/2026,3000,3000,3000
Tamil Nadu,Thiruvarur,Needamangalam(Uzhavar Sandhai ),Bhindi(Ladies Finger),Bhindi,Local,07/09/2026,3200,3200,3200
Tamil Nadu,Thiruvarur,Needamangalam(Uzhavar Sandhai ),Mango(Raw-Ripe),Mango - Raw-Ripe,Local,07/09/2026,9000,9000,9000
Tamil Nadu,Thiruvarur,Needamangalam(Uzhavar Sandhai ),Onion Green,Onion Green,Local,07/09/2026,8000,8000,8000
Tamil Nadu,Thiruvarur,Tiruvarur(Uzhavar Sandhai ),Lemon,Lemon,Local,07/09/2026,16000,16000,16000
West Bengal,Medinipur(E),Tamluk (Medinipur E) APMC,Betal Leaves,Local,FAQ,07/09/2026,4000,12000,8000
Gujarat,Chhota Udaipur,Bodeliu APMC,Cotton,Shanker 6 (B) 30mm FIne,FAQ,07/09/2026,8850,9150,9000
Bihar,East Champaran/ Motihari,Madhuban APMC,Potato,Other,FAQ,07/09/2026,1100,1300,1200
Bihar,East Champaran/ Motihari,Raxaul APMC,Brinjal,Arkasheela Mattigulla,Grade A,07/09/2026,1600,1800,1700
West Bengal,Coochbehar,Dinhata APMC,Rice,Common,FAQ,07/09/2026,4000,4200,4100
Assam,Nagaon,Doomdumia APMC,Potato,Potato,FAQ,07/09/2026,1500,1700,1600
West Bengal,Birbhum,Sainthia APMC,Mustard Oil,Mustard Oil,FAQ,07/09/2026,1800,18200,18100
West Bengal,Medinipur(E),Kolaghat APMC,Masur Dal,Masur Dal,FAQ,07/09/2026,10400,10800,10600
Tamil Nadu,Virudhunagar,Aruppukottai(Uzhavar Sandhai ),Cauliflower,Ranchi,Local,07/09/2026,3000,4000,3500
Tamil Nadu,Virudhunagar,Aruppukottai(Uzhavar Sandhai ),Brinjal,Round,Local,07/09/2026,4000,5000,4500
Tamil Nadu,Virudhunagar,Aruppukottai(Uzhavar Sandhai ),Coriander(Leaves),I Sort,Local,07/09/2026,3000,4000,3500
Tamil Nadu,Virudhunagar,Aruppukottai(Uzhavar Sandhai ),Banana - Green,Banana - Green,Local,07/09/2026,3000,3500,3250
Tamil Nadu,Virudhunagar,Aruppukottai(Uzhavar Sandhai ),Cabbage,Cabbage,Local,07/09/2026,3000,4000,3500
Tamil Nadu,Virudhunagar,Aruppukottai(Uzhavar Sandhai ),Snakeguard,Snakeguard,Local,07/09/2026,3000,4000,3500
Tamil Nadu,Virudhunagar,Aruppukottai(Uzhavar Sandhai ),Raddish,Raddish,Local,07/09/2026,3000,3500,3250
Tamil Nadu,Virudhunagar,Aruppukottai(Uzhavar Sandhai ),Drumstick,Drumstick,Local,07/09/2026,3000,4000,3500
Tamil Nadu,Virudhunagar,Aruppukottai(Uzhavar Sandhai ),Pomegranate,Pomogranate,Local,07/09/2026,10000,12000,11000
Tamil Nadu,Virudhunagar,Aruppukottai(Uzhavar Sandhai ),Tender Coconut,Tender Coconut,Local,07/09/2026,4000,5000,4500
Tamil Nadu,Villupuram,Gingee(Uzhavar Sandhai ),Tomato,Deshi,Local,07/09/2026,2000,2500,2250
Tamil Nadu,Villupuram,Gingee(Uzhavar Sandhai ),Cluster beans,Cluster Beans,Local,07/09/2026,3500,3500,3500
Tamil Nadu,Villupuram,Gingee(Uzhavar Sandhai ),Bitter gourd,Bitter Gourd,Local,07/09/2026,5000,6000,5500
Tamil Nadu,Villupuram,Gingee(Uzhavar Sandhai ),Pumpkin,Pumpkin,Local,07/09/2026,2500,2500,2500
Tamil Nadu,Villupuram,Gingee(Uzhavar Sandhai ),Bhindi(Ladies Finger),Bhindi,Local,07/09/2026,2500,2500,2500
Tamil Nadu,Villupuram,Gingee(Uzhavar Sandhai ),Amaranthus,Amaranthus,Local,07/09/2026,4000,5000,4500
Tamil Nadu,Villupuram,Gingee(Uzhavar Sandhai ),Groundnut,Big (With Shell),Local,07/09/2026,7000,7000,7000
Tamil Nadu,Villupuram,Gingee(Uzhavar Sandhai ),Ginger(Green),Green Ginger,Local,07/09/2026,13000,13000,13000
Tamil Nadu,Villupuram,Gingee(Uzhavar Sandhai ),Coconut,Coconut,Local,07/09/2026,6000,6000,6000
Tamil Nadu,Villupuram,Gingee(Uzhavar Sandhai ),Cabbage,Cabbage,Local,07/09/2026,4000,4000,4000
Tamil Nadu,Villupuram,Gingee(Uzhavar Sandhai ),Guava,Guava Allahabad,Local,07/09/2026,6000,7000,6500
Uttar Pradesh,Bareilly,Bareilly APMC,Wheat,Dara,FAQ,07/09/2026,2600,2600,2600
Uttar Pradesh,Barabanki,Barabanki APMC,Bengal Gram Dal(Chana Dal),Other,FAQ,07/09/2026,7228,7228,7228
Tamil Nadu,Thiruvarur,Valangaiman APMC,Amaranthus,Amaranthus,Local,07/09/2026,2000,2000,2000
Tamil Nadu,Thiruvarur,Valangaiman APMC,Mango(Raw-Ripe),Mango - Raw-Ripe,Local,07/09/2026,6000,6000,6000
Uttar Pradesh,Saharanpur,CHHUTMALPUR APMC,Green Chilli,Other,FAQ,07/09/2026,2300,2450,2380
Uttar Pradesh,Saharanpur,CHHUTMALPUR APMC,Lemon,Other,FAQ,07/09/2026,2400,2600,2540
Tamil Nadu,Thiruvellore,Tiruthani(Uzhavar Sandhai ),Green Avare(W),Green Avare (W),Local,07/09/2026,6000,6000,6000
Tamil Nadu,Thiruvellore,Tiruthani(Uzhavar Sandhai ),Coconut,Coconut,Local,07/09/2026,6000,6000,6000
Tamil Nadu,Thiruvellore,Tiruthani(Uzhavar Sandhai ),Snakeguard,Snakeguard,Local,07/09/2026,4000,4000,4000
Tamil Nadu,Thiruvellore,Tiruthani(Uzhavar Sandhai ),Cucumbar(Kheera),Cucumbar,Local,07/09/2026,5000,5000,5000
Tamil Nadu,Virudhunagar,Kariyapatti(Uzhavar Sandhai ),Carrot,Pusakesar,Local,07/09/2026,6500,7000,6750
Tamil Nadu,Virudhunagar,Kariyapatti(Uzhavar Sandhai ),Raddish,Raddish,Local,07/09/2026,3000,3500,3250
Tamil Nadu,Virudhunagar,Kariyapatti(Uzhavar Sandhai ),Lime,Lime,Local,07/09/2026,13000,14000,13500
Tamil Nadu,Virudhunagar,Kariyapatti(Uzhavar Sandhai ),Guava,Guava Allahabad,Local,07/09/2026,4500,5000,4750
Uttar Pradesh,Sitapur,Viswan APMC,Wood,Other,FAQ,07/09/2026,470,1200,902.76
Uttar Pradesh,Sambhal,Chandausi APMC,Potato,Other,FAQ,07/09/2026,600,600,600
Tamil Nadu,Thiruvellore,Tiruvallur(Uzhavar Sandhai ),Brinjal,Round,Local,07/09/2026,4000,4000,4000
Tamil Nadu,Thiruvellore,Tiruvallur(Uzhavar Sandhai ),Bitter gourd,Bitter Gourd,Local,07/09/2026,5000,5000,5000
Tamil Nadu,Thiruvellore,Tiruvallur(Uzhavar Sandhai ),Ridgeguard(Tori),Ridgeguard(Tori),Local,07/09/2026,5000,5000,5000
Tamil Nadu,Thiruvellore,Tiruvallur(Uzhavar Sandhai ),Green Avare(W),Green Avare (W),Local,07/09/2026,5000,5000,5000
Tamil Nadu,Thiruvellore,Tiruvallur(Uzhavar Sandhai ),Colacasia,Colacasia,Local,07/09/2026,4000,4000,4000
Madhya Pradesh,Shivpuri,Karera(F&V) APMC,Tomato,Tomato,Local,07/09/2026,2000,2500,2300
Madhya Pradesh,Dhar,Kukshi(F&V) APMC,Potato,Potato,Grade A,07/09/2026,700,1200,900
Madhya Pradesh,Dhar,Kukshi(F&V) APMC,Brinjal,Brinjal,Grade A,07/09/2026,500,1000,700
Madhya Pradesh,Khandwa,Sanawad(F&V) APMC,Bhindi(Ladies Finger),Bhindi,Medium,07/09/2026,800,1000,900
Madhya Pradesh,Khandwa,Sanawad(F&V) APMC,Cabbage,Cabbage,Medium,07/09/2026,1000,1500,1300
Tamil Nadu,Vellore,Katpadi (Uzhavar Sandhai ),Potato,Red Nanital,Local,07/09/2026,2500,3500,3000
Tamil Nadu,Vellore,Katpadi (Uzhavar Sandhai ),Cabbage,Cabbage,Local,07/09/2026,2500,2500,2500
Tamil Nadu,Vellore,Katpadi (Uzhavar Sandhai ),Raddish,Raddish,Local,07/09/2026,2000,2000,2000
Tamil Nadu,Vellore,Katpadi (Uzhavar Sandhai ),Capsicum,Capsicum,Local,07/09/2026,5000,5000,5000
Tamil Nadu,Vellore,Katpadi (Uzhavar Sandhai ),Lemon,Lemon,Local,07/09/2026,12000,12000,12000
Tamil Nadu,Vellore,Katpadi (Uzhavar Sandhai ),Rose(Local),Rose (Local),Local,07/09/2026,13000,13000,13000
Tamil Nadu,Vellore,Katpadi (Uzhavar Sandhai ),Sweet Corn ,Sweet Corn ,Local,07/09/2026,2500,3000,2750
Assam,Nagaon,Ambagan APMC,Potato,Potato,FAQ,07/09/2026,1400,1600,1500
Tamil Nadu,Madurai,Thirumangalam(Uzhavar Sandhai ),Chikoos(Sapota),Sapota,Local,07/09/2026,4000,6000,5000
Tamil Nadu,Madurai,Thirumangalam(Uzhavar Sandhai ),Tomato,Deshi,Local,07/09/2026,2000,2800,2400
Tamil Nadu,Madurai,Thirumangalam(Uzhavar Sandhai ),Cluster beans,Cluster Beans,Local,07/09/2026,3000,3200,3100
Tamil Nadu,Madurai,Thirumangalam(Uzhavar Sandhai ),Ashgourd,Gouard,Local,07/09/2026,1600,2000,1800
Tamil Nadu,Madurai,Thirumangalam(Uzhavar Sandhai ),Green Chilli,Green Chilly,Local,07/09/2026,3500,4000,3750
Tamil Nadu,Madurai,Thirumangalam(Uzhavar Sandhai ),Drumstick,Drumstick,Local,07/09/2026,4000,5000,4500
Tamil Nadu,Madurai,Thirumangalam(Uzhavar Sandhai ),Yam(Ratalu),Yam (Ratalu),Local,07/09/2026,6500,7000,6750
Tamil Nadu,Madurai,Melur(Uzhavar Sandhai ),Coriander(Leaves),I Sort,Local,07/09/2026,4000,5500,4750
Tamil Nadu,Madurai,Melur(Uzhavar Sandhai ),Ashgourd,Gouard,Local,07/09/2026,1600,2000,1800
Tamil Nadu,Madurai,Melur(Uzhavar Sandhai ),Green Chilli,Green Chilly,Local,07/09/2026,3000,3500,3250
Tamil Nadu,Madurai,Melur(Uzhavar Sandhai ),Banana - Green,Banana - Green,Local,07/09/2026,3000,3600,3300
Tamil Nadu,Madurai,Melur(Uzhavar Sandhai ),Onion,Bellary,Local,07/09/2026,3000,4000,3500
Tamil Nadu,Madurai,Melur(Uzhavar Sandhai ),Thondekai,Thondekai,Local,07/09/2026,4500,4800,4650
Tamil Nadu,Madurai,Melur(Uzhavar Sandhai ),Guava,Guava Allahabad,Local,07/09/2026,6000,7000,6500
Keralam,Pathanamthitta,Ezhamkulam VFPCK Market,Banana,Nendra Bale,Grade A,07/09/2026,7500,8000,7800
Tamil Nadu,Salem,Vazhapadi(Uzhavar Sandhai),Coriander(Leaves),I Sort,Local,07/09/2026,4500,5000,4750
Tamil Nadu,Salem,Vazhapadi(Uzhavar Sandhai),Cluster beans,Cluster Beans,Local,07/09/2026,2800,3000,2900
Tamil Nadu,Salem,Vazhapadi(Uzhavar Sandhai),Pumpkin,Pumpkin,Local,07/09/2026,2000,2500,2250
Tamil Nadu,Salem,Vazhapadi(Uzhavar Sandhai),Groundnut,Big (With Shell),Local,07/09/2026,6500,7000,6750
Tamil Nadu,Salem,Vazhapadi(Uzhavar Sandhai),Onion,Bellary,Local,07/09/2026,5500,6000,5750
Tamil Nadu,Salem,Vazhapadi(Uzhavar Sandhai),Coconut,Coconut,Local,07/09/2026,6000,6500,6250
Tamil Nadu,Salem,Vazhapadi(Uzhavar Sandhai),Cabbage,Cabbage,Local,07/09/2026,2500,3000,2750
Tamil Nadu,Salem,Vazhapadi(Uzhavar Sandhai),Beetroot,Beetroot,Local,07/09/2026,5000,5500,5250
Tamil Nadu,Salem,Vazhapadi(Uzhavar Sandhai),Raddish,Raddish,Local,07/09/2026,2000,2500,2250
Tamil Nadu,Karur,Gandhigramam(Uzhavar Sandhai),Cauliflower,Ranchi,Local,07/09/2026,4500,5000,4750
Tamil Nadu,Karur,Gandhigramam(Uzhavar Sandhai),Ashgourd,Gouard,Local,07/09/2026,2200,2500,2350
Tamil Nadu,Karur,Gandhigramam(Uzhavar Sandhai),Beans,Beans (Whole),Local,07/09/2026,7000,8000,7500
Tamil Nadu,Karur,Gandhigramam(Uzhavar Sandhai),Tapioca,Tapioca,Local,07/09/2026,3000,3500,3250
Tamil Nadu,Karur,Gandhigramam(Uzhavar Sandhai),Snakeguard,Snakeguard,Local,07/09/2026,3000,3500,3250
Tamil Nadu,Karur,Gandhigramam(Uzhavar Sandhai),Chow Chow,Chow Chow,Local,07/09/2026,3500,4000,3750
Tamil Nadu,Karur,Gandhigramam(Uzhavar Sandhai),Drumstick,Drumstick,Local,07/09/2026,2000,2500,2250
Tamil Nadu,Karur,Gandhigramam(Uzhavar Sandhai),Baby Corn,Baby Corn,Grade A,07/09/2026,3500,4000,3750
Karnataka,Bengaluru South,Ramanagara APMC,Ginger(Green),Green Ginger,Local,07/09/2026,6000,12400,8500
Karnataka,Bengaluru South,Ramanagara APMC,Raddish,Raddish,Local,07/09/2026,1600,3000,2400
Karnataka,Bengaluru South,Ramanagara APMC,Seemebadnekai,Seemebadanekai,Local,07/09/2026,2000,2400,2200
Tamil Nadu,Pudukkottai,Aranthangi(Uzhavar Sandhai ),Brinjal,Other,Local,07/09/2026,4500,5000,4750
Tamil Nadu,Pudukkottai,Aranthangi(Uzhavar Sandhai ),Papaya,Papaya,Local,07/09/2026,2500,3000,2750
Tamil Nadu,Pudukkottai,Aranthangi(Uzhavar Sandhai ),Bitter gourd,Other,Local,07/09/2026,7000,8000,7500
Tamil Nadu,Pudukkottai,Aranthangi(Uzhavar Sandhai ),Onion,Bellary,Local,07/09/2026,6000,7000,6500
Tamil Nadu,Pudukkottai,Aranthangi(Uzhavar Sandhai ),Coconut,Coconut,Local,07/09/2026,3500,4000,3750
Tamil Nadu,Pudukkottai,Aranthangi(Uzhavar Sandhai ),Green Avare(W),Other,Local,07/09/2026,5000,6000,5500
Keralam,Thirssur,Nooluvally  VFPCK Market,Banana,Nendra Bale,Grade A,07/09/2026,4500,5800,5500
Karnataka,Bengaluru Rural,Hoskote APMC,Red gram split/Arhar dal/Tur dal,Arhar Dal(Tur),Local,07/09/2026,13300,13300,13300
Tamil Nadu,Nagapattinam,Vedaranyam(Uzhavar Sandhai),Brinjal,Round,Local,07/09/2026,4800,5500,5150
Tamil Nadu,Nagapattinam,Vedaranyam(Uzhavar Sandhai),Bhindi(Ladies Finger),Bhindi,Local,07/09/2026,4500,5000,4750
Tamil Nadu,Nagapattinam,Vedaranyam(Uzhavar Sandhai),Coconut,Coconut,Local,07/09/2026,4500,5000,4750
Tamil Nadu,Nagapattinam,Vedaranyam(Uzhavar Sandhai),Snakeguard,Snakeguard,Local,07/09/2026,3500,4000,3750
Tamil Nadu,Nagapattinam,Vedaranyam(Uzhavar Sandhai),Lime,Lime,Local,07/09/2026,3000,3500,3250
Tamil Nadu,Vellore,Perampet(Uzhavar Sandhai),Green Avare(W),Green Avare (W),Local,07/09/2026,5000,5000,5000
Tamil Nadu,Vellore,Perampet(Uzhavar Sandhai),Pumpkin,Pumpkin,Local,07/09/2026,2400,2400,2400
Tamil Nadu,Vellore,Perampet(Uzhavar Sandhai),Groundnut,Big (With Shell),Local,07/09/2026,7000,7600,7300
Tamil Nadu,Vellore,Perampet(Uzhavar Sandhai),Potato,Red Nanital,Local,07/09/2026,3000,3000,3000
Tamil Nadu,Vellore,Perampet(Uzhavar Sandhai),Ginger(Green),Green Ginger,Local,07/09/2026,19000,20000,19500
Tamil Nadu,Vellore,Perampet(Uzhavar Sandhai),Coconut,Coconut,Local,07/09/2026,2500,3000,2750
Tamil Nadu,Vellore,Perampet(Uzhavar Sandhai),Snakeguard,Snakeguard,Local,07/09/2026,2400,2400,2400
Tamil Nadu,Vellore,Perampet(Uzhavar Sandhai),Chow Chow,Chow Chow,Local,07/09/2026,4000,4600,4300
Tamil Nadu,Tenkasi,Alangulam APMC,Paddy(Common),Other,Local,07/09/2026,2500,2600,2550
Andhra Pradesh,Alluri Sitharama Raju,Araku Valley APMC,Millets,Millets,Grade Range-1,07/09/2026,2450,2450,2450
Uttarakhand,Chamoli (Gopeshwar),Chamoli APMC,Onion,Other,FAQ,07/09/2026,3000,3000,3000
Maharashtra,Pune,Pune(Pimpri) ,Cabbage,Other,Local,07/09/2026,1000,1200,1100
Maharashtra,Pune,Pune(Pimpri) ,Tomato,Local,Local,07/09/2026,1000,1400,1200
Tamil Nadu,Karur,Kulithalai(Uzhavar Sandhai ),Green Chilli,Green Chilly,Local,07/09/2026,4200,5000,4600
Tamil Nadu,Karur,Kulithalai(Uzhavar Sandhai ),Snakeguard,Snakeguard,Local,07/09/2026,3000,3600,3300
Tamil Nadu,Karur,Kulithalai(Uzhavar Sandhai ),Yam(Ratalu),Yam (Ratalu),Local,07/09/2026,7500,9000,8250
Tamil Nadu,Karur,Kulithalai(Uzhavar Sandhai ),Lemon,Lemon,Local,07/09/2026,18000,20000,19000
Tamil Nadu,Karur,Kulithalai(Uzhavar Sandhai ),Mashrooms,Mashrooms,Local,07/09/2026,25000,25000,25000
Tamil Nadu,Karur,Kulithalai(Uzhavar Sandhai ),Onion Green,Onion Green,Local,07/09/2026,6500,8000,7250
Tamil Nadu,Chengalpattu,Guduvancheri(Uzhavar Sandhai ),Coriander(Leaves),I Sort,Local,07/09/2026,5000,6000,5500
Tamil Nadu,Chengalpattu,Guduvancheri(Uzhavar Sandhai ),Pumpkin,Pumpkin,Local,07/09/2026,2500,3000,2750
Tamil Nadu,Chengalpattu,Guduvancheri(Uzhavar Sandhai ),Banana,Poovan,Local,07/09/2026,4000,5000,4500
Tamil Nadu,Chengalpattu,Guduvancheri(Uzhavar Sandhai ),Potato,Other,Local,07/09/2026,2500,3000,2750
Tamil Nadu,Chengalpattu,Guduvancheri(Uzhavar Sandhai ),Raddish,Raddish,Local,07/09/2026,3500,4000,3750
Tamil Nadu,Chengalpattu,Guduvancheri(Uzhavar Sandhai ),Marigold(Calcutta),Marigold(Calcutta),Local,07/09/2026,18000,20000,19000
Tamil Nadu,Chengalpattu,Guduvancheri(Uzhavar Sandhai ),Mint(Pudina),Mint(Pudina),Local,07/09/2026,3500,4000,3750
Tamil Nadu,Thirupathur,Vaniyampadi(Uzhavar Sandhai ),Garlic,Garlic,Local,07/09/2026,28000,28000,28000
Tamil Nadu,Thirupathur,Vaniyampadi(Uzhavar Sandhai ),Brinjal,Round,Local,07/09/2026,4000,4000,4000
Tamil Nadu,Thirupathur,Vaniyampadi(Uzhavar Sandhai ),Cluster beans,Cluster Beans,Local,07/09/2026,3000,3000,3000
Tamil Nadu,Thirupathur,Vaniyampadi(Uzhavar Sandhai ),Banana,Besrai,Local,07/09/2026,4000,4000,4000
Tamil Nadu,Thirupathur,Vaniyampadi(Uzhavar Sandhai ),Onion,Bellary,Local,07/09/2026,6000,6000,6000
Tamil Nadu,Thirupathur,Vaniyampadi(Uzhavar Sandhai ),Sweet Potato,Hosur Red,Local,07/09/2026,4000,4000,4000
Tamil Nadu,Thirupathur,Vaniyampadi(Uzhavar Sandhai ),Carrot,Pusakesar,Local,07/09/2026,6000,6000,6000
Tamil Nadu,Thirupathur,Vaniyampadi(Uzhavar Sandhai ),Cucumbar(Kheera),Cucumbar,Local,07/09/2026,4000,4000,4000
Tamil Nadu,Thirupathur,Vaniyampadi(Uzhavar Sandhai ),Knool Khol,Knool Khol,Local,07/09/2026,4000,4000,4000
Tamil Nadu,Thirupathur,Vaniyampadi(Uzhavar Sandhai ),Karbuja(Musk Melon),Karbhuja,Local,07/09/2026,4000,4000,4000
Tamil Nadu,Thirupathur,Vaniyampadi(Uzhavar Sandhai ),Colacasia,Colacasia,Local,07/09/2026,6000,6000,6000
Tamil Nadu,Thirupur,Dharapuram(Uzhavar Sandhai ),Bottle gourd,Bottle Gourd,Local,07/09/2026,1500,2000,1750
Tamil Nadu,Thirupur,Dharapuram(Uzhavar Sandhai ),Green Chilli,Green Chilly,Local,07/09/2026,5000,5500,5250
Tamil Nadu,Thirupur,Dharapuram(Uzhavar Sandhai ),Lemon,Lemon,Local,07/09/2026,20000,24000,22000
Tamil Nadu,Thirupur,Palladam(Uzhavar Sandhai ),Ashgourd,Gouard,Local,07/09/2026,2000,2500,2250
Tamil Nadu,Thirupur,Palladam(Uzhavar Sandhai ),Cowpea(Veg),Cowpea (Veg),Local,07/09/2026,3500,4000,3750
Tamil Nadu,Thirupur,Palladam(Uzhavar Sandhai ),Thondekai,Thondekai,Local,07/09/2026,3500,4000,3750
Telangana,Ranga Reddy,"Saroornagar,RBZ",Banana - Green,Banana - Green,Medium,07/09/2026,4000,4000,4000
Telangana,Ranga Reddy,"Saroornagar,RBZ",Cauliflower,Cauliflower,Medium,07/09/2026,1800,1800,1800
Telangana,Ranga Reddy,"Saroornagar,RBZ",Leafy Vegetable,Leafy Vegetables,Medium,07/09/2026,2000,2000,2000
Telangana,Ranga Reddy,"Saroornagar,RBZ",Little gourd(Kundru),Other,Medium,07/09/2026,2800,2800,2800
Telangana,Ranga Reddy,"Saroornagar,RBZ",Green Chilli,Other,Medium,07/09/2026,2800,2800,2800
Telangana,Ranga Reddy,"Saroornagar,RBZ",Ridgeguard(Tori),Other,Medium,07/09/2026,2800,2800,2800
Uttar Pradesh,Jhansi,Gurusarai APMC,Wheat,Other,FAQ,07/09/2026,2585,2585,2585
Uttar Pradesh,Raebarelli,Jayas APMC,Onion,Other,FAQ,07/09/2026,2500,2500,2500
Tamil Nadu,Kallakuruchi,Kallakurichi(Uzhavar Sandhai ),Ginger(Green),Green Ginger,Local,07/09/2026,22000,22000,22000
Tamil Nadu,Kallakuruchi,Kallakurichi(Uzhavar Sandhai ),Colacasia,Colacasia,Local,07/09/2026,4000,4000,4000
Tamil Nadu,Kallakuruchi,Kallakurichi(Uzhavar Sandhai ),Onion Green,Onion Green,Local,07/09/2026,7000,7000,7000
Tamil Nadu,Kallakuruchi,Kallakurichi(Uzhavar Sandhai ),Mint(Pudina),Mint(Pudina),Local,07/09/2026,3000,3000,3000
Uttar Pradesh,Lalitpur,Mehrauni APMC,Wheat,Other,FAQ,07/09/2026,2500,2600,2558.27
Uttar Pradesh,Mathura,Mathura APMC,Green Gram(Moong)(Whole),Other,FAQ,07/09/2026,8768,8768,8768
Tamil Nadu,Thirupathur,Natrampalli(Uzhavar Sandhai ),Cauliflower,Ranchi,Local,07/09/2026,2500,3000,2750
Tamil Nadu,Thirupathur,Natrampalli(Uzhavar Sandhai ),Brinjal,Round,Local,07/09/2026,3500,4000,3750
Tamil Nadu,Thirupathur,Natrampalli(Uzhavar Sandhai ),Bitter gourd,Bitter Gourd,Local,07/09/2026,4000,5000,4500
Tamil Nadu,Thirupathur,Natrampalli(Uzhavar Sandhai ),Banana - Green,Banana - Green,Local,07/09/2026,2500,3000,2750
Tamil Nadu,Thirupathur,Natrampalli(Uzhavar Sandhai ),Beans,Beans (Whole),Local,07/09/2026,8000,10000,9000
Tamil Nadu,Thirupathur,Natrampalli(Uzhavar Sandhai ),Cucumbar(Kheera),Cucumbar,Local,07/09/2026,2500,3000,2750
Haryana,Panipat,Panipat APMC,Apple,Other,Local,07/09/2026,2000,18000,10000
Haryana,Panipat,Panipat APMC,Bottle gourd,Bottle Gourd,Local,07/09/2026,500,800,600
Haryana,Panipat,Panipat APMC,Guava,Other,Local,07/09/2026,2000,8000,5000
Haryana,Panipat,Panipat APMC,Cabbage,Other,Local,07/09/2026,900,1500,1200
Uttar Pradesh,Farukhabad,Mohamadabad APMC,Potato,Other,FAQ,07/09/2026,550,550,550
Punjab,Pathankot,Pathankot APMC,Brinjal,Brinjal,Medium,07/09/2026,1300,1300,1300
Punjab,Pathankot,Pathankot APMC,Tomato,Tomato,Medium,07/09/2026,2700,2700,2700
Punjab,Pathankot,Pathankot APMC,Lemon,Lemon,Medium,07/09/2026,8500,8500,8500
Andhra Pradesh,Palnadu,Gurazala APMC,Chili Red,Red,Grade Range-1,07/09/2026,16800,28000,26000
Andhra Pradesh,Kurnool,Mantralayam APMC,Cotton,Bramha,FAQ,07/09/2026,4250,9600,9350
Andhra Pradesh,Srikakulam,Hiramandalam APMC,Paddy(Common),Masuri,Local,07/09/2026,2400,2400,2400
Andhra Pradesh,Palnadu,Ipur APMC,Maize,Local,FAQ,07/09/2026,2000,2250,2100
Andhra Pradesh,Palnadu,Macharla APMC,Red gram/Arhar/Tur(whole),Local,Grade Range-1,07/09/2026,8200,8200,8200
Andhra Pradesh,Ananthapuramu,Guntakal APMC,Red gram/Arhar/Tur(whole),Local,Local,07/09/2026,7000,8000,7500
Andhra Pradesh,Dr.B.R.A.Konaseema,Ravulapalem (Kothapeta APMC),Banana,Amruthapani,Local,07/09/2026,2600,3800,3400
Andhra Pradesh,Dr.B.R.A.Konaseema,Ravulapalem (Kothapeta APMC),Banana,Desi(Bontha),Local,07/09/2026,1700,2200,1900
Andhra Pradesh,Srikakulam,Kanchili APMC,Paddy(Common),1001,FAQ,07/09/2026,2400,2400,2400
Andhra Pradesh,Ananthapuramu,Kalyandurg APMC,Groundnut,Local,Grade Range-1,07/09/2026,8000,8500,8300
Andhra Pradesh,Sri Sathya Sai,Hindupur APMC,Tamarind Fruit,Non A/c Flower,FAQ,07/09/2026,6000,8900,6500
Andhra Pradesh,Sri Sathya Sai,Hindupur APMC,Dry Chillies,1st Sort,FAQ,07/09/2026,7000,24000,18500
Telangana,Mahabubabad,Mahabubabad APMC,Paddy(Common),Common,Local,07/09/2026,2650,4510,3292
Uttar Pradesh,Maharajganj,Nautnava APMC,Wheat,Dara,FAQ,07/09/2026,2400,2400,2400
Telangana,Nagarkurnool,Kalwakurthy APMC,Cucumbar(Kheera),Cucumbar,Local,07/09/2026,900,900,900
Andhra Pradesh,Markapuram,Giddalur APMC,Bengal Gram(Gram)(Whole),Other,FAQ,07/09/2026,5850,6000,5950
Andhra Pradesh,Ananthapuramu,Gooti APMC,Red gram/Arhar/Tur(whole),Local,Grade Range-1,07/09/2026,5400,6600,5980
Andhra Pradesh,YSR Kadapa,Proddatur APMC,Paddy(Common),Paddy,Local,07/09/2026,2300,2300,2300
Andhra Pradesh,YSR Kadapa,Proddatur APMC,Groundnut,Local,Local,07/09/2026,7000,7000,7000
Andhra Pradesh,Guntur,Ponnur APMC,Black Gram(Urd Beans)(Whole),Black Gram (Whole),Grade Range-1,07/09/2026,9800,10000,9900
Andhra Pradesh,Nandyal,Panyam APMC,Maize,Hybrid/Local,FAQ,07/09/2026,2400,2400,2400
Andhra Pradesh,Anakapally,Yellamanchili APMC,Paddy(Common),1001,Local,07/09/2026,2390,2450,2400
Andhra Pradesh,Parvathipuram Manyam,Parvathipuram APMC,Maize,Local,Local,07/09/2026,2400,2400,2400
Andhra Pradesh,NTR,Tiruvuru APMC,Paddy(Common),Sona,Local,07/09/2026,2800,2800,2800
Andhra Pradesh,NTR,Tiruvuru APMC,Rice,Sona,Local,07/09/2026,4800,4800,4800
Haryana,Mahendragarh-Narnaul,Mohindergarh APMC,Ginger(Green),Green Ginger,Medium,07/09/2026,4000,5000,5000
Haryana,Mahendragarh-Narnaul,Mohindergarh APMC,Cucumbar(Kheera),Cucumbar,Medium,07/09/2026,1000,1600,1500
Andhra Pradesh,Guntur,Prathipadu APMC,Cotton,Bramha,Grade Range-1,07/09/2026,8500,9600,9000
Andhra Pradesh,Sri Sathya Sai,Puttaparthi  APMC,Maize,Local,FAQ,07/09/2026,2400,2500,2450
Andhra Pradesh,Sri Sathya Sai,Puttaparthi  APMC,Groundnut,F.A.Q,FAQ,07/09/2026,6400,6800,6600
Tamil Nadu,Salem,Athur(Uzhavar Sandhai ),Tomato,Local,Local,07/09/2026,2000,2800,2400
Tamil Nadu,Salem,Athur(Uzhavar Sandhai ),Cluster beans,Cluster Beans,Local,07/09/2026,2500,3000,2750
Tamil Nadu,Salem,Athur(Uzhavar Sandhai ),Bitter gourd,Other,Local,07/09/2026,4500,5000,4750
Tamil Nadu,Salem,Athur(Uzhavar Sandhai ),Ashgourd,Gouard,Local,07/09/2026,2000,2400,2200
Tamil Nadu,Salem,Athur(Uzhavar Sandhai ),Pumpkin,Pumpkin,Local,07/09/2026,2000,2400,2200
Tamil Nadu,Salem,Athur(Uzhavar Sandhai ),Green Chilli,Green Chilly,Local,07/09/2026,3500,4000,3750
Tamil Nadu,Salem,Athur(Uzhavar Sandhai ),Tapioca,Tapioca,Local,07/09/2026,2500,3000,2750
Tamil Nadu,Salem,Athur(Uzhavar Sandhai ),Onion,Bellary,Local,07/09/2026,5500,6500,6000
Tamil Nadu,Salem,Athur(Uzhavar Sandhai ),Guava,Guava Allahabad,Local,07/09/2026,5500,6000,5750
Tamil Nadu,Salem,Athur(Uzhavar Sandhai ),Marigold(Calcutta),Marigold(Calcutta),Local,07/09/2026,20000,24000,22000
Tamil Nadu,Salem,Athur(Uzhavar Sandhai ),Tamarind Fruit,Tamarind Fruit,Local,07/09/2026,13000,16000,14500
Tamil Nadu,Salem,Athur(Uzhavar Sandhai ),Elephant Yam(Suran)/Amorphophallus,Elephant Yam (Suran),Local,07/09/2026,3000,3500,3250
Tamil Nadu,Salem,Athur(Uzhavar Sandhai ),Tube Rose(Loose),Tube Rose (Loose),Local,07/09/2026,14000,20000,17000
Uttar Pradesh,Pratapgarh,Pratapgarh APMC,Paddy(Common),Common,FAQ,07/09/2026,2200,2200,2200
Tamil Nadu,Theni,Periyakulam(Uzhavar Sandhai ),Green Chilli,Green Chilly,Local,07/09/2026,4000,4200,4100
Tamil Nadu,Theni,Periyakulam(Uzhavar Sandhai ),Onion,Bellary,Local,07/09/2026,5800,6000,5900
Tamil Nadu,Theni,Periyakulam(Uzhavar Sandhai ),Carrot,Pusakesar,Local,07/09/2026,5000,5400,5200
Tamil Nadu,Theni,Periyakulam(Uzhavar Sandhai ),Beetroot,Beetroot,Local,07/09/2026,2800,3000,2900
Tamil Nadu,Theni,Periyakulam(Uzhavar Sandhai ),Chow Chow,Chow Chow,Local,07/09/2026,2200,2400,2300
Tamil Nadu,Theni,Periyakulam(Uzhavar Sandhai ),Indian Beans(Seam),Indian Beans (Seam),Local,07/09/2026,5000,5400,5200
Tamil Nadu,Virudhunagar,Srivilliputhur(Uzhavar Sandhai ),Brinjal,Round,Local,07/09/2026,3500,4000,3750
Tamil Nadu,Virudhunagar,Srivilliputhur(Uzhavar Sandhai ),Chikoos(Sapota),Sapota,Local,07/09/2026,3500,4000,3750
Tamil Nadu,Virudhunagar,Srivilliputhur(Uzhavar Sandhai ),Bitter gourd,Bitter Gourd,Local,07/09/2026,7000,8000,7500
Tamil Nadu,Virudhunagar,Srivilliputhur(Uzhavar Sandhai ),Pumpkin,Pumpkin,Local,07/09/2026,2000,2500,2250
Tamil Nadu,Virudhunagar,Srivilliputhur(Uzhavar Sandhai ),Bhindi(Ladies Finger),Bhindi,Local,07/09/2026,3000,3500,3250
Tamil Nadu,Virudhunagar,Srivilliputhur(Uzhavar Sandhai ),Banana - Green,Banana - Green,Local,07/09/2026,2500,3000,2750
Tamil Nadu,Virudhunagar,Srivilliputhur(Uzhavar Sandhai ),Snakeguard,Snakeguard,Local,07/09/2026,3500,4000,3750
Tamil Nadu,Virudhunagar,Srivilliputhur(Uzhavar Sandhai ),Beetroot,Beetroot,Local,07/09/2026,4000,4500,4250
Tamil Nadu,Virudhunagar,Srivilliputhur(Uzhavar Sandhai ),Ridgeguard(Tori),Ridgeguard(Tori),Local,07/09/2026,4500,5000,4750
Tamil Nadu,Virudhunagar,Srivilliputhur(Uzhavar Sandhai ),Raddish,Raddish,Local,07/09/2026,3000,3500,3250
Tamil Nadu,Virudhunagar,Srivilliputhur(Uzhavar Sandhai ),Tender Coconut,Tender Coconut,Local,07/09/2026,2000,2500,2250
Tamil Nadu,Virudhunagar,Srivilliputhur(Uzhavar Sandhai ),Elephant Yam(Suran)/Amorphophallus,Elephant Yam (Suran),Local,07/09/2026,4500,5000,4750
Tamil Nadu,Virudhunagar,Srivilliputhur(Uzhavar Sandhai ),Lemon,Lemon,Local,07/09/2026,19000,20000,19500
Tamil Nadu,Virudhunagar,Srivilliputhur(Uzhavar Sandhai ),Colacasia,Colacasia,Local,07/09/2026,5000,6000,5500
Uttar Pradesh,Raebarelli,Raibareilly APMC,Wheat,Dara,FAQ,07/09/2026,2600,2600,2600
Uttar Pradesh,Raebarelli,Raibareilly APMC,Wood,Other,FAQ,07/09/2026,450,450,450
Uttar Pradesh,Badaun,Shahaswan APMC,Banana,Amruthapani,Medium,07/09/2026,2000,2200,2100
Uttar Pradesh,Badaun,Shahaswan APMC,Pumpkin,Other,Medium,07/09/2026,1000,1200,1100
Uttar Pradesh,Hathras,Shadabad APMC,Bottle gourd,Bottle Gourd,Small,07/09/2026,600,700,650
Uttar Pradesh,Hathras,Shadabad APMC,Brinjal,Brinjal,Small,07/09/2026,600,700,650
Uttar Pradesh,Barabanki,Safdarganj APMC,Wheat,Dara Mill Quality,FAQ,07/09/2026,2450,2450,2450
Uttar Pradesh,Prayagraj,Sirsa APMC,Onion,Other,FAQ,07/09/2026,1800,1800,1800
Uttar Pradesh,Prayagraj,Sirsa APMC,Tomato,Other,FAQ,07/09/2026,1500,1900,1874
Odisha,Dhenkanal,Kamakhyanagar APMC,Potato,Potato,Grade A,07/09/2026,2600,2600,2600
Uttar Pradesh,Badaun,Ujhani APMC,Potato,Other,FAQ,07/09/2026,550,550,550
Uttar Pradesh,Unnao,Unnao APMC,Wheat,Dara Mill Quality,FAQ,07/09/2026,2550,2550,2550
Tripura,Sepahijala,Sonamura APMC,Bhindi(Ladies Finger),Bhindi,Medium,07/09/2026,3500,4000,3800
Tripura,Sepahijala,Sonamura APMC,Cabbage,Cabbage,Medium,07/09/2026,3000,4000,3500
Tripura,Sepahijala,Sonamura APMC,Cucumbar(Kheera),Cucumbar,Medium,07/09/2026,3500,4000,3800
Assam,Sonitpur,Dhekiajuli APMC,Brinjal,Brinjal,FAQ,07/09/2026,2200,2400,2400
Punjab,Ferozpur,Zira APMC,Guava,Other,Local,07/09/2026,3200,3200,3200
Punjab,Ferozpur,Zira APMC,Brinjal,Other,Local,07/09/2026,1000,1000,1000
Punjab,Ferozpur,Zira APMC,Tomato,Other,Local,07/09/2026,2400,2400,2400
West Bengal,Bankura,Khatra APMC,Paddy(Common),Swarna Masuri (New),FAQ,07/09/2026,2300,2389,2369
West Bengal,Bankura,Khatra APMC,Cucumbar(Kheera),Cucumbar,FAQ,07/09/2026,3000,3600,3500
Tripura,North Tripura,Dasda APMC,Brinjal,Round/Long,FAQ,07/09/2026,2700,2700,2700
Gujarat,Amreli,Dhari APMC,Wheat,Lokwan,FAQ,07/09/2026,2750,2750,2750
Gujarat,Amreli,Dhari APMC,Cotton,Local,FAQ,07/09/2026,8725,9300,9075
Gujarat,Morbi,Vankaner APMC,Cotton,Other,FAQ,07/09/2026,7750,9845,9000
Uttar Pradesh,Kanpur,Baripaal APMC,Tomato,Other,FAQ,07/09/2026,2000,2000,2000
Uttar Pradesh,Kanpur,Baripaal APMC,Green Gram(Moong)(Whole),Other,FAQ,07/09/2026,6900,6900,6900
Andhra Pradesh,Chittor,Bangarupalyam APMC,Mango,Other,Grade B,07/09/2026,1000,1200,1100
Tripura,Sepahijala,Boxonagar,Fish,Katla(Big),FAQ,07/09/2026,32000,34000,33000
Tripura,Sepahijala,Boxonagar,Cock,Boiler/Firm(White),FAQ,07/09/2026,160,320,230
Tamil Nadu,Coimbatore,Vadavalli(Uzhavar Sandhai ),Potato,Other,Local,07/09/2026,4000,4600,4300
Tamil Nadu,Coimbatore,Vadavalli(Uzhavar Sandhai ),Bhindi(Ladies Finger),Bhindi,Local,07/09/2026,4000,4500,4250
Tamil Nadu,Coimbatore,Vadavalli(Uzhavar Sandhai ),Ginger(Green),Green Ginger,Local,07/09/2026,14500,15500,15000
Tamil Nadu,Coimbatore,Vadavalli(Uzhavar Sandhai ),Raddish,Raddish,Local,07/09/2026,2500,3000,2750
Tamil Nadu,Coimbatore,Vadavalli(Uzhavar Sandhai ),Pomegranate,Pomogranate,Local,07/09/2026,10000,14000,12000
Tamil Nadu,Coimbatore,Vadavalli(Uzhavar Sandhai ),Lemon,Lemon,Local,07/09/2026,18000,19000,18500
Keralam,Wayanad,Pulpally Market,Cocoa,Cocoa,Local,07/09/2026,14500,14700,14600
West Bengal,Darjeeling,Karsiyang(Matigara) APMC,Potato,Red,FAQ,07/09/2026,1400,1600,1500
West Bengal,Darjeeling,Darjeeling APMC,Squash(Chappal Kadoo),Other,FAQ,07/09/2026,2000,2200,2100
West Bengal,Uttar Dinajpur,Raiganj APMC,Onion,Nasik,FAQ,07/09/2026,4200,4500,4400
Gujarat,Vadodara(Baroda),Padra APMC,Bhindi(Ladies Finger),Other,FAQ,07/09/2026,1000,1500,1250
Gujarat,Vadodara(Baroda),Padra APMC,Drumstick,Other,FAQ,07/09/2026,4000,5000,4500
Gujarat,Vadodara(Baroda),Padra APMC,Green Chilli,Green Chilly,FAQ,07/09/2026,3000,3500,3250
Gujarat,Vadodara(Baroda),Padra APMC,Onion,Other,FAQ,07/09/2026,4000,5500,4750
Gujarat,Vadodara(Baroda),Padra APMC,Sponge gourd,Other,FAQ,07/09/2026,400,1000,700
Haryana,Yamuna Nagar,Sadhaura APMC,Bhindi(Ladies Finger),Bhindi,Local,07/09/2026,1200,1500,1400
Haryana,Ambala,Shahzadpur APMC,Chilly Capsicum,Chilly Capsicum,Large,07/09/2026,2000,2000,2000
Haryana,Hissar,Uklana APMC,Cucumbar(Kheera),Cucumbar,Medium,07/09/2026,1800,2000,2000
Haryana,Gurgaon,Pataudi APMC,Cabbage,Other,Grade B,07/09/2026,2000,2500,2200
Haryana,Gurgaon,Pataudi APMC,Onion,Onion,Grade B,07/09/2026,3000,4000,3500
Haryana,Gurgaon,Pataudi APMC,Pomegranate,Other,Grade B,07/09/2026,9000,10000,9800
Haryana,Hissar,Barwala(Hisar) APMC,Potato,Potato,Local,07/09/2026,900,1000,1000
Haryana,Hissar,Barwala(Hisar) APMC,Bhindi(Ladies Finger),Bhindi,Local,07/09/2026,2000,2000,2000
Haryana,Hissar,Barwala(Hisar) APMC,Raddish,Raddish,Local,07/09/2026,1500,1500,1500
Haryana,Hissar,Barwala(Hisar) APMC,Lemon,Other,Local,07/09/2026,5000,6000,5500
Haryana,Kaithal,Dhand APMC,Onion,Other,Medium,07/09/2026,3500,4000,3800
Punjab,Fazilka,Jalalabad APMC,Bitter gourd,Bitter Gourd,Medium,07/09/2026,3400,3500,3450
Punjab,Fazilka,Jalalabad APMC,Guava,Guava,Medium,07/09/2026,2800,3200,3000
Punjab,Jalandhar,Jalandhar City(Jalandhar) APMC,Ginger(Green),Green Ginger,FAQ,07/09/2026,4000,5500,4700
Punjab,Jalandhar,Jalandhar City(Jalandhar) APMC,Guava,Other,Medium,07/09/2026,2000,3700,2400
Punjab,Jalandhar,Jalandhar City(Jalandhar) APMC,Papaya,Papaya,Medium,07/09/2026,1100,2700,1600
Punjab,Jalandhar,Jalandhar City(Jalandhar) APMC,Bottle gourd,Bottle Gourd,FAQ,07/09/2026,800,1600,1200
Punjab,Jalandhar,Jalandhar City(Jalandhar) APMC,Raddish,Raddish,FAQ,07/09/2026,600,1400,1000
Punjab,Jalandhar,Jalandhar City(Jalandhar) APMC,Tomato,Tomato,FAQ,07/09/2026,600,2000,1300
West Bengal,Murshidabad,Kandi APMC,Rice,Common,FAQ,07/09/2026,3500,3700,3600
Tamil Nadu,Coimbatore,Udumalpet APMC,Papaya,Papaya,Local,07/09/2026,3000,3500,3250
Tamil Nadu,Coimbatore,Udumalpet APMC,Tomato,Deshi,Local,07/09/2026,2000,2400,2200
Tamil Nadu,Coimbatore,Udumalpet APMC,Ashgourd,Gouard,Local,07/09/2026,1500,2000,1750
Tamil Nadu,Coimbatore,Udumalpet APMC,Amaranthus,Amaranthus,Local,07/09/2026,2500,3000,2750
Tamil Nadu,Coimbatore,Udumalpet APMC,Coconut,Coconut,Local,07/09/2026,5000,6000,5500
Tamil Nadu,Coimbatore,Udumalpet APMC,Snakeguard,Snakeguard,Local,07/09/2026,3500,4400,3950
Tamil Nadu,Coimbatore,Udumalpet APMC,Cucumbar(Kheera),Cucumbar,Local,07/09/2026,4500,6500,5500
Tamil Nadu,Coimbatore,Udumalpet APMC,Raddish,Raddish,Local,07/09/2026,3000,3400,3200
Tamil Nadu,Coimbatore,Udumalpet APMC,Indian Beans(Seam),Indian Beans (Seam),Local,07/09/2026,6000,7500,6750
Madhya Pradesh,Harda,Timarni APMC,Wheat,Wheat,FAQ,07/09/2026,2694,2722,2722
Madhya Pradesh,Harda,Timarni APMC,Green Gram(Moong)(Whole),Green (Whole),FAQ,07/09/2026,1771,8010,7899
Madhya Pradesh,Harda,Khirakiya APMC,Soyabean,Yellow,Non-FAQ,07/09/2026,5140,5140,5140
Madhya Pradesh,Hoshangabad,Pipariya APMC,Wheat,Wheat,FAQ,07/09/2026,2580,2728,2728
Madhya Pradesh,Harda,Sirali APMC,Wheat,Mill Quality,FAQ,07/09/2026,2711,2775,2775
Himachal Pradesh,Kangra,SMY Nagrota Bagwan,Pomegranate,Pomogranate,Medium,07/09/2026,9000,10500,9800
Himachal Pradesh,Kangra,SMY Nagrota Bagwan,Pineapple,Pine Apple,Medium,07/09/2026,4000,4200,4100
Himachal Pradesh,Kangra,SMY Nagrota Bagwan,Green Chilli,Green Chilly,FAQ,07/09/2026,4200,4600,4400
Himachal Pradesh,Kangra,SMY Nagrota Bagwan,Capsicum,Capsicum,FAQ,07/09/2026,4800,5000,4900
Himachal Pradesh,Kangra,SMY Nagrota Bagwan,Pumpkin,Pumpkin,FAQ,07/09/2026,1400,1700,1600
Himachal Pradesh,Kullu,SMY Chauri Bihal,French Beans(Frasbean),Other,Grade Range-1,07/09/2026,3000,3300,3200
Himachal Pradesh,Kullu,SMY Chauri Bihal,Capsicum,Other,Grade Range-1,07/09/2026,3000,3400,3200
Himachal Pradesh,Kullu,SMY Chauri Bihal,Bitter gourd,Other,Grade Range-1,07/09/2026,3000,3100,3050
Himachal Pradesh,Kullu,SMY Patli Kulh,Apple,Other,Grade Range-1,07/09/2026,1000,9000,7000
Himachal Pradesh,Shimla,SMY Rampur,Tomato,Tomato,Local,07/09/2026,4000,4500,4200
Himachal Pradesh,Shimla,SMY Rampur,Brinjal,Other,Local,07/09/2026,2500,3000,2800
Himachal Pradesh,Shimla,SMY Rampur,Raddish,Other,Local,07/09/2026,2000,2500,2200
Madhya Pradesh,Dhar,Manawar APMC,Maize,Local,FAQ,07/09/2026,1675,2255,2255
Madhya Pradesh,Dhar,Rajgarh APMC,Wheat,Wheat,FAQ,07/09/2026,2550,2605,2605
West Bengal,Darjeeling,Siliguri APMC,Rice,Fine(Basmati),FAQ,07/09/2026,5100,5300,5200
West Bengal,Darjeeling,Siliguri APMC,Onion,Onion,FAQ,07/09/2026,5000,5200,5100
Madhya Pradesh,Indore,Sanwer APMC,Wheat,Wheat,FAQ,07/09/2026,2681,2791,2791
Madhya Pradesh,Khargone,Sanawad APMC,Bengal Gram(Gram)(Whole),Gram,FAQ,07/09/2026,6000,7150,7150
Madhya Pradesh,Khargone,Badwaha APMC,Green Gram(Moong)(Whole),Green (Whole),FAQ,07/09/2026,6995,6995,6995
Madhya Pradesh,Khargone,Karhi APMC,Cotton,Without Ginned Cotton,FAQ,07/09/2026,7130,8690,7610
Madhya Pradesh,Badwani,Anjad APMC,Maize,Local,FAQ,07/09/2026,1575,1575,1575
Madhya Pradesh,Badwani,Anjad APMC,Cotton,Without Ginned Cotton,FAQ,07/09/2026,7000,7500,7400
Madhya Pradesh,Shajapur,Shujalpur APMC,Wheat,Wheat,FAQ,07/09/2026,2890,2920,2920
Madhya Pradesh,Shajapur,Shujalpur APMC,Onion,Red,FAQ,07/09/2026,1700,4820,3400
Madhya Pradesh,Shajapur,Shujalpur APMC,Garlic,Desi,FAQ,07/09/2026,3201,9500,9500
Tamil Nadu,Erode,Gobichettipalayam(Uzhavar Sandhai ),Chikoos(Sapota),Sapota,Local,07/09/2026,3800,4000,3900
Tamil Nadu,Erode,Gobichettipalayam(Uzhavar Sandhai ),Cluster beans,Cluster Beans,Local,07/09/2026,3200,3500,3350
Tamil Nadu,Erode,Gobichettipalayam(Uzhavar Sandhai ),Ashgourd,Gouard,Local,07/09/2026,3000,3500,3250
Tamil Nadu,Erode,Gobichettipalayam(Uzhavar Sandhai ),Green Chilli,Green Chilly,Local,07/09/2026,4400,4600,4500
Tamil Nadu,Erode,Gobichettipalayam(Uzhavar Sandhai ),Raddish,Raddish,Local,07/09/2026,2200,2500,2350
Punjab,Tarntaran,Bhikhiwind APMC,Brinjal,Brinjal,Local,07/09/2026,1200,1200,1200
Tamil Nadu,Erode,Sampath Nagar(Uzhavar Sandhai ),Brinjal,Other,Local,07/09/2026,3000,3200,3100
Tamil Nadu,Erode,Sampath Nagar(Uzhavar Sandhai ),Papaya,Papaya,Local,07/09/2026,3000,3400,3200
Tamil Nadu,Erode,Sampath Nagar(Uzhavar Sandhai ),Amaranthus,Amaranthus,Local,07/09/2026,3000,3500,3250
Tamil Nadu,Erode,Sampath Nagar(Uzhavar Sandhai ),Grapes,Annabesahai,Local,07/09/2026,11000,11500,11250
Tamil Nadu,Erode,Sampath Nagar(Uzhavar Sandhai ),Knool Khol,Knool Khol,Local,07/09/2026,3600,4000,3800
Tamil Nadu,Erode,Sampath Nagar(Uzhavar Sandhai ),Tender Coconut,Tender Coconut,Local,07/09/2026,3500,4000,3750
Himachal Pradesh,Kullu,SMY Bandrol,Cabbage,Other,FAQ,07/09/2026,800,1200,1000
Himachal Pradesh,Kullu,SMY Bandrol,Pomegranate,Other,Grade A,07/09/2026,2800,6800,4500
Madhya Pradesh,Shajapur,Kalapipal APMC,Bengal Gram(Gram)(Whole),Gram,FAQ,07/09/2026,4803,4803,4803
Madhya Pradesh,Shajapur,Kalapipal APMC,Lentil(Masur)(Whole),Masur Dal,FAQ,07/09/2026,6630,6737,6737
Himachal Pradesh,Shimla,SMY Rohroo,Capsicum,Capsicum,Grade B,07/09/2026,2500,3500,3000
Himachal Pradesh,Shimla,SMY Rohroo,Pomegranate,Other,Grade B,07/09/2026,12000,13000,12500
Himachal Pradesh,Shimla,SMY Rohroo,Bhindi(Ladies Finger),Bhindi,Grade B,07/09/2026,2000,2200,2100
Himachal Pradesh,Shimla,SMY Rohroo,Ginger(Green),Green Ginger,Grade B,07/09/2026,5000,9200,7000
Himachal Pradesh,Shimla,SMY Rohroo,Tomato,Deshi,Grade B,07/09/2026,3000,3500,3250
Punjab,Jalandhar,Phillaur(Apra Mandi) APMC,Onion,Other,FAQ,07/09/2026,5000,5000,5000
Punjab,Jalandhar,Phillaur(Apra Mandi) APMC,Ridgeguard(Tori),Other,FAQ,07/09/2026,2500,2500,2500
Punjab,Jalandhar,Phillaur(Apra Mandi) APMC,Bhindi(Ladies Finger),Other,FAQ,07/09/2026,1500,1500,1500
Madhya Pradesh,Guna,Guna APMC,Paddy(Common),Dhan,FAQ,07/09/2026,3400,3400,3400
Maharashtra,Mumbai,Mumbai-Onion & Potato Market ,Potato,Other,Local,07/09/2026,700,1200,950
Maharashtra,Mumbai,Mumbai-Onion & Potato Market ,Onion,Other,Local,07/09/2026,3500,4700,4100
West Bengal,Jhargram,Jhargram APMC,Potato,Jyoti,FAQ,07/09/2026,700,800,750
Tripura,Khowai,Kalyanpur APMC,Brinjal,Round/Long,FAQ,07/09/2026,5000,5200,5100
Tripura,Khowai,Kalyanpur APMC,Potato,Jalander,FAQ,07/09/2026,2000,2200,2100
Punjab,Jalandhar,Mehatpur APMC,Spinach,Other,Local,07/09/2026,2300,2500,2400
Madhya Pradesh,Guna,Aron APMC,Wheat,Wheat,FAQ,07/09/2026,2733,2790,2790
Madhya Pradesh,Seoni,Seoni APMC,Maize,Local,FAQ,07/09/2026,2580,2580,2580
Tamil Nadu,Vellore,Pallikonda(Uzhavar Sandhai),Coriander(Leaves),I Sort,Local,07/09/2026,3500,3500,3500
Tamil Nadu,Vellore,Pallikonda(Uzhavar Sandhai),Papaya,Papaya,Local,07/09/2026,4500,4500,4500
Tamil Nadu,Vellore,Pallikonda(Uzhavar Sandhai),Cluster beans,Cluster Beans,Local,07/09/2026,2500,2500,2500
Tamil Nadu,Vellore,Pallikonda(Uzhavar Sandhai),Bottle gourd,Bottle Gourd,Local,07/09/2026,2500,2500,2500
Tamil Nadu,Vellore,Pallikonda(Uzhavar Sandhai),Ginger(Green),Green Ginger,Local,07/09/2026,16000,16000,16000
Tamil Nadu,Pudukkottai,Ponnamaravathi(Uzhavar Sandhai),Cluster beans,Cluster Beans,Local,07/09/2026,3500,4000,3750
Tamil Nadu,Pudukkottai,Ponnamaravathi(Uzhavar Sandhai),Pumpkin,Pumpkin,Local,07/09/2026,1000,1500,1250
Tamil Nadu,Pudukkottai,Ponnamaravathi(Uzhavar Sandhai),Banana - Green,Banana - Green,Local,07/09/2026,2500,3000,2750
Odisha,Kalahandi,Bhawanipatna APMC,Brinjal,Brinjal,Local,07/09/2026,3000,3000,3000
Odisha,Kalahandi,Bhawanipatna APMC,Bitter gourd,Other,Local,07/09/2026,2700,2700,2700
Odisha,Kalahandi,Bhawanipatna APMC,Bhindi(Ladies Finger),Bhindi,Local,07/09/2026,2800,2800,2800
Odisha,Kalahandi,Junagarh APMC,Cabbage,Other,Grade B,07/09/2026,2500,3100,2800
Keralam,Palakad,Palakkad Market,Banana,Poovan,Medium,07/09/2026,7000,8000,7600
Keralam,Palakad,Palakkad Market,Lime,Other,Medium,07/09/2026,5000,6000,5600
Keralam,Palakad,Palakkad Market,Black Gram(Urd Beans)(Whole),Black Gram (Whole),FAQ,07/09/2026,12000,13000,12600
Keralam,Palakad,Palakkad Market,Kabuli Chana(Chickpeas-White),Kabuli Chana(Chickpeas-white),FAQ,07/09/2026,10000,12000,11100
Keralam,Palakad,Palakkad Market,Capsicum,Capsicum,FAQ,07/09/2026,5200,6000,5700
Keralam,Palakad,Palakkad Market,Carrot,Carrot,FAQ,07/09/2026,3800,5000,4500
Keralam,Palakad,Palakkad Market,French Beans(Frasbean),Other,FAQ,07/09/2026,6800,8000,7500
Keralam,Palakad,Palakkad Market,Brinjal,Brinjal,FAQ,07/09/2026,2800,4000,3500
Keralam,Palakad,Palakkad Market,Drumstick,Drumstick,FAQ,07/09/2026,2600,3500,3100
Tamil Nadu,Nagapattinam,Mayiladuthurai(Uzhavar Sandhai ),Cauliflower,Ranchi,Local,07/09/2026,5000,5000,5000
Tamil Nadu,Nagapattinam,Mayiladuthurai(Uzhavar Sandhai ),Pumpkin,Pumpkin,Local,07/09/2026,1500,2000,1750
Tamil Nadu,Nagapattinam,Mayiladuthurai(Uzhavar Sandhai ),Green Chilli,Green Chilly,Local,07/09/2026,5500,6000,5750
Tamil Nadu,Nagapattinam,Mayiladuthurai(Uzhavar Sandhai ),Coconut,Coconut,Local,07/09/2026,3000,4000,3500
Tamil Nadu,Nagapattinam,Mayiladuthurai(Uzhavar Sandhai ),Carrot,Pusakesar,Local,07/09/2026,7000,8000,7500
Tamil Nadu,Nagapattinam,Mayiladuthurai(Uzhavar Sandhai ),Mint(Pudina),Mint(Pudina),Local,07/09/2026,4000,4500,4250
Uttar Pradesh,Hardoi,Hardoi APMC,Onion,Other,FAQ,07/09/2026,2500,2500,2500
Uttar Pradesh,Jaunpur,Jaunpur APMC,Paddy(Common),Common,FAQ,07/09/2026,2700,2800,2734.38
Tamil Nadu,Pudukkottai,Viralimalai(Uzhavar Sandhai ),Tomato,Deshi,Local,07/09/2026,2000,2500,2250
Tamil Nadu,Pudukkottai,Viralimalai(Uzhavar Sandhai ),Coconut,Coconut,Local,07/09/2026,3500,4000,3750
Tamil Nadu,Pudukkottai,Viralimalai(Uzhavar Sandhai ),Snakeguard,Snakeguard,Local,07/09/2026,2500,3000,2750
Tamil Nadu,Pudukkottai,Viralimalai(Uzhavar Sandhai ),Ridgeguard(Tori),Ridgeguard(Tori),Local,07/09/2026,4500,5000,4750
Tamil Nadu,Pudukkottai,Viralimalai(Uzhavar Sandhai ),Raddish,Raddish,Local,07/09/2026,3500,4000,3750
Tamil Nadu,Pudukkottai,Viralimalai(Uzhavar Sandhai ),Drumstick,Drumstick,Local,07/09/2026,4500,5000,4750
West Bengal,Uttar Dinajpur,Islampur APMC,Potato,Other,FAQ,07/09/2026,520,580,550
Tamil Nadu,Ramanathapuram,Kamuthi(Uzhavar Sandhai ),Brinjal,Round,Local,07/09/2026,6000,6500,6250
Tamil Nadu,Ramanathapuram,Paramakudi(Uzhavar Sandhai ),Cauliflower,Ranchi,Local,07/09/2026,5000,5500,5250
Tamil Nadu,Ramanathapuram,Paramakudi(Uzhavar Sandhai ),Marigold(Calcutta),Marigold(Calcutta),Local,07/09/2026,8000,9000,8500
Tamil Nadu,Ramanathapuram,Paramakudi(Uzhavar Sandhai ),Bottle gourd,Bottle Gourd,Local,07/09/2026,2200,2500,2350
Tamil Nadu,Ramanathapuram,Paramakudi(Uzhavar Sandhai ),Bhindi(Ladies Finger),Bhindi,Local,07/09/2026,5500,6000,5750
Tamil Nadu,Ramanathapuram,Paramakudi(Uzhavar Sandhai ),Amaranthus,Amaranthus,Local,07/09/2026,3800,4000,3900
Tamil Nadu,Ramanathapuram,Paramakudi(Uzhavar Sandhai ),Soyabean,Local,Local,07/09/2026,10000,11000,10500
Tamil Nadu,Ramanathapuram,Paramakudi(Uzhavar Sandhai ),Coconut,Coconut,Local,07/09/2026,6500,7000,6750
Tamil Nadu,Ramanathapuram,Paramakudi(Uzhavar Sandhai ),Kakada,Kakada,Local,07/09/2026,40000,45000,42500
Tamil Nadu,Ramanathapuram,Paramakudi(Uzhavar Sandhai ),Tube Flower,Tube Flower,Local,07/09/2026,60000,70000,65000
Tamil Nadu,Ramanathapuram,Ramanathapuram(Uzhavar Sandhai ),Bhindi(Ladies Finger),Bhindi,Local,07/09/2026,6000,6500,6250
Tamil Nadu,Ramanathapuram,Ramanathapuram(Uzhavar Sandhai ),Amaranthus,Amaranthus,Local,07/09/2026,3500,4000,3750
Tamil Nadu,Ramanathapuram,Ramanathapuram(Uzhavar Sandhai ),Beans,Beans (Whole),Local,07/09/2026,9000,9500,9250
Tamil Nadu,Ramanathapuram,Ramanathapuram(Uzhavar Sandhai ),Banana,Besrai,Local,07/09/2026,5000,5500,5250
Tamil Nadu,Ramanathapuram,Ramanathapuram(Uzhavar Sandhai ),Raddish,Raddish,Local,07/09/2026,4200,4500,4350
Tamil Nadu,Ramanathapuram,Ramanathapuram(Uzhavar Sandhai ),Mango(Raw-Ripe),Mango - Raw-Ripe,Local,07/09/2026,5000,5500,5250
Tamil Nadu,Ramanathapuram,Ramanathapuram(Uzhavar Sandhai ),Lime,Lime,Local,07/09/2026,13000,13500,13250
Tamil Nadu,Ramanathapuram,Ramanathapuram(Uzhavar Sandhai ),Tender Coconut,Tender Coconut,Local,07/09/2026,6000,6500,6250
Tamil Nadu,Ramanathapuram,Ramanathapuram(Uzhavar Sandhai ),Onion Green,Onion Green,Local,07/09/2026,9500,10000,9750
Tamil Nadu,Pudukkottai,Alangudi(Uzhavar Sandhai ),Brinjal,Other,Local,07/09/2026,5000,6000,5500
Tamil Nadu,Pudukkottai,Alangudi(Uzhavar Sandhai ),Cluster beans,Cluster Beans,Local,07/09/2026,3000,3800,3400
Tamil Nadu,Pudukkottai,Alangudi(Uzhavar Sandhai ),Bottle gourd,Bottle Gourd,Local,07/09/2026,2000,2500,2250
Tamil Nadu,Pudukkottai,Alangudi(Uzhavar Sandhai ),Green Avare(W),Other,Local,07/09/2026,6000,7000,6500
Tamil Nadu,Pudukkottai,Alangudi(Uzhavar Sandhai ),Banana,Poovan,Local,07/09/2026,4500,5000,4750
Tamil Nadu,Thiruvannamalai,Arani(Uzhavar Sandhai ),Garlic,Garlic,Local,07/09/2026,20000,24000,22000
Tamil Nadu,Thiruvannamalai,Arani(Uzhavar Sandhai ),Bottle gourd,Bottle Gourd,Local,07/09/2026,1500,2000,1750
Tamil Nadu,Thiruvannamalai,Arani(Uzhavar Sandhai ),Ashgourd,Gouard,Local,07/09/2026,2000,2500,2250
Tamil Nadu,Thiruvannamalai,Arani(Uzhavar Sandhai ),Banana,Other,Local,07/09/2026,5000,6000,5500
Tamil Nadu,Thiruvannamalai,Arani(Uzhavar Sandhai ),Sweet Potato,Hosur Red,Local,07/09/2026,3000,4000,3500
Tamil Nadu,Thiruvannamalai,Arani(Uzhavar Sandhai ),Cabbage,Cabbage,Local,07/09/2026,2500,3000,2750
Tamil Nadu,Thiruvannamalai,Arani(Uzhavar Sandhai ),Guava,Guava Allahabad,Local,07/09/2026,4000,5000,4500
Tamil Nadu,Thiruvannamalai,Polur(Uzhavar Sandhai ),Cauliflower,Ranchi,Local,07/09/2026,2500,3000,2750
Tamil Nadu,Thiruvannamalai,Polur(Uzhavar Sandhai ),Coriander(Leaves),I Sort,Local,07/09/2026,4200,5000,4600
Tamil Nadu,Thiruvannamalai,Polur(Uzhavar Sandhai ),Bitter gourd,Bitter Gourd,Local,07/09/2026,4000,4800,4400
Tamil Nadu,Thiruvannamalai,Polur(Uzhavar Sandhai ),Bottle gourd,Bottle Gourd,Local,07/09/2026,1600,2000,1800
Tamil Nadu,Thiruvannamalai,Polur(Uzhavar Sandhai ),Ashgourd,Gouard,Local,07/09/2026,1600,2000,1800
Tamil Nadu,Thiruvannamalai,Polur(Uzhavar Sandhai ),Pumpkin,Pumpkin,Local,07/09/2026,1600,2000,1800
Tamil Nadu,Thiruvannamalai,Polur(Uzhavar Sandhai ),Green Chilli,Green Chilly,Local,07/09/2026,5000,6000,5500
Tamil Nadu,Thiruvannamalai,Polur(Uzhavar Sandhai ),Onion,Bellary,Local,07/09/2026,5000,6000,5500
Tamil Nadu,Thiruvannamalai,Polur(Uzhavar Sandhai ),Ginger(Green),Green Ginger,Local,07/09/2026,15000,18000,16500
Tamil Nadu,Thiruvannamalai,Polur(Uzhavar Sandhai ),Coconut,Coconut,Local,07/09/2026,4000,4500,4250
Tamil Nadu,Thiruvannamalai,Polur(Uzhavar Sandhai ),Sweet Potato,Hosur Red,Local,07/09/2026,3300,4000,3650
Tamil Nadu,Thiruvannamalai,Polur(Uzhavar Sandhai ),Drumstick,Drumstick,Local,07/09/2026,3300,4000,3650
Tamil Nadu,Thiruvannamalai,Polur(Uzhavar Sandhai ),Knool Khol,Knool Khol,Local,07/09/2026,2500,3000,2750
Tamil Nadu,Thiruvannamalai,Polur(Uzhavar Sandhai ),Guava,Guava Allahabad,Local,07/09/2026,4200,5000,4600
Tamil Nadu,Thiruvannamalai,Polur(Uzhavar Sandhai ),Lemon,Lemon,Local,07/09/2026,8000,10000,9000
Tamil Nadu,Thiruvannamalai,Tiruvannamalai(Uzhavar Sandhai ),Chikoos(Sapota),Sapota,Local,07/09/2026,4000,5000,4500
Tamil Nadu,Thiruvannamalai,Tiruvannamalai(Uzhavar Sandhai ),Bitter gourd,Bitter Gourd,Local,07/09/2026,5000,6000,5500
Tamil Nadu,Thiruvannamalai,Tiruvannamalai(Uzhavar Sandhai ),Ashgourd,Gouard,Local,07/09/2026,2000,2500,2250
Tamil Nadu,Thiruvannamalai,Tiruvannamalai(Uzhavar Sandhai ),Pumpkin,Pumpkin,Local,07/09/2026,2000,2500,2250
Tamil Nadu,Thiruvannamalai,Tiruvannamalai(Uzhavar Sandhai ),Amaranthus,Amaranthus,Local,07/09/2026,3500,4000,3750
Tamil Nadu,Thiruvannamalai,Tiruvannamalai(Uzhavar Sandhai ),Green Chilli,Green Chilly,Local,07/09/2026,5000,6000,5500
Tamil Nadu,Thiruvannamalai,Tiruvannamalai(Uzhavar Sandhai ),Beans,Beans (Whole),Local,07/09/2026,8000,10000,9000
Tamil Nadu,Thiruvannamalai,Tiruvannamalai(Uzhavar Sandhai ),Apple,American,Local,07/09/2026,20000,24000,22000
Tamil Nadu,Thiruvannamalai,Tiruvannamalai(Uzhavar Sandhai ),Potato,Red Nanital,Local,07/09/2026,3500,4000,3750
Tamil Nadu,Thiruvannamalai,Tiruvannamalai(Uzhavar Sandhai ),Cucumbar(Kheera),Cucumbar,Local,07/09/2026,4000,5000,4500
Tamil Nadu,Thiruvannamalai,Tiruvannamalai(Uzhavar Sandhai ),Ridgeguard(Tori),Ridgeguard(Tori),Local,07/09/2026,4000,5000,4500
Tamil Nadu,Thiruvannamalai,Tiruvannamalai(Uzhavar Sandhai ),Drumstick,Drumstick,Local,07/09/2026,3500,4000,3750
Tamil Nadu,Thiruvannamalai,Tiruvannamalai(Uzhavar Sandhai ),Knool Khol,Knool Khol,Local,07/09/2026,3500,4000,3750
Tamil Nadu,Thiruvannamalai,Tiruvannamalai(Uzhavar Sandhai ),Marigold(Calcutta),Marigold(Calcutta),Local,07/09/2026,22000,24000,23000
Tamil Nadu,Thiruvannamalai,Tiruvannamalai(Uzhavar Sandhai ),Rose(Local),Rose (Local),Local,07/09/2026,14000,16000,15000
Tamil Nadu,Thiruvarur,Mannargudi I(Uzhavar Sandhai ),Potato,Red Nanital,Local,07/09/2026,3000,3000,3000
Tamil Nadu,Thiruvarur,Mannargudi I(Uzhavar Sandhai ),Brinjal,Round,Local,07/09/2026,4000,4000,4000
Tamil Nadu,Thiruvarur,Mannargudi I(Uzhavar Sandhai ),Mousambi(Sweet Lime),Mousambi,Local,07/09/2026,5000,5000,5000
Tamil Nadu,Thiruvarur,Mannargudi I(Uzhavar Sandhai ),Tomato,Deshi,Local,07/09/2026,2600,2600,2600
Tamil Nadu,Thiruvarur,Mannargudi I(Uzhavar Sandhai ),Ashgourd,Gouard,Local,07/09/2026,2400,2400,2400
Tamil Nadu,Thiruvarur,Mannargudi I(Uzhavar Sandhai ),Bhindi(Ladies Finger),Bhindi,Local,07/09/2026,3400,3400,3400
Tamil Nadu,Thiruvarur,Mannargudi I(Uzhavar Sandhai ),Ginger(Green),Green Ginger,Local,07/09/2026,17000,17000,17000
Tamil Nadu,Thiruvarur,Mannargudi I(Uzhavar Sandhai ),Carrot,Pusakesar,Local,07/09/2026,6400,6400,6400
Tamil Nadu,Thiruvarur,Mannargudi I(Uzhavar Sandhai ),Elephant Yam(Suran)/Amorphophallus,Elephant Yam (Suran),Local,07/09/2026,4000,4000,4000
Tamil Nadu,Thiruvarur,Mannargudi II(Uzhavar Sandhai ),Potato,Other,Local,07/09/2026,3000,3000,3000
Tamil Nadu,Thiruvarur,Mannargudi II(Uzhavar Sandhai ),Cauliflower,Ranchi,Local,07/09/2026,6000,6000,6000
Tamil Nadu,Thiruvarur,Mannargudi II(Uzhavar Sandhai ),Brinjal,Round,Local,07/09/2026,4000,4000,4000
Tamil Nadu,Thiruvarur,Mannargudi II(Uzhavar Sandhai ),Tomato,Deshi,Local,07/09/2026,2600,2600,2600
Tamil Nadu,Thiruvarur,Mannargudi II(Uzhavar Sandhai ),Beans,Beans (Whole),Local,07/09/2026,7400,7400,7400
Tamil Nadu,Thiruvarur,Mannargudi II(Uzhavar Sandhai ),Banana,Other,Local,07/09/2026,6000,6000,6000
Tamil Nadu,Thiruvarur,Mannargudi II(Uzhavar Sandhai ),Onion,Bellary,Local,07/09/2026,5600,7000,6300
Tamil Nadu,Thiruvarur,Mannargudi II(Uzhavar Sandhai ),Beetroot,Beetroot,Local,07/09/2026,4400,4400,4400
Tamil Nadu,Thiruvarur,Mannargudi II(Uzhavar Sandhai ),Mint(Pudina),Mint(Pudina),Local,07/09/2026,5500,5500,5500
Tamil Nadu,Thiruvarur,Tiruthuraipoondi(Uzhavar Sandhai ),Brinjal,Round,Local,07/09/2026,3800,3800,3800
Tamil Nadu,Thiruvarur,Tiruthuraipoondi(Uzhavar Sandhai ),Pumpkin,Pumpkin,Local,07/09/2026,2500,2500,2500
Tamil Nadu,Thiruvarur,Tiruthuraipoondi(Uzhavar Sandhai ),Bhindi(Ladies Finger),Bhindi,Local,07/09/2026,3800,3800,3800
Tamil Nadu,Thiruvarur,Tiruthuraipoondi(Uzhavar Sandhai ),Amaranthus,Amaranthus,Local,07/09/2026,1500,1500,1500
Tamil Nadu,Thiruvarur,Tiruthuraipoondi(Uzhavar Sandhai ),Tapioca,Tapioca,Local,07/09/2026,4400,4400,4400
Tamil Nadu,Thiruvarur,Tiruthuraipoondi(Uzhavar Sandhai ),Groundnut,Big (With Shell),Local,07/09/2026,6000,6000,6000
Tamil Nadu,Thiruvarur,Tiruthuraipoondi(Uzhavar Sandhai ),Pineapple,Pine Apple,Local,07/09/2026,6000,6000,6000
Tamil Nadu,Thiruvarur,Tiruthuraipoondi(Uzhavar Sandhai ),Mango(Raw-Ripe),Mango - Raw-Ripe,Local,07/09/2026,4500,4500,4500
Tamil Nadu,Thiruvarur,Tiruthuraipoondi(Uzhavar Sandhai ),Lime,Lime,Local,07/09/2026,3000,3000,3000
Tamil Nadu,Thiruvarur,Tiruthuraipoondi(Uzhavar Sandhai ),Tamarind Fruit,Tamarind Fruit,Local,07/09/2026,16000,16000,16000
Tamil Nadu,Thiruvarur,Tiruthuraipoondi(Uzhavar Sandhai ),Lemon,Lemon,Local,07/09/2026,15000,15000,15000
Tamil Nadu,Thiruvellore,Ambattur(Uzhavar Sandhai ),Green Chilli,Green Chilly,Local,07/09/2026,6000,6000,6000
Tamil Nadu,Thiruvellore,Ambattur(Uzhavar Sandhai ),Onion,Bellary,Local,07/09/2026,5500,5500,5500
Tamil Nadu,Thiruvellore,Ambattur(Uzhavar Sandhai ),Coconut,Coconut,Local,07/09/2026,6000,6000,6000
Tamil Nadu,Thiruvellore,Naravarikuppam(Uzhavar Sandhai ),Brinjal,Round,Local,07/09/2026,4500,4500,4500
Tamil Nadu,Thiruvellore,Naravarikuppam(Uzhavar Sandhai ),Bottle gourd,Bottle Gourd,Local,07/09/2026,3000,3000,3000
Tamil Nadu,Thiruvellore,Naravarikuppam(Uzhavar Sandhai ),Rose(Local),Rose (Local),Local,07/09/2026,8000,8000,8000
Tamil Nadu,Thiruvellore,Paruthipattu(Uzhavar Sandhai ),Bhindi(Ladies Finger),Bhindi,Local,07/09/2026,4000,4000,4000
Tamil Nadu,Thiruvellore,Paruthipattu(Uzhavar Sandhai ),Snakeguard,Snakeguard,Local,07/09/2026,4000,4000,4000
Tamil Nadu,Thiruvellore,Paruthipattu(Uzhavar Sandhai ),Cucumbar(Kheera),Cucumbar,Local,07/09/2026,4000,4000,4000
Tamil Nadu,Thiruvellore,Paruthipattu(Uzhavar Sandhai ),Thondekai,Thondekai,Local,07/09/2026,5000,5000,5000
Tamil Nadu,Thiruvellore,Paruthipattu(Uzhavar Sandhai ),Capsicum,Capsicum,Local,07/09/2026,5000,5000,5000
Tamil Nadu,Thiruvellore,Perambakkam(Uzhavar Sandhai ),Snakeguard,Snakeguard,Local,07/09/2026,4000,4000,4000
Tamil Nadu,Tuticorin,Kovilpatti(Uzhavar Sandhai ),Chikoos(Sapota),Sapota,Local,07/09/2026,4000,4500,4250
Tamil Nadu,Tuticorin,Kovilpatti(Uzhavar Sandhai ),Papaya,Papaya,Local,07/09/2026,3000,3500,3250
Tamil Nadu,Tuticorin,Kovilpatti(Uzhavar Sandhai ),Beans,Beans (Whole),Local,07/09/2026,8000,8500,8250
Tamil Nadu,Tuticorin,Kovilpatti(Uzhavar Sandhai ),Onion,Bellary,Local,07/09/2026,5500,6000,5750
Tamil Nadu,Tuticorin,Kovilpatti(Uzhavar Sandhai ),Carrot,Pusakesar,Local,07/09/2026,6000,6500,6250
Tamil Nadu,Tuticorin,Kovilpatti(Uzhavar Sandhai ),Ridgeguard(Tori),Ridgeguard(Tori),Local,07/09/2026,7000,7500,7250
Tamil Nadu,Tuticorin,Kovilpatti(Uzhavar Sandhai ),Elephant Yam(Suran)/Amorphophallus,Elephant Yam (Suran),Local,07/09/2026,4000,4500,4250
Tamil Nadu,Tuticorin,Kovilpatti(Uzhavar Sandhai ),Lemon,Lemon,Local,07/09/2026,16000,17000,16500
Tamil Nadu,Vellore,Gudiyatham(Uzhavar Sandhai ),Papaya,Papaya,Local,07/09/2026,4000,4000,4000
Tamil Nadu,Vellore,Gudiyatham(Uzhavar Sandhai ),Bottle gourd,Bottle Gourd,Local,07/09/2026,1800,1800,1800
Tamil Nadu,Vellore,Gudiyatham(Uzhavar Sandhai ),Beans,Beans (Whole),Local,07/09/2026,7600,7600,7600
Tamil Nadu,Vellore,Gudiyatham(Uzhavar Sandhai ),Groundnut,Big (With Shell),Local,07/09/2026,7600,7600,7600
Tamil Nadu,Vellore,Gudiyatham(Uzhavar Sandhai ),Potato,Red Nanital,Local,07/09/2026,3000,3000,3000
Tamil Nadu,Vellore,Gudiyatham(Uzhavar Sandhai ),Sweet Potato,Hosur Red,Local,07/09/2026,3600,3600,3600
Tamil Nadu,Vellore,Gudiyatham(Uzhavar Sandhai ),Ridgeguard(Tori),Ridgeguard(Tori),Local,07/09/2026,3000,3000,3000
Tamil Nadu,Vellore,Gudiyatham(Uzhavar Sandhai ),Raddish,Raddish,Local,07/09/2026,2400,2400,2400
Tamil Nadu,Vellore,Gudiyatham(Uzhavar Sandhai ),Sweet Corn ,Sweet Corn ,Local,07/09/2026,2500,2500,2500
Tamil Nadu,Vellore,Kahithapattarai(Uzhavar Sandhai ),Potato,Other,Local,07/09/2026,2400,2400,2400
Tamil Nadu,Vellore,Kahithapattarai(Uzhavar Sandhai ),Papaya,Papaya,Local,07/09/2026,4500,4500,4500
Tamil Nadu,Vellore,Kahithapattarai(Uzhavar Sandhai ),Bhindi(Ladies Finger),Bhindi,Local,07/09/2026,3000,3000,3000
Tamil Nadu,Vellore,Kahithapattarai(Uzhavar Sandhai ),Amaranthus,Amaranthus,Local,07/09/2026,3000,4000,3500
Tamil Nadu,Vellore,Kahithapattarai(Uzhavar Sandhai ),Cowpea(Veg),Cowpea (Veg),Local,07/09/2026,2500,2500,2500
Tamil Nadu,Vellore,Kahithapattarai(Uzhavar Sandhai ),Thondekai,Thondekai,Local,07/09/2026,3000,3000,3000
Tamil Nadu,Vellore,Kahithapattarai(Uzhavar Sandhai ),Capsicum,Capsicum,Local,07/09/2026,5000,5000,5000
Tamil Nadu,Vellore,Kahithapattarai(Uzhavar Sandhai ),Marigold(Calcutta),Marigold(Calcutta),Local,07/09/2026,8000,8000,8000
Tamil Nadu,Vellore,Kahithapattarai(Uzhavar Sandhai ),Indian Beans(Seam),Indian Beans (Seam),Local,07/09/2026,4500,4500,4500
Tamil Nadu,Vellore,Kahithapattarai(Uzhavar Sandhai ),Lemon,Lemon,Local,07/09/2026,16000,17000,16500
Tamil Nadu,Villupuram,Villupuram(Uzhavar Sandhai ),Ashgourd,Gouard,Local,07/09/2026,2000,2000,2000
Tamil Nadu,Villupuram,Villupuram(Uzhavar Sandhai ),Banana - Green,Banana - Green,Local,07/09/2026,3000,3000,3000
Tamil Nadu,Villupuram,Villupuram(Uzhavar Sandhai ),Beetroot,Beetroot,Local,07/09/2026,5000,5000,5000
Andhra Pradesh,Chittor,Palamaner APMC,Tomato,Tomato,FAQ,07/09/2026,1500,2000,1700
Andhra Pradesh,Prakasam,Darsi APMC,Cotton,Desi,Local,07/09/2026,8100,8200,8200
Andhra Pradesh,Palnadu,Narasaraopet APMC,Red gram/Arhar/Tur(whole),Local,FAQ,07/09/2026,8500,8500,8500
Haryana,Rewari,Rewari APMC,Apple,Apple,Medium,07/09/2026,4000,25000,15000
Jammu and Kashmir,Rajouri,Rajouri (Phaliana) (F&V),Apple,Apple,Grade B,07/09/2026,8000,8000,8000
Himachal Pradesh,Solan,PMY Kather Solan,Papaya,Other,Medium,07/09/2026,3000,3500,3500
Himachal Pradesh,Solan,PMY Kather Solan,Mousambi(Sweet Lime),Other,Medium,07/09/2026,4500,5000,4500
Punjab,Hoshiarpur,Mukerian APMC,Banana,Medium,Grade B,07/09/2026,2500,3500,3000
Punjab,Hoshiarpur,Mukerian APMC,Onion,Onion,Grade B,07/09/2026,3800,4600,4200
Tripura,Sepahijala,Melaghar APMC,Bhindi(Ladies Finger),Bhindi,Local,07/09/2026,4000,4500,4400
Tripura,Sepahijala,Melaghar APMC,Pointed gourd(Parval),Other,Local,07/09/2026,3000,3500,3400
Tripura,Unokoti,Pabiacherra APMC,Bottle gourd,Other,FAQ,07/09/2026,2000,2200,2100
Tripura,Unokoti,Pabiacherra APMC,Bitter gourd,Other,FAQ,07/09/2026,6500,6700,6600
Punjab,Ludhiana,Ludhiana APMC,Mousambi(Sweet Lime),Other,Medium,07/09/2026,2000,4000,3000
Punjab,Ludhiana,Ludhiana APMC,Pear(Marasebu),Other,Medium,07/09/2026,2000,6000,3000
Punjab,Ludhiana,Ludhiana APMC,Onion,Other,FAQ,07/09/2026,1300,4700,3000
Punjab,Ludhiana,Ludhiana APMC,Carrot,Other,FAQ,07/09/2026,800,1400,1100
Punjab,Ludhiana,Ludhiana APMC,Bhindi(Ladies Finger),Other,FAQ,07/09/2026,1200,1700,1400
Punjab,Ludhiana,Ludhiana APMC,Pea Pod/Pea Cod/हरी मटर,Other,FAQ,07/09/2026,2000,7000,4000
Punjab,Ludhiana,Ludhiana APMC,Cucumbar(Kheera),Other,FAQ,07/09/2026,700,2200,1200
Punjab,Ludhiana,Ludhiana APMC,Tomato,Other,FAQ,07/09/2026,800,2300,1700
West Bengal,Birbhum,Birbhum APMC,Mustard Oil,Mustard Oil,FAQ,07/09/2026,18000,18200,18100
West Bengal,Birbhum,Birbhum APMC,Rice,Common,FAQ,07/09/2026,3650,3750,3700
West Bengal,Birbhum,Birbhum APMC,Brinjal,Brinjal,FAQ,07/09/2026,5800,6000,5900
Odisha,Dhenkanal,Hindol APMC,Onion,Other,Grade B,07/09/2026,4500,5000,4800
Odisha,Dhenkanal,Hindol APMC,Ridgeguard(Tori),Other,Grade B,07/09/2026,5000,5500,5200
West Bengal,Jalpaiguri,Jalpaiguri Sadar APMC,Bitter gourd,Bitter Gourd,FAQ,07/09/2026,4400,4600,4500
West Bengal,Jalpaiguri,Jalpaiguri Sadar APMC,Squash(Chappal Kadoo),Other,FAQ,07/09/2026,1100,1300,1200
West Bengal,Jalpaiguri,Jalpaiguri Sadar APMC,Green Chilli,Green Chilly,FAQ,07/09/2026,4800,5000,4900
Keralam,Kottayam,Pampady Market,Green Chilli,Green Chilly,FAQ,07/09/2026,5000,6500,6000
Keralam,Kottayam,Pampady Market,Ginger(Green),Green Ginger,FAQ,07/09/2026,17500,37500,30000
Keralam,Kottayam,Pampady Market,Mango(Raw-Ripe),Mango - Raw-Ripe,Grade A,07/09/2026,6500,8000,7500
Goa,North Goa,Mapusa APMC,Onion,Onion,FAQ,07/09/2026,2400,2800,2600
Andhra Pradesh,Alluri Sitharama Raju,Chintapally APMC,Groundnut,Local,FAQ,07/09/2026,6700,7300,7000
Andhra Pradesh,Eluru,Eluru APMC,Lemon,Lemon,Local,07/09/2026,7000,14500,10000
Andhra Pradesh,Krishna,Gannavaram APMC,Black Gram(Urd Beans)(Whole),Desi,Local,07/09/2026,8200,8200,8200
Andhra Pradesh,Krishna,Gannavaram APMC,Paddy(Common),1001,Local,07/09/2026,2400,2400,2400
Tamil Nadu,Thiruvannamalai,Cheyyar(Uzhavar Sandhai ),Papaya,Papaya,Local,07/09/2026,3500,4000,3750
Tamil Nadu,Thiruvannamalai,Cheyyar(Uzhavar Sandhai ),Bhindi(Ladies Finger),Bhindi,Local,07/09/2026,3500,4000,3750
Tamil Nadu,Thiruvannamalai,Cheyyar(Uzhavar Sandhai ),Banana - Green,Banana - Green,Local,07/09/2026,1600,2000,1800
Tamil Nadu,Thiruvannamalai,Cheyyar(Uzhavar Sandhai ),Beans,Beans (Whole),Local,07/09/2026,6000,7200,6600
Tamil Nadu,Thiruvannamalai,Cheyyar(Uzhavar Sandhai ),Cucumbar(Kheera),Cucumbar,Local,07/09/2026,2500,3000,2750
Tamil Nadu,Thiruvannamalai,Cheyyar(Uzhavar Sandhai ),Drumstick,Drumstick,Local,07/09/2026,3500,4200,3850
Tamil Nadu,Thiruvannamalai,Cheyyar(Uzhavar Sandhai ),Yam(Ratalu),Yam (Ratalu),Local,07/09/2026,5000,6000,5500
Tamil Nadu,Thiruvannamalai,Cheyyar(Uzhavar Sandhai ),Mint(Pudina),Mint(Pudina),Local,07/09/2026,4000,4500,4250
Andhra Pradesh,Krishna,Divi (HQ-Avanigadda) APMC,Black Gram(Urd Beans)(Whole),Desi,FAQ,07/09/2026,8200,8700,8400
Andhra Pradesh,Anakapally,Chodavaram APMC,Paddy(Common),Paddy,Local,07/09/2026,2200,2400,2300
Andhra Pradesh,Dr.B.R.A.Konaseema,Ramachandrapuram APMC,Paddy(Common),Paddy,FAQ,07/09/2026,2369,2379,2369
Andhra Pradesh,Eluru,Chintalapudi APMC,Lemon,Lemon,Local,07/09/2026,9000,10000,9500
Karnataka,Chikkaballapur,Bagepalli APMC,Bitter gourd,Bitter Gourd,Small,07/09/2026,2500,3000,2600
Karnataka,Chikkaballapur,Bagepalli APMC,Snakeguard,Snakeguard,Small,07/09/2026,1000,2000,1500
Karnataka,Chikkaballapur,Bagepalli APMC,Raddish,Raddish,Small,07/09/2026,1000,1500,1200
Karnataka,Chikkaballapur,Bagepalli APMC,Drumstick,Drumstick,Small,07/09/2026,1500,2500,2000
Haryana,Ambala,Naraingarh APMC,Banana,Banana - Ripe,Medium,07/09/2026,1900,3500,3000
Haryana,Ambala,Naraingarh APMC,Ginger(Green),Green Ginger,Medium,07/09/2026,3500,5500,4000
Haryana,Ambala,Naraingarh APMC,Green Chilli,Green Chilly,Medium,07/09/2026,1400,3000,2000
Andhra Pradesh,Alluri Sitharama Raju,Paderu APMC,Turmeric,Local,Grade Range-2,07/09/2026,12500,12500,12500
Tamil Nadu,Thanjavur,Papanasam(Uzhavar Sandhai ),Cauliflower,Ranchi,Local,07/09/2026,4800,4800,4800
Tamil Nadu,Thanjavur,Papanasam(Uzhavar Sandhai ),Bhindi(Ladies Finger),Bhindi,Local,07/09/2026,3000,4800,3900
Tamil Nadu,Thanjavur,Papanasam(Uzhavar Sandhai ),Green Chilli,Green Chilly,Local,07/09/2026,4800,4800,4800
Tamil Nadu,Thanjavur,Papanasam(Uzhavar Sandhai ),Coconut,Coconut,Local,07/09/2026,6000,6000,6000
Tamil Nadu,Thanjavur,Papanasam(Uzhavar Sandhai ),Cabbage,Cabbage,Local,07/09/2026,3600,3600,3600
Tamil Nadu,Thanjavur,Papanasam(Uzhavar Sandhai ),Snakeguard,Snakeguard,Local,07/09/2026,3000,4200,3600
Tamil Nadu,Thanjavur,Papanasam(Uzhavar Sandhai ),Raddish,Raddish,Local,07/09/2026,3600,3600,3600
Tamil Nadu,Thanjavur,Papanasam(Uzhavar Sandhai ),Chow Chow,Chow Chow,Local,07/09/2026,3600,3600,3600
Tamil Nadu,Thanjavur,Papanasam(Uzhavar Sandhai ),Drumstick,Drumstick,Local,07/09/2026,3600,6000,4800
Andhra Pradesh,YSR Kadapa,Rajampet APMC,Papaya,Papaya,Grade A,07/09/2026,1500,1700,1600
Punjab,Fatehgarh,Sirhind APMC,Capsicum,Other,FAQ,07/09/2026,2600,4000,3500
Punjab,Fatehgarh,Sirhind APMC,Carrot,Other,FAQ,07/09/2026,2300,2500,2400
Punjab,Fatehgarh,Sirhind APMC,Cucumbar(Kheera),Other,FAQ,07/09/2026,2000,3500,3000
Punjab,Fatehgarh,Sirhind APMC,Cabbage,Other,FAQ,07/09/2026,2000,2500,2300
Punjab,Fatehgarh,Sirhind APMC,Coriander(Leaves),Other,FAQ,07/09/2026,5500,6500,6000
Odisha,Sundergarh,Panposh APMC,Cauliflower,Local,FAQ,07/09/2026,4000,4500,4200
Tamil Nadu,Ariyalur,Ariyalur(Uzhavar Sandhai),Potato,Red Nanital,Local,07/09/2026,3500,4000,3750
Tamil Nadu,Ariyalur,Ariyalur(Uzhavar Sandhai),Amaranthus,Amaranthus,Local,07/09/2026,3000,3500,3250
Tamil Nadu,Ariyalur,Ariyalur(Uzhavar Sandhai),Green Chilli,Green Chilly,Local,07/09/2026,4500,5500,5000
Tamil Nadu,Ariyalur,Ariyalur(Uzhavar Sandhai),Onion,Bellary,Local,07/09/2026,4500,5000,4750
Tamil Nadu,Ariyalur,Ariyalur(Uzhavar Sandhai),Green Avare(W),Green Avare (W),Local,07/09/2026,7000,8000,7500
Tamil Nadu,Ariyalur,Ariyalur(Uzhavar Sandhai),Chow Chow,Chow Chow,Local,07/09/2026,4000,4500,4250
Tamil Nadu,Ariyalur,Ariyalur(Uzhavar Sandhai),Onion Green,Onion Green,Local,07/09/2026,7000,8000,7500
Madhya Pradesh,Mandsaur,Mandsaur(F&V) APMC,Bhindi(Ladies Finger),Bhindi,Grade A,07/09/2026,1225,2300,1975
Madhya Pradesh,Mandsaur,Mandsaur(F&V) APMC,Brinjal,Other,Grade B,07/09/2026,1325,2000,1775
Madhya Pradesh,Khandwa,Khandwa(F&V) APMC,Bhindi(Ladies Finger),Bhindi,FAQ,07/09/2026,800,1200,1000
Madhya Pradesh,Khandwa,Khandwa(F&V) APMC,Bottle gourd,Bottle Gourd,FAQ,07/09/2026,300,500,400
Madhya Pradesh,Khandwa,Khandwa(F&V) APMC,Cauliflower,Cauliflower,FAQ,07/09/2026,700,1500,1000
Odisha,Nayagarh,Bahadajholla APMC,Cucumbar(Kheera),Cucumbar,Grade B,07/09/2026,3475,3500,3475
Uttarakhand,Nanital,Haldwani APMC,Apple,Other,Grade A,07/09/2026,3000,6000,4000
Uttarakhand,Garhwal (Pauri),Kotadwara APMC,Cucumbar(Kheera),Cucumbar,FAQ,07/09/2026,1400,1400,1400
Uttarakhand,Garhwal (Pauri),Kotadwara APMC,Cabbage,Cabbage,FAQ,07/09/2026,1100,1100,1100
Uttarakhand,Garhwal (Pauri),Kotadwara APMC,Brinjal,Brinjal,FAQ,07/09/2026,900,900,900
Uttarakhand,Garhwal (Pauri),Kotadwara APMC,Apple,Apple,Medium,07/09/2026,3200,3200,3200
Uttarakhand,Garhwal (Pauri),Kotadwara APMC,Mousambi(Sweet Lime),Mousambi,Medium,07/09/2026,2800,2800,2800
Uttarakhand,Nanital,Ramnagar APMC,Cucumbar(Kheera),Other,Local,07/09/2026,1500,2500,2000
Andhra Pradesh,Palnadu,Rompicherla APMC,Maize,Hybrid/Local,FAQ,07/09/2026,2300,2500,2500
Andhra Pradesh,Chittor,S.R.Puram APMC,Gur(Jaggery),NO 3,Local,07/09/2026,1500,1900,1700
Rajasthan,Beawar,Beawar APMC,Wheat,Local,Local,07/09/2026,2700,2700,2700
Gujarat,Mehsana,Visnagar APMC,Bajra(Pearl Millet/Cumbu),Other,Local,07/09/2026,1905,2335,2120
Gujarat,Mehsana,Visnagar APMC,Castor Seed,Other,Local,07/09/2026,7275,7555,7415
Gujarat,Bhavnagar,Mahuva(Station Road) APMC,"Sesamum(Sesame,Gingelly,Til)",White,FAQ,07/09/2026,6000,12130,9065
Gujarat,Bhavnagar,Mahuva(Station Road) APMC,Cotton,Shanker 6 (B) 30mm FIne,FAQ,07/09/2026,8475,8475,8475
Gujarat,Bhavnagar,Mahuva(Station Road) APMC,Bengal Gram(Gram)(Whole),Other,FAQ,07/09/2026,5100,6110,5605
Haryana,Mahendragarh-Narnaul,Narnaul APMC,Guava,Guava,Medium,07/09/2026,2000,3000,2500
Haryana,Mahendragarh-Narnaul,Narnaul APMC,Mousambi(Sweet Lime),Mousambi,Medium,07/09/2026,3000,3500,3500
Haryana,Mahendragarh-Narnaul,Narnaul APMC,Garlic,Garlic,FAQ,07/09/2026,15000,17000,17000
Haryana,Mahendragarh-Narnaul,Narnaul APMC,Tinda,Tinda,Medium,07/09/2026,2000,3000,2500
Haryana,Mahendragarh-Narnaul,Narnaul APMC,Pointed gourd(Parval),Pointed gourd (Parval),Medium,07/09/2026,2000,3000,2500
Haryana,Mahendragarh-Narnaul,Narnaul APMC,Green Chilli,Green Chilly,Medium,07/09/2026,2500,4000,3000
Haryana,Mahendragarh-Narnaul,Narnaul APMC,Coriander(Leaves),Coriander,Medium,07/09/2026,8000,10000,10000
Odisha,Cuttack,Banki APMC,Ridgeguard(Tori),Other,Medium,07/09/2026,3500,4500,4000
Himachal Pradesh,Kangra,PMY Kangra,Tomato,Tomato,FAQ,07/09/2026,3200,3600,3300
Himachal Pradesh,Kangra,PMY Kangra,Ginger(Green),Green Ginger,FAQ,07/09/2026,12000,13000,12500
Himachal Pradesh,Kangra,PMY Kangra,Pumpkin,Pumpkin,FAQ,07/09/2026,1500,1800,1600
Himachal Pradesh,Kangra,PMY Kangra,Cucumbar(Kheera),Cucumbar,FAQ,07/09/2026,2500,3500,3000
Himachal Pradesh,Kangra,PMY Kangra,Pea Pod/Pea Cod/हरी मटर,Other,FAQ,07/09/2026,12000,13000,12500
Andhra Pradesh,Bapatla,Repalli APMC,Paddy(Common),B P T,Local,07/09/2026,3200,3600,3400
Uttar Pradesh,Raebarelli,Lalganj APMC,Ridgeguard(Tori),Ridgeguard(Tori),FAQ,07/09/2026,1500,1700,1600
Uttar Pradesh,Raebarelli,Lalganj APMC,Bottle gourd,Bottle Gourd,FAQ,07/09/2026,1400,1600,1500
Uttar Pradesh,Raebarelli,Lalganj APMC,Pointed gourd(Parval),Pointed gourd (Parval),FAQ,07/09/2026,2100,2300,2200
Uttarakhand,Udhamsinghnagar,Sitarganj APMC,Bottle gourd,Bottle Gourd,Local,07/09/2026,800,1200,1000
Uttarakhand,Udhamsinghnagar,Sitarganj APMC,Potato,Kufri Giriraj,Grade B,07/09/2026,800,1200,1000
Uttarakhand,Udhamsinghnagar,Sitarganj APMC,Banana,Banana - Ripe,Grade B,07/09/2026,2000,2500,2200
Uttarakhand,Udhamsinghnagar,Sitarganj APMC,Tomato,Deshi,Grade A,07/09/2026,2000,3000,2500
Bihar,Siwan,Maharjganj APMC,Onion,1st Sort,FAQ,07/09/2026,4800,4800,4800
Punjab,Gurdaspur,Dinanagar APMC,Banana,Medium,Medium,07/09/2026,4000,4500,4300
Punjab,Gurdaspur,Dinanagar APMC,Bottle gourd,Bottle Gourd,Medium,07/09/2026,2300,2500,2400
Punjab,Gurdaspur,Sri Har Gobindpur APMC,Green Chilli,Other,Grade A,07/09/2026,3200,3200,3200
Punjab,Hoshiarpur,Garh Shankar APMC,Apple,Apple,Medium,07/09/2026,6000,6000,6000
Punjab,Hoshiarpur,Garh Shankar APMC,Bhindi(Ladies Finger),Bhindi,FAQ,07/09/2026,2400,2400,2400
Punjab,Hoshiarpur,Garh Shankar APMC,Pomegranate,Other,Medium,07/09/2026,7500,7500,7500
Punjab,Hoshiarpur,Garh Shankar APMC,Ginger(Dry),Vegitable-fresh,FAQ,07/09/2026,5500,5500,5500
Punjab,Hoshiarpur,Garh Shankar APMC,Tomato,Local,FAQ,07/09/2026,2400,2400,2400
Punjab,Jalandhar,Lohian Khas APMC,Brinjal,Other,Local,07/09/2026,1000,1400,1200
Punjab,Ludhiana,Doraha APMC,Potato,Desi,Local,07/09/2026,250,700,600
Punjab,Jalandhar,Bhogpur APMC,Bottle gourd,Bottle Gourd,Local,07/09/2026,1100,1100,1100
Punjab,Jalandhar,Bhogpur APMC,Brinjal,Round,Local,07/09/2026,1700,1700,1700
Punjab,Jalandhar,Bhogpur APMC,Ridgeguard(Tori),Other,Local,07/09/2026,2600,2600,2600
Odisha,Sambalpur,Rairakhol APMC,Tomato,Hybrid,Medium,07/09/2026,3000,3500,3200
Odisha,Boudh,Boudh APMC,Onion,Other,Local,07/09/2026,5000,6000,5500
Odisha,Mayurbhanja,Betnoti APMC,Tomato,Tomato,FAQ,07/09/2026,3300,3700,3500
Odisha,Mayurbhanja,Betnoti APMC,Pointed gourd(Parval),Other,FAQ,07/09/2026,3200,3600,3400
Haryana,Panchkula,Raipur Rani APMC,Tomato,Tomato,Local,07/09/2026,2500,2600,2500
Haryana,Panchkula,Raipur Rani APMC,Bhindi(Ladies Finger),Other,Local,07/09/2026,2400,2600,2400
Haryana,Panchkula,Raipur Rani APMC,Cauliflower,Cauliflower,Local,07/09/2026,2900,3100,2900
Haryana,Jhajar,Bahadurgarh APMC,Pea Pod/Pea Cod/हरी मटर,Other,Medium,07/09/2026,11000,12000,11500
Haryana,Jhajar,Bahadurgarh APMC,Garlic,Other,FAQ,07/09/2026,12000,13000,12500
Haryana,Jhajar,Bahadurgarh APMC,Ridgeguard(Tori),Other,Medium,07/09/2026,1200,1800,1500
Telangana,Suryapet,Tirumalagiri APMC,Paddy(Common),I.R. 64,FAQ,07/09/2026,1919,2319,2279
Keralam,Alappuzha,Aroor Market,Cauliflower,Other,FAQ,07/09/2026,5000,5200,5100
Keralam,Alappuzha,Chengannur Market,Capsicum,Other,FAQ,07/09/2026,6800,7100,7000
Keralam,Alappuzha,Chengannur Market,Banana - Green,Banana - Green,FAQ,07/09/2026,5700,6000,5800
Keralam,Alappuzha,Chengannur Market,Bhindi(Ladies Finger),Other,FAQ,07/09/2026,3800,4100,4000
Keralam,Alappuzha,Chengannur Market,Elephant Yam(Suran)/Amorphophallus,Amorphophallus,FAQ,07/09/2026,4900,5200,5000
Keralam,Alappuzha,Chengannur Market,Bitter gourd,Other,FAQ,07/09/2026,5800,6300,6000
Keralam,Alappuzha,Chengannur Market,Cowpea(Veg),Cowpea (Veg),FAQ,07/09/2026,4800,5100,5000
Keralam,Alappuzha,Chengannur Market,Cucumbar(Kheera),Other,FAQ,07/09/2026,1900,2200,2000
Tamil Nadu,Coimbatore,Sundarapuram(Uzhavar Sandhai ),Coriander(Leaves),I Sort,Local,07/09/2026,3500,4000,3750
Tamil Nadu,Coimbatore,Sundarapuram(Uzhavar Sandhai ),Green Peas,Green Peas,Local,07/09/2026,23000,24000,23500
Tamil Nadu,Coimbatore,Sundarapuram(Uzhavar Sandhai ),Papaya,Papaya,Local,07/09/2026,4000,4500,4250
Tamil Nadu,Coimbatore,Sundarapuram(Uzhavar Sandhai ),Cowpea(Veg),Cowpea (Veg),Local,07/09/2026,3500,4000,3750
Tamil Nadu,Coimbatore,Sundarapuram(Uzhavar Sandhai ),Coconut,Coconut,Local,07/09/2026,5500,6000,5750
Tamil Nadu,Coimbatore,Sundarapuram(Uzhavar Sandhai ),Snakeguard,Snakeguard,Local,07/09/2026,3000,3500,3250
Tamil Nadu,Coimbatore,Sundarapuram(Uzhavar Sandhai ),Ridgeguard(Tori),Ridgeguard(Tori),Local,07/09/2026,4000,4500,4250
Haryana,Gurgaon,Gurgaon APMC,Bhindi(Ladies Finger),Other,Grade B,07/09/2026,1500,2500,2000
Haryana,Gurgaon,Gurgaon APMC,Bottle gourd,Other,Grade B,07/09/2026,1000,1200,1100
Haryana,Gurgaon,Gurgaon APMC,Potato,Other,Grade B,07/09/2026,600,1000,800
Haryana,Rohtak,Meham,Potato,Potato,Medium,07/09/2026,800,1000,900
Odisha,Kalahandi,Kalahandi(Dharamagarh) APMC,Brinjal,Other,Grade B,07/09/2026,2800,3300,3100
Karnataka,Shivamogga,APMC THIRTHAHALLI,Rice,Broken Rice,Local,07/09/2026,2600,2600,2600
Keralam,Alappuzha,Kayamkulam Market,Banana,Palayamthodan,Grade A,07/09/2026,2300,2500,2400
Keralam,Alappuzha,Kayamkulam Market,Amaranthus,Other,FAQ,07/09/2026,2800,3000,2900
Keralam,Alappuzha,Kayamkulam Market,Bitter gourd,Other,FAQ,07/09/2026,6300,6500,6400
Keralam,Alappuzha,Kayamkulam Market,Ashgourd,Other,FAQ,07/09/2026,1400,1600,1500
Keralam,Alappuzha,Kayamkulam Market,Bhindi(Ladies Finger),Other,FAQ,07/09/2026,2600,2800,2700
Telangana,Jogulamba Gadwal,Alampur APMC,Gur(Jaggery),Achhu,Grade Range-1,07/09/2026,4000,6000,4500
Andhra Pradesh,Markapuram,Yerragondapalem APMC,Cotton,170-C2  (Ginned),FAQ,07/09/2026,7900,7900,7900
Odisha,Mayurbhanja,Karanjia APMC,Bhindi(Ladies Finger),Other,Local,07/09/2026,5000,5500,5200
Odisha,Mayurbhanja,Karanjia APMC,Brinjal,Brinjal,Local,07/09/2026,5000,6000,5500
West Bengal,Coochbehar,Mathabhanga APMC,Jute,Other,TD 3 (FAQ),07/09/2026,13200,13400,13300
Punjab,Gurdaspur,Kalanaur APMC,Bhindi(Ladies Finger),Other,Grade A,07/09/2026,4100,4100,4100
Keralam,Ernakulam,North Paravur Market,Brinjal,Arkasheela Mattigulla,Medium,07/09/2026,3500,4000,3800
Keralam,Ernakulam,North Paravur Market,Green Chilli,Green Chilly,Small,07/09/2026,5000,6000,5500
Keralam,Ernakulam,North Paravur Market,Lemon,Lemon,Small,07/09/2026,20000,21500,21000
Keralam,Ernakulam,North Paravur Market,Mint(Pudina),Mint(Pudina),FAQ,07/09/2026,7000,8000,7500
Keralam,Ernakulam,North Paravur Market,Tapioca,Other,Local,07/09/2026,3100,4000,3500
Keralam,Ernakulam,North Paravur Market,Cabbage,Cabbage,FAQ,07/09/2026,2000,3000,2500
Keralam,Ernakulam,North Paravur Market,Black pepper,Garbled,Grade Range-1,07/09/2026,70000,80000,75000
Himachal Pradesh,Solan,SMY Nalagarh,Onion,Other,Medium,07/09/2026,4000,4500,4300
Himachal Pradesh,Solan,SMY Nalagarh,Cucumbar(Kheera),Other,Medium,07/09/2026,1000,2000,1500
Himachal Pradesh,Solan,SMY Nalagarh,Green Chilli,Other,Medium,07/09/2026,3000,4000,3500
Himachal Pradesh,Solan,SMY Nalagarh,Colacasia,Other,Medium,07/09/2026,3000,3500,3300
Himachal Pradesh,Solan,SMY Nalagarh,Pear(Marasebu),Other,Medium,07/09/2026,3000,6300,3500
Punjab,Bhatinda,Rampuraphul(Nabha Mandi) APMC,Banana,Other,Grade A,07/09/2026,2000,2700,2500
Punjab,Bhatinda,Rampuraphul(Nabha Mandi) APMC,Mousambi(Sweet Lime),Mousambi,Grade A,07/09/2026,3000,4000,3500
Punjab,Bhatinda,Rampuraphul(Nabha Mandi) APMC,Brinjal,Brinjal,Grade A,07/09/2026,900,1500,1000
Punjab,Bhatinda,Rampuraphul(Nabha Mandi) APMC,Raddish,Other,Grade A,07/09/2026,1000,2000,1500
Andhra Pradesh,Krishna,Movva (HQ-Kuchipudi) APMC,Black Gram(Urd Beans)(Whole),Local,Local,07/09/2026,9500,9500,9500
Himachal Pradesh,Kangra,SMY Baijnath,Pomegranate,Pomogranate,Grade B,07/09/2026,9000,12000,10000
Himachal Pradesh,Kangra,SMY Baijnath,Cucumbar(Kheera),Cucumbar,Grade B,07/09/2026,3200,3800,3400
Himachal Pradesh,Kangra,SMY Baijnath,Raddish,Raddish,Grade B,07/09/2026,2200,2600,2400
Himachal Pradesh,Kangra,SMY Jaisinghpur,Potato,Potato,FAQ,07/09/2026,1400,2600,2000
Himachal Pradesh,Kangra,SMY Jaisinghpur,Lemon,Lemon,FAQ,07/09/2026,15000,16500,15800
Himachal Pradesh,Kangra,SMY Jaisinghpur,Sponge gourd,Sponge gourd,FAQ,07/09/2026,4000,4500,4200
Himachal Pradesh,Kangra,SMY Jaisinghpur,Cucumbar(Kheera),Cucumbar,FAQ,07/09/2026,3500,4000,3800
Telangana,Karimnagar,Gangadhara APMC,Paddy(Common),I.R.-64,FAQ,07/09/2026,2369,2369,2369
Keralam,Kannur,Taliparamba Market,Tomato,Tomato,FAQ,07/09/2026,1900,2100,2000
Andhra Pradesh,Visakhapatnam,Visakhapatnam APMC,Ghee,Other,Grade Range-1,07/09/2026,58300,58300,58300
Keralam,Kozhikode(Calicut),Thamarassery Market,Amaranthus,Other,FAQ,07/09/2026,3500,3800,3500
Keralam,Kozhikode(Calicut),Thamarassery Market,Elephant Yam(Suran)/Amorphophallus,Other,FAQ,07/09/2026,3500,3800,3500
Keralam,Kozhikode(Calicut),Thamarassery Market,Bitter gourd,Other,FAQ,07/09/2026,4908,5200,5000
Keralam,Kozhikode(Calicut),Thamarassery Market,Bottle gourd,Other,FAQ,07/09/2026,3500,3900,3500
Keralam,Kozhikode(Calicut),Thamarassery Market,Potato,Other,FAQ,07/09/2026,2500,2700,2500
Odisha,Angul,Angul(Atthamallick) APMC,Brinjal,Brinjal,Grade B,07/09/2026,4500,6000,5000
Keralam,Kozhikode(Calicut),Quilandy Market,Brinjal,Other,FAQ,07/09/2026,3800,4100,4000
Keralam,Kozhikode(Calicut),Quilandy Market,Cauliflower,Other,FAQ,07/09/2026,3800,4000,4000
Keralam,Kozhikode(Calicut),Quilandy Market,Drumstick,Other,FAQ,07/09/2026,3900,4000,4000
Keralam,Kozhikode(Calicut),Quilandy Market,Ginger(Green),Other,FAQ,07/09/2026,17500,18000,18000
Keralam,Kozhikode(Calicut),Quilandy Market,Raddish,Other,FAQ,07/09/2026,2200,2300,2200
Keralam,Kozhikode(Calicut),Quilandy Market,Potato,Other,FAQ,07/09/2026,2300,2400,2400
Odisha,Sundergarh,Bonai APMC,Banana - Green,Other,FAQ,07/09/2026,1324,1520,1450
Odisha,Sundergarh,Bonai APMC,Bhindi(Ladies Finger),Other,FAQ,07/09/2026,1110,1325,1210
Uttar Pradesh,Rampur,Milak APMC,Wood,Eucalyptus,FAQ,07/09/2026,650,650,650
Tamil Nadu,Erode,Sathiyamagalam(Uzhavar Sandhai ),Brinjal,Other,Local,07/09/2026,2500,3000,2750
Tamil Nadu,Erode,Sathiyamagalam(Uzhavar Sandhai ),Coriander(Leaves),I Sort,Local,07/09/2026,4500,5000,4750
Tamil Nadu,Erode,Sathiyamagalam(Uzhavar Sandhai ),Chikoos(Sapota),Sapota,Local,07/09/2026,3500,4000,3750
Tamil Nadu,Erode,Sathiyamagalam(Uzhavar Sandhai ),Papaya,Papaya,Local,07/09/2026,2000,2400,2200
Tamil Nadu,Erode,Sathiyamagalam(Uzhavar Sandhai ),Bottle gourd,Bottle Gourd,Local,07/09/2026,1500,2000,1750
Tamil Nadu,Erode,Sathiyamagalam(Uzhavar Sandhai ),Onion,Bellary,Local,07/09/2026,5400,5800,5600
Tamil Nadu,Erode,Sathiyamagalam(Uzhavar Sandhai ),Carrot,Pusakesar,Local,07/09/2026,5500,6000,5750
Tamil Nadu,Erode,Sathiyamagalam(Uzhavar Sandhai ),Snakeguard,Snakeguard,Local,07/09/2026,3500,4000,3750
Tamil Nadu,Erode,Sathiyamagalam(Uzhavar Sandhai ),Ridgeguard(Tori),Ridgeguard(Tori),Local,07/09/2026,4500,5000,4750
Tamil Nadu,Erode,Sathiyamagalam(Uzhavar Sandhai ),Raddish,Raddish,Local,07/09/2026,2400,2800,2600
Tamil Nadu,Erode,Sathiyamagalam(Uzhavar Sandhai ),Drumstick,Drumstick,Local,07/09/2026,3000,3500,3250
Tamil Nadu,Erode,Sathiyamagalam(Uzhavar Sandhai ),Mango(Raw-Ripe),Mango - Raw-Ripe,Local,07/09/2026,4000,4500,4250
Tamil Nadu,Erode,Sathiyamagalam(Uzhavar Sandhai ),Knool Khol,Knool Khol,Local,07/09/2026,6500,7000,6750
Tamil Nadu,Erode,Sathiyamagalam(Uzhavar Sandhai ),Lemon,Lemon,Local,07/09/2026,8000,8500,8250
Tamil Nadu,Erode,Sathiyamagalam(Uzhavar Sandhai ),Sweet Corn ,Sweet Corn ,Local,07/09/2026,2500,3000,2750
Tamil Nadu,Coimbatore,Mettupalayam(Uzhavar Sandhai ),Cluster beans,Cluster Beans,Local,07/09/2026,3200,3800,3500
Tamil Nadu,Coimbatore,Mettupalayam(Uzhavar Sandhai ),Bitter gourd,Bitter Gourd,Local,07/09/2026,4000,4500,4250
Tamil Nadu,Coimbatore,Mettupalayam(Uzhavar Sandhai ),Pumpkin,Pumpkin,Local,07/09/2026,1500,1800,1650
Tamil Nadu,Coimbatore,Mettupalayam(Uzhavar Sandhai ),Amaranthus,Amaranthus,Local,07/09/2026,3500,4000,3750
Tamil Nadu,Coimbatore,Mettupalayam(Uzhavar Sandhai ),Coconut,Coconut,Local,07/09/2026,5500,6000,5750
Tamil Nadu,Coimbatore,Mettupalayam(Uzhavar Sandhai ),Sweet Potato,Hosur Red,Local,07/09/2026,3500,4000,3750
Tamil Nadu,Coimbatore,Mettupalayam(Uzhavar Sandhai ),Capsicum,Capsicum,Local,07/09/2026,6000,7000,6500
Tamil Nadu,Coimbatore,Mettupalayam(Uzhavar Sandhai ),Mint(Pudina),Mint(Pudina),Local,07/09/2026,5000,6000,5500
Tamil Nadu,Coimbatore,Mettupalayam(Uzhavar Sandhai ),Sweet Corn ,Sweet Corn ,Local,07/09/2026,3500,4000,3750
Uttar Pradesh,Khiri (Lakhimpur),Mohammdi APMC,Paddy(Common),Basmati,FAQ,07/09/2026,3200,3200,3200
Uttar Pradesh,Unnao,Purwa APMC,Wood,Other,FAQ,07/09/2026,545,545,545
Telangana,Hyderabad,RYTHU BAZAR MEHDIPATNAM,Bhindi(Ladies Finger),Bhindi,Grade A,07/09/2026,3500,3500,3500
Telangana,Hyderabad,RYTHU BAZAR MEHDIPATNAM,Leafy Vegetable,Leafy Vegetables,Grade A,07/09/2026,3000,3000,3000
Telangana,Hyderabad,RYTHU BAZAR MEHDIPATNAM,Cucumbar(Kheera),Cucumbar,Grade A,07/09/2026,2300,2300,2300
Telangana,Hyderabad,RYTHU BAZAR MEHDIPATNAM,Snakeguard,Other,Grade A,07/09/2026,2300,2300,2300
Telangana,Hyderabad,RYTHU BAZAR MEHDIPATNAM,Ridgeguard(Tori),Other,Grade A,07/09/2026,2800,2800,2800
Telangana,Hyderabad,RYTHU BAZAR MEHDIPATNAM,Tomato,Deshi,Grade A,07/09/2026,1500,1500,1500
Telangana,Hyderabad,RYTHU BAZAR MEHDIPATNAM,Wild Cucumber,Wild Cucumber,Grade A,07/09/2026,1600,1600,1600
Uttar Pradesh,Jhansi,Baruwasagar APMC,Ginger(Green),Other,FAQ,07/09/2026,8000,8000,8000
Punjab,Ludhiana,Raikot APMC,Cauliflower,Cauliflower,Grade A,07/09/2026,4250,4250,4250
Punjab,Ludhiana,Raikot APMC,Potato,Badshah,Grade A,07/09/2026,650,650,650
Telangana,Mahbubnagar,Mahabubnagar(Rythu Bazar),Bhindi(Ladies Finger),Bhindi,Local,07/09/2026,5000,5000,5000
Telangana,Mahbubnagar,Mahabubnagar(Rythu Bazar),Green Chilli,Green Chilly,Local,07/09/2026,4000,4000,4000
Tamil Nadu,Namakkal,Tiruchengode APMC,Coriander(Leaves),I Sort,Local,07/09/2026,7000,8000,7500
Tamil Nadu,Namakkal,Tiruchengode APMC,Chikoos(Sapota),Sapota,Local,07/09/2026,4000,4500,4250
Tamil Nadu,Namakkal,Tiruchengode APMC,Tomato,Other,Local,07/09/2026,2600,3000,2800
Tamil Nadu,Namakkal,Tiruchengode APMC,Bottle gourd,Bottle Gourd,Local,07/09/2026,1800,2000,1900
Tamil Nadu,Namakkal,Tiruchengode APMC,Beans,Beans (Whole),Local,07/09/2026,7000,8000,7500
Tamil Nadu,Namakkal,Tiruchengode APMC,Banana,Red Banana,Local,07/09/2026,7000,8000,7500
Tamil Nadu,Namakkal,Tiruchengode APMC,Sweet Potato,Hosur Red,Local,07/09/2026,5400,6000,5700
Tamil Nadu,Namakkal,Tiruchengode APMC,Carrot,Pusakesar,Local,07/09/2026,6200,7000,6600
Tamil Nadu,Namakkal,Tiruchengode APMC,Snakeguard,Snakeguard,Local,07/09/2026,4500,5000,4750
Tamil Nadu,Namakkal,Tiruchengode APMC,Cucumbar(Kheera),Cucumbar,Local,07/09/2026,8000,9000,8500
Tamil Nadu,Namakkal,Tiruchengode APMC,Chow Chow,Chow Chow,Local,07/09/2026,2600,3000,2800
Tamil Nadu,Namakkal,Tiruchengode APMC,Drumstick,Drumstick,Local,07/09/2026,2600,3000,2800
Tamil Nadu,Namakkal,Tiruchengode APMC,Amla(Nelli Kai),Amla,Local,07/09/2026,8000,9000,8500
Keralam,Palakad,Elevancheri VFPCK Market,Bitter gourd,Bitter Gourd,Large,07/09/2026,2500,3700,2700
Uttar Pradesh,Shamli,Khandhla APMC,Guava,Guava,Medium,07/09/2026,3600,3620,3610
Uttar Pradesh,Shamli,Khandhla APMC,Papaya,Papaya,Medium,07/09/2026,1400,1420,1410
Uttar Pradesh,Siddharth Nagar,Naugarh APMC,Wheat,Dara,FAQ,07/09/2026,2500,2500,2500
Uttar Pradesh,Siddharth Nagar,Naugarh APMC,Pomegranate,Pomogranate,Grade A,07/09/2026,6850,6870,6860
Uttar Pradesh,Siddharth Nagar,Naugarh APMC,Apple,Delicious,Grade A,07/09/2026,8550,8580,8560
Telangana,Hyderabad,RYTHU BAZAR ERRAGADDA,Cauliflower,Cauliflower,Grade A,07/09/2026,1800,1800,1800
Telangana,Hyderabad,RYTHU BAZAR ERRAGADDA,Carrot,Carrot,Grade A,07/09/2026,4700,4700,4700
Telangana,Hyderabad,RYTHU BAZAR ERRAGADDA,Elephant Yam(Suran)/Amorphophallus,Elephant Yam (Suran),Grade A,07/09/2026,3500,3500,3500
Tamil Nadu,Coimbatore,RSPuram(Uzhavar Sandhai ),Cluster beans,Cluster Beans,Local,07/09/2026,3200,3600,3400
Tamil Nadu,Coimbatore,RSPuram(Uzhavar Sandhai ),Bitter gourd,Other,Local,07/09/2026,4800,5200,5000
Tamil Nadu,Coimbatore,RSPuram(Uzhavar Sandhai ),Bottle gourd,Bottle Gourd,Local,07/09/2026,2800,3200,3000
Tamil Nadu,Coimbatore,RSPuram(Uzhavar Sandhai ),Cowpea(Veg),Cowpea (Veg),Local,07/09/2026,3400,4000,3700
Tamil Nadu,Coimbatore,RSPuram(Uzhavar Sandhai ),Orange,Darjeeling,Local,07/09/2026,14000,17000,15500
Tamil Nadu,Coimbatore,RSPuram(Uzhavar Sandhai ),Ginger(Green),Green Ginger,Local,07/09/2026,14500,15500,15000
Tamil Nadu,Coimbatore,RSPuram(Uzhavar Sandhai ),Coconut,Coconut,Local,07/09/2026,5400,5800,5600
Tamil Nadu,Coimbatore,RSPuram(Uzhavar Sandhai ),Snakeguard,Snakeguard,Local,07/09/2026,2600,3000,2800
Tamil Nadu,Coimbatore,RSPuram(Uzhavar Sandhai ),Drumstick,Drumstick,Local,07/09/2026,2200,2600,2400
Tamil Nadu,Coimbatore,RSPuram(Uzhavar Sandhai ),Tender Coconut,Tender Coconut,Local,07/09/2026,4000,4500,4250
Tamil Nadu,Coimbatore,RSPuram(Uzhavar Sandhai ),Pear(Marasebu),Pears,Local,07/09/2026,14000,15000,14500
Tamil Nadu,Coimbatore,RSPuram(Uzhavar Sandhai ),Onion Green,Onion Green,Local,07/09/2026,8000,8300,8150
Tamil Nadu,Coimbatore,RSPuram(Uzhavar Sandhai ),Mint(Pudina),Mint(Pudina),Local,07/09/2026,4800,5200,5000
Tamil Nadu,Coimbatore,Singanallur(Uzhavar Sandhai ),Bitter gourd,Bitter Gourd,Local,07/09/2026,4500,5000,4750
Tamil Nadu,Coimbatore,Singanallur(Uzhavar Sandhai ),Bottle gourd,Bottle Gourd,Local,07/09/2026,2800,3200,3000
Tamil Nadu,Coimbatore,Singanallur(Uzhavar Sandhai ),Ridgeguard(Tori),Ridgeguard(Tori),Local,07/09/2026,3800,4200,4000
Tamil Nadu,Coimbatore,Singanallur(Uzhavar Sandhai ),Drumstick,Drumstick,Local,07/09/2026,2800,3200,3000
Tamil Nadu,Coimbatore,Singanallur(Uzhavar Sandhai ),Guava,Guava Allahabad,Local,07/09/2026,5500,6000,5750
Tamil Nadu,Coimbatore,Singanallur(Uzhavar Sandhai ),Elephant Yam(Suran)/Amorphophallus,Elephant Yam (Suran),Local,07/09/2026,4000,4500,4250
Tamil Nadu,Coimbatore,Singanallur(Uzhavar Sandhai ),Yam(Ratalu),Yam (Ratalu),Local,07/09/2026,7500,8000,7750
Tamil Nadu,Coimbatore,Singanallur(Uzhavar Sandhai ),Lemon,Lemon,Local,07/09/2026,18000,19000,18500
Tamil Nadu,Coimbatore,Singanallur(Uzhavar Sandhai ),Colacasia,Colacasia,Local,07/09/2026,4500,5000,4750
Tamil Nadu,Coimbatore,Singanallur(Uzhavar Sandhai ),Onion Green,Onion Green,Local,07/09/2026,8000,8300,8150
Odisha,Mayurbhanja,Narasinghpur APMC,"Spiny Gourd / Kartali(Kantola)
",Kartali (Kantola),Local,07/09/2026,6000,15000,12000
Odisha,Mayurbhanja,Narasinghpur APMC,Pumpkin,Pumpkin,Local,07/09/2026,2000,3500,3000
Odisha,Mayurbhanja,Narasinghpur APMC,Cucumbar(Kheera),Cucumbar,Local,07/09/2026,3000,4000,3500
Odisha,Mayurbhanja,Narasinghpur APMC,Carrot,Carrot,Local,07/09/2026,4500,6000,5000
Gujarat,Rajkot,Rajkot(Veg.Sub Yard) APMC,Lemon,Lemon,FAQ,07/09/2026,6090,12640,9365
Gujarat,Rajkot,Rajkot(Veg.Sub Yard) APMC,Bhindi(Ladies Finger),Bhindi,FAQ,07/09/2026,2430,3460,2945
Gujarat,Rajkot,Rajkot(Veg.Sub Yard) APMC,Bottle gourd,Bottle Gourd,FAQ,07/09/2026,505,770,635
Tamil Nadu,Coimbatore,Pollachi(Uzhavar Sandhai ),Cluster beans,Cluster Beans,Local,07/09/2026,4000,4500,4250
Tamil Nadu,Coimbatore,Pollachi(Uzhavar Sandhai ),Green Chilli,Green Chilly,Local,07/09/2026,4500,5000,4750
Tamil Nadu,Coimbatore,Pollachi(Uzhavar Sandhai ),Ginger(Green),Green Ginger,Local,07/09/2026,20000,22000,21000
Tamil Nadu,Coimbatore,Pollachi(Uzhavar Sandhai ),Carrot,Pusakesar,Local,07/09/2026,6000,6500,6250
Tamil Nadu,Coimbatore,Pollachi(Uzhavar Sandhai ),Cabbage,Cabbage,Local,07/09/2026,3000,3500,3250
Tamil Nadu,Coimbatore,Pollachi(Uzhavar Sandhai ),Green Avare(W),Green Avare (W),Local,07/09/2026,5500,6000,5750
Tamil Nadu,Coimbatore,Pollachi(Uzhavar Sandhai ),Mashrooms,Mashrooms,Local,07/09/2026,18000,20000,19000
Tamil Nadu,Coimbatore,Pollachi(Uzhavar Sandhai ),Amla(Nelli Kai),Amla,Local,07/09/2026,7000,8000,7500
Tamil Nadu,Coimbatore,Pollachi(Uzhavar Sandhai ),Onion Green,Onion Green,Local,07/09/2026,7500,8500,8000
Uttar Pradesh,Mahoba,Charkhari APMC,Rice,Common,FAQ,07/09/2026,2500,2500,2500
Uttar Pradesh,Shamli,Kairana APMC,Tomato,Other,FAQ,07/09/2026,1900,2000,1928.57
Uttar Pradesh,Shamli,Kairana APMC,Bhindi(Ladies Finger),Bhindi,FAQ,07/09/2026,1300,1400,1350
Uttar Pradesh,Shamli,Kairana APMC,Cabbage,Cabbage,FAQ,07/09/2026,1500,1600,1550
Uttar Pradesh,Shamli,Kairana APMC,Papaya(Raw),Papaya (Raw),FAQ,07/09/2026,2000,2100,2050
Uttar Pradesh,Shamli,Kairana APMC,Raddish,Raddish,FAQ,07/09/2026,1000,1100,1050
Keralam,Idukki,Thodupuzha Market,Beetroot,Other,Grade Range-1,07/09/2026,4400,4600,4600
Keralam,Idukki,Thodupuzha Market,Bhindi(Ladies Finger),Other,Large,07/09/2026,5500,5700,5700
Keralam,Idukki,Thodupuzha Market,Cabbage,Other,Large,07/09/2026,3400,3600,3600
Andhra Pradesh,Vijayanagaram,Vijayanagaram APMC,Maize,Local,Local,07/09/2026,2400,2400,2400
Odisha,Sonepur,Pandkital APMC,Potato,Other,Local,07/09/2026,2100,2160,2150
Odisha,Sonepur,Pandkital APMC,Brinjal,Other,Local,07/09/2026,3500,3680,3600
Odisha,Rayagada,Rayagada(Muniguda) APMC,Cabbage,Cabbage,Grade B,07/09/2026,3420,3950,3720
Odisha,Rayagada,Rayagada(Muniguda) APMC,Pumpkin,Pumpkin,Grade B,07/09/2026,2250,2450,2300
Telangana,Siddipet,Siddipet(Rythu Bazar) ,Beetroot,Beetroot,Grade A,07/09/2026,3500,4500,4000
Telangana,Ranga Reddy,"Vanasthalipuram,RBZ ",Brinjal,Brinjal,Grade A,07/09/2026,2800,2800,2800
Telangana,Ranga Reddy,"Vanasthalipuram,RBZ ",Carrot,Carrot,Grade A,07/09/2026,4700,4700,4700
Telangana,Ranga Reddy,"Vanasthalipuram,RBZ ",Beetroot,Beetroot,Grade A,07/09/2026,3500,3500,3500
Telangana,Ranga Reddy,"Vanasthalipuram,RBZ ",Green Chilli,Green Chilly,Grade A,07/09/2026,2800,2800,2800
Telangana,Ranga Reddy,"Vanasthalipuram,RBZ ",Potato,Potato,Grade A,07/09/2026,1700,1700,1700
Telangana,Ranga Reddy,"Vanasthalipuram,RBZ ",Onion,Onion,Grade A,07/09/2026,4000,4000,4000
West Bengal,Coochbehar,Baxirhat APMC,Rice,Common,FAQ,07/09/2026,4000,4200,4100
West Bengal,Coochbehar,Baxirhat APMC,Potato,Jyoti,FAQ,07/09/2026,550,570,560
Odisha,Bhadrak,Chandabali APMC,Brinjal,Other,Grade Range-2,07/09/2026,3840,4550,4280
Tamil Nadu,Karur,Karur(Uzhavar Sandhai ),Potato,Other,Local,07/09/2026,5500,6000,5750
Tamil Nadu,Karur,Karur(Uzhavar Sandhai ),Tomato,Deshi,Local,07/09/2026,2500,3000,2750
Tamil Nadu,Karur,Karur(Uzhavar Sandhai ),Bottle gourd,Bottle Gourd,Local,07/09/2026,2500,3000,2750
Tamil Nadu,Karur,Karur(Uzhavar Sandhai ),Ashgourd,Gouard,Local,07/09/2026,2000,2500,2250
Tamil Nadu,Karur,Karur(Uzhavar Sandhai ),Green Chilli,Green Chilly,Local,07/09/2026,4000,5000,4500
Tamil Nadu,Karur,Karur(Uzhavar Sandhai ),Banana,Red Banana,Local,07/09/2026,5000,6000,5500
Tamil Nadu,Karur,Karur(Uzhavar Sandhai ),Carrot,Pusakesar,Local,07/09/2026,6500,7000,6750
Tamil Nadu,Karur,Karur(Uzhavar Sandhai ),Drumstick,Drumstick,Local,07/09/2026,2000,2500,2250
Tripura,Unokoti,Machmara,Tomato,Local,FAQ,07/09/2026,1700,1900,1800
Tripura,Unokoti,Machmara,Green Chilli,Green Chilly,FAQ,07/09/2026,6500,6700,6600
Tripura,Unokoti,Panichowki,Cucumbar(Kheera),Cucumbar,Medium,07/09/2026,1800,1800,1800
Tamil Nadu,Coimbatore,Kurichi(Uzhavar Sandhai ),Bitter gourd,Bitter Gourd,Local,07/09/2026,4000,4500,4250
Tamil Nadu,Coimbatore,Kurichi(Uzhavar Sandhai ),Banana,Red Banana,Local,07/09/2026,7500,8000,7750
Tamil Nadu,Cuddalore,Chidambaram(Uzhavar Sandhai ),Green Chilli,Green Chilly,Local,07/09/2026,5000,5000,5000
Tamil Nadu,Cuddalore,Chidambaram(Uzhavar Sandhai ),Onion Green,Onion Green,Local,07/09/2026,8000,8000,8000
Tamil Nadu,Cuddalore,Cuddalore(Uzhavar Sandhai ),Papaya,Papaya,Local,07/09/2026,4000,4000,4000
Tamil Nadu,Cuddalore,Cuddalore(Uzhavar Sandhai ),Ashgourd,Gouard,Local,07/09/2026,3000,3000,3000
Tamil Nadu,Cuddalore,Cuddalore(Uzhavar Sandhai ),Bhindi(Ladies Finger),Bhindi,Local,07/09/2026,3500,3500,3500
Tamil Nadu,Cuddalore,Cuddalore(Uzhavar Sandhai ),Beans,Beans (Whole),Local,07/09/2026,9000,9000,9000
Tamil Nadu,Cuddalore,Cuddalore(Uzhavar Sandhai ),Groundnut,Big (With Shell),Local,07/09/2026,8000,8000,8000
Tamil Nadu,Cuddalore,Cuddalore(Uzhavar Sandhai ),Sweet Potato,Hosur Red,Local,07/09/2026,7000,8000,7500
Tamil Nadu,Cuddalore,Cuddalore(Uzhavar Sandhai ),Snakeguard,Snakeguard,Local,07/09/2026,3000,3000,3000
Tamil Nadu,Cuddalore,Cuddalore(Uzhavar Sandhai ),Beetroot,Beetroot,Local,07/09/2026,4000,4000,4000
Tamil Nadu,Cuddalore,Cuddalore(Uzhavar Sandhai ),Raddish,Raddish,Local,07/09/2026,2500,3000,2750
Tamil Nadu,Cuddalore,Cuddalore(Uzhavar Sandhai ),Capsicum,Capsicum,Local,07/09/2026,5000,5000,5000
Tamil Nadu,Cuddalore,Cuddalore(Uzhavar Sandhai ),Green Avare(W),Green Avare (W),Local,07/09/2026,6000,6000,6000
Tamil Nadu,Cuddalore,Cuddalore(Uzhavar Sandhai ),Yam(Ratalu),Yam (Ratalu),Local,07/09/2026,6000,6000,6000
Tamil Nadu,Cuddalore,Cuddalore(Uzhavar Sandhai ),Amla(Nelli Kai),Amla,Local,07/09/2026,12000,12000,12000
Tamil Nadu,Cuddalore,Cuddalore(Uzhavar Sandhai ),Onion Green,Onion Green,Local,07/09/2026,7000,7000,7000
Tamil Nadu,Chengalpattu,Thirukalukundram(Uzhavar Sandhai ),Papaya,Papaya,Local,07/09/2026,4000,5000,4500
Tamil Nadu,Chengalpattu,Thirukalukundram(Uzhavar Sandhai ),Tomato,Deshi,Local,07/09/2026,2500,3000,2750
Tamil Nadu,Chengalpattu,Thirukalukundram(Uzhavar Sandhai ),Amaranthus,Amaranthus,Local,07/09/2026,1500,2000,1750
Tamil Nadu,Chengalpattu,Thirukalukundram(Uzhavar Sandhai ),Banana,Besrai,Local,07/09/2026,4000,6000,5000
Tamil Nadu,Tuticorin,Tuticorin(Uzhavar Sandhai ),Cauliflower,Ranchi,Local,07/09/2026,4500,5000,4750
Tamil Nadu,Tuticorin,Tuticorin(Uzhavar Sandhai ),Tomato,Local,Local,07/09/2026,2500,3000,2750
Tamil Nadu,Tuticorin,Tuticorin(Uzhavar Sandhai ),Bottle gourd,Bottle Gourd,Local,07/09/2026,1500,2000,1750
Tamil Nadu,Tuticorin,Tuticorin(Uzhavar Sandhai ),Banana,Besrai,Local,07/09/2026,2500,3000,2750
Tamil Nadu,Tuticorin,Tuticorin(Uzhavar Sandhai ),Onion,Bellary,Local,07/09/2026,5000,6000,5500
Tamil Nadu,Tuticorin,Tuticorin(Uzhavar Sandhai ),Coconut,Coconut,Local,07/09/2026,6500,7000,6750
Tamil Nadu,Tuticorin,Tuticorin(Uzhavar Sandhai ),Guava,Guava Allahabad,Local,07/09/2026,5000,6000,5500
Madhya Pradesh,Indore,Indore APMC,Kabuli Chana(Chickpeas-White),Dollar Gram,FAQ,07/09/2026,5250,8990,7960
Karnataka,Bengaluru,Binny Mill (FF&V) Bengaluru APMC,Water Melon,Water Melon,Local,07/09/2026,800,1400,1200
Karnataka,Bengaluru,Binny Mill (FF&V) Bengaluru APMC,Drumstick,Drumstick,Local,07/09/2026,3500,3800,3600
Karnataka,Bengaluru,Binny Mill (FF&V) Bengaluru APMC,Karbuja(Musk Melon),Karbhuja,Local,07/09/2026,1000,1600,1400
Madhya Pradesh,Bhopal,Bhopal APMC,Garlic,Garlic,FAQ,07/09/2026,3000,14600,12800
Madhya Pradesh,Satna,Satna APMC,Wheat,Wheat,FAQ,07/09/2026,2200,2400,2400
Madhya Pradesh,Vidisha,Vidisha APMC,Bengal Gram(Gram)(Whole),Gram,FAQ,07/09/2026,5045,5551,5551
Madhya Pradesh,Vidisha,Vidisha APMC,Green Gram(Moong)(Whole),Green (Whole),FAQ,07/09/2026,5602,7103,7103
Telangana,Hyderabad,Mahboob Manison APMC,Tamarind Fruit,Tamarind Fruit,Grade Range-1,07/09/2026,9500,12000,10000
Telangana,Hyderabad,Mahboob Manison APMC,Potato,Potato,Medium,07/09/2026,1200,1200,1200
Telangana,Hyderabad,Mahboob Manison APMC,Brinjal,Brinjal,Medium,07/09/2026,120,1500,1350
Telangana,Hyderabad,Mahboob Manison APMC,Bitter gourd,Bitter Gourd,Medium,07/09/2026,3000,3000,3000
Telangana,Hyderabad,Mahboob Manison APMC,Cauliflower,Cauliflower,Medium,07/09/2026,1500,1500,1500
Telangana,Hyderabad,Mahboob Manison APMC,Green Chilli,Green Chilly,Medium,07/09/2026,2000,2500,2250
Bihar,Saharsa,Saharsa APMC,Potato,Local,FAQ,07/09/2026,1000,1200,1100
Bihar,Khagaria,Khagaria APMC,Bitter gourd,Bitter Gourd,Grade A,07/09/2026,1599.99984,1933.33314,1733.33316
Bihar,Khagaria,Khagaria APMC,Cauliflower,African Sarson,Grade A,07/09/2026,5166.66615,5399.99946,5266.66614
Bihar,Khagaria,Khagaria APMC,Potato,Red,Grade A,07/09/2026,1050,1130,1100
Bihar,Khagaria,Khagaria APMC,Cucumbar(Kheera),Cucumbar,Grade A,07/09/2026,1999.9998,2399.99976,2266.66644
Karnataka,Davangere,HarappanaHalli APMC,Jowar(Sorghum),Jowar Hybrid,Local,07/09/2026,2300,2300,2300
Madhya Pradesh,Morena,Morena APMC,Onion,Nasik,Non-FAQ,07/09/2026,4000,4000,4000
Madhya Pradesh,Sehore,Ashta APMC,Wheat,Wheat,FAQ,07/09/2026,2752,2961,2961
Madhya Pradesh,Raisen,Raisen APMC,Wheat,Wheat,FAQ,07/09/2026,2644,2660,2660
Madhya Pradesh,Khargone,Khargone APMC,Green Gram(Moong)(Whole),Green (Whole),FAQ,07/09/2026,7000,7000,7000
Tamil Nadu,Nagercoil (Kannyiakumari),Vadaseri APMC,Pumpkin,Pumpkin,Local,07/09/2026,1700,2000,1850
Tamil Nadu,Nagercoil (Kannyiakumari),Vadaseri APMC,Mango,Safeda,Local,07/09/2026,6500,7000,6750
Tamil Nadu,Nagercoil (Kannyiakumari),Vadaseri APMC,Coconut,Coconut,Local,07/09/2026,6100,6300,6200
Tamil Nadu,Nagercoil (Kannyiakumari),Vadaseri APMC,Drumstick,Drumstick,Local,07/09/2026,4500,5000,4750
Tamil Nadu,Nagercoil (Kannyiakumari),Vadaseri APMC,Lime,Lime,Local,07/09/2026,4500,5000,4750
Tamil Nadu,Nagercoil (Kannyiakumari),Vadaseri APMC,Elephant Yam(Suran)/Amorphophallus,Elephant Yam (Suran),Local,07/09/2026,5000,5500,5250
Tamil Nadu,Pudukkottai,Karambakkudi(Uzhavar Sandhai ),Coriander(Leaves),I Sort,Local,07/09/2026,4500,5000,4750
Tamil Nadu,Pudukkottai,Karambakkudi(Uzhavar Sandhai ),Bottle gourd,Bottle Gourd,Local,07/09/2026,2000,2500,2250
Tamil Nadu,Pudukkottai,Karambakkudi(Uzhavar Sandhai ),Green Avare(W),Other,Local,07/09/2026,6000,7000,6500
Meghalaya,East Khasi Hills,Shillong APMC,Beetroot,Ruby Queen,FAQ,07/09/2026,7500,8500,8000
Meghalaya,East Khasi Hills,Shillong APMC,Ginger(Dry),Nadia,FAQ,07/09/2026,11000,13000,12000
Madhya Pradesh,Morena,Kailaras APMC,Potato,Other,FAQ,07/09/2026,300,600,600
Madhya Pradesh,Morena,Kailaras APMC,Onion,Other,FAQ,07/09/2026,3200,3200,3200
Madhya Pradesh,Ujjain,Nagda APMC,Wheat,Wheat,FAQ,07/09/2026,2610,2695,2610
Madhya Pradesh,Bhopal,Berasia APMC,Green Gram(Moong)(Whole),Green (Whole),FAQ,07/09/2026,7205,7370,7370
Madhya Pradesh,Harda,Harda APMC,Soyabean,Yellow,FAQ,07/09/2026,5758,5758,5758
Madhya Pradesh,Dewas,Khategaon APMC,Wheat,Wheat,FAQ,07/09/2026,2470,2693,2650
Madhya Pradesh,Shajapur,Agar APMC,Lentil(Masur)(Whole),Masur Dal,FAQ,07/09/2026,6991,7800,7800
Chattisgarh,Jashpur,Pathalgaon APMC,Wheat,Hybrid,Non-FAQ,07/09/2026,2100,2100,2100
Tamil Nadu,Vellore,Thirupathur APMC,Brinjal,Round,Local,07/09/2026,3500,3500,3500
Tamil Nadu,Vellore,Thirupathur APMC,Green Peas,Green Peas,Local,07/09/2026,10000,10000,10000
Tamil Nadu,Vellore,Thirupathur APMC,Papaya,Papaya,Local,07/09/2026,4000,4000,4000
Tamil Nadu,Vellore,Thirupathur APMC,Pumpkin,Pumpkin,Local,07/09/2026,2000,2000,2000
Tamil Nadu,Vellore,Thirupathur APMC,Bhindi(Ladies Finger),Bhindi,Local,07/09/2026,3000,3000,3000
Tamil Nadu,Vellore,Thirupathur APMC,Cowpea(Veg),Cowpea (Veg),Local,07/09/2026,6000,6000,6000
Tamil Nadu,Vellore,Thirupathur APMC,Snakeguard,Snakeguard,Local,07/09/2026,3000,3000,3000
Tamil Nadu,Vellore,Thirupathur APMC,Jack Fruit(Ripe),Jack Fruit,Local,07/09/2026,3000,3000,3000
Tamil Nadu,Vellore,Thirupathur APMC,Mint(Pudina),Mint(Pudina),Local,07/09/2026,5000,5000,5000
Tamil Nadu,Vellore,Vellore APMC,Mousambi(Sweet Lime),Mousambi,Local,07/09/2026,7000,7000,7000
Tamil Nadu,Vellore,Vellore APMC,Bhindi(Ladies Finger),Bhindi,Local,07/09/2026,3000,3000,3000
Tamil Nadu,Vellore,Vellore APMC,Green Chilli,Green Chilly,Local,07/09/2026,3000,3500,3250
Tamil Nadu,Vellore,Vellore APMC,Beans,Beans (Whole),Local,07/09/2026,5500,6500,6000
Tamil Nadu,Vellore,Vellore APMC,Mango,Neelam,Local,07/09/2026,15000,15000,15000
Tamil Nadu,Vellore,Vellore APMC,Betal Leaves,Mysore,Local,07/09/2026,15000,15000,15000
Tamil Nadu,Vellore,Vellore APMC,Sweet Potato,Hosur Red,Local,07/09/2026,2500,3000,2750
Tamil Nadu,Vellore,Vellore APMC,Cabbage,Cabbage,Local,07/09/2026,2000,2500,2250
Tamil Nadu,Vellore,Vellore APMC,Knool Khol,Knool Khol,Local,07/09/2026,2000,2500,2250
Tamil Nadu,Vellore,Vellore APMC,Tender Coconut,Tender Coconut,Local,07/09/2026,2000,3000,2500
Tamil Nadu,Vellore,Vellore APMC,Yam(Ratalu),Yam (Ratalu),Local,07/09/2026,4500,5500,5000
Tamil Nadu,Vellore,Vellore APMC,Colacasia,Colacasia,Local,07/09/2026,3500,4000,3750
Tamil Nadu,Vellore,Vellore APMC,Rose(Local),Rose (Local),Local,07/09/2026,13000,13000,13000
Karnataka,Chitradurga,Holalkere APMC,Arecanut(Betelnut/Supari),Other,Local,07/09/2026,23304,29405,25661
Madhya Pradesh,Shajapur,Akodiya APMC,Soyabean,Soyabeen,FAQ,07/09/2026,2400,5501,5501
Madhya Pradesh,Sehore,Nasrullaganj APMC,Green Gram(Moong)(Whole),Green (Whole),FAQ,07/09/2026,3150,8000,8000
Tamil Nadu,Dharmapuri,Harur(Uzhavar Sandhai ),Coriander(Leaves),I Sort,Local,07/09/2026,4500,5000,4750
Tamil Nadu,Dharmapuri,Harur(Uzhavar Sandhai ),Green Chilli,Green Chilly,Local,07/09/2026,4000,5000,4500
Tamil Nadu,Dharmapuri,Harur(Uzhavar Sandhai ),Potato,Red Nanital,Local,07/09/2026,2500,3000,2750
Tamil Nadu,Dharmapuri,Harur(Uzhavar Sandhai ),Carrot,Pusakesar,Local,07/09/2026,5500,6000,5750
Tamil Nadu,Dharmapuri,Harur(Uzhavar Sandhai ),Ridgeguard(Tori),Ridgeguard(Tori),Local,07/09/2026,3000,3500,3250
Tamil Nadu,Krishnagiri,Kaveripattinam(Uzhavar Sandhai ),Beans,Beans (Whole),Local,07/09/2026,7000,7000,7000
Tamil Nadu,Krishnagiri,Kaveripattinam(Uzhavar Sandhai ),Ridgeguard(Tori),Ridgeguard(Tori),Local,07/09/2026,6000,6000,6000
Tamil Nadu,Krishnagiri,Kaveripattinam(Uzhavar Sandhai ),Raddish,Raddish,Local,07/09/2026,3000,3000,3000
Tamil Nadu,Krishnagiri,Kaveripattinam(Uzhavar Sandhai ),Lemon,Lemon,Local,07/09/2026,10000,10000,10000
Tamil Nadu,The Nilgiris,Coonoor(Uzhavar Sandhai ),Garlic,Garlic,Local,07/09/2026,18000,20000,19000
Tamil Nadu,The Nilgiris,Coonoor(Uzhavar Sandhai ),Bhindi(Ladies Finger),Bhindi,Local,07/09/2026,4300,4500,4400
Tamil Nadu,The Nilgiris,Coonoor(Uzhavar Sandhai ),Beans,Beans (Whole),Local,07/09/2026,7000,8000,7500
Tamil Nadu,The Nilgiris,Coonoor(Uzhavar Sandhai ),Banana,Besrai,Local,07/09/2026,4000,4500,4250
Tamil Nadu,The Nilgiris,Coonoor(Uzhavar Sandhai ),Tapioca,Tapioca,Local,07/09/2026,3600,3800,3700
Tamil Nadu,The Nilgiris,Coonoor(Uzhavar Sandhai ),Cabbage,Cabbage,Local,07/09/2026,2800,3000,2900
Tamil Nadu,The Nilgiris,Coonoor(Uzhavar Sandhai ),Beetroot,Beetroot,Local,07/09/2026,4500,5000,4750
Tamil Nadu,The Nilgiris,Coonoor(Uzhavar Sandhai ),Ridgeguard(Tori),Ridgeguard(Tori),Local,07/09/2026,4500,5000,4750
Tamil Nadu,The Nilgiris,Coonoor(Uzhavar Sandhai ),Capsicum,Capsicum,Local,07/09/2026,7000,8000,7500
Tamil Nadu,The Nilgiris,Coonoor(Uzhavar Sandhai ),Elephant Yam(Suran)/Amorphophallus,Elephant Yam (Suran),Local,07/09/2026,3500,4000,3750
Tamil Nadu,The Nilgiris,Gudalur(Uzhavar Sandhai ),Pumpkin,Pumpkin,Local,07/09/2026,1800,2000,1900
Tamil Nadu,The Nilgiris,Gudalur(Uzhavar Sandhai ),Ridgeguard(Tori),Ridgeguard(Tori),Local,07/09/2026,4500,5000,4750
Odisha,Angul,Angul APMC,Bitter gourd,Bitter Gourd,Grade B,07/09/2026,2500,2500,2500
Odisha,Angul,Angul APMC,Little gourd(Kundru),Other,Grade B,07/09/2026,3200,3200,3200
Himachal Pradesh,Kangra,SMY Jwalaji,Cauliflower,Other,FAQ,07/09/2026,2500,3000,2750
Himachal Pradesh,Kangra,SMY Jwalaji,Onion,Other,FAQ,07/09/2026,5500,5700,5600
Himachal Pradesh,Chamba,PMY Chamba,Guava,Guava,Medium,07/09/2026,9000,10000,9500
Himachal Pradesh,Chamba,PMY Chamba,Capsicum,Capsicum,Medium,07/09/2026,4500,5000,4750
Himachal Pradesh,Chamba,PMY Chamba,Sponge gourd,Other,Medium,07/09/2026,2500,3500,3000
Himachal Pradesh,Hamirpur,PMY Hamirpur,Cabbage,Cabbage,Grade B,07/09/2026,3000,3000,3000
Himachal Pradesh,Hamirpur,PMY Hamirpur,French Beans(Frasbean),Other,Grade B,07/09/2026,6000,6000,6000
Himachal Pradesh,Hamirpur,PMY Hamirpur,Garlic,Garlic,Grade Range-2,07/09/2026,20000,28000,24000
Himachal Pradesh,Hamirpur,PMY Hamirpur,Bhindi(Ladies Finger),Other,Grade B,07/09/2026,2000,2500,2250
Himachal Pradesh,Hamirpur,PMY Hamirpur,Bitter gourd,Bitter Gourd,Grade B,07/09/2026,1500,2000,1750
Himachal Pradesh,Hamirpur,PMY Hamirpur,Sponge gourd,Other,Grade B,07/09/2026,1500,2000,1750
Himachal Pradesh,Hamirpur,PMY Hamirpur,Carrot,Other,Grade B,07/09/2026,5000,5000,5000
Himachal Pradesh,Kullu,SMY Bhuntar,French Beans(Frasbean),Other,FAQ,07/09/2026,2000,3000,2500
Himachal Pradesh,Kullu,SMY Bhuntar,Peas Wet,Other,FAQ,07/09/2026,10000,12000,11000
Himachal Pradesh,Kullu,SMY Bhuntar,Raddish,Other,FAQ,07/09/2026,1500,2000,1800
Himachal Pradesh,Kullu,SMY Bhuntar,Spinach,Other,FAQ,07/09/2026,1500,2000,1800
Himachal Pradesh,Kullu,SMY Bhuntar,Pomegranate,Other,Medium,07/09/2026,3500,7500,5500
Himachal Pradesh,Kangra,SMY Palampur,Pear(Marasebu),Other,Medium,07/09/2026,10000,12000,11000
Himachal Pradesh,Kangra,SMY Palampur,Colacasia,Colacasia,FAQ,07/09/2026,3200,3500,3400
Himachal Pradesh,Kangra,SMY Palampur,Cauliflower,Cauliflower,FAQ,07/09/2026,4000,4500,4200
Himachal Pradesh,Kangra,SMY Palampur,Pumpkin,Pumpkin,FAQ,07/09/2026,2000,2200,2100
Himachal Pradesh,Kangra,SMY Palampur,Garlic,Average,FAQ,07/09/2026,15000,17000,16000
Himachal Pradesh,Kangra,SMY Palampur,Green Chilli,Green Chilly,FAQ,07/09/2026,4000,4500,4200
Himachal Pradesh,Kangra,SMY Palampur,Spinach,Spinach,FAQ,07/09/2026,4000,4500,4200
Himachal Pradesh,Solan,SMY Wakhnaghat,French Beans(Frasbean),French Beans (Frasbean),Medium,07/09/2026,2000,2000,2000
Telangana,Mahbubnagar,Mahbubnagar APMC,Groundnut,Local,Local,07/09/2026,7272,7272,7272
Andhra Pradesh,YSR Kadapa,Kadapa,Turmeric,Finger,FAQ,07/09/2026,9012,14955,14012
Manipur,Imphal East,Lamlong Bazaar APMC,Masur Dal,Masur Dal,FAQ,07/09/2026,9000,10000,9500
Manipur,Imphal East,Lamlong Bazaar APMC,Black Gram Dal(Urd Dal),Black Gram Dal,FAQ,07/09/2026,13000,14000,13500
Manipur,Imphal East,Lamlong Bazaar APMC,Paddy(Common),Other,Local,07/09/2026,3000,3000,3000
West Bengal,Malda,English Bazar APMC,Ginger(Dry),Other,FAQ,07/09/2026,13000,14500,13500
West Bengal,Paschim Bardhaman,Asansol APMC,Masur Dal,Masur Dal,FAQ,07/09/2026,9650,9850,9765
West Bengal,Paschim Bardhaman,Asansol APMC,Onion,Nasik,FAQ,07/09/2026,4200,4400,4300
Himachal Pradesh,Solan,SMY Dharampur,Tomato,Local,Local,07/09/2026,1000,1500,1500
Himachal Pradesh,Solan,SMY Dharampur,French Beans(Frasbean),Other,Medium,07/09/2026,2000,3000,2000
Punjab,Tarntaran,Patti APMC,Carrot,Other,Local,07/09/2026,420,420,420
Punjab,Tarntaran,Patti APMC,Cauliflower,Other,Local,07/09/2026,500,500,500
Punjab,Tarntaran,Patti APMC,Onion,Other,Local,07/09/2026,0.15,0.15,0.15
Gujarat,Sabarkantha,Idar APMC,Wheat,Other,Local,07/09/2026,2600,2950,2700
Gujarat,Sabarkantha,Idar APMC,Castor Seed,Other,Local,07/09/2026,7200,7300,7250
Uttarakhand,Dehradoon,Vikasnagar APMC,French Beans(Frasbean),Other,Medium,07/09/2026,1200,2000,2000
Uttarakhand,Dehradoon,Vikasnagar APMC,Cucumbar(Kheera),Other,Medium,07/09/2026,700,1200,1200
Uttarakhand,Dehradoon,Vikasnagar APMC,Brinjal,Other,Medium,07/09/2026,800,900,900
Uttarakhand,Dehradoon,Vikasnagar APMC,Onion,Other,Medium,07/09/2026,2000,2000,2000
Uttarakhand,Dehradoon,Vikasnagar APMC,Bhindi(Ladies Finger),Other,Medium,07/09/2026,500,1200,1200
Punjab,Mohali,Lalru APMC,Bottle gourd,Other,Local,07/09/2026,700,700,700
Punjab,Mohali,Lalru APMC,Bitter gourd,Other,Local,07/09/2026,2900,2900,2900
Uttarakhand,Haridwar,Manglaur APMC,Guava,Other,Local,07/09/2026,1000,1600,1200
Uttarakhand,Haridwar,Manglaur APMC,Pomegranate,Other,Medium,07/09/2026,4000,5500,4500
Uttarakhand,Haridwar,Manglaur APMC,Cauliflower,Other,Large,07/09/2026,1000,2000,1500
Uttarakhand,Haridwar,Manglaur APMC,Green Chilli,Green Chilly,Large,07/09/2026,1500,2300,2000
Uttarakhand,Dehradoon,Rishikesh APMC,Pear(Marasebu),Other,Medium,07/09/2026,4200,5600,5000
Uttarakhand,Dehradoon,Rishikesh APMC,Cucumbar(Kheera),Other,Medium,07/09/2026,1200,2200,1800
Uttarakhand,Dehradoon,Rishikesh APMC,Bhindi(Ladies Finger),Other,Medium,07/09/2026,800,1200,1000
Uttarakhand,Dehradoon,Rishikesh APMC,Banana,Other,Medium,07/09/2026,1700,2000,1800
Uttarakhand,Dehradoon,Rishikesh APMC,Papaya,Other,Medium,07/09/2026,1800,2150,2000
Uttarakhand,Dehradoon,Rishikesh APMC,Mousambi(Sweet Lime),Other,Medium,07/09/2026,2200,2800,2600
Telangana,Sangareddy,Sangareddy APMC,Tomato,Other,Grade B,07/09/2026,1000,1000,1000
Odisha,Ganjam,Digapahandi APMC,Brinjal,Other,FAQ,07/09/2026,2100,2300,2200
Odisha,Ganjam,Digapahandi APMC,Banana - Green,Banana - Green,FAQ,07/09/2026,2000,2200,2100
Odisha,Jagatsinghpur,Jagatsinghpur APMC,Potato,Potato,FAQ,07/09/2026,1350,1500,1400
Haryana,Gurgaon,Sohna APMC,Onion,Onion,Local,07/09/2026,4000,5000,4500
Haryana,Hissar,Hansi APMC,Apple,Other,Grade B,07/09/2026,8000,15000,12000
Haryana,Hissar,Hansi APMC,Bottle gourd,Other,FAQ,07/09/2026,800,1000,900
Haryana,Hissar,Hansi APMC,Spinach,Other,FAQ,07/09/2026,3000,3500,3250
Telangana,Medchal Malkajgiri,"Kukatpally,RBZ",Cabbage,Cabbage,Local,07/09/2026,1300,1300,1300
Telangana,Medchal Malkajgiri,"Kukatpally,RBZ",Potato,Other,Local,07/09/2026,1700,1700,1700
Telangana,Medchal Malkajgiri,"Kukatpally,RBZ",Little gourd(Kundru),Other,Local,07/09/2026,2800,2800,2800
Telangana,Medchal Malkajgiri,"Kukatpally,RBZ",Field Bean(Anumulu),Field Bean(Anumulu),Grade A,07/09/2026,3500,3500,3500
Punjab,Amritsar,Rayya APMC,Bhindi(Ladies Finger),Bhindi,FAQ,07/09/2026,690,690,690
Punjab,Amritsar,Rayya APMC,Bitter gourd,Bitter Gourd,FAQ,07/09/2026,1358,1358,1358
Punjab,Amritsar,Rayya APMC,Brinjal,Brinjal,FAQ,07/09/2026,500,500,500
Punjab,Amritsar,Rayya APMC,Green Chilli,Green Chilly,FAQ,07/09/2026,1062,1062,1062
Jammu and Kashmir,Kupwara,Handwara Kupwara (F&V),Apple,Delicious,Large,07/09/2026,6875,7187.5,7187.5
Gujarat,Amreli,Savarkundla APMC,Bengal Gram(Gram)(Whole),Average (Whole),Local,07/09/2026,5950,6280,6150
Gujarat,Amreli,APMC Bagasara,Wheat,Lokwan Gujrat,Local,07/09/2026,2500,2750,2625
Haryana,Karnal,Indri APMC,Onion,Other,FAQ,07/09/2026,4200,4200,4200
Haryana,Karnal,Indri APMC,Potato,Potato,FAQ,07/09/2026,900,900,900
Andhra Pradesh,Bapatla,Kuchinapudi APMC,Maize,Local,Local,07/09/2026,2800,3000,2900
Himachal Pradesh,Kullu,SMY Khegsu,Apple,Other,Medium,07/09/2026,2000,5500,3500
West Bengal,Dakshin Dinajpur,Gangarampur(Dakshin Dinajpur) APMC,Tomato,Other,FAQ,07/09/2026,2500,3000,2800
West Bengal,Dakshin Dinajpur,Gangarampur(Dakshin Dinajpur) APMC,Potato,Local,FAQ,07/09/2026,580,600,590
Keralam,Kollam,Kottarakkara Market,Colacasia,Other,Local,07/09/2026,3000,3000,3000
Keralam,Kollam,Kottarakkara Market,Little gourd(Kundru),Other,Local,07/09/2026,3000,3000,3000
Keralam,Kollam,Kottarakkara Market,Lemon,Other,Local,07/09/2026,3000,3000,3000
Himachal Pradesh,Kangra,SMY Dharamshala,Capsicum,Capsicum,FAQ,07/09/2026,5000,6000,5500
Himachal Pradesh,Kangra,SMY Dharamshala,Brinjal,Brinjal,FAQ,07/09/2026,2000,2400,2200
Himachal Pradesh,Kangra,SMY Dharamshala,Colacasia,Colacasia,FAQ,07/09/2026,2600,2800,2700
Himachal Pradesh,Kullu,SMY Shatt,French Beans(Frasbean),French Beans (Frasbean),FAQ,07/09/2026,3500,4000,3800
West Bengal,Coochbehar,Mekhliganj APMC,Rice,Common,FAQ,07/09/2026,4000,4200,4100
Tripura,Dhalai,Kulai APMC,Pumpkin,Other,Grade B,07/09/2026,4000,4500,4300
Keralam,Kozhikode(Calicut),Mukkom Market,Carrot,Carrot,FAQ,07/09/2026,8000,8600,8400
Keralam,Kozhikode(Calicut),Mukkom Market,Green Chilli,Green Chilly,FAQ,07/09/2026,5800,6200,6000
Keralam,Kozhikode(Calicut),Mukkom Market,Pumpkin,Pumpkin,FAQ,07/09/2026,1800,2000,1900
Keralam,Kozhikode(Calicut),Mukkom Market,Potato,Potato,FAQ,07/09/2026,2400,2800,2600
Gujarat,Rajkot,Jasdan APMC,Cotton,Shanker 6 (B) 30mm FIne,FAQ,07/09/2026,8000,9450,8850
Gujarat,Rajkot,Jasdan APMC,Soyabean,Soyabeen,FAQ,07/09/2026,5000,5750,5275
Gujarat,Rajkot,Jasdan APMC,Groundnut,G20,FAQ,07/09/2026,5000,7000,6250
Odisha,Rayagada,Gunpur APMC,Bhindi(Ladies Finger),Bhindi,Grade A,07/09/2026,2300,3440,2750
Odisha,Rayagada,Gunpur APMC,Carrot,Carrot,Grade B,07/09/2026,3650,4000,3750
Bihar,Begusarai,Balliah APMC,Onion,1st Sort,Grade C,07/09/2026,5000,5200,5100
Bihar,Begusarai,Balliah APMC,Potato,Local,Grade C,07/09/2026,1100,1300,1200
Keralam,Alappuzha,Cherthala Market,Banana - Green,Banana - Green,FAQ,07/09/2026,3400,3600,3500
Keralam,Ernakulam,Thrippunithura Market,Beetroot,Beetroot,Medium,07/09/2026,7500,8000,7700
Keralam,Ernakulam,Thrippunithura Market,Cabbage,Cabbage,Medium,07/09/2026,5000,6000,5200
Keralam,Ernakulam,Thrippunithura Market,Colacasia,Other,Medium,07/09/2026,6000,7000,6200
Keralam,Ernakulam,Thrippunithura Market,Cauliflower,Cauliflower,Medium,07/09/2026,6300,7000,6500
Andhra Pradesh,Eluru,Kalidindi APMC,Paddy(Common),MTU-1001,Local,07/09/2026,2440,2440,2440
Keralam,Kannur,Thalasserry Market,Onion,1st Sort,FAQ,07/09/2026,5800,6800,6200
Gujarat,Sabarkantha,Himatnagar APMC,Maize,Yellow,Local,07/09/2026,2450,2650,2500
Gujarat,Sabarkantha,Himatnagar APMC,Guar Seed(Cluster Beans Seed),Whole,Local,07/09/2026,5250,5625,5500
Andhra Pradesh,Tirupathi,Railway Koduru APMC,Papaya,Papaya,Grade A,07/09/2026,1500,1600,1550
Haryana,Rewari,Kosli APMC,Banana,Other,Medium,07/09/2026,2000,2000,2000
Haryana,Rewari,Kosli APMC,Bottle gourd,Bottle Gourd,FAQ,07/09/2026,1000,1000,1000
Haryana,Rewari,Kosli APMC,Pumpkin,Other,FAQ,07/09/2026,1000,1000,1000
Karnataka,Bagalkot,Hungund APMC,Jowar(Sorghum),Yellow,FAQ,07/09/2026,2000,2000,2000
Karnataka,Bagalkot,Hungund APMC,Bengal Gram(Gram)(Whole),Jawari/Local,FAQ,07/09/2026,8200,8200,8200
Haryana,Sonipat,Ganaur APMC,Ridgeguard(Tori),Ridgeguard(Tori),Medium,07/09/2026,2500,3000,2800
Haryana,Sonipat,Ganaur APMC,Cucumbar(Kheera),Cucumbar,Medium,07/09/2026,2500,3000,2800
Haryana,Sonipat,Ganaur APMC,Ginger(Green),Green Ginger,Medium,07/09/2026,10000,12000,10000
Haryana,Rohtak,Sampla APMC,Bhindi(Ladies Finger),Other,Local,07/09/2026,2500,2500,2500
Haryana,Rohtak,Sampla APMC,Potato,Other,Local,07/09/2026,1200,1200,1200
Keralam,Kasargod,Pullur Periya  VFPCK Market,Cucumbar(Kheera),Cucumbar,Grade A,07/09/2026,1300,1500,1400
Haryana,Mewat,FerozpurZirkha(Nagina) APMC,Brinjal,Other,Local,07/09/2026,1000,1400,1200
Punjab,Gurdaspur,Dera Baba Nanak APMC,Ashgourd,Other,Grade A,07/09/2026,652,652,652
Punjab,Gurdaspur,Dera Baba Nanak APMC,Onion,Other,Grade B,07/09/2026,3352,3352,3352
Punjab,Gurdaspur,Quadian APMC,Onion,Other,Grade A,07/09/2026,3200,3500,3300
Punjab,Gurdaspur,Quadian APMC,Apple,Other,Grade A,07/09/2026,3800,4000,3900
Punjab,Gurdaspur,Quadian APMC,Cabbage,Other,Grade A,07/09/2026,1300,1500,1400
Punjab,Hoshiarpur,GarhShankar (Kotfatuhi) APMC,Onion,Other,FAQ,07/09/2026,4000,4000,4000
Punjab,Jalandhar,Noor Mehal APMC,Raddish,Other,Local,07/09/2026,2200,2200,2200
Punjab,Ludhiana,Jagraon APMC,Mousambi(Sweet Lime),Mousambi,Grade A,07/09/2026,3500,3500,3500
Punjab,Ludhiana,Jagraon APMC,Capsicum,Other,FAQ,07/09/2026,600,600,600
Punjab,Ludhiana,Jagraon APMC,Green Chilli,Other,FAQ,07/09/2026,1700,1700,1700
Punjab,Ludhiana,Jagraon APMC,Cucumbar(Kheera),Other,FAQ,07/09/2026,600,600,600
Keralam,Kollam,Anchal Market,Carrot,Carrot,Local,07/09/2026,4800,4800,4800
Keralam,Kollam,Anchal Market,Pumpkin,Pumpkin,Local,07/09/2026,3300,3300,3300
Keralam,Kollam,Anchal Market,Snakeguard,Snakeguard,Local,07/09/2026,4200,4200,4200
Keralam,Kollam,Anchal Market,Onion,Small,Local,07/09/2026,4800,4800,4800
Keralam,Kollam,Anchal Market,Banana,Poovan,Medium,07/09/2026,8300,8300,8300
Keralam,Kollam,Anchal Market,Pineapple,Other,Local,07/09/2026,6800,6800,6800
Rajasthan,Beawar,Bijaynagar APMC,Cotton,Other,Local,07/09/2026,7000,8400,7800
Rajasthan,Ganganagar,Sriganganagar (F&V) APMC,Pineapple,Pine Apple,Grade B,07/09/2026,5900,6300,6100
Rajasthan,Ganganagar,Sriganganagar (F&V) APMC,Apple,Apple,Grade A,07/09/2026,7800,8200,8000
Rajasthan,Jaipur,Jaipur (F&V) APMC,Cauliflower,Other,FAQ,07/09/2026,1500,2000,1750
Rajasthan,Jaipur,Jaipur (F&V) APMC,Mint(Pudina),Mint(Pudina),FAQ,07/09/2026,3500,4000,3750
Rajasthan,Jaipur,Jaipur (F&V) APMC,Pumpkin,Other,FAQ,07/09/2026,700,800,750
Rajasthan,Jaipur,Jaipur (F&V) APMC,Bhindi(Ladies Finger),Other,FAQ,07/09/2026,1200,1500,1350
Rajasthan,Jaipur,Jaipur (F&V) APMC,Carrot,Carrot,FAQ,07/09/2026,2500,2600,2550
Rajasthan,Jaipur,Jaipur (F&V) APMC,Banana,Other,Medium,07/09/2026,1000,2000,1500
Rajasthan,Jaipur,Jaipur (F&V) APMC,Pineapple,Other,Medium,07/09/2026,4500,6000,5250
Rajasthan,Churu,Sadulpur APMC,Bajra(Pearl Millet/Cumbu),Local,Local,07/09/2026,2000,2000,2000
Rajasthan,Ganganagar,Suratgarh APMC,Guar,Gwar,FAQ,07/09/2026,6220,6220,6220
Andhra Pradesh,NTR,Nandigama APMC,Dry Chillies,Dry Chillies,Grade Range-1,07/09/2026,22000,22000,22000
Rajasthan,Bikaner,Sridungargarh APMC,Wheat,Other,Local,07/09/2026,2311,2311,2311
Rajasthan,Sikar,Fatehpur APMC,Guar,Other,Local,07/09/2026,5500,6500,6000
Rajasthan,Chittorgarh,Kapasan APMC,Wheat,Lokwan,FAQ,07/09/2026,2400,2600,2500
Rajasthan,Kota,Kota (F&V) APMC,Pineapple,Other,Medium,07/09/2026,5500,5500,5500
Rajasthan,Kota,Kota (F&V) APMC,Apple,Other,Medium,07/09/2026,11000,11000,11000
Rajasthan,Jalore,Jalore APMC,Banana - Green,Other,Local,07/09/2026,2800,3200,3000
Rajasthan,Jalore,Jalore APMC,Bitter gourd,Other,Local,07/09/2026,2500,2800,2600
Rajasthan,Jalore,Jalore APMC,Tomato,Tomato,Local,07/09/2026,1800,2000,1900
Rajasthan,Jalore,Jalore APMC,Lemon,Other,Local,07/09/2026,1800,2200,2000
Rajasthan,Jalore,Jalore APMC,Green Chilli,Green Chilly,Local,07/09/2026,1500,1800,1600
Rajasthan,Jalore,Jalore APMC,Onion Green,Onion Green,Local,07/09/2026,3500,3800,3600
Rajasthan,Jalore,Jalore APMC,Tinda,Tinda,Local,07/09/2026,1800,2200,2000
Punjab,Ludhiana,Khanna APMC,Cabbage,Other,Grade A,07/09/2026,800,800,800
Punjab,Ludhiana,Khanna APMC,Raddish,Raddish,Grade A,07/09/2026,1500,1500,1500
Punjab,Ludhiana,Khanna APMC,Bitter gourd,Bitter Gourd,Grade A,07/09/2026,2000,2000,2000
Punjab,Ludhiana,Khanna APMC,Potato,Local,Grade A,07/09/2026,500,500,500
Keralam,Kottayam,Athirampuzha Market,Bitter gourd,Bitter Gourd,FAQ,07/09/2026,5000,5200,5100
Keralam,Kottayam,Athirampuzha Market,Pumpkin,Pumpkin,FAQ,07/09/2026,1400,1600,1500
Keralam,Kottayam,Athirampuzha Market,French Beans(Frasbean),French Beans (Frasbean),FAQ,07/09/2026,6500,6700,6600
Keralam,Kottayam,Athirampuzha Market,Ginger(Green),Green Ginger,FAQ,07/09/2026,16000,17000,16500
Keralam,Kottayam,Athirampuzha Market,Galgal(Lemon),Galgal(Lemon),FAQ,07/09/2026,19800,20000,19900
Keralam,Kottayam,Athirampuzha Market,Carrot,Carrot,FAQ,07/09/2026,6600,6800,6700
Keralam,Kottayam,Athirampuzha Market,Banana - Green,Banana - Green,FAQ,07/09/2026,5800,6000,5900
Odisha,Bolangir,Kantabaji APMC,Cabbage,Cabbage,Grade B,07/09/2026,2000,2800,2400
Odisha,Bolangir,Kantabaji APMC,Brinjal,Other,Grade B,07/09/2026,2000,2600,2300
Odisha,Bolangir,Kantabaji APMC,Tomato,Other,Grade B,07/09/2026,2400,3200,2800
Jammu and Kashmir,Baramulla,Sopore (Nowpora) (F&V),Apple,Other,Grade A,07/09/2026,6500,6500,6500
Punjab,Bhatinda,Bhucho APMC,Onion,Onion,Local,07/09/2026,4000,4000,4000
Andhra Pradesh,Tirupathi,Vakadu APMC,Paddy(Common),B P T,Local,07/09/2026,2389,2410,2400
Keralam,Kottayam,Thalayolaparambu Market,Bitter gourd,Bitter Gourd,FAQ,07/09/2026,5000,5400,5200
Keralam,Kottayam,Thalayolaparambu Market,Brinjal,Brinjal,FAQ,07/09/2026,2800,3200,3000
Keralam,Kottayam,Thalayolaparambu Market,Brinjal,Other,FAQ,07/09/2026,2900,3300,3000
Keralam,Kottayam,Thalayolaparambu Market,Cabbage,Cabbage,FAQ,07/09/2026,2400,2700,2500
Keralam,Kottayam,Thalayolaparambu Market,Cluster beans,Cluster Beans,FAQ,07/09/2026,5800,6200,6000
Keralam,Kottayam,Thalayolaparambu Market,Green Chilli,Green Chilly,FAQ,07/09/2026,4000,4400,4200
Keralam,Kottayam,Thalayolaparambu Market,Mango(Raw-Ripe),Mango - Raw-Ripe,FAQ,07/09/2026,6500,6800,6600
Keralam,Kozhikode(Calicut),Kallachi Market,Ashgourd,Ashgourd,FAQ,07/09/2026,1800,2200,2000
Keralam,Kozhikode(Calicut),Kallachi Market,Banana - Green,Banana - Green,FAQ,07/09/2026,6200,6600,6400
Keralam,Alappuzha,Harippad Market,Cabbage,Cabbage,FAQ,07/09/2026,4500,5000,4500
Keralam,Alappuzha,Harippad Market,Banana - Green,Other,FAQ,07/09/2026,7000,7500,7000
Keralam,Alappuzha,Mannar Market,Banana - Green,Banana - Green,FAQ,07/09/2026,4000,4200,4100
Keralam,Alappuzha,Mannar Market,Cucumbar(Kheera),Cucumbar,FAQ,07/09/2026,2500,2700,2600
Jammu and Kashmir,Jammu,MAC F&V Market Narwal Jammu,Round gourd,Round gourd,FAQ,07/09/2026,1800,2200,2000
Jammu and Kashmir,Jammu,MAC F&V Market Narwal Jammu,Bhindi(Ladies Finger),Bhindi,FAQ,07/09/2026,1800,2500,2150
Jammu and Kashmir,Jammu,MAC F&V Market Narwal Jammu,Peas Wet,Peas Wet,FAQ,07/09/2026,8000,9000,8500
Jammu and Kashmir,Jammu,MAC F&V Market Narwal Jammu,Potato,Potato,FAQ,07/09/2026,800,1000,900
Jammu and Kashmir,Jammu,MAC F&V Market Narwal Jammu,Banana,Banana - Ripe,Medium,07/09/2026,3500,4100,3800
Jammu and Kashmir,Jammu,MAC F&V Market Narwal Jammu,Raddish,Raddish,FAQ,07/09/2026,2500,3000,2750
Jammu and Kashmir,Jammu,MAC F&V Market Narwal Jammu,Ridgeguard(Tori),Ridgeguard(Tori),FAQ,07/09/2026,1500,2000,1750
Jammu and Kashmir,Jammu,MAC F&V Market Narwal Jammu,Tomato,Tomato,FAQ,07/09/2026,2600,3000,2800
Jammu and Kashmir,Jammu,MAC F&V Market Narwal Jammu,Spinach,Spinach,FAQ,07/09/2026,2500,3000,2750
Jammu and Kashmir,Jammu,MAC F&V Market Narwal Jammu,Colacasia,Colacasia,FAQ,07/09/2026,1800,2000,1900
Jammu and Kashmir,Jammu,MAC F&V Market Narwal Jammu,Cabbage,Cabbage,FAQ,07/09/2026,2000,2500,2250
Jammu and Kashmir,Jammu,MAC F&V Market Narwal Jammu,Capsicum,Capsicum,FAQ,07/09/2026,4000,5000,4500
Keralam,Thiruvananthapuram,Neyyatinkara Market,Banana - Green,Other,FAQ,07/09/2026,6000,6500,6200
Keralam,Thiruvananthapuram,Neyyatinkara Market,Cabbage,Other,FAQ,07/09/2026,3400,4000,3700
Keralam,Thiruvananthapuram,Neyyatinkara Market,Carrot,Other,FAQ,07/09/2026,5400,6000,5600
Keralam,Thiruvananthapuram,Neyyatinkara Market,Cucumbar(Kheera),Cucumbar,FAQ,07/09/2026,3400,4000,3700
Keralam,Thiruvananthapuram,Neyyatinkara Market,Ginger(Green),Green Ginger,FAQ,07/09/2026,6000,12000,8000
Keralam,Thiruvananthapuram,Neyyatinkara Market,Tomato,Tomato,FAQ,07/09/2026,3400,4000,3700
Punjab,Moga,Baghapurana APMC,Bottle gourd,Other,Grade B,07/09/2026,3000,4000,3500
Punjab,Moga,Moga APMC,Apple,Apple,Medium,07/09/2026,4000,12000,8000
Punjab,Moga,Moga APMC,Brinjal,Round/Long,Local,07/09/2026,600,1000,800
Punjab,Moga,Moga APMC,Guava,Guava,Local,07/09/2026,3500,4500,4000
Andhra Pradesh,Nandyal,Koilkunta APMC,Jowar(Sorghum),Jowar ( White),FAQ,07/09/2026,3100,3500,3300
Punjab,Nawanshahr,Balachaur APMC,Round gourd,Other,Medium,07/09/2026,1000,1000,1000
Punjab,Nawanshahr,Balachaur APMC,Onion,Other,Medium,07/09/2026,3000,4000,3500
Punjab,Nawanshahr,Balachaur APMC,Papaya,Other,Medium,07/09/2026,5000,5000,5000
Punjab,Nawanshahr,Balachaur APMC,Pomegranate,Pomogranate,Medium,07/09/2026,6000,11000,7000
Punjab,Nawanshahr,Balachaur APMC,Bitter gourd,Other,Medium,07/09/2026,4000,4000,4000
Punjab,Nawanshahr,Balachaur APMC,Bottle gourd,Other,Medium,07/09/2026,1000,1000,1000
Punjab,Nawanshahr,Balachaur APMC,Cauliflower,Other,Medium,07/09/2026,3000,4000,3500
Punjab,Ropar (Rupnagar),Ropar APMC,Apple,Kasmir/Shimla - II,Medium,07/09/2026,9500,10000,9800
Punjab,Ropar (Rupnagar),Ropar APMC,Banana,Medium,Medium,07/09/2026,3000,4000,3500
Punjab,Ropar (Rupnagar),Ropar APMC,Onion,Nasik,Non-FAQ,07/09/2026,4000,4400,4200
Punjab,Ropar (Rupnagar),Ropar APMC,Garlic,Desi,Local,07/09/2026,12000,13000,12500
Punjab,Ropar (Rupnagar),Ropar APMC,Ginger(Green),Other,Medium,07/09/2026,9200,9600,9400
Punjab,Sangrur,Ahmedgarh APMC,Mousambi(Sweet Lime),Mousambi,Medium,07/09/2026,3700,4000,4000
Keralam,Palakad,Pattambi Market,Ashgourd,Ashgourd,FAQ,07/09/2026,1500,2000,1800
Keralam,Palakad,Pattambi Market,Onion,Onion,FAQ,07/09/2026,8000,8500,8200
Keralam,Palakad,Pattambi Market,Banana,Nendra Bale,Grade B,07/09/2026,6000,7000,6500
Karnataka,Chamarajanagar,Chamarajanagar APMC,Ladies Finger,Ladies Finger,Local,07/09/2026,1600,2200,1900
Karnataka,Chamarajanagar,Chamarajanagar APMC,Coconut,Small,Local,07/09/2026,13000,24000,24000
Punjab,Sangrur,Dhuri APMC,Onion,Other,Medium,07/09/2026,4400,4600,4500
Punjab,Sangrur,Dhuri APMC,Tomato,Other,Medium,07/09/2026,2300,2500,2400
Punjab,Sangrur,Dhuri APMC,Banana,Other,Medium,07/09/2026,2000,2200,2100
Punjab,Sangrur,Dhuri APMC,Pumpkin,Other,Medium,07/09/2026,1800,2000,1900
Punjab,Sangrur,Malerkotla APMC,Bottle gourd,Bottle Gourd,Local,07/09/2026,1000,2000,1600
Punjab,Sangrur,Malerkotla APMC,Garlic,Average,Local,07/09/2026,6500,7500,7000
Punjab,Sangrur,Malerkotla APMC,French Beans(Frasbean),French Beans (Frasbean),Local,07/09/2026,2800,3500,3200
Punjab,Sangrur,Malerkotla APMC,Bhindi(Ladies Finger),Bhindi,Local,07/09/2026,1000,1500,1200
Punjab,Sangrur,Malerkotla APMC,Onion,Other,Local,07/09/2026,3000,3800,3500
Keralam,Ernakulam,Piravam Market,Bottle gourd,Bottle Gourd,Local,07/09/2026,2000,3600,3000
Keralam,Ernakulam,Piravam Market,Cabbage,Cabbage,Local,07/09/2026,5000,6000,5500
Keralam,Ernakulam,Piravam Market,Cauliflower,Cauliflower,Local,07/09/2026,5000,6500,6000
Punjab,Tarntaran,Naushera Pannuan APMC,Carrot,Other,Local,07/09/2026,1900,1900,1900
Gujarat,Porbandar,Porbandar APMC,Cabbage,Cabbage,Local,07/09/2026,2000,2500,2250
Gujarat,Porbandar,Porbandar APMC,Guar,Gwar,Local,07/09/2026,7000,8000,7500
Gujarat,Porbandar,Porbandar APMC,"Spiny Gourd / Kartali(Kantola)
",Kartali (Kantola),Local,07/09/2026,10000,11000,10500
Andhra Pradesh,Bapatla,Parchur APMC,Maize,Local,Local,07/09/2026,2400,2500,2450
Andhra Pradesh,Bapatla,Parchur APMC,Black Gram(Urd Beans)(Whole),Local,Local,07/09/2026,8000,8500,8250
Andhra Pradesh,Chittor,Chittoor APMC,Gur(Jaggery),NO 2,Local,07/09/2026,3000,3500,3500
Tamil Nadu,Thirupur,Tiruppur (South) (Uzhavar Sandhai ),Potato,Other,Local,07/09/2026,4000,5000,4500
Tamil Nadu,Thirupur,Tiruppur (South) (Uzhavar Sandhai ),Cauliflower,Ranchi,Local,07/09/2026,3000,4000,3500
Tamil Nadu,Thirupur,Tiruppur (South) (Uzhavar Sandhai ),Papaya,Papaya,Local,07/09/2026,2500,3000,2750
Tamil Nadu,Thirupur,Tiruppur (South) (Uzhavar Sandhai ),Bottle gourd,Bottle Gourd,Local,07/09/2026,1500,2000,1750
Tamil Nadu,Thirupur,Tiruppur (South) (Uzhavar Sandhai ),Green Avare(W),Other,Local,07/09/2026,5000,6000,5500
Tamil Nadu,Thirupur,Tiruppur (South) (Uzhavar Sandhai ),Cowpea(Veg),Cowpea (Veg),Local,07/09/2026,3500,4000,3750
Tamil Nadu,Thirupur,Tiruppur (South) (Uzhavar Sandhai ),Beans,Beans (Whole),Local,07/09/2026,6000,7000,6500
Tamil Nadu,Thirupur,Tiruppur (South) (Uzhavar Sandhai ),Banana,Red Banana,Local,07/09/2026,4000,6000,5000
Tamil Nadu,Thirupur,Tiruppur (South) (Uzhavar Sandhai ),Carrot,Pusakesar,Local,07/09/2026,5000,6000,5500
Tamil Nadu,Erode,Perundurai(Uzhavar Sandhai ),Brinjal,Round,Local,07/09/2026,3000,3500,3250
Tamil Nadu,Erode,Perundurai(Uzhavar Sandhai ),Green Avare(W),Green Avare (W),Local,07/09/2026,4500,5000,4750
Tamil Nadu,Erode,Perundurai(Uzhavar Sandhai ),Bitter gourd,Bitter Gourd,Local,07/09/2026,4500,5000,4750
Tamil Nadu,Erode,Perundurai(Uzhavar Sandhai ),Bhindi(Ladies Finger),Bhindi,Local,07/09/2026,2600,3000,2800
Tamil Nadu,Erode,Perundurai(Uzhavar Sandhai ),Amaranthus,Amaranthus,Local,07/09/2026,4000,4400,4200
Tamil Nadu,Erode,Perundurai(Uzhavar Sandhai ),Snakeguard,Snakeguard,Local,07/09/2026,3600,4000,3800
Tamil Nadu,Erode,Perundurai(Uzhavar Sandhai ),Chow Chow,Chow Chow,Local,07/09/2026,2600,3000,2800
Tamil Nadu,Erode,Perundurai(Uzhavar Sandhai ),Drumstick,Drumstick,Local,07/09/2026,2200,2500,2350
Tamil Nadu,Erode,Perundurai(Uzhavar Sandhai ),Guava,Guava Allahabad,Local,07/09/2026,5500,6000,5750
Tamil Nadu,Erode,Perundurai(Uzhavar Sandhai ),Elephant Yam(Suran)/Amorphophallus,Elephant Yam (Suran),Local,07/09/2026,2600,3000,2800
Tamil Nadu,Dharmapuri,Dharmapuri(Uzhavar Sandhai ),Brinjal,Round,Local,07/09/2026,1800,2000,1900
Tamil Nadu,Dharmapuri,Dharmapuri(Uzhavar Sandhai ),Coriander(Leaves),I Sort,Local,07/09/2026,4600,5000,4800
Tamil Nadu,Dharmapuri,Dharmapuri(Uzhavar Sandhai ),Papaya,Papaya,Local,07/09/2026,3500,3800,3650
Tamil Nadu,Dharmapuri,Dharmapuri(Uzhavar Sandhai ),Tomato,Local,Local,07/09/2026,2300,2500,2400
Tamil Nadu,Dharmapuri,Dharmapuri(Uzhavar Sandhai ),Beans,Beans (Whole),Local,07/09/2026,8000,8400,8200
Tamil Nadu,Dharmapuri,Dharmapuri(Uzhavar Sandhai ),Carrot,Pusakesar,Local,07/09/2026,6200,6400,6300
Tamil Nadu,Dharmapuri,Dharmapuri(Uzhavar Sandhai ),Knool Khol,Knool Khol,Local,07/09/2026,4200,4400,4300
Tamil Nadu,Dharmapuri,Dharmapuri(Uzhavar Sandhai ),Lemon,Lemon,Local,07/09/2026,23200,24000,23600
Tamil Nadu,Dharmapuri,Palacode(Uzhavar Sandhai ),Garlic,Garlic,Local,07/09/2026,15500,16000,15750
Tamil Nadu,Dharmapuri,Palacode(Uzhavar Sandhai ),Cluster beans,Cluster Beans,Local,07/09/2026,3200,3500,3350
Tamil Nadu,Dharmapuri,Palacode(Uzhavar Sandhai ),Bottle gourd,Bottle Gourd,Local,07/09/2026,1800,2000,1900
Tamil Nadu,Dharmapuri,Palacode(Uzhavar Sandhai ),Amaranthus,Amaranthus,Local,07/09/2026,2000,2500,2250
Tamil Nadu,Dharmapuri,Palacode(Uzhavar Sandhai ),Cowpea(Veg),Cowpea (Veg),Local,07/09/2026,3800,4000,3900
Tamil Nadu,Dharmapuri,Palacode(Uzhavar Sandhai ),Banana - Green,Banana - Green,Local,07/09/2026,2000,2500,2250
Tamil Nadu,Dharmapuri,Palacode(Uzhavar Sandhai ),Ginger(Green),Green Ginger,Local,07/09/2026,21500,22000,21750
Tamil Nadu,Dharmapuri,Palacode(Uzhavar Sandhai ),Beetroot,Beetroot,Local,07/09/2026,5000,5500,5250
Tamil Nadu,Dharmapuri,Palacode(Uzhavar Sandhai ),Cucumbar(Kheera),Cucumbar,Local,07/09/2026,3600,4000,3800
Tamil Nadu,Dharmapuri,Palacode(Uzhavar Sandhai ),Capsicum,Capsicum,Local,07/09/2026,7800,8000,7900
Tamil Nadu,Dharmapuri,Palacode(Uzhavar Sandhai ),Chow Chow,Chow Chow,Local,07/09/2026,4500,4800,4650
Tamil Nadu,Dharmapuri,Palacode(Uzhavar Sandhai ),Tamarind Fruit,Tamarind Fruit,Local,07/09/2026,11000,11500,11250
Tamil Nadu,Dharmapuri,Palacode(Uzhavar Sandhai ),Elephant Yam(Suran)/Amorphophallus,Elephant Yam (Suran),Local,07/09/2026,6000,6400,6200
Tamil Nadu,Dharmapuri,Palacode(Uzhavar Sandhai ),Onion Green,Onion Green,Local,07/09/2026,6500,7000,6750
Tamil Nadu,Dharmapuri,Pennagaram(Uzhavar Sandhai ),Potato,Red Nanital,Local,07/09/2026,3300,3500,3400
Tamil Nadu,Dharmapuri,Pennagaram(Uzhavar Sandhai ),Cauliflower,Ranchi,Local,07/09/2026,2800,3000,2900
Tamil Nadu,Dharmapuri,Pennagaram(Uzhavar Sandhai ),Papaya,Papaya,Local,07/09/2026,3300,3500,3400
Tamil Nadu,Dharmapuri,Pennagaram(Uzhavar Sandhai ),Bitter gourd,Bitter Gourd,Local,07/09/2026,4600,5000,4800
Tamil Nadu,Dharmapuri,Pennagaram(Uzhavar Sandhai ),Bottle gourd,Bottle Gourd,Local,07/09/2026,2200,2400,2300
Tamil Nadu,Dharmapuri,Pennagaram(Uzhavar Sandhai ),Tapioca,Tapioca,Local,07/09/2026,2800,3000,2900
Tamil Nadu,Dharmapuri,Pennagaram(Uzhavar Sandhai ),Cabbage,Cabbage,Local,07/09/2026,3700,4000,3850
Tamil Nadu,Dharmapuri,Pennagaram(Uzhavar Sandhai ),Chow Chow,Chow Chow,Local,07/09/2026,4600,5000,4800
Tamil Nadu,Dharmapuri,Pennagaram(Uzhavar Sandhai ),Drumstick,Drumstick,Local,07/09/2026,2800,3000,2900
Tamil Nadu,Dharmapuri,Pennagaram(Uzhavar Sandhai ),Onion Green,Onion Green,Local,07/09/2026,5500,6000,5750
Tamil Nadu,Dindigul,Chinnalapatti(Uzhavar Sandhai ),Coriander(Leaves),I Sort,Local,07/09/2026,2500,3000,2750
Tamil Nadu,Dindigul,Chinnalapatti(Uzhavar Sandhai ),Bottle gourd,Bottle Gourd,Local,07/09/2026,2000,2500,2250
Tamil Nadu,Dindigul,Chinnalapatti(Uzhavar Sandhai ),Pumpkin,Pumpkin,Local,07/09/2026,1600,2000,1800
Tamil Nadu,Dindigul,Chinnalapatti(Uzhavar Sandhai ),Green Chilli,Green Chilly,Local,07/09/2026,5000,6000,5500
Tamil Nadu,Dindigul,Chinnalapatti(Uzhavar Sandhai ),Potato,Red Nanital,Local,07/09/2026,4000,6000,5000
Tamil Nadu,Dindigul,Chinnalapatti(Uzhavar Sandhai ),Beetroot,Beetroot,Local,07/09/2026,7000,8000,7500
Tamil Nadu,Dindigul,Chinnalapatti(Uzhavar Sandhai ),Indian Beans(Seam),Indian Beans (Seam),Local,07/09/2026,6800,7000,6900
Tamil Nadu,Dindigul,Dindigul(Uzhavar Sandhai ),Cauliflower,Ranchi,Local,07/09/2026,4000,5000,4500
Tamil Nadu,Dindigul,Dindigul(Uzhavar Sandhai ),Brinjal,Other,Local,07/09/2026,5000,6000,5500
Tamil Nadu,Dindigul,Dindigul(Uzhavar Sandhai ),Ashgourd,Gouard,Local,07/09/2026,2000,3000,2500
Tamil Nadu,Dindigul,Dindigul(Uzhavar Sandhai ),Green Chilli,Green Chilly,Local,07/09/2026,5000,6000,5500
Tamil Nadu,Dindigul,Dindigul(Uzhavar Sandhai ),Beans,Beans (Whole),Local,07/09/2026,7000,8000,7500
Tamil Nadu,Dindigul,Dindigul(Uzhavar Sandhai ),Tapioca,Tapioca,Local,07/09/2026,4000,5000,4500
Tamil Nadu,Dindigul,Dindigul(Uzhavar Sandhai ),Carrot,Pusakesar,Local,07/09/2026,7000,8000,7500
Tamil Nadu,Dindigul,Dindigul(Uzhavar Sandhai ),Cabbage,Cabbage,Local,07/09/2026,2000,3000,2500
Tamil Nadu,Dindigul,Dindigul(Uzhavar Sandhai ),Knool Khol,Knool Khol,Local,07/09/2026,4000,5000,4500
Tamil Nadu,Dindigul,Dindigul(Uzhavar Sandhai ),Lime,Lime,Local,07/09/2026,10000,12000,11000
Tamil Nadu,Dindigul,Dindigul(Uzhavar Sandhai ),Yam(Ratalu),Yam (Ratalu),Local,07/09/2026,8000,10000,9000
Tamil Nadu,Dindigul,Dindigul(Uzhavar Sandhai ),Colacasia,Colacasia,Local,07/09/2026,5000,6000,5500
Tamil Nadu,Dindigul,Palani(Uzhavar Sandhai ),Potato,Other,Local,07/09/2026,3600,4000,3800
Tamil Nadu,Dindigul,Palani(Uzhavar Sandhai ),Bitter gourd,Other,Local,07/09/2026,4000,4500,4250
Tamil Nadu,Dindigul,Palani(Uzhavar Sandhai ),Beans,Beans (Whole),Local,07/09/2026,7000,8000,7500
Tamil Nadu,Dindigul,Palani(Uzhavar Sandhai ),Coconut,Coconut,Local,07/09/2026,5000,5500,5250
Tamil Nadu,Dindigul,Palani(Uzhavar Sandhai ),Carrot,Pusakesar,Local,07/09/2026,6000,7000,6500
Tamil Nadu,Dindigul,Palani(Uzhavar Sandhai ),Knool Khol,Knool Khol,Local,07/09/2026,4000,5000,4500
Tamil Nadu,Dindigul,Palani(Uzhavar Sandhai ),Guava,Guava Allahabad,Local,07/09/2026,4000,5000,4500
Tamil Nadu,Dindigul,Palani(Uzhavar Sandhai ),Onion Green,Onion Green,Local,07/09/2026,6000,7200,6600
Tamil Nadu,Erode,Periyar Nagar(Uzhavar Sandhai ),Tomato,Other,Local,07/09/2026,2600,3000,2800
Tamil Nadu,Erode,Periyar Nagar(Uzhavar Sandhai ),Bitter gourd,Other,Local,07/09/2026,4000,4200,4100
Tamil Nadu,Erode,Periyar Nagar(Uzhavar Sandhai ),Ridgeguard(Tori),Ridgeguard(Tori),Local,07/09/2026,4000,4500,4250
Tamil Nadu,Erode,Periyar Nagar(Uzhavar Sandhai ),Elephant Yam(Suran)/Amorphophallus,Elephant Yam (Suran),Local,07/09/2026,3200,3600,3400
Tamil Nadu,Kallakuruchi,Sankarapuram(Uzhavar Sandhai ),Bottle gourd,Bottle Gourd,Local,07/09/2026,1500,1500,1500
Tamil Nadu,Kallakuruchi,Sankarapuram(Uzhavar Sandhai ),Bhindi(Ladies Finger),Bhindi,Local,07/09/2026,2000,2000,2000
Tamil Nadu,Kallakuruchi,Sankarapuram(Uzhavar Sandhai ),Amaranthus,Amaranthus,Local,07/09/2026,4000,4000,4000
Tamil Nadu,Kallakuruchi,Sankarapuram(Uzhavar Sandhai ),Groundnut,Big (With Shell),Local,07/09/2026,7000,7000,7000
Tamil Nadu,Kallakuruchi,Sankarapuram(Uzhavar Sandhai ),Onion,Bellary,Local,07/09/2026,6000,6000,6000
Tamil Nadu,Kallakuruchi,Sankarapuram(Uzhavar Sandhai ),Snakeguard,Snakeguard,Local,07/09/2026,4000,4000,4000
Tamil Nadu,Kallakuruchi,Sankarapuram(Uzhavar Sandhai ),Beetroot,Beetroot,Local,07/09/2026,6000,6000,6000
Tamil Nadu,Kallakuruchi,Sankarapuram(Uzhavar Sandhai ),Mango(Raw-Ripe),Mango - Raw-Ripe,Local,07/09/2026,9000,9000,9000
Tamil Nadu,Kallakuruchi,Sankarapuram(Uzhavar Sandhai ),Custard Apple(Sharifa),Custard Apple(Sharifa),Local,07/09/2026,5000,5000,5000
Tamil Nadu,Kancheepuram,Kancheepuram(Uzhavar Sandhai ),Tomato,Local,Local,07/09/2026,2200,3000,2600
Tamil Nadu,Kancheepuram,Kancheepuram(Uzhavar Sandhai ),Pumpkin,Pumpkin,Local,07/09/2026,2000,3000,2500
Tamil Nadu,Kancheepuram,Kancheepuram(Uzhavar Sandhai ),Potato,Other,Local,07/09/2026,3000,4000,3500
Tamil Nadu,Kancheepuram,Kancheepuram(Uzhavar Sandhai ),Drumstick,Drumstick,Local,07/09/2026,3000,3500,3250
Tamil Nadu,Kancheepuram,Kundrathur(Uzhavar Sandhai ),Bottle gourd,Bottle Gourd,Local,07/09/2026,3000,3000,3000
Tamil Nadu,Kancheepuram,Kundrathur(Uzhavar Sandhai ),Banana,Red Banana,Local,07/09/2026,7000,8000,7500
Tamil Nadu,Kancheepuram,Kundrathur(Uzhavar Sandhai ),Coconut,Coconut,Local,07/09/2026,5000,6000,5500
Tamil Nadu,Kancheepuram,Kundrathur(Uzhavar Sandhai ),Beetroot,Beetroot,Local,07/09/2026,3500,3500,3500
Tamil Nadu,Kancheepuram,Padappai(Uzhavar Sandhai ),Bitter gourd,Other,Local,07/09/2026,4000,4500,4250
Tamil Nadu,Kancheepuram,Padappai(Uzhavar Sandhai ),Carrot,Pusakesar,Local,07/09/2026,4000,6000,5000
Tamil Nadu,Kancheepuram,Padappai(Uzhavar Sandhai ),Cucumbar(Kheera),Cucumbar,Local,07/09/2026,2500,3000,2750
Tamil Nadu,Kancheepuram,Padappai(Uzhavar Sandhai ),Ridgeguard(Tori),Ridgeguard(Tori),Local,07/09/2026,4000,4500,4250
Tamil Nadu,Kancheepuram,Padappai(Uzhavar Sandhai ),Mashrooms,Mashrooms,Local,07/09/2026,26000,32500,29250
Tamil Nadu,Kancheepuram,Sunguvarchatram(Uzhavar Sandhai ),Pumpkin,Pumpkin,Local,07/09/2026,2000,2000,2000
Tamil Nadu,Kancheepuram,Sunguvarchatram(Uzhavar Sandhai ),Cabbage,Cabbage,Local,07/09/2026,3000,3000,3000
Tamil Nadu,Kancheepuram,Sunguvarchatram(Uzhavar Sandhai ),Yam(Ratalu),Yam (Ratalu),Local,07/09/2026,4000,4000,4000
Tamil Nadu,Kancheepuram,Sunguvarchatram(Uzhavar Sandhai ),Colacasia,Colacasia,Local,07/09/2026,3000,3000,3000
Tamil Nadu,Krishnagiri,Avallapalli(Uzhavar Sandhai ),Green Peas,Green Peas,Local,07/09/2026,10000,12000,11000
Tamil Nadu,Krishnagiri,Avallapalli(Uzhavar Sandhai ),Bhindi(Ladies Finger),Bhindi,Local,07/09/2026,2500,3000,2750
Tamil Nadu,Krishnagiri,Avallapalli(Uzhavar Sandhai ),Amaranthus,Amaranthus,Local,07/09/2026,3500,4000,3750
Tamil Nadu,Krishnagiri,Avallapalli(Uzhavar Sandhai ),Banana - Green,Banana - Green,Local,07/09/2026,3500,4000,3750
Tamil Nadu,Krishnagiri,Avallapalli(Uzhavar Sandhai ),Ginger(Green),Green Ginger,Local,07/09/2026,14000,15000,14500
Tamil Nadu,Krishnagiri,Avallapalli(Uzhavar Sandhai ),Snakeguard,Snakeguard,Local,07/09/2026,3000,3500,3250
Tamil Nadu,Krishnagiri,Avallapalli(Uzhavar Sandhai ),Raddish,Raddish,Local,07/09/2026,1000,1500,1250
Tamil Nadu,Dharmapuri,Karimangalam(Uzhavar Sandhai),Coriander(Leaves),I Sort,Local,07/09/2026,4500,5000,4750
Tamil Nadu,Dharmapuri,Karimangalam(Uzhavar Sandhai),Bottle gourd,Bottle Gourd,Local,07/09/2026,1800,2000,1900
Tamil Nadu,Dharmapuri,Karimangalam(Uzhavar Sandhai),Bhindi(Ladies Finger),Bhindi,Local,07/09/2026,2200,2400,2300
Tamil Nadu,Dharmapuri,Karimangalam(Uzhavar Sandhai),Banana - Green,Banana - Green,Local,07/09/2026,2800,3000,2900
Tamil Nadu,Dharmapuri,Karimangalam(Uzhavar Sandhai),Cabbage,Cabbage,Local,07/09/2026,3300,3500,3400
Tamil Nadu,Dharmapuri,Karimangalam(Uzhavar Sandhai),Cucumbar(Kheera),Cucumbar,Local,07/09/2026,4000,4500,4250
Tamil Nadu,Dharmapuri,Karimangalam(Uzhavar Sandhai),Chow Chow,Chow Chow,Local,07/09/2026,4400,4800,4600
Tamil Nadu,Dharmapuri,Karimangalam(Uzhavar Sandhai),Amla(Nelli Kai),Amla,Local,07/09/2026,8000,9000,8500
Tamil Nadu,Krishnagiri,Denkanikottai(Uzhavar Sandhai ),Coriander(Leaves),I Sort,Local,07/09/2026,5500,6000,5750
Tamil Nadu,Krishnagiri,Denkanikottai(Uzhavar Sandhai ),Papaya,Papaya,Local,07/09/2026,3500,4800,4150
Tamil Nadu,Krishnagiri,Denkanikottai(Uzhavar Sandhai ),Bottle gourd,Bottle Gourd,Local,07/09/2026,1500,2000,1750
Tamil Nadu,Krishnagiri,Denkanikottai(Uzhavar Sandhai ),Beans,Beans (Whole),Local,07/09/2026,6500,7000,6750
Tamil Nadu,Krishnagiri,Denkanikottai(Uzhavar Sandhai ),Onion,Bellary,Local,07/09/2026,6000,6500,6250
Tamil Nadu,Krishnagiri,Denkanikottai(Uzhavar Sandhai ),Coconut,Coconut,Local,07/09/2026,5500,6000,5750
Tamil Nadu,Krishnagiri,Denkanikottai(Uzhavar Sandhai ),Cabbage,Cabbage,Local,07/09/2026,1200,1500,1350
Tamil Nadu,Krishnagiri,Denkanikottai(Uzhavar Sandhai ),Beetroot,Beetroot,Local,07/09/2026,2500,3000,2750
Tamil Nadu,Krishnagiri,Denkanikottai(Uzhavar Sandhai ),Drumstick,Drumstick,Local,07/09/2026,3000,3500,3250
Tamil Nadu,Krishnagiri,Hosur(Uzhavar Sandhai ),Papaya,Papaya,Local,07/09/2026,3500,4000,3750
Tamil Nadu,Krishnagiri,Hosur(Uzhavar Sandhai ),Bhindi(Ladies Finger),Bhindi,Local,07/09/2026,2500,3000,2750
Tamil Nadu,Krishnagiri,Hosur(Uzhavar Sandhai ),Beans,Beans (Whole),Local,07/09/2026,6500,7000,6750
Tamil Nadu,Krishnagiri,Hosur(Uzhavar Sandhai ),Ginger(Green),Green Ginger,Local,07/09/2026,7000,15000,11000
Tamil Nadu,Krishnagiri,Hosur(Uzhavar Sandhai ),Carrot,Pusakesar,Local,07/09/2026,4500,5000,4750
Tamil Nadu,Krishnagiri,Hosur(Uzhavar Sandhai ),Raddish,Raddish,Local,07/09/2026,1000,1500,1250
Tamil Nadu,Krishnagiri,Hosur(Uzhavar Sandhai ),Thondekai,Thondekai,Local,07/09/2026,2500,3000,2750
Tamil Nadu,Krishnagiri,Hosur(Uzhavar Sandhai ),Capsicum,Capsicum,Local,07/09/2026,3000,3500,3250
Tamil Nadu,Krishnagiri,Hosur(Uzhavar Sandhai ),Jasmine,Jasmine,Local,07/09/2026,35000,40000,37500
Tamil Nadu,Krishnagiri,Hosur(Uzhavar Sandhai ),Tamarind Fruit,Tamarind Fruit,Local,07/09/2026,10000,15000,12500
Tamil Nadu,Krishnagiri,Hosur(Uzhavar Sandhai ),Elephant Yam(Suran)/Amorphophallus,Elephant Yam (Suran),Local,07/09/2026,3500,4000,3750
Tamil Nadu,Krishnagiri,Hosur(Uzhavar Sandhai ),Lemon,Lemon,Local,07/09/2026,13000,15000,14000
Tamil Nadu,Krishnagiri,Hosur(Uzhavar Sandhai ),Mint(Pudina),Mint(Pudina),Local,07/09/2026,3500,4000,3750
Tamil Nadu,Krishnagiri,Hosur(Uzhavar Sandhai ),Sweet Corn ,Sweet Corn ,Local,07/09/2026,2500,3000,2750
Tamil Nadu,Madurai,Anaiyur(Uzhavar Sandhai ),Chikoos(Sapota),Sapota,Local,07/09/2026,4000,6000,5000
Tamil Nadu,Madurai,Anaiyur(Uzhavar Sandhai ),Papaya,Papaya,Local,07/09/2026,4500,5000,4750
Tamil Nadu,Madurai,Anaiyur(Uzhavar Sandhai ),Tomato,Deshi,Local,07/09/2026,2000,2800,2400
Tamil Nadu,Madurai,Anaiyur(Uzhavar Sandhai ),Bhindi(Ladies Finger),Bhindi,Local,07/09/2026,2800,3000,2900
Tamil Nadu,Madurai,Anaiyur(Uzhavar Sandhai ),Green Chilli,Green Chilly,Local,07/09/2026,3500,4000,3750
Tamil Nadu,Madurai,Anaiyur(Uzhavar Sandhai ),Banana - Green,Banana - Green,Local,07/09/2026,2000,2400,2200
Tamil Nadu,Madurai,Anaiyur(Uzhavar Sandhai ),Orange,Darjeeling,Local,07/09/2026,20000,24000,22000
Tamil Nadu,Madurai,Anaiyur(Uzhavar Sandhai ),Betal Leaves,Mysore,Local,07/09/2026,24000,28000,26000
Tamil Nadu,Madurai,Anaiyur(Uzhavar Sandhai ),Cucumbar(Kheera),Cucumbar,Local,07/09/2026,4000,5000,4500
Tamil Nadu,Madurai,Anaiyur(Uzhavar Sandhai ),Mango(Raw-Ripe),Mango - Raw-Ripe,Local,07/09/2026,9000,10000,9500
Tamil Nadu,Madurai,Anaiyur(Uzhavar Sandhai ),Indian Beans(Seam),Indian Beans (Seam),Local,07/09/2026,5500,6000,5750
Tamil Nadu,Madurai,Anaiyur(Uzhavar Sandhai ),Colacasia,Colacasia,Local,07/09/2026,5000,6000,5500
Tamil Nadu,Madurai,Usilampatti(Uzhavar Sandhai ),Green Chilli,Green Chilly,Local,07/09/2026,3500,4000,3750
Tamil Nadu,Madurai,Usilampatti(Uzhavar Sandhai ),Mint(Pudina),Mint(Pudina),Local,07/09/2026,4500,5000,4750
Tamil Nadu,Nagapattinam,Sirkali(Uzhavar Sandhai ),Cauliflower,Ranchi,Local,07/09/2026,5000,5000,5000
Tamil Nadu,Nagapattinam,Sirkali(Uzhavar Sandhai ),Bhindi(Ladies Finger),Bhindi,Local,07/09/2026,4500,5000,4750
Tamil Nadu,Nagapattinam,Sirkali(Uzhavar Sandhai ),Sweet Potato,Hosur Red,Local,07/09/2026,5500,6000,5750
Tamil Nadu,Nagapattinam,Sirkali(Uzhavar Sandhai ),Carrot,Pusakesar,Local,07/09/2026,8000,8000,8000
Tamil Nadu,Nagapattinam,Sirkali(Uzhavar Sandhai ),Cabbage,Cabbage,Local,07/09/2026,3000,3000,3000
Tamil Nadu,Nagapattinam,Sirkali(Uzhavar Sandhai ),Cucumbar(Kheera),Cucumbar,Local,07/09/2026,2500,3000,2750
Tamil Nadu,Nagapattinam,Sirkali(Uzhavar Sandhai ),Raddish,Raddish,Local,07/09/2026,3600,4000,3800
Tamil Nadu,Nagapattinam,Sirkali(Uzhavar Sandhai ),Onion Green,Onion Green,Local,07/09/2026,5500,6000,5750
Tamil Nadu,Namakkal,Kumarapalayam(Uzhavar Sandhai ),Potato,Other,Local,07/09/2026,2800,3000,2900
Tamil Nadu,Namakkal,Kumarapalayam(Uzhavar Sandhai ),Brinjal,Other,Local,07/09/2026,4500,5000,4750
Tamil Nadu,Namakkal,Kumarapalayam(Uzhavar Sandhai ),Chikoos(Sapota),Sapota,Local,07/09/2026,3500,4000,3750
Tamil Nadu,Namakkal,Kumarapalayam(Uzhavar Sandhai ),Water Melon,Water Melon,Local,07/09/2026,1000,1500,1250
Tamil Nadu,Namakkal,Kumarapalayam(Uzhavar Sandhai ),Cluster beans,Cluster Beans,Local,07/09/2026,2600,3000,2800
Tamil Nadu,Namakkal,Kumarapalayam(Uzhavar Sandhai ),Bottle gourd,Bottle Gourd,Local,07/09/2026,1800,2000,1900
Tamil Nadu,Namakkal,Kumarapalayam(Uzhavar Sandhai ),Ridgeguard(Tori),Ridgeguard(Tori),Local,07/09/2026,5000,5500,5250
Tamil Nadu,Namakkal,Mohanur(Uzhavar Sandhai ),Cluster beans,Cluster Beans,Local,07/09/2026,4400,4800,4600
Tamil Nadu,Namakkal,Mohanur(Uzhavar Sandhai ),Ashgourd,Gouard,Local,07/09/2026,2400,2800,2600
Tamil Nadu,Namakkal,Mohanur(Uzhavar Sandhai ),Beans,Beans (Whole),Local,07/09/2026,7200,8000,7600
Tamil Nadu,Namakkal,Mohanur(Uzhavar Sandhai ),Carrot,Pusakesar,Local,07/09/2026,6200,7000,6600
Tamil Nadu,Namakkal,Mohanur(Uzhavar Sandhai ),Snakeguard,Snakeguard,Local,07/09/2026,5000,5600,5300
Tamil Nadu,Namakkal,Mohanur(Uzhavar Sandhai ),Tender Coconut,Tender Coconut,Local,07/09/2026,2800,3600,3200
Tamil Nadu,Namakkal,Namakkal(Uzhavar Sandhai ),Cluster beans,Cluster Beans,Local,07/09/2026,3200,3600,3400
Tamil Nadu,Namakkal,Namakkal(Uzhavar Sandhai ),Bitter gourd,Other,Local,07/09/2026,5000,6000,5500
Tamil Nadu,Namakkal,Namakkal(Uzhavar Sandhai ),Ashgourd,Gouard,Local,07/09/2026,1800,2200,2000
Tamil Nadu,Namakkal,Namakkal(Uzhavar Sandhai ),Pumpkin,Pumpkin,Local,07/09/2026,1800,2200,2000
Tamil Nadu,Namakkal,Namakkal(Uzhavar Sandhai ),Beans,Beans (Whole),Local,07/09/2026,7000,7500,7250
Tamil Nadu,Namakkal,Namakkal(Uzhavar Sandhai ),Groundnut,Big (With Shell),Local,07/09/2026,6000,7000,6500
Tamil Nadu,Namakkal,Namakkal(Uzhavar Sandhai ),Snakeguard,Snakeguard,Local,07/09/2026,4600,5000,4800
Tamil Nadu,Namakkal,Namakkal(Uzhavar Sandhai ),Cucumbar(Kheera),Cucumbar,Local,07/09/2026,7000,9000,8000
Tamil Nadu,Namakkal,Namakkal(Uzhavar Sandhai ),Mango(Raw-Ripe),Mango - Raw-Ripe,Local,07/09/2026,8000,8500,8250
Tamil Nadu,Namakkal,Namakkal(Uzhavar Sandhai ),Knool Khol,Knool Khol,Local,07/09/2026,2500,3000,2750
Tamil Nadu,Namakkal,Namakkal(Uzhavar Sandhai ),Lemon,Lemon,Local,07/09/2026,10000,11000,10500
Tamil Nadu,Namakkal,Paramathivelur(Uzhavar Sandhai ),Papaya,Papaya,Local,07/09/2026,3500,4000,3750
Tamil Nadu,Namakkal,Paramathivelur(Uzhavar Sandhai ),Tomato,Deshi,Local,07/09/2026,2600,3000,2800
Tamil Nadu,Namakkal,Paramathivelur(Uzhavar Sandhai ),Bitter gourd,Bitter Gourd,Local,07/09/2026,6000,7000,6500
Tamil Nadu,Namakkal,Paramathivelur(Uzhavar Sandhai ),Bhindi(Ladies Finger),Bhindi,Local,07/09/2026,4000,4500,4250
Tamil Nadu,Namakkal,Paramathivelur(Uzhavar Sandhai ),Cabbage,Cabbage,Local,07/09/2026,2400,2800,2600
Tamil Nadu,Namakkal,Paramathivelur(Uzhavar Sandhai ),Snakeguard,Snakeguard,Local,07/09/2026,4500,5000,4750
Tamil Nadu,Namakkal,Rasipuram(Uzhavar Sandhai ),Brinjal,Other,Local,07/09/2026,4600,5500,5050
Tamil Nadu,Namakkal,Rasipuram(Uzhavar Sandhai ),Papaya,Papaya,Local,07/09/2026,3000,3500,3250
Tamil Nadu,Namakkal,Rasipuram(Uzhavar Sandhai ),Cluster beans,Cluster Beans,Local,07/09/2026,2600,3000,2800
Tamil Nadu,Namakkal,Rasipuram(Uzhavar Sandhai ),Tapioca,Tapioca,Local,07/09/2026,3800,4000,3900
Tamil Nadu,Namakkal,Rasipuram(Uzhavar Sandhai ),Ginger(Green),Green Ginger,Local,07/09/2026,17000,18000,17500
Tamil Nadu,Namakkal,Rasipuram(Uzhavar Sandhai ),Beetroot,Beetroot,Local,07/09/2026,6000,7000,6500
Tamil Nadu,Namakkal,Rasipuram(Uzhavar Sandhai ),Drumstick,Drumstick,Local,07/09/2026,2200,2600,2400
Tamil Nadu,Namakkal,Rasipuram(Uzhavar Sandhai ),Tamarind Fruit,Tamarind Fruit,Local,07/09/2026,13000,15000,14000
Tamil Nadu,Namakkal,Rasipuram(Uzhavar Sandhai ),Lemon,Lemon,Local,07/09/2026,10500,11000,10750
Tamil Nadu,Namakkal,Rasipuram(Uzhavar Sandhai ),Rose(Local),Rose (Local),Local,07/09/2026,12000,14000,13000
Tamil Nadu,Thanjavur,Tirukattupalli(Uzhavar Sandhai ),Brinjal,Round,Local,07/09/2026,3000,4600,3800
Tamil Nadu,Thanjavur,Tirukattupalli(Uzhavar Sandhai ),Ashgourd,Gouard,Local,07/09/2026,2400,2400,2400
Tamil Nadu,Thanjavur,Tirukattupalli(Uzhavar Sandhai ),Bhindi(Ladies Finger),Bhindi,Local,07/09/2026,4000,4000,4000
Tamil Nadu,Thanjavur,Tirukattupalli(Uzhavar Sandhai ),Banana,Besrai,Local,07/09/2026,6500,6500,6500
Tamil Nadu,Madurai,Palanganatham(Uzhavar Sandhai ),Green Peas,Green Peas,Local,07/09/2026,14000,16000,15000
Tamil Nadu,Madurai,Palanganatham(Uzhavar Sandhai ),Green Avare(W),Green Avare (W),Local,07/09/2026,5000,9000,7000
Tamil Nadu,Madurai,Palanganatham(Uzhavar Sandhai ),Pumpkin,Pumpkin,Local,07/09/2026,1600,2000,1800
Tamil Nadu,Madurai,Palanganatham(Uzhavar Sandhai ),Orange,Darjeeling,Local,07/09/2026,12000,16000,14000
Tamil Nadu,Madurai,Palanganatham(Uzhavar Sandhai ),Cabbage,Cabbage,Local,07/09/2026,2500,3000,2750
Tamil Nadu,Madurai,Palanganatham(Uzhavar Sandhai ),Beetroot,Beetroot,Local,07/09/2026,4000,5000,4500
Tamil Nadu,Madurai,Palanganatham(Uzhavar Sandhai ),Capsicum,Capsicum,Local,07/09/2026,7000,8000,7500
Tamil Nadu,Madurai,Palanganatham(Uzhavar Sandhai ),Mango(Raw-Ripe),Mango - Raw-Ripe,Local,07/09/2026,8000,10000,9000
Tamil Nadu,Madurai,Palanganatham(Uzhavar Sandhai ),Elephant Yam(Suran)/Amorphophallus,Elephant Yam (Suran),Local,07/09/2026,4000,5000,4500
Tamil Nadu,Madurai,Palanganatham(Uzhavar Sandhai ),Mashrooms,Mashrooms,Local,07/09/2026,25000,30000,27500
Tamil Nadu,Madurai,Palanganatham(Uzhavar Sandhai ),Onion Green,Onion Green,Local,07/09/2026,7000,8000,7500
Tamil Nadu,Madurai,Anna nagar(Uzhavar Sandhai ),Brinjal,Other,Local,07/09/2026,3000,3600,3300
Tamil Nadu,Madurai,Anna nagar(Uzhavar Sandhai ),Papaya,Papaya,Local,07/09/2026,4500,4500,4500
Tamil Nadu,Madurai,Anna nagar(Uzhavar Sandhai ),Bitter gourd,Other,Local,07/09/2026,5600,5600,5600
Tamil Nadu,Madurai,Anna nagar(Uzhavar Sandhai ),Groundnut,Big (With Shell),Local,07/09/2026,7000,8000,7500
Tamil Nadu,Madurai,Anna nagar(Uzhavar Sandhai ),Orange,Darjeeling,Local,07/09/2026,14000,14000,14000
Tamil Nadu,Madurai,Anna nagar(Uzhavar Sandhai ),Sweet Potato,Hosur Red,Local,07/09/2026,5000,5600,5300
Tamil Nadu,Madurai,Anna nagar(Uzhavar Sandhai ),Carrot,Pusakesar,Local,07/09/2026,6800,7000,6900
Tamil Nadu,Madurai,Anna nagar(Uzhavar Sandhai ),Cucumbar(Kheera),Cucumbar,Local,07/09/2026,4000,4000,4000
Tamil Nadu,Madurai,Anna nagar(Uzhavar Sandhai ),Mango(Raw-Ripe),Mango - Raw-Ripe,Local,07/09/2026,9000,11000,10000
Tamil Nadu,Madurai,Anna nagar(Uzhavar Sandhai ),Pomegranate,Pomogranate,Local,07/09/2026,14000,18000,16000
Tamil Nadu,Madurai,Anna nagar(Uzhavar Sandhai ),Jasmine,Jasmine,Local,07/09/2026,30000,30000,30000
Tamil Nadu,Madurai,Anna nagar(Uzhavar Sandhai ),Yam(Ratalu),Yam (Ratalu),Local,07/09/2026,6400,6400,6400
Tamil Nadu,Madurai,Anna nagar(Uzhavar Sandhai ),Onion Green,Onion Green,Local,07/09/2026,7000,7800,7400
Tamil Nadu,Perambalur,Perambalur(Uzhavar Sandhai ),Bottle gourd,Bottle Gourd,Local,07/09/2026,1800,2200,2000
Tamil Nadu,Perambalur,Perambalur(Uzhavar Sandhai ),Apple,American,Local,07/09/2026,18000,20000,19000
Tamil Nadu,Perambalur,Perambalur(Uzhavar Sandhai ),Ginger(Green),Green Ginger,Local,07/09/2026,14000,16000,15000
Tamil Nadu,Perambalur,Perambalur(Uzhavar Sandhai ),Beetroot,Beetroot,Local,07/09/2026,4400,4600,4500
Tamil Nadu,Perambalur,Perambalur(Uzhavar Sandhai ),Cucumbar(Kheera),Cucumbar,Local,07/09/2026,5800,6600,6200
Tamil Nadu,Perambalur,Perambalur(Uzhavar Sandhai ),Raddish,Raddish,Local,07/09/2026,2800,2800,2800
Tamil Nadu,Perambalur,Perambalur(Uzhavar Sandhai ),Mango(Raw-Ripe),Mango - Raw-Ripe,Local,07/09/2026,10000,11000,10500
Tamil Nadu,Perambalur,Perambalur(Uzhavar Sandhai ),Guava,Guava Allahabad,Local,07/09/2026,6000,7000,6500
Tamil Nadu,Perambalur,Perambalur(Uzhavar Sandhai ),Pomegranate,Pomogranate,Local,07/09/2026,18000,19000,18500
Tamil Nadu,Perambalur,Perambalur(Uzhavar Sandhai ),Lemon,Lemon,Local,07/09/2026,12000,14000,13000
Tamil Nadu,Perambalur,Perambalur(Uzhavar Sandhai ),Colacasia,Colacasia,Local,07/09/2026,5600,6000,5800
Tamil Nadu,Salem,Mecheri(Uzhavar Sandhai),Brinjal,Other,Local,07/09/2026,3000,3500,3250
Tamil Nadu,Salem,Mecheri(Uzhavar Sandhai),Coriander(Leaves),I Sort,Local,07/09/2026,1600,2000,1800
Tamil Nadu,Salem,Mecheri(Uzhavar Sandhai),Tomato,Deshi,Local,07/09/2026,2000,2500,2250
Tamil Nadu,Salem,Mecheri(Uzhavar Sandhai),Cluster beans,Cluster Beans,Local,07/09/2026,3000,3500,3250
Tamil Nadu,Salem,Mecheri(Uzhavar Sandhai),Bitter gourd,Other,Local,07/09/2026,5000,5500,5250
Tamil Nadu,Salem,Mecheri(Uzhavar Sandhai),Banana - Green,Banana - Green,Local,07/09/2026,2000,2500,2250
Tamil Nadu,Salem,Mecheri(Uzhavar Sandhai),Onion Green,Onion Green,Local,07/09/2026,6000,6500,6250
Tamil Nadu,Ranipet,Ranipettai(Uzhavar Sandhai ),Tomato,Other,Local,07/09/2026,2000,2800,2400
Tamil Nadu,Ranipet,Ranipettai(Uzhavar Sandhai ),Cowpea(Veg),Cowpea (Veg),Local,07/09/2026,5000,5000,5000
Tamil Nadu,Ranipet,Ranipettai(Uzhavar Sandhai ),Ginger(Green),Green Ginger,Local,07/09/2026,18000,18000,18000
Tamil Nadu,Ranipet,Ranipettai(Uzhavar Sandhai ),Sweet Potato,Hosur Red,Local,07/09/2026,6000,6000,6000
Tamil Nadu,Ranipet,Ranipettai(Uzhavar Sandhai ),Snakeguard,Snakeguard,Local,07/09/2026,2000,2400,2200
Tamil Nadu,Ranipet,Ranipettai(Uzhavar Sandhai ),Thondekai,Thondekai,Local,07/09/2026,3600,3600,3600
Tamil Nadu,Ranipet,Ranipettai(Uzhavar Sandhai ),Jasmine,Jasmine,Local,07/09/2026,54000,72000,63000
Tamil Nadu,Ranipet,Ranipettai(Uzhavar Sandhai ),Indian Beans(Seam),Indian Beans (Seam),Local,07/09/2026,5000,5000,5000
Tamil Nadu,Ranipet,Ranipettai(Uzhavar Sandhai ),Amla(Nelli Kai),Amla,Local,07/09/2026,10000,12000,11000
Tamil Nadu,Ranipet,Ranipettai(Uzhavar Sandhai ),Onion Green,Onion Green,Local,07/09/2026,8800,8800,8800
Tamil Nadu,Ranipet,Ranipettai(Uzhavar Sandhai ),Sweet Corn ,Sweet Corn ,Local,07/09/2026,3000,3600,3300
Tamil Nadu,Salem,Ammapet(Uzhavar Sandhai ),Potato,Other,Local,07/09/2026,4000,4500,4250
Tamil Nadu,Salem,Ammapet(Uzhavar Sandhai ),Papaya,Papaya,Local,07/09/2026,3000,3500,3250
Tamil Nadu,Salem,Ammapet(Uzhavar Sandhai ),Tomato,Local,Local,07/09/2026,2200,2600,2400
Tamil Nadu,Salem,Ammapet(Uzhavar Sandhai ),Amaranthus,Amaranthus,Local,07/09/2026,2400,2800,2600
Tamil Nadu,Salem,Ammapet(Uzhavar Sandhai ),Banana - Green,Banana - Green,Local,07/09/2026,2200,2400,2300
Tamil Nadu,Salem,Ammapet(Uzhavar Sandhai ),Beans,Beans (Whole),Local,07/09/2026,7000,7500,7250
Tamil Nadu,Salem,Ammapet(Uzhavar Sandhai ),Orange,Darjeeling,Local,07/09/2026,13000,14000,13500
Tamil Nadu,Salem,Ammapet(Uzhavar Sandhai ),Banana,Red Banana,Local,07/09/2026,7600,8000,7800
Tamil Nadu,Salem,Ammapet(Uzhavar Sandhai ),Grapes,Annabesahai,Local,07/09/2026,9000,10000,9500
Tamil Nadu,Salem,Ammapet(Uzhavar Sandhai ),Carrot,Pusakesar,Local,07/09/2026,6600,7000,6800
Tamil Nadu,Salem,Ammapet(Uzhavar Sandhai ),Knool Khol,Knool Khol,Local,07/09/2026,3600,4000,3800
Tamil Nadu,Salem,Ammapet(Uzhavar Sandhai ),Pomegranate,Pomogranate,Local,07/09/2026,11000,12000,11500
Tamil Nadu,Salem,Ammapet(Uzhavar Sandhai ),Marigold(Calcutta),Marigold(Calcutta),Local,07/09/2026,9000,10000,9500
Tamil Nadu,Salem,Ammapet(Uzhavar Sandhai ),Rose(Local),Rose (Local),Local,07/09/2026,9000,10000,9500
Tamil Nadu,Salem,Ammapet(Uzhavar Sandhai ),Baby Corn,Baby Corn,Grade A,07/09/2026,2600,3000,2800
Tamil Nadu,Salem,Mettur(Uzhavar Sandhai ),Coriander(Leaves),I Sort,Local,07/09/2026,3500,4000,3750
Tamil Nadu,Salem,Mettur(Uzhavar Sandhai ),Water Melon,Water Melon,Local,07/09/2026,1500,2000,1750
Tamil Nadu,Salem,Mettur(Uzhavar Sandhai ),Bitter gourd,Other,Local,07/09/2026,4500,5000,4750
Tamil Nadu,Salem,Mettur(Uzhavar Sandhai ),Coconut,Coconut,Local,07/09/2026,5500,6000,5750
Tamil Nadu,Salem,Mettur(Uzhavar Sandhai ),Chow Chow,Chow Chow,Local,07/09/2026,3000,3500,3250
Tamil Nadu,Salem,Sooramangalam(Uzhavar Sandhai ),Coriander(Leaves),I Sort,Local,07/09/2026,3400,3600,3500
Tamil Nadu,Salem,Sooramangalam(Uzhavar Sandhai ),Cluster beans,Cluster Beans,Local,07/09/2026,3000,3400,3200
Tamil Nadu,Salem,Sooramangalam(Uzhavar Sandhai ),Bitter gourd,Bitter Gourd,Local,07/09/2026,4500,5500,5000
Tamil Nadu,Salem,Sooramangalam(Uzhavar Sandhai ),Cowpea(Veg),Cowpea (Veg),Local,07/09/2026,4000,4500,4250
Tamil Nadu,Salem,Sooramangalam(Uzhavar Sandhai ),Onion,Bellary,Local,07/09/2026,5800,6200,6000
Tamil Nadu,Salem,Sooramangalam(Uzhavar Sandhai ),Ginger(Green),Green Ginger,Local,07/09/2026,16000,16400,16200
Tamil Nadu,Salem,Sooramangalam(Uzhavar Sandhai ),Thondekai,Thondekai,Local,07/09/2026,3500,4000,3750
Tamil Nadu,Salem,Sooramangalam(Uzhavar Sandhai ),Lime,Lime,Local,07/09/2026,3500,4000,3750
Tamil Nadu,Salem,Sooramangalam(Uzhavar Sandhai ),Tender Coconut,Tender Coconut,Local,07/09/2026,3500,4000,3750
Tamil Nadu,Salem,Sooramangalam(Uzhavar Sandhai ),Indian Beans(Seam),Indian Beans (Seam),Local,07/09/2026,5500,6000,5750
Tamil Nadu,Thiruchirappalli,Thuraiyur APMC,Tomato,Other,Local,07/09/2026,2600,3200,2900
Tamil Nadu,Thiruchirappalli,Thuraiyur APMC,Bitter gourd,Other,Local,07/09/2026,5000,5600,5300
Tamil Nadu,Thiruchirappalli,Thuraiyur APMC,Banana - Green,Banana - Green,Local,07/09/2026,2000,2500,2250
Tamil Nadu,Thiruchirappalli,Thuraiyur APMC,Coconut,Coconut,Local,07/09/2026,6000,7000,6500
Tamil Nadu,Thiruchirappalli,Thuraiyur APMC,Raddish,Raddish,Local,07/09/2026,3000,3500,3250
Tamil Nadu,Thiruchirappalli,Thuraiyur APMC,Thondekai,Thondekai,Local,07/09/2026,3500,4000,3750
Tamil Nadu,Thiruchirappalli,Thuraiyur APMC,Capsicum,Capsicum,Local,07/09/2026,4500,5000,4750
Tamil Nadu,Thiruchirappalli,Thuraiyur APMC,Drumstick,Drumstick,Local,07/09/2026,3000,3500,3250
Tamil Nadu,Salem,Thammampatti (Uzhavar Sandhai ),Papaya,Papaya,Local,07/09/2026,2500,3000,2750
Tamil Nadu,Salem,Thammampatti (Uzhavar Sandhai ),Bitter gourd,Bitter Gourd,Local,07/09/2026,4500,5000,4750
Tamil Nadu,Salem,Thammampatti (Uzhavar Sandhai ),Bottle gourd,Bottle Gourd,Local,07/09/2026,2000,2500,2250
Tamil Nadu,Salem,Thammampatti (Uzhavar Sandhai ),Banana - Green,Banana - Green,Local,07/09/2026,2000,2500,2250
Tamil Nadu,Salem,Thammampatti (Uzhavar Sandhai ),Potato,Other,Local,07/09/2026,2500,3000,2750
Tamil Nadu,Salem,Thammampatti (Uzhavar Sandhai ),Ginger(Green),Green Ginger,Local,07/09/2026,16500,17000,16750
Tamil Nadu,Salem,Thammampatti (Uzhavar Sandhai ),Snakeguard,Snakeguard,Local,07/09/2026,2500,3000,2750
Tamil Nadu,Salem,Thammampatti (Uzhavar Sandhai ),Chow Chow,Chow Chow,Local,07/09/2026,4000,4000,4000
Tamil Nadu,Salem,Thammampatti (Uzhavar Sandhai ),Ridgeguard(Tori),Ridgeguard(Tori),Local,07/09/2026,3500,4000,3750
Tamil Nadu,Salem,Thammampatti (Uzhavar Sandhai ),Baby Corn,Baby Corn,Grade A,07/09/2026,2500,3000,2750
Tamil Nadu,Salem,Thathakapatti(Uzhavar Sandhai ),Potato,Red Nanital,Local,07/09/2026,2800,6000,4400
Tamil Nadu,Salem,Thathakapatti(Uzhavar Sandhai ),Garlic,Garlic,Local,07/09/2026,25000,28000,26500
Tamil Nadu,Salem,Thathakapatti(Uzhavar Sandhai ),Water Melon,Water Melon,Local,07/09/2026,1500,1800,1650
Tamil Nadu,Salem,Thathakapatti(Uzhavar Sandhai ),Bottle gourd,Bottle Gourd,Local,07/09/2026,2500,3000,2750
Tamil Nadu,Salem,Thathakapatti(Uzhavar Sandhai ),Bhindi(Ladies Finger),Bhindi,Local,07/09/2026,2500,2800,2650
Tamil Nadu,Salem,Thathakapatti(Uzhavar Sandhai ),Groundnut,Big (With Shell),Local,07/09/2026,7000,8000,7500
Tamil Nadu,Salem,Thathakapatti(Uzhavar Sandhai ),Banana,Besrai,Local,07/09/2026,4000,8000,6000
Tamil Nadu,Salem,Thathakapatti(Uzhavar Sandhai ),Coconut,Coconut,Local,07/09/2026,6000,6500,6250
Tamil Nadu,Salem,Thathakapatti(Uzhavar Sandhai ),Cabbage,Cabbage,Local,07/09/2026,2500,3000,2750
Tamil Nadu,Salem,Thathakapatti(Uzhavar Sandhai ),Raddish,Raddish,Local,07/09/2026,2000,2600,2300
Tamil Nadu,Salem,Thathakapatti(Uzhavar Sandhai ),Drumstick,Drumstick,Local,07/09/2026,2500,3000,2750
Tamil Nadu,Salem,Thathakapatti(Uzhavar Sandhai ),Tamarind Fruit,Tamarind Fruit,Local,07/09/2026,12000,15000,13500
Tamil Nadu,Salem,Thathakapatti(Uzhavar Sandhai ),Tube Rose(Loose),Tube Rose (Loose),Local,07/09/2026,12000,14000,13000
Tamil Nadu,Salem,Thathakapatti(Uzhavar Sandhai ),Sweet Corn ,Sweet Corn ,Local,07/09/2026,3500,4000,3750
Tamil Nadu,Theni,Chinnamanur(Uzhavar Sandhai ),Tomato,Local,Local,07/09/2026,2800,2800,2800
Tamil Nadu,Theni,Chinnamanur(Uzhavar Sandhai ),Bitter gourd,Other,Local,07/09/2026,3600,3600,3600
Tamil Nadu,Theni,Chinnamanur(Uzhavar Sandhai ),Amaranthus,Amaranthus,Local,07/09/2026,2500,2500,2500
Tamil Nadu,Theni,Chinnamanur(Uzhavar Sandhai ),Green Chilli,Green Chilly,Local,07/09/2026,3800,4200,4000
Tamil Nadu,Theni,Chinnamanur(Uzhavar Sandhai ),Beans,Beans (Whole),Local,07/09/2026,7000,8000,7500
Tamil Nadu,Theni,Chinnamanur(Uzhavar Sandhai ),Coconut,Coconut,Local,07/09/2026,5800,5800,5800
Tamil Nadu,Theni,Chinnamanur(Uzhavar Sandhai ),Raddish,Raddish,Local,07/09/2026,2000,2000,2000
Tamil Nadu,Theni,Chinnamanur(Uzhavar Sandhai ),Turnip,Turnip,Local,07/09/2026,4800,4800,4800
Tamil Nadu,Theni,Kambam(Uzhavar Sandhai ),Coriander(Leaves),I Sort,Local,07/09/2026,2500,2500,2500
Tamil Nadu,Theni,Kambam(Uzhavar Sandhai ),Bottle gourd,Bottle Gourd,Local,07/09/2026,1800,2000,1900
Tamil Nadu,Theni,Kambam(Uzhavar Sandhai ),Pumpkin,Pumpkin,Local,07/09/2026,1800,1800,1800
Tamil Nadu,Theni,Kambam(Uzhavar Sandhai ),Bhindi(Ladies Finger),Bhindi,Local,07/09/2026,3500,3500,3500
Tamil Nadu,Theni,Kambam(Uzhavar Sandhai ),Ginger(Green),Green Ginger,Local,07/09/2026,9500,14500,12000
Tamil Nadu,Theni,Kambam(Uzhavar Sandhai ),Capsicum,Capsicum,Local,07/09/2026,5500,5500,5500
Tamil Nadu,Theni,Kambam(Uzhavar Sandhai ),Green Avare(W),Green Avare (W),Local,07/09/2026,6000,7000,6500
Tamil Nadu,Theni,Kambam(Uzhavar Sandhai ),Mashrooms,Mashrooms,Local,07/09/2026,25000,25000,25000
Tamil Nadu,Theni,Theni(Uzhavar Sandhai ),Green Peas,Green Peas,Local,07/09/2026,14000,14000,14000
Tamil Nadu,Theni,Theni(Uzhavar Sandhai ),Bitter gourd,Bitter Gourd,Local,07/09/2026,4800,5500,5150
Tamil Nadu,Theni,Theni(Uzhavar Sandhai ),Bhindi(Ladies Finger),Bhindi,Local,07/09/2026,3500,3800,3650
Tamil Nadu,Theni,Theni(Uzhavar Sandhai ),Onion,Bellary,Local,07/09/2026,5000,6000,5500
Tamil Nadu,Theni,Theni(Uzhavar Sandhai ),Carrot,Pusakesar,Local,07/09/2026,5400,5400,5400
Tamil Nadu,Theni,Theni(Uzhavar Sandhai ),Snakeguard,Snakeguard,Local,07/09/2026,2000,2200,2100
Tamil Nadu,Theni,Theni(Uzhavar Sandhai ),Beetroot,Beetroot,Local,07/09/2026,3000,3000,3000
Tamil Nadu,Theni,Theni(Uzhavar Sandhai ),Chow Chow,Chow Chow,Local,07/09/2026,2400,2400,2400
Tamil Nadu,Theni,Theni(Uzhavar Sandhai ),Custard Apple(Sharifa),Custard Apple(Sharifa),Local,07/09/2026,8000,8000,8000
Tamil Nadu,Theni,Theni(Uzhavar Sandhai ),Baby Corn,Baby Corn,Grade A,07/09/2026,5000,5000,5000
Tamil Nadu,Thirunelveli,Ambasamudram(Uzhavar Sandhai ),Brinjal,Round,Local,07/09/2026,3300,4000,3650
Tamil Nadu,Thirunelveli,Melapalayam(Uzhavar Sandhai ),Bottle gourd,Bottle Gourd,Local,07/09/2026,800,1000,900
Tamil Nadu,Thirunelveli,Melapalayam(Uzhavar Sandhai ),Ashgourd,Gouard,Local,07/09/2026,1000,1200,1100
Tamil Nadu,Thirunelveli,Melapalayam(Uzhavar Sandhai ),Banana,Red Banana,Local,07/09/2026,9000,10000,9500
Tamil Nadu,Thirunelveli,Melapalayam(Uzhavar Sandhai ),Ginger(Green),Green Ginger,Local,07/09/2026,16000,17000,16500
Tamil Nadu,Thirunelveli,Melapalayam(Uzhavar Sandhai ),Thondekai,Thondekai,Local,07/09/2026,3500,4500,4000
Tamil Nadu,Thirunelveli,NGO Colony(Uzhavar Sandhai ),Cauliflower,Ranchi,Local,07/09/2026,4000,4600,4300
Tamil Nadu,Thirunelveli,NGO Colony(Uzhavar Sandhai ),Pumpkin,Pumpkin,Local,07/09/2026,800,1000,900
Tamil Nadu,Thirunelveli,NGO Colony(Uzhavar Sandhai ),Snakeguard,Snakeguard,Local,07/09/2026,1500,2000,1750
Tamil Nadu,Thirunelveli,NGO Colony(Uzhavar Sandhai ),Raddish,Raddish,Local,07/09/2026,3000,3500,3250
Tamil Nadu,Thirunelveli,Palayamkottai(Uzhavar Sandhai ),Tomato,Local,Local,07/09/2026,2600,2800,2700
Tamil Nadu,Thirunelveli,Palayamkottai(Uzhavar Sandhai ),Ashgourd,Gouard,Local,07/09/2026,1000,1200,1100
Tamil Nadu,Thirunelveli,Palayamkottai(Uzhavar Sandhai ),Pumpkin,Pumpkin,Local,07/09/2026,800,1000,900
Tamil Nadu,Thirunelveli,Palayamkottai(Uzhavar Sandhai ),Green Chilli,Green Chilly,Local,07/09/2026,3000,3600,3300
Tamil Nadu,Thirunelveli,Palayamkottai(Uzhavar Sandhai ),Banana - Green,Banana - Green,Local,07/09/2026,2500,3000,2750
Tamil Nadu,Thirunelveli,Palayamkottai(Uzhavar Sandhai ),Carrot,Pusakesar,Local,07/09/2026,3200,5800,4500
Tamil Nadu,Thirunelveli,Palayamkottai(Uzhavar Sandhai ),Guava,Guava Allahabad,Local,07/09/2026,6000,8000,7000
Tamil Nadu,Thirunelveli,Palayamkottai(Uzhavar Sandhai ),Onion Green,Onion Green,Local,07/09/2026,7000,7600,7300
Tamil Nadu,Thirupur,Kangayam(Uzhavar Sandhai ),Coriander(Leaves),I Sort,Local,07/09/2026,4200,4500,4350
Tamil Nadu,Thirupur,Kangayam(Uzhavar Sandhai ),Bitter gourd,Bitter Gourd,Local,07/09/2026,5200,5500,5350
Tamil Nadu,Thirupur,Kangayam(Uzhavar Sandhai ),Pumpkin,Pumpkin,Local,07/09/2026,1700,2000,1850
Tamil Nadu,Thirupur,Kangayam(Uzhavar Sandhai ),Onion,Bellary,Local,07/09/2026,4700,5000,4850
Tamil Nadu,Thirupur,Kangayam(Uzhavar Sandhai ),Coconut,Coconut,Local,07/09/2026,4900,5200,5050
Tamil Nadu,Thirupur,Kangayam(Uzhavar Sandhai ),Snakeguard,Snakeguard,Local,07/09/2026,3700,4000,3850
Tamil Nadu,Thirupur,Kangayam(Uzhavar Sandhai ),Drumstick,Drumstick,Local,07/09/2026,2400,2700,2550
Tamil Nadu,Thirupur,Tiruppur (North) (Uzhavar Sandhai ),Water Melon,Water Melon,Local,07/09/2026,1500,2000,1750
Tamil Nadu,Thirupur,Tiruppur (North) (Uzhavar Sandhai ),Ashgourd,Gouard,Local,07/09/2026,1500,2000,1750
Tamil Nadu,Thirupur,Tiruppur (North) (Uzhavar Sandhai ),Tapioca,Tapioca,Local,07/09/2026,3000,3500,3250
Tamil Nadu,Thirupur,Tiruppur (North) (Uzhavar Sandhai ),Sweet Potato,Hosur Red,Local,07/09/2026,3500,4000,3750
Tamil Nadu,Thirupur,Tiruppur (North) (Uzhavar Sandhai ),Raddish,Raddish,Local,07/09/2026,3000,3600,3300
Tamil Nadu,Thirupur,Tiruppur (North) (Uzhavar Sandhai ),Drumstick,Drumstick,Local,07/09/2026,2500,3000,2750
Tamil Nadu,Thiruvannamalai,Chengam(Uzhavar Sandhai ),Cauliflower,Ranchi,Local,07/09/2026,3600,4000,3800
Tamil Nadu,Thiruvannamalai,Chengam(Uzhavar Sandhai ),Water Melon,Water Melon,Local,07/09/2026,1200,1500,1350
Tamil Nadu,Thiruvannamalai,Chengam(Uzhavar Sandhai ),Bitter gourd,Bitter Gourd,Local,07/09/2026,5000,6000,5500
Tamil Nadu,Thiruvannamalai,Chengam(Uzhavar Sandhai ),Pumpkin,Pumpkin,Local,07/09/2026,2000,2500,2250
Tamil Nadu,Thiruvannamalai,Chengam(Uzhavar Sandhai ),Ginger(Green),Green Ginger,Local,07/09/2026,18000,20000,19000
Tamil Nadu,Thiruvannamalai,Chengam(Uzhavar Sandhai ),Carrot,Pusakesar,Local,07/09/2026,6000,8000,7000
Tamil Nadu,Thiruvannamalai,Chengam(Uzhavar Sandhai ),Cabbage,Cabbage,Local,07/09/2026,2500,3000,2750
Tamil Nadu,Thiruvannamalai,Chengam(Uzhavar Sandhai ),Cucumbar(Kheera),Cucumbar,Local,07/09/2026,5000,6000,5500
Tamil Nadu,Thiruvannamalai,Chengam(Uzhavar Sandhai ),Thondekai,Thondekai,Local,07/09/2026,5000,6000,5500
Tamil Nadu,Thiruvannamalai,Keelpennathur(Uzhavar Sandhai ),Tender Coconut,Tender Coconut,Local,07/09/2026,5000,6000,5500
Tamil Nadu,Thiruvannamalai,Keelpennathur(Uzhavar Sandhai ),Jasmine,Jasmine,Local,07/09/2026,40000,45000,42500
Tamil Nadu,Thiruvannamalai,Tamarainagar(Uzhavar Sandhai ),Bitter gourd,Bitter Gourd,Local,07/09/2026,5000,6000,5500
Tamil Nadu,Thiruvannamalai,Tamarainagar(Uzhavar Sandhai ),Bhindi(Ladies Finger),Bhindi,Local,07/09/2026,2500,3000,2750
Tamil Nadu,Thiruvannamalai,Tamarainagar(Uzhavar Sandhai ),Green Chilli,Green Chilly,Local,07/09/2026,4000,5000,4500
Tamil Nadu,Thiruvannamalai,Tamarainagar(Uzhavar Sandhai ),Drumstick,Drumstick,Local,07/09/2026,3500,4000,3750
Tamil Nadu,Thiruvannamalai,Tamarainagar(Uzhavar Sandhai ),Fig(Anjura/Anjeer),Anjura,Local,07/09/2026,5000,6000,5500
Tamil Nadu,Thiruvannamalai,Tamarainagar(Uzhavar Sandhai ),Marigold(Calcutta),Marigold(Calcutta),Local,07/09/2026,20000,25000,22500
Tamil Nadu,Thiruvannamalai,Tamarainagar(Uzhavar Sandhai ),Indian Beans(Seam),Indian Beans (Seam),Local,07/09/2026,5000,6000,5500
Tamil Nadu,Thiruvannamalai,Tamarainagar(Uzhavar Sandhai ),Onion Green,Onion Green,Local,07/09/2026,8000,10000,9000
Tamil Nadu,Thiruvannamalai,Vandavasi(Uzhavar Sandhai ),Tomato,Local,Local,07/09/2026,2000,2500,2250
Tamil Nadu,Thiruvannamalai,Vandavasi(Uzhavar Sandhai ),Bitter gourd,Other,Local,07/09/2026,4000,4800,4400
Tamil Nadu,Thiruvannamalai,Vandavasi(Uzhavar Sandhai ),Green Chilli,Green Chilly,Local,07/09/2026,5000,6000,5500
Tamil Nadu,Thiruvannamalai,Vandavasi(Uzhavar Sandhai ),Beans,Beans (Whole),Local,07/09/2026,6000,7200,6600
Tamil Nadu,Thiruvannamalai,Vandavasi(Uzhavar Sandhai ),Onion,Bellary,Local,07/09/2026,5000,6000,5500
Tamil Nadu,Thiruvannamalai,Vandavasi(Uzhavar Sandhai ),Coconut,Coconut,Local,07/09/2026,4000,5000,4500
Tamil Nadu,Thiruvannamalai,Vandavasi(Uzhavar Sandhai ),Thondekai,Thondekai,Local,07/09/2026,3500,4000,3750
Tamil Nadu,Thiruvarur,Muthupettai(Uzhavar Sandhai ),Brinjal,Round,Local,07/09/2026,4000,4000,4000
Tamil Nadu,Thiruvarur,Muthupettai(Uzhavar Sandhai ),Coriander(Leaves),I Sort,Local,07/09/2026,4000,4000,4000
Tamil Nadu,Thiruvarur,Muthupettai(Uzhavar Sandhai ),Bitter gourd,Bitter Gourd,Local,07/09/2026,5600,5600,5600
Tamil Nadu,Thiruvarur,Muthupettai(Uzhavar Sandhai ),Pumpkin,Pumpkin,Local,07/09/2026,2600,2600,2600
Tamil Nadu,Thiruvarur,Muthupettai(Uzhavar Sandhai ),Potato,Red Nanital,Local,07/09/2026,3000,3000,3000
Tamil Nadu,Coimbatore,Sulur(Uzhavar Sandhai ),Cowpea(Veg),Cowpea (Veg),Local,07/09/2026,3600,4000,3800
Tamil Nadu,Coimbatore,Sulur(Uzhavar Sandhai ),Banana - Green,Banana - Green,Local,07/09/2026,4000,4500,4250
Tamil Nadu,Coimbatore,Sulur(Uzhavar Sandhai ),Carrot,Pusakesar,Local,07/09/2026,6000,6500,6250
Tamil Nadu,Coimbatore,Sulur(Uzhavar Sandhai ),Cabbage,Cabbage,Local,07/09/2026,2400,2800,2600
Tamil Nadu,Coimbatore,Sulur(Uzhavar Sandhai ),Raddish,Raddish,Local,07/09/2026,2600,3200,2900
Tamil Nadu,Coimbatore,Sulur(Uzhavar Sandhai ),Elephant Yam(Suran)/Amorphophallus,Elephant Yam (Suran),Local,07/09/2026,4000,4500,4250
Tamil Nadu,Pudukkottai,Gandarvakottai(Uzhavar Sandhai ),Brinjal,Other,Local,07/09/2026,4500,6000,5250
Tamil Nadu,Pudukkottai,Gandarvakottai(Uzhavar Sandhai ),Tomato,Other,Local,07/09/2026,2500,3000,2750
Tamil Nadu,Cuddalore,Panruti(Uzhavar Sandhai ),Green Chilli,Green Chilly,Local,07/09/2026,5000,5000,5000
Tamil Nadu,Cuddalore,Panruti(Uzhavar Sandhai ),Potato,Red Nanital,Local,07/09/2026,4000,4000,4000
Tamil Nadu,Cuddalore,Panruti(Uzhavar Sandhai ),Guava,Guava Allahabad,Local,07/09/2026,5000,5000,5000
Tamil Nadu,Cuddalore,Vadalur(Uzhavar Sandhai ),Garlic,Garlic,Local,07/09/2026,16000,20000,18000
Tamil Nadu,Cuddalore,Vadalur(Uzhavar Sandhai ),Tomato,Local,Local,07/09/2026,3000,3000,3000
Tamil Nadu,Cuddalore,Vadalur(Uzhavar Sandhai ),Cluster beans,Cluster Beans,Local,07/09/2026,5000,5000,5000
Tamil Nadu,Cuddalore,Vadalur(Uzhavar Sandhai ),Green Chilli,Green Chilly,Local,07/09/2026,5000,6000,5500
Tamil Nadu,Cuddalore,Vadalur(Uzhavar Sandhai ),Beans,Beans (Whole),Local,07/09/2026,6000,6000,6000
Tamil Nadu,Cuddalore,Vadalur(Uzhavar Sandhai ),Cabbage,Cabbage,Local,07/09/2026,3000,3000,3000
Tamil Nadu,Cuddalore,Vadalur(Uzhavar Sandhai ),Ridgeguard(Tori),Ridgeguard(Tori),Local,07/09/2026,6000,6000,6000
Tamil Nadu,Cuddalore,Vadalur(Uzhavar Sandhai ),Thondekai,Thondekai,Local,07/09/2026,5000,5000,5000
Tamil Nadu,Cuddalore,Vadalur(Uzhavar Sandhai ),Drumstick,Drumstick,Local,07/09/2026,4000,4000,4000
Tamil Nadu,Cuddalore,Vadalur(Uzhavar Sandhai ),Lemon,Lemon,Local,07/09/2026,14000,16000,15000
Tamil Nadu,Dharmapuri,AJattihalli(Uzhavar Sandhai ),Potato,Other,Local,07/09/2026,2400,2800,2600
Tamil Nadu,Dharmapuri,AJattihalli(Uzhavar Sandhai ),Coriander(Leaves),I Sort,Local,07/09/2026,4500,5000,4750
Tamil Nadu,Dharmapuri,AJattihalli(Uzhavar Sandhai ),Bitter gourd,Other,Local,07/09/2026,4000,4000,4000
Tamil Nadu,Dharmapuri,AJattihalli(Uzhavar Sandhai ),Pumpkin,Pumpkin,Local,07/09/2026,1600,1600,1600
Tamil Nadu,Dharmapuri,AJattihalli(Uzhavar Sandhai ),Tapioca,Tapioca,Local,07/09/2026,3500,3500,3500
Tamil Nadu,Dharmapuri,AJattihalli(Uzhavar Sandhai ),Cabbage,Cabbage,Local,07/09/2026,3000,3400,3200
Tamil Nadu,Dharmapuri,AJattihalli(Uzhavar Sandhai ),Beetroot,Beetroot,Local,07/09/2026,5000,5600,5300
Tamil Nadu,Dharmapuri,AJattihalli(Uzhavar Sandhai ),Ridgeguard(Tori),Ridgeguard(Tori),Local,07/09/2026,2500,3000,2750
Tamil Nadu,Dharmapuri,AJattihalli(Uzhavar Sandhai ),Thondekai,Thondekai,Local,07/09/2026,4500,4500,4500
Tamil Nadu,Dharmapuri,AJattihalli(Uzhavar Sandhai ),Onion Green,Onion Green,Local,07/09/2026,6000,7000,6500
Tamil Nadu,Dharmapuri,AJattihalli(Uzhavar Sandhai ),Mint(Pudina),Mint(Pudina),Local,07/09/2026,4500,5000,4750
Tamil Nadu,Thanjavur,Peravurani(Uzhavar Sandhai),Tomato,Deshi,Local,07/09/2026,3000,3000,3000
Tamil Nadu,Thanjavur,Peravurani(Uzhavar Sandhai),Ashgourd,Gouard,Local,07/09/2026,3000,3000,3000
Tamil Nadu,Thanjavur,Peravurani(Uzhavar Sandhai),Onion Green,Onion Green,Local,07/09/2026,7200,7200,7200
Tamil Nadu,Karur,Pallapatti (Uzhavar Sandhai ),Brinjal,Other,Local,07/09/2026,5000,6000,5500
Tamil Nadu,Karur,Pallapatti (Uzhavar Sandhai ),Coriander(Leaves),I Sort,Local,07/09/2026,4500,5000,4750
Tamil Nadu,Karur,Pallapatti (Uzhavar Sandhai ),Papaya,Papaya,Local,07/09/2026,3500,4000,3750
Tamil Nadu,Karur,Pallapatti (Uzhavar Sandhai ),Bottle gourd,Bottle Gourd,Local,07/09/2026,2500,3000,2750
Tamil Nadu,Karur,Velayuthampalayam(Uzhavar Sandhai ),Coriander(Leaves),I Sort,Local,07/09/2026,5400,6000,5700
Tamil Nadu,Karur,Velayuthampalayam(Uzhavar Sandhai ),Pumpkin,Pumpkin,Local,07/09/2026,2000,2500,2250
Tamil Nadu,Karur,Velayuthampalayam(Uzhavar Sandhai ),Green Chilli,Green Chilly,Local,07/09/2026,4400,5000,4700
Tamil Nadu,Karur,Velayuthampalayam(Uzhavar Sandhai ),Lemon,Lemon,Local,07/09/2026,25000,28000,26500
Tamil Nadu,Karur,Velayuthampalayam(Uzhavar Sandhai ),Onion Green,Onion Green,Local,07/09/2026,7000,8000,7500
Tamil Nadu,Karur,Velayuthampalayam(Uzhavar Sandhai ),Mint(Pudina),Mint(Pudina),Local,07/09/2026,5200,6000,5600
Tamil Nadu,Karur,Vengamedu(Uzhavar Sandhai ),Banana - Green,Banana - Green,Local,07/09/2026,2500,3000,2750
Tamil Nadu,Karur,Vengamedu(Uzhavar Sandhai ),Snakeguard,Snakeguard,Local,07/09/2026,3000,3500,3250
Tamil Nadu,Theni,Devaram(Uzhavar Sandhai ),Papaya,Papaya,Local,07/09/2026,3000,3000,3000
Tamil Nadu,Theni,Devaram(Uzhavar Sandhai ),Banana - Green,Banana - Green,Local,07/09/2026,3500,3500,3500
Tamil Nadu,Theni,Devaram(Uzhavar Sandhai ),Onion,Bellary,Local,07/09/2026,6000,6000,6000
Tamil Nadu,Theni,Devaram(Uzhavar Sandhai ),Ridgeguard(Tori),Ridgeguard(Tori),Local,07/09/2026,3600,3600,3600
Tamil Nadu,Theni,Devaram(Uzhavar Sandhai ),Knool Khol,Knool Khol,Local,07/09/2026,2600,2600,2600
Tamil Nadu,Theni,Devaram(Uzhavar Sandhai ),Onion Green,Onion Green,Local,07/09/2026,7500,7500,7500
Tamil Nadu,Theni,Devaram(Uzhavar Sandhai ),Mint(Pudina),Mint(Pudina),Local,07/09/2026,5000,5000,5000
Tamil Nadu,Salem,Attayampatti(Uzhavar Sandhai ),Green Avare(W),Green Avare (W),Local,07/09/2026,6000,6000,6000
Tamil Nadu,Salem,Attayampatti(Uzhavar Sandhai ),Chikoos(Sapota),Sapota,Local,07/09/2026,5000,5000,5000
Tamil Nadu,Salem,Attayampatti(Uzhavar Sandhai ),Bhindi(Ladies Finger),Bhindi,Local,07/09/2026,3000,3000,3000
Tamil Nadu,Salem,Attayampatti(Uzhavar Sandhai ),Groundnut,Big (With Shell),Local,07/09/2026,7000,7000,7000
Tamil Nadu,Salem,Attayampatti(Uzhavar Sandhai ),Ridgeguard(Tori),Ridgeguard(Tori),Local,07/09/2026,4000,4400,4200
Tamil Nadu,Salem,Attayampatti(Uzhavar Sandhai ),Drumstick,Drumstick,Local,07/09/2026,3000,3000,3000
Tamil Nadu,Salem,Attayampatti(Uzhavar Sandhai ),Lemon,Lemon,Local,07/09/2026,5000,5000,5000
Tamil Nadu,Sivaganga,Sivagangai (Uzhavar Sandhai ),Chikoos(Sapota),Sapota,Local,07/09/2026,4200,6200,5200
Tamil Nadu,Sivaganga,Sivagangai (Uzhavar Sandhai ),Beetroot,Beetroot,Local,07/09/2026,4600,5200,4900
Tamil Nadu,Sivaganga,Sivagangai (Uzhavar Sandhai ),Green Avare(W),Other,Local,07/09/2026,6200,7200,6700
Tamil Nadu,Sivaganga,Sivagangai (Uzhavar Sandhai ),Mango(Raw-Ripe),Mango - Raw-Ripe,Local,07/09/2026,10000,10000,10000
Tamil Nadu,Sivaganga,Sivagangai (Uzhavar Sandhai ),Elephant Yam(Suran)/Amorphophallus,Elephant Yam (Suran),Local,07/09/2026,4200,4600,4400
Tamil Nadu,Sivaganga,Sivagangai (Uzhavar Sandhai ),Lemon,Lemon,Local,07/09/2026,22000,24000,23000
Tamil Nadu,Sivaganga,Sivagangai (Uzhavar Sandhai ),Onion Green,Onion Green,Local,07/09/2026,7600,8200,7900
Tamil Nadu,Sivaganga,Devakottai (Uzhavar Sandhai ),Green Avare(W),Other,Local,07/09/2026,6000,7400,6700
Tamil Nadu,Sivaganga,Devakottai (Uzhavar Sandhai ),Carrot,Pusakesar,Local,07/09/2026,3200,5400,4300
Tamil Nadu,Sivaganga,Devakottai (Uzhavar Sandhai ),Beetroot,Beetroot,Local,07/09/2026,5000,5200,5100
Tamil Nadu,Sivaganga,Devakottai (Uzhavar Sandhai ),Drumstick,Drumstick,Local,07/09/2026,3200,3400,3300
Tamil Nadu,Sivaganga,Devakottai (Uzhavar Sandhai ),Elephant Yam(Suran)/Amorphophallus,Elephant Yam (Suran),Local,07/09/2026,4400,4800,4600
Tamil Nadu,Sivaganga,Devakottai (Uzhavar Sandhai ),Lemon,Lemon,Local,07/09/2026,22200,24200,23200
Tamil Nadu,Salem,Edapadi (Uzhavar Sandhai ),Cauliflower,Ranchi,Local,07/09/2026,2500,3000,2750
Tamil Nadu,Salem,Edapadi (Uzhavar Sandhai ),Papaya,Papaya,Local,07/09/2026,2600,3000,2800
Tamil Nadu,Salem,Edapadi (Uzhavar Sandhai ),Tomato,Other,Local,07/09/2026,2400,2800,2600
Tamil Nadu,Salem,Edapadi (Uzhavar Sandhai ),Bhindi(Ladies Finger),Bhindi,Local,07/09/2026,2200,2500,2350
Tamil Nadu,Salem,Edapadi (Uzhavar Sandhai ),Banana - Green,Banana - Green,Local,07/09/2026,2500,3000,2750
Tamil Nadu,Salem,Edapadi (Uzhavar Sandhai ),Carrot,Pusakesar,Local,07/09/2026,6500,7000,6750
Tamil Nadu,Salem,Edapadi (Uzhavar Sandhai ),Knool Khol,Knool Khol,Local,07/09/2026,3500,4000,3750
Tamil Nadu,Salem,Edapadi (Uzhavar Sandhai ),Amla(Nelli Kai),Amla,Local,07/09/2026,8500,9000,8750
Tamil Nadu,Salem,Elampillai(Uzhavar Sandhai ),Cauliflower,Ranchi,Local,07/09/2026,2500,3000,2750
Tamil Nadu,Salem,Elampillai(Uzhavar Sandhai ),Cluster beans,Cluster Beans,Local,07/09/2026,2500,3000,2750
Tamil Nadu,Salem,Elampillai(Uzhavar Sandhai ),Ashgourd,Gouard,Local,07/09/2026,2000,2400,2200
Tamil Nadu,Salem,Elampillai(Uzhavar Sandhai ),Green Chilli,Green Chilly,Local,07/09/2026,3400,3600,3500
Tamil Nadu,Salem,Elampillai(Uzhavar Sandhai ),Groundnut,Big (With Shell),Local,07/09/2026,6500,7000,6750
Tamil Nadu,Salem,Elampillai(Uzhavar Sandhai ),Carrot,Pusakesar,Local,07/09/2026,6000,7000,6500
Tamil Nadu,Salem,Elampillai(Uzhavar Sandhai ),Cabbage,Cabbage,Local,07/09/2026,3000,3400,3200
Tamil Nadu,Salem,Elampillai(Uzhavar Sandhai ),Green Avare(W),Other,Local,07/09/2026,5500,6000,5750
Tamil Nadu,Salem,Elampillai(Uzhavar Sandhai ),Chow Chow,Chow Chow,Local,07/09/2026,4000,4500,4250
Tamil Nadu,Salem,Hasthampatti(Uzhavar Sandhai ),Garlic,Garlic,Local,07/09/2026,17000,18000,17500
Tamil Nadu,Salem,Hasthampatti(Uzhavar Sandhai ),Water Melon,Water Melon,Local,07/09/2026,1500,2000,1750
Tamil Nadu,Salem,Hasthampatti(Uzhavar Sandhai ),Coconut,Coconut,Local,07/09/2026,6000,6500,6250
Tamil Nadu,Salem,Hasthampatti(Uzhavar Sandhai ),Carrot,Pusakesar,Local,07/09/2026,6500,7000,6750
Tamil Nadu,Salem,Hasthampatti(Uzhavar Sandhai ),Cabbage,Cabbage,Local,07/09/2026,3000,3400,3200
Tamil Nadu,Salem,Hasthampatti(Uzhavar Sandhai ),Cucumbar(Kheera),Cucumbar,Local,07/09/2026,4000,5000,4500
Tamil Nadu,Salem,Hasthampatti(Uzhavar Sandhai ),Knool Khol,Knool Khol,Local,07/09/2026,3500,4000,3750
Tamil Nadu,Salem,Hasthampatti(Uzhavar Sandhai ),Lime,Lime,Local,07/09/2026,3500,4000,3750
Tamil Nadu,Salem,Hasthampatti(Uzhavar Sandhai ),Elephant Yam(Suran)/Amorphophallus,Elephant Yam (Suran),Local,07/09/2026,3500,4000,3750
Tamil Nadu,Salem,Hasthampatti(Uzhavar Sandhai ),Colacasia,Colacasia,Local,07/09/2026,6000,6500,6250
Tamil Nadu,Salem,Jalagandapuram(Uzhavar Sandhai ),Tomato,Other,Local,07/09/2026,2200,2600,2400
Tamil Nadu,Salem,Jalagandapuram(Uzhavar Sandhai ),Groundnut,Big (With Shell),Local,07/09/2026,6500,7000,6750
Tamil Nadu,Salem,Jalagandapuram(Uzhavar Sandhai ),Coconut,Coconut,Local,07/09/2026,5000,6000,5500
Tamil Nadu,Salem,Jalagandapuram(Uzhavar Sandhai ),Raddish,Raddish,Local,07/09/2026,2000,2400,2200
Tamil Nadu,Salem,Jalagandapuram(Uzhavar Sandhai ),Lime,Lime,Local,07/09/2026,3000,3500,3250
Tamil Nadu,Sivaganga,Singampunari(Uzhavar Sandhai ),Cauliflower,Ranchi,Local,07/09/2026,3200,3600,3400
Tamil Nadu,Sivaganga,Singampunari(Uzhavar Sandhai ),Coriander(Leaves),I Sort,Local,07/09/2026,4200,5600,4900
Tamil Nadu,Sivaganga,Singampunari(Uzhavar Sandhai ),Tomato,Other,Local,07/09/2026,2400,3000,2700
Tamil Nadu,Sivaganga,Singampunari(Uzhavar Sandhai ),Bitter gourd,Other,Local,07/09/2026,4600,5600,5100
Tamil Nadu,Sivaganga,Singampunari(Uzhavar Sandhai ),Ginger(Green),Green Ginger,Local,07/09/2026,12000,19000,15500
Tamil Nadu,Sivaganga,Singampunari(Uzhavar Sandhai ),Ridgeguard(Tori),Ridgeguard(Tori),Local,07/09/2026,4400,5200,4800
Tamil Nadu,Sivaganga,Singampunari(Uzhavar Sandhai ),Raddish,Raddish,Local,07/09/2026,2600,3000,2800
Tamil Nadu,Sivaganga,Singampunari(Uzhavar Sandhai ),Lemon,Lemon,Local,07/09/2026,22000,24000,23000
Tamil Nadu,Sivaganga,Karaikudi(Uzhavar Sandhai ),Brinjal,Round,Local,07/09/2026,4400,5400,4900
Tamil Nadu,Sivaganga,Karaikudi(Uzhavar Sandhai ),Coriander(Leaves),I Sort,Local,07/09/2026,4500,5500,5000
Tamil Nadu,Sivaganga,Karaikudi(Uzhavar Sandhai ),Ginger(Green),Green Ginger,Local,07/09/2026,12500,18500,15500
Tamil Nadu,Sivaganga,Karaikudi(Uzhavar Sandhai ),Carrot,Pusakesar,Local,07/09/2026,5000,5500,5250
Tamil Nadu,Sivaganga,Karaikudi(Uzhavar Sandhai ),Capsicum,Capsicum,Local,07/09/2026,7500,8500,8000
Tamil Nadu,Sivaganga,Karaikudi(Uzhavar Sandhai ),Elephant Yam(Suran)/Amorphophallus,Elephant Yam (Suran),Local,07/09/2026,4500,5000,4750
Tamil Nadu,Sivaganga,Tirupatthur(Uzhavar Sandhai ),Potato,Red Nanital,Local,07/09/2026,3200,3500,3350
Tamil Nadu,Sivaganga,Tirupatthur(Uzhavar Sandhai ),Chikoos(Sapota),Sapota,Local,07/09/2026,4400,6500,5450
Tamil Nadu,Sivaganga,Tirupatthur(Uzhavar Sandhai ),Ashgourd,Gouard,Local,07/09/2026,2000,2500,2250
Tamil Nadu,Sivaganga,Tirupatthur(Uzhavar Sandhai ),Pumpkin,Pumpkin,Local,07/09/2026,2000,2500,2250
Tamil Nadu,Sivaganga,Tirupatthur(Uzhavar Sandhai ),Amaranthus,Amaranthus,Local,07/09/2026,3500,4000,3750
Tamil Nadu,Sivaganga,Tirupatthur(Uzhavar Sandhai ),Ginger(Green),Green Ginger,Local,07/09/2026,12400,19500,15950
Tamil Nadu,Sivaganga,Tirupatthur(Uzhavar Sandhai ),Snakeguard,Snakeguard,Local,07/09/2026,3500,4000,3750
Tamil Nadu,Sivaganga,Tirupatthur(Uzhavar Sandhai ),Ridgeguard(Tori),Ridgeguard(Tori),Local,07/09/2026,4400,5500,4950
Tamil Nadu,Sivaganga,Tirupatthur(Uzhavar Sandhai ),Chow Chow,Chow Chow,Local,07/09/2026,2500,3000,2750
Tamil Nadu,Sivaganga,Tirupatthur(Uzhavar Sandhai ),Guava,Guava Allahabad,Local,07/09/2026,6400,7500,6950
Tamil Nadu,Sivaganga,Tirupatthur(Uzhavar Sandhai ),Lemon,Lemon,Local,07/09/2026,22400,24500,23450
Tamil Nadu,Thanjavur,Pattukottai(Uzhavar Sandhai ),Brinjal,Round,Local,07/09/2026,3500,4800,4150
Tamil Nadu,Thanjavur,Pattukottai(Uzhavar Sandhai ),Banana,Besrai,Local,07/09/2026,3500,3500,3500
Tamil Nadu,Thanjavur,Thanjavur(Uzhavar Sandhai ),Brinjal,Round,Local,07/09/2026,4600,4600,4600
Tamil Nadu,Thanjavur,Thanjavur(Uzhavar Sandhai ),Papaya,Papaya,Local,07/09/2026,6000,6000,6000
Tamil Nadu,Thanjavur,Thanjavur(Uzhavar Sandhai ),Mousambi(Sweet Lime),Mousambi,Local,07/09/2026,5000,5000,5000
Tamil Nadu,Thanjavur,Thanjavur(Uzhavar Sandhai ),Bottle gourd,Bottle Gourd,Local,07/09/2026,3000,3000,3000
Tamil Nadu,Thanjavur,Thanjavur(Uzhavar Sandhai ),Cabbage,Cabbage,Local,07/09/2026,3400,3400,3400
Tamil Nadu,Thanjavur,Thanjavur(Uzhavar Sandhai ),Ridgeguard(Tori),Ridgeguard(Tori),Local,07/09/2026,5000,5000,5000
Tamil Nadu,Thanjavur,Thanjavur(Uzhavar Sandhai ),Pomegranate,Pomogranate,Local,07/09/2026,24000,24000,24000
Tamil Nadu,Thiruchirappalli,KKNagar(Uzhavar Sandhai ),Green Avare(W),Other,Local,07/09/2026,6600,6600,6600
Tamil Nadu,Thiruchirappalli,KKNagar(Uzhavar Sandhai ),Mousambi(Sweet Lime),Mousambi,Local,07/09/2026,6600,6600,6600
Tamil Nadu,Thiruchirappalli,KKNagar(Uzhavar Sandhai ),Bottle gourd,Bottle Gourd,Local,07/09/2026,3000,3000,3000
Tamil Nadu,Thiruchirappalli,KKNagar(Uzhavar Sandhai ),Banana - Green,Banana - Green,Local,07/09/2026,3000,3000,3000
Tamil Nadu,Thiruchirappalli,KKNagar(Uzhavar Sandhai ),Beans,Beans (Whole),Local,07/09/2026,8600,8600,8600
Tamil Nadu,Thiruchirappalli,KKNagar(Uzhavar Sandhai ),Onion,Bellary,Local,07/09/2026,6000,6800,6400
Tamil Nadu,Thiruchirappalli,KKNagar(Uzhavar Sandhai ),Potato,Other,Local,07/09/2026,6000,6000,6000
Tamil Nadu,Thiruchirappalli,KKNagar(Uzhavar Sandhai ),Beetroot,Beetroot,Local,07/09/2026,4000,4000,4000
Tamil Nadu,Thiruchirappalli,KKNagar(Uzhavar Sandhai ),Thondekai,Thondekai,Local,07/09/2026,4000,4000,4000
Tamil Nadu,Thiruchirappalli,KKNagar(Uzhavar Sandhai ),Chow Chow,Chow Chow,Local,07/09/2026,3600,3600,3600
Tamil Nadu,Thiruchirappalli,KKNagar(Uzhavar Sandhai ),Drumstick,Drumstick,Local,07/09/2026,4000,4000,4000
Tamil Nadu,Thiruchirappalli,KKNagar(Uzhavar Sandhai ),Lime,Lime,Local,07/09/2026,5000,5000,5000
Tamil Nadu,Thiruchirappalli,KKNagar(Uzhavar Sandhai ),Lemon,Lemon,Local,07/09/2026,18000,20000,19000
Tamil Nadu,Thiruchirappalli,KKNagar(Uzhavar Sandhai ),Sweet Corn ,Sweet Corn ,Local,07/09/2026,3000,3000,3000
Tamil Nadu,Thiruchirappalli,Lalgudi(Uzhavar Sandhai ),Cauliflower,Ranchi,Local,07/09/2026,4000,4000,4000
Tamil Nadu,Thiruchirappalli,Lalgudi(Uzhavar Sandhai ),Beans,Beans (Whole),Local,07/09/2026,9000,9000,9000
Tamil Nadu,Thiruchirappalli,Lalgudi(Uzhavar Sandhai ),Chow Chow,Chow Chow,Local,07/09/2026,4000,4000,4000
Tamil Nadu,Thiruchirappalli,Lalgudi(Uzhavar Sandhai ),Beetroot,Beetroot,Local,07/09/2026,5000,5000,5000
Tamil Nadu,Thiruchirappalli,Lalgudi(Uzhavar Sandhai ),Lemon,Lemon,Local,07/09/2026,18000,18000,18000
Tamil Nadu,Thiruchirappalli,Lalgudi(Uzhavar Sandhai ),Colacasia,Colacasia,Local,07/09/2026,5400,5400,5400
Tamil Nadu,Thiruchirappalli,Lalgudi(Uzhavar Sandhai ),Mint(Pudina),Mint(Pudina),Local,07/09/2026,5600,5600,5600
Tamil Nadu,Thiruchirappalli,Manachanallur(Uzhavar Sandhai ),Garlic,Garlic,Local,07/09/2026,18000,18000,18000
Tamil Nadu,Thiruchirappalli,Manachanallur(Uzhavar Sandhai ),Raddish,Raddish,Local,07/09/2026,3000,3000,3000
Tamil Nadu,Thiruchirappalli,Manachanallur(Uzhavar Sandhai ),Mint(Pudina),Mint(Pudina),Local,07/09/2026,5400,5400,5400
Tamil Nadu,Thiruchirappalli,Manapparai(Uzhavar Sandhai ),Cauliflower,Ranchi,Local,07/09/2026,5000,5000,5000
Tamil Nadu,Thiruchirappalli,Manapparai(Uzhavar Sandhai ),Pumpkin,Pumpkin,Local,07/09/2026,2000,2000,2000
Tamil Nadu,Thiruchirappalli,Manapparai(Uzhavar Sandhai ),Amaranthus,Amaranthus,Local,07/09/2026,2000,2000,2000
Tamil Nadu,Thiruchirappalli,Manapparai(Uzhavar Sandhai ),Cowpea(Veg),Cowpea (Veg),Local,07/09/2026,4000,4000,4000
Tamil Nadu,Thiruchirappalli,Manapparai(Uzhavar Sandhai ),Beans,Beans (Whole),Local,07/09/2026,9000,9000,9000
Tamil Nadu,Thiruchirappalli,Manapparai(Uzhavar Sandhai ),Banana,Poovan,Local,07/09/2026,4000,5000,4500
Tamil Nadu,Thiruchirappalli,Manapparai(Uzhavar Sandhai ),Carrot,Pusakesar,Local,07/09/2026,7000,7000,7000
Tamil Nadu,Thiruchirappalli,Manapparai(Uzhavar Sandhai ),Lemon,Lemon,Local,07/09/2026,16000,16000,16000
Tamil Nadu,Thiruchirappalli,Musiri(Uzhavar Sandhai ),Papaya,Papaya,Local,07/09/2026,3500,4000,3750
Tamil Nadu,Thiruchirappalli,Musiri(Uzhavar Sandhai ),Green Avare(W),Green Avare (W),Local,07/09/2026,6000,6500,6250
Tamil Nadu,Thiruchirappalli,Musiri(Uzhavar Sandhai ),Cluster beans,Cluster Beans,Local,07/09/2026,3000,3600,3300
Tamil Nadu,Thiruchirappalli,Musiri(Uzhavar Sandhai ),Bottle gourd,Bottle Gourd,Local,07/09/2026,2000,2500,2250
Tamil Nadu,Thiruchirappalli,Musiri(Uzhavar Sandhai ),Amaranthus,Amaranthus,Local,07/09/2026,2000,2000,2000
Tamil Nadu,Thiruchirappalli,Musiri(Uzhavar Sandhai ),Green Chilli,Green Chilly,Local,07/09/2026,4000,4500,4250
Tamil Nadu,Thiruchirappalli,Musiri(Uzhavar Sandhai ),Cowpea(Veg),Cowpea (Veg),Local,07/09/2026,3500,4000,3750
Tamil Nadu,Thiruchirappalli,Musiri(Uzhavar Sandhai ),Snakeguard,Snakeguard,Local,07/09/2026,3500,4000,3750
Tamil Nadu,Thiruchirappalli,Musiri(Uzhavar Sandhai ),Thondekai,Thondekai,Local,07/09/2026,3500,4000,3750
Tamil Nadu,Thiruchirappalli,Musiri(Uzhavar Sandhai ),Drumstick,Drumstick,Local,07/09/2026,2500,3000,2750
Tamil Nadu,Thiruchirappalli,Musiri(Uzhavar Sandhai ),Guava,Guava Allahabad,Local,07/09/2026,4000,5000,4500
Tamil Nadu,Thiruchirappalli,Musiri(Uzhavar Sandhai ),Amla(Nelli Kai),Amla,Local,07/09/2026,7000,8000,7500
Tamil Nadu,Thiruchirappalli,Thiruverumbur(Uzhavar Sandhai ),Ashgourd,Gouard,Local,07/09/2026,2000,2000,2000
Tamil Nadu,Thiruchirappalli,Thiruverumbur(Uzhavar Sandhai ),Cowpea(Veg),Cowpea (Veg),Local,07/09/2026,3600,3600,3600
Tamil Nadu,Thiruchirappalli,Thiruverumbur(Uzhavar Sandhai ),Beans,Beans (Whole),Local,07/09/2026,9000,9000,9000
Tamil Nadu,Thiruchirappalli,Thiruverumbur(Uzhavar Sandhai ),Mango(Raw-Ripe),Mango - Raw-Ripe,Local,07/09/2026,8000,8000,8000
Tamil Nadu,Thiruchirappalli,Thiruverumbur(Uzhavar Sandhai ),Lemon,Lemon,Local,07/09/2026,20000,20000,20000
Tamil Nadu,Thiruchirappalli,Thiruverumbur(Uzhavar Sandhai ),Mint(Pudina),Mint(Pudina),Local,07/09/2026,6000,6000,6000
Tamil Nadu,Virudhunagar,Rajapalayam(Uzhavar Sandhai ),Cauliflower,Ranchi,Local,07/09/2026,2500,3000,2750
Tamil Nadu,Virudhunagar,Rajapalayam(Uzhavar Sandhai ),Brinjal,Round,Local,07/09/2026,3500,4000,3750
Tamil Nadu,Virudhunagar,Rajapalayam(Uzhavar Sandhai ),Banana,Besrai,Local,07/09/2026,3500,4000,3750
Tamil Nadu,Virudhunagar,Rajapalayam(Uzhavar Sandhai ),Ginger(Green),Green Ginger,Local,07/09/2026,19000,20000,19500
Tamil Nadu,Virudhunagar,Rajapalayam(Uzhavar Sandhai ),Carrot,Pusakesar,Local,07/09/2026,4000,4500,4250
Tamil Nadu,Virudhunagar,Rajapalayam(Uzhavar Sandhai ),Cabbage,Cabbage,Local,07/09/2026,2500,3000,2750
Tamil Nadu,Virudhunagar,Rajapalayam(Uzhavar Sandhai ),Knool Khol,Knool Khol,Local,07/09/2026,5000,6000,5500
Tamil Nadu,Virudhunagar,Rajapalayam(Uzhavar Sandhai ),Lemon,Lemon,Local,07/09/2026,21000,22000,21500
Tamil Nadu,Virudhunagar,Sathur(Uzhavar Sandhai ),Chikoos(Sapota),Sapota,Local,07/09/2026,2500,3000,2750
Tamil Nadu,Virudhunagar,Sathur(Uzhavar Sandhai ),Papaya,Papaya,Local,07/09/2026,2500,3000,2750
Tamil Nadu,Virudhunagar,Sathur(Uzhavar Sandhai ),Bitter gourd,Bitter Gourd,Local,07/09/2026,5500,6000,5750
Tamil Nadu,Virudhunagar,Sathur(Uzhavar Sandhai ),Amaranthus,Amaranthus,Local,07/09/2026,2500,3000,2750
Tamil Nadu,Virudhunagar,Sathur(Uzhavar Sandhai ),Cabbage,Cabbage,Local,07/09/2026,3500,4000,3750
Tamil Nadu,Virudhunagar,Sathur(Uzhavar Sandhai ),Green Avare(W),Green Avare (W),Local,07/09/2026,8000,9000,8500
Tamil Nadu,Virudhunagar,Sathur(Uzhavar Sandhai ),Drumstick,Drumstick,Local,07/09/2026,3500,4000,3750
Tamil Nadu,Virudhunagar,Sivakasi(Uzhavar Sandhai ),Cluster beans,Cluster Beans,Local,07/09/2026,3500,4000,3750
Tamil Nadu,Virudhunagar,Sivakasi(Uzhavar Sandhai ),Bhindi(Ladies Finger),Bhindi,Local,07/09/2026,3500,4000,3750
Tamil Nadu,Virudhunagar,Sivakasi(Uzhavar Sandhai ),Banana - Green,Banana - Green,Local,07/09/2026,3500,4000,3750
Tamil Nadu,Virudhunagar,Sivakasi(Uzhavar Sandhai ),Banana,Besrai,Local,07/09/2026,5000,6000,5500
Tamil Nadu,Virudhunagar,Sivakasi(Uzhavar Sandhai ),Beetroot,Beetroot,Local,07/09/2026,3500,4000,3750
Tamil Nadu,Virudhunagar,Sivakasi(Uzhavar Sandhai ),Drumstick,Drumstick,Local,07/09/2026,2500,3000,2750
Tamil Nadu,Virudhunagar,Sivakasi(Uzhavar Sandhai ),Lemon,Lemon,Local,07/09/2026,15000,17000,16000
Tamil Nadu,Virudhunagar,Thalavaipuram(Uzhavar Sandhai ),Potato,Red Nanital,Local,07/09/2026,2500,3000,2750
Tamil Nadu,Virudhunagar,Thalavaipuram(Uzhavar Sandhai ),Coriander(Leaves),I Sort,Local,07/09/2026,4000,4500,4250
Tamil Nadu,Virudhunagar,Thalavaipuram(Uzhavar Sandhai ),Bhindi(Ladies Finger),Bhindi,Local,07/09/2026,2000,2800,2400
Tamil Nadu,Virudhunagar,Thalavaipuram(Uzhavar Sandhai ),Banana - Green,Banana - Green,Local,07/09/2026,3000,3600,3300
Tamil Nadu,Virudhunagar,Thalavaipuram(Uzhavar Sandhai ),Banana,Besrai,Local,07/09/2026,3500,4000,3750
Tamil Nadu,Virudhunagar,Thalavaipuram(Uzhavar Sandhai ),Coconut,Coconut,Local,07/09/2026,5000,6000,5500
Tamil Nadu,Virudhunagar,Thalavaipuram(Uzhavar Sandhai ),Carrot,Pusakesar,Local,07/09/2026,4000,4500,4250
Tamil Nadu,Virudhunagar,Thalavaipuram(Uzhavar Sandhai ),Snakeguard,Snakeguard,Local,07/09/2026,3000,3500,3250
Tamil Nadu,Virudhunagar,Thalavaipuram(Uzhavar Sandhai ),Drumstick,Drumstick,Local,07/09/2026,4500,5000,4750
Tamil Nadu,Virudhunagar,Thalavaipuram(Uzhavar Sandhai ),Guava,Guava Allahabad,Local,07/09/2026,3500,4000,3750
Tamil Nadu,Virudhunagar,Thalavaipuram(Uzhavar Sandhai ),Onion Green,Onion Green,Local,07/09/2026,6000,7000,6500
Tamil Nadu,Virudhunagar,Virudhunagar(Uzhavar Sandhai ),Brinjal,Round,Local,07/09/2026,4500,5000,4750
Tamil Nadu,Virudhunagar,Virudhunagar(Uzhavar Sandhai ),Cluster beans,Cluster Beans,Local,07/09/2026,4500,5000,4750
Tamil Nadu,Virudhunagar,Virudhunagar(Uzhavar Sandhai ),Amaranthus,Amaranthus,Local,07/09/2026,2500,3000,2750
Tamil Nadu,Virudhunagar,Virudhunagar(Uzhavar Sandhai ),Raddish,Raddish,Local,07/09/2026,3500,4000,3750
Tamil Nadu,Virudhunagar,Virudhunagar(Uzhavar Sandhai ),Guava,Guava Allahabad,Local,07/09/2026,4500,5000,4750
Tamil Nadu,Virudhunagar,Virudhunagar(Uzhavar Sandhai ),Lemon,Lemon,Local,07/09/2026,11000,12000,11500
Tamil Nadu,Chengalpattu,Chengalpet(Uzhavar Sandhai ),Banana - Green,Banana - Green,Local,07/09/2026,3500,4000,3750
Tamil Nadu,Chengalpattu,Madhuranthagam(Uzhavar Sandhai ),Bitter gourd,Bitter Gourd,Local,07/09/2026,4000,4000,4000
Tamil Nadu,Chengalpattu,Medavakkam(Uzhavar Sandhai ),Onion,Bellary,Local,07/09/2026,6000,6000,6000
Tamil Nadu,Chengalpattu,Nanganallur(Uzhavar Sandhai ),Brinjal,Round,Local,07/09/2026,3500,4000,3750
Tamil Nadu,Chengalpattu,Nanganallur(Uzhavar Sandhai ),Tomato,Deshi,Local,07/09/2026,3000,3500,3250
Tamil Nadu,Chengalpattu,Nanganallur(Uzhavar Sandhai ),Cluster beans,Cluster Beans,Local,07/09/2026,2500,3000,2750
Tamil Nadu,Chengalpattu,Nanganallur(Uzhavar Sandhai ),Banana - Green,Banana - Green,Local,07/09/2026,3500,4000,3750
Tamil Nadu,Chengalpattu,Nanganallur(Uzhavar Sandhai ),Ridgeguard(Tori),Ridgeguard(Tori),Local,07/09/2026,4500,5000,4750
Tamil Nadu,Chengalpattu,Nanganallur(Uzhavar Sandhai ),Green Avare(W),Green Avare (W),Local,07/09/2026,3500,4000,3750
Tamil Nadu,Chengalpattu,Nanganallur(Uzhavar Sandhai ),Karbuja(Musk Melon),Karbhuja,Local,07/09/2026,4500,5000,4750
Tamil Nadu,Chengalpattu,Nanganallur(Uzhavar Sandhai ),Amla(Nelli Kai),Amla,Local,07/09/2026,9000,10000,9500
Tamil Nadu,Chengalpattu,Nanganallur(Uzhavar Sandhai ),Rose(Local),Rose (Local),Local,07/09/2026,22000,23000,22500
Tamil Nadu,Chengalpattu,Pallavaram(Uzhavar Sandhai ),Brinjal,Round,Local,07/09/2026,3500,4000,3750
Tamil Nadu,Chengalpattu,Pallavaram(Uzhavar Sandhai ),Ashgourd,Gouard,Local,07/09/2026,2000,2500,2250
Tamil Nadu,Chengalpattu,Pallavaram(Uzhavar Sandhai ),Potato,Red Nanital,Local,07/09/2026,2500,3000,2750
Tamil Nadu,Chengalpattu,Pallavaram(Uzhavar Sandhai ),Ridgeguard(Tori),Ridgeguard(Tori),Local,07/09/2026,6000,7000,6500
Tamil Nadu,Chengalpattu,Pallavaram(Uzhavar Sandhai ),Drumstick,Drumstick,Local,07/09/2026,6000,7000,6500
Tamil Nadu,Nagercoil (Kannyiakumari),Myladi(Uzhavar Sandhai ),Garlic,Garlic,Local,07/09/2026,14000,15000,14500
Tamil Nadu,Nagercoil (Kannyiakumari),Myladi(Uzhavar Sandhai ),Tomato,Deshi,Local,07/09/2026,3000,3500,3250
Tamil Nadu,Nagercoil (Kannyiakumari),Myladi(Uzhavar Sandhai ),Ashgourd,Gouard,Local,07/09/2026,2000,2500,2250
Tamil Nadu,Nagercoil (Kannyiakumari),Myladi(Uzhavar Sandhai ),Amaranthus,Amaranthus,Local,07/09/2026,1200,1500,1350
Tamil Nadu,Nagercoil (Kannyiakumari),Myladi(Uzhavar Sandhai ),Banana - Green,Banana - Green,Local,07/09/2026,6000,7000,6500
Tamil Nadu,Nagercoil (Kannyiakumari),Myladi(Uzhavar Sandhai ),Ginger(Green),Green Ginger,Local,07/09/2026,18000,19000,18500
Tamil Nadu,Nagercoil (Kannyiakumari),Myladi(Uzhavar Sandhai ),Cabbage,Cabbage,Local,07/09/2026,5000,5500,5250
Tamil Nadu,Nagercoil (Kannyiakumari),Myladi(Uzhavar Sandhai ),Snakeguard,Snakeguard,Local,07/09/2026,3500,4000,3750
Tamil Nadu,Chengalpattu,Jameenrayapettai(Uzhavar Sandhai ),Cluster beans,Cluster Beans,Local,07/09/2026,5000,6000,5500
Tamil Nadu,Chengalpattu,Jameenrayapettai(Uzhavar Sandhai ),Green Chilli,Green Chilly,Local,07/09/2026,4000,5000,4500
Tamil Nadu,Chengalpattu,Jameenrayapettai(Uzhavar Sandhai ),Apple,American,Local,07/09/2026,23000,24000,23500
Tamil Nadu,Chengalpattu,Jameenrayapettai(Uzhavar Sandhai ),Onion,Bellary,Local,07/09/2026,5000,6000,5500
Tamil Nadu,Chengalpattu,Jameenrayapettai(Uzhavar Sandhai ),Cabbage,Cabbage,Local,07/09/2026,2000,2500,2250
Tamil Nadu,Chengalpattu,Jameenrayapettai(Uzhavar Sandhai ),Raddish,Raddish,Local,07/09/2026,3500,4000,3750
Tamil Nadu,Chengalpattu,Jameenrayapettai(Uzhavar Sandhai ),Mango(Raw-Ripe),Mango - Raw-Ripe,Local,07/09/2026,6000,7000,6500
Tamil Nadu,Chengalpattu,Jameenrayapettai(Uzhavar Sandhai ),Colacasia,Colacasia,Local,07/09/2026,5000,6000,5500
Gujarat,Gandhinagar,Kalol APMC,Castor Seed,Other,Local,07/09/2026,7345,7450,7400
Maharashtra,Ahilyanagar,APMC Karjat ,Black Gram(Urd Beans)(Whole),Other,FAQ,07/09/2026,8000,8300,8150
Maharashtra,Ahilyanagar,Karjat(Rashin) ,Wheat,Other,Non-FAQ,07/09/2026,2500,2500,2500
Maharashtra,Ahilyanagar,Karjat(Rashin) ,Black Gram(Urd Beans)(Whole),Other,FAQ,07/09/2026,8000,8200,8100
Andhra Pradesh,West Godavari,Narsapuram APMC,Paddy(Common),MTU-1001,Local,07/09/2026,2445,2445,2445
Maharashtra,Chattrapati Sambhajinagar,APMC Chattrapati Sambhajinagar ,Papaya,Other,Local,07/09/2026,2500,3400,2950
Maharashtra,Chattrapati Sambhajinagar,APMC Chattrapati Sambhajinagar ,Ginger(Green),Other,Local,07/09/2026,7000,11000,9000
Maharashtra,Chattrapati Sambhajinagar,APMC Chattrapati Sambhajinagar ,Bhindi(Ladies Finger),Other,Local,07/09/2026,1200,1600,1400
Maharashtra,Chattrapati Sambhajinagar,APMC Chattrapati Sambhajinagar ,Onion,Other,Local,07/09/2026,2000,5100,3550
Maharashtra,Chattrapati Sambhajinagar,APMC Chattrapati Sambhajinagar ,Bitter gourd,Other,Local,07/09/2026,1700,3200,2450
Maharashtra,Chattrapati Sambhajinagar,APMC Chattrapati Sambhajinagar ,Methi(Leaves),Other,Local,07/09/2026,600,700,650
Maharashtra,Chattrapati Sambhajinagar,APMC Chattrapati Sambhajinagar ,Chilly Capsicum,Other,Local,07/09/2026,1400,2000,1700
Maharashtra,Chattrapati Sambhajinagar,APMC Chattrapati Sambhajinagar ,Drumstick,Other,Local,07/09/2026,2500,3500,3000
Maharashtra,Gadchiroli,APMC Armori ,Paddy(Common),Other,FAQ,07/09/2026,2820,3380,2940
Tamil Nadu,Villupuram,Avalurpet APMC,Paddy(Common),Other,Local,07/09/2026,2145,3413,2779
Maharashtra,Ahilyanagar,APMC Rahuri ,Tomato,Other,Local,07/09/2026,500,1500,1000
Tamil Nadu,Villupuram,Tindivanam APMC,Papaya,Papaya,Local,07/09/2026,4000,4000,4000
Tamil Nadu,Villupuram,Tindivanam APMC,Tapioca,Tapioca,Local,07/09/2026,4500,4500,4500
Tamil Nadu,Villupuram,Tindivanam APMC,Green Avare(W),Green Avare (W),Local,07/09/2026,7000,7000,7000
Tamil Nadu,Villupuram,Tindivanam APMC,Capsicum,Capsicum,Local,07/09/2026,6000,6000,6000
Tamil Nadu,Villupuram,Ulundurpettai APMC,Potato,Red Nanital,Local,07/09/2026,4000,4000,4000
Tamil Nadu,Villupuram,Ulundurpettai APMC,Green Avare(W),Green Avare (W),Local,07/09/2026,8000,8000,8000
Tamil Nadu,Villupuram,Ulundurpettai APMC,Tomato,Deshi,Local,07/09/2026,2000,2000,2000
Tamil Nadu,Villupuram,Ulundurpettai APMC,Bitter gourd,Bitter Gourd,Local,07/09/2026,6000,6000,6000
Tamil Nadu,Villupuram,Ulundurpettai APMC,Green Chilli,Green Chilly,Local,07/09/2026,6000,6000,6000
Tamil Nadu,Villupuram,Ulundurpettai APMC,Banana - Green,Banana - Green,Local,07/09/2026,3000,3000,3000
Tamil Nadu,Villupuram,Ulundurpettai APMC,Tender Coconut,Tender Coconut,Local,07/09/2026,3000,3000,3000
Tamil Nadu,Villupuram,Ulundurpettai APMC,Onion Green,Onion Green,Local,07/09/2026,7000,7000,7000
Karnataka,Vijayanagara,Hoovinahadagali APMC,Jowar(Sorghum),Yellow,Non-FAQ,07/09/2026,2230,2230,2230
Uttar Pradesh,Etah,Etah APMC,Wheat,Dara,FAQ,07/09/2026,2500,2500,2500
Keralam,Malappuram,Thirurrangadi Market,Amaranthus,Amaranthus,FAQ,07/09/2026,3600,3700,3600
Keralam,Malappuram,Thirurrangadi Market,Bottle gourd,Other,FAQ,07/09/2026,3200,3500,3300
Keralam,Malappuram,Thirurrangadi Market,Brinjal,Other,FAQ,07/09/2026,3200,3300,3200
Keralam,Malappuram,Thirurrangadi Market,Cucumbar(Kheera),Other,FAQ,07/09/2026,3500,3600,3600
Maharashtra,Latur,Latur(Murud) ,Wheat,Maharashtra 2189,Non-FAQ,07/09/2026,2300,2500,2400
Keralam,Kollam,Anchal VFPCK Market,Banana,Nendra Bale,Grade A,07/09/2026,7500,7500,7500
Maharashtra,Mumbai,APMC Mumbai ,Masur Dal,Other,Local,07/09/2026,7000,7600,7400
Maharashtra,Mumbai,APMC Mumbai ,Lime,Other,Local,07/09/2026,4000,7000,5500
Maharashtra,Mumbai,APMC Mumbai ,Ginger(Green),Other,Local,07/09/2026,6000,16000,11000
Maharashtra,Mumbai,APMC Mumbai ,Guar,Other,Local,07/09/2026,4000,6000,5000
Maharashtra,Mumbai,APMC Mumbai ,Cucumbar(Kheera),Other,Local,07/09/2026,1600,2000,1800
Maharashtra,Mumbai,APMC Mumbai ,Banana - Green,Other,Local,07/09/2026,2600,3200,2900
Maharashtra,Mumbai,APMC Mumbai ,Spinach,Other,Local,07/09/2026,500,1000,750
Maharashtra,Mumbai,APMC Mumbai ,Elephant Yam(Suran)/Amorphophallus,Other,Local,07/09/2026,2000,2600,2300
Maharashtra,Mumbai,APMC Mumbai ,Little gourd(Kundru),Other,Local,07/09/2026,2000,4000,3000
Maharashtra,Mumbai,APMC Mumbai ,Tamarind Fruit,Other,Local,07/09/2026,9000,15000,12000
Maharashtra,Mumbai,APMC Mumbai ,Cashewnuts,Other,Local,07/09/2026,80000,140000,110000
Maharashtra,Dharashiv,APMC Murum ,Soyabean,Yellow,FAQ,07/09/2026,5752,5752,5752
Uttar Pradesh,Etah,Aliganj APMC,Tobacco,Other,FAQ,07/09/2026,4200,4200,4200
Maharashtra,Nagpur,APMC Kamthi ,Bhindi(Ladies Finger),Other,Local,07/09/2026,1500,2000,1850
Uttar Pradesh,Azamgarh,Azamgarh APMC,Wood,Eucalyptus,FAQ,07/09/2026,500,500,500
Uttar Pradesh,Farukhabad,Farukhabad APMC,Brinjal,Other,FAQ,07/09/2026,1000,1200,1100
Keralam,Kasargod,Kanjangadu Market,Coconut Oil,Other,FAQ,07/09/2026,29000,30000,29500
Keralam,Kasargod,Kanjangadu Market,Coconut,Coconut,FAQ,07/09/2026,5100,5600,5300
Keralam,Kasargod,Kanjangadu Market,Cauliflower,Cauliflower,FAQ,07/09/2026,5600,6300,5900
Keralam,Kasargod,Kanjangadu Market,Onion,Big,FAQ,07/09/2026,5400,6000,5600
Keralam,Kasargod,Kanjangadu Market,Ridgeguard(Tori),Other,FAQ,07/09/2026,5300,6200,5800
Madhya Pradesh,Rajgarh,Kurawar APMC,Soyabean,Soyabeen,FAQ,07/09/2026,3000,5940,5900
Madhya Pradesh,Mandsaur,Shamgarh APMC,"Sesamum(Sesame,Gingelly,Til)",Sesame,Non-FAQ,07/09/2026,9951,10350,10350
Madhya Pradesh,Ratlam,Ratlam APMC,Garlic,Garlic,FAQ,07/09/2026,5801,10500,10500
Madhya Pradesh,Ratlam,Sailana APMC,Onion,Onion,FAQ,07/09/2026,2960,4151,4151
Madhya Pradesh,Shivpuri,Badarwas APMC,Wheat,Wheat,FAQ,07/09/2026,2300,2300,2300
Madhya Pradesh,Sagar,Bina APMC,Soyabean,Soyabeen,FAQ,07/09/2026,4760,4760,4760
Madhya Pradesh,Sagar,Bina APMC,Green Peas,Pea,FAQ,07/09/2026,2501,3681,3681
Madhya Pradesh,Sagar,Bina APMC,Lentil(Masur)(Whole),Masur Dal,FAQ,07/09/2026,5800,9000,9000
Madhya Pradesh,Sagar,Shahagarh APMC,Wheat,Mill Quality,Non-FAQ,07/09/2026,2525,2585,2585
Madhya Pradesh,Chhatarpur,LavKush Nagar(Laundi) APMC,Wheat,Mill Quality,FAQ,07/09/2026,2525,2525,2525
Madhya Pradesh,Narsinghpur,Gadarwada APMC,Soyabean,Soyabeen,FAQ,07/09/2026,5300,5450,5450
Gujarat,Navsari,Navsari APMC,Pointed gourd(Parval),Pointed gourd (Parval),Local,07/09/2026,3500,4000,3750
Gujarat,Navsari,Navsari APMC,Capsicum,Capsicum,Local,07/09/2026,2500,3000,2700
Gujarat,Gandhinagar,"Kalol(Veg,Market,Kalol) APMC",Tomato,Other,Local,07/09/2026,1750,2750,2000
Gujarat,Dahod,Dahod(Veg. Market) APMC,Carrot,Carrot,Local,07/09/2026,2500,3000,2700
Gujarat,Dahod,Dahod(Veg. Market) APMC,Pea Pod/Pea Cod/हरी मटर,Peas cod,Local,07/09/2026,10000,12000,11000
Gujarat,Dahod,Dahod(Veg. Market) APMC,Cucumbar(Kheera),Cucumbar,Local,07/09/2026,1000,2500,2000
Gujarat,Sabarkantha,Himatnagar(Veg.Market Himatnagar) APMC,Bottle gourd,Bottle Gourd,Local,07/09/2026,250,500,500
Gujarat,Sabarkantha,Himatnagar(Veg.Market Himatnagar) APMC,Tomato,Tomato,Local,07/09/2026,1500,2000,1880
Gujarat,Anand,"Anand(Veg,Yard,Anand) APMC",Cauliflower,Cauliflower,Grade B,07/09/2026,2000,2500,2250
Gujarat,Valsad,Chikli(Khorgam) APMC,Bitter gourd,Other,FAQ,07/09/2026,1500,2250,1875
Gujarat,Dahod,Zalod(Sanjeli) APMC,Paddy(Common),Other,Grade Range-2,07/09/2026,3866.67,3866.67,3866.67
Gujarat,Dahod,Zalod(Sanjeli) APMC,Maize,Other,Grade Range-2,07/09/2026,2400,2400,2400
Himachal Pradesh,Bilaspur,PMY Bilaspur,Lemon,Other,Grade B,07/09/2026,9000,14000,12000
Himachal Pradesh,Bilaspur,PMY Bilaspur,Potato,Local,Grade B,07/09/2026,800,2200,1500
Himachal Pradesh,Bilaspur,PMY Bilaspur,Pineapple,Pine Apple,Grade B,07/09/2026,4200,5200,4500
Himachal Pradesh,Bilaspur,PMY Bilaspur,Capsicum,Other,Grade B,07/09/2026,3500,4500,4000
Gujarat,Surat,Mahuva(Anaval) APMC,Pointed gourd(Parval),Other,Local,07/09/2026,2150,2250,2200
Keralam,Kasargod,Manjeswaram Market,Beetroot,Beetroot,FAQ,07/09/2026,4000,5000,4500
Gujarat,Chhota Udaipur,Modasar APMC,Cotton,Shanker 6 (B) 30mm FIne,FAQ,07/09/2026,8900,9150,9000
Maharashtra,Nashik,APMC Manmad ,Onion,Unhali,Local,07/09/2026,1000,4545,4200
Gujarat,Rajkot,Rajkot APMC,Groundnut,G20,FAQ,07/09/2026,6250,9000,7000
Gujarat,Rajkot,Rajkot APMC,Bengal Gram(Gram)(Whole),Desi (Whole),FAQ,07/09/2026,5250,6300,6150
Gujarat,Rajkot,Rajkot APMC,Bengal Gram(Gram)(Whole),White (whole),FAQ,07/09/2026,6250,9350,8550
Gujarat,Rajkot,Rajkot APMC,Red gram/Arhar/Tur(whole),Arhar (Whole),FAQ,07/09/2026,6000,8420,7460
Gujarat,Surendranagar,Vadhvan APMC,Potato,Potato,Medium,07/09/2026,1500,2000,1750
Gujarat,Surendranagar,Vadhvan APMC,Cauliflower,Cauliflower,Medium,07/09/2026,2000,2500,2250
Gujarat,Surendranagar,Vadhvan APMC,Cabbage,Cabbage,Medium,07/09/2026,1000,1500,1250
Gujarat,Surendranagar,Vadhvan APMC,Tinda,Tinda,Medium,07/09/2026,2500,3000,2750
Gujarat,Surendranagar,Vadhvan APMC,Apple,Apple,Medium,07/09/2026,7500,8000,7750
Gujarat,Surendranagar,Vadhvan APMC,Beetroot,Beetroot,Medium,07/09/2026,1500,2000,1750
Gujarat,Jamnagar,Jamnagar APMC,Cotton,Other,Local,07/09/2026,8250,9250,8875
Gujarat,Jamnagar,Jamnagar APMC,Ground Nut Seed,Other,Local,07/09/2026,7500,9500,8850
Gujarat,Jamnagar,Jamnagar APMC,Mustard,Other,Local,07/09/2026,6500,6810,6810
Gujarat,Jamnagar,Jamnagar APMC,Bengal Gram(Gram)(Whole),Other,Local,07/09/2026,4500,6100,5825
Gujarat,Jamnagar,Jamnagar APMC,Cummin Seed(Jeera),Other,Local,07/09/2026,17500,20175,19325
Gujarat,Jamnagar,Jamnagar APMC,Garlic,Other,Local,07/09/2026,4000,11500,8150
Gujarat,Amreli,Rajula APMC,Mustard,Mustard,Local,07/09/2026,7125,7125,7125
Gujarat,Amreli,Rajula APMC,"Sesamum(Sesame,Gingelly,Til)",White,Local,07/09/2026,11505,12000,11752
Gujarat,Amreli,Damnagar APMC,Cabbage,Cabbage,Local,07/09/2026,2000,2000,2000
Gujarat,Amreli,Damnagar APMC,Bhindi(Ladies Finger),Bhindi,Local,07/09/2026,2200,2200,2200
Gujarat,Amreli,Damnagar APMC,Tomato,Local,Local,07/09/2026,3500,3500,3500
Gujarat,Rajkot,Gondal(Veg.market Gondal) APMC,Pumpkin,Pumpkin,Local,07/09/2026,1500,2500,2000
Gujarat,Rajkot,Gondal(Veg.market Gondal) APMC,Raddish,Raddish,Local,07/09/2026,1000,2000,1500
Tamil Nadu,Madurai,Chokkikulam(Uzhavar Sandhai ),Garlic,Garlic,Local,07/09/2026,14000,27000,20500
Tamil Nadu,Madurai,Chokkikulam(Uzhavar Sandhai ),Coriander(Leaves),I Sort,Local,07/09/2026,4000,5500,4750
Tamil Nadu,Madurai,Chokkikulam(Uzhavar Sandhai ),Water Melon,Water Melon,Local,07/09/2026,2000,2500,2250
Tamil Nadu,Madurai,Chokkikulam(Uzhavar Sandhai ),Ashgourd,Gouard,Local,07/09/2026,1600,2000,1800
Tamil Nadu,Madurai,Chokkikulam(Uzhavar Sandhai ),Pumpkin,Pumpkin,Local,07/09/2026,1600,2000,1800
Tamil Nadu,Madurai,Chokkikulam(Uzhavar Sandhai ),Orange,Darjeeling,Local,07/09/2026,14000,16000,15000
Tamil Nadu,Madurai,Chokkikulam(Uzhavar Sandhai ),Onion,Bellary,Local,07/09/2026,4000,6500,5250
Tamil Nadu,Madurai,Chokkikulam(Uzhavar Sandhai ),Snakeguard,Snakeguard,Local,07/09/2026,3600,4000,3800
Gujarat,Bhavnagar,Taleja APMC,Bajra(Pearl Millet/Cumbu),Local,FAQ,07/09/2026,2130,2290,2210
Karnataka,Raichur,Sindhanur APMC,Sunflower/Sunflower Seed,Sunflower,Local,07/09/2026,7700,7780,7700
Karnataka,Koppal,Gangavathi APMC,Paddy(Common),Paddy RNR Old,Non-FAQ,07/09/2026,3866,4000,3987
Karnataka,Mysuru,Hunsur APMC,Maize,Other,Local,07/09/2026,1600,2000,2000
Karnataka,Mysuru,Hunsur APMC,Ginger(Green),Green Ginger,Local,07/09/2026,2000,2300,2300
Gujarat,Amreli,The Agricultural Produce Market Committee-Amreli,Groundnut,Other,FAQ,07/09/2026,5900,6925,6525
Gujarat,Amreli,The Agricultural Produce Market Committee-Amreli,Groundnut(Split),Groundnut(Split),FAQ,07/09/2026,7650,9500,9300
Gujarat,Amreli,The Agricultural Produce Market Committee-Amreli,"Sesamum(Sesame,Gingelly,Til)",Red,FAQ,07/09/2026,8825,12075,12075
Gujarat,Amreli,The Agricultural Produce Market Committee-Amreli,Methi Seeds,Methiseeds,FAQ,07/09/2026,6325,6775,6775
Gujarat,Amreli,The Agricultural Produce Market Committee-Amreli,Jowar(Sorghum),Other,FAQ,07/09/2026,5750,6275,5950
Gujarat,Amreli,The Agricultural Produce Market Committee-Amreli,Cotton,Other,FAQ,07/09/2026,5200,9700,9275
Gujarat,Amreli,The Agricultural Produce Market Committee-Amreli,Bengal Gram(Gram)(Whole),Other,FAQ,07/09/2026,4500,6225,6100
Karnataka,Kolar,Bangarpet APMC,Brinjal,Brinjal,Local,07/09/2026,500,1000,700
Karnataka,Kolar,Bangarpet APMC,Green Chilli,Green Chilly,Local,07/09/2026,1300,3000,2500
Karnataka,Kolar,Bangarpet APMC,Ridgeguard(Tori),Ridgeguard(Tori),Local,07/09/2026,1000,2000,1700
Karnataka,Kolar,Bangarpet APMC,Raddish,Raddish,Local,07/09/2026,400,800,500
Karnataka,Kolar,Bangarpet APMC,Capsicum,Capsicum,Local,07/09/2026,1300,2300,2000
Uttar Pradesh,Hardoi,Shahabad(New Mandi) APMC,Wheat,Dara,FAQ,07/09/2026,2450,2450,2450
Karnataka,Raichur,Lingasugur APMC,"Sesamum(Sesame,Gingelly,Til)",White,Non-FAQ,07/09/2026,12700,12700,12700
Karnataka,Uttara Kannada,Haliyala APMC,Paddy(Common),Paddy Medium,Local,07/09/2026,2200,2800,2800
Gujarat,Surat,Surat APMC,Onion,Other,FAQ,07/09/2026,1800,5000,3400
Gujarat,Surat,Surat APMC,Yam(Ratalu),Other,FAQ,07/09/2026,10000,16000,13000
Keralam,Alappuzha,Vallikunnam  VFPCK Market,Cowpea(Veg),Cowpea (Veg),Grade A,07/09/2026,6500,6500,6500
Telangana,Warangal,Warangal APMC,Mousambi(Sweet Lime),Mousambi,Large,07/09/2026,1000,2500,1400
Telangana,Warangal,Warangal APMC,Field Pea,Field Pea,FAQ,07/09/2026,3000,3500,3250
Telangana,Warangal,Warangal APMC,Cucumbar(Kheera),Cucumbar,FAQ,07/09/2026,1600,2000,1800
Telangana,Warangal,Warangal APMC,Yam(Ratalu),Yam (Ratalu),FAQ,07/09/2026,3500,4000,3750
Uttar Pradesh,Bulandshahar,Sikanderabad APMC,Ginger(Green),Other,FAQ,07/09/2026,6500,6500,6500
Uttar Pradesh,Bulandshahar,Sikanderabad APMC,Green Chilli,Other,FAQ,07/09/2026,2500,2500,2500
Telangana,Bhadradri Kothagudem,Bhadrachalam APMC,Wood,Eucalyptus,FAQ,07/09/2026,400,400,400
Telangana,Karimnagar,Jammikunta APMC,Cotton,Cotton (Unginned),FAQ,07/09/2026,6500,8900,8800
Telangana,Karimnagar,Karimnagar APMC,Capsicum,Capsicum,Medium,07/09/2026,2000.0001,2000.0001,2000.0001
Telangana,Karimnagar,Karimnagar APMC,Bitter gourd,Bitter Gourd,Medium,07/09/2026,4000,4000,4000
Uttar Pradesh,Saharanpur,Rampurmaniharan APMC,Brinjal,Brinjal,Grade C,07/09/2026,1000,1200,1100
Uttar Pradesh,Saharanpur,Rampurmaniharan APMC,Bottle gourd,Bottle Gourd,Grade C,07/09/2026,900,1100,1000
Uttar Pradesh,Saharanpur,Rampurmaniharan APMC,Raddish,Raddish,Grade C,07/09/2026,1000,1200,1100
Andhra Pradesh,Prakasam,Addanki APMC,Maize,Local,FAQ,07/09/2026,2400,2425,2410
Andhra Pradesh,SPSR Nellore,Nellore APMC,Paddy(Common),B P T,FAQ,07/09/2026,2445,2470,2460
Keralam,Palakad,vadakarapathy Market,Cowpea(Veg),Cowpea (Veg),FAQ,07/09/2026,5000,6000,5500
Andhra Pradesh,Palnadu,Sattenapalli APMC,Cotton,Bunny,FAQ,07/09/2026,7500,8500,8000
Andhra Pradesh,SPSR Nellore,Kavali APMC,Paddy(Common),Other,Local,07/09/2026,2380,2450,2410
Karnataka,Raichur,Manvi APMC,Sunflower/Sunflower Seed,Other,Non-FAQ,07/09/2026,8100,8105,8100
Assam,Nagaon,Haibargaon APMC,Tomato,Tomato,FAQ,07/09/2026,3100,3300,3200
Andhra Pradesh,YSR Kadapa,Siddavatam APMC,Papaya,Papaya,Grade B,07/09/2026,1300,1500,1400
Maharashtra,Pune,APMC Pune ,Jowar(Sorghum),Other,FAQ,07/09/2026,6200,6600,6400
Maharashtra,Pune,APMC Pune ,Rice,Other,Local,07/09/2026,4600,7400,6000
Maharashtra,Pune,APMC Pune ,Ginger(Green),Other,Local,07/09/2026,3000,12000,7500
Maharashtra,Pune,APMC Pune ,Potato,Local,Local,07/09/2026,600,1500,1050
Maharashtra,Pune,APMC Pune ,Bhindi(Ladies Finger),Other,Local,07/09/2026,1000,3000,2000
Maharashtra,Pune,APMC Pune ,Cauliflower,Other,Local,07/09/2026,1000,2000,1500
Maharashtra,Pune,APMC Pune ,Methi(Leaves),Other,Local,07/09/2026,4,10,7
Maharashtra,Pune,APMC Pune ,Raddish,Other,Local,07/09/2026,6,20,13
Maharashtra,Pune,APMC Pune ,Mint(Pudina),Other,Local,07/09/2026,3,10,6
Maharashtra,Pune,APMC Pune ,Rajgir,Other,Local,07/09/2026,4,8,6
Maharashtra,Pune,APMC Pune ,Elephant Yam(Suran)/Amorphophallus,Other,Local,07/09/2026,1000,3000,2000
Andhra Pradesh,Kurnool,Yemmiganur APMC,Groundnut,Local,Local,07/09/2026,7410,7630,7630
Keralam,Thiruvananthapuram,Attingal Market,Elephant Yam(Suran)/Amorphophallus,Other,Local,07/09/2026,4500,5500,5000
Keralam,Thiruvananthapuram,Attingal Market,Banana,Rasakathai,Local,07/09/2026,9000,10000,9500
Andhra Pradesh,Nandyal,Banaganapalli APMC,Jowar(Sorghum),Jowar ( White),FAQ,07/09/2026,3200,3600,3400
Andhra Pradesh,Nandyal,Banaganapalli APMC,Maize,Local,FAQ,07/09/2026,2000,2400,2200
Keralam,Thirssur,Chavakkad Market,Bitter gourd,Bitter Gourd,FAQ,07/09/2026,4400,6000,6000
Keralam,Thirssur,Chavakkad Market,Carrot,Carrot,FAQ,07/09/2026,4800,6000,6000
Keralam,Thirssur,Chavakkad Market,Cluster beans,Cluster Beans,FAQ,07/09/2026,6000,7000,7000
Keralam,Thirssur,Chavakkad Market,Cucumbar(Kheera),Cucumbar,FAQ,07/09/2026,2000,3000,3000
Keralam,Thirssur,Chavakkad Market,Green Chilli,Green Chilly,FAQ,07/09/2026,6000,8000,8000
Keralam,Thirssur,Chavakkad Market,Onion,Big,FAQ,07/09/2026,5500,6000,6000
Andhra Pradesh,Ananthapuramu,Anantapur APMC,Mousambi(Sweet Lime),Mousambi,Grade B,07/09/2026,700,1550,1150
Andhra Pradesh,Palnadu,Pidugurala APMC,Paddy(Common),Paddy,FAQ,07/09/2026,2380,2380,2380
Maharashtra,Latur,APMC Chakur ,Soyabean,Yellow,FAQ,07/09/2026,5651,5651,5651
Uttar Pradesh,Etawah,Etawah APMC,Garlic,Other,FAQ,07/09/2026,6500,6500,6500
Uttar Pradesh,Lakhimpur,Lakhimpur APMC,Onion,Other,FAQ,07/09/2026,2900,2930,2919.85
Uttar Pradesh,Sambhal,Muradabad APMC,Wheat,Dara,FAQ,07/09/2026,2750,2750,2750
West Bengal,Bankura,Bankura Sadar APMC,Potato,Jyoti,FAQ,07/09/2026,640,680,660
Uttarakhand,Udhamsinghnagar,Kashipur APMC,Green Chilli,Green Chilly,Local,07/09/2026,1600,1800,1700
Uttarakhand,Udhamsinghnagar,Kashipur APMC,French Beans(Frasbean),Other,Local,07/09/2026,2400,2500,2450
Uttarakhand,Udhamsinghnagar,Kashipur APMC,Carrot,Other,Local,07/09/2026,2400,2500,2450
Uttarakhand,Udhamsinghnagar,Kashipur APMC,Bottle gourd,Other,Local,07/09/2026,1200,1300,1250
Uttarakhand,Udhamsinghnagar,Kicchha APMC,Green Chilli,Green Chilly,Local,07/09/2026,1200,1400,1300
Uttarakhand,Udhamsinghnagar,Kicchha APMC,Potato,Desi,Non-FAQ,07/09/2026,400,600,500
Uttarakhand,Udhamsinghnagar,Kicchha APMC,Sponge gourd,Sponge gourd,Local,07/09/2026,700,900,800
Keralam,Thiruvananthapuram,Parassala Market,Cowpea(Veg),Cowpea (Veg),Local,07/09/2026,7800,8200,8000
Keralam,Thiruvananthapuram,Parassala Market,Ginger(Green),Green Ginger,Local,07/09/2026,8000,8400,8200
Keralam,Thiruvananthapuram,Parassala Market,Elephant Yam(Suran)/Amorphophallus,Elephant Yam (Suran),Local,07/09/2026,8000,8400,8200
Keralam,Thiruvananthapuram,Parassala Market,Brinjal,Round/Long,Local,07/09/2026,3800,4200,4000
Uttarakhand,Haridwar,Roorkee APMC,Banana,Other,Medium,07/09/2026,800,1200,1000
Uttarakhand,Haridwar,Roorkee APMC,Bottle gourd,Other,Local,07/09/2026,650,850,750
Uttarakhand,Haridwar,Roorkee APMC,Cucumbar(Kheera),Other,Local,07/09/2026,800,1000,900
Uttarakhand,Haridwar,Roorkee APMC,Bitter gourd,Other,Local,07/09/2026,650,850,750
Uttarakhand,Haridwar,Roorkee APMC,Potato,Other,Medium,07/09/2026,800,1200,1000
Jammu and Kashmir,Shopian,APMC/MAC Shopian,Apple,Kullu Delicious,Grade B,07/09/2026,3750,5000,4375
Odisha,Sonepur,Dungurapalli APMC,Little gourd(Kundru),Other,Local,07/09/2026,4000,4000,4000
Odisha,Sonepur,Dungurapalli APMC,Tomato,Hybrid,Local,07/09/2026,2500,2650,2560
Maharashtra,Pune,Pune(Moshi) ,Pointed gourd(Parval),Other,Local,07/09/2026,4000,4000,4000
Maharashtra,Pune,Pune(Moshi) ,Papaya,Other,Local,07/09/2026,2000,2000,2000
Maharashtra,Pune,Pune(Moshi) ,Beans,Other,Local,07/09/2026,5000,6000,5500
Maharashtra,Pune,Pune(Moshi) ,Chilly Capsicum,Other,Local,07/09/2026,3500,3500,3500
Maharashtra,Pune,Pune(Moshi) ,Raddish,Other,Local,07/09/2026,10,10,10
Maharashtra,Pune,Pune(Moshi) ,Ridgeguard(Tori),Other,Local,07/09/2026,4000,5000,4500
Keralam,Kannur,Kannur Market,Brinjal,Other,Grade A,07/09/2026,3000,3500,3200
Keralam,Kannur,Kannur Market,Onion,Onion,Grade A,07/09/2026,5800,6000,5900
Keralam,Kannur,Kannur Market,Coconut Oil,Other,Grade Range-1,07/09/2026,29000,30000,29500
Keralam,Kannur,Payyannur Market,Copra,Other,Local,07/09/2026,13900,14100,14000
Keralam,Kannur,Payyannur Market,Ashgourd,Other,Local,07/09/2026,2500,2700,2600
Keralam,Kannur,Payyannur Market,Cucumbar(Kheera),Other,Local,07/09/2026,2300,2500,2400
Maharashtra,Ratnagiri,APMC Ratnagiri (Nachane) ,Bhindi(Ladies Finger),Other,Local,07/09/2026,2500,3500,3000
Maharashtra,Ratnagiri,APMC Ratnagiri (Nachane) ,French Beans(Frasbean),Other,Local,07/09/2026,2000,4000,3000
Maharashtra,Ratnagiri,APMC Ratnagiri (Nachane) ,Cabbage,Other,Local,07/09/2026,800,1200,1000
Maharashtra,Ratnagiri,APMC Ratnagiri (Nachane) ,Tomato,Other,Local,07/09/2026,500,1500,1000
Maharashtra,Ratnagiri,APMC Ratnagiri (Nachane) ,Green Chilli,Other,Local,07/09/2026,3000,5000,4000
Karnataka,Davangere,Honnali APMC,Rice,Broken Rice,Medium,07/09/2026,2600,2600,2600
Karnataka,Davangere,Honnali APMC,Brinjal,Brinjal,Medium,07/09/2026,600,800,700
Karnataka,Davangere,Honnali APMC,Cowpea(Veg),Cowpea (Veg),Medium,07/09/2026,1200,2000,1800
Karnataka,Davangere,Honnali APMC,Beans,Beans (Whole),Medium,07/09/2026,1500,2000,1800
Karnataka,Davangere,Honnali APMC,Coconut,Small,Medium,07/09/2026,17000,34000,19540
Karnataka,Davangere,Honnali APMC,Arecanut(Betelnut/Supari),EDI,Medium,07/09/2026,20000,25500,23658
Assam,Darrang,Balugaon APMC,Cabbage,Cabbage,Local,07/09/2026,1600,1800,1700
Assam,Darrang,Balugaon APMC,Pumpkin,Pumpkin,Local,07/09/2026,1100,1300,1200
Assam,Darrang,Balugaon APMC,Ginger(Green),Green Ginger,Local,07/09/2026,7000,7800,7400
Assam,Darrang,Besimari APMC,Bhindi(Ladies Finger),Bhindi,Local,07/09/2026,1700,1900,1800
Assam,Darrang,Besimari APMC,Bitter gourd,Bitter Gourd,Local,07/09/2026,2300,2700,2500
Assam,Darrang,Besimari APMC,Brinjal,Brinjal,Local,07/09/2026,1600,2000,1800
Tamil Nadu,Erode,Thalavadi(Uzhavar Sandhai ),Tomato,Other,Local,07/09/2026,2200,2600,2400
Tamil Nadu,Erode,Thalavadi(Uzhavar Sandhai ),Bitter gourd,Other,Local,07/09/2026,4400,4800,4600
Tamil Nadu,Erode,Thalavadi(Uzhavar Sandhai ),Pumpkin,Pumpkin,Local,07/09/2026,800,1000,900
Tamil Nadu,Erode,Thalavadi(Uzhavar Sandhai ),Tapioca,Tapioca,Local,07/09/2026,2500,3000,2750
Tamil Nadu,Erode,Thalavadi(Uzhavar Sandhai ),Snakeguard,Snakeguard,Local,07/09/2026,3000,3500,3250
Tamil Nadu,Erode,Thalavadi(Uzhavar Sandhai ),Beetroot,Beetroot,Local,07/09/2026,2600,3000,2800
Tamil Nadu,Erode,Thalavadi(Uzhavar Sandhai ),Ridgeguard(Tori),Ridgeguard(Tori),Local,07/09/2026,3000,3600,3300
Tamil Nadu,Erode,Thalavadi(Uzhavar Sandhai ),Guava,Guava Allahabad,Local,07/09/2026,5000,5500,5250
Tamil Nadu,Erode,Thalavadi(Uzhavar Sandhai ),Mint(Pudina),Mint(Pudina),Local,07/09/2026,4400,4800,4600
Tamil Nadu,Cuddalore,Viruthachalam(Uzhavar Sandhai ),Tomato,Deshi,Local,07/09/2026,3000,3000,3000
Tamil Nadu,Cuddalore,Viruthachalam(Uzhavar Sandhai ),Bhindi(Ladies Finger),Bhindi,Local,07/09/2026,2000,2000,2000
Tamil Nadu,Cuddalore,Viruthachalam(Uzhavar Sandhai ),Raddish,Raddish,Local,07/09/2026,3000,3000,3000
Tamil Nadu,Cuddalore,Viruthachalam(Uzhavar Sandhai ),Chow Chow,Chow Chow,Local,07/09/2026,3000,3000,3000
Maharashtra,Satara,APMC Karad ,Ginger(Green),Other,Local,07/09/2026,3600,4100,4100
Maharashtra,Satara,APMC Karad ,Tomato,Other,Local,07/09/2026,500,1000,1000
Assam,Nagaon,Dhing APMC,Onion,Onion,FAQ,07/09/2026,3300,3500,3400
Assam,Nagaon,Dhing APMC,Garlic,Garlic,FAQ,07/09/2026,15000,17000,16000
Tamil Nadu,Krishnagiri,Krishnagiri(Uzhavar Sandhai ),Potato,Red Nanital,Local,07/09/2026,2000,2600,2300
Tamil Nadu,Krishnagiri,Krishnagiri(Uzhavar Sandhai ),Coriander(Leaves),I Sort,Local,07/09/2026,1500,2000,1750
Tamil Nadu,Krishnagiri,Krishnagiri(Uzhavar Sandhai ),Tomato,Deshi,Local,07/09/2026,1500,1800,1650
Tamil Nadu,Krishnagiri,Krishnagiri(Uzhavar Sandhai ),Bitter gourd,Bitter Gourd,Local,07/09/2026,2500,2800,2650
Tamil Nadu,Krishnagiri,Krishnagiri(Uzhavar Sandhai ),Coconut,Coconut,Local,07/09/2026,4000,5000,4500
Tamil Nadu,Krishnagiri,Krishnagiri(Uzhavar Sandhai ),Sweet Potato,Hosur Red,Local,07/09/2026,2500,2800,2650
Tamil Nadu,Krishnagiri,Krishnagiri(Uzhavar Sandhai ),Drumstick,Drumstick,Local,07/09/2026,2500,3000,2750
Tamil Nadu,Krishnagiri,Krishnagiri(Uzhavar Sandhai ),Sweet Corn ,Sweet Corn ,Local,07/09/2026,2500,3000,2750
Maharashtra,Satara,APMC Patan ,Bhindi(Ladies Finger),Other,Local,07/09/2026,1500,2500,2000
Tamil Nadu,Nagapattinam,Nagapattinam(Uzhavar Sandhai ),Tomato,Deshi,Local,07/09/2026,3800,3800,3800
Tamil Nadu,Nagapattinam,Nagapattinam(Uzhavar Sandhai ),Banana - Green,Banana - Green,Local,07/09/2026,3000,3000,3000
Tamil Nadu,Nagapattinam,Nagapattinam(Uzhavar Sandhai ),Onion,Bellary,Local,07/09/2026,3100,3800,3450
Tamil Nadu,Nagapattinam,Nagapattinam(Uzhavar Sandhai ),Coconut,Coconut,Local,07/09/2026,4800,5400,5100
Tamil Nadu,Nagapattinam,Nagapattinam(Uzhavar Sandhai ),Raddish,Raddish,Local,07/09/2026,4100,4100,4100
Tamil Nadu,Nagapattinam,Nagapattinam(Uzhavar Sandhai ),Chow Chow,Chow Chow,Local,07/09/2026,2700,2700,2700
Tamil Nadu,Nagapattinam,Nagapattinam(Uzhavar Sandhai ),Yam(Ratalu),Yam (Ratalu),Local,07/09/2026,6100,6100,6100
Tamil Nadu,Nagapattinam,Nagapattinam(Uzhavar Sandhai ),Onion Green,Onion Green,Local,07/09/2026,6500,7100,6800
Tamil Nadu,Tenkasi,Sankarankoil(Uzhavar Sandhai ),Papaya,Papaya,Local,07/09/2026,3500,3500,3500
Tamil Nadu,Tenkasi,Sankarankoil(Uzhavar Sandhai ),Bottle gourd,Bottle Gourd,Local,07/09/2026,2000,2000,2000
Tamil Nadu,Tenkasi,Sankarankoil(Uzhavar Sandhai ),Beans,Beans (Whole),Local,07/09/2026,12000,12000,12000
Tamil Nadu,Tenkasi,Sankarankoil(Uzhavar Sandhai ),Tapioca,Tapioca,Local,07/09/2026,4000,4000,4000
Tamil Nadu,Tenkasi,Sankarankoil(Uzhavar Sandhai ),Banana,Besrai,Local,07/09/2026,5000,6000,5500
Tamil Nadu,Tenkasi,Sankarankoil(Uzhavar Sandhai ),Coconut,Coconut,Local,07/09/2026,6000,6500,6250
Tamil Nadu,Tenkasi,Tenkasi(Uzhavar Sandhai ),Brinjal,Other,Local,07/09/2026,3500,4000,3750
Tamil Nadu,Tenkasi,Tenkasi(Uzhavar Sandhai ),Bitter gourd,Other,Local,07/09/2026,5000,5000,5000
Tamil Nadu,Tenkasi,Tenkasi(Uzhavar Sandhai ),Bhindi(Ladies Finger),Bhindi,Local,07/09/2026,2000,2500,2250
Tamil Nadu,Tenkasi,Tenkasi(Uzhavar Sandhai ),Tapioca,Tapioca,Local,07/09/2026,4000,4000,4000
Tamil Nadu,Tenkasi,Tenkasi(Uzhavar Sandhai ),Banana,Red Banana,Local,07/09/2026,7000,8000,7500
Tamil Nadu,Tenkasi,Tenkasi(Uzhavar Sandhai ),Cabbage,Cabbage,Local,07/09/2026,3000,3000,3000
Tamil Nadu,Tenkasi,Tenkasi(Uzhavar Sandhai ),Snakeguard,Snakeguard,Local,07/09/2026,2500,2500,2500
Tamil Nadu,Tenkasi,Tenkasi(Uzhavar Sandhai ),Drumstick,Drumstick,Local,07/09/2026,3000,3000,3000
Tamil Nadu,Tenkasi,Tenkasi(Uzhavar Sandhai ),Amla(Nelli Kai),Amla,Local,07/09/2026,6000,6000,6000
Tamil Nadu,Tenkasi,Tenkasi(Uzhavar Sandhai ),Mint(Pudina),Mint(Pudina),Local,07/09/2026,4000,4000,4000
Tamil Nadu,Pudukkottai,Pudukottai(Uzhavar Sandhai ),Brinjal,Round,Local,07/09/2026,6000,7000,6500
Tamil Nadu,Pudukkottai,Pudukottai(Uzhavar Sandhai ),Bottle gourd,Bottle Gourd,Local,07/09/2026,2000,2500,2250
Tamil Nadu,Pudukkottai,Pudukottai(Uzhavar Sandhai ),Ashgourd,Gouard,Local,07/09/2026,1000,1500,1250
Tamil Nadu,Pudukkottai,Pudukottai(Uzhavar Sandhai ),Pumpkin,Pumpkin,Local,07/09/2026,1000,1500,1250
Tamil Nadu,Pudukkottai,Pudukottai(Uzhavar Sandhai ),Amaranthus,Amaranthus,Local,07/09/2026,1500,2000,1750
Tamil Nadu,Pudukkottai,Pudukottai(Uzhavar Sandhai ),Cowpea(Veg),Cowpea (Veg),Local,07/09/2026,1500,2000,1750
Tamil Nadu,Pudukkottai,Pudukottai(Uzhavar Sandhai ),Banana,Red Banana,Local,07/09/2026,8000,9000,8500
Tamil Nadu,Pudukkottai,Pudukottai(Uzhavar Sandhai ),Ginger(Green),Green Ginger,Local,07/09/2026,27000,28000,27500
Tamil Nadu,Pudukkottai,Pudukottai(Uzhavar Sandhai ),Potato,Red Nanital,Local,07/09/2026,5000,6000,5500
Tamil Nadu,Pudukkottai,Pudukottai(Uzhavar Sandhai ),Cabbage,Cabbage,Local,07/09/2026,3000,3500,3250
Tamil Nadu,Pudukkottai,Pudukottai(Uzhavar Sandhai ),Raddish,Raddish,Local,07/09/2026,3000,4000,3500
Tamil Nadu,Pudukkottai,Pudukottai(Uzhavar Sandhai ),Pomegranate,Pomogranate,Local,07/09/2026,24000,25000,24500
Tamil Nadu,Pudukkottai,Pudukottai(Uzhavar Sandhai ),Tamarind Fruit,Tamarind Fruit,Local,07/09/2026,6000,7000,6500
Tamil Nadu,Pudukkottai,Pudukottai(Uzhavar Sandhai ),Onion Green,Onion Green,Local,07/09/2026,8000,9000,8500
Tamil Nadu,Thanjavur,Kumbakonam (Uzhavar Sandhai ),Potato,Red Nanital,Local,07/09/2026,3000,3600,3300
Tamil Nadu,Thanjavur,Kumbakonam (Uzhavar Sandhai ),Cluster beans,Cluster Beans,Local,07/09/2026,4800,4800,4800
Tamil Nadu,Thanjavur,Kumbakonam (Uzhavar Sandhai ),Bitter gourd,Bitter Gourd,Local,07/09/2026,3600,7200,5400
Tamil Nadu,Thanjavur,Kumbakonam (Uzhavar Sandhai ),Bottle gourd,Bottle Gourd,Local,07/09/2026,2400,2400,2400
Tamil Nadu,Thanjavur,Kumbakonam (Uzhavar Sandhai ),Banana,Besrai,Local,07/09/2026,4000,4000,4000
Tamil Nadu,Thanjavur,Kumbakonam (Uzhavar Sandhai ),Cabbage,Cabbage,Local,07/09/2026,3600,3600,3600
Tamil Nadu,Thanjavur,Kumbakonam (Uzhavar Sandhai ),Capsicum,Capsicum,Local,07/09/2026,8400,8400,8400
Tamil Nadu,Thanjavur,Kumbakonam (Uzhavar Sandhai ),Green Avare(W),Green Avare (W),Local,07/09/2026,6000,8400,7200
Tamil Nadu,Thanjavur,Kumbakonam (Uzhavar Sandhai ),Lime,Lime,Local,07/09/2026,4000,4000,4000
Tamil Nadu,Thanjavur,Kumbakonam (Uzhavar Sandhai ),Jack Fruit(Ripe),Jack Fruit,Local,07/09/2026,3000,3000,3000
Tamil Nadu,Thanjavur,Kumbakonam (Uzhavar Sandhai ),Elephant Yam(Suran)/Amorphophallus,Elephant Yam (Suran),Local,07/09/2026,4800,4800,4800
Tamil Nadu,Thanjavur,Kumbakonam (Uzhavar Sandhai ),Lemon,Lemon,Local,07/09/2026,15000,20000,17500
Tamil Nadu,Thanjavur,Kumbakonam (Uzhavar Sandhai ),Amla(Nelli Kai),Amla,Local,07/09/2026,8000,8000,8000
Tamil Nadu,The Nilgiris,Udhagamandalam(Uzhavar Sandhai ),Cowpea(Veg),Cowpea (Veg),Local,07/09/2026,3500,4000,3750
Tamil Nadu,The Nilgiris,Udhagamandalam(Uzhavar Sandhai ),Pineapple,Pine Apple,Local,07/09/2026,8000,9000,8500
Tamil Nadu,The Nilgiris,Udhagamandalam(Uzhavar Sandhai ),Grapes,Annabesahai,Local,07/09/2026,8000,10000,9000
Tamil Nadu,The Nilgiris,Udhagamandalam(Uzhavar Sandhai ),Carrot,Pusakesar,Local,07/09/2026,3000,3500,3250
Tamil Nadu,The Nilgiris,Udhagamandalam(Uzhavar Sandhai ),Cucumbar(Kheera),Cucumbar,Local,07/09/2026,3000,3500,3250
Tamil Nadu,The Nilgiris,Udhagamandalam(Uzhavar Sandhai ),Raddish,Raddish,Local,07/09/2026,2500,3000,2750
Tamil Nadu,The Nilgiris,Udhagamandalam(Uzhavar Sandhai ),Capsicum,Capsicum,Local,07/09/2026,5500,6000,5750
Tamil Nadu,The Nilgiris,Udhagamandalam(Uzhavar Sandhai ),Knool Khol,Knool Khol,Local,07/09/2026,4000,4500,4250
Tamil Nadu,The Nilgiris,Udhagamandalam(Uzhavar Sandhai ),Lemon,Lemon,Local,07/09/2026,18000,20000,19000
Tamil Nadu,Theni,Andipatti(Uzhavar Sandhai ),Papaya,Papaya,Local,07/09/2026,3000,3500,3250
Tamil Nadu,Theni,Andipatti(Uzhavar Sandhai ),Bitter gourd,Other,Local,07/09/2026,3400,3600,3500
Tamil Nadu,Theni,Andipatti(Uzhavar Sandhai ),Bhindi(Ladies Finger),Bhindi,Local,07/09/2026,3600,3800,3700
Tamil Nadu,Theni,Andipatti(Uzhavar Sandhai ),Ginger(Green),Green Ginger,Local,07/09/2026,9000,14500,11750
Tamil Nadu,Theni,Andipatti(Uzhavar Sandhai ),Green Avare(W),Other,Local,07/09/2026,7600,7800,7700
Tamil Nadu,Theni,Andipatti(Uzhavar Sandhai ),Lime,Lime,Local,07/09/2026,11500,12000,11750
Tamil Nadu,Theni,Andipatti(Uzhavar Sandhai ),Indian Beans(Seam),Indian Beans (Seam),Local,07/09/2026,5000,5400,5200
Gujarat,Navsari,Bilimora APMC,Bottle gourd,Other,FAQ,07/09/2026,1500,2000,1800
Gujarat,Navsari,Bilimora APMC,Green Chilli,Other,FAQ,07/09/2026,2000,2500,2200
Gujarat,Navsari,Bilimora APMC,Brinjal,Other,FAQ,07/09/2026,500,1000,800
Gujarat,Navsari,Bilimora APMC,Tomato,Other,FAQ,07/09/2026,2000,3000,2500
Tamil Nadu,Theni,Bodinayakanur(Uzhavar Sandhai ),Tomato,Deshi,Local,07/09/2026,2800,2800,2800
Tamil Nadu,Theni,Bodinayakanur(Uzhavar Sandhai ),Bitter gourd,Bitter Gourd,Local,07/09/2026,3600,3600,3600
Tamil Nadu,Theni,Bodinayakanur(Uzhavar Sandhai ),Amaranthus,Amaranthus,Local,07/09/2026,2500,2500,2500
Tamil Nadu,Theni,Bodinayakanur(Uzhavar Sandhai ),Green Chilli,Green Chilly,Local,07/09/2026,4200,4200,4200
Tamil Nadu,Theni,Bodinayakanur(Uzhavar Sandhai ),Thondekai,Thondekai,Local,07/09/2026,3600,3600,3600
Tamil Nadu,Theni,Bodinayakanur(Uzhavar Sandhai ),Drumstick,Drumstick,Local,07/09/2026,3000,3000,3000
Haryana,Mewat,Tauru APMC,Cucumbar(Kheera),Cucumbar,Medium,07/09/2026,2000,2000,2000
West Bengal,Bankura,Bishnupur(Bankura) APMC,Mustard,Mustard,FAQ,07/09/2026,6000,6700,6400
Tamil Nadu,Thiruvarur,Needamangalam(Uzhavar Sandhai ),Tomato,Deshi,Local,07/09/2026,2400,2400,2400
Tamil Nadu,Thiruvarur,Needamangalam(Uzhavar Sandhai ),Pumpkin,Pumpkin,Local,07/09/2026,2800,2800,2800
Tamil Nadu,Thiruvarur,Needamangalam(Uzhavar Sandhai ),Banana - Green,Banana - Green,Local,07/09/2026,4000,4000,4000
Tamil Nadu,Thiruvarur,Needamangalam(Uzhavar Sandhai ),Onion,Bellary,Local,07/09/2026,5400,5400,5400
Tamil Nadu,Thiruvarur,Needamangalam(Uzhavar Sandhai ),Coconut,Coconut,Local,07/09/2026,4000,4000,4000
Tamil Nadu,Thiruvarur,Needamangalam(Uzhavar Sandhai ),Raddish,Raddish,Local,07/09/2026,2600,2600,2600
Tamil Nadu,Thiruvarur,Tiruvarur(Uzhavar Sandhai ),Bitter gourd,Bitter Gourd,Local,07/09/2026,6000,6000,6000
Tamil Nadu,Thiruvarur,Tiruvarur(Uzhavar Sandhai ),Pumpkin,Pumpkin,Local,07/09/2026,2800,2800,2800
Tamil Nadu,Thiruvarur,Tiruvarur(Uzhavar Sandhai ),Amaranthus,Amaranthus,Local,07/09/2026,1500,2000,1750
Tamil Nadu,Thiruvarur,Tiruvarur(Uzhavar Sandhai ),Snakeguard,Snakeguard,Local,07/09/2026,3000,3000,3000
Tamil Nadu,Thiruvarur,Tiruvarur(Uzhavar Sandhai ),Mint(Pudina),Mint(Pudina),Local,07/09/2026,5000,5000,5000
West Bengal,Medinipur(E),Tamluk (Medinipur E) APMC,Onion,Onion,FAQ,07/09/2026,3400,3800,3600
West Bengal,Medinipur(E),Tamluk (Medinipur E) APMC,Rice,Fine,FAQ,07/09/2026,4200,4400,4300
West Bengal,Medinipur(E),Tamluk (Medinipur E) APMC,Bitter gourd,Bitter Gourd,FAQ,07/09/2026,3400,3800,3600
West Bengal,Medinipur(E),Tamluk (Medinipur E) APMC,Potato,Jyoti,FAQ,07/09/2026,780,820,800
Bihar,East Champaran/ Motihari,Madhuban APMC,Bitter gourd,Bitter Gourd,Local,07/09/2026,1500,1700,1600
Bihar,East Champaran/ Motihari,Raxaul APMC,Bhindi(Ladies Finger),Bhindi,Grade A,07/09/2026,900,1050,1000
Bihar,East Champaran/ Motihari,Raxaul APMC,Bitter gourd,Bitter Gourd,Grade A,07/09/2026,1100,1300,1200
West Bengal,Coochbehar,Dinhata APMC,Potato,Jyoti,FAQ,07/09/2026,550,570,560
Assam,Nagaon,Doomdumia APMC,Pumpkin,Pumpkin,FAQ,07/09/2026,1700,2000,1800
West Bengal,Murshidabad,Kasimbazar APMC,Wheat,Sonalika,FAQ,07/09/2026,2700,2800,2750
West Bengal,Murshidabad,Lalbagh APMC,Green Chilli,Green Chilly,FAQ,07/09/2026,3400,3600,3500
West Bengal,Murshidabad,Lalbagh APMC,Rice,Other,FAQ,07/09/2026,3500,3700,3600
West Bengal,Birbhum,Sainthia APMC,Brinjal,Brinjal,FAQ,07/09/2026,5800,6000,5900
West Bengal,Medinipur(E),Kolaghat APMC,Tube Rose(Loose),Tube Rose (Loose),FAQ,07/09/2026,5500,6500,6000
Tamil Nadu,Virudhunagar,Aruppukottai(Uzhavar Sandhai ),Garlic,Garlic,Local,07/09/2026,22000,24000,23000
Tamil Nadu,Virudhunagar,Aruppukottai(Uzhavar Sandhai ),Tomato,Deshi,Local,07/09/2026,2500,3000,2750
Tamil Nadu,Virudhunagar,Aruppukottai(Uzhavar Sandhai ),Cluster beans,Cluster Beans,Local,07/09/2026,3000,4000,3500
Tamil Nadu,Virudhunagar,Aruppukottai(Uzhavar Sandhai ),Ashgourd,Gouard,Local,07/09/2026,2000,2500,2250
Tamil Nadu,Virudhunagar,Aruppukottai(Uzhavar Sandhai ),Bhindi(Ladies Finger),Bhindi,Local,07/09/2026,4000,5000,4500
Tamil Nadu,Virudhunagar,Aruppukottai(Uzhavar Sandhai ),Amaranthus,Amaranthus,Local,07/09/2026,3000,3500,3250
Tamil Nadu,Virudhunagar,Aruppukottai(Uzhavar Sandhai ),Beans,Beans (Whole),Local,07/09/2026,8000,10000,9000
Tamil Nadu,Virudhunagar,Aruppukottai(Uzhavar Sandhai ),Ridgeguard(Tori),Ridgeguard(Tori),Local,07/09/2026,5000,6000,5500
Tamil Nadu,Virudhunagar,Aruppukottai(Uzhavar Sandhai ),Colacasia,Colacasia,Local,07/09/2026,6000,7000,6500
Tamil Nadu,Villupuram,Gingee(Uzhavar Sandhai ),Thondekai,Thondekai,Local,07/09/2026,3500,3500,3500
Tamil Nadu,Villupuram,Gingee(Uzhavar Sandhai ),Tender Coconut,Tender Coconut,Local,07/09/2026,3500,4000,3750
Tamil Nadu,Villupuram,Gingee(Uzhavar Sandhai ),Colacasia,Colacasia,Local,07/09/2026,6000,6000,6000
Tamil Nadu,Villupuram,Gingee(Uzhavar Sandhai ),Onion Green,Onion Green,Local,07/09/2026,7500,7500,7500
Uttar Pradesh,Unnao,Bangarmau APMC,Wood,Eucalyptus,FAQ,07/09/2026,530,530,530
Uttar Pradesh,Barabanki,Barabanki APMC,Wheat,Dara,FAQ,07/09/2026,2450,2600,2526.24
Uttar Pradesh,Barabanki,Barabanki APMC,Mentha Oil,Other,FAQ,07/09/2026,130000,130000,130000
Uttar Pradesh,Basti,Basti APMC,Wheat,Dara,FAQ,07/09/2026,2550,2550,2550
Tamil Nadu,Thiruvarur,Valangaiman APMC,Cluster beans,Cluster Beans,Local,07/09/2026,4000,4000,4000
Tamil Nadu,Thiruvarur,Valangaiman APMC,Ashgourd,Gouard,Local,07/09/2026,2400,2400,2400
Tamil Nadu,Thiruvarur,Valangaiman APMC,Onion Green,Onion Green,Local,07/09/2026,8000,8000,8000
Uttar Pradesh,Saharanpur,CHHUTMALPUR APMC,Ridgeguard(Tori),Ridgeguard(Tori),Local,07/09/2026,1300,1600,1400
Uttar Pradesh,Saharanpur,CHHUTMALPUR APMC,Ginger(Green),Other,FAQ,07/09/2026,3100,3400,3200
Uttar Pradesh,Saharanpur,CHHUTMALPUR APMC,Tomato,Other,FAQ,07/09/2026,2300,2450,2385.25
Uttar Pradesh,Saharanpur,CHHUTMALPUR APMC,Bottle gourd,Bottle Gourd,Local,07/09/2026,650,850,750
Uttar Pradesh,Saharanpur,CHHUTMALPUR APMC,Cabbage,Cabbage,Local,07/09/2026,1000,1200,1100
Tamil Nadu,Thiruvellore,Tiruthani(Uzhavar Sandhai ),Potato,Red Nanital,Local,07/09/2026,4000,4000,4000
Tamil Nadu,Thiruvellore,Tiruthani(Uzhavar Sandhai ),Garlic,Garlic,Local,07/09/2026,24000,24000,24000
Tamil Nadu,Thiruvellore,Tiruthani(Uzhavar Sandhai ),Beans,Beans (Whole),Local,07/09/2026,9000,9000,9000
Tamil Nadu,Thiruvellore,Tiruthani(Uzhavar Sandhai ),Carrot,Pusakesar,Local,07/09/2026,6000,6000,6000
Tamil Nadu,Thiruvellore,Tiruthani(Uzhavar Sandhai ),Chow Chow,Chow Chow,Local,07/09/2026,4000,4000,4000
Tamil Nadu,Virudhunagar,Kariyapatti(Uzhavar Sandhai ),Cauliflower,Ranchi,Local,07/09/2026,3500,4000,3750
Tamil Nadu,Virudhunagar,Kariyapatti(Uzhavar Sandhai ),Pumpkin,Pumpkin,Local,07/09/2026,2500,3000,2750
Tamil Nadu,Virudhunagar,Kariyapatti(Uzhavar Sandhai ),Bhindi(Ladies Finger),Bhindi,Local,07/09/2026,4500,5000,4750
Tamil Nadu,Virudhunagar,Kariyapatti(Uzhavar Sandhai ),Green Chilli,Green Chilly,Local,07/09/2026,4500,5000,4750
Tamil Nadu,Virudhunagar,Kariyapatti(Uzhavar Sandhai ),Banana - Green,Banana - Green,Local,07/09/2026,3000,3500,3250
Tamil Nadu,Virudhunagar,Kariyapatti(Uzhavar Sandhai ),Beans,Beans (Whole),Local,07/09/2026,8500,9000,8750
Tamil Nadu,Virudhunagar,Kariyapatti(Uzhavar Sandhai ),Onion,Bellary,Local,07/09/2026,5500,6000,5750
Tamil Nadu,Virudhunagar,Kariyapatti(Uzhavar Sandhai ),Ginger(Green),Green Ginger,Local,07/09/2026,17000,18000,17500
Tamil Nadu,Virudhunagar,Kariyapatti(Uzhavar Sandhai ),Coconut,Coconut,Local,07/09/2026,5500,6000,5750
Uttar Pradesh,Kannuj,Chhibramau APMC,Potato,Other,FAQ,07/09/2026,550,550,550
Tamil Nadu,Thiruvellore,Tiruvallur(Uzhavar Sandhai ),Banana - Green,Banana - Green,Local,07/09/2026,4000,4000,4000
Madhya Pradesh,Shivpuri,Karera(F&V) APMC,Brinjal,Brinjal,Local,07/09/2026,600,900,800
Madhya Pradesh,Shivpuri,Karera(F&V) APMC,Green Chilli,Green Chilly,Local,07/09/2026,2900,3900,3500
Madhya Pradesh,Dhar,Kukshi(F&V) APMC,Cabbage,Cabbage,Grade A,07/09/2026,400,600,500
Madhya Pradesh,Dhar,Kukshi(F&V) APMC,Bottle gourd,Bottle Gourd,Grade A,07/09/2026,300,500,400
Madhya Pradesh,Dhar,Kukshi(F&V) APMC,Spinach,Spinach,Grade A,07/09/2026,400,600,500
Madhya Pradesh,Dhar,Kukshi(F&V) APMC,Onion,Onion,Grade A,07/09/2026,1800,3200,2500
Madhya Pradesh,Dhar,Kukshi(F&V) APMC,Ginger(Green),Green Ginger,Grade A,07/09/2026,6000,9000,7500
Tamil Nadu,Vellore,Katpadi (Uzhavar Sandhai ),Cauliflower,Ranchi,Local,07/09/2026,2500,3000,2750
Tamil Nadu,Vellore,Katpadi (Uzhavar Sandhai ),Bitter gourd,Bitter Gourd,Local,07/09/2026,3500,4500,4000
Tamil Nadu,Vellore,Katpadi (Uzhavar Sandhai ),Bottle gourd,Bottle Gourd,Local,07/09/2026,2000,2500,2250
Tamil Nadu,Vellore,Katpadi (Uzhavar Sandhai ),Ashgourd,Gouard,Local,07/09/2026,2500,2500,2500
Tamil Nadu,Vellore,Katpadi (Uzhavar Sandhai ),Pumpkin,Pumpkin,Local,07/09/2026,2500,2500,2500
Tamil Nadu,Vellore,Katpadi (Uzhavar Sandhai ),Amaranthus,Amaranthus,Local,07/09/2026,3500,3500,3500
Tamil Nadu,Vellore,Katpadi (Uzhavar Sandhai ),Cowpea(Veg),Cowpea (Veg),Local,07/09/2026,5000,5000,5000
Tamil Nadu,Vellore,Katpadi (Uzhavar Sandhai ),Beans,Beans (Whole),Local,07/09/2026,7000,7000,7000
Tamil Nadu,Vellore,Katpadi (Uzhavar Sandhai ),Carrot,Pusakesar,Local,07/09/2026,5000,5000,5000
Tamil Nadu,Vellore,Katpadi (Uzhavar Sandhai ),Ridgeguard(Tori),Ridgeguard(Tori),Local,07/09/2026,4000,4500,4250
Tamil Nadu,Vellore,Katpadi (Uzhavar Sandhai ),Drumstick,Drumstick,Local,07/09/2026,3000,3000,3000
Tamil Nadu,Vellore,Katpadi (Uzhavar Sandhai ),Colacasia,Colacasia,Local,07/09/2026,4000,4000,4000
Keralam,Malappuram,Kodakkad  VFPCK Market,Banana,Nendra Bale,Local,07/09/2026,4700,4900,4800
Tamil Nadu,Madurai,Thirumangalam(Uzhavar Sandhai ),Bottle gourd,Bottle Gourd,Local,07/09/2026,1600,2400,2000
Tamil Nadu,Madurai,Thirumangalam(Uzhavar Sandhai ),Banana,Besrai,Local,07/09/2026,3000,4000,3500
Tamil Nadu,Madurai,Thirumangalam(Uzhavar Sandhai ),Snakeguard,Snakeguard,Local,07/09/2026,3000,3600,3300
Tamil Nadu,Madurai,Melur(Uzhavar Sandhai ),Papaya,Papaya,Local,07/09/2026,4000,4500,4250
Tamil Nadu,Madurai,Melur(Uzhavar Sandhai ),Tomato,Local,Local,07/09/2026,2000,2800,2400
Tamil Nadu,Madurai,Melur(Uzhavar Sandhai ),Cluster beans,Cluster Beans,Local,07/09/2026,3000,3200,3100
Tamil Nadu,Madurai,Melur(Uzhavar Sandhai ),Bitter gourd,Other,Local,07/09/2026,5000,5500,5250
Tamil Nadu,Madurai,Melur(Uzhavar Sandhai ),Cowpea(Veg),Cowpea (Veg),Local,07/09/2026,3600,4000,3800
Tamil Nadu,Madurai,Melur(Uzhavar Sandhai ),Groundnut,Big (With Shell),Local,07/09/2026,7000,8000,7500
Tamil Nadu,Madurai,Melur(Uzhavar Sandhai ),Banana,Besrai,Local,07/09/2026,3000,4000,3500
Tamil Nadu,Madurai,Melur(Uzhavar Sandhai ),Cucumbar(Kheera),Cucumbar,Local,07/09/2026,4000,5000,4500
Tamil Nadu,Madurai,Melur(Uzhavar Sandhai ),Lemon,Lemon,Local,07/09/2026,22000,24000,23000
Madhya Pradesh,Tikamgarh,Khargapur APMC,Wheat,Mill Quality,FAQ,07/09/2026,2509,2621,2600
Tamil Nadu,Salem,Vazhapadi(Uzhavar Sandhai),Bitter gourd,Bitter Gourd,Local,07/09/2026,5000,5500,5250
Tamil Nadu,Salem,Vazhapadi(Uzhavar Sandhai),Bhindi(Ladies Finger),Bhindi,Local,07/09/2026,2000,2500,2250
Tamil Nadu,Salem,Vazhapadi(Uzhavar Sandhai),Ginger(Green),Green Ginger,Local,07/09/2026,15000,17000,16000
Tamil Nadu,Salem,Vazhapadi(Uzhavar Sandhai),Carrot,Pusakesar,Local,07/09/2026,6000,6500,6250
Tamil Nadu,Salem,Vazhapadi(Uzhavar Sandhai),Ridgeguard(Tori),Ridgeguard(Tori),Local,07/09/2026,4000,4500,4250
Tamil Nadu,Karur,Gandhigramam(Uzhavar Sandhai),Papaya,Papaya,Local,07/09/2026,4000,4500,4250
Tamil Nadu,Karur,Gandhigramam(Uzhavar Sandhai),Cluster beans,Cluster Beans,Local,07/09/2026,3000,3500,3250
Tamil Nadu,Karur,Gandhigramam(Uzhavar Sandhai),Banana - Green,Banana - Green,Local,07/09/2026,2000,3000,2500
Tamil Nadu,Karur,Gandhigramam(Uzhavar Sandhai),Green Avare(W),Other,Local,07/09/2026,7000,8000,7500
Tamil Nadu,Karur,Gandhigramam(Uzhavar Sandhai),Sweet Potato,Hosur Red,Local,07/09/2026,3500,4000,3750
Tamil Nadu,Karur,Gandhigramam(Uzhavar Sandhai),Raddish,Raddish,Local,07/09/2026,2500,3000,2750
Tamil Nadu,Karur,Gandhigramam(Uzhavar Sandhai),Amla(Nelli Kai),Amla,Local,07/09/2026,8500,9500,9000
Karnataka,Bengaluru South,Ramanagara APMC,Snakeguard,Snakeguard,Local,07/09/2026,2000,3000,2400
Karnataka,Bengaluru South,Ramanagara APMC,Green Avare(W),Green Avare (W),Local,07/09/2026,3200,4000,3500
Karnataka,Bengaluru South,Ramanagara APMC,Bitter gourd,Bitter Gourd,Local,07/09/2026,3000,3800,3500
Tamil Nadu,Pudukkottai,Aranthangi(Uzhavar Sandhai ),Cluster beans,Cluster Beans,Local,07/09/2026,3500,4000,3750
Tamil Nadu,Pudukkottai,Aranthangi(Uzhavar Sandhai ),Banana - Green,Banana - Green,Local,07/09/2026,2500,3000,2750
Tamil Nadu,Pudukkottai,Aranthangi(Uzhavar Sandhai ),Tapioca,Tapioca,Local,07/09/2026,2500,3000,2750
Tamil Nadu,Pudukkottai,Aranthangi(Uzhavar Sandhai ),Banana,Karpura,Local,07/09/2026,4500,5000,4750
Tamil Nadu,Pudukkottai,Aranthangi(Uzhavar Sandhai ),Raddish,Raddish,Local,07/09/2026,3500,4000,3750
Tamil Nadu,Pudukkottai,Aranthangi(Uzhavar Sandhai ),Lemon,Lemon,Local,07/09/2026,13000,14000,13500
Keralam,Thirssur,Muriyad  VFPCK Market,Banana,Nendra Bale,Grade A,07/09/2026,4500,5800,5600
Keralam,Thirssur,Chelakkara VFPCK Market,Cowpea(Veg),Other,Grade A,07/09/2026,3500,4500,4500
Madhya Pradesh,Harda,Sirali(F&V) APMC,Pumpkin,Pumpkin,Grade A,07/09/2026,600,600,600
Tamil Nadu,Nagapattinam,Vedaranyam(Uzhavar Sandhai),Coriander(Leaves),I Sort,Local,07/09/2026,3500,4000,3750
Tamil Nadu,Nagapattinam,Vedaranyam(Uzhavar Sandhai),Tomato,Deshi,Local,07/09/2026,3600,3600,3600
Tamil Nadu,Nagapattinam,Vedaranyam(Uzhavar Sandhai),Bottle gourd,Bottle Gourd,Local,07/09/2026,3000,3000,3000
Tamil Nadu,Nagapattinam,Vedaranyam(Uzhavar Sandhai),Green Chilli,Green Chilly,Local,07/09/2026,5000,5500,5250
Tamil Nadu,Nagapattinam,Vedaranyam(Uzhavar Sandhai),Beetroot,Beetroot,Local,07/09/2026,4000,4500,4250
Tamil Nadu,Nagapattinam,Vedaranyam(Uzhavar Sandhai),Green Avare(W),Green Avare (W),Local,07/09/2026,4000,6500,5250
Tamil Nadu,Nagapattinam,Vedaranyam(Uzhavar Sandhai),Drumstick,Drumstick,Local,07/09/2026,3500,4000,3750
Tamil Nadu,Nagapattinam,Vedaranyam(Uzhavar Sandhai),Mango(Raw-Ripe),Mango - Raw-Ripe,Local,07/09/2026,4000,4000,4000
Tamil Nadu,Nagapattinam,Vedaranyam(Uzhavar Sandhai),Lemon,Lemon,Local,07/09/2026,8000,9000,8500
Tamil Nadu,Nagapattinam,Vedaranyam(Uzhavar Sandhai),Onion Green,Onion Green,Local,07/09/2026,4000,6800,5400
Tamil Nadu,Vellore,Perampet(Uzhavar Sandhai),Bitter gourd,Bitter Gourd,Local,07/09/2026,3000,3600,3300
Tamil Nadu,Vellore,Perampet(Uzhavar Sandhai),Bottle gourd,Bottle Gourd,Local,07/09/2026,2000,2400,2200
Tamil Nadu,Vellore,Perampet(Uzhavar Sandhai),Beetroot,Beetroot,Local,07/09/2026,4000,4600,4300
Tamil Nadu,Vellore,Perampet(Uzhavar Sandhai),Cucumbar(Kheera),Cucumbar,Local,07/09/2026,3000,3000,3000
Tamil Nadu,Vellore,Perampet(Uzhavar Sandhai),Indian Beans(Seam),Indian Beans (Seam),Local,07/09/2026,5000,5600,5300
Tamil Nadu,Vellore,Perampet(Uzhavar Sandhai),Lemon,Lemon,Local,07/09/2026,11000,11000,11000
Tamil Nadu,Vellore,Perampet(Uzhavar Sandhai),Mint(Pudina),Mint(Pudina),Local,07/09/2026,4000,4000,4000
Andhra Pradesh,Palnadu,Durgi APMC,Maize,Hybrid/Local,FAQ,07/09/2026,2000,2500,2300
Uttarakhand,Chamoli (Gopeshwar),Chamoli APMC,Bottle gourd,Other,FAQ,07/09/2026,1800,1800,1800
Uttarakhand,Chamoli (Gopeshwar),Chamoli APMC,Potato,Other,FAQ,07/09/2026,2000,2000,2000
Maharashtra,Pune,Pune(Pimpri) ,Cucumbar(Kheera),Other,Local,07/09/2026,2000,2200,2100
Maharashtra,Pune,Pune(Pimpri) ,Coriander(Leaves),Other,Local,07/09/2026,3,8,6
Tamil Nadu,Karur,Kulithalai(Uzhavar Sandhai ),Brinjal,Other,Local,07/09/2026,2500,3200,2850
Tamil Nadu,Karur,Kulithalai(Uzhavar Sandhai ),Coriander(Leaves),I Sort,Local,07/09/2026,2000,3000,2500
Tamil Nadu,Karur,Kulithalai(Uzhavar Sandhai ),Cluster beans,Cluster Beans,Local,07/09/2026,3000,3600,3300
Tamil Nadu,Karur,Kulithalai(Uzhavar Sandhai ),Pumpkin,Pumpkin,Local,07/09/2026,2200,3000,2600
Tamil Nadu,Karur,Kulithalai(Uzhavar Sandhai ),Bhindi(Ladies Finger),Bhindi,Local,07/09/2026,3000,3600,3300
Tamil Nadu,Karur,Kulithalai(Uzhavar Sandhai ),Banana - Green,Banana - Green,Local,07/09/2026,2500,3000,2750
Tamil Nadu,Karur,Kulithalai(Uzhavar Sandhai ),Carrot,Pusakesar,Local,07/09/2026,5500,7000,6250
Tamil Nadu,Karur,Kulithalai(Uzhavar Sandhai ),Cucumbar(Kheera),Cucumbar,Local,07/09/2026,4500,5000,4750
Tamil Nadu,Karur,Kulithalai(Uzhavar Sandhai ),Mango(Raw-Ripe),Mango - Raw-Ripe,Local,07/09/2026,7000,9000,8000
Tamil Nadu,Karur,Kulithalai(Uzhavar Sandhai ),Sweet Corn ,Sweet Corn ,Local,07/09/2026,3000,4000,3500
Tamil Nadu,Chengalpattu,Guduvancheri(Uzhavar Sandhai ),Brinjal,Round,Local,07/09/2026,3500,4000,3750
Tamil Nadu,Chengalpattu,Guduvancheri(Uzhavar Sandhai ),Mousambi(Sweet Lime),Mousambi,Local,07/09/2026,6000,7000,6500
Tamil Nadu,Chengalpattu,Guduvancheri(Uzhavar Sandhai ),Tomato,Other,Local,07/09/2026,3000,3500,3250
Tamil Nadu,Chengalpattu,Guduvancheri(Uzhavar Sandhai ),Cluster beans,Cluster Beans,Local,07/09/2026,5000,6000,5500
Tamil Nadu,Chengalpattu,Guduvancheri(Uzhavar Sandhai ),Green Chilli,Green Chilly,Local,07/09/2026,4000,5000,4500
Tamil Nadu,Chengalpattu,Guduvancheri(Uzhavar Sandhai ),Snakeguard,Snakeguard,Local,07/09/2026,3500,4000,3750
Tamil Nadu,Chengalpattu,Guduvancheri(Uzhavar Sandhai ),Cucumbar(Kheera),Cucumbar,Local,07/09/2026,4000,5000,4500
Tamil Nadu,Chengalpattu,Guduvancheri(Uzhavar Sandhai ),Thondekai,Thondekai,Local,07/09/2026,5000,6000,5500
Tamil Nadu,Chengalpattu,Guduvancheri(Uzhavar Sandhai ),Tender Coconut,Tender Coconut,Local,07/09/2026,2500,3000,2750
Tamil Nadu,Chengalpattu,Guduvancheri(Uzhavar Sandhai ),Rose(Local),Rose (Local),Local,07/09/2026,7000,8000,7500
Tamil Nadu,Chengalpattu,Guduvancheri(Uzhavar Sandhai ),Sweet Corn ,Sweet Corn ,Local,07/09/2026,4000,5000,4500
Tamil Nadu,Thirupathur,Vaniyampadi(Uzhavar Sandhai ),Potato,Red Nanital,Local,07/09/2026,3000,3000,3000
Tamil Nadu,Thirupathur,Vaniyampadi(Uzhavar Sandhai ),Bitter gourd,Bitter Gourd,Local,07/09/2026,5000,5000,5000
Tamil Nadu,Thirupathur,Vaniyampadi(Uzhavar Sandhai ),Pumpkin,Pumpkin,Local,07/09/2026,3000,3000,3000
Tamil Nadu,Thirupathur,Vaniyampadi(Uzhavar Sandhai ),Green Chilli,Green Chilly,Local,07/09/2026,6000,6000,6000
Tamil Nadu,Thirupathur,Vaniyampadi(Uzhavar Sandhai ),Ginger(Green),Green Ginger,Local,07/09/2026,20000,20000,20000
Tamil Nadu,Thirupathur,Vaniyampadi(Uzhavar Sandhai ),Cabbage,Cabbage,Local,07/09/2026,4000,4000,4000
Tamil Nadu,Thirupathur,Vaniyampadi(Uzhavar Sandhai ),Ridgeguard(Tori),Ridgeguard(Tori),Local,07/09/2026,3000,3000,3000
Tamil Nadu,Thirupathur,Vaniyampadi(Uzhavar Sandhai ),Fig(Anjura/Anjeer),Anjura,Local,07/09/2026,8000,8000,8000
Tamil Nadu,Thirupathur,Vaniyampadi(Uzhavar Sandhai ),Sweet Corn ,Sweet Corn ,Local,07/09/2026,4000,4000,4000
Tamil Nadu,Thirupur,Dharapuram(Uzhavar Sandhai ),Cauliflower,Ranchi,Local,07/09/2026,3000,3500,3250
Tamil Nadu,Thirupur,Dharapuram(Uzhavar Sandhai ),Coriander(Leaves),I Sort,Local,07/09/2026,3500,4000,3750
Tamil Nadu,Thirupur,Dharapuram(Uzhavar Sandhai ),Banana - Green,Banana - Green,Local,07/09/2026,2500,3000,2750
Tamil Nadu,Thirupur,Dharapuram(Uzhavar Sandhai ),Beans,Beans (Whole),Local,07/09/2026,7000,8000,7500
Tamil Nadu,Thirupur,Dharapuram(Uzhavar Sandhai ),Banana,Besrai,Local,07/09/2026,4000,5000,4500
Tamil Nadu,Thirupur,Dharapuram(Uzhavar Sandhai ),Chow Chow,Chow Chow,Local,07/09/2026,3000,3500,3250
Tamil Nadu,Thirupur,Dharapuram(Uzhavar Sandhai ),Coconut,Coconut,Local,07/09/2026,6000,6500,6250
Tamil Nadu,Thirupur,Dharapuram(Uzhavar Sandhai ),Carrot,Pusakesar,Local,07/09/2026,6000,6500,6250
Tamil Nadu,Thirupur,Dharapuram(Uzhavar Sandhai ),Ridgeguard(Tori),Ridgeguard(Tori),Local,07/09/2026,5000,6000,5500
Tamil Nadu,Thirupur,Palladam(Uzhavar Sandhai ),Coriander(Leaves),I Sort,Local,07/09/2026,3500,4000,3750
Tamil Nadu,Thirupur,Palladam(Uzhavar Sandhai ),Bottle gourd,Bottle Gourd,Local,07/09/2026,1500,2000,1750
Tamil Nadu,Thirupur,Palladam(Uzhavar Sandhai ),Ginger(Green),Green Ginger,Local,07/09/2026,15000,16000,15500
Tamil Nadu,Thirupur,Palladam(Uzhavar Sandhai ),Carrot,Pusakesar,Local,07/09/2026,5500,6000,5750
Telangana,Ranga Reddy,"Saroornagar,RBZ",Brinjal,Other,Medium,07/09/2026,2800,2800,2800
Telangana,Ranga Reddy,"Saroornagar,RBZ",Cluster beans,Cluster Beans,Medium,07/09/2026,2800,2800,2800
Telangana,Ranga Reddy,"Saroornagar,RBZ",Snakeguard,Snakeguard,Medium,07/09/2026,2300,2300,2300
Telangana,Ranga Reddy,"Saroornagar,RBZ",Tomato,Other,Medium,07/09/2026,1500,1500,1500
Uttar Pradesh,Ghaziabad,Hapur APMC,Firewood,Firewood,FAQ,07/09/2026,906,906,906
Uttar Pradesh,Amethi,Jafarganj APMC,Wheat,Dara,FAQ,07/09/2026,2535,2580,2552.48
Tamil Nadu,Kallakuruchi,Kallakurichi(Uzhavar Sandhai ),Bitter gourd,Bitter Gourd,Local,07/09/2026,6000,6000,6000
Tamil Nadu,Kallakuruchi,Kallakurichi(Uzhavar Sandhai ),Bottle gourd,Bottle Gourd,Local,07/09/2026,1500,1500,1500
Tamil Nadu,Kallakuruchi,Kallakurichi(Uzhavar Sandhai ),Amaranthus,Amaranthus,Local,07/09/2026,3000,3000,3000
Tamil Nadu,Kallakuruchi,Kallakurichi(Uzhavar Sandhai ),Green Chilli,Green Chilly,Local,07/09/2026,6000,6000,6000
Tamil Nadu,Kallakuruchi,Kallakurichi(Uzhavar Sandhai ),Banana - Green,Banana - Green,Local,07/09/2026,3000,3000,3000
Tamil Nadu,Kallakuruchi,Kallakurichi(Uzhavar Sandhai ),Beans,Beans (Whole),Local,07/09/2026,9000,9000,9000
Tamil Nadu,Kallakuruchi,Kallakurichi(Uzhavar Sandhai ),Groundnut,Big (With Shell),Local,07/09/2026,7000,7000,7000
Tamil Nadu,Kallakuruchi,Kallakurichi(Uzhavar Sandhai ),Carrot,Pusakesar,Local,07/09/2026,8000,8000,8000
Tamil Nadu,Kallakuruchi,Kallakurichi(Uzhavar Sandhai ),Cabbage,Cabbage,Local,07/09/2026,4000,4000,4000
Tamil Nadu,Kallakuruchi,Kallakurichi(Uzhavar Sandhai ),Raddish,Raddish,Local,07/09/2026,5000,5000,5000
Tamil Nadu,Kallakuruchi,Kallakurichi(Uzhavar Sandhai ),Karbuja(Musk Melon),Karbhuja,Local,07/09/2026,5000,5000,5000
Uttar Pradesh,Bulandshahar,Khurja APMC,Potato,Other,FAQ,07/09/2026,700,700,700
Uttar Pradesh,Sitapur,Mehmoodabad APMC,Potato,Other,FAQ,07/09/2026,600,600,600
Uttar Pradesh,Mahoba,Mahoba APMC,Peas(Dry),Other,FAQ,07/09/2026,3410,4010,3668.98
Uttar Pradesh,Mathura,Mathura APMC,Green Chilli,Other,FAQ,07/09/2026,3000,3000,3000
Tamil Nadu,Thirupathur,Natrampalli(Uzhavar Sandhai ),Papaya,Papaya,Local,07/09/2026,2500,3000,2750
Tamil Nadu,Thirupathur,Natrampalli(Uzhavar Sandhai ),Cluster beans,Cluster Beans,Local,07/09/2026,2500,3000,2750
Tamil Nadu,Thirupathur,Natrampalli(Uzhavar Sandhai ),Bhindi(Ladies Finger),Bhindi,Local,07/09/2026,2500,3000,2750
Tamil Nadu,Thirupathur,Natrampalli(Uzhavar Sandhai ),Onion,Bellary,Local,07/09/2026,5000,6000,5500
Tamil Nadu,Thirupathur,Natrampalli(Uzhavar Sandhai ),Green Avare(W),Green Avare (W),Local,07/09/2026,4000,5000,4500
Tamil Nadu,Thirupathur,Natrampalli(Uzhavar Sandhai ),Drumstick,Drumstick,Local,07/09/2026,2500,3000,2750
Tamil Nadu,Thirupathur,Natrampalli(Uzhavar Sandhai ),Guava,Guava Allahabad,Local,07/09/2026,3000,4000,3500
Haryana,Panipat,Panipat APMC,Chikoos(Sapota),Sapota,Local,07/09/2026,4000,6000,5000
Haryana,Panipat,Panipat APMC,Banana,Banana - Ripe,Local,07/09/2026,2500,3100,2800
Haryana,Panipat,Panipat APMC,Brinjal,Other,Local,07/09/2026,700,1100,900
Haryana,Panipat,Panipat APMC,Cucumbar(Kheera),Other,Local,07/09/2026,1000,2000,1500
Andhra Pradesh,Sri Sathya Sai,Dharmavaram APMC,Paddy(Common),B P T,FAQ,07/09/2026,2000,2200,2100
Andhra Pradesh,Nandyal,Nandikotkur APMC,Bengal Gram(Gram)(Whole),Gulabi,FAQ,07/09/2026,5400,5650,5500
Punjab,Pathankot,Pathankot APMC,Potato,Potato,Medium,07/09/2026,500,500,500
Punjab,Pathankot,Pathankot APMC,Cabbage,Cabbage,Medium,07/09/2026,2000,2000,2000
Punjab,Pathankot,Pathankot APMC,Capsicum,Capsicum,Medium,07/09/2026,4400,4400,4400
Punjab,Pathankot,Pathankot APMC,Bhindi(Ladies Finger),Bhindi,Medium,07/09/2026,1300,1300,1300
Punjab,Pathankot,Pathankot APMC,Pumpkin,Pumpkin,Medium,07/09/2026,600,600,600
Punjab,Pathankot,Pathankot APMC,Pineapple,Pine Apple,Medium,07/09/2026,4200,4200,4200
Andhra Pradesh,Eluru,Kaikaluru APMC,Paddy(Common),MTU-1001,Local,07/09/2026,2440,2440,2440
Andhra Pradesh,Srikakulam,Jalumuru APMC,Paddy(Common),1121,FAQ,07/09/2026,2369,2369,2369
Andhra Pradesh,Vijayanagaram,Chipurupalli APMC,Maize,Local,FAQ,07/09/2026,4800,4800,4800
Andhra Pradesh,Vijayanagaram,Gajapathinagaram APMC,Maize,Local,Local,07/09/2026,2400,2400,2400
Andhra Pradesh,East Godavari,Gopalapuram APMC,Maize,Local,Local,07/09/2026,2410,2410,2410
Andhra Pradesh,Palnadu,Macharla APMC,Paddy(Common),B P T,Grade Range-1,07/09/2026,3100,3100,3100
Andhra Pradesh,Ananthapuramu,Guntakal APMC,Groundnut,Local,Local,07/09/2026,6000,8500,7500
Andhra Pradesh,Guntur,Mangalagiri APMC,Paddy(Common),B P T,FAQ,07/09/2026,2550,2550,2550
Andhra Pradesh,Vijayanagaram,Kothavalasa APMC,Paddy(Common),1001,Local,07/09/2026,2369,2369,2369
Uttar Pradesh,Sonbhadra,Dudhi APMC,Maize,Other,FAQ,07/09/2026,700,700,700
Telangana,Mahabubabad,Mahabubabad APMC,Green Gram(Moong)(Whole),Local (Whole),Local,07/09/2026,4151,7378,6307
Telangana,Nagarkurnool,Kalwakurthy APMC,Cluster beans,Cluster Beans,Local,07/09/2026,2000,2000,2000
Andhra Pradesh,Ananthapuramu,Gooti APMC,Groundnut,Local,Grade Range-1,07/09/2026,4766,6980,5789
Andhra Pradesh,Eluru,Polavaram APMC,Maize,Local,Local,07/09/2026,2410,2410,2410
Andhra Pradesh,YSR Kadapa,Proddatur APMC,Bengal Gram(Gram)(Whole),Jawari/Local,Local,07/09/2026,6300,6300,6300
Andhra Pradesh,Kakinada,Pithapuram APMC,Paddy(Common),1001,FAQ,07/09/2026,2369,2389,2379
Andhra Pradesh,Annamayya,Madanapalli APMC,Tomato,Local,FAQ,07/09/2026,1700,2100,1900
Andhra Pradesh,Parvathipuram Manyam,Palakonda APMC,"Sesamum(Sesame,Gingelly,Til)",Black,FAQ,07/09/2026,9950,9950,9950
Uttar Pradesh,Balrampur,Panchpedwa APMC,Banana - Green,Banana - Green,FAQ,07/09/2026,1300,1500,1400
Andhra Pradesh,Ananthapuramu,RAYADURG APMC,Maize,Local,Grade Range-1,07/09/2026,2200,2500,2400
Andhra Pradesh,Srikakulam,Srikakulam APMC,Paddy(Common),1001,FAQ,07/09/2026,2400,2400,2400
Andhra Pradesh,Anakapally,Payakaraopeta APMC,Paddy(Common),1001,Local,07/09/2026,2349,2369,2359
Andhra Pradesh,Krishna,Pedana APMC,Black Gram(Urd Beans)(Whole),Local,Local,07/09/2026,7800,8400,8300
Andhra Pradesh,Kakinada,Tuni APMC,Cashewnuts,Local(Raw),FAQ,07/09/2026,13000,13000,13000
Andhra Pradesh,Markapuram,Podili APMC,Red gram/Arhar/Tur(whole),Arhar (Whole),FAQ,07/09/2026,8000,8200,8100
Andhra Pradesh,Guntur,Phirangipuram APMC,Cotton,Cotton (Unginned),Local,07/09/2026,7500,8700,8100
Andhra Pradesh,NTR,Tiruvuru APMC,Dry Chillies,Dry Chillies,Local,07/09/2026,21000,21000,21000
Andhra Pradesh,Krishna,Vuyyur APMC,Black Gram Dal(Urd Dal),Local,FAQ,07/09/2026,8400,8500,8450
Haryana,Mahendragarh-Narnaul,Mohindergarh APMC,Green Chilli,Green Chilly,Medium,07/09/2026,1000,2500,1800
Haryana,Mahendragarh-Narnaul,Mohindergarh APMC,Brinjal,Brinjal,Medium,07/09/2026,600,1200,1000
Haryana,Mahendragarh-Narnaul,Mohindergarh APMC,Ridgeguard(Tori),Ridgeguard(Tori),Medium,07/09/2026,800,2000,1500
Haryana,Mahendragarh-Narnaul,Mohindergarh APMC,Tinda,Tinda,Medium,07/09/2026,1300,1800,1800
Haryana,Mahendragarh-Narnaul,Mohindergarh APMC,Banana,Banana - Ripe,Medium,07/09/2026,2250,2250,2250
Andhra Pradesh,Guntur,Prathipadu APMC,Paddy(Common),1001,Grade Range-1,07/09/2026,2200,2425,2300
Andhra Pradesh,Palnadu,Rajupalem APMC,Paddy(Common),Common,Non-FAQ,07/09/2026,2000,2000,2000
Tamil Nadu,Salem,Athur(Uzhavar Sandhai ),Brinjal,Other,Local,07/09/2026,2500,3000,2750
Tamil Nadu,Salem,Athur(Uzhavar Sandhai ),Bhindi(Ladies Finger),Bhindi,Local,07/09/2026,2500,3000,2750
Tamil Nadu,Salem,Athur(Uzhavar Sandhai ),Amaranthus,Amaranthus,Local,07/09/2026,2000,2500,2250
Tamil Nadu,Salem,Athur(Uzhavar Sandhai ),Beans,Beans (Whole),Local,07/09/2026,7000,8000,7500
Tamil Nadu,Salem,Athur(Uzhavar Sandhai ),Ginger(Green),Green Ginger,Local,07/09/2026,16000,17000,16500
Tamil Nadu,Salem,Athur(Uzhavar Sandhai ),Coconut,Coconut,Local,07/09/2026,6000,6500,6250
Tamil Nadu,Salem,Athur(Uzhavar Sandhai ),Sweet Potato,Hosur Red,Local,07/09/2026,4500,5000,4750
Tamil Nadu,Salem,Athur(Uzhavar Sandhai ),Carrot,Pusakesar,Local,07/09/2026,6500,7000,6750
Tamil Nadu,Salem,Athur(Uzhavar Sandhai ),Drumstick,Drumstick,Local,07/09/2026,2500,3000,2750
Tamil Nadu,Salem,Athur(Uzhavar Sandhai ),Kakada,Kakada,Local,07/09/2026,18000,20000,19000
Tamil Nadu,Salem,Athur(Uzhavar Sandhai ),Amla(Nelli Kai),Amla,Local,07/09/2026,7000,8000,7500
Tamil Nadu,Salem,Athur(Uzhavar Sandhai ),Onion Green,Onion Green,Local,07/09/2026,6000,7000,6500
Telangana,Karimnagar,V.Saidapur APMC,Paddy(Common),MTU-1010,FAQ,07/09/2026,2389,2389,2389
Tamil Nadu,Theni,Periyakulam(Uzhavar Sandhai ),Bitter gourd,Other,Local,07/09/2026,3400,3600,3500
Tamil Nadu,Theni,Periyakulam(Uzhavar Sandhai ),Yam(Ratalu),Yam (Ratalu),Local,07/09/2026,5500,6000,5750
Tamil Nadu,Virudhunagar,Srivilliputhur(Uzhavar Sandhai ),Cauliflower,Ranchi,Local,07/09/2026,2500,3000,2750
Tamil Nadu,Virudhunagar,Srivilliputhur(Uzhavar Sandhai ),Beans,Beans (Whole),Local,07/09/2026,7000,8000,7500
Tamil Nadu,Virudhunagar,Srivilliputhur(Uzhavar Sandhai ),Ginger(Green),Green Ginger,Local,07/09/2026,17000,18000,17500
Tamil Nadu,Virudhunagar,Srivilliputhur(Uzhavar Sandhai ),Coconut,Coconut,Local,07/09/2026,5000,6000,5500
Tamil Nadu,Virudhunagar,Srivilliputhur(Uzhavar Sandhai ),Carrot,Pusakesar,Local,07/09/2026,4000,4500,4250
Tamil Nadu,Virudhunagar,Srivilliputhur(Uzhavar Sandhai ),Thondekai,Thondekai,Local,07/09/2026,5000,6000,5500
Tamil Nadu,Virudhunagar,Srivilliputhur(Uzhavar Sandhai ),Chow Chow,Chow Chow,Local,07/09/2026,3500,4000,3750
Uttar Pradesh,Kanpur Dehat,Rura APMC,Wheat,Dara,FAQ,07/09/2026,2600,2600,2600
Uttar Pradesh,Barabanki,Safdarganj APMC,Wheat,Other,FAQ,07/09/2026,2450,2450,2450
Rajasthan,Rajsamand,Rajsamand APMC,Onion,Onion,FAQ,07/09/2026,2000,3000,2500
Uttar Pradesh,Shamli,Thanabhawan APMC,Tomato,Other,FAQ,07/09/2026,2400,2400,2400
Uttar Pradesh,Shamli,Thanabhawan APMC,Potato,Other,FAQ,07/09/2026,1000,1000,1000
Punjab,Ludhiana,Sahnewal APMC,Cucumbar(Kheera),Cucumbar,FAQ,07/09/2026,2100,2100,2100
Punjab,Ludhiana,Sahnewal APMC,Cauliflower,Cauliflower,FAQ,07/09/2026,4200,4200,4200
Punjab,Ludhiana,Sahnewal APMC,Sweet Pumpkin,Sweet Pumpkin,FAQ,07/09/2026,1200,1200,1200
Odisha,Dhenkanal,Kamakhyanagar APMC,Tomato,Tomato,Grade A,07/09/2026,3500,3500,3500
Uttar Pradesh,Amethi,Sultanpur APMC,Wood,Eucalyptus,FAQ,07/09/2026,400,400,400
Uttar Pradesh,Hardoi,Sandila APMC,Wood,Eucalyptus,FAQ,07/09/2026,500,970,664.5
Uttar Pradesh,Hardoi,Sandila APMC,Firewood,Firewood,FAQ,07/09/2026,350,350,350
Tripura,Sepahijala,Sonamura APMC,Potato,Other,Medium,07/09/2026,1400,1600,1500
Tripura,Sepahijala,Sonamura APMC,Fish,Katla(Big),FAQ,07/09/2026,31000,33000,32000
Tripura,Sepahijala,Sonamura APMC,Cock,Boiler/Firm(White),FAQ,07/09/2026,150,320,230
Assam,Sonitpur,Dhekiajuli APMC,Capsicum,Capsicum,FAQ,07/09/2026,5800,6000,6000
Punjab,Ferozpur,Zira APMC,Ginger(Green),Other,Local,07/09/2026,8500,8500,8500
Tripura,North Tripura,Dasda APMC,Onion,Onion,FAQ,07/09/2026,4900,4900,4900
Gujarat,Amreli,Dhari APMC,Soyabean,Soyabeen,FAQ,07/09/2026,5525,5525,5525
Gujarat,Morbi,Vankaner APMC,Wheat,Lokwan,FAQ,07/09/2026,2250,2805,2690
Gujarat,Morbi,Vankaner APMC,"Sesamum(Sesame,Gingelly,Til)",White,FAQ,07/09/2026,9000,10500,9500
Gujarat,Morbi,Vankaner APMC,Cummin Seed(Jeera),Cummin Seed(Jeera),FAQ,07/09/2026,17000,20055,19000
Tamil Nadu,Coimbatore,Vadavalli(Uzhavar Sandhai ),Coriander(Leaves),I Sort,Local,07/09/2026,3500,4000,3750
Tamil Nadu,Coimbatore,Vadavalli(Uzhavar Sandhai ),Green Avare(W),Other,Local,07/09/2026,5000,5600,5300
Tamil Nadu,Coimbatore,Vadavalli(Uzhavar Sandhai ),Cluster beans,Cluster Beans,Local,07/09/2026,3200,3600,3400
Tamil Nadu,Coimbatore,Vadavalli(Uzhavar Sandhai ),Pumpkin,Pumpkin,Local,07/09/2026,1600,1800,1700
Tamil Nadu,Coimbatore,Vadavalli(Uzhavar Sandhai ),Beans,Beans (Whole),Local,07/09/2026,6500,7500,7000
Tamil Nadu,Coimbatore,Vadavalli(Uzhavar Sandhai ),Banana,Red Banana,Local,07/09/2026,8000,8600,8300
Tamil Nadu,Coimbatore,Vadavalli(Uzhavar Sandhai ),Snakeguard,Snakeguard,Local,07/09/2026,2500,3000,2750
Tamil Nadu,Coimbatore,Vadavalli(Uzhavar Sandhai ),Onion Green,Onion Green,Local,07/09/2026,7500,8300,7900
Tamil Nadu,Coimbatore,Vadavalli(Uzhavar Sandhai ),Baby Corn,Baby Corn,Grade A,07/09/2026,2200,2600,2400
Tamil Nadu,Coimbatore,Vadavalli(Uzhavar Sandhai ),Sweet Corn ,Sweet Corn ,Local,07/09/2026,3500,4000,3750
Keralam,Wayanad,Pulpally Market,Coffee,Other,Local,07/09/2026,21400,21600,21500
Keralam,Wayanad,Pulpally Market,Paddy(Common),Other,Local,07/09/2026,3120,3140,3130
Keralam,Wayanad,Pulpally Market,Black pepper,Ungrabled,Local,07/09/2026,67800,68000,67900
Keralam,Wayanad,Pulpally Market,Amaranthus,Other,Local,07/09/2026,2500,2700,2600
West Bengal,Darjeeling,Karsiyang(Matigara) APMC,Onion,Nasik,FAQ,07/09/2026,5900,6100,6000
West Bengal,Darjeeling,Karsiyang(Matigara) APMC,Carrot,Other,FAQ,07/09/2026,3200,3400,3300
West Bengal,Darjeeling,Karsiyang(Matigara) APMC,Squash(Chappal Kadoo),Other,FAQ,07/09/2026,2000,2200,2100
West Bengal,Uttar Dinajpur,Raiganj APMC,Potato,Other,FAQ,07/09/2026,520,580,550
Tamil Nadu,Dindigul,Vedasanthur(Uzhavar Sandhai ),Bottle gourd,Bottle Gourd,Local,07/09/2026,1000,1400,1200
Tamil Nadu,Dindigul,Vedasanthur(Uzhavar Sandhai ),Pumpkin,Pumpkin,Local,07/09/2026,1200,1600,1400
Tamil Nadu,Dindigul,Vedasanthur(Uzhavar Sandhai ),Coconut,Coconut,Local,07/09/2026,5000,5500,5250
Tamil Nadu,Dindigul,Vedasanthur(Uzhavar Sandhai ),Snakeguard,Snakeguard,Local,07/09/2026,1500,2000,1750
Andhra Pradesh,YSR Kadapa,Jammalamadugu APMC,Jowar(Sorghum),Local,FAQ,07/09/2026,2500,2700,2600
Gujarat,Vadodara(Baroda),Padra APMC,Cabbage,Other,FAQ,07/09/2026,1000,2000,1500
Gujarat,Vadodara(Baroda),Padra APMC,Colacasia,Other,FAQ,07/09/2026,3000,4000,3500
Gujarat,Vadodara(Baroda),Padra APMC,Cucumbar(Kheera),Other,FAQ,07/09/2026,4000,5000,4500
Gujarat,Vadodara(Baroda),Padra APMC,Lemon,Other,FAQ,07/09/2026,7500,10500,9000
Gujarat,Vadodara(Baroda),Padra APMC,Spinach,Spinach,FAQ,07/09/2026,1500,2000,1750
Gujarat,Vadodara(Baroda),Padra APMC,Potato,Other,FAQ,07/09/2026,1500,2000,1750
Madhya Pradesh,Raisen,Udaipura APMC,Wheat,Mill Quality,FAQ,07/09/2026,2355,2685,2685
Haryana,Yamuna Nagar,Sadhaura APMC,Brinjal,Brinjal,Local,07/09/2026,1300,1500,1400
Haryana,Yamuna Nagar,Sadhaura APMC,Green Chilli,Green Chilly,Local,07/09/2026,2400,2500,2450
Haryana,Yamuna Nagar,Sadhaura APMC,Tomato,Tomato,Local,07/09/2026,1700,2000,1900
Haryana,Yamuna Nagar,Sadhaura APMC,Apple,Apple,Local,07/09/2026,7000,8500,8000
Haryana,Ambala,Shahzadpur APMC,Brinjal,Round/Long,Local,07/09/2026,1500,2000,2000
Haryana,Ambala,Shahzadpur APMC,Potato,Local,Medium,07/09/2026,600,1000,600
Haryana,Ambala,Shahzadpur APMC,Bhindi(Ladies Finger),Bhindi,Local,07/09/2026,2000,2000,2000
Haryana,Gurgaon,Farukh Nagar APMC,Onion,Other,Medium,07/09/2026,3600,4600,4000
Uttar Pradesh,Bulandshahar,Gulavati APMC,Cucumbar(Kheera),Cucumbar,FAQ,07/09/2026,1400,1600,1500
Uttar Pradesh,Bulandshahar,Gulavati APMC,Lemon,Other,FAQ,07/09/2026,9000,9200,9100
Haryana,Hissar,Uklana APMC,Pomegranate,Pomogranate,Medium,07/09/2026,12000,12000,12000
Haryana,Hissar,Uklana APMC,Apple,Apple,Medium,07/09/2026,7000,7000,7000
Haryana,Gurgaon,Pataudi APMC,Tomato,Tomato,Grade B,07/09/2026,2500,3200,2800
Haryana,Gurgaon,Pataudi APMC,Potato,Potato,Grade B,07/09/2026,700,800,750
Haryana,Gurgaon,Pataudi APMC,Apple,Apple,Grade B,07/09/2026,9000,10000,9500
Haryana,Hissar,Barwala(Hisar) APMC,Onion,Onion,Local,07/09/2026,4500,5000,4800
Haryana,Hissar,Barwala(Hisar) APMC,Ridgeguard(Tori),Ridgeguard(Tori),Local,07/09/2026,2000,2000,2000
Haryana,Hissar,Barwala(Hisar) APMC,Bitter gourd,Bitter Gourd,Local,07/09/2026,2000,2500,2250
Haryana,Hissar,Barwala(Hisar) APMC,Brinjal,Brinjal,Local,07/09/2026,1000,1500,1250
Haryana,Hissar,Barwala(Hisar) APMC,Apple,Apple,Local,07/09/2026,2000,12000,10000
Punjab,Fazilka,Jalalabad APMC,Pomegranate,Other,Medium,07/09/2026,15500,16000,15500
Punjab,Fazilka,Jalalabad APMC,Bhindi(Ladies Finger),Bhindi,Medium,07/09/2026,2400,2600,2500
Punjab,Fazilka,Jalalabad APMC,Brinjal,Other,Medium,07/09/2026,2700,3000,2800
Punjab,Fazilka,Jalalabad APMC,Water Melon,Water Melon,Medium,07/09/2026,3200,3200,3200
Punjab,Fazilka,Jalalabad APMC,Peas Wet,Peas Wet,Medium,07/09/2026,11000,11000,11000
Punjab,Fazilka,Jalalabad APMC,Cabbage,Other,Medium,07/09/2026,3000,3100,3000
Punjab,Fazilka,Jalalabad APMC,Cucumbar(Kheera),Other,Medium,07/09/2026,3300,3500,3400
Punjab,Fazilka,Jalalabad APMC,Green Chilli,Other,Medium,07/09/2026,3400,3550,3450
Punjab,Fazilka,Jalalabad APMC,Pumpkin,Pumpkin,Medium,07/09/2026,3700,4000,3800
Punjab,Fazilka,Jalalabad APMC,Sweet Pumpkin,Other,Medium,07/09/2026,1400,1500,1450
Punjab,Jalandhar,Jalandhar City(Jalandhar) APMC,Colacasia,Arabi,FAQ,07/09/2026,1000,2200,1600
Punjab,Jalandhar,Jalandhar City(Jalandhar) APMC,Elephant Yam(Suran)/Amorphophallus,Elephant Yam (Suran),FAQ,07/09/2026,2500,4200,4000
Punjab,Jalandhar,Jalandhar City(Jalandhar) APMC,Lemon,Lemon,FAQ,07/09/2026,4000,8000,6000
Punjab,Jalandhar,Jalandhar City(Jalandhar) APMC,Mashrooms,Mashrooms,FAQ,07/09/2026,6500,9500,8000
Punjab,Jalandhar,Jalandhar City(Jalandhar) APMC,Mousambi(Sweet Lime),Mousambi,Medium,07/09/2026,2000,4000,2500
Punjab,Jalandhar,Jalandhar City(Jalandhar) APMC,Tender Coconut,Tender Coconut,Medium,07/09/2026,1800,4000,2700
Punjab,Jalandhar,Jalandhar City(Jalandhar) APMC,Brinjal,Other,FAQ,07/09/2026,800,1600,1200
Punjab,Jalandhar,Jalandhar City(Jalandhar) APMC,Cabbage,Cabbage,FAQ,07/09/2026,1000,2000,1500
Punjab,Jalandhar,Jalandhar City(Jalandhar) APMC,Capsicum,Capsicum,FAQ,07/09/2026,2500,3500,3000
Punjab,Jalandhar,Jalandhar City(Jalandhar) APMC,Pumpkin,Other,FAQ,07/09/2026,500,700,600
West Bengal,Murshidabad,Kandi APMC,Wheat,Sonalika,FAQ,07/09/2026,2700,2800,2750
Tamil Nadu,Coimbatore,Udumalpet APMC,Potato,Red Nanital,Local,07/09/2026,3500,4000,3750
Tamil Nadu,Coimbatore,Udumalpet APMC,Bitter gourd,Bitter Gourd,Local,07/09/2026,5000,6000,5500
Tamil Nadu,Coimbatore,Udumalpet APMC,Pumpkin,Pumpkin,Local,07/09/2026,1500,2000,1750
Tamil Nadu,Coimbatore,Udumalpet APMC,Tapioca,Tapioca,Local,07/09/2026,3500,4000,3750
Tamil Nadu,Coimbatore,Udumalpet APMC,Banana,Red Banana,Local,07/09/2026,7000,8000,7500
Tamil Nadu,Coimbatore,Udumalpet APMC,Onion,Bellary,Local,07/09/2026,5000,6500,5750
Tamil Nadu,Coimbatore,Udumalpet APMC,Cabbage,Cabbage,Local,07/09/2026,3000,3500,3250
Tamil Nadu,Coimbatore,Udumalpet APMC,Ridgeguard(Tori),Ridgeguard(Tori),Local,07/09/2026,5000,6000,5500
Tamil Nadu,Coimbatore,Udumalpet APMC,Mango(Raw-Ripe),Mango - Raw-Ripe,Local,07/09/2026,9000,10000,9500
Tamil Nadu,Coimbatore,Udumalpet APMC,Guava,Guava Allahabad,Local,07/09/2026,5000,5500,5250
Andhra Pradesh,Kakinada,Karapa APMC,Paddy(Common),1001,FAQ,07/09/2026,2363,2369,2366
Madhya Pradesh,Harda,Timarni APMC,Soyabean,Soyabeen,FAQ,07/09/2026,5241,5241,5241
Madhya Pradesh,Harda,Timarni APMC,Bengal Gram(Gram)(Whole),Gram,FAQ,07/09/2026,3233,6151,6151
Madhya Pradesh,Hoshangabad,Pipariya APMC,Green Gram(Moong)(Whole),Green (Whole),FAQ,07/09/2026,7380,7380,7380
Himachal Pradesh,Kangra,SMY Nagrota Bagwan,Banana,Other,Medium,07/09/2026,4000,4800,4400
Himachal Pradesh,Kangra,SMY Nagrota Bagwan,Colacasia,Colacasia,FAQ,07/09/2026,2800,3000,2900
Himachal Pradesh,Kangra,SMY Nagrota Bagwan,Bitter gourd,Bitter Gourd,FAQ,07/09/2026,1500,1800,1600
Himachal Pradesh,Kullu,SMY Chauri Bihal,Apple,Other,Grade Range-1,07/09/2026,1000,8200,6000
Himachal Pradesh,Kullu,SMY Chauri Bihal,Tomato,Other,Grade Range-1,07/09/2026,2400,2800,2600
Himachal Pradesh,Shimla,SMY Rampur,Capsicum,Capsicum,Local,07/09/2026,2000,3000,2500
Madhya Pradesh,Dhar,Badnawar APMC,Onion,Onion,FAQ,07/09/2026,1100,2200,2200
Madhya Pradesh,Dhar,Manawar APMC,Bengal Gram(Gram)(Whole),Gram,FAQ,07/09/2026,5300,5450,5450
West Bengal,Darjeeling,Siliguri APMC,Black Gram Dal(Urd Dal),Black Gram Dal,FAQ,07/09/2026,12000,13000,12500
West Bengal,Darjeeling,Siliguri APMC,Green Gram Dal(Moong Dal),Green Gram Dal,FAQ,07/09/2026,9600,9800,9700
Madhya Pradesh,Khargone,Bhikangaon APMC,Maize,Local,FAQ,07/09/2026,2466,2473,2473
Madhya Pradesh,Khargone,Badwaha APMC,Wheat,Wheat,FAQ,07/09/2026,2700,2739,2739
Tamil Nadu,Erode,Gobichettipalayam(Uzhavar Sandhai ),Coriander(Leaves),I Sort,Local,07/09/2026,4600,4800,4700
Tamil Nadu,Erode,Gobichettipalayam(Uzhavar Sandhai ),Bhindi(Ladies Finger),Bhindi,Local,07/09/2026,2600,3000,2800
Tamil Nadu,Erode,Gobichettipalayam(Uzhavar Sandhai ),Banana,Besrai,Local,07/09/2026,2500,5000,3750
Tamil Nadu,Erode,Gobichettipalayam(Uzhavar Sandhai ),Snakeguard,Snakeguard,Local,07/09/2026,3200,3500,3350
Tamil Nadu,Erode,Gobichettipalayam(Uzhavar Sandhai ),Ridgeguard(Tori),Ridgeguard(Tori),Local,07/09/2026,4600,4800,4700
Tamil Nadu,Erode,Gobichettipalayam(Uzhavar Sandhai ),Chow Chow,Chow Chow,Local,07/09/2026,3500,4000,3750
Punjab,Tarntaran,Bhikhiwind APMC,Ridgeguard(Tori),Ridgeguard(Tori),Local,07/09/2026,1100,1100,1100
Tamil Nadu,Erode,Sampath Nagar(Uzhavar Sandhai ),Pumpkin,Pumpkin,Local,07/09/2026,2000,2200,2100
Tamil Nadu,Erode,Sampath Nagar(Uzhavar Sandhai ),Beans,Beans (Whole),Local,07/09/2026,6500,7200,6850
Tamil Nadu,Erode,Sampath Nagar(Uzhavar Sandhai ),Carrot,Pusakesar,Local,07/09/2026,6000,6400,6200
Tamil Nadu,Erode,Sampath Nagar(Uzhavar Sandhai ),Cabbage,Cabbage,Local,07/09/2026,1800,2000,1900
Tamil Nadu,Erode,Sampath Nagar(Uzhavar Sandhai ),Snakeguard,Snakeguard,Local,07/09/2026,2400,2800,2600
Tamil Nadu,Erode,Sampath Nagar(Uzhavar Sandhai ),Beetroot,Beetroot,Local,07/09/2026,6500,7000,6750
Tamil Nadu,Erode,Sampath Nagar(Uzhavar Sandhai ),Pomegranate,Pomogranate,Local,07/09/2026,15000,16000,15500
Tamil Nadu,Erode,Sampath Nagar(Uzhavar Sandhai ),Lemon,Lemon,Local,07/09/2026,26000,27000,26500
Tamil Nadu,Erode,Sampath Nagar(Uzhavar Sandhai ),Onion Green,Onion Green,Local,07/09/2026,6000,6800,6400
Himachal Pradesh,Kullu,SMY Bandrol,Apple,Delicious,Grade A,07/09/2026,1200,8500,5000
Uttar Pradesh,Kannuj,Kannauj APMC,Potato,Other,FAQ,07/09/2026,550,550,550
Telangana,Ranga Reddy,Chevella APMC,Tomato,Local,Local,07/09/2026,1000,1000,1000
Madhya Pradesh,Shajapur,Kalapipal APMC,Soyabean,Yellow,FAQ,07/09/2026,4790,5901,5399
Himachal Pradesh,Shimla,SMY Rohroo,Onion,1st Sort,Grade B,07/09/2026,5000,5200,5100
Punjab,Jalandhar,Phillaur(Apra Mandi) APMC,Bottle gourd,Other,FAQ,07/09/2026,1500,1500,1500
Punjab,Jalandhar,Phillaur(Apra Mandi) APMC,Potato,Other,FAQ,07/09/2026,900,900,900
Madhya Pradesh,Guna,Guna APMC,Bengal Gram(Gram)(Whole),Gram,FAQ,07/09/2026,4600,5790,5790
West Bengal,Jhargram,Jhargram APMC,Ladies Finger,Other,FAQ,07/09/2026,2800,3200,3000
West Bengal,Jhargram,Jhargram APMC,Little gourd(Kundru),Little gourd (Kundru),FAQ,07/09/2026,1500,2000,1800
Andhra Pradesh,Srikakulam,Ponduru APMC,Maize,Local,FAQ,07/09/2026,2400,2400,2400
Uttar Pradesh,Etawah,Jasvantnagar APMC,Potato,Other,FAQ,07/09/2026,500,500,500
Odisha,Jagatsinghpur,Rahama APMC,Brinjal,Other,Local,07/09/2026,5000,7000,6000
Punjab,Jalandhar,Mehatpur APMC,Green Chilli,Green Chilly,Local,07/09/2026,1900,2100,2000
Punjab,Jalandhar,Mehatpur APMC,Brinjal,Brinjal,Local,07/09/2026,1300,1500,1400
Tamil Nadu,Vellore,Pallikonda(Uzhavar Sandhai),Snakeguard,Snakeguard,Local,07/09/2026,3000,3000,3000
Tamil Nadu,Vellore,Pallikonda(Uzhavar Sandhai),Raddish,Raddish,Local,07/09/2026,2000,2000,2000
Tamil Nadu,Vellore,Pallikonda(Uzhavar Sandhai),Yam(Ratalu),Yam (Ratalu),Local,07/09/2026,5500,5500,5500
Tamil Nadu,Vellore,Pallikonda(Uzhavar Sandhai),Lemon,Lemon,Local,07/09/2026,12000,12000,12000
Tamil Nadu,Pudukkottai,Ponnamaravathi(Uzhavar Sandhai),Coriander(Leaves),I Sort,Local,07/09/2026,4500,5000,4750
Tamil Nadu,Pudukkottai,Ponnamaravathi(Uzhavar Sandhai),Bottle gourd,Bottle Gourd,Local,07/09/2026,2000,2500,2250
Tamil Nadu,Pudukkottai,Ponnamaravathi(Uzhavar Sandhai),Bhindi(Ladies Finger),Bhindi,Local,07/09/2026,2500,3000,2750
Tamil Nadu,Pudukkottai,Ponnamaravathi(Uzhavar Sandhai),Raddish,Raddish,Local,07/09/2026,3500,4000,3750
Tamil Nadu,Pudukkottai,Ponnamaravathi(Uzhavar Sandhai),Lemon,Lemon,Local,07/09/2026,17500,18000,17750
Odisha,Kalahandi,Bhawanipatna APMC,Cucumbar(Kheera),Cucumbar,Local,07/09/2026,2800,2800,2800
Andhra Pradesh,Tirupathi,B.N.Kandriga APMC,Paddy(Common),Paddy,Local,07/09/2026,2000,2000,2000
Odisha,Kalahandi,Junagarh APMC,Bitter gourd,Other,Grade B,07/09/2026,2600,3300,2900
Odisha,Kalahandi,Junagarh APMC,Tomato,Other,Grade B,07/09/2026,2700,3300,3000
Keralam,Palakad,Palakkad Market,Banana,Nendra Bale,Small,07/09/2026,4500,5500,5100
Keralam,Palakad,Palakkad Market,Green Gram(Moong)(Whole),Green Gram Dhall-I,FAQ,07/09/2026,11500,13500,12600
Keralam,Palakad,Palakkad Market,Green Peas,Green Peas,FAQ,07/09/2026,5800,7500,6700
Keralam,Palakad,Palakkad Market,Coconut,Coconut,FAQ,07/09/2026,5700,6000,5900
Keralam,Palakad,Palakkad Market,Banana - Green,Banana - Green,FAQ,07/09/2026,4000,5000,4600
Keralam,Palakad,Palakkad Market,Cauliflower,Cauliflower,FAQ,07/09/2026,4000,5000,4600
Keralam,Palakad,Palakkad Market,Mango(Raw-Ripe),Mango - Raw-Ripe,FAQ,07/09/2026,7800,9000,8500
Keralam,Palakad,Palakkad Market,Potato,Potato,FAQ,07/09/2026,3600,4500,4100
Keralam,Palakad,Palakkad Market,Onion,Big,FAQ,07/09/2026,5500,6500,6100
Keralam,Palakad,Palakkad Market,Tomato,Tomato,FAQ,07/09/2026,2000,3000,2600
Karnataka,Belagavi,Belgaum APMC,Tomato,Tomato,Large,07/09/2026,100,300,200
Karnataka,Belagavi,Belgaum APMC,Ladies Finger,Ladies Finger,Large,07/09/2026,3000,4000,3500
Andhra Pradesh,Kurnool,Kurnool APMC,Groundnut,Local,FAQ,07/09/2026,4369,9426,7800
Tamil Nadu,Nagapattinam,Mayiladuthurai(Uzhavar Sandhai ),Cabbage,Cabbage,Local,07/09/2026,4000,4000,4000
Tamil Nadu,Nagapattinam,Mayiladuthurai(Uzhavar Sandhai ),Chow Chow,Chow Chow,Local,07/09/2026,3600,4000,3800
Tamil Nadu,Nagapattinam,Mayiladuthurai(Uzhavar Sandhai ),Mango(Raw-Ripe),Mango - Raw-Ripe,Local,07/09/2026,7000,8000,7500
Uttar Pradesh,Hardoi,Hardoi APMC,Wheat,Dara,FAQ,07/09/2026,2550,2570,2558.24
Uttar Pradesh,Hardoi,Hardoi APMC,Tomato,Other,FAQ,07/09/2026,1500,1500,1500
Uttar Pradesh,Lucknow,Lucknow APMC,Wood,Other,FAQ,07/09/2026,650,650,650
Uttar Pradesh,Mainpuri,Mainpuri APMC,Potato,Other,FAQ,07/09/2026,500,500,500
Tamil Nadu,Pudukkottai,Viralimalai(Uzhavar Sandhai ),Bottle gourd,Bottle Gourd,Local,07/09/2026,2000,2500,2250
Tamil Nadu,Pudukkottai,Viralimalai(Uzhavar Sandhai ),Pumpkin,Pumpkin,Local,07/09/2026,1000,1500,1250
Tamil Nadu,Pudukkottai,Viralimalai(Uzhavar Sandhai ),Bhindi(Ladies Finger),Bhindi,Local,07/09/2026,2000,2500,2250
West Bengal,Uttar Dinajpur,Islampur APMC,Onion,Dry F.A.Q.,FAQ,07/09/2026,4000,4800,4500
Tamil Nadu,Ramanathapuram,Kamuthi(Uzhavar Sandhai ),Cluster beans,Cluster Beans,Local,07/09/2026,4000,4500,4250
Tamil Nadu,Ramanathapuram,Paramakudi(Uzhavar Sandhai ),Cluster beans,Cluster Beans,Local,07/09/2026,3800,4000,3900
Tamil Nadu,Ramanathapuram,Paramakudi(Uzhavar Sandhai ),Pumpkin,Pumpkin,Local,07/09/2026,2200,2500,2350
Tamil Nadu,Ramanathapuram,Paramakudi(Uzhavar Sandhai ),Ginger(Green),Green Ginger,Local,07/09/2026,15000,16000,15500
Tamil Nadu,Ramanathapuram,Paramakudi(Uzhavar Sandhai ),Carrot,Pusakesar,Local,07/09/2026,6500,7000,6750
Tamil Nadu,Ramanathapuram,Paramakudi(Uzhavar Sandhai ),Snakeguard,Snakeguard,Local,07/09/2026,4800,5000,4900
Tamil Nadu,Ramanathapuram,Paramakudi(Uzhavar Sandhai ),Drumstick,Drumstick,Local,07/09/2026,5500,6000,5750
Tamil Nadu,Ramanathapuram,Paramakudi(Uzhavar Sandhai ),Knool Khol,Knool Khol,Local,07/09/2026,4500,5000,4750
Tamil Nadu,Ramanathapuram,Paramakudi(Uzhavar Sandhai ),Lime,Lime,Local,07/09/2026,11000,12000,11500
Tamil Nadu,Ramanathapuram,Ramanathapuram(Uzhavar Sandhai ),Cauliflower,Ranchi,Local,07/09/2026,5500,6000,5750
Tamil Nadu,Ramanathapuram,Ramanathapuram(Uzhavar Sandhai ),Brinjal,Round,Local,07/09/2026,6500,7000,6750
Tamil Nadu,Ramanathapuram,Ramanathapuram(Uzhavar Sandhai ),Coriander(Leaves),I Sort,Local,07/09/2026,6500,7000,6750
Tamil Nadu,Ramanathapuram,Ramanathapuram(Uzhavar Sandhai ),Tomato,Deshi,Local,07/09/2026,3000,3500,3250
Tamil Nadu,Ramanathapuram,Ramanathapuram(Uzhavar Sandhai ),Ashgourd,Gouard,Local,07/09/2026,2800,3000,2900
Tamil Nadu,Ramanathapuram,Ramanathapuram(Uzhavar Sandhai ),Onion,Bellary,Local,07/09/2026,6500,7000,6750
Tamil Nadu,Ramanathapuram,Ramanathapuram(Uzhavar Sandhai ),Coconut,Coconut,Local,07/09/2026,7000,7500,7250
Tamil Nadu,Ramanathapuram,Ramanathapuram(Uzhavar Sandhai ),Snakeguard,Snakeguard,Local,07/09/2026,5000,5500,5250
Tamil Nadu,Ramanathapuram,Ramanathapuram(Uzhavar Sandhai ),Beetroot,Beetroot,Local,07/09/2026,5000,5500,5250
Tamil Nadu,Ramanathapuram,Ramanathapuram(Uzhavar Sandhai ),Ridgeguard(Tori),Ridgeguard(Tori),Local,07/09/2026,6000,6500,6250
Tamil Nadu,Ramanathapuram,Ramanathapuram(Uzhavar Sandhai ),Knool Khol,Knool Khol,Local,07/09/2026,5500,6000,5750
Tamil Nadu,Ramanathapuram,Ramanathapuram(Uzhavar Sandhai ),Elephant Yam(Suran)/Amorphophallus,Elephant Yam (Suran),Local,07/09/2026,7000,7500,7250
Tamil Nadu,Ramanathapuram,Ramanathapuram(Uzhavar Sandhai ),Yam(Ratalu),Yam (Ratalu),Local,07/09/2026,7200,7500,7350
Tamil Nadu,Ramanathapuram,Ramanathapuram(Uzhavar Sandhai ),Colacasia,Colacasia,Local,07/09/2026,7000,7500,7250
Tamil Nadu,Pudukkottai,Alangudi(Uzhavar Sandhai ),Bitter gourd,Other,Local,07/09/2026,6000,7000,6500
Tamil Nadu,Pudukkottai,Alangudi(Uzhavar Sandhai ),Bhindi(Ladies Finger),Bhindi,Local,07/09/2026,2500,3000,2750
Tamil Nadu,Pudukkottai,Alangudi(Uzhavar Sandhai ),Snakeguard,Snakeguard,Local,07/09/2026,2500,3000,2750
Tamil Nadu,Thiruvannamalai,Arani(Uzhavar Sandhai ),Chikoos(Sapota),Sapota,Local,07/09/2026,5000,6000,5500
Tamil Nadu,Thiruvannamalai,Arani(Uzhavar Sandhai ),Snakeguard,Snakeguard,Local,07/09/2026,2500,3000,2750
Tamil Nadu,Thiruvannamalai,Arani(Uzhavar Sandhai ),Raddish,Raddish,Local,07/09/2026,2500,3000,2750
Tamil Nadu,Thiruvannamalai,Arani(Uzhavar Sandhai ),Thondekai,Thondekai,Local,07/09/2026,3500,4000,3750
Tamil Nadu,Thiruvannamalai,Arani(Uzhavar Sandhai ),Lemon,Lemon,Local,07/09/2026,10000,12000,11000
Tamil Nadu,Thiruvannamalai,Arani(Uzhavar Sandhai ),Colacasia,Colacasia,Local,07/09/2026,3500,4200,3850
Tamil Nadu,Thiruvannamalai,Polur(Uzhavar Sandhai ),Potato,Red Nanital,Local,07/09/2026,3300,4000,3650
Tamil Nadu,Thiruvannamalai,Polur(Uzhavar Sandhai ),Green Avare(W),Green Avare (W),Local,07/09/2026,5000,6000,5500
Tamil Nadu,Thiruvannamalai,Polur(Uzhavar Sandhai ),Tomato,Local,Local,07/09/2026,2000,2500,2250
Tamil Nadu,Thiruvannamalai,Polur(Uzhavar Sandhai ),Amaranthus,Amaranthus,Local,07/09/2026,1600,2000,1800
Tamil Nadu,Thiruvannamalai,Polur(Uzhavar Sandhai ),Carrot,Pusakesar,Local,07/09/2026,5000,6000,5500
Tamil Nadu,Thiruvannamalai,Polur(Uzhavar Sandhai ),Ridgeguard(Tori),Ridgeguard(Tori),Local,07/09/2026,4000,4800,4400
Tamil Nadu,Thiruvannamalai,Polur(Uzhavar Sandhai ),Thondekai,Thondekai,Local,07/09/2026,3300,4000,3650
Tamil Nadu,Thiruvannamalai,Polur(Uzhavar Sandhai ),Yam(Ratalu),Yam (Ratalu),Local,07/09/2026,5000,6000,5500
Tamil Nadu,Thiruvannamalai,Polur(Uzhavar Sandhai ),Colacasia,Colacasia,Local,07/09/2026,4000,4800,4400
Tamil Nadu,Thiruvannamalai,Polur(Uzhavar Sandhai ),Onion Green,Onion Green,Local,07/09/2026,5000,6000,5500
Tamil Nadu,Thiruvannamalai,Tiruvannamalai(Uzhavar Sandhai ),Brinjal,Round,Local,07/09/2026,5000,6000,5500
Tamil Nadu,Thiruvannamalai,Tiruvannamalai(Uzhavar Sandhai ),Coriander(Leaves),I Sort,Local,07/09/2026,4000,5000,4500
Tamil Nadu,Thiruvannamalai,Tiruvannamalai(Uzhavar Sandhai ),Mousambi(Sweet Lime),Mousambi,Local,07/09/2026,5000,6000,5500
Tamil Nadu,Thiruvannamalai,Tiruvannamalai(Uzhavar Sandhai ),Cluster beans,Cluster Beans,Local,07/09/2026,3500,4000,3750
Tamil Nadu,Thiruvannamalai,Tiruvannamalai(Uzhavar Sandhai ),Bottle gourd,Bottle Gourd,Local,07/09/2026,2000,2500,2250
Tamil Nadu,Thiruvannamalai,Tiruvannamalai(Uzhavar Sandhai ),Bhindi(Ladies Finger),Bhindi,Local,07/09/2026,2400,3000,2700
Tamil Nadu,Thiruvannamalai,Tiruvannamalai(Uzhavar Sandhai ),Grapes,Annabesahai,Local,07/09/2026,8000,10000,9000
Tamil Nadu,Thiruvannamalai,Tiruvannamalai(Uzhavar Sandhai ),Onion,Bellary,Local,07/09/2026,5000,6000,5500
Tamil Nadu,Thiruvannamalai,Tiruvannamalai(Uzhavar Sandhai ),Cabbage,Cabbage,Local,07/09/2026,2000,2500,2250
Tamil Nadu,Thiruvannamalai,Tiruvannamalai(Uzhavar Sandhai ),Beetroot,Beetroot,Local,07/09/2026,3500,4000,3750
Tamil Nadu,Thiruvannamalai,Tiruvannamalai(Uzhavar Sandhai ),Lime,Lime,Local,07/09/2026,3500,4000,3750
Tamil Nadu,Thiruvannamalai,Tiruvannamalai(Uzhavar Sandhai ),Guava,Guava Allahabad,Local,07/09/2026,5000,6000,5500
Tamil Nadu,Thiruvannamalai,Tiruvannamalai(Uzhavar Sandhai ),Karbuja(Musk Melon),Karbhuja,Local,07/09/2026,3000,3500,3250
Tamil Nadu,Thiruvannamalai,Tiruvannamalai(Uzhavar Sandhai ),Indian Beans(Seam),Indian Beans (Seam),Local,07/09/2026,5000,6000,5500
Tamil Nadu,Thiruvannamalai,Tiruvannamalai(Uzhavar Sandhai ),Lemon,Lemon,Local,07/09/2026,14000,16000,15000
Tamil Nadu,Thiruvannamalai,Tiruvannamalai(Uzhavar Sandhai ),Custard Apple(Sharifa),Custard Apple(Sharifa),Local,07/09/2026,7000,8000,7500
Tamil Nadu,Thiruvannamalai,Tiruvannamalai(Uzhavar Sandhai ),Onion Green,Onion Green,Local,07/09/2026,7000,8000,7500
Tamil Nadu,Thiruvarur,Mannargudi I(Uzhavar Sandhai ),Coriander(Leaves),I Sort,Local,07/09/2026,3500,3500,3500
Tamil Nadu,Thiruvarur,Mannargudi I(Uzhavar Sandhai ),Mango,Safeda,Local,07/09/2026,16000,16000,16000
Tamil Nadu,Thiruvarur,Mannargudi I(Uzhavar Sandhai ),Grapes,Annabesahai,Local,07/09/2026,10000,11000,10500
Tamil Nadu,Thiruvarur,Mannargudi I(Uzhavar Sandhai ),Coconut,Coconut,Local,07/09/2026,4000,4000,4000
Tamil Nadu,Thiruvarur,Mannargudi I(Uzhavar Sandhai ),Beetroot,Beetroot,Local,07/09/2026,4400,4400,4400
Tamil Nadu,Thiruvarur,Mannargudi I(Uzhavar Sandhai ),Ridgeguard(Tori),Ridgeguard(Tori),Local,07/09/2026,4800,4800,4800
Tamil Nadu,Thiruvarur,Mannargudi I(Uzhavar Sandhai ),Pomegranate,Pomogranate,Local,07/09/2026,10000,24000,17000
Tamil Nadu,Thiruvarur,Mannargudi I(Uzhavar Sandhai ),Lemon,Lemon,Local,07/09/2026,22000,22000,22000
Tamil Nadu,Thiruvarur,Mannargudi I(Uzhavar Sandhai ),Onion Green,Onion Green,Local,07/09/2026,6400,6400,6400
Tamil Nadu,Thiruvarur,Mannargudi I(Uzhavar Sandhai ),Mint(Pudina),Mint(Pudina),Local,07/09/2026,5500,5500,5500
Tamil Nadu,Thiruvarur,Mannargudi II(Uzhavar Sandhai ),Coriander(Leaves),I Sort,Local,07/09/2026,3500,3500,3500
Tamil Nadu,Thiruvarur,Mannargudi II(Uzhavar Sandhai ),Cluster beans,Cluster Beans,Local,07/09/2026,3600,3600,3600
Tamil Nadu,Thiruvarur,Mannargudi II(Uzhavar Sandhai ),Bottle gourd,Bottle Gourd,Local,07/09/2026,3000,3000,3000
Tamil Nadu,Thiruvarur,Mannargudi II(Uzhavar Sandhai ),Pumpkin,Pumpkin,Local,07/09/2026,2800,2800,2800
Tamil Nadu,Thiruvarur,Mannargudi II(Uzhavar Sandhai ),Mango,Safeda,Local,07/09/2026,16000,16000,16000
Tamil Nadu,Thiruvarur,Mannargudi II(Uzhavar Sandhai ),Coconut,Coconut,Local,07/09/2026,4000,4000,4000
Tamil Nadu,Thiruvarur,Mannargudi II(Uzhavar Sandhai ),Raddish,Raddish,Local,07/09/2026,2800,2800,2800
Tamil Nadu,Thiruvarur,Mannargudi II(Uzhavar Sandhai ),Drumstick,Drumstick,Local,07/09/2026,4400,4400,4400
Tamil Nadu,Thiruvarur,Mannargudi II(Uzhavar Sandhai ),Mango(Raw-Ripe),Mango - Raw-Ripe,Local,07/09/2026,9600,9600,9600
Tamil Nadu,Thiruvarur,Mannargudi II(Uzhavar Sandhai ),Lemon,Lemon,Local,07/09/2026,20000,20000,20000
Tamil Nadu,Thiruvarur,Tiruthuraipoondi(Uzhavar Sandhai ),Cucumbar(Kheera),Cucumbar,Local,07/09/2026,7000,7000,7000
Tamil Nadu,Thiruvarur,Tiruthuraipoondi(Uzhavar Sandhai ),Drumstick,Drumstick,Local,07/09/2026,4000,4000,4000
Tamil Nadu,Thiruvarur,Tiruthuraipoondi(Uzhavar Sandhai ),Amla(Nelli Kai),Amla,Local,07/09/2026,8000,8000,8000
Tamil Nadu,Thiruvellore,Ambattur(Uzhavar Sandhai ),Banana - Green,Banana - Green,Local,07/09/2026,4000,4000,4000
Tamil Nadu,Thiruvellore,Naravarikuppam(Uzhavar Sandhai ),Potato,Red Nanital,Local,07/09/2026,4000,4000,4000
Tamil Nadu,Thiruvellore,Naravarikuppam(Uzhavar Sandhai ),Ridgeguard(Tori),Ridgeguard(Tori),Local,07/09/2026,5000,5000,5000
Tamil Nadu,Thiruvellore,Paruthipattu(Uzhavar Sandhai ),Potato,Red Nanital,Local,07/09/2026,4000,4000,4000
Tamil Nadu,Thiruvellore,Paruthipattu(Uzhavar Sandhai ),Brinjal,Round,Local,07/09/2026,4000,4000,4000
Tamil Nadu,Thiruvellore,Paruthipattu(Uzhavar Sandhai ),Coconut,Coconut,Local,07/09/2026,6000,6000,6000
Tamil Nadu,Thiruvellore,Paruthipattu(Uzhavar Sandhai ),Raddish,Raddish,Local,07/09/2026,4000,4000,4000
Tamil Nadu,Thiruvellore,Perambakkam(Uzhavar Sandhai ),Onion,Bellary,Local,07/09/2026,5000,5000,5000
Tamil Nadu,Tuticorin,Kovilpatti(Uzhavar Sandhai ),Potato,Other,Local,07/09/2026,3500,4000,3750
Tamil Nadu,Tuticorin,Kovilpatti(Uzhavar Sandhai ),Cauliflower,Ranchi,Local,07/09/2026,4000,4500,4250
Tamil Nadu,Tuticorin,Kovilpatti(Uzhavar Sandhai ),Brinjal,Other,Local,07/09/2026,3000,3500,3250
Tamil Nadu,Tuticorin,Kovilpatti(Uzhavar Sandhai ),Green Avare(W),Other,Local,07/09/2026,6000,6500,6250
Tamil Nadu,Tuticorin,Kovilpatti(Uzhavar Sandhai ),Bitter gourd,Other,Local,07/09/2026,10000,11000,10500
Tamil Nadu,Tuticorin,Kovilpatti(Uzhavar Sandhai ),Coconut,Coconut,Local,07/09/2026,6000,6500,6250
Tamil Nadu,Tuticorin,Kovilpatti(Uzhavar Sandhai ),Snakeguard,Snakeguard,Local,07/09/2026,3500,4000,3750
Tamil Nadu,Tuticorin,Kovilpatti(Uzhavar Sandhai ),Beetroot,Beetroot,Local,07/09/2026,4000,4500,4250
Tamil Nadu,Tuticorin,Kovilpatti(Uzhavar Sandhai ),Chow Chow,Chow Chow,Local,07/09/2026,3500,4000,3750
Tamil Nadu,Tuticorin,Kovilpatti(Uzhavar Sandhai ),Drumstick,Drumstick,Local,07/09/2026,2500,3000,2750
Tamil Nadu,Tuticorin,Kovilpatti(Uzhavar Sandhai ),Lime,Lime,Local,07/09/2026,11000,12000,11500
Tamil Nadu,Vellore,Gudiyatham(Uzhavar Sandhai ),Garlic,Garlic,Local,07/09/2026,23000,24000,23500
Tamil Nadu,Vellore,Gudiyatham(Uzhavar Sandhai ),Brinjal,Other,Local,07/09/2026,3000,3000,3000
Tamil Nadu,Vellore,Gudiyatham(Uzhavar Sandhai ),Green Avare(W),Green Avare (W),Local,07/09/2026,5600,5600,5600
Tamil Nadu,Vellore,Gudiyatham(Uzhavar Sandhai ),Coriander(Leaves),I Sort,Local,07/09/2026,4500,4500,4500
Tamil Nadu,Vellore,Gudiyatham(Uzhavar Sandhai ),Bitter gourd,Bitter Gourd,Local,07/09/2026,3600,3600,3600
Tamil Nadu,Vellore,Gudiyatham(Uzhavar Sandhai ),Ashgourd,Gouard,Local,07/09/2026,2400,2400,2400
Tamil Nadu,Vellore,Gudiyatham(Uzhavar Sandhai ),Bhindi(Ladies Finger),Bhindi,Local,07/09/2026,1800,2000,1900
Tamil Nadu,Vellore,Gudiyatham(Uzhavar Sandhai ),Tapioca,Tapioca,Local,07/09/2026,3000,3000,3000
Tamil Nadu,Vellore,Gudiyatham(Uzhavar Sandhai ),Onion,Bellary,Local,07/09/2026,5600,5600,5600
Tamil Nadu,Vellore,Gudiyatham(Uzhavar Sandhai ),Coconut,Coconut,Local,07/09/2026,4000,4000,4000
Tamil Nadu,Vellore,Gudiyatham(Uzhavar Sandhai ),Cucumbar(Kheera),Cucumbar,Local,07/09/2026,3500,4000,3750
Tamil Nadu,Vellore,Gudiyatham(Uzhavar Sandhai ),Mango(Raw-Ripe),Mango - Raw-Ripe,Local,07/09/2026,7600,7600,7600
Tamil Nadu,Vellore,Gudiyatham(Uzhavar Sandhai ),Guava,Guava Allahabad,Local,07/09/2026,5000,5000,5000
Tamil Nadu,Vellore,Gudiyatham(Uzhavar Sandhai ),Lemon,Lemon,Local,07/09/2026,14000,14000,14000
Tamil Nadu,Vellore,Kahithapattarai(Uzhavar Sandhai ),Ashgourd,Gouard,Local,07/09/2026,2500,2500,2500
Tamil Nadu,Vellore,Kahithapattarai(Uzhavar Sandhai ),Banana - Green,Banana - Green,Local,07/09/2026,6000,6000,6000
Tamil Nadu,Vellore,Kahithapattarai(Uzhavar Sandhai ),Tapioca,Tapioca,Local,07/09/2026,3500,3500,3500
Tamil Nadu,Vellore,Kahithapattarai(Uzhavar Sandhai ),Ginger(Green),Green Ginger,Local,07/09/2026,7000,7000,7000
Tamil Nadu,Vellore,Kahithapattarai(Uzhavar Sandhai ),Carrot,Pusakesar,Local,07/09/2026,4000,4000,4000
Tamil Nadu,Vellore,Kahithapattarai(Uzhavar Sandhai ),Drumstick,Drumstick,Local,07/09/2026,3000,3000,3000
Tamil Nadu,Vellore,Kahithapattarai(Uzhavar Sandhai ),Tender Coconut,Tender Coconut,Local,07/09/2026,3000,3000,3000
Tamil Nadu,Vellore,Kahithapattarai(Uzhavar Sandhai ),Rose(Local),Rose (Local),Local,07/09/2026,7000,9000,8000
Tamil Nadu,Villupuram,Villupuram(Uzhavar Sandhai ),Tomato,Deshi,Local,07/09/2026,2500,3000,2750
Tamil Nadu,Villupuram,Villupuram(Uzhavar Sandhai ),Pumpkin,Pumpkin,Local,07/09/2026,2000,2000,2000
Tamil Nadu,Villupuram,Villupuram(Uzhavar Sandhai ),Onion,Bellary,Local,07/09/2026,6000,6000,6000
Tamil Nadu,Villupuram,Villupuram(Uzhavar Sandhai ),Ridgeguard(Tori),Ridgeguard(Tori),Local,07/09/2026,6000,6000,6000
Tamil Nadu,Villupuram,Villupuram(Uzhavar Sandhai ),Sweet Corn ,Sweet Corn ,Local,07/09/2026,4000,4000,4000
Andhra Pradesh,Chittor,Palamaner APMC,Potato,Potato,FAQ,07/09/2026,1200,1600,1400
Andhra Pradesh,Palnadu,Chilakaluripet APMC,Cotton,Other,Local,07/09/2026,7000,7900,7400
Andhra Pradesh,Palnadu,Narasaraopet APMC,Green Gram(Moong)(Whole),Local (Whole),FAQ,07/09/2026,7500,7500,7500
Himachal Pradesh,Solan,PMY Kather Solan,Pear(Marasebu),Other,Medium,07/09/2026,2500,10000,7000
Himachal Pradesh,Solan,PMY Kather Solan,Cucumbar(Kheera),Other,Medium,07/09/2026,1000,3000,2500
Punjab,Hoshiarpur,Mukerian APMC,Papaya,Papaya,Grade B,07/09/2026,2000,4000,3000
Punjab,Hoshiarpur,Mukerian APMC,Potato,Potato,Local,07/09/2026,800,1000,900
Punjab,Hoshiarpur,Mukerian APMC,Apple,Apple,Grade B,07/09/2026,10000,12000,11000
Punjab,Hoshiarpur,Mukerian APMC,Tomato,Tomato,Grade B,07/09/2026,2000,3000,2500
Punjab,Hoshiarpur,Mukerian APMC,Raddish,Raddish,Grade B,07/09/2026,1500,2500,2000
Punjab,Hoshiarpur,Mukerian APMC,Brinjal,Brinjal,Grade B,07/09/2026,2000,3000,2500
Rajasthan,Churu,Churu APMC,Potato,Red Nanital,FAQ,07/09/2026,900,1100,1000
Tripura,Sepahijala,Melaghar APMC,Fish,Katla(Big),Local,07/09/2026,34000,36000,35000
Tripura,Sepahijala,Melaghar APMC,Onion,Small,Local,07/09/2026,5400,5600,5500
Tripura,Sepahijala,Melaghar APMC,Ridgeguard(Tori),Other,Local,07/09/2026,4000,4500,4400
Tripura,Unokoti,Pabiacherra APMC,Brinjal,Other,FAQ,07/09/2026,3500,3700,3600
Tripura,Unokoti,Pabiacherra APMC,Cucumbar(Kheera),Other,FAQ,07/09/2026,3500,3700,3600
Tripura,Unokoti,Pabiacherra APMC,Tomato,Other,FAQ,07/09/2026,3500,3700,3600
Tripura,Unokoti,Pabiacherra APMC,Green Chilli,Other,FAQ,07/09/2026,7700,7900,7800
Tripura,Unokoti,Pabiacherra APMC,Fish,Rahu(Andhra),FAQ,07/09/2026,13800,14000,13900
Punjab,Ludhiana,Ludhiana APMC,Guava,Other,Medium,07/09/2026,1000,3000,2000
Punjab,Ludhiana,Ludhiana APMC,Cabbage,Other,FAQ,07/09/2026,1000,1800,1500
Punjab,Ludhiana,Ludhiana APMC,Pumpkin,Other,FAQ,07/09/2026,500,1000,800
Punjab,Ludhiana,Ludhiana APMC,Bitter gourd,Bitter Gourd,FAQ,07/09/2026,1300,1800,1500
West Bengal,Birbhum,Birbhum APMC,Onion,Other,FAQ,07/09/2026,4300,4500,4400
Odisha,Dhenkanal,Hindol APMC,Cucumbar(Kheera),Cucumbar,Grade B,07/09/2026,4000,4500,4200
Odisha,Dhenkanal,Hindol APMC,Potato,Potato,Grade B,07/09/2026,1300,1500,1400
Odisha,Dhenkanal,Hindol APMC,Pumpkin,Pumpkin,Grade B,07/09/2026,1600,1800,1700
Telangana,Khammam,Sattupally APMC,Paddy(Common),Samba Masuri,Non-FAQ,07/09/2026,2300,2369,2350
Keralam,Kottayam,Pampady Market,Banana - Green,Banana - Green,FAQ,07/09/2026,7500,8000,7800
Keralam,Kottayam,Pampady Market,Bhindi(Ladies Finger),Bhindi,FAQ,07/09/2026,5000,6500,6000
Keralam,Kottayam,Pampady Market,Cabbage,Cabbage,FAQ,07/09/2026,2500,4000,3500
Keralam,Kottayam,Pampady Market,Little gourd(Kundru),Other,FAQ,07/09/2026,4800,6000,5000
Keralam,Kottayam,Pampady Market,Elephant Yam(Suran)/Amorphophallus,Other,FAQ,07/09/2026,4000,5500,5000
Keralam,Kottayam,Pampady Market,Onion,Big,FAQ,07/09/2026,5300,6000,5500
Keralam,Kottayam,Pampady Market,Potato,Big,FAQ,07/09/2026,3500,5000,4500
Keralam,Kottayam,Pampady Market,Tapioca,Tapioca,FAQ,07/09/2026,2500,3500,3000
West Bengal,Coochbehar,Toofanganj APMC,Rice,Common,FAQ,07/09/2026,4000,4200,4100
West Bengal,Coochbehar,Toofanganj APMC,Brinjal,Brinjal,FAQ,07/09/2026,4000,4400,4200
West Bengal,Coochbehar,Toofanganj APMC,Potato,Jyoti,FAQ,07/09/2026,550,570,560
Goa,North Goa,Mapusa APMC,Coconut,Other,FAQ,07/09/2026,30,50,40
Goa,North Goa,Mapusa APMC,Chikoos(Sapota),Sapota,Medium,07/09/2026,5000,8000,6000
Goa,North Goa,Mapusa APMC,Water Melon,Water Melon,Medium,07/09/2026,2000,2500,2250
Andhra Pradesh,Vijayanagaram,Bobbili APMC,Maize,Local,FAQ,07/09/2026,4800,4800,4800
Tamil Nadu,Thiruvannamalai,Cheyyar(Uzhavar Sandhai ),Cluster beans,Cluster Beans,Local,07/09/2026,4000,4800,4400
Tamil Nadu,Thiruvannamalai,Cheyyar(Uzhavar Sandhai ),Ashgourd,Gouard,Local,07/09/2026,2000,2500,2250
Tamil Nadu,Thiruvannamalai,Cheyyar(Uzhavar Sandhai ),Green Chilli,Green Chilly,Local,07/09/2026,5000,6000,5500
Tamil Nadu,Thiruvannamalai,Cheyyar(Uzhavar Sandhai ),Raddish,Raddish,Local,07/09/2026,2500,3000,2750
Tamil Nadu,Thiruvannamalai,Cheyyar(Uzhavar Sandhai ),Knool Khol,Knool Khol,Local,07/09/2026,2500,3000,2750
Tamil Nadu,Thiruvannamalai,Cheyyar(Uzhavar Sandhai ),Lemon,Lemon,Local,07/09/2026,10000,12000,11000
Haryana,Bhiwani,Bhiwani APMC,Onion,Onion,Grade B,07/09/2026,2504,3870,3102
Karnataka,Chikkaballapur,Bagepalli APMC,Beans,Beans (Whole),Small,07/09/2026,3000,4000,3500
Karnataka,Chikkaballapur,Bagepalli APMC,Brinjal,Brinjal,Small,07/09/2026,1000,1500,1100
Karnataka,Chikkaballapur,Bagepalli APMC,Tomato,Tomato,Small,07/09/2026,250,2300,1500
Karnataka,Chikkaballapur,Bagepalli APMC,Cabbage,Cabbage,Small,07/09/2026,1000,1500,1200
Karnataka,Chikkaballapur,Bagepalli APMC,Ladies Finger,Ladies Finger,Small,07/09/2026,1300,2000,1500
Haryana,Ambala,Naraingarh APMC,Bitter gourd,Bitter Gourd,Medium,07/09/2026,1200,2500,1800
Haryana,Ambala,Naraingarh APMC,Tomato,Tomato,Medium,07/09/2026,1000,2800,1700
Haryana,Ambala,Naraingarh APMC,Onion,Onion,Medium,07/09/2026,2300,4000,3000
Haryana,Ambala,Naraingarh APMC,Papaya,Papaya,Medium,07/09/2026,2900,2900,2900
Haryana,Ambala,Naraingarh APMC,Bhindi(Ladies Finger),Bhindi,Medium,07/09/2026,1000,1500,1400
Haryana,Ambala,Naraingarh APMC,Lemon,Lemon,Medium,07/09/2026,5000,7000,6000
Haryana,Ambala,Naraingarh APMC,Raddish,Raddish,Medium,07/09/2026,700,2000,1000
Haryana,Ambala,Naraingarh APMC,Ridgeguard(Tori),Ridgeguard(Tori),Medium,07/09/2026,700,1400,1000
Andhra Pradesh,Dr.B.R.A.Konaseema,Mummidivaram APMC,Fish,Katla (Small),FAQ,07/09/2026,9900,10000,9900
Andhra Pradesh,Srikakulam,Pathapatnam APMC,Paddy(Common),Paddy,FAQ,07/09/2026,2369,2500,2369
Tamil Nadu,Thanjavur,Papanasam(Uzhavar Sandhai ),Potato,Red Nanital,Local,07/09/2026,3000,3000,3000
Tamil Nadu,Thanjavur,Papanasam(Uzhavar Sandhai ),Cluster beans,Cluster Beans,Local,07/09/2026,4800,4800,4800
Tamil Nadu,Thanjavur,Papanasam(Uzhavar Sandhai ),Bottle gourd,Bottle Gourd,Local,07/09/2026,3600,3600,3600
Tamil Nadu,Thanjavur,Papanasam(Uzhavar Sandhai ),Ashgourd,Gouard,Local,07/09/2026,2400,2400,2400
Tamil Nadu,Thanjavur,Papanasam(Uzhavar Sandhai ),Amaranthus,Amaranthus,Local,07/09/2026,2000,2000,2000
Tamil Nadu,Thanjavur,Papanasam(Uzhavar Sandhai ),Ginger(Green),Green Ginger,Local,07/09/2026,9600,21600,15600
Tamil Nadu,Thanjavur,Papanasam(Uzhavar Sandhai ),Beetroot,Beetroot,Local,07/09/2026,4800,4800,4800
Tamil Nadu,Thanjavur,Papanasam(Uzhavar Sandhai ),Ridgeguard(Tori),Ridgeguard(Tori),Local,07/09/2026,4800,4800,4800
Andhra Pradesh,SPSR Nellore,Rapur APMC,Paddy(Common),Common,Local,07/09/2026,2430,2530,2460
Andhra Pradesh,Annamayya,Punganur APMC,Tomato,Hybrid,FAQ,07/09/2026,1340,2070,1700
Punjab,Fatehgarh,Sirhind APMC,Guava,Other,Medium,07/09/2026,4000,5500,4700
Punjab,Fatehgarh,Sirhind APMC,Papaya,Other,Medium,07/09/2026,3000,3500,3300
Punjab,Fatehgarh,Sirhind APMC,Bhindi(Ladies Finger),Other,Local,07/09/2026,2300,3000,2600
Punjab,Fatehgarh,Sirhind APMC,Colacasia,Other,FAQ,07/09/2026,2000,2500,2300
Punjab,Fatehgarh,Sirhind APMC,French Beans(Frasbean),Other,FAQ,07/09/2026,4500,5000,4700
Punjab,Fatehgarh,Sirhind APMC,Ginger(Green),Other,FAQ,07/09/2026,5000,7000,6000
Odisha,Sundergarh,Panposh APMC,Pumpkin,Other,FAQ,07/09/2026,1000,1400,1200
Odisha,Sundergarh,Panposh APMC,Tomato,Hybrid,FAQ,07/09/2026,4000,4500,4200
Tamil Nadu,Ariyalur,Ariyalur(Uzhavar Sandhai),Coriander(Leaves),I Sort,Local,07/09/2026,4500,5000,4750
Tamil Nadu,Ariyalur,Ariyalur(Uzhavar Sandhai),Bhindi(Ladies Finger),Bhindi,Local,07/09/2026,3500,4000,3750
Tamil Nadu,Ariyalur,Ariyalur(Uzhavar Sandhai),Ginger(Green),Green Ginger,Local,07/09/2026,17000,18000,17500
Tamil Nadu,Ariyalur,Ariyalur(Uzhavar Sandhai),Coconut,Coconut,Local,07/09/2026,5500,6500,6000
Tamil Nadu,Ariyalur,Ariyalur(Uzhavar Sandhai),Lemon,Lemon,Local,07/09/2026,3500,4500,4000
Tamil Nadu,Ariyalur,Ariyalur(Uzhavar Sandhai),Mint(Pudina),Mint(Pudina),Local,07/09/2026,5000,5500,5250
Madhya Pradesh,Mandsaur,Mandsaur(F&V) APMC,Cabbage,Cabbage,Grade A,07/09/2026,750,2025,1750
Madhya Pradesh,Khandwa,Khandwa(F&V) APMC,Capsicum,Capsicum,FAQ,07/09/2026,1000,3000,1800
Madhya Pradesh,Khandwa,Khandwa(F&V) APMC,Tomato,Tomato,FAQ,07/09/2026,800,1800,1310
Odisha,Nayagarh,Bahadajholla APMC,Tomato,Tomato,Grade B,07/09/2026,2145,2200,2145
Uttarakhand,Nanital,Haldwani APMC,Brinjal,Other,FAQ,07/09/2026,700,1000,900
Uttarakhand,Garhwal (Pauri),Kotadwara APMC,Tomato,Tomato,FAQ,07/09/2026,1400,1400,1400
Uttarakhand,Garhwal (Pauri),Kotadwara APMC,Onion,Onion,FAQ,07/09/2026,1800,1800,1800
Uttarakhand,Nanital,Ramnagar APMC,Brinjal,Other,Local,07/09/2026,1500,1800,1700
Andhra Pradesh,Ananthapuramu,Singanamala APMC,Groundnut,Local,Grade Range-1,07/09/2026,6600,7800,7200
Gujarat,Bhavnagar,Mahuva(Station Road) APMC,Green Gram(Moong)(Whole),Hybrid,FAQ,07/09/2026,4125,7505,5815
Haryana,Mahendragarh-Narnaul,Narnaul APMC,Onion,Onion,Medium,07/09/2026,3500,4000,3800
Haryana,Mahendragarh-Narnaul,Narnaul APMC,Cucumbar(Kheera),Cucumbar,Medium,07/09/2026,1500,3000,2500
Haryana,Mahendragarh-Narnaul,Narnaul APMC,Spinach,Spinach,Medium,07/09/2026,1800,2000,2000
Haryana,Mahendragarh-Narnaul,Narnaul APMC,Sponge gourd,Sponge gourd,Medium,07/09/2026,2000,3000,2500
Haryana,Mahendragarh-Narnaul,Narnaul APMC,Bottle gourd,Bottle Gourd,Medium,07/09/2026,800,1000,1000
Odisha,Cuttack,Banki APMC,Green Chilli,Other,Medium,07/09/2026,6000,7000,6500
Odisha,Cuttack,Banki APMC,Pumpkin,Other,Medium,07/09/2026,1200,2000,1500
Himachal Pradesh,Kangra,PMY Kangra,Pineapple,Other,Medium,07/09/2026,4000,4500,4200
Himachal Pradesh,Kangra,PMY Kangra,Mousambi(Sweet Lime),Mousambi,Medium,07/09/2026,4000,5000,4500
Himachal Pradesh,Kangra,PMY Kangra,Bitter gourd,Bitter Gourd,FAQ,07/09/2026,1500,2000,1800
Uttarakhand,Udhamsinghnagar,Sitarganj APMC,Colacasia,Other,Grade A,07/09/2026,2000,3000,2500
Uttarakhand,Udhamsinghnagar,Sitarganj APMC,Bhindi(Ladies Finger),Bhindi,Grade B,07/09/2026,1000,1500,1200
Rajasthan,Bharatpur,Bayana APMC,Onion,Onion,Local,07/09/2026,2200,2200,2200
Rajasthan,Bharatpur,Bayana APMC,Garlic,Garlic,Local,07/09/2026,8000,8000,8000
Punjab,Gurdaspur,Dinanagar APMC,Tomato,Tomato,Medium,07/09/2026,2000,2500,2300
Punjab,Gurdaspur,Dinanagar APMC,Carrot,Other,Medium,07/09/2026,2600,3000,2800
Punjab,Gurdaspur,Dinanagar APMC,French Beans(Frasbean),Other,Medium,07/09/2026,6000,6500,6300
Punjab,Gurdaspur,Dinanagar APMC,Cucumbar(Kheera),Other,Medium,07/09/2026,2300,2500,2400
Punjab,Gurdaspur,Dinanagar APMC,Onion,Other,Medium,07/09/2026,4600,4800,4700
Punjab,Hoshiarpur,Garh Shankar APMC,Capsicum,Capsicum,FAQ,07/09/2026,3200,3200,3200
Punjab,Hoshiarpur,Garh Shankar APMC,Field Pea,Field Pea,FAQ,07/09/2026,6000,6000,6000
Punjab,Hoshiarpur,Garh Shankar APMC,Garlic,Average,FAQ,07/09/2026,9000,9000,9000
Punjab,Hoshiarpur,Garh Shankar APMC,Green Chilli,Green Chilly,FAQ,07/09/2026,2500,2500,2500
Punjab,Jalandhar,Lohian Khas APMC,Potato,Other,Local,07/09/2026,300,500,400
Punjab,Ludhiana,Doraha APMC,Squash(Chappal Kadoo),Other,Local,07/09/2026,1000,1500,1300
Haryana,Panchkula,Barwala APMC,Brinjal,Brinjal,FAQ,07/09/2026,1500,2000,1750
Odisha,Gajapati,Parlakhemundi APMC,Ridgeguard(Tori),Ridgeguard(Tori),Grade Range-1,07/09/2026,3300,3500,3400
Odisha,Ganjam,Bhanjanagar APMC,Cucumbar(Kheera),Cucumbar,Medium,07/09/2026,3000,3200,3100
Odisha,Ganjam,Bhanjanagar APMC,Cluster beans,Cluster Beans,FAQ,07/09/2026,3000,3200,3100
Odisha,Boudh,Boudh APMC,Cabbage,Other,Local,07/09/2026,4000,5000,4500
Odisha,Boudh,Boudh APMC,Pumpkin,Other,Local,07/09/2026,1000,1500,1200
Odisha,Sundergarh,Sargipali APMC,Pointed gourd(Parval),Pointed gourd (Parval),FAQ,07/09/2026,3500,4000,3800
Odisha,Sundergarh,Sargipali APMC,Capsicum,Other,FAQ,07/09/2026,5200,6000,5500
Odisha,Mayurbhanja,Betnoti APMC,Brinjal,Brinjal,FAQ,07/09/2026,4000,4400,4200
Haryana,Panchkula,Raipur Rani APMC,Onion,Onion,Local,07/09/2026,2000,2200,2000
Haryana,Panchkula,Raipur Rani APMC,Bottle gourd,Bottle Gourd,Local,07/09/2026,1200,1400,1200
Keralam,Thiruvananthapuram,Pappanchani VFPCK Market,Amranthas Red,Chawli Lal,Grade A,07/09/2026,4000,4000,4000
Haryana,Jhajar,Bahadurgarh APMC,Raddish,Other,Medium,07/09/2026,1200,1500,1400
Haryana,Jhajar,Bahadurgarh APMC,Tinda,Other,Medium,07/09/2026,5000,6000,5500
Haryana,Jhajar,Bahadurgarh APMC,Brinjal,Other,Medium,07/09/2026,1200,1500,1400
Haryana,Jhajar,Bahadurgarh APMC,Cabbage,Other,Medium,07/09/2026,1500,2000,1800
Haryana,Jhajar,Bahadurgarh APMC,Cluster beans,Other,Medium,07/09/2026,5500,6000,5800
Haryana,Jhajar,Bahadurgarh APMC,Lemon,Other,Medium,07/09/2026,6500,7000,6800
Keralam,Alappuzha,Aroor Market,Bitter gourd,Other,FAQ,07/09/2026,6500,6700,6600
Keralam,Alappuzha,Aroor Market,Beetroot,Other,FAQ,07/09/2026,6200,6400,6300
Keralam,Alappuzha,Aroor Market,Capsicum,Other,FAQ,07/09/2026,8500,8700,8600
Keralam,Alappuzha,Chengannur Market,Brinjal,Brinjal,FAQ,07/09/2026,3900,4200,4000
Keralam,Alappuzha,Chengannur Market,Drumstick,Other,FAQ,07/09/2026,4800,5100,5000
Keralam,Alappuzha,Chengannur Market,Cluster beans,Cluster Beans,FAQ,07/09/2026,5800,6300,6000
Keralam,Alappuzha,Chengannur Market,Lemon,Lemon,FAQ,07/09/2026,7500,8200,8000
Keralam,Alappuzha,Chengannur Market,Ginger(Green),Green Ginger,FAQ,07/09/2026,13800,14300,14000
Keralam,Alappuzha,Chengannur Market,Onion,Onion,FAQ,07/09/2026,5500,6000,5800
Keralam,Alappuzha,Chengannur Market,Potato,Potato,FAQ,07/09/2026,2900,3200,3000
Keralam,Alappuzha,Chengannur Market,Snakeguard,Other,FAQ,07/09/2026,3900,4200,4000
Tamil Nadu,Coimbatore,Sundarapuram(Uzhavar Sandhai ),Brinjal,Other,Local,07/09/2026,4000,4500,4250
Tamil Nadu,Coimbatore,Sundarapuram(Uzhavar Sandhai ),Green Avare(W),Green Avare (W),Local,07/09/2026,5200,5600,5400
Tamil Nadu,Coimbatore,Sundarapuram(Uzhavar Sandhai ),Bitter gourd,Bitter Gourd,Local,07/09/2026,4000,4500,4250
Tamil Nadu,Coimbatore,Sundarapuram(Uzhavar Sandhai ),Pumpkin,Pumpkin,Local,07/09/2026,1400,1800,1600
Tamil Nadu,Coimbatore,Sundarapuram(Uzhavar Sandhai ),Bhindi(Ladies Finger),Bhindi,Local,07/09/2026,4000,4500,4250
Tamil Nadu,Coimbatore,Sundarapuram(Uzhavar Sandhai ),Banana - Green,Banana - Green,Local,07/09/2026,4000,4500,4250
Tamil Nadu,Coimbatore,Sundarapuram(Uzhavar Sandhai ),Onion,Bellary,Local,07/09/2026,5400,5800,5600
Tamil Nadu,Coimbatore,Sundarapuram(Uzhavar Sandhai ),Carrot,Pusakesar,Local,07/09/2026,6000,6500,6250
Tamil Nadu,Coimbatore,Sundarapuram(Uzhavar Sandhai ),Cabbage,Cabbage,Local,07/09/2026,2200,2600,2400
Tamil Nadu,Coimbatore,Sundarapuram(Uzhavar Sandhai ),Cucumbar(Kheera),Cucumbar,Local,07/09/2026,3500,4000,3750
Tamil Nadu,Coimbatore,Sundarapuram(Uzhavar Sandhai ),Thondekai,Thondekai,Local,07/09/2026,4000,4500,4250
Tamil Nadu,Coimbatore,Sundarapuram(Uzhavar Sandhai ),Chow Chow,Chow Chow,Local,07/09/2026,3200,3600,3400
Haryana,Gurgaon,Gurgaon APMC,Onion,Other,Grade B,07/09/2026,3500,4500,4000
Haryana,Gurgaon,Gurgaon APMC,Tomato,Other,Grade B,07/09/2026,800,1200,1000
Haryana,Gurgaon,Gurgaon APMC,Guava,Guava,Grade B,07/09/2026,5000,10000,7500
Andhra Pradesh,Kakinada,Jaggampet APMC,Paddy(Common),Common,FAQ,07/09/2026,2369,2380,2369
Haryana,Rohtak,Meham,Apple,Apple,Medium,07/09/2026,12000,12000,12000
Haryana,Rohtak,Meham,Onion,Medium,Medium,07/09/2026,4500,4500,4500
Haryana,Rohtak,Meham,Bitter gourd,Bitter Gourd,Medium,07/09/2026,3000,3000,3000
Odisha,Kalahandi,Kalahandi(Dharamagarh) APMC,Tomato,Other,Grade B,07/09/2026,2600,3200,2900
Karnataka,Shivamogga,APMC THIRTHAHALLI,Ginger(Dry),Dry,Local,07/09/2026,17563,17563,17563
Karnataka,Shivamogga,APMC THIRTHAHALLI,Arecanut(Betelnut/Supari),Gorabalu,Local,07/09/2026,30502,30502,30502
Karnataka,Shivamogga,APMC THIRTHAHALLI,Arecanut(Betelnut/Supari),Rashi,Local,07/09/2026,51625,51824,51824
Keralam,Alappuzha,Kayamkulam Market,Beetroot,Other,FAQ,07/09/2026,2700,2900,2800
Keralam,Alappuzha,Kayamkulam Market,Onion,Big,FAQ,07/09/2026,5300,5500,5400
Keralam,Alappuzha,Kayamkulam Market,Ginger(Green),Other,FAQ,07/09/2026,7500,7700,7600
Keralam,Alappuzha,Kayamkulam Market,Green Chilli,Other,FAQ,07/09/2026,4100,4300,4200
Andhra Pradesh,YSR Kadapa,Yerraguntla APMC,Onion,Local,FAQ,07/09/2026,2600,3000,2800
Uttar Pradesh,Siddharth Nagar,Bansi APMC,Onion,Other,FAQ,07/09/2026,1800,1800,1800
Odisha,Mayurbhanja,Karanjia APMC,Rice,Common,FAQ,07/09/2026,3500,3600,3600
Andhra Pradesh,YSR Kadapa,Kamalapuram APMC,Paddy(Common),B P T,Local,07/09/2026,2550,2550,2550
Uttar Pradesh,Khiri (Lakhimpur),Maigalganj APMC,Banana - Green,Banana - Green,FAQ,07/09/2026,1700,1750,1725
Uttar Pradesh,Khiri (Lakhimpur),Maigalganj APMC,Cabbage,Cabbage,FAQ,07/09/2026,860,900,880
Uttar Pradesh,Khiri (Lakhimpur),Maigalganj APMC,Wheat,Dara,FAQ,07/09/2026,2600,2600,2600
Uttar Pradesh,Khiri (Lakhimpur),Maigalganj APMC,Carrot,Carrot,FAQ,07/09/2026,1250,1290,1270
Uttar Pradesh,Khiri (Lakhimpur),Maigalganj APMC,Cauliflower,Cauliflower,FAQ,07/09/2026,1420,1460,1440
Uttar Pradesh,Khiri (Lakhimpur),Maigalganj APMC,Cucumbar(Kheera),Cucumbar,FAQ,07/09/2026,750,790,770
West Bengal,Coochbehar,Mathabhanga APMC,Rice,Common,FAQ,07/09/2026,4000,4200,4100
Keralam,Ernakulam,North Paravur Market,French Beans(Frasbean),French Beans (Frasbean),FAQ,07/09/2026,6000,7000,6500
Keralam,Ernakulam,North Paravur Market,Ginger(Green),Green Ginger,Grade Range-1,07/09/2026,15000,16000,15500
Keralam,Ernakulam,North Paravur Market,Little gourd(Kundru),Little gourd (Kundru),Medium,07/09/2026,3000,4000,3500
Keralam,Ernakulam,North Paravur Market,Lemon,Lemon,Large,07/09/2026,8500,9500,9000
Keralam,Ernakulam,North Paravur Market,Potato,Red Nanital,FAQ,07/09/2026,3500,4500,4000
Keralam,Ernakulam,North Paravur Market,Alsandikai,Alsandikai,Medium,07/09/2026,3000,4000,3500
Keralam,Ernakulam,North Paravur Market,Carrot,Carrot,FAQ,07/09/2026,5500,6000,5800
Keralam,Ernakulam,North Paravur Market,Cowpea(Veg),Cowpea (Veg),Medium,07/09/2026,4500,5500,5000
Keralam,Ernakulam,North Paravur Market,Coriander(Leaves),Coriander,FAQ,07/09/2026,8000,9000,8500
Himachal Pradesh,Solan,SMY Nalagarh,Bhindi(Ladies Finger),Other,Medium,07/09/2026,1000,2000,1500
Himachal Pradesh,Solan,SMY Nalagarh,Tomato,Other,Medium,07/09/2026,2500,3000,2800
Punjab,Bhatinda,Rampuraphul(Nabha Mandi) APMC,Water Melon,Other,Grade A,07/09/2026,1000,2000,1500
Punjab,Bhatinda,Rampuraphul(Nabha Mandi) APMC,Papaya,Papaya,Grade A,07/09/2026,2000,3500,3000
Punjab,Bhatinda,Rampuraphul(Nabha Mandi) APMC,Lemon,Lemon,Grade A,07/09/2026,5000,7000,6000
Punjab,Bhatinda,Rampuraphul(Nabha Mandi) APMC,Cucumbar(Kheera),Cucumbar,Grade A,07/09/2026,2000,3500,2500
Punjab,Bhatinda,Rampuraphul(Nabha Mandi) APMC,Green Chilli,Green Chilly,Grade A,07/09/2026,3500,4500,4000
Punjab,Bhatinda,Rampuraphul(Nabha Mandi) APMC,Ridgeguard(Tori),Ridgeguard(Tori),Grade A,07/09/2026,1500,2500,2000
Himachal Pradesh,Kangra,SMY Baijnath,Banana,Banana - Ripe,Grade B,07/09/2026,4100,4300,4200
Himachal Pradesh,Kangra,SMY Baijnath,Peas Wet,Peas Wet,Grade B,07/09/2026,14000,15000,14500
Himachal Pradesh,Kangra,SMY Jaisinghpur,Mousambi(Sweet Lime),Mousambi,Medium,07/09/2026,5200,5800,5500
Himachal Pradesh,Kangra,SMY Jaisinghpur,Pineapple,Other,Medium,07/09/2026,5000,5200,5100
Himachal Pradesh,Kangra,SMY Jaisinghpur,Colacasia,Colacasia,FAQ,07/09/2026,3400,3600,3500
Himachal Pradesh,Kangra,SMY Jaisinghpur,Pumpkin,Pumpkin,FAQ,07/09/2026,2200,2500,2400
Himachal Pradesh,Kangra,SMY Jaisinghpur,Brinjal,Brinjal,FAQ,07/09/2026,2800,3200,3000
Himachal Pradesh,Kangra,SMY Jaisinghpur,Raddish,Raddish,FAQ,07/09/2026,2500,2800,2600
Telangana,Hanumakonda,"Excise Colony,RBZ ",Carrot,Other,Grade A,07/09/2026,6000,6000,6000
Telangana,Hanumakonda,"Excise Colony,RBZ ",Bhindi(Ladies Finger),Other,Grade A,07/09/2026,2400,2400,2400
Telangana,Hanumakonda,"Excise Colony,RBZ ",Green Chilli,Other,Grade A,07/09/2026,3600,3600,3600
Keralam,Kannur,Taliparamba Market,Banana,Other,Large,07/09/2026,6900,7100,7000
Keralam,Kannur,Taliparamba Market,Green Chilli,Green Chilly,FAQ,07/09/2026,4900,5100,5000
Keralam,Kozhikode(Calicut),Thamarassery Market,Beetroot,Other,FAQ,07/09/2026,5800,5800,5800
Keralam,Kozhikode(Calicut),Thamarassery Market,Cabbage,Other,FAQ,07/09/2026,2300,2700,2300
Keralam,Kozhikode(Calicut),Thamarassery Market,Cucumbar(Kheera),Other,FAQ,07/09/2026,1200,1200,1200
Keralam,Kozhikode(Calicut),Thamarassery Market,Pumpkin,Other,FAQ,07/09/2026,1200,1300,1200
Keralam,Kozhikode(Calicut),Thamarassery Market,Snakeguard,Other,FAQ,07/09/2026,4000,4200,4000
Odisha,Angul,Angul(Atthamallick) APMC,Bhindi(Ladies Finger),Bhindi,Grade B,07/09/2026,3500,4500,4000
Keralam,Kozhikode(Calicut),Quilandy Market,Bhindi(Ladies Finger),Other,FAQ,07/09/2026,3800,4000,4000
Keralam,Kozhikode(Calicut),Quilandy Market,Bitter gourd,Other,FAQ,07/09/2026,5700,6000,5900
Keralam,Kozhikode(Calicut),Quilandy Market,French Beans(Frasbean),Other,FAQ,07/09/2026,5800,6000,6000
Odisha,Sundergarh,Bonai APMC,Cucumbar(Kheera),Other,FAQ,07/09/2026,3010,3220,3125
Tamil Nadu,Erode,Sathiyamagalam(Uzhavar Sandhai ),Bitter gourd,Other,Local,07/09/2026,5000,5500,5250
Tamil Nadu,Erode,Sathiyamagalam(Uzhavar Sandhai ),Guava,Guava Allahabad,Local,07/09/2026,5000,5500,5250
Tamil Nadu,Erode,Sathiyamagalam(Uzhavar Sandhai ),Elephant Yam(Suran)/Amorphophallus,Elephant Yam (Suran),Local,07/09/2026,3400,3800,3600
Tamil Nadu,Erode,Sathiyamagalam(Uzhavar Sandhai ),Turnip,Turnip,Local,07/09/2026,6500,7000,6750
Tamil Nadu,Erode,Sathiyamagalam(Uzhavar Sandhai ),Mint(Pudina),Mint(Pudina),Local,07/09/2026,4500,5000,4750
Haryana,Fatehabad,Bhuna APMC,Bajra(Pearl Millet/Cumbu),Other,Local,07/09/2026,2200,2200,2200
Tamil Nadu,Coimbatore,Mettupalayam(Uzhavar Sandhai ),Papaya,Papaya,Local,07/09/2026,3500,4000,3750
Tamil Nadu,Coimbatore,Mettupalayam(Uzhavar Sandhai ),Water Melon,Water Melon,Local,07/09/2026,2000,2500,2250
Tamil Nadu,Coimbatore,Mettupalayam(Uzhavar Sandhai ),Mousambi(Sweet Lime),Mousambi,Local,07/09/2026,4500,5000,4750
Tamil Nadu,Coimbatore,Mettupalayam(Uzhavar Sandhai ),Banana - Green,Banana - Green,Local,07/09/2026,4500,5000,4750
Tamil Nadu,Coimbatore,Mettupalayam(Uzhavar Sandhai ),Beans,Beans (Whole),Local,07/09/2026,6000,7000,6500
Tamil Nadu,Coimbatore,Mettupalayam(Uzhavar Sandhai ),Cabbage,Cabbage,Local,07/09/2026,2500,3000,2750
Tamil Nadu,Coimbatore,Mettupalayam(Uzhavar Sandhai ),Beetroot,Beetroot,Local,07/09/2026,4500,5500,5000
Tamil Nadu,Coimbatore,Mettupalayam(Uzhavar Sandhai ),Mango(Raw-Ripe),Mango - Raw-Ripe,Local,07/09/2026,6500,7000,6750
Tamil Nadu,Coimbatore,Mettupalayam(Uzhavar Sandhai ),Mashrooms,Mashrooms,Local,07/09/2026,18000,20000,19000
Tamil Nadu,Coimbatore,Mettupalayam(Uzhavar Sandhai ),Baby Corn,Baby Corn,Grade A,07/09/2026,2500,3000,2750
Telangana,Hyderabad,RYTHU BAZAR MEHDIPATNAM,Bottle gourd,Bottle Gourd,Grade A,07/09/2026,900,900,900
Telangana,Hyderabad,RYTHU BAZAR MEHDIPATNAM,Cluster beans,Cluster Beans,Grade A,07/09/2026,2800,2800,2800
Telangana,Hyderabad,RYTHU BAZAR MEHDIPATNAM,Cauliflower,Cauliflower,Grade A,07/09/2026,1800,1800,1800
Odisha,Kendrapara,Kendrapara(Marshaghai) APMC,Pumpkin,Pumpkin,Grade B,07/09/2026,3000,3000,3000
Uttar Pradesh,Sant Kabir Nagar,Khalilabad APMC,Pumpkin,Pumpkin,Medium,07/09/2026,1000,1200,1100
Uttar Pradesh,Sant Kabir Nagar,Khalilabad APMC,Bitter gourd,Bitter Gourd,Medium,07/09/2026,1700,1800,1750
Punjab,Ludhiana,Raikot APMC,Papaya,Other,Grade A,07/09/2026,3120,3120,3120
Tamil Nadu,Namakkal,Tiruchengode APMC,Ashgourd,Gouard,Local,07/09/2026,2200,2500,2350
Tamil Nadu,Namakkal,Tiruchengode APMC,Yam(Ratalu),Yam (Ratalu),Local,07/09/2026,6200,7000,6600
Tamil Nadu,Namakkal,Tiruchengode APMC,Lemon,Lemon,Local,07/09/2026,9500,11000,10250
Tamil Nadu,Namakkal,Tiruchengode APMC,Onion Green,Onion Green,Local,07/09/2026,6200,7000,6600
Tamil Nadu,Namakkal,Tiruchengode APMC,Mint(Pudina),Mint(Pudina),Local,07/09/2026,4500,5000,4750
Tamil Nadu,Namakkal,Tiruchengode APMC,Sweet Corn ,Sweet Corn ,Local,07/09/2026,4500,5000,4750
Uttar Pradesh,Agra,Fatehpur Sikri APMC,Tomato,Other,FAQ,07/09/2026,1600,1600,1600
Tamil Nadu,Ariyalur,Jeyankondam (Uzhavar Sandhai ),Bottle gourd,Bottle Gourd,Local,07/09/2026,2500,3000,2750
Tamil Nadu,Ariyalur,Jeyankondam (Uzhavar Sandhai ),Onion,Bellary,Local,07/09/2026,5500,6000,5750
Tamil Nadu,Ariyalur,Jeyankondam (Uzhavar Sandhai ),Onion Green,Onion Green,Local,07/09/2026,7000,8000,7500
Andhra Pradesh,Visakhapatnam,Bhimunipatnam APMC,Ragi(Finger Millet),Local,Local,07/09/2026,5000,5000,5000
Uttar Pradesh,Shamli,Khandhla APMC,Bottle gourd,Bottle Gourd,FAQ,07/09/2026,800,880,840
Uttar Pradesh,Rampur,Bilaspur APMC,Firewood,Firewood,FAQ,07/09/2026,360,360,360
Telangana,Hyderabad,RYTHU BAZAR ERRAGADDA,Green Chilli,Green Chilly,Grade A,07/09/2026,2800,2800,2800
Telangana,Hyderabad,RYTHU BAZAR ERRAGADDA,Onion,1st Sort,Grade A,07/09/2026,4000,4000,4000
Telangana,Hyderabad,RYTHU BAZAR ERRAGADDA,Potato,Potato,Grade A,07/09/2026,1700,1700,1700
Telangana,Hyderabad,RYTHU BAZAR ERRAGADDA,Cluster beans,Cluster Beans,Grade A,07/09/2026,2800,2800,2800
Telangana,Hyderabad,RYTHU BAZAR ERRAGADDA,Drumstick,Drumstick,Grade A,07/09/2026,4500,4500,4500
Telangana,Hyderabad,RYTHU BAZAR ERRAGADDA,Leafy Vegetable,Leafy Vegetables,Grade A,07/09/2026,1500,1500,1500
Telangana,Hyderabad,RYTHU BAZAR ERRAGADDA,Beetroot,Beetroot,Grade A,07/09/2026,3500,3500,3500
Telangana,Hyderabad,RYTHU BAZAR ERRAGADDA,Other green and fresh vegetables,Other,Grade A,07/09/2026,1500,1500,1500
Tamil Nadu,Coimbatore,RSPuram(Uzhavar Sandhai ),Coriander(Leaves),I Sort,Local,07/09/2026,3500,4000,3750
Tamil Nadu,Coimbatore,RSPuram(Uzhavar Sandhai ),Green Peas,Green Peas,Local,07/09/2026,20000,22000,21000
Tamil Nadu,Coimbatore,RSPuram(Uzhavar Sandhai ),Mousambi(Sweet Lime),Mousambi,Local,07/09/2026,4000,5000,4500
Tamil Nadu,Coimbatore,RSPuram(Uzhavar Sandhai ),Beans,Beans (Whole),Local,07/09/2026,6500,7500,7000
Tamil Nadu,Coimbatore,RSPuram(Uzhavar Sandhai ),Beetroot,Beetroot,Local,07/09/2026,5400,5800,5600
Tamil Nadu,Coimbatore,RSPuram(Uzhavar Sandhai ),Raddish,Raddish,Local,07/09/2026,2500,3000,2750
Tamil Nadu,Coimbatore,RSPuram(Uzhavar Sandhai ),Chow Chow,Chow Chow,Local,07/09/2026,3000,3200,3100
Tamil Nadu,Coimbatore,RSPuram(Uzhavar Sandhai ),Karbuja(Musk Melon),Karbhuja,Local,07/09/2026,3500,4000,3750
Tamil Nadu,Coimbatore,RSPuram(Uzhavar Sandhai ),Elephant Yam(Suran)/Amorphophallus,Elephant Yam (Suran),Local,07/09/2026,3400,3800,3600
Tamil Nadu,Coimbatore,RSPuram(Uzhavar Sandhai ),Colacasia,Colacasia,Local,07/09/2026,4500,5000,4750
Tamil Nadu,Coimbatore,RSPuram(Uzhavar Sandhai ),Mashrooms,Mashrooms,Local,07/09/2026,20000,25000,22500
Tamil Nadu,Coimbatore,RSPuram(Uzhavar Sandhai ),Baby Corn,Baby Corn,Grade A,07/09/2026,2200,2600,2400
Tamil Nadu,Coimbatore,Singanallur(Uzhavar Sandhai ),Garlic,Garlic,Local,07/09/2026,22000,24000,23000
Tamil Nadu,Coimbatore,Singanallur(Uzhavar Sandhai ),Cauliflower,Ranchi,Local,07/09/2026,4500,5000,4750
Tamil Nadu,Coimbatore,Singanallur(Uzhavar Sandhai ),Green Peas,Green Peas,Local,07/09/2026,23000,24000,23500
Tamil Nadu,Coimbatore,Singanallur(Uzhavar Sandhai ),Papaya,Papaya,Local,07/09/2026,4400,4800,4600
Tamil Nadu,Coimbatore,Singanallur(Uzhavar Sandhai ),Ashgourd,Gouard,Local,07/09/2026,1800,2000,1900
Tamil Nadu,Coimbatore,Singanallur(Uzhavar Sandhai ),Pumpkin,Pumpkin,Local,07/09/2026,1800,2000,1900
Tamil Nadu,Coimbatore,Singanallur(Uzhavar Sandhai ),Bhindi(Ladies Finger),Bhindi,Local,07/09/2026,4000,4500,4250
Tamil Nadu,Coimbatore,Singanallur(Uzhavar Sandhai ),Green Chilli,Green Chilly,Local,07/09/2026,4000,4500,4250
Tamil Nadu,Coimbatore,Singanallur(Uzhavar Sandhai ),Tapioca,Tapioca,Local,07/09/2026,3200,3600,3400
Tamil Nadu,Coimbatore,Singanallur(Uzhavar Sandhai ),Potato,Other,Local,07/09/2026,4000,5000,4500
Tamil Nadu,Coimbatore,Singanallur(Uzhavar Sandhai ),Beetroot,Beetroot,Local,07/09/2026,5000,5800,5400
Tamil Nadu,Coimbatore,Singanallur(Uzhavar Sandhai ),Capsicum,Capsicum,Local,07/09/2026,5500,6000,5750
Tamil Nadu,Coimbatore,Singanallur(Uzhavar Sandhai ),Chow Chow,Chow Chow,Local,07/09/2026,3200,3600,3400
Tamil Nadu,Coimbatore,Singanallur(Uzhavar Sandhai ),Mint(Pudina),Mint(Pudina),Local,07/09/2026,4500,5000,4750
Odisha,Mayurbhanja,Narasinghpur APMC,Colacasia,Colacasia,Local,07/09/2026,3000,6000,4000
Odisha,Mayurbhanja,Narasinghpur APMC,Brinjal,Brinjal,Local,07/09/2026,3000,5000,4000
Gujarat,Rajkot,Rajkot(Veg.Sub Yard) APMC,Potato,Potato,FAQ,07/09/2026,470,1450,975
Tamil Nadu,Coimbatore,Pollachi(Uzhavar Sandhai ),Bitter gourd,Bitter Gourd,Local,07/09/2026,5500,6000,5750
Tamil Nadu,Coimbatore,Pollachi(Uzhavar Sandhai ),Ashgourd,Gouard,Local,07/09/2026,1800,2200,2000
Tamil Nadu,Coimbatore,Pollachi(Uzhavar Sandhai ),Banana,Red Banana,Local,07/09/2026,8000,9000,8500
Tamil Nadu,Coimbatore,Pollachi(Uzhavar Sandhai ),Drumstick,Drumstick,Local,07/09/2026,3000,3500,3250
Tamil Nadu,Coimbatore,Pollachi(Uzhavar Sandhai ),Tender Coconut,Tender Coconut,Local,07/09/2026,3500,4000,3750
Tamil Nadu,Coimbatore,Pollachi(Uzhavar Sandhai ),Elephant Yam(Suran)/Amorphophallus,Elephant Yam (Suran),Local,07/09/2026,3500,4000,3750
Tamil Nadu,Coimbatore,Pollachi(Uzhavar Sandhai ),Lemon,Lemon,Local,07/09/2026,17000,19000,18000
Tamil Nadu,Coimbatore,Pollachi(Uzhavar Sandhai ),Mint(Pudina),Mint(Pudina),Local,07/09/2026,5000,6000,5500
Andhra Pradesh,Chittor,V. Kota Sub-yard of AMC Palamaneru,Tomato,Other,FAQ,07/09/2026,1300,1866,1500
Uttar Pradesh,Mahoba,Charkhari APMC,Wheat,Dara,FAQ,07/09/2026,2500,2500,2500
Uttar Pradesh,Shamli,Kairana APMC,Onion,Other,FAQ,07/09/2026,3600,3600,3600
Uttar Pradesh,Shamli,Kairana APMC,Green Chilli,Other,FAQ,07/09/2026,2000,2000,2000
Uttar Pradesh,Shamli,Kairana APMC,Bitter gourd,Bitter Gourd,FAQ,07/09/2026,2400,2500,2450
Uttar Pradesh,Shamli,Kairana APMC,Apple,Other,Medium,07/09/2026,2100,2200,2150
Uttar Pradesh,Shamli,Kairana APMC,Lemon,Lemon,FAQ,07/09/2026,4000,4100,4050
Odisha,Sonepur,Pandkital APMC,Pumpkin,Other,Local,07/09/2026,1100,1250,1200
Odisha,Rayagada,Rayagada(Muniguda) APMC,Brinjal,Brinjal,Grade B,07/09/2026,3300,3740,3500
Telangana,Siddipet,Siddipet(Rythu Bazar) ,Bottle gourd,Bottle Gourd,Grade A,07/09/2026,800,1200,1000
Telangana,Siddipet,Siddipet(Rythu Bazar) ,Capsicum,Capsicum,Grade A,07/09/2026,3000,4000,3600
Uttar Pradesh,Farukhabad,Kamlaganj APMC,Potato,Other,FAQ,07/09/2026,550,550,550
Telangana,Ranga Reddy,"Vanasthalipuram,RBZ ",Ladies Finger,Ladies Finger,Grade A,07/09/2026,3500,3500,3500
Telangana,Ranga Reddy,"Vanasthalipuram,RBZ ",Leafy Vegetable,Leafy Vegetables,Grade A,07/09/2026,5000,5000,5000
Telangana,Ranga Reddy,"Vanasthalipuram,RBZ ",Wild Cucumber,Wild Cucumber,Grade A,07/09/2026,1600,1600,1600
Odisha,Bhadrak,Chandabali APMC,Onion,Other,Grade Range-2,07/09/2026,3800,4200,4050
Tamil Nadu,Karur,Karur(Uzhavar Sandhai ),Papaya,Papaya,Local,07/09/2026,4000,4500,4250
Tamil Nadu,Karur,Karur(Uzhavar Sandhai ),Cluster beans,Cluster Beans,Local,07/09/2026,3000,3500,3250
Tamil Nadu,Karur,Karur(Uzhavar Sandhai ),Bhindi(Ladies Finger),Bhindi,Local,07/09/2026,3500,4000,3750
Tripura,Sepahijala,Bishramganj,Pointed gourd(Parval),Other,Medium,07/09/2026,4000,5000,4500
Tripura,Sepahijala,Bishramganj,Brinjal,Round/Long,Medium,07/09/2026,3500,4500,4000
Tripura,Unokoti,Machmara,Onion,Nasik,FAQ,07/09/2026,4300,4500,4400
Tripura,Unokoti,Machmara,Potato,Local,FAQ,07/09/2026,1000,1200,1100
Tripura,Unokoti,Panichowki,Brinjal,Brinjal,Medium,07/09/2026,2800,2800,2800
Tamil Nadu,Coimbatore,Kurichi(Uzhavar Sandhai ),Bottle gourd,Bottle Gourd,Local,07/09/2026,3000,3500,3250
Tamil Nadu,Coimbatore,Kurichi(Uzhavar Sandhai ),Bhindi(Ladies Finger),Bhindi,Local,07/09/2026,4000,4500,4250
Tamil Nadu,Coimbatore,Kurichi(Uzhavar Sandhai ),Banana - Green,Banana - Green,Local,07/09/2026,4000,4500,4250
Tamil Nadu,Coimbatore,Kurichi(Uzhavar Sandhai ),Tapioca,Tapioca,Local,07/09/2026,3000,3500,3250
Tamil Nadu,Coimbatore,Kurichi(Uzhavar Sandhai ),Coconut,Coconut,Local,07/09/2026,5500,6000,5750
Tamil Nadu,Coimbatore,Kurichi(Uzhavar Sandhai ),Sweet Potato,Hosur Red,Local,07/09/2026,4500,5000,4750
Tamil Nadu,Coimbatore,Kurichi(Uzhavar Sandhai ),Ridgeguard(Tori),Ridgeguard(Tori),Local,07/09/2026,4000,4500,4250
Tamil Nadu,Coimbatore,Kurichi(Uzhavar Sandhai ),Raddish,Raddish,Local,07/09/2026,3000,3500,3250
Tamil Nadu,Coimbatore,Kurichi(Uzhavar Sandhai ),Onion Green,Onion Green,Local,07/09/2026,8000,8500,8250
Tamil Nadu,Coimbatore,Kurichi(Uzhavar Sandhai ),Mint(Pudina),Mint(Pudina),Local,07/09/2026,4500,5000,4750
Tamil Nadu,Cuddalore,Chidambaram(Uzhavar Sandhai ),Brinjal,Round,Local,07/09/2026,4000,5000,4500
Tamil Nadu,Cuddalore,Chidambaram(Uzhavar Sandhai ),Banana,Besrai,Local,07/09/2026,4000,4000,4000
Tamil Nadu,Cuddalore,Chidambaram(Uzhavar Sandhai ),Coconut,Coconut,Local,07/09/2026,6000,6000,6000
Tamil Nadu,Cuddalore,Chidambaram(Uzhavar Sandhai ),Raddish,Raddish,Local,07/09/2026,3000,3000,3000
Tamil Nadu,Cuddalore,Cuddalore(Uzhavar Sandhai ),Tomato,Deshi,Local,07/09/2026,2600,2600,2600
Tamil Nadu,Cuddalore,Cuddalore(Uzhavar Sandhai ),Cluster beans,Cluster Beans,Local,07/09/2026,3500,3500,3500
Tamil Nadu,Cuddalore,Cuddalore(Uzhavar Sandhai ),Bitter gourd,Bitter Gourd,Local,07/09/2026,6000,7000,6500
Tamil Nadu,Cuddalore,Cuddalore(Uzhavar Sandhai ),Green Chilli,Green Chilly,Local,07/09/2026,5000,6000,5500
Tamil Nadu,Cuddalore,Cuddalore(Uzhavar Sandhai ),Tapioca,Tapioca,Local,07/09/2026,5000,6000,5500
Tamil Nadu,Cuddalore,Cuddalore(Uzhavar Sandhai ),Onion,Bellary,Local,07/09/2026,5000,6000,5500
Tamil Nadu,Cuddalore,Cuddalore(Uzhavar Sandhai ),Coconut,Coconut,Local,07/09/2026,6000,7000,6500
Tamil Nadu,Cuddalore,Cuddalore(Uzhavar Sandhai ),Carrot,Pusakesar,Local,07/09/2026,5000,5000,5000
Tamil Nadu,Cuddalore,Cuddalore(Uzhavar Sandhai ),Colacasia,Colacasia,Local,07/09/2026,6000,6000,6000
Tamil Nadu,Cuddalore,Cuddalore(Uzhavar Sandhai ),Mint(Pudina),Mint(Pudina),Local,07/09/2026,5000,5000,5000
Tamil Nadu,Chengalpattu,Thirukalukundram(Uzhavar Sandhai ),Green Chilli,Green Chilly,Local,07/09/2026,5000,5000,5000
Tamil Nadu,Chengalpattu,Thirukalukundram(Uzhavar Sandhai ),Green Avare(W),Green Avare (W),Local,07/09/2026,6500,6500,6500
Tamil Nadu,Chengalpattu,Thirukalukundram(Uzhavar Sandhai ),Amla(Nelli Kai),Amla,Local,07/09/2026,10000,11000,10500
Madhya Pradesh,Ashoknagar,Ashoknagar APMC,Soyabean,Soyabeen,FAQ,07/09/2026,1900,5760,5760
Madhya Pradesh,Datia,Bhander APMC,Wheat,Other,FAQ,07/09/2026,2674,2698,2698
Tamil Nadu,Tuticorin,Tuticorin(Uzhavar Sandhai ),Coriander(Leaves),I Sort,Local,07/09/2026,4500,5000,4750
Tamil Nadu,Tuticorin,Tuticorin(Uzhavar Sandhai ),Amaranthus,Amaranthus,Local,07/09/2026,800,1000,900
Tamil Nadu,Tuticorin,Tuticorin(Uzhavar Sandhai ),Green Chilli,Green Chilly,Local,07/09/2026,6000,7000,6500
Tamil Nadu,Tuticorin,Tuticorin(Uzhavar Sandhai ),Banana - Green,Banana - Green,Local,07/09/2026,2500,3000,2750
Tamil Nadu,Tuticorin,Tuticorin(Uzhavar Sandhai ),Beans,Beans (Whole),Local,07/09/2026,11000,12000,11500
Tamil Nadu,Tuticorin,Tuticorin(Uzhavar Sandhai ),Apple,American,Local,07/09/2026,19000,20000,19500
Tamil Nadu,Tuticorin,Tuticorin(Uzhavar Sandhai ),Ginger(Green),Green Ginger,Local,07/09/2026,19000,20000,19500
Tamil Nadu,Tuticorin,Tuticorin(Uzhavar Sandhai ),Sweet Potato,Hosur Red,Local,07/09/2026,7500,8000,7750
Tamil Nadu,Tuticorin,Tuticorin(Uzhavar Sandhai ),Ridgeguard(Tori),Ridgeguard(Tori),Local,07/09/2026,4500,5000,4750
Tamil Nadu,Tuticorin,Tuticorin(Uzhavar Sandhai ),Capsicum,Capsicum,Local,07/09/2026,7500,8000,7750
Tamil Nadu,Tuticorin,Tuticorin(Uzhavar Sandhai ),Yam(Ratalu),Yam (Ratalu),Local,07/09/2026,9000,10000,9500
Tamil Nadu,Tuticorin,Tuticorin(Uzhavar Sandhai ),Lemon,Lemon,Local,07/09/2026,27000,28000,27500
Tamil Nadu,Tuticorin,Tuticorin(Uzhavar Sandhai ),Colacasia,Colacasia,Local,07/09/2026,6000,7000,6500
Tamil Nadu,Tuticorin,Tuticorin(Uzhavar Sandhai ),Mashrooms,Mashrooms,Local,07/09/2026,24000,25000,24500
Tamil Nadu,Tuticorin,Tuticorin(Uzhavar Sandhai ),Onion Green,Onion Green,Local,07/09/2026,7500,8000,7750
Madhya Pradesh,Indore,Indore APMC,Maize,Local,FAQ,07/09/2026,2375,2460,2460
Karnataka,Bengaluru,Binny Mill (FF&V) Bengaluru APMC,Banana,Nauti Bale,Local,07/09/2026,700,2500,1600
Karnataka,Bengaluru,Binny Mill (FF&V) Bengaluru APMC,Pineapple,Pine Apple,Local,07/09/2026,2000,3000,2500
Karnataka,Bengaluru,Binny Mill (FF&V) Bengaluru APMC,Chikoos(Sapota),Sapota,Local,07/09/2026,3000,4000,3500
Karnataka,Bengaluru,Binny Mill (FF&V) Bengaluru APMC,Mousambi(Sweet Lime),Mousambi,Large,07/09/2026,2800,3800,3400
Karnataka,Bengaluru,Binny Mill (FF&V) Bengaluru APMC,Green Chilli,Green Chilly,Local,07/09/2026,3500,4000,3700
Karnataka,Bengaluru,Binny Mill (FF&V) Bengaluru APMC,Sweet Potato,Sweet Potato,Local,07/09/2026,2800,3200,3000
Karnataka,Bengaluru,Binny Mill (FF&V) Bengaluru APMC,Cabbage,Cabbage,Local,07/09/2026,1500,1700,1600
Karnataka,Bengaluru,Binny Mill (FF&V) Bengaluru APMC,Thondekai,Thondekai,Local,07/09/2026,2400,2700,2500
Madhya Pradesh,Dewas,Dewas APMC,Mustard,Mustard,FAQ,07/09/2026,7181,7181,7181
Madhya Pradesh,Dewas,Dewas APMC,Bengal Gram(Gram)(Whole),Gram,FAQ,07/09/2026,6540,6540,6540
Madhya Pradesh,Satna,Satna APMC,Wheat,Wheat,Non-FAQ,07/09/2026,2500,2500,2500
Madhya Pradesh,Vidisha,Ganjbasoda APMC,Wheat,Sujatha,FAQ,07/09/2026,2608,2798,2798
Madhya Pradesh,Vidisha,Vidisha APMC,Mustard,Mustard,FAQ,07/09/2026,7340,7340,7340
Telangana,Hyderabad,Mahboob Manison APMC,Tomato,Tomato,Medium,07/09/2026,1000,1400,1200
Telangana,Hyderabad,Mahboob Manison APMC,Cluster beans,Cluster Beans,Medium,07/09/2026,2000,3000,2500
Telangana,Hyderabad,Mahboob Manison APMC,Carrot,Carrot,Medium,07/09/2026,3000,3500,3250
Bihar,Saharsa,Saharsa APMC,Onion,Onion,FAQ,07/09/2026,1900,2100,2000
Bihar,Khagaria,Khagaria APMC,Bhindi(Ladies Finger),Bhindi,Grade A,07/09/2026,699.99993,866.66658,799.99992
Bihar,Khagaria,Khagaria APMC,Cabbage,Cabbage,Grade A,07/09/2026,2499.99975,2866.66638,2666.6664
Bihar,Khagaria,Khagaria APMC,Little gourd(Kundru),Little gourd (Kundru),Grade A,07/09/2026,1199.99988,1416.666525,1266.66654
Bihar,Khagaria,Khagaria APMC,Tomato,Deshi,Grade A,07/09/2026,2999.9997,3599.99964,3166.66635
Madhya Pradesh,Sehore,Sehore APMC,Maize,Local,FAQ,07/09/2026,1550,1550,1550
Tamil Nadu,Nagercoil (Kannyiakumari),Vadaseri APMC,Garlic,Garlic,Local,07/09/2026,20000,22000,21000
Tamil Nadu,Nagercoil (Kannyiakumari),Vadaseri APMC,Brinjal,Round,Local,07/09/2026,5500,6000,5750
Tamil Nadu,Nagercoil (Kannyiakumari),Vadaseri APMC,Papaya,Papaya,Local,07/09/2026,3500,4000,3750
Tamil Nadu,Nagercoil (Kannyiakumari),Vadaseri APMC,Bottle gourd,Bottle Gourd,Local,07/09/2026,1700,2000,1850
Tamil Nadu,Nagercoil (Kannyiakumari),Vadaseri APMC,Ashgourd,Gouard,Local,07/09/2026,2200,2500,2350
Tamil Nadu,Nagercoil (Kannyiakumari),Vadaseri APMC,Banana - Green,Banana - Green,Local,07/09/2026,6500,7000,6750
Tamil Nadu,Nagercoil (Kannyiakumari),Vadaseri APMC,Beans,Beans (Whole),Local,07/09/2026,11600,12600,12100
Tamil Nadu,Nagercoil (Kannyiakumari),Vadaseri APMC,Carrot,Pusakesar,Local,07/09/2026,7500,8000,7750
Tamil Nadu,Nagercoil (Kannyiakumari),Vadaseri APMC,Snakeguard,Snakeguard,Local,07/09/2026,3500,4000,3750
Tamil Nadu,Nagercoil (Kannyiakumari),Vadaseri APMC,Cucumbar(Kheera),Cucumbar,Local,07/09/2026,2200,2500,2350
Tamil Nadu,Nagercoil (Kannyiakumari),Vadaseri APMC,Mango(Raw-Ripe),Mango - Raw-Ripe,Local,07/09/2026,6500,7000,6750
Tamil Nadu,Nagercoil (Kannyiakumari),Vadaseri APMC,Jasmine,Jasmine,Local,07/09/2026,45000,55000,50000
Tamil Nadu,Nagercoil (Kannyiakumari),Vadaseri APMC,Mint(Pudina),Mint(Pudina),Local,07/09/2026,6500,7000,6750
Tamil Nadu,Pudukkottai,Karambakkudi(Uzhavar Sandhai ),Raddish,Raddish,Local,07/09/2026,3500,4000,3750
Tamil Nadu,Pudukkottai,Karambakkudi(Uzhavar Sandhai ),Mint(Pudina),Mint(Pudina),Local,07/09/2026,4500,5000,4750
Madhya Pradesh,Mandsaur,Mandsaur APMC,Wheat,Wheat,Non-FAQ,07/09/2026,2751,2961,2961
Madhya Pradesh,Mandsaur,Mandsaur APMC,Coriander(Leaves),Coriander,Non-FAQ,07/09/2026,9201,14500,14500
Meghalaya,East Khasi Hills,Shillong APMC,Cabbage,MH-139,FAQ,07/09/2026,1800,2000,1900
Meghalaya,East Khasi Hills,Shillong APMC,Capsicum,California Wonder,FAQ,07/09/2026,3500,6500,5000
Meghalaya,East Khasi Hills,Shillong APMC,Brinjal,Other,FAQ,07/09/2026,4500,5000,4800
Madhya Pradesh,Morena,Kailaras APMC,Cauliflower,Other,FAQ,07/09/2026,1100,2000,2000
Madhya Pradesh,Morena,Kailaras APMC,Bitter gourd,Other,FAQ,07/09/2026,2000,2000,2000
Madhya Pradesh,Morena,Kailaras APMC,Spinach,Spinach,FAQ,07/09/2026,1000,1500,1500
Madhya Pradesh,Hoshangabad,Banapura APMC,Green Gram(Moong)(Whole),Green (Whole),FAQ,07/09/2026,1300,7780,7780
Madhya Pradesh,Ujjain,Nagda APMC,Wheat,Wheat,Non-FAQ,07/09/2026,2670,2670,2670
Madhya Pradesh,Ujjain,Nagda APMC,Soyabean,Soyabeen,FAQ,07/09/2026,4550,4550,4550
Chattisgarh,Balodabazar,Kasdol APMC,Paddy(Common),D.B.,Non-FAQ,07/09/2026,1800,1800,1800
Madhya Pradesh,Raisen,Bareli APMC,Green Gram(Moong)(Whole),Green (Whole),FAQ,07/09/2026,5455,7312,7312
Madhya Pradesh,Harda,Harda APMC,Wheat,Mill Quality,FAQ,07/09/2026,2635,2744,2709
Madhya Pradesh,Harda,Harda APMC,Bengal Gram(Gram)(Whole),Chana Kabuli,FAQ,07/09/2026,4501,6625,4501
Madhya Pradesh,Dhar,Kukshi APMC,Cotton,Without Ginned Cotton,FAQ,07/09/2026,7550,8250,8000
Madhya Pradesh,Dewas,Sonkatch APMC,Wheat,Wheat,FAQ,07/09/2026,2603,2775,2709
Madhya Pradesh,Shajapur,Agar APMC,Wheat,Wheat,FAQ,07/09/2026,2608,2682,2682
Madhya Pradesh,Shajapur,Agar APMC,Coriander(Leaves),Coriander,FAQ,07/09/2026,10001,13541,13541
Madhya Pradesh,Sagar,Khurai APMC,Bengal Gram(Gram)(Whole),Gram,FAQ,07/09/2026,5310,6136,6136
Madhya Pradesh,Sagar,Khurai APMC,Lentil(Masur)(Whole),Masur Dal,FAQ,07/09/2026,5900,6000,6000
Tamil Nadu,Vellore,Thirupathur APMC,Banana,Besrai,Local,07/09/2026,4000,4000,4000
Tamil Nadu,Vellore,Thirupathur APMC,Ginger(Green),Green Ginger,Local,07/09/2026,20000,20000,20000
Tamil Nadu,Vellore,Thirupathur APMC,Cabbage,Cabbage,Local,07/09/2026,3000,3000,3000
Tamil Nadu,Vellore,Thirupathur APMC,Thondekai,Thondekai,Local,07/09/2026,4000,4000,4000
Tamil Nadu,Vellore,Thirupathur APMC,Yam(Ratalu),Yam (Ratalu),Local,07/09/2026,4000,4000,4000
Tamil Nadu,Vellore,Vellore APMC,Coriander(Leaves),I Sort,Local,07/09/2026,3500,3500,3500
Tamil Nadu,Vellore,Vellore APMC,Bitter gourd,Bitter Gourd,Local,07/09/2026,4000,4500,4250
Tamil Nadu,Vellore,Vellore APMC,Bottle gourd,Bottle Gourd,Local,07/09/2026,2000,2000,2000
Tamil Nadu,Vellore,Vellore APMC,Ashgourd,Gouard,Local,07/09/2026,2000,2500,2250
Tamil Nadu,Vellore,Vellore APMC,Pumpkin,Pumpkin,Local,07/09/2026,2000,2500,2250
Tamil Nadu,Vellore,Vellore APMC,Apple,American,Local,07/09/2026,26000,26000,26000
Tamil Nadu,Vellore,Vellore APMC,Coconut,Coconut,Local,07/09/2026,3000,4000,3500
Tamil Nadu,Vellore,Vellore APMC,Capsicum,Capsicum,Local,07/09/2026,4000,4800,4400
Tamil Nadu,Vellore,Vellore APMC,Green Avare(W),Green Avare (W),Local,07/09/2026,5000,5800,5400
Tamil Nadu,Vellore,Vellore APMC,Guava,Guava Allahabad,Local,07/09/2026,4000,5000,4500
Tamil Nadu,Vellore,Vellore APMC,Pomegranate,Pomogranate,Local,07/09/2026,15000,15000,15000
Tamil Nadu,Vellore,Vellore APMC,Lemon,Lemon,Local,07/09/2026,12000,12000,12000
Tamil Nadu,Vellore,Vellore APMC,Amla(Nelli Kai),Amla,Local,07/09/2026,9000,10000,9500
Tamil Nadu,Vellore,Vellore APMC,Mint(Pudina),Mint(Pudina),Local,07/09/2026,4000,4000,4000
Chattisgarh,Surajpur,Surajpur APMC,Paddy(Common),Mahamaya,Non-FAQ,07/09/2026,2390,2390,2390
Bihar,Supaul,Birpur APMC,Onion,Hybrid,Grade A,07/09/2026,2500,3000,2800
Madhya Pradesh,Mandsaur,Garoth APMC,Wheat,Wheat,Non-FAQ,07/09/2026,2530,2531,2531
Madhya Pradesh,Sehore,Jawar APMC,Wheat,Wheat,FAQ,07/09/2026,2638,2658,2658
Madhya Pradesh,Mandsaur,Daloda APMC,Garlic,Garlic,FAQ,07/09/2026,3299,18000,11300
Tamil Nadu,Dharmapuri,Harur(Uzhavar Sandhai ),Garlic,Garlic,Local,07/09/2026,20000,25000,22500
Tamil Nadu,Dharmapuri,Harur(Uzhavar Sandhai ),Brinjal,Round,Local,07/09/2026,2500,3000,2750
Tamil Nadu,Dharmapuri,Harur(Uzhavar Sandhai ),Tomato,Deshi,Local,07/09/2026,2000,2500,2250
Tamil Nadu,Dharmapuri,Harur(Uzhavar Sandhai ),Cluster beans,Cluster Beans,Local,07/09/2026,3500,4000,3750
Tamil Nadu,Dharmapuri,Harur(Uzhavar Sandhai ),Beans,Beans (Whole),Local,07/09/2026,8500,9000,8750
Tamil Nadu,Dharmapuri,Harur(Uzhavar Sandhai ),Knool Khol,Knool Khol,Local,07/09/2026,5000,6000,5500
Tamil Nadu,Dharmapuri,Harur(Uzhavar Sandhai ),Mint(Pudina),Mint(Pudina),Local,07/09/2026,3500,4000,3750
Tamil Nadu,Krishnagiri,Kaveripattinam(Uzhavar Sandhai ),Bitter gourd,Bitter Gourd,Local,07/09/2026,5000,5000,5000
Tamil Nadu,Krishnagiri,Kaveripattinam(Uzhavar Sandhai ),Green Chilli,Green Chilly,Local,07/09/2026,5000,5000,5000
Tamil Nadu,Krishnagiri,Kaveripattinam(Uzhavar Sandhai ),Banana,Besrai,Local,07/09/2026,4000,7000,5500
Tamil Nadu,Krishnagiri,Kaveripattinam(Uzhavar Sandhai ),Carrot,Pusakesar,Local,07/09/2026,6000,6000,6000
Tamil Nadu,The Nilgiris,Coonoor(Uzhavar Sandhai ),Potato,Other,Local,07/09/2026,5000,6000,5500
Tamil Nadu,The Nilgiris,Coonoor(Uzhavar Sandhai ),Amaranthus,Amaranthus,Local,07/09/2026,5500,6000,5750
Tamil Nadu,The Nilgiris,Coonoor(Uzhavar Sandhai ),Onion,Bellary,Local,07/09/2026,6000,6400,6200
Tamil Nadu,The Nilgiris,Coonoor(Uzhavar Sandhai ),Ginger(Green),Green Ginger,Local,07/09/2026,10000,16000,13000
Tamil Nadu,The Nilgiris,Coonoor(Uzhavar Sandhai ),Raddish,Raddish,Local,07/09/2026,3300,3500,3400
Tamil Nadu,The Nilgiris,Coonoor(Uzhavar Sandhai ),Green Avare(W),Green Avare (W),Local,07/09/2026,5000,5500,5250
Tamil Nadu,The Nilgiris,Coonoor(Uzhavar Sandhai ),Lime,Lime,Local,07/09/2026,10000,11000,10500
Tamil Nadu,The Nilgiris,Coonoor(Uzhavar Sandhai ),Onion Green,Onion Green,Local,07/09/2026,7000,7500,7250
Tamil Nadu,The Nilgiris,Gudalur(Uzhavar Sandhai ),Bitter gourd,Bitter Gourd,Local,07/09/2026,4500,5000,4750
Tamil Nadu,The Nilgiris,Gudalur(Uzhavar Sandhai ),Ashgourd,Gouard,Local,07/09/2026,1800,2000,1900
Tamil Nadu,The Nilgiris,Gudalur(Uzhavar Sandhai ),Onion,Bellary,Local,07/09/2026,5500,6000,5750
Tamil Nadu,The Nilgiris,Gudalur(Uzhavar Sandhai ),Ginger(Green),Green Ginger,Local,07/09/2026,10000,15000,12500
Tamil Nadu,The Nilgiris,Gudalur(Uzhavar Sandhai ),Carrot,Pusakesar,Local,07/09/2026,4000,5000,4500
Tamil Nadu,The Nilgiris,Gudalur(Uzhavar Sandhai ),Beetroot,Beetroot,Local,07/09/2026,5000,6000,5500
Tamil Nadu,The Nilgiris,Gudalur(Uzhavar Sandhai ),Raddish,Raddish,Local,07/09/2026,3000,3500,3250
Tamil Nadu,The Nilgiris,Gudalur(Uzhavar Sandhai ),Mint(Pudina),Mint(Pudina),Local,07/09/2026,5000,6000,5500
Odisha,Angul,Angul APMC,Pumpkin,Pumpkin,Grade B,07/09/2026,2000,2000,2000
Odisha,Angul,Angul APMC,Bhindi(Ladies Finger),Other,Grade B,07/09/2026,3000,3000,3000
Uttarakhand,Dehradoon,Dehradoon APMC,Mousambi(Sweet Lime),Other,Grade B,07/09/2026,2850,4500,3500
Uttarakhand,Dehradoon,Dehradoon APMC,Banana,Banana - Ripe,Grade B,07/09/2026,1450,2000,1800
Uttarakhand,Dehradoon,Dehradoon APMC,Papaya,Other,Grade B,07/09/2026,1400,2000,1800
Himachal Pradesh,Kangra,SMY Jwalaji,Banana,Other,Medium,07/09/2026,4000,4800,4200
Himachal Pradesh,Kangra,SMY Jwalaji,Bitter gourd,Bitter Gourd,FAQ,07/09/2026,1500,2000,1750
Himachal Pradesh,Chamba,PMY Chamba,Banana,Other,Medium,07/09/2026,4000,4500,4250
Himachal Pradesh,Chamba,PMY Chamba,Papaya,Papaya,Medium,07/09/2026,5000,5500,5250
Himachal Pradesh,Chamba,PMY Chamba,Bitter gourd,Bitter Gourd,Medium,07/09/2026,2500,3000,2750
Himachal Pradesh,Chamba,PMY Chamba,Potato,Potato,Medium,07/09/2026,1000,1200,1100
Himachal Pradesh,Chamba,PMY Chamba,Onion,Onion,Medium,07/09/2026,4800,5200,5000
Himachal Pradesh,Hamirpur,PMY Hamirpur,Colacasia,Other,Grade B,07/09/2026,3000,3200,3100
Himachal Pradesh,Hamirpur,PMY Hamirpur,Peas Wet,Peas Wet,Grade B,07/09/2026,12000,15000,13500
Himachal Pradesh,Hamirpur,PMY Hamirpur,Potato,Other,Grade B,07/09/2026,1000,2500,1700
Himachal Pradesh,Hamirpur,PMY Hamirpur,Cucumbar(Kheera),Cucumbar,Grade B,07/09/2026,4000,4500,4250
Himachal Pradesh,Kullu,SMY Bhuntar,Onion,Other,FAQ,07/09/2026,5400,6200,5800
Himachal Pradesh,Kullu,SMY Bhuntar,Tomato,Other,FAQ,07/09/2026,600,2500,1500
Himachal Pradesh,Kullu,SMY Bhuntar,Potato,Other,FAQ,07/09/2026,1000,2200,1700
Himachal Pradesh,Kullu,SMY Bhuntar,Cabbage,Other,FAQ,07/09/2026,1500,2000,1800
Himachal Pradesh,Kullu,SMY Bhuntar,Capsicum,Other,FAQ,07/09/2026,2000,3000,2500
Himachal Pradesh,Kullu,SMY Bhuntar,Bhindi(Ladies Finger),Other,FAQ,07/09/2026,1200,1500,1300
Himachal Pradesh,Kullu,SMY Bhuntar,Brinjal,Other,FAQ,07/09/2026,1000,2000,1500
Himachal Pradesh,Kullu,SMY Bhuntar,Apple,Apple,Medium,07/09/2026,3000,14000,8000
Himachal Pradesh,Kullu,SMY Bhuntar,Persimon(Japani Fal),Other,Medium,07/09/2026,6000,12000,9000
Himachal Pradesh,Kullu,SMY Bhuntar,Banana,Other,Medium,07/09/2026,3600,3800,3700
Himachal Pradesh,Kangra,SMY Palampur,Pineapple,Pine Apple,Medium,07/09/2026,4800,5000,4900
Himachal Pradesh,Kangra,SMY Palampur,Mousambi(Sweet Lime),Mousambi,Medium,07/09/2026,5000,5500,5200
Himachal Pradesh,Kangra,SMY Palampur,Potato,Potato,FAQ,07/09/2026,1200,2400,1800
Himachal Pradesh,Kangra,SMY Palampur,Pomegranate,Pomogranate,Medium,07/09/2026,6000,15000,10000
Himachal Pradesh,Kangra,SMY Palampur,Pea Pod/Pea Cod/हरी मटर,Other,FAQ,07/09/2026,14000,15000,14500
Himachal Pradesh,Kangra,SMY Palampur,Brinjal,Brinjal,FAQ,07/09/2026,2500,3000,2800
Himachal Pradesh,Kangra,SMY Palampur,French Beans(Frasbean),Other,FAQ,07/09/2026,5000,6000,5500
Himachal Pradesh,Kangra,SMY Palampur,Bitter gourd,Bitter Gourd,FAQ,07/09/2026,3200,3500,3400
Tripura,South Tripura,Santir Bazar APMC,Brinjal,Round/Long,Local,07/09/2026,4800,5200,5000
Tripura,Sepahijala,Bishalgarh APMC,Green Chilli,Green Chilly,Medium,07/09/2026,8500,9500,9000
Manipur,Imphal East,Lamlong Bazaar APMC,Rice,Other,Local,07/09/2026,5100,5100,5100
Manipur,Imphal East,Lamlong Bazaar APMC,Onion,Onion,FAQ,07/09/2026,5500,6000,5750
Manipur,Imphal East,Lamlong Bazaar APMC,Banana,Other,Local,07/09/2026,5500,6000,5750
Manipur,Imphal East,Lamlong Bazaar APMC,Dry Chillies,Dry Chillies,FAQ,07/09/2026,26000,28000,27000
Uttar Pradesh,Agra,Agra APMC,Peas(Dry),Other,FAQ,07/09/2026,4050,4050,4050
West Bengal,Malda,English Bazar APMC,Potato,Local,FAQ,07/09/2026,620,650,630
West Bengal,Paschim Bardhaman,Asansol APMC,Green Gram Dal(Moong Dal),Green Gram Dal,FAQ,07/09/2026,12400,12600,12550
West Bengal,Paschim Bardhaman,Asansol APMC,Brinjal,Other,FAQ,07/09/2026,3550,3750,3650
West Bengal,Paschim Bardhaman,Asansol APMC,Red gram split/Arhar dal/Tur dal,Arhar Dal(Tur),FAQ,07/09/2026,12450,12650,12550
West Bengal,Paschim Bardhaman,Asansol APMC,Mustard,Other,FAQ,07/09/2026,6275,6500,6400
Himachal Pradesh,Solan,SMY Dharampur,Capsicum,Capsicum,Medium,07/09/2026,200,1000,1000
Odisha,Bargarh,Padampur APMC,Pumpkin,Pumpkin,Local,07/09/2026,800,1100,900
Punjab,Tarntaran,Patti APMC,Apple,Other,Grade B,07/09/2026,2000,2000,2000
Punjab,Tarntaran,Patti APMC,Bitter gourd,Other,Local,07/09/2026,0.08,0.08,0.08
Punjab,Tarntaran,Patti APMC,Colacasia,Other,Local,07/09/2026,0.1,0.1,0.1
Punjab,Tarntaran,Patti APMC,Garlic,Other,Local,07/09/2026,25.3,25.3,25.3
Uttarakhand,Dehradoon,Vikasnagar APMC,Tomato,Other,Medium,07/09/2026,700,1000,1000
Uttarakhand,Dehradoon,Vikasnagar APMC,Bottle gourd,Other,Medium,07/09/2026,400,700,700
Uttarakhand,Dehradoon,Vikasnagar APMC,Cabbage,Cabbage,Medium,07/09/2026,500,2000,1200
Andhra Pradesh,Tirupathi,Venkatagiri APMC,Paddy(Common),MTU-1010,FAQ,07/09/2026,2350,2450,2400
Punjab,Mohali,Lalru APMC,Brinjal,Other,Local,07/09/2026,2500,2500,2500
Punjab,Mohali,Lalru APMC,Onion,Other,Local,07/09/2026,4200,4200,4200
Punjab,Mohali,Lalru APMC,Potato,Other,Local,07/09/2026,850,850,850
Uttarakhand,Haridwar,Manglaur APMC,Bottle gourd,Other,Large,07/09/2026,500,650,550
Uttarakhand,Haridwar,Manglaur APMC,Tomato,Other,Large,07/09/2026,1000,1800,1500
Uttarakhand,Haridwar,Manglaur APMC,Pumpkin,Other,Large,07/09/2026,500,800,600
Uttarakhand,Haridwar,Manglaur APMC,Cucumbar(Kheera),Other,Large,07/09/2026,800,1600,1000
Uttarakhand,Dehradoon,Rishikesh APMC,Pomegranate,Other,Medium,07/09/2026,6200,10000,7800
Uttarakhand,Dehradoon,Rishikesh APMC,Potato,Other,Medium,07/09/2026,745,980,840
Uttarakhand,Dehradoon,Rishikesh APMC,Brinjal,Other,Medium,07/09/2026,1000,2000,1200
Uttarakhand,Dehradoon,Rishikesh APMC,Tomato,Other,Medium,07/09/2026,1500,2400,1800
Telangana,Sangareddy,Sangareddy APMC,Potato,Other,Grade B,07/09/2026,1600,1600,1600
Telangana,Sangareddy,Sangareddy APMC,Brinjal,Brinjal,Grade B,07/09/2026,1700,1700,1700
Haryana,Sonipat,Gohana APMC,Carrot,Other,Medium,07/09/2026,6000,8000,7000
Haryana,Sonipat,Gohana APMC,Cauliflower,Other,Medium,07/09/2026,3000,6000,5000
Haryana,Sonipat,Gohana APMC,Brinjal,Other,Medium,07/09/2026,2000,2500,2200
Haryana,Sonipat,Gohana APMC,Green Chilli,Other,Medium,07/09/2026,3000,6000,5000
Haryana,Sonipat,Gohana APMC,Pomegranate,Other,Medium,07/09/2026,10000,12000,11000
Uttar Pradesh,Mau(Maunathbhanjan),Kopaganj APMC,Apple,Apple,Grade B,07/09/2026,9000,9100,9050
Uttar Pradesh,Mau(Maunathbhanjan),Kopaganj APMC,Papaya,Papaya,Grade B,07/09/2026,1450,1500,1490
Haryana,Gurgaon,Sohna APMC,Bottle gourd,Bottle Gourd,Local,07/09/2026,1000,2000,1500
Haryana,Gurgaon,Sohna APMC,Raddish,Raddish,Local,07/09/2026,1000,2500,2000
Haryana,Gurgaon,Sohna APMC,Bhindi(Ladies Finger),Bhindi,Local,07/09/2026,1600,2500,2000
Haryana,Gurgaon,Sohna APMC,Spinach,Spinach,Local,07/09/2026,2000,2500,2500
Haryana,Hissar,Hansi APMC,Bhindi(Ladies Finger),Other,FAQ,07/09/2026,1500,1800,1650
Haryana,Hissar,Hansi APMC,Ginger(Dry),Other,FAQ,07/09/2026,8000,10000,9000
Haryana,Hissar,Hansi APMC,Brinjal,Other,FAQ,07/09/2026,1000,1500,1250
Haryana,Hissar,Hansi APMC,Cauliflower,Other,FAQ,07/09/2026,4000,5000,4500
Haryana,Hissar,Hansi APMC,Lemon,Other,FAQ,07/09/2026,6000,10000,8000
Haryana,Hissar,Hansi APMC,Raddish,Other,FAQ,07/09/2026,2000,2500,2250
Haryana,Hissar,Hansi APMC,Potato,Other,FAQ,07/09/2026,1000,4000,1000
Haryana,Hissar,Hansi APMC,Onion,Other,FAQ,07/09/2026,4000,5000,4500
Telangana,Medchal Malkajgiri,"Kukatpally,RBZ",Cucumbar(Kheera),Cucumbar,Local,07/09/2026,2300,2300,2300
Telangana,Medchal Malkajgiri,"Kukatpally,RBZ",Other green and fresh vegetables,Other,Local,07/09/2026,2000,2000,2000
Telangana,Medchal Malkajgiri,"Kukatpally,RBZ",Bitter gourd,Bitter Gourd,Local,07/09/2026,3200,3200,3200
Telangana,Medchal Malkajgiri,"Kukatpally,RBZ",Cauliflower,African Sarson,Local,07/09/2026,1800,1800,1800
Telangana,Medchal Malkajgiri,"Kukatpally,RBZ",Bottle gourd,Bottle Gourd,Local,07/09/2026,900,900,900
Telangana,Medchal Malkajgiri,"Kukatpally,RBZ",Banana - Green,Banana - Green,Local,07/09/2026,1100,1100,1100
Telangana,Medchal Malkajgiri,"Kukatpally,RBZ",Drumstick,Drumstick,Local,07/09/2026,4500,4500,4500
Punjab,Amritsar,Rayya APMC,Raddish,Other,FAQ,07/09/2026,2160,2160,2160
Punjab,Fatehgarh,Khamano APMC,Tomato,Tomato,FAQ,07/09/2026,2000,2000,2000
Punjab,Fatehgarh,Khamano APMC,Cauliflower,Cauliflower,FAQ,07/09/2026,5000,5000,5000
Punjab,Fatehgarh,Khamano APMC,Bitter gourd,Bitter Gourd,FAQ,07/09/2026,1500,1500,1500
Punjab,Fatehgarh,Khamano APMC,Cucumbar(Kheera),Cucumbar,FAQ,07/09/2026,3000,3000,3000
Jammu and Kashmir,Kupwara,Handwara Kupwara (F&V),Apple,Delicious,Medium,07/09/2026,4687.5,5000,4687.5
Gujarat,Amreli,Savarkundla APMC,Groundnut,Bold,Local,07/09/2026,6000,7650,7000
Uttarakhand,Champawat,Tanakpur APMC,Rice,Other,Grade Range-1,07/09/2026,5000,5000,5000
Andhra Pradesh,Anakapally,Anakapally APMC,Gur(Jaggery),Anakapalli,Grade Range-2,07/09/2026,5400,5700,5550
West Bengal,Murshidabad,Jiaganj APMC,Potato,Local,FAQ,07/09/2026,500,600,550
West Bengal,Dakshin Dinajpur,Gangarampur(Dakshin Dinajpur) APMC,Squash(Chappal Kadoo),Other,FAQ,07/09/2026,1000,1600,1500
West Bengal,Dakshin Dinajpur,Gangarampur(Dakshin Dinajpur) APMC,Ridgeguard(Tori),Other,FAQ,07/09/2026,3000,3500,3300
West Bengal,Dakshin Dinajpur,Gangarampur(Dakshin Dinajpur) APMC,Brinjal,Other,FAQ,07/09/2026,3500,4000,3800
Uttarakhand,Haridwar,Bhagwanpur(Naveen Mandi Sthal) APMC,Bottle gourd,Other,Grade A,07/09/2026,500,600,550
Keralam,Kollam,Kottarakkara Market,Beetroot,Other,Local,07/09/2026,2000,2000,2000
Keralam,Kollam,Kottarakkara Market,Bhindi(Ladies Finger),Other,Local,07/09/2026,2000,2000,2000
Keralam,Kollam,Kottarakkara Market,Cauliflower,Other,Local,07/09/2026,2100,2100,2100
Keralam,Kollam,Kottarakkara Market,Cowpea(Veg),Other,Local,07/09/2026,1000,1000,1000
Keralam,Kollam,Kottarakkara Market,Green Chilli,Other,Local,07/09/2026,3000,3000,3000
Keralam,Kollam,Kottarakkara Market,Onion,Other,Local,07/09/2026,3000,3000,3000
Keralam,Kollam,Kottarakkara Market,Tomato,Other,Local,07/09/2026,3000,3000,3000
Telangana,Khammam,"Pavilion Ground,Khammam,RBZ",Tomato,Deshi,FAQ,07/09/2026,3000,3000,3000
Himachal Pradesh,Kangra,SMY Dharamshala,Mousambi(Sweet Lime),Mousambi,Medium,07/09/2026,4800,5200,5000
Himachal Pradesh,Kangra,SMY Dharamshala,Pineapple,Pine Apple,Medium,07/09/2026,4200,4500,4350
Himachal Pradesh,Kangra,SMY Dharamshala,Papaya,Papaya,Medium,07/09/2026,5000,5200,5150
Himachal Pradesh,Kangra,SMY Dharamshala,Bhindi(Ladies Finger),Bhindi,FAQ,07/09/2026,2600,2800,2700
Himachal Pradesh,Kangra,SMY Dharamshala,French Beans(Frasbean),French Beans (Frasbean),FAQ,07/09/2026,5000,6000,5500
Himachal Pradesh,Kangra,SMY Dharamshala,Garlic,Garlic,FAQ,07/09/2026,16000,18000,17000
Himachal Pradesh,Kangra,SMY Dharamshala,Cucumbar(Kheera),Cucumbar,FAQ,07/09/2026,3000,4000,3500
Himachal Pradesh,Kullu,SMY Shatt,Pomegranate,Pomogranate,Medium,07/09/2026,4000,7000,6000
Himachal Pradesh,Shimla,SMY Mehndli,Pear(Marasebu),Pears,Grade A,07/09/2026,20000,27500,25000
Keralam,Thirssur,Kodassery VFPCK Market,Banana,Nendra Bale,Grade A,07/09/2026,5200,5200,5200
Andhra Pradesh,Prakasam,Santhamaguluru APMC,Maize,Hybrid,FAQ,07/09/2026,2400,2480,2450
Andhra Pradesh,Sri Sathya Sai,Gorantla  APMC,Maize,Hybrid/Local,FAQ,07/09/2026,2000,2400,2200
Tripura,Dhalai,Kulai APMC,Ashgourd,Ashgourd,Grade B,07/09/2026,3000,3500,3300
Tripura,Dhalai,Kulai APMC,Bitter gourd,Bitter Gourd,Grade B,07/09/2026,8500,9000,8700
Andhra Pradesh,Prakasam,Maddipadu APMC,Bengal Gram(Gram)(Whole),Gulabi,FAQ,07/09/2026,6000,6000,6000
Keralam,Kozhikode(Calicut),Mukkom Market,Grapes,Other,Large,07/09/2026,8500,9500,9000
Keralam,Kozhikode(Calicut),Mukkom Market,Beetroot,Beetroot,FAQ,07/09/2026,5000,5400,5200
Keralam,Kozhikode(Calicut),Mukkom Market,Amaranthus,Amaranthus,FAQ,07/09/2026,3500,3800,3600
Keralam,Kozhikode(Calicut),Mukkom Market,Cabbage,Cabbage,FAQ,07/09/2026,2800,3200,3000
Keralam,Kozhikode(Calicut),Mukkom Market,Brinjal,Brinjal,FAQ,07/09/2026,4500,5000,4700
Keralam,Kozhikode(Calicut),Mukkom Market,Cucumbar(Kheera),Cucumbar,FAQ,07/09/2026,1900,2100,2000
Keralam,Kozhikode(Calicut),Mukkom Market,Ginger(Green),Green Ginger,FAQ,07/09/2026,16500,17500,17000
Keralam,Kozhikode(Calicut),Mukkom Market,Onion,Onion,FAQ,07/09/2026,5000,5400,5200
Gujarat,Rajkot,Jasdan APMC,Castor Seed,Castor seed,FAQ,07/09/2026,5500,5500,5500
Gujarat,Rajkot,Jasdan APMC,Beans,Local,FAQ,07/09/2026,2000,5250,3750
Gujarat,Rajkot,Jasdan APMC,Methi Seeds,Methiseeds,FAQ,07/09/2026,5000,7000,6500
Madhya Pradesh,Mandsaur,Garoth(F&V) APMC,Ladies Finger,Ladies Finger,Local,07/09/2026,2500,2950,2800
Keralam,Ernakulam,Thrippunithura Market,Bottle gourd,Bottle Gourd,Medium,07/09/2026,5000,6000,5200
Keralam,Ernakulam,Thrippunithura Market,Capsicum,Capsicum,Medium,07/09/2026,7000,10000,8000
Keralam,Ernakulam,Thrippunithura Market,Elephant Yam(Suran)/Amorphophallus,Amorphophallus,Medium,07/09/2026,5000,6000,5200
Keralam,Ernakulam,Thrippunithura Market,Indian Beans(Seam),Other,Medium,07/09/2026,8500,9500,8700
Keralam,Ernakulam,Thrippunithura Market,Potato,Potato,Medium,07/09/2026,4500,5000,4500
Keralam,Ernakulam,Thrippunithura Market,Pineapple,Pine Apple,Medium,07/09/2026,8300,9000,8500
Punjab,Bhatinda,Bhagta Bhai Ka APMC,Potato,Other,Medium,07/09/2026,900,900,900
Punjab,Bhatinda,Bhagta Bhai Ka APMC,Green Chilli,Other,Medium,07/09/2026,4500,4500,4500
Keralam,Kannur,Thalasserry Market,Carrot,Carrot,FAQ,07/09/2026,5700,6600,6000
Keralam,Kannur,Thalasserry Market,Banana,Other,Large,07/09/2026,5800,7000,6300
Gujarat,Sabarkantha,Himatnagar APMC,Bajra(Pearl Millet/Cumbu),Local,Local,07/09/2026,2250,2725,2395
Haryana,Rewari,Kosli APMC,Guava,Guava,Medium,07/09/2026,3000,3000,3000
Haryana,Rewari,Kosli APMC,Cabbage,Other,FAQ,07/09/2026,2000,2000,2000
Haryana,Rewari,Kosli APMC,Tinda,Other,FAQ,07/09/2026,3000,3000,3000
Punjab,Gurdaspur,Batala APMC,Bhindi(Ladies Finger),Other,Grade C,07/09/2026,4000,4500,4200
Haryana,Sonipat,Ganaur APMC,Raddish,Raddish,Medium,07/09/2026,2000,3000,2500
Haryana,Sonipat,Ganaur APMC,Bhindi(Ladies Finger),Bhindi,Medium,07/09/2026,2500,3000,2800
Haryana,Sonipat,Ganaur APMC,Bitter gourd,Bitter Gourd,Medium,07/09/2026,2500,3000,2800
Haryana,Sonipat,Ganaur APMC,Spinach,Spinach,Medium,07/09/2026,3000,4000,3500
Haryana,Rohtak,Sampla APMC,Cucumbar(Kheera),Other,Local,07/09/2026,1800,2000,1800
Haryana,Rohtak,Sampla APMC,Mousambi(Sweet Lime),Other,Local,07/09/2026,4000,4000,4000
Haryana,Yamuna Nagar,Radaur APMC,Apple,Other,Medium,07/09/2026,5600,6500,6000
Haryana,Mewat,FerozpurZirkha(Nagina) APMC,Tomato,Other,Local,07/09/2026,2400,2800,2600
Haryana,Mewat,FerozpurZirkha(Nagina) APMC,Bottle gourd,Other,Local,07/09/2026,800,1200,1000
Punjab,Gurdaspur,Dera Baba Nanak APMC,Brinjal,Other,Grade A,07/09/2026,662,662,662
Punjab,Gurdaspur,Quadian APMC,Capsicum,Other,Grade A,07/09/2026,3800,4000,3900
Punjab,Gurdaspur,Quadian APMC,Tomato,Other,Grade A,07/09/2026,2800,3000,2900
Punjab,Gurdaspur,Quadian APMC,Green Chilli,Other,Grade A,07/09/2026,2300,2500,2400
Punjab,Hoshiarpur,GarhShankar (Kotfatuhi) APMC,Tomato,Other,FAQ,07/09/2026,2400,2400,2400
Punjab,Jalandhar,Nakodar APMC,Cucumbar(Kheera),Cucumbar,Local,07/09/2026,2200,2200,2200
Punjab,Jalandhar,Noor Mehal APMC,Pumpkin,Other,Local,07/09/2026,1100,1100,1100
Punjab,Ludhiana,Jagraon APMC,Bhindi(Ladies Finger),Other,FAQ,07/09/2026,1200,1200,1200
Punjab,Ludhiana,Jagraon APMC,Lemon,Other,FAQ,07/09/2026,5100,5100,5100
Punjab,Ludhiana,Jagraon APMC,Carrot,Other,FAQ,07/09/2026,850,850,850
Punjab,Ludhiana,Jagraon APMC,Potato,Other,FAQ,07/09/2026,230,230,230
Keralam,Kollam,Anchal Market,Bottle gourd,Bottle Gourd,Local,07/09/2026,2700,2700,2700
Rajasthan,Kota,Kota APMC,Mustard,Mustard,Local,07/09/2026,7800,7800,7800
Rajasthan,Kota,Kota APMC,Maize,Local,Local,07/09/2026,2250,2250,2250
Rajasthan,Kota,Kota APMC,Bengal Gram(Gram)(Whole),Other,Local,07/09/2026,5500,5500,5500
Rajasthan,Jaipur,Jaipur (F&V) APMC,Garlic,Average,FAQ,07/09/2026,6000,17000,11500
Rajasthan,Jaipur,Jaipur (F&V) APMC,Lemon,Lemon,FAQ,07/09/2026,7000,9000,8000
Rajasthan,Jaipur,Jaipur (F&V) APMC,Tomato,Other,FAQ,07/09/2026,2000,2300,2150
Rajasthan,Jaipur,Jaipur (F&V) APMC,Spinach,Other,FAQ,07/09/2026,1000,2000,1500
Rajasthan,Jaipur,Jaipur (F&V) APMC,Papaya,Other,Medium,07/09/2026,2500,4000,3250
Rajasthan,Jaipur,Jaipur (F&V) APMC,Pointed gourd(Parval),Pointed gourd (Parval),FAQ,07/09/2026,1200,3000,2100
Rajasthan,Jaipur,Jaipur (F&V) APMC,Bitter gourd,Bitter Gourd,FAQ,07/09/2026,2500,3000,2750
Rajasthan,Jhunjhunu,Nawalgarh APMC,Onion,Red,Local,07/09/2026,2270,2270,2270
Rajasthan,Churu,Sadulpur APMC,Cowpea(Lobia/Karamani),Other,Local,07/09/2026,5000,5000,5000
Rajasthan,Hanumangarh,Goluwala APMC,Tomato,Deshi,Non-FAQ,07/09/2026,2800,3200,3200
Rajasthan,Ganganagar,Suratgarh APMC,Wheat,Other,FAQ,07/09/2026,2666,2667,2667
Andhra Pradesh,NTR,Nandigama APMC,Paddy(Common),B P T,Grade Range-1,07/09/2026,2350,2350,2350
Rajasthan,Kota,Kota (F&V) APMC,Mousambi(Sweet Lime),Other,Medium,07/09/2026,2250,2250,2250
Rajasthan,Kota,Kota (F&V) APMC,Banana,Other,Medium,07/09/2026,2200,2200,2200
Rajasthan,Jalore,Jalore APMC,Bottle gourd,Bottle Gourd,Local,07/09/2026,800,1000,900
Rajasthan,Jalore,Jalore APMC,Cabbage,Cabbage,Local,07/09/2026,1600,2000,1800
Rajasthan,Jalore,Jalore APMC,Potato,Potato,Local,07/09/2026,1200,1500,1300
Rajasthan,Jalore,Jalore APMC,Coriander(Leaves),Coriander,Local,07/09/2026,2500,3000,2800
Rajasthan,Jalore,Jalore APMC,Onion,Onion,Local,07/09/2026,2800,3200,3000
Punjab,Ludhiana,Khanna APMC,Lemon,Other,Grade A,07/09/2026,5000,5000,5000
Punjab,Ludhiana,Khanna APMC,Cauliflower,Other,Grade A,07/09/2026,2500,2500,2500
Punjab,Ludhiana,Khanna APMC,Green Chilli,Green Chilly,Grade A,07/09/2026,1500,1500,1500
Keralam,Kottayam,Athirampuzha Market,Beetroot,Beetroot,FAQ,07/09/2026,5000,5200,5100
Keralam,Kottayam,Athirampuzha Market,Bhindi(Ladies Finger),Bhindi,FAQ,07/09/2026,3500,3700,3600
Keralam,Kottayam,Athirampuzha Market,Drumstick,Drumstick,FAQ,07/09/2026,3000,3200,3100
Jammu and Kashmir,Baramulla,Sopore (Nowpora) (F&V),Pear(Marasebu),Other,Grade A,07/09/2026,4500,4500,4500
Keralam,Kottayam,Thalayolaparambu Market,Pineapple,Pine Apple,Medium,07/09/2026,7000,7400,7200
Keralam,Kottayam,Thalayolaparambu Market,Banana - Green,Banana - Green,FAQ,07/09/2026,3500,3800,3600
Keralam,Kottayam,Thalayolaparambu Market,Amaranthus,Amaranthus,FAQ,07/09/2026,2800,3200,3000
Keralam,Kottayam,Thalayolaparambu Market,Ashgourd,Ashgourd,FAQ,07/09/2026,1700,2000,1800
Keralam,Kottayam,Thalayolaparambu Market,Cauliflower,Cauliflower,FAQ,07/09/2026,4800,5200,5000
Keralam,Kottayam,Thalayolaparambu Market,Carrot,Carrot,FAQ,07/09/2026,5800,6200,6000
Keralam,Kottayam,Thalayolaparambu Market,Drumstick,Drumstick,FAQ,07/09/2026,2500,2800,2600
Keralam,Kottayam,Thalayolaparambu Market,Snakeguard,Snakeguard,FAQ,07/09/2026,3000,3400,3200
Keralam,Kozhikode(Calicut),Kallachi Market,Bitter gourd,Bitter Gourd,FAQ,07/09/2026,5200,5600,5400
Keralam,Kozhikode(Calicut),Kallachi Market,Bhindi(Ladies Finger),Other,FAQ,07/09/2026,3800,4200,4000
Andhra Pradesh,Tirupathi,Puttur APMC,Mango,Other,Grade B,07/09/2026,1100,1200,1150
Keralam,Alappuzha,Harippad Market,Carrot,Other,FAQ,07/09/2026,5500,6000,5500
Keralam,Alappuzha,Harippad Market,Ashgourd,Other,FAQ,07/09/2026,4000,4500,4000
Keralam,Alappuzha,Harippad Market,Amaranthus,Other,FAQ,07/09/2026,5000,5500,5000
Keralam,Alappuzha,Harippad Market,Bhindi(Ladies Finger),Other,FAQ,07/09/2026,4500,5000,4500
Keralam,Alappuzha,Mannar Market,Bitter gourd,Other,FAQ,07/09/2026,6000,6200,6100
Keralam,Alappuzha,Mannar Market,Ashgourd,Other,FAQ,07/09/2026,2000,2200,2100
Keralam,Alappuzha,Mannar Market,Beetroot,Other,FAQ,07/09/2026,4000,4200,4100
Keralam,Alappuzha,Mannar Market,Bhindi(Ladies Finger),Bhindi,FAQ,07/09/2026,3000,3200,3100
Keralam,Alappuzha,Mannar Market,Cabbage,Other,FAQ,07/09/2026,3100,3200,3100
Keralam,Alappuzha,Mannar Market,Cowpea(Veg),Other,FAQ,07/09/2026,5000,5200,5100
Andhra Pradesh,Nandyal,Atmakur (Nandyal District) APMC,Paddy(Common),Sona,FAQ,07/09/2026,2600,2600,2600
Jammu and Kashmir,Jammu,MAC F&V Market Narwal Jammu,Pumpkin,Pumpkin,FAQ,07/09/2026,600,900,750
Jammu and Kashmir,Jammu,MAC F&V Market Narwal Jammu,Mousambi(Sweet Lime),Mousambi,Medium,07/09/2026,3500,5000,4250
Jammu and Kashmir,Jammu,MAC F&V Market Narwal Jammu,Tinda,Tinda,FAQ,07/09/2026,3000,3500,3250
Jammu and Kashmir,Jammu,MAC F&V Market Narwal Jammu,Bitter gourd,Bitter Gourd,FAQ,07/09/2026,1500,2200,1850
Keralam,Thiruvananthapuram,Neyyatinkara Market,Duster Beans,Other,FAQ,07/09/2026,5400,6000,5600
Keralam,Thiruvananthapuram,Neyyatinkara Market,Snakeguard,Other,FAQ,07/09/2026,3400,4000,3700
Punjab,Moga,Baghapurana APMC,Pumpkin,Pumpkin,Grade B,07/09/2026,1200,1700,1400
Punjab,Moga,Moga APMC,Peas Wet,Peas Wet,Local,07/09/2026,8000,12000,10000
Punjab,Mohali,Dera Bassi APMC,Potato,Potato,Local,07/09/2026,1500,1500,1500
Punjab,Mohali,Dera Bassi APMC,Bitter gourd,Other,Local,07/09/2026,2900,2900,2900
Punjab,Nawanshahr,Balachaur APMC,French Beans(Frasbean),French Beans (Frasbean),Medium,07/09/2026,2500,3500,3000
Punjab,Nawanshahr,Balachaur APMC,Garlic,Average,Local,07/09/2026,12000,12000,12000
Punjab,Nawanshahr,Balachaur APMC,Green Chilli,Other,Medium,07/09/2026,1500,3000,2000
Punjab,Nawanshahr,Balachaur APMC,Leafy Vegetable,Other,Medium,07/09/2026,2000,2000,2000
Punjab,Nawanshahr,Balachaur APMC,Apple,Other,Medium,07/09/2026,7000,7000,7000
Punjab,Nawanshahr,Balachaur APMC,Mousambi(Sweet Lime),Other,Medium,07/09/2026,4000,4000,4000
Punjab,Patiala,Patiala APMC,Apple,Kasmir/Shimla - II,Grade A,07/09/2026,11000,13000,12000
Andhra Pradesh,Dr.B.R.A.Konaseema,Amalapuram APMC,Paddy(Common),1001,FAQ,07/09/2026,2360,2468,2360
Punjab,Ropar (Rupnagar),Ropar APMC,Green Chilli,Other,Local,07/09/2026,2800,3200,3000
Punjab,Sangrur,Ahmedgarh APMC,Pumpkin,Pumpkin,Local,07/09/2026,2200,2500,2500
Punjab,Sangrur,Ahmedgarh APMC,Potato,Local,Local,07/09/2026,380,400,400
Keralam,Palakad,Pattambi Market,Bottle gourd,Bottle Gourd,FAQ,07/09/2026,4500,5000,4800
Keralam,Palakad,Pattambi Market,Bitter gourd,Bitter Gourd,FAQ,07/09/2026,5000,6000,5500
Keralam,Palakad,Pattambi Market,Ginger(Green),Green Ginger,FAQ,07/09/2026,16000,17000,16500
Keralam,Palakad,Pattambi Market,Drumstick,Drumstick,FAQ,07/09/2026,3500,4000,3800
Keralam,Palakad,Pattambi Market,Elephant Yam(Suran)/Amorphophallus,Amorphophallus,FAQ,07/09/2026,3200,3500,3300
Keralam,Palakad,Pattambi Market,Lemon,Other,FAQ,07/09/2026,7000,8000,7500
Keralam,Palakad,Pattambi Market,Pumpkin,Pumpkin,FAQ,07/09/2026,1200,1600,1300
Keralam,Palakad,Pattambi Market,Tomato,Tomato,FAQ,07/09/2026,2800,3000,2900
Keralam,Palakad,Pattambi Market,Lime,Other,Grade B,07/09/2026,22000,24000,23000
Karnataka,Chamarajanagar,Chamarajanagar APMC,Cucumbar(Kheera),Cucumbar,Local,07/09/2026,2000,3000,2500
Punjab,Sangrur,Dhuri APMC,Potato,Other,Medium,07/09/2026,620,650,630
Punjab,Sangrur,Malerkotla APMC,Bitter gourd,Other,Local,07/09/2026,1500,2500,2200
Punjab,Sangrur,Malerkotla APMC,Cabbage,Other,Local,07/09/2026,1500,2000,1600
Punjab,Sangrur,Malerkotla APMC,Cowpea(Veg),Cowpea (Veg),Local,07/09/2026,2800,3500,3000
Punjab,Sangrur,Malerkotla APMC,Lemon,Lemon,Local,07/09/2026,5000,7500,6000
Punjab,Sangrur,Malerkotla APMC,Potato,Other,Local,07/09/2026,300,600,500
Keralam,Ernakulam,Piravam Market,Banana - Green,Banana - Green,Local,07/09/2026,7000,9000,8000
Keralam,Ernakulam,Piravam Market,Bitter gourd,Bitter Gourd,Local,07/09/2026,6200,7200,7000
Keralam,Ernakulam,Piravam Market,Bhindi(Ladies Finger),Bhindi,Local,07/09/2026,6000,7000,6500
Keralam,Ernakulam,Piravam Market,Carrot,Carrot,Local,07/09/2026,7000,8000,7500
Keralam,Ernakulam,Piravam Market,Colacasia,Other,Local,07/09/2026,5000,6000,5500
Punjab,Tarntaran,Harike APMC,Bitter gourd,Bitter Gourd,FAQ,07/09/2026,500,600,550
Punjab,Tarntaran,Harike APMC,Bottle gourd,Bottle Gourd,FAQ,07/09/2026,500,600,550
Punjab,Tarntaran,Naushera Pannuan APMC,Bottle gourd,Bottle Gourd,Local,07/09/2026,750,750,750
Gujarat,Porbandar,Porbandar APMC,Banana,Amruthapani,Grade A,07/09/2026,3000,3500,3250
Gujarat,Porbandar,Porbandar APMC,Apple,Apple,Grade A,07/09/2026,8000,12000,10000
Gujarat,Porbandar,Porbandar APMC,Orange,Darjeeling,Grade A,07/09/2026,15000,20000,17500
Gujarat,Porbandar,Porbandar APMC,Water Melon,Water Melon,Local,07/09/2026,1000,1500,1250
Gujarat,Porbandar,Porbandar APMC,Cauliflower,African Sarson,Local,07/09/2026,3000,4000,3500
Gujarat,Porbandar,Porbandar APMC,Coriander(Leaves),Coriander,Local,07/09/2026,3000,4000,3500
Gujarat,Porbandar,Porbandar APMC,Lemon,Lemon,Local,07/09/2026,3000,4000,3500
Gujarat,Porbandar,Porbandar APMC,Potato,Red Nanital,Non-FAQ,07/09/2026,1000,1500,1250
Gujarat,Porbandar,Porbandar APMC,Tomato,Deshi,Local,07/09/2026,1500,2000,1750
Andhra Pradesh,Bapatla,Parchur APMC,Paddy(Common),B P T,Local,07/09/2026,2700,2900,2800
Andhra Pradesh,Bapatla,Parchur APMC,Cotton,Other,Local,07/09/2026,7500,8000,7750
Tamil Nadu,Erode,Alangeyam APMC,Maize,Other,Local,07/09/2026,2790,2830,2810
Tamil Nadu,Thirupur,Tiruppur (South) (Uzhavar Sandhai ),Brinjal,Other,Local,07/09/2026,4000,6000,5000
Tamil Nadu,Thirupur,Tiruppur (South) (Uzhavar Sandhai ),Tomato,Local,Local,07/09/2026,2000,2200,2100
Tamil Nadu,Thirupur,Tiruppur (South) (Uzhavar Sandhai ),Ashgourd,Gouard,Local,07/09/2026,1200,1500,1350
Tamil Nadu,Thirupur,Tiruppur (South) (Uzhavar Sandhai ),Bhindi(Ladies Finger),Bhindi,Local,07/09/2026,4000,5000,4500
Tamil Nadu,Thirupur,Tiruppur (South) (Uzhavar Sandhai ),Banana - Green,Banana - Green,Local,07/09/2026,2500,3000,2750
Tamil Nadu,Thirupur,Tiruppur (South) (Uzhavar Sandhai ),Tapioca,Tapioca,Local,07/09/2026,2500,3000,2750
Tamil Nadu,Thirupur,Tiruppur (South) (Uzhavar Sandhai ),Coconut,Coconut,Local,07/09/2026,4000,6000,5000
Tamil Nadu,Thirupur,Tiruppur (South) (Uzhavar Sandhai ),Beetroot,Beetroot,Local,07/09/2026,4500,6000,5250
Tamil Nadu,Thirupur,Tiruppur (South) (Uzhavar Sandhai ),Chow Chow,Chow Chow,Local,07/09/2026,2500,3000,2750
Tamil Nadu,Thirupur,Tiruppur (South) (Uzhavar Sandhai ),Amla(Nelli Kai),Amla,Local,07/09/2026,6000,8000,7000
Tamil Nadu,Thirupur,Tiruppur (South) (Uzhavar Sandhai ),Onion Green,Onion Green,Local,07/09/2026,7500,9000,8250
Tamil Nadu,Erode,Perundurai(Uzhavar Sandhai ),Coriander(Leaves),I Sort,Local,07/09/2026,4000,4500,4250
Tamil Nadu,Erode,Perundurai(Uzhavar Sandhai ),Cluster beans,Cluster Beans,Local,07/09/2026,2600,3000,2800
Tamil Nadu,Erode,Perundurai(Uzhavar Sandhai ),Bottle gourd,Bottle Gourd,Local,07/09/2026,1500,1800,1650
Tamil Nadu,Erode,Perundurai(Uzhavar Sandhai ),Tapioca,Tapioca,Local,07/09/2026,2000,2500,2250
Tamil Nadu,Erode,Perundurai(Uzhavar Sandhai ),Cabbage,Cabbage,Local,07/09/2026,2000,2500,2250
Tamil Nadu,Dharmapuri,Dharmapuri(Uzhavar Sandhai ),Potato,Red Nanital,Local,07/09/2026,2600,2800,2700
Tamil Nadu,Dharmapuri,Dharmapuri(Uzhavar Sandhai ),Green Peas,Green Peas,Local,07/09/2026,16000,16800,16400
Tamil Nadu,Dharmapuri,Dharmapuri(Uzhavar Sandhai ),Bhindi(Ladies Finger),Bhindi,Local,07/09/2026,2200,2400,2300
Tamil Nadu,Dharmapuri,Dharmapuri(Uzhavar Sandhai ),Green Chilli,Green Chilly,Local,07/09/2026,2800,3000,2900
Tamil Nadu,Dharmapuri,Dharmapuri(Uzhavar Sandhai ),Onion,Bellary,Local,07/09/2026,5800,6200,6000
Tamil Nadu,Dharmapuri,Dharmapuri(Uzhavar Sandhai ),Coconut,Coconut,Local,07/09/2026,6500,7000,6750
Tamil Nadu,Dharmapuri,Dharmapuri(Uzhavar Sandhai ),Cucumbar(Kheera),Cucumbar,Local,07/09/2026,4200,4500,4350
Tamil Nadu,Dharmapuri,Dharmapuri(Uzhavar Sandhai ),Thondekai,Thondekai,Local,07/09/2026,4200,4500,4350
Tamil Nadu,Dharmapuri,Dharmapuri(Uzhavar Sandhai ),Marigold(Calcutta),Marigold(Calcutta),Local,07/09/2026,13300,14000,13650
Tamil Nadu,Dharmapuri,Dharmapuri(Uzhavar Sandhai ),Mashrooms,Mashrooms,Local,07/09/2026,14000,15000,14500
Tamil Nadu,Dharmapuri,Dharmapuri(Uzhavar Sandhai ),Amla(Nelli Kai),Amla,Local,07/09/2026,8000,8500,8250
Tamil Nadu,Dharmapuri,Dharmapuri(Uzhavar Sandhai ),Sweet Corn ,Sweet Corn ,Local,07/09/2026,2800,3000,2900
Tamil Nadu,Dharmapuri,Palacode(Uzhavar Sandhai ),Cauliflower,Ranchi,Local,07/09/2026,3000,3500,3250
Tamil Nadu,Dharmapuri,Palacode(Uzhavar Sandhai ),Coriander(Leaves),I Sort,Local,07/09/2026,4600,5000,4800
Tamil Nadu,Dharmapuri,Palacode(Uzhavar Sandhai ),Tomato,Local,Local,07/09/2026,2200,2500,2350
Tamil Nadu,Dharmapuri,Palacode(Uzhavar Sandhai ),Banana,Poovan,Local,07/09/2026,5000,5500,5250
Tamil Nadu,Dharmapuri,Palacode(Uzhavar Sandhai ),Coconut,Coconut,Local,07/09/2026,6000,6500,6250
Tamil Nadu,Dharmapuri,Palacode(Uzhavar Sandhai ),Cabbage,Cabbage,Local,07/09/2026,2800,3000,2900
Tamil Nadu,Dharmapuri,Pennagaram(Uzhavar Sandhai ),Sweet Potato,Hosur Red,Local,07/09/2026,2800,3000,2900
Tamil Nadu,Dharmapuri,Pennagaram(Uzhavar Sandhai ),Raddish,Raddish,Local,07/09/2026,2200,2400,2300
Tamil Nadu,Dharmapuri,Pennagaram(Uzhavar Sandhai ),Capsicum,Capsicum,Local,07/09/2026,6500,7000,6750
Tamil Nadu,Dindigul,Chinnalapatti(Uzhavar Sandhai ),Tomato,Deshi,Local,07/09/2026,2000,3000,2500
Tamil Nadu,Dindigul,Chinnalapatti(Uzhavar Sandhai ),Bitter gourd,Other,Local,07/09/2026,6000,7000,6500
Tamil Nadu,Dindigul,Chinnalapatti(Uzhavar Sandhai ),Bhindi(Ladies Finger),Bhindi,Local,07/09/2026,3600,4000,3800
Tamil Nadu,Dindigul,Chinnalapatti(Uzhavar Sandhai ),Carrot,Pusakesar,Local,07/09/2026,6000,8000,7000
Tamil Nadu,Dindigul,Chinnalapatti(Uzhavar Sandhai ),Snakeguard,Snakeguard,Local,07/09/2026,4000,5000,4500
Tamil Nadu,Dindigul,Chinnalapatti(Uzhavar Sandhai ),Raddish,Raddish,Local,07/09/2026,2800,3000,2900
Tamil Nadu,Dindigul,Chinnalapatti(Uzhavar Sandhai ),Chow Chow,Chow Chow,Local,07/09/2026,3600,4000,3800
Tamil Nadu,Dindigul,Chinnalapatti(Uzhavar Sandhai ),Drumstick,Drumstick,Local,07/09/2026,2800,3000,2900
Tamil Nadu,Dindigul,Chinnalapatti(Uzhavar Sandhai ),Yam(Ratalu),Yam (Ratalu),Local,07/09/2026,9000,10000,9500
Tamil Nadu,Dindigul,Chinnalapatti(Uzhavar Sandhai ),Mint(Pudina),Mint(Pudina),Local,07/09/2026,3000,3500,3250
Tamil Nadu,Dindigul,Dindigul(Uzhavar Sandhai ),Groundnut,Big (With Shell),Local,07/09/2026,7000,8000,7500
Tamil Nadu,Dindigul,Dindigul(Uzhavar Sandhai ),Ridgeguard(Tori),Ridgeguard(Tori),Local,07/09/2026,6000,7000,6500
Tamil Nadu,Dindigul,Palani(Uzhavar Sandhai ),Cluster beans,Cluster Beans,Local,07/09/2026,2400,3000,2700
Tamil Nadu,Dindigul,Palani(Uzhavar Sandhai ),Onion,Bellary,Local,07/09/2026,6000,7500,6750
Tamil Nadu,Dindigul,Palani(Uzhavar Sandhai ),Ginger(Green),Green Ginger,Local,07/09/2026,8000,14000,11000
Tamil Nadu,Dindigul,Palani(Uzhavar Sandhai ),Green Avare(W),Other,Local,07/09/2026,5000,6000,5500
Tamil Nadu,Dindigul,Palani(Uzhavar Sandhai ),Yam(Ratalu),Yam (Ratalu),Local,07/09/2026,7000,8000,7500
Tamil Nadu,Dindigul,Palani(Uzhavar Sandhai ),Lemon,Lemon,Local,07/09/2026,10000,20000,15000
Tamil Nadu,Dindigul,Palani(Uzhavar Sandhai ),Amla(Nelli Kai),Amla,Local,07/09/2026,5000,7000,6000
Tamil Nadu,Erode,Periyar Nagar(Uzhavar Sandhai ),Coriander(Leaves),I Sort,Local,07/09/2026,3200,3600,3400
Tamil Nadu,Erode,Periyar Nagar(Uzhavar Sandhai ),Water Melon,Water Melon,Local,07/09/2026,1200,1500,1350
Tamil Nadu,Erode,Periyar Nagar(Uzhavar Sandhai ),Green Avare(W),Other,Local,07/09/2026,5000,5500,5250
Tamil Nadu,Erode,Periyar Nagar(Uzhavar Sandhai ),Pumpkin,Pumpkin,Local,07/09/2026,2000,2200,2100
Tamil Nadu,Erode,Periyar Nagar(Uzhavar Sandhai ),Tapioca,Tapioca,Local,07/09/2026,2000,2500,2250
Tamil Nadu,Erode,Periyar Nagar(Uzhavar Sandhai ),Lemon,Lemon,Local,07/09/2026,26000,27000,26500
Tamil Nadu,Erode,Periyar Nagar(Uzhavar Sandhai ),Onion Green,Onion Green,Local,07/09/2026,6000,6800,6400
Tamil Nadu,Kallakuruchi,Sankarapuram(Uzhavar Sandhai ),Pumpkin,Pumpkin,Local,07/09/2026,3000,3000,3000
Tamil Nadu,Kallakuruchi,Sankarapuram(Uzhavar Sandhai ),Banana,Besrai,Local,07/09/2026,4000,4000,4000
Tamil Nadu,Kallakuruchi,Sankarapuram(Uzhavar Sandhai ),Raddish,Raddish,Local,07/09/2026,5000,5000,5000
Tamil Nadu,Kallakuruchi,Sankarapuram(Uzhavar Sandhai ),Jack Fruit(Ripe),Jack Fruit,Local,07/09/2026,2000,2000,2000
Tamil Nadu,Kallakuruchi,Sankarapuram(Uzhavar Sandhai ),Tender Coconut,Tender Coconut,Local,07/09/2026,3000,3000,3000
Tamil Nadu,Kallakuruchi,Sankarapuram(Uzhavar Sandhai ),Baby Corn,Baby Corn,Grade A,07/09/2026,3000,3000,3000
Tamil Nadu,Kancheepuram,Kancheepuram(Uzhavar Sandhai ),Raddish,Raddish,Local,07/09/2026,3000,3500,3250
Tamil Nadu,Kancheepuram,Kancheepuram(Uzhavar Sandhai ),Guava,Guava Allahabad,Local,07/09/2026,4000,5000,4500
Tamil Nadu,Kancheepuram,Kundrathur(Uzhavar Sandhai ),Brinjal,Other,Local,07/09/2026,3500,3500,3500
Tamil Nadu,Kancheepuram,Kundrathur(Uzhavar Sandhai ),Bitter gourd,Bitter Gourd,Local,07/09/2026,4000,4000,4000
Tamil Nadu,Kancheepuram,Kundrathur(Uzhavar Sandhai ),Ashgourd,Gouard,Local,07/09/2026,2000,2000,2000
Tamil Nadu,Kancheepuram,Kundrathur(Uzhavar Sandhai ),Banana - Green,Banana - Green,Local,07/09/2026,3000,3000,3000
Tamil Nadu,Kancheepuram,Kundrathur(Uzhavar Sandhai ),Yam(Ratalu),Yam (Ratalu),Local,07/09/2026,4000,4000,4000
Tamil Nadu,Kancheepuram,Kundrathur(Uzhavar Sandhai ),Colacasia,Colacasia,Local,07/09/2026,3000,3000,3000
Tamil Nadu,Kancheepuram,Kundrathur(Uzhavar Sandhai ),Onion Green,Onion Green,Local,07/09/2026,6000,6000,6000
Tamil Nadu,Kancheepuram,Padappai(Uzhavar Sandhai ),Ashgourd,Gouard,Local,07/09/2026,1500,2500,2000
Tamil Nadu,Kancheepuram,Padappai(Uzhavar Sandhai ),Pumpkin,Pumpkin,Local,07/09/2026,2000,2500,2250
Tamil Nadu,Kancheepuram,Padappai(Uzhavar Sandhai ),Green Avare(W),Other,Local,07/09/2026,6000,7000,6500
Tamil Nadu,Kancheepuram,Padappai(Uzhavar Sandhai ),Banana - Green,Banana - Green,Local,07/09/2026,3500,4500,4000
Tamil Nadu,Kancheepuram,Padappai(Uzhavar Sandhai ),Coconut,Coconut,Local,07/09/2026,5800,6500,6150
Tamil Nadu,Kancheepuram,Padappai(Uzhavar Sandhai ),Beetroot,Beetroot,Local,07/09/2026,3000,4000,3500
Tamil Nadu,Kancheepuram,Padappai(Uzhavar Sandhai ),Thondekai,Thondekai,Local,07/09/2026,3000,4000,3500
Tamil Nadu,Kancheepuram,Padappai(Uzhavar Sandhai ),Drumstick,Drumstick,Local,07/09/2026,3000,3500,3250
Tamil Nadu,Kancheepuram,Padappai(Uzhavar Sandhai ),Guava,Guava Allahabad,Local,07/09/2026,4000,5000,4500
Tamil Nadu,Kancheepuram,Padappai(Uzhavar Sandhai ),Sweet Corn ,Sweet Corn ,Local,07/09/2026,3000,3500,3250
Tamil Nadu,Kancheepuram,Sunguvarchatram(Uzhavar Sandhai ),Cauliflower,Ranchi,Local,07/09/2026,3000,3500,3250
Tamil Nadu,Kancheepuram,Sunguvarchatram(Uzhavar Sandhai ),Tomato,Other,Local,07/09/2026,2500,2500,2500
Tamil Nadu,Kancheepuram,Sunguvarchatram(Uzhavar Sandhai ),Green Avare(W),Green Avare (W),Local,07/09/2026,4500,4500,4500
Tamil Nadu,Kancheepuram,Sunguvarchatram(Uzhavar Sandhai ),Onion Green,Onion Green,Local,07/09/2026,6000,6000,6000
Tamil Nadu,Krishnagiri,Avallapalli(Uzhavar Sandhai ),Brinjal,Round,Local,07/09/2026,2500,3000,2750
Tamil Nadu,Krishnagiri,Avallapalli(Uzhavar Sandhai ),Bitter gourd,Bitter Gourd,Local,07/09/2026,4500,5000,4750
Tamil Nadu,Krishnagiri,Avallapalli(Uzhavar Sandhai ),Tapioca,Tapioca,Local,07/09/2026,3500,4000,3750
Tamil Nadu,Krishnagiri,Avallapalli(Uzhavar Sandhai ),Coconut,Coconut,Local,07/09/2026,5500,6000,5750
Tamil Nadu,Krishnagiri,Avallapalli(Uzhavar Sandhai ),Ridgeguard(Tori),Ridgeguard(Tori),Local,07/09/2026,2500,3000,2750
Tamil Nadu,Krishnagiri,Avallapalli(Uzhavar Sandhai ),Drumstick,Drumstick,Local,07/09/2026,3000,3500,3250
Tamil Nadu,Krishnagiri,Avallapalli(Uzhavar Sandhai ),Knool Khol,Knool Khol,Local,07/09/2026,1000,1500,1250
Tamil Nadu,Krishnagiri,Avallapalli(Uzhavar Sandhai ),Tamarind Fruit,Tamarind Fruit,Local,07/09/2026,9000,10000,9500
Tamil Nadu,Krishnagiri,Avallapalli(Uzhavar Sandhai ),Yam(Ratalu),Yam (Ratalu),Local,07/09/2026,4500,5000,4750
Tamil Nadu,Krishnagiri,Avallapalli(Uzhavar Sandhai ),Onion Green,Onion Green,Local,07/09/2026,9000,10000,9500
Tamil Nadu,Dharmapuri,Karimangalam(Uzhavar Sandhai),Papaya,Papaya,Local,07/09/2026,3300,3500,3400
Tamil Nadu,Dharmapuri,Karimangalam(Uzhavar Sandhai),Cluster beans,Cluster Beans,Local,07/09/2026,2200,2400,2300
Tamil Nadu,Dharmapuri,Karimangalam(Uzhavar Sandhai),Bitter gourd,Other,Local,07/09/2026,3800,4000,3900
Tamil Nadu,Dharmapuri,Karimangalam(Uzhavar Sandhai),Beans,Beans (Whole),Local,07/09/2026,8000,9000,8500
Tamil Nadu,Dharmapuri,Karimangalam(Uzhavar Sandhai),Banana,Karpura,Local,07/09/2026,6500,7000,6750
Tamil Nadu,Dharmapuri,Karimangalam(Uzhavar Sandhai),Onion,Bellary,Local,07/09/2026,5500,6000,5750
Tamil Nadu,Dharmapuri,Karimangalam(Uzhavar Sandhai),Beetroot,Beetroot,Local,07/09/2026,5000,5500,5250
Tamil Nadu,Dharmapuri,Karimangalam(Uzhavar Sandhai),Raddish,Raddish,Local,07/09/2026,1200,1500,1350
Tamil Nadu,Dharmapuri,Karimangalam(Uzhavar Sandhai),Lemon,Lemon,Local,07/09/2026,16000,17000,16500
Haryana,Ambala,Ambala City(Subji Mandi) APMC,Onion,Other,Non-FAQ,07/09/2026,3210,3210,3210
Tamil Nadu,Krishnagiri,Denkanikottai(Uzhavar Sandhai ),Cluster beans,Cluster Beans,Local,07/09/2026,3500,4000,3750
Tamil Nadu,Krishnagiri,Denkanikottai(Uzhavar Sandhai ),Bhindi(Ladies Finger),Bhindi,Local,07/09/2026,2500,3000,2750
Tamil Nadu,Krishnagiri,Denkanikottai(Uzhavar Sandhai ),Green Chilli,Green Chilly,Local,07/09/2026,4500,5000,4750
Tamil Nadu,Krishnagiri,Denkanikottai(Uzhavar Sandhai ),Cowpea(Veg),Cowpea (Veg),Local,07/09/2026,5500,6000,5750
Tamil Nadu,Krishnagiri,Denkanikottai(Uzhavar Sandhai ),Carrot,Pusakesar,Local,07/09/2026,4500,5000,4750
Tamil Nadu,Krishnagiri,Denkanikottai(Uzhavar Sandhai ),Cucumbar(Kheera),Cucumbar,Local,07/09/2026,2000,2500,2250
Tamil Nadu,Krishnagiri,Denkanikottai(Uzhavar Sandhai ),Elephant Yam(Suran)/Amorphophallus,Elephant Yam (Suran),Local,07/09/2026,3500,4000,3750
Tamil Nadu,Krishnagiri,Hosur(Uzhavar Sandhai ),Brinjal,Round,Local,07/09/2026,2500,3000,2750
Tamil Nadu,Krishnagiri,Hosur(Uzhavar Sandhai ),Water Melon,Water Melon,Local,07/09/2026,2000,2500,2250
Tamil Nadu,Krishnagiri,Hosur(Uzhavar Sandhai ),Tomato,Deshi,Local,07/09/2026,2500,3000,2750
Tamil Nadu,Krishnagiri,Hosur(Uzhavar Sandhai ),Bitter gourd,Bitter Gourd,Local,07/09/2026,4500,5000,4750
Tamil Nadu,Krishnagiri,Hosur(Uzhavar Sandhai ),Pumpkin,Pumpkin,Local,07/09/2026,1000,1500,1250
Tamil Nadu,Krishnagiri,Hosur(Uzhavar Sandhai ),Amaranthus,Amaranthus,Local,07/09/2026,5500,6000,5750
Tamil Nadu,Krishnagiri,Hosur(Uzhavar Sandhai ),Green Chilli,Green Chilly,Local,07/09/2026,4500,5000,4750
Tamil Nadu,Krishnagiri,Hosur(Uzhavar Sandhai ),Cowpea(Veg),Cowpea (Veg),Local,07/09/2026,5500,6000,5750
Tamil Nadu,Krishnagiri,Hosur(Uzhavar Sandhai ),Banana - Green,Banana - Green,Local,07/09/2026,4500,5000,4750
Tamil Nadu,Krishnagiri,Hosur(Uzhavar Sandhai ),Apple,American,Local,07/09/2026,24000,28000,26000
Tamil Nadu,Krishnagiri,Hosur(Uzhavar Sandhai ),Orange,Darjeeling,Local,07/09/2026,16000,18000,17000
Tamil Nadu,Krishnagiri,Hosur(Uzhavar Sandhai ),Banana,Red Banana,Local,07/09/2026,8000,9000,8500
Tamil Nadu,Krishnagiri,Hosur(Uzhavar Sandhai ),Pineapple,Pine Apple,Local,07/09/2026,8000,10000,9000
Tamil Nadu,Krishnagiri,Hosur(Uzhavar Sandhai ),Coconut,Coconut,Local,07/09/2026,5500,6000,5750
Tamil Nadu,Krishnagiri,Hosur(Uzhavar Sandhai ),Beetroot,Beetroot,Local,07/09/2026,2500,3000,2750
Tamil Nadu,Krishnagiri,Hosur(Uzhavar Sandhai ),Cucumbar(Kheera),Cucumbar,Local,07/09/2026,2000,2500,2250
Tamil Nadu,Krishnagiri,Hosur(Uzhavar Sandhai ),Chow Chow,Chow Chow,Local,07/09/2026,2000,2500,2250
Tamil Nadu,Krishnagiri,Hosur(Uzhavar Sandhai ),Guava,Guava Allahabad,Local,07/09/2026,7000,8000,7500
Tamil Nadu,Krishnagiri,Hosur(Uzhavar Sandhai ),Tube Flower,Tube Flower,Local,07/09/2026,55000,60000,57500
Tamil Nadu,Krishnagiri,Hosur(Uzhavar Sandhai ),Yam(Ratalu),Yam (Ratalu),Local,07/09/2026,4500,5000,4750
Tamil Nadu,Krishnagiri,Hosur(Uzhavar Sandhai ),Indian Beans(Seam),Indian Beans (Seam),Local,07/09/2026,3500,4000,3750
Tamil Nadu,Krishnagiri,Hosur(Uzhavar Sandhai ),Mashrooms,Mashrooms,Local,07/09/2026,18000,20000,19000
Tamil Nadu,Krishnagiri,Hosur(Uzhavar Sandhai ),Amla(Nelli Kai),Amla,Local,07/09/2026,8000,10000,9000
Tamil Nadu,Madurai,Anaiyur(Uzhavar Sandhai ),Cauliflower,Ranchi,Local,07/09/2026,3000,3500,3250
Tamil Nadu,Madurai,Anaiyur(Uzhavar Sandhai ),Green Peas,Green Peas,Local,07/09/2026,14000,15000,14500
Tamil Nadu,Madurai,Anaiyur(Uzhavar Sandhai ),Pumpkin,Pumpkin,Local,07/09/2026,1600,2000,1800
Tamil Nadu,Madurai,Anaiyur(Uzhavar Sandhai ),Beans,Beans (Whole),Local,07/09/2026,8000,9000,8500
Tamil Nadu,Madurai,Anaiyur(Uzhavar Sandhai ),Ginger(Green),Green Ginger,Local,07/09/2026,11000,19000,15000
Tamil Nadu,Madurai,Anaiyur(Uzhavar Sandhai ),Beetroot,Beetroot,Local,07/09/2026,4500,5000,4750
Tamil Nadu,Madurai,Anaiyur(Uzhavar Sandhai ),Drumstick,Drumstick,Local,07/09/2026,4000,5000,4500
Tamil Nadu,Madurai,Anaiyur(Uzhavar Sandhai ),Onion Green,Onion Green,Local,07/09/2026,7500,8000,7750
Tamil Nadu,Madurai,Usilampatti(Uzhavar Sandhai ),Tomato,Deshi,Local,07/09/2026,2000,2800,2400
Tamil Nadu,Madurai,Usilampatti(Uzhavar Sandhai ),Amaranthus,Amaranthus,Local,07/09/2026,3000,3600,3300
Tamil Nadu,Madurai,Usilampatti(Uzhavar Sandhai ),Onion,Bellary,Local,07/09/2026,6000,6500,6250
Tamil Nadu,Nagapattinam,Sirkali(Uzhavar Sandhai ),Papaya,Papaya,Local,07/09/2026,3500,4000,3750
Tamil Nadu,Nagapattinam,Sirkali(Uzhavar Sandhai ),Green Avare(W),Green Avare (W),Local,07/09/2026,6500,7000,6750
Tamil Nadu,Nagapattinam,Sirkali(Uzhavar Sandhai ),Green Chilli,Green Chilly,Local,07/09/2026,5500,6000,5750
Tamil Nadu,Nagapattinam,Sirkali(Uzhavar Sandhai ),Banana - Green,Banana - Green,Local,07/09/2026,2500,3000,2750
Tamil Nadu,Nagapattinam,Sirkali(Uzhavar Sandhai ),Beans,Beans (Whole),Local,07/09/2026,9000,9000,9000
Tamil Nadu,Nagapattinam,Sirkali(Uzhavar Sandhai ),Banana,Besrai,Local,07/09/2026,4000,5000,4500
Tamil Nadu,Nagapattinam,Sirkali(Uzhavar Sandhai ),Onion,Bellary,Local,07/09/2026,5500,6000,5750
Tamil Nadu,Nagapattinam,Sirkali(Uzhavar Sandhai ),Drumstick,Drumstick,Local,07/09/2026,5500,6000,5750
Tamil Nadu,Nagapattinam,Sirkali(Uzhavar Sandhai ),Lemon,Lemon,Local,07/09/2026,14500,15000,14750
Tamil Nadu,Namakkal,Kumarapalayam(Uzhavar Sandhai ),Mousambi(Sweet Lime),Mousambi,Local,07/09/2026,3000,3500,3250
Tamil Nadu,Namakkal,Kumarapalayam(Uzhavar Sandhai ),Bitter gourd,Other,Local,07/09/2026,5900,6500,6200
Tamil Nadu,Namakkal,Kumarapalayam(Uzhavar Sandhai ),Pumpkin,Pumpkin,Local,07/09/2026,2600,3000,2800
Tamil Nadu,Namakkal,Kumarapalayam(Uzhavar Sandhai ),Amaranthus,Amaranthus,Local,07/09/2026,4500,5000,4750
Tamil Nadu,Namakkal,Kumarapalayam(Uzhavar Sandhai ),Onion,Bellary,Local,07/09/2026,2800,3000,2900
Tamil Nadu,Namakkal,Mohanur(Uzhavar Sandhai ),Potato,Other,Local,07/09/2026,2800,3500,3150
Tamil Nadu,Namakkal,Mohanur(Uzhavar Sandhai ),Cauliflower,Ranchi,Local,07/09/2026,3200,4000,3600
Tamil Nadu,Namakkal,Mohanur(Uzhavar Sandhai ),Papaya,Papaya,Local,07/09/2026,3200,3600,3400
Tamil Nadu,Namakkal,Mohanur(Uzhavar Sandhai ),Water Melon,Water Melon,Local,07/09/2026,1000,1500,1250
Tamil Nadu,Namakkal,Mohanur(Uzhavar Sandhai ),Bhindi(Ladies Finger),Bhindi,Local,07/09/2026,4400,4800,4600
Tamil Nadu,Namakkal,Mohanur(Uzhavar Sandhai ),Green Chilli,Green Chilly,Local,07/09/2026,5600,7000,6300
Tamil Nadu,Namakkal,Mohanur(Uzhavar Sandhai ),Tapioca,Tapioca,Local,07/09/2026,2400,3000,2700
Tamil Nadu,Namakkal,Mohanur(Uzhavar Sandhai ),Onion,Bellary,Local,07/09/2026,6000,6500,6250
Tamil Nadu,Namakkal,Mohanur(Uzhavar Sandhai ),Ginger(Green),Green Ginger,Local,07/09/2026,18000,20000,19000
Tamil Nadu,Namakkal,Mohanur(Uzhavar Sandhai ),Mint(Pudina),Mint(Pudina),Local,07/09/2026,5600,6000,5800
Tamil Nadu,Namakkal,Namakkal(Uzhavar Sandhai ),Cauliflower,Ranchi,Local,07/09/2026,3000,3500,3250
Tamil Nadu,Namakkal,Namakkal(Uzhavar Sandhai ),Brinjal,Other,Local,07/09/2026,4000,4800,4400
Tamil Nadu,Namakkal,Namakkal(Uzhavar Sandhai ),Coriander(Leaves),I Sort,Local,07/09/2026,9000,10000,9500
Tamil Nadu,Namakkal,Namakkal(Uzhavar Sandhai ),Bhindi(Ladies Finger),Bhindi,Local,07/09/2026,3400,3800,3600
Tamil Nadu,Namakkal,Namakkal(Uzhavar Sandhai ),Onion,Bellary,Local,07/09/2026,5800,6400,6100
Tamil Nadu,Namakkal,Namakkal(Uzhavar Sandhai ),Coconut,Coconut,Local,07/09/2026,5600,6000,5800
Tamil Nadu,Namakkal,Namakkal(Uzhavar Sandhai ),Guava,Guava Allahabad,Local,07/09/2026,6000,7000,6500
Tamil Nadu,Namakkal,Namakkal(Uzhavar Sandhai ),Elephant Yam(Suran)/Amorphophallus,Elephant Yam (Suran),Local,07/09/2026,3000,3500,3250
Tamil Nadu,Namakkal,Namakkal(Uzhavar Sandhai ),Mashrooms,Mashrooms,Local,07/09/2026,22500,25000,23750
Tamil Nadu,Namakkal,Namakkal(Uzhavar Sandhai ),Mint(Pudina),Mint(Pudina),Local,07/09/2026,4500,5000,4750
Tamil Nadu,Namakkal,Paramathivelur(Uzhavar Sandhai ),Cluster beans,Cluster Beans,Local,07/09/2026,3500,4000,3750
Tamil Nadu,Namakkal,Paramathivelur(Uzhavar Sandhai ),Bottle gourd,Bottle Gourd,Local,07/09/2026,1500,2000,1750
Tamil Nadu,Namakkal,Paramathivelur(Uzhavar Sandhai ),Beans,Beans (Whole),Local,07/09/2026,7000,8000,7500
Tamil Nadu,Namakkal,Paramathivelur(Uzhavar Sandhai ),Ginger(Green),Green Ginger,Local,07/09/2026,18000,19000,18500
Tamil Nadu,Namakkal,Paramathivelur(Uzhavar Sandhai ),Coconut,Coconut,Local,07/09/2026,5600,6000,5800
Tamil Nadu,Namakkal,Paramathivelur(Uzhavar Sandhai ),Ridgeguard(Tori),Ridgeguard(Tori),Local,07/09/2026,5000,6000,5500
Tamil Nadu,Namakkal,Paramathivelur(Uzhavar Sandhai ),Raddish,Raddish,Local,07/09/2026,3500,4000,3750
Tamil Nadu,Namakkal,Paramathivelur(Uzhavar Sandhai ),Elephant Yam(Suran)/Amorphophallus,Elephant Yam (Suran),Local,07/09/2026,4000,4500,4250
Tamil Nadu,Namakkal,Paramathivelur(Uzhavar Sandhai ),Mint(Pudina),Mint(Pudina),Local,07/09/2026,4000,5000,4500
Tamil Nadu,Namakkal,Rasipuram(Uzhavar Sandhai ),Cauliflower,Ranchi,Local,07/09/2026,3000,4000,3500
Tamil Nadu,Namakkal,Rasipuram(Uzhavar Sandhai ),Water Melon,Water Melon,Local,07/09/2026,1500,2000,1750
Tamil Nadu,Namakkal,Rasipuram(Uzhavar Sandhai ),Mousambi(Sweet Lime),Mousambi,Local,07/09/2026,3500,4000,3750
Tamil Nadu,Namakkal,Rasipuram(Uzhavar Sandhai ),Ashgourd,Gouard,Local,07/09/2026,2000,2400,2200
Tamil Nadu,Namakkal,Rasipuram(Uzhavar Sandhai ),Pumpkin,Pumpkin,Local,07/09/2026,2200,2600,2400
Tamil Nadu,Namakkal,Rasipuram(Uzhavar Sandhai ),Banana - Green,Banana - Green,Local,07/09/2026,3500,4000,3750
Tamil Nadu,Namakkal,Rasipuram(Uzhavar Sandhai ),Beans,Beans (Whole),Local,07/09/2026,7000,8000,7500
Tamil Nadu,Namakkal,Rasipuram(Uzhavar Sandhai ),Coconut,Coconut,Local,07/09/2026,6200,6400,6300
Tamil Nadu,Namakkal,Rasipuram(Uzhavar Sandhai ),Raddish,Raddish,Local,07/09/2026,2600,3200,2900
Tamil Nadu,Namakkal,Rasipuram(Uzhavar Sandhai ),Thondekai,Thondekai,Local,07/09/2026,4500,5000,4750
Tamil Nadu,Namakkal,Rasipuram(Uzhavar Sandhai ),Chow Chow,Chow Chow,Local,07/09/2026,2500,3000,2750
Tamil Nadu,Namakkal,Rasipuram(Uzhavar Sandhai ),Marigold(Calcutta),Marigold(Calcutta),Local,07/09/2026,20000,22000,21000
Tamil Nadu,Namakkal,Rasipuram(Uzhavar Sandhai ),Sweet Corn ,Sweet Corn ,Local,07/09/2026,2000,2500,2250
Tamil Nadu,Thanjavur,Tirukattupalli(Uzhavar Sandhai ),Tomato,Deshi,Local,07/09/2026,3000,3000,3000
Tamil Nadu,Thanjavur,Tirukattupalli(Uzhavar Sandhai ),Green Chilli,Green Chilly,Local,07/09/2026,4800,4800,4800
Tamil Nadu,Thanjavur,Tirukattupalli(Uzhavar Sandhai ),Carrot,Pusakesar,Local,07/09/2026,7400,7400,7400
Tamil Nadu,Thanjavur,Tirukattupalli(Uzhavar Sandhai ),Onion Green,Onion Green,Local,07/09/2026,8000,8000,8000
Tamil Nadu,Madurai,Palanganatham(Uzhavar Sandhai ),Potato,Other,Local,07/09/2026,4000,5000,4500
Tamil Nadu,Madurai,Palanganatham(Uzhavar Sandhai ),Papaya,Papaya,Local,07/09/2026,4500,5000,4750
Tamil Nadu,Madurai,Palanganatham(Uzhavar Sandhai ),Bottle gourd,Bottle Gourd,Local,07/09/2026,2400,2800,2600
Tamil Nadu,Madurai,Palanganatham(Uzhavar Sandhai ),Ashgourd,Gouard,Local,07/09/2026,1600,2000,1800
Tamil Nadu,Madurai,Palanganatham(Uzhavar Sandhai ),Bhindi(Ladies Finger),Bhindi,Local,07/09/2026,2800,3000,2900
Tamil Nadu,Madurai,Palanganatham(Uzhavar Sandhai ),Banana,Besrai,Local,07/09/2026,3000,3600,3300
Tamil Nadu,Madurai,Palanganatham(Uzhavar Sandhai ),Onion,Bellary,Local,07/09/2026,6000,6500,6250
Tamil Nadu,Madurai,Palanganatham(Uzhavar Sandhai ),Ginger(Green),Green Ginger,Local,07/09/2026,12000,19000,15500
Tamil Nadu,Madurai,Palanganatham(Uzhavar Sandhai ),Guava,Guava Allahabad,Local,07/09/2026,6000,7000,6500
Tamil Nadu,Madurai,Palanganatham(Uzhavar Sandhai ),Yam(Ratalu),Yam (Ratalu),Local,07/09/2026,6000,7000,6500
Tamil Nadu,Madurai,Palanganatham(Uzhavar Sandhai ),Indian Beans(Seam),Indian Beans (Seam),Local,07/09/2026,5000,6000,5500
Tamil Nadu,Madurai,Palanganatham(Uzhavar Sandhai ),Amla(Nelli Kai),Amla,Local,07/09/2026,7000,8000,7500
Tamil Nadu,Madurai,Palanganatham(Uzhavar Sandhai ),Mint(Pudina),Mint(Pudina),Local,07/09/2026,4000,5000,4500
Tamil Nadu,Madurai,Anna nagar(Uzhavar Sandhai ),Chili Red,Bold,Local,07/09/2026,20000,20000,20000
Tamil Nadu,Madurai,Anna nagar(Uzhavar Sandhai ),Cauliflower,Ranchi,Local,07/09/2026,3500,4000,3750
Tamil Nadu,Madurai,Anna nagar(Uzhavar Sandhai ),Water Melon,Water Melon,Local,07/09/2026,1500,2000,1750
Tamil Nadu,Madurai,Anna nagar(Uzhavar Sandhai ),Ashgourd,Gouard,Local,07/09/2026,1600,1600,1600
Tamil Nadu,Madurai,Anna nagar(Uzhavar Sandhai ),Amaranthus,Amaranthus,Local,07/09/2026,1500,2000,1750
Tamil Nadu,Madurai,Anna nagar(Uzhavar Sandhai ),Green Chilli,Green Chilly,Local,07/09/2026,4400,4400,4400
Tamil Nadu,Madurai,Anna nagar(Uzhavar Sandhai ),Banana - Green,Banana - Green,Local,07/09/2026,2000,2500,2250
Tamil Nadu,Madurai,Anna nagar(Uzhavar Sandhai ),Grapes,Annabesahai,Local,07/09/2026,9500,9500,9500
Tamil Nadu,Madurai,Anna nagar(Uzhavar Sandhai ),Potato,Other,Local,07/09/2026,6000,6000,6000
Tamil Nadu,Madurai,Anna nagar(Uzhavar Sandhai ),Ginger(Green),Green Ginger,Local,07/09/2026,16000,16000,16000
Tamil Nadu,Madurai,Anna nagar(Uzhavar Sandhai ),Coconut,Coconut,Local,07/09/2026,6400,6400,6400
Tamil Nadu,Madurai,Anna nagar(Uzhavar Sandhai ),Chow Chow,Chow Chow,Local,07/09/2026,3600,3600,3600
Tamil Nadu,Madurai,Anna nagar(Uzhavar Sandhai ),Ridgeguard(Tori),Ridgeguard(Tori),Local,07/09/2026,4600,5600,5100
Tamil Nadu,Madurai,Anna nagar(Uzhavar Sandhai ),Lemon,Lemon,Local,07/09/2026,21000,21000,21000
Tamil Nadu,Madurai,Anna nagar(Uzhavar Sandhai ),Mashrooms,Mashrooms,Local,07/09/2026,22000,22000,22000
Tamil Nadu,Madurai,Anna nagar(Uzhavar Sandhai ),Turnip,Turnip,Local,07/09/2026,5000,6000,5500
Tamil Nadu,Madurai,Anna nagar(Uzhavar Sandhai ),Rose(Local),Rose (Local),Local,07/09/2026,10000,10000,10000
Tamil Nadu,Madurai,Anna nagar(Uzhavar Sandhai ),Tube Rose(Loose),Tube Rose (Loose),Local,07/09/2026,20000,20000,20000
Tamil Nadu,Perambalur,Perambalur(Uzhavar Sandhai ),Garlic,Garlic,Local,07/09/2026,18000,20000,19000
Tamil Nadu,Perambalur,Perambalur(Uzhavar Sandhai ),Cauliflower,Ranchi,Local,07/09/2026,5000,6000,5500
Tamil Nadu,Perambalur,Perambalur(Uzhavar Sandhai ),Coriander(Leaves),I Sort,Local,07/09/2026,3200,3200,3200
Tamil Nadu,Perambalur,Perambalur(Uzhavar Sandhai ),Green Avare(W),Green Avare (W),Local,07/09/2026,7200,9400,8300
Tamil Nadu,Perambalur,Perambalur(Uzhavar Sandhai ),Amaranthus,Amaranthus,Local,07/09/2026,2000,3000,2500
Tamil Nadu,Perambalur,Perambalur(Uzhavar Sandhai ),Groundnut,Big (With Shell),Local,07/09/2026,8000,9000,8500
Tamil Nadu,Perambalur,Perambalur(Uzhavar Sandhai ),Drumstick,Drumstick,Local,07/09/2026,2000,2500,2250
Tamil Nadu,Perambalur,Perambalur(Uzhavar Sandhai ),Yam(Ratalu),Yam (Ratalu),Local,07/09/2026,5600,6800,6200
Tamil Nadu,Perambalur,Perambalur(Uzhavar Sandhai ),Onion Green,Onion Green,Local,07/09/2026,4000,7000,5500
Tamil Nadu,Perambalur,Perambalur(Uzhavar Sandhai ),Sweet Corn ,Sweet Corn ,Local,07/09/2026,4000,5000,4500
Tamil Nadu,Salem,Mecheri(Uzhavar Sandhai),Green Avare(W),Other,Local,07/09/2026,6000,6500,6250
Tamil Nadu,Salem,Mecheri(Uzhavar Sandhai),Pumpkin,Pumpkin,Local,07/09/2026,1500,2000,1750
Tamil Nadu,Salem,Mecheri(Uzhavar Sandhai),Snakeguard,Snakeguard,Local,07/09/2026,3000,3500,3250
Tamil Nadu,Ranipet,Ranipettai(Uzhavar Sandhai ),Bhindi(Ladies Finger),Bhindi,Local,07/09/2026,1800,1800,1800
Tamil Nadu,Ranipet,Ranipettai(Uzhavar Sandhai ),Green Chilli,Green Chilly,Local,07/09/2026,5000,6000,5500
Tamil Nadu,Ranipet,Ranipettai(Uzhavar Sandhai ),Mango,Neelam,Local,07/09/2026,8000,10000,9000
Tamil Nadu,Ranipet,Ranipettai(Uzhavar Sandhai ),Tender Coconut,Tender Coconut,Local,07/09/2026,3000,4000,3500
Tamil Nadu,Ranipet,Ranipettai(Uzhavar Sandhai ),Rose(Local),Rose (Local),Local,07/09/2026,18000,24000,21000
Tamil Nadu,Salem,Ammapet(Uzhavar Sandhai ),Brinjal,Round,Local,07/09/2026,3200,3400,3300
Tamil Nadu,Salem,Ammapet(Uzhavar Sandhai ),Coriander(Leaves),I Sort,Local,07/09/2026,1600,1800,1700
Tamil Nadu,Salem,Ammapet(Uzhavar Sandhai ),Bottle gourd,Bottle Gourd,Local,07/09/2026,2000,2500,2250
Tamil Nadu,Salem,Ammapet(Uzhavar Sandhai ),Apple,American,Local,07/09/2026,19000,20000,19500
Tamil Nadu,Salem,Ammapet(Uzhavar Sandhai ),Beetroot,Beetroot,Local,07/09/2026,5000,6500,5750
Tamil Nadu,Salem,Ammapet(Uzhavar Sandhai ),Tender Coconut,Tender Coconut,Local,07/09/2026,2000,4000,3000
Tamil Nadu,Salem,Ammapet(Uzhavar Sandhai ),Indian Beans(Seam),Indian Beans (Seam),Local,07/09/2026,5000,6000,5500
Tamil Nadu,Salem,Ammapet(Uzhavar Sandhai ),Mashrooms,Mashrooms,Local,07/09/2026,19000,20000,19500
Tamil Nadu,Salem,Ammapet(Uzhavar Sandhai ),Sweet Corn ,Sweet Corn ,Local,07/09/2026,3600,4000,3800
Tamil Nadu,Salem,Mettur(Uzhavar Sandhai ),Potato,Other,Local,07/09/2026,4000,4500,4250
Tamil Nadu,Salem,Mettur(Uzhavar Sandhai ),Tomato,Local,Local,07/09/2026,2000,2600,2300
Tamil Nadu,Salem,Mettur(Uzhavar Sandhai ),Cluster beans,Cluster Beans,Local,07/09/2026,3000,3500,3250
Tamil Nadu,Salem,Mettur(Uzhavar Sandhai ),Bottle gourd,Bottle Gourd,Local,07/09/2026,2000,2500,2250
Tamil Nadu,Salem,Mettur(Uzhavar Sandhai ),Ashgourd,Gouard,Local,07/09/2026,1500,2000,1750
Tamil Nadu,Salem,Mettur(Uzhavar Sandhai ),Amaranthus,Amaranthus,Local,07/09/2026,2000,2500,2250
Tamil Nadu,Salem,Mettur(Uzhavar Sandhai ),Green Chilli,Green Chilly,Local,07/09/2026,4000,4500,4250
Tamil Nadu,Salem,Mettur(Uzhavar Sandhai ),Beans,Beans (Whole),Local,07/09/2026,7000,7500,7250
Tamil Nadu,Salem,Mettur(Uzhavar Sandhai ),Onion,Bellary,Local,07/09/2026,6000,6500,6250
Tamil Nadu,Salem,Mettur(Uzhavar Sandhai ),Ginger(Green),Green Ginger,Local,07/09/2026,15000,16000,15500
Tamil Nadu,Salem,Mettur(Uzhavar Sandhai ),Green Avare(W),Other,Local,07/09/2026,5000,5500,5250
Tamil Nadu,Salem,Mettur(Uzhavar Sandhai ),Ridgeguard(Tori),Ridgeguard(Tori),Local,07/09/2026,3500,4000,3750
Tamil Nadu,Salem,Mettur(Uzhavar Sandhai ),Drumstick,Drumstick,Local,07/09/2026,2000,2500,2250
Tamil Nadu,Salem,Mettur(Uzhavar Sandhai ),Lemon,Lemon,Local,07/09/2026,11000,12000,11500
Tamil Nadu,Salem,Mettur(Uzhavar Sandhai ),Amla(Nelli Kai),Amla,Local,07/09/2026,7500,8000,7750
Tamil Nadu,Salem,Mettur(Uzhavar Sandhai ),Mint(Pudina),Mint(Pudina),Local,07/09/2026,2500,3000,2750
Tamil Nadu,Salem,Mettur(Uzhavar Sandhai ),Rose(Local),Rose (Local),Local,07/09/2026,11000,12000,11500
Tamil Nadu,Salem,Mettur(Uzhavar Sandhai ),Sweet Corn ,Sweet Corn ,Local,07/09/2026,3500,4000,3750
Tamil Nadu,Salem,Sooramangalam(Uzhavar Sandhai ),Papaya,Papaya,Local,07/09/2026,3500,4000,3750
Tamil Nadu,Salem,Sooramangalam(Uzhavar Sandhai ),Mousambi(Sweet Lime),Mousambi,Local,07/09/2026,3500,4000,3750
Tamil Nadu,Salem,Sooramangalam(Uzhavar Sandhai ),Bhindi(Ladies Finger),Bhindi,Local,07/09/2026,2600,2800,2700
Tamil Nadu,Salem,Sooramangalam(Uzhavar Sandhai ),Banana - Green,Banana - Green,Local,07/09/2026,2000,2400,2200
Tamil Nadu,Salem,Sooramangalam(Uzhavar Sandhai ),Beans,Beans (Whole),Local,07/09/2026,7400,8400,7900
Tamil Nadu,Salem,Sooramangalam(Uzhavar Sandhai ),Carrot,Pusakesar,Local,07/09/2026,6500,7000,6750
Tamil Nadu,Salem,Sooramangalam(Uzhavar Sandhai ),Ridgeguard(Tori),Ridgeguard(Tori),Local,07/09/2026,3000,3600,3300
Tamil Nadu,Salem,Sooramangalam(Uzhavar Sandhai ),Chow Chow,Chow Chow,Local,07/09/2026,3400,3600,3500
Tamil Nadu,Salem,Sooramangalam(Uzhavar Sandhai ),Drumstick,Drumstick,Local,07/09/2026,2500,3000,2750
Tamil Nadu,Salem,Sooramangalam(Uzhavar Sandhai ),Mango(Raw-Ripe),Mango - Raw-Ripe,Local,07/09/2026,3500,4000,3750
Tamil Nadu,Salem,Sooramangalam(Uzhavar Sandhai ),Knool Khol,Knool Khol,Local,07/09/2026,3500,4000,3750
Tamil Nadu,Salem,Sooramangalam(Uzhavar Sandhai ),Marigold(Calcutta),Marigold(Calcutta),Local,07/09/2026,11500,12000,11750
Tamil Nadu,Salem,Sooramangalam(Uzhavar Sandhai ),Lemon,Lemon,Local,07/09/2026,17500,18000,17750
Tamil Nadu,Salem,Sooramangalam(Uzhavar Sandhai ),Onion Green,Onion Green,Local,07/09/2026,6000,6200,6100
Tamil Nadu,Salem,Sooramangalam(Uzhavar Sandhai ),Mint(Pudina),Mint(Pudina),Local,07/09/2026,3000,3400,3200
Tamil Nadu,Thiruchirappalli,Thuraiyur APMC,Beans,Beans (Whole),Local,07/09/2026,7600,8600,8100
Tamil Nadu,Thiruchirappalli,Thuraiyur APMC,Ginger(Green),Green Ginger,Local,07/09/2026,16500,17500,17000
Tamil Nadu,Thiruchirappalli,Thuraiyur APMC,Cabbage,Cabbage,Local,07/09/2026,2500,3000,2750
Tamil Nadu,Thiruchirappalli,Thuraiyur APMC,Ridgeguard(Tori),Ridgeguard(Tori),Local,07/09/2026,5000,5600,5300
Tamil Nadu,Thiruchirappalli,Thuraiyur APMC,Mango(Raw-Ripe),Mango - Raw-Ripe,Local,07/09/2026,9000,10000,9500
Tamil Nadu,Thiruchirappalli,Thuraiyur APMC,Tender Coconut,Tender Coconut,Local,07/09/2026,5000,5500,5250
Tamil Nadu,Salem,Thammampatti (Uzhavar Sandhai ),Cluster beans,Cluster Beans,Local,07/09/2026,3500,4000,3750
Tamil Nadu,Salem,Thammampatti (Uzhavar Sandhai ),Drumstick,Drumstick,Local,07/09/2026,2000,2000,2000
Tamil Nadu,Salem,Thammampatti (Uzhavar Sandhai ),Lime,Lime,Local,07/09/2026,4000,4000,4000
Tamil Nadu,Salem,Thammampatti (Uzhavar Sandhai ),Tender Coconut,Tender Coconut,Local,07/09/2026,3000,4000,3500
Tamil Nadu,Salem,Thammampatti (Uzhavar Sandhai ),Onion Green,Onion Green,Local,07/09/2026,6000,6500,6250
Tamil Nadu,Salem,Thathakapatti(Uzhavar Sandhai ),Chikoos(Sapota),Sapota,Local,07/09/2026,3500,4000,3750
Tamil Nadu,Salem,Thathakapatti(Uzhavar Sandhai ),Cluster beans,Cluster Beans,Local,07/09/2026,3000,3400,3200
Tamil Nadu,Salem,Thathakapatti(Uzhavar Sandhai ),Pumpkin,Pumpkin,Local,07/09/2026,1800,2000,1900
Tamil Nadu,Salem,Thathakapatti(Uzhavar Sandhai ),Amaranthus,Amaranthus,Local,07/09/2026,2000,2400,2200
