state,district,market,commodity,variety,grade,arrival_date,min_price,max_price,modal_price
Andhra Pradesh,Dr.B.R.A.Konaseema,Amalapuram APMC,Paddy(Common),1001,FAQ,29/08/2026,2369,2468,2369
Andhra Pradesh,Kakinada,Prattipadu APMC,Paddy(Common),1001,FAQ,29/08/2026,2369,2380,2379
Andhra Pradesh,Kakinada,Karapa APMC,Paddy(Common),1001,FAQ,29/08/2026,2359,2369,2365
Andhra Pradesh,Palnadu,Narasaraopet APMC,Paddy(Common),B P T,FAQ,29/08/2026,3000,3000,3000
Andhra Pradesh,Krishna,Divi (HQ-Avanigadda) APMC,Paddy(Common),B P T,FAQ,29/08/2026,3100,3500,3250
Andhra Pradesh,Eluru,Kaikaluru APMC,Paddy(Common),MTU-1001,Local,29/08/2026,2440,2440,2440
Andhra Pradesh,Dr.B.R.A.Konaseema,Ramachandrapuram APMC,Paddy(Common),Paddy,FAQ,29/08/2026,2369,2380,2369
Andhra Pradesh,Palnadu,Ipur APMC,Paddy(Common),Paddy,FAQ,29/08/2026,2350,2650,2550
Andhra Pradesh,Anakapally,Chodavaram APMC,Paddy(Common),Paddy,Local,29/08/2026,2200,2400,2300
Andhra Pradesh,Nandyal,Atmakur (Nandyal District) APMC,Paddy(Common),Sona,FAQ,29/08/2026,2480,2480,2480
Andhra Pradesh,Palnadu,Narasaraopet APMC,Rice,B P T,FAQ,29/08/2026,6000,6000,6000
Andhra Pradesh,Srikakulam,Etcherla APMC,Maize,Deshi White,Local,29/08/2026,2400,2400,2400
Andhra Pradesh,Sri Sathya Sai,Penukonda APMC,Maize,Hybrid/Local,FAQ,29/08/2026,2400,2500,2450
Andhra Pradesh,Vijayanagaram,Chipurupalli APMC,Maize,Local,FAQ,29/08/2026,4800,4800,4800
Andhra Pradesh,Prakasam,Kondapi APMC,Bengal Gram(Gram)(Whole),Average (Whole),Local,29/08/2026,5500,6000,5750
Andhra Pradesh,Anakapally,Payakaraopeta APMC,Green Gram(Moong)(Whole),Local,Local,29/08/2026,8748,8768,8758
Andhra Pradesh,Palnadu,Narasaraopet APMC,Green Gram(Moong)(Whole),Local (Whole),FAQ,29/08/2026,7500,7500,7500
Andaman and Nicobar,North and Middle Andaman ,Diglipur Vegetable Market (Subhashgram),Green Gram(Moong)(Whole),Other,FAQ,29/08/2026,8000,12000,9500
Tamil Nadu,Thiruvannamalai,Chengam(Uzhavar Sandhai ),Groundnut,Big (With Shell),Local,29/08/2026,7000,8000,7500
Tamil Nadu,Namakkal,Rasipuram(Uzhavar Sandhai ),Groundnut,Big (With Shell),Local,29/08/2026,6500,7000,6750
Tamil Nadu,Thirupur,Tiruppur (North) (Uzhavar Sandhai ),Groundnut,Big (With Shell),Local,29/08/2026,5000,5500,5250
Tamil Nadu,Madurai,Melur(Uzhavar Sandhai ),Groundnut,Big (With Shell),Local,29/08/2026,7000,8000,7500
Tamil Nadu,Salem,Elampillai(Uzhavar Sandhai ),Groundnut,Big (With Shell),Local,29/08/2026,6500,7000,6750
Tamil Nadu,Pudukkottai,Pudukottai(Uzhavar Sandhai ),Groundnut,Big (With Shell),Local,29/08/2026,5000,6000,5500
Tamil Nadu,Sivaganga,Sivagangai (Uzhavar Sandhai ),Soyabean,Local,Local,29/08/2026,10000,11000,10500
Andhra Pradesh,Guntur,Phirangipuram APMC,Cotton,Cotton (Unginned),Local,29/08/2026,7500,8700,8100
Andhra Pradesh,Markapuram,Markapur APMC,Cotton,Desi,FAQ,29/08/2026,8000,8000,8000
Andhra Pradesh,Prakasam,Darsi APMC,Cotton,Desi,Local,29/08/2026,8100,8200,8200
Tamil Nadu,Perambalur,Perambalur(Uzhavar Sandhai ),Apple,American,Local,29/08/2026,23000,25000,24000
Tamil Nadu,Madurai,Anna nagar(Uzhavar Sandhai ),Apple,American,Local,29/08/2026,18000,20000,19000
Tamil Nadu,Theni,Theni(Uzhavar Sandhai ),Apple,American,Local,29/08/2026,14000,26000,20000
Tamil Nadu,Thiruvannamalai,Tiruvannamalai(Uzhavar Sandhai ),Apple,American,Local,29/08/2026,22000,24000,23000
Tamil Nadu,Nagercoil (Kannyiakumari),Myladi(Uzhavar Sandhai ),Apple,American,Local,29/08/2026,19000,20000,19500
Punjab,Bhatinda,Rampuraphul(Nabha Mandi) APMC,Apple,Other,Grade A,29/08/2026,5000,10000,7000
Tamil Nadu,Madurai,Palanganatham(Uzhavar Sandhai ),Orange,Darjeeling,Local,29/08/2026,14000,16000,15000
Tamil Nadu,Salem,Hasthampatti(Uzhavar Sandhai ),Orange,Darjeeling,Local,29/08/2026,5000,6000,5500
Tamil Nadu,Theni,Theni(Uzhavar Sandhai ),Orange,Darjeeling,Local,29/08/2026,16000,16000,16000
Tamil Nadu,Madurai,Anna nagar(Uzhavar Sandhai ),Orange,Darjeeling,Local,29/08/2026,14000,16000,15000
Himachal Pradesh,Kangra,SMY Baijnath,Banana,Banana - Ripe,Grade B,29/08/2026,3700,3900,3800
Tamil Nadu,Vellore,Thirupathur APMC,Banana,Besrai,Local,29/08/2026,4000,4000,4000
Tamil Nadu,Theni,Devaram(Uzhavar Sandhai ),Banana,Besrai,Local,29/08/2026,6000,6000,6000
Tamil Nadu,Dharmapuri,Harur(Uzhavar Sandhai ),Banana,Besrai,Local,29/08/2026,4000,6000,5000
Tamil Nadu,Theni,Bodinayakanur(Uzhavar Sandhai ),Banana,Besrai,Local,29/08/2026,5000,5000,5000
Tamil Nadu,Dindigul,Chinnalapatti(Uzhavar Sandhai ),Banana,Besrai,Local,29/08/2026,7000,8000,7500
Tamil Nadu,Madurai,Anna nagar(Uzhavar Sandhai ),Banana,Besrai,Local,29/08/2026,3500,4000,3750
Tamil Nadu,Ramanathapuram,Ramanathapuram(Uzhavar Sandhai ),Banana,Besrai,Local,29/08/2026,5000,5500,5250
Tamil Nadu,Thanjavur,Pattukottai(Uzhavar Sandhai ),Banana,Besrai,Local,29/08/2026,3500,3500,3500
Tamil Nadu,Madurai,Anaiyur(Uzhavar Sandhai ),Banana,Besrai,Local,29/08/2026,3600,4000,3800
Tamil Nadu,Virudhunagar,Thalavaipuram(Uzhavar Sandhai ),Banana,Besrai,Local,29/08/2026,3200,4000,3600
Tamil Nadu,Pudukkottai,Viralimalai(Uzhavar Sandhai ),Banana,Besrai,Local,29/08/2026,7000,8000,7500
Tamil Nadu,Krishnagiri,Denkanikottai(Uzhavar Sandhai ),Banana,Elakki Bale,Local,29/08/2026,8500,9000,8750
Tamil Nadu,Thiruchirappalli,Thiruverumbur(Uzhavar Sandhai ),Banana,Karpura,Local,29/08/2026,4000,4000,4000
Tamil Nadu,Vellore,Perampet(Uzhavar Sandhai),Banana,Karpura,Local,29/08/2026,5000,5000,5000
Tamil Nadu,Namakkal,Paramathivelur(Uzhavar Sandhai ),Banana,Karpura,Local,29/08/2026,4000,4500,4250
Tamil Nadu,Karur,Gandhigramam(Uzhavar Sandhai),Banana,Other,Local,29/08/2026,5000,6000,5500
Tamil Nadu,Pudukkottai,Karambakkudi(Uzhavar Sandhai ),Banana,Other,Local,29/08/2026,6000,7000,6500
Keralam,Thiruvananthapuram,Parassala VFPCK Market,Banana,Palayamthodan,Grade A,29/08/2026,3000,3200,3100
Tamil Nadu,Sivaganga,Devakottai (Uzhavar Sandhai ),Banana,Poovan,Local,29/08/2026,3500,4000,3750
Tamil Nadu,Pudukkottai,Alangudi(Uzhavar Sandhai ),Banana,Poovan,Local,29/08/2026,4500,5000,4750
Tamil Nadu,Dharmapuri,Palacode(Uzhavar Sandhai ),Banana,Poovan,Local,29/08/2026,5000,5500,5250
Tamil Nadu,Kancheepuram,Sunguvarchatram(Uzhavar Sandhai ),Banana,Red Banana,Local,29/08/2026,7000,8000,7500
Tamil Nadu,Theni,Theni(Uzhavar Sandhai ),Banana,Red Banana,Local,29/08/2026,6000,7000,6500
Tamil Nadu,Vellore,Vellore APMC,Banana,Red Banana,Local,29/08/2026,8000,8000,8000
Tamil Nadu,Salem,Mettur(Uzhavar Sandhai ),Banana,Red Banana,Local,29/08/2026,6000,7000,6500
Tamil Nadu,Perambalur,Perambalur(Uzhavar Sandhai ),Banana,Red Banana,Local,29/08/2026,7000,8000,7500
Tamil Nadu,Coimbatore,Pollachi(Uzhavar Sandhai ),Banana,Red Banana,Local,29/08/2026,7000,8000,7500
Tamil Nadu,Salem,Ammapet(Uzhavar Sandhai ),Banana,Red Banana,Local,29/08/2026,7500,8000,7750
Tamil Nadu,Karur,Karur(Uzhavar Sandhai ),Banana,Red Banana,Local,29/08/2026,5000,6000,5500
Tamil Nadu,Coimbatore,RSPuram(Uzhavar Sandhai ),Banana,Red Banana,Local,29/08/2026,8000,8600,8300
Tamil Nadu,Erode,Thalavadi(Uzhavar Sandhai ),Banana,Red Banana,Local,29/08/2026,6000,6500,6250
Tamil Nadu,Chengalpattu,Nanganallur(Uzhavar Sandhai ),Banana,Red Banana,Local,29/08/2026,8000,9000,8500
Tamil Nadu,Karur,Kulithalai(Uzhavar Sandhai ),Mango,Neelam,Local,29/08/2026,5000,6000,5500
Tamil Nadu,Pudukkottai,Pudukottai(Uzhavar Sandhai ),Mango,Other,Local,29/08/2026,12000,13000,12500
Chandigarh,Chandigarh,Chandigarh (Grain/F&V) APMC,Mango,Other,Medium,29/08/2026,4000,10000,9000
Tamil Nadu,Sivaganga,Singampunari(Uzhavar Sandhai ),Mango,Safeda,Local,29/08/2026,7600,8200,7900
Tamil Nadu,Thirupur,Dharapuram(Uzhavar Sandhai ),Mango,Safeda,Local,29/08/2026,5500,6000,5750
Tamil Nadu,Madurai,Anna nagar(Uzhavar Sandhai ),Mango,Safeda,Local,29/08/2026,5500,6000,5750
Tamil Nadu,Coimbatore,Mettupalayam(Uzhavar Sandhai ),Mango,Safeda,Local,29/08/2026,8000,10000,9000
Tamil Nadu,Madurai,Anna nagar(Uzhavar Sandhai ),Grapes,Annabesahai,Local,29/08/2026,11000,12000,11500
Tamil Nadu,Coimbatore,RSPuram(Uzhavar Sandhai ),Grapes,Annabesahai,Local,29/08/2026,9000,10000,9500
Tamil Nadu,Dharmapuri,Dharmapuri(Uzhavar Sandhai ),Onion,Bellary,Local,29/08/2026,5500,5800,5650
Tamil Nadu,Namakkal,Paramathivelur(Uzhavar Sandhai ),Onion,Bellary,Local,29/08/2026,4000,5000,4500
Tamil Nadu,Thiruvannamalai,Arani(Uzhavar Sandhai ),Onion,Bellary,Local,29/08/2026,4500,5000,4750
Tamil Nadu,Ramanathapuram,Paramakudi(Uzhavar Sandhai ),Onion,Bellary,Local,29/08/2026,5500,5800,5650
Tamil Nadu,Salem,Mettur(Uzhavar Sandhai ),Onion,Bellary,Local,29/08/2026,5000,6500,5750
Tamil Nadu,Dharmapuri,Pennagaram(Uzhavar Sandhai ),Onion,Bellary,Local,29/08/2026,5500,5800,5650
Tamil Nadu,Coimbatore,Sundarapuram(Uzhavar Sandhai ),Onion,Bellary,Local,29/08/2026,5000,5500,5250
Tamil Nadu,Thiruvannamalai,Cheyyar(Uzhavar Sandhai ),Onion,Bellary,Local,29/08/2026,4800,6000,5400
Tamil Nadu,Tuticorin,Kovilpatti(Uzhavar Sandhai ),Onion,Bellary,Local,29/08/2026,6000,6500,6250
Tamil Nadu,Vellore,Kahithapattarai(Uzhavar Sandhai ),Onion,Bellary,Local,29/08/2026,5800,5800,5800
Tamil Nadu,Salem,Elampillai(Uzhavar Sandhai ),Onion,Bellary,Local,29/08/2026,5500,6000,5750
Tamil Nadu,Virudhunagar,Virudhunagar(Uzhavar Sandhai ),Onion,Bellary,Local,29/08/2026,5200,5300,5250
Tamil Nadu,Pudukkottai,Aranthangi(Uzhavar Sandhai ),Onion,Bellary,Local,29/08/2026,6000,7000,6500
Tamil Nadu,Namakkal,Mohanur(Uzhavar Sandhai ),Onion,Bellary,Local,29/08/2026,5500,6000,5750
Tamil Nadu,Kancheepuram,Kundrathur(Uzhavar Sandhai ),Onion,Bellary,Local,29/08/2026,3500,4000,3750
Tamil Nadu,Theni,Periyakulam(Uzhavar Sandhai ),Onion,Bellary,Local,29/08/2026,5000,5500,5250
Tamil Nadu,Tuticorin,Tuticorin(Uzhavar Sandhai ),Onion,Bellary,Local,29/08/2026,5000,5500,5250
Tamil Nadu,Kallakuruchi,Kallakurichi(Uzhavar Sandhai ),Onion,Bellary,Local,29/08/2026,6000,6000,6000
Tamil Nadu,Ranipet,Arcot(Uzhavar Sandhai ),Onion,Bellary,Local,29/08/2026,5000,5600,5300
Tamil Nadu,Nagapattinam,Nagapattinam(Uzhavar Sandhai ),Onion,Bellary,Local,29/08/2026,3000,3800,3400
Tamil Nadu,Chengalpattu,Pallavaram(Uzhavar Sandhai ),Onion,Bellary,Local,29/08/2026,5000,6000,5500
Tamil Nadu,Theni,Theni(Uzhavar Sandhai ),Onion,Bellary,Local,29/08/2026,5000,5500,5250
Tamil Nadu,Thiruvannamalai,Chengam(Uzhavar Sandhai ),Onion,Bellary,Local,29/08/2026,5000,6000,5500
Tamil Nadu,Madurai,Usilampatti(Uzhavar Sandhai ),Onion,Bellary,Local,29/08/2026,6000,6500,6250
Tamil Nadu,Erode,Gobichettipalayam(Uzhavar Sandhai ),Onion,Bellary,Local,29/08/2026,5500,6000,5750
Tamil Nadu,Virudhunagar,Thalavaipuram(Uzhavar Sandhai ),Onion,Bellary,Local,29/08/2026,5000,6000,5500
Tamil Nadu,Pudukkottai,Karambakkudi(Uzhavar Sandhai ),Onion,Bellary,Local,29/08/2026,6000,7000,6500
Tamil Nadu,Pudukkottai,Alangudi(Uzhavar Sandhai ),Onion,Bellary,Local,29/08/2026,6000,7000,6500
Tamil Nadu,Pudukkottai,Pudukottai(Uzhavar Sandhai ),Onion,Bellary,Local,29/08/2026,6000,7000,6500
Tamil Nadu,Villupuram,Gingee(Uzhavar Sandhai ),Onion,Bellary,Local,29/08/2026,5000,6000,5500
Keralam,Alappuzha,Harippad Market,Onion,Big,FAQ,29/08/2026,5000,5500,5000
Tripura,North Tripura,Dasda APMC,Onion,Onion,FAQ,29/08/2026,4100,4100,4100
Punjab,Hoshiarpur,Mukerian(Talwara) APMC,Onion,Onion,FAQ,29/08/2026,3500,5500,4500
Uttarakhand,Haridwar,Roorkee APMC,Onion,Other,Medium,29/08/2026,2500,4500,3500
Punjab,Tarntaran,Patti APMC,Onion,Other,Non-FAQ,29/08/2026,0.2,0.2,0.2
Keralam,Alappuzha,Harippad Market,Onion,Small,FAQ,29/08/2026,8000,8500,8000
Tamil Nadu,Madurai,Anaiyur(Uzhavar Sandhai ),Potato,Red Nanital,Local,29/08/2026,5000,6000,5500
Tamil Nadu,Vellore,Perampet(Uzhavar Sandhai),Potato,Red Nanital,Local,29/08/2026,3000,3000,3000
Tamil Nadu,Villupuram,Ulundurpettai APMC,Potato,Red Nanital,Local,29/08/2026,4000,4000,4000
Tamil Nadu,Villupuram,Gingee(Uzhavar Sandhai ),Potato,Red Nanital,Local,29/08/2026,4000,4000,4000
Tamil Nadu,Dharmapuri,Pennagaram(Uzhavar Sandhai ),Potato,Red Nanital,Local,29/08/2026,3300,3500,3400
Tamil Nadu,Thiruvellore,Naravarikuppam(Uzhavar Sandhai ),Potato,Red Nanital,Local,29/08/2026,4000,4000,4000
Tamil Nadu,Coimbatore,Mettupalayam(Uzhavar Sandhai ),Potato,Red Nanital,Local,29/08/2026,4000,7000,5500
Tamil Nadu,Madurai,Anna nagar(Uzhavar Sandhai ),Potato,Red Nanital,Local,29/08/2026,5500,6000,5750
Uttarakhand,Haridwar,Roorkee APMC,Potato,Other,Medium,29/08/2026,800,1200,1000
Punjab,Bhatinda,Rampuraphul(Nabha Mandi) APMC,Potato,Other,Grade A,29/08/2026,600,800,700
Tamil Nadu,Tuticorin,Kovilpatti(Uzhavar Sandhai ),Potato,Other,Local,29/08/2026,3500,4000,3750
Tamil Nadu,Cuddalore,Vadalur(Uzhavar Sandhai ),Potato,Other,Local,29/08/2026,3500,4000,3750
Tamil Nadu,Coimbatore,Sundarapuram(Uzhavar Sandhai ),Potato,Other,Local,29/08/2026,7200,8000,7600
Tamil Nadu,Kancheepuram,Padappai(Uzhavar Sandhai ),Potato,Other,Local,29/08/2026,2500,3500,3000
Tamil Nadu,Dharmapuri,AJattihalli(Uzhavar Sandhai ),Potato,Other,Local,29/08/2026,2400,2800,2600
Tamil Nadu,Madurai,Palanganatham(Uzhavar Sandhai ),Potato,Other,Local,29/08/2026,5500,6000,5750
Tamil Nadu,Salem,Elampillai(Uzhavar Sandhai ),Potato,Other,Local,29/08/2026,2500,3000,2750
Tamil Nadu,Salem,Athur(Uzhavar Sandhai ),Potato,Other,Local,29/08/2026,2800,3000,2900
Tamil Nadu,Kancheepuram,Kundrathur(Uzhavar Sandhai ),Potato,Other,Local,29/08/2026,2600,2600,2600
Tamil Nadu,Perambalur,Perambalur(Uzhavar Sandhai ),Potato,Other,Local,29/08/2026,3000,3000,3000
Tamil Nadu,Theni,Theni(Uzhavar Sandhai ),Potato,Other,Local,29/08/2026,2600,2600,2600
Tamil Nadu,Erode,Sathiyamagalam(Uzhavar Sandhai ),Potato,Other,Local,29/08/2026,3500,4000,3750
Tamil Nadu,Thiruchirappalli,Musiri(Uzhavar Sandhai ),Potato,Other,Local,29/08/2026,2500,3000,2750
Tamil Nadu,Pudukkottai,Gandarvakottai(Uzhavar Sandhai ),Potato,Other,Local,29/08/2026,6500,7000,6750
Tamil Nadu,Dharmapuri,Karimangalam(Uzhavar Sandhai),Potato,Other,Local,29/08/2026,2600,2800,2700
Tamil Nadu,Salem,Hasthampatti(Uzhavar Sandhai ),Garlic,Garlic,Local,29/08/2026,18000,20000,19000
Tamil Nadu,Vellore,Gudiyatham(Uzhavar Sandhai ),Garlic,Garlic,Local,29/08/2026,22000,22000,22000
Tamil Nadu,Madurai,Anaiyur(Uzhavar Sandhai ),Garlic,Garlic,Local,29/08/2026,26000,27000,26500
Tamil Nadu,Coimbatore,Sundarapuram(Uzhavar Sandhai ),Garlic,Garlic,Local,29/08/2026,22000,23000,22500
Uttar Pradesh,Mau(Maunathbhanjan),Kopaganj APMC,Cauliflower,Cauliflower,FAQ,29/08/2026,2334,2400,2380
Punjab,Bhatinda,Rampuraphul(Nabha Mandi) APMC,Cauliflower,Cauliflower,Grade A,29/08/2026,3000,4000,3500
Uttarakhand,Haridwar,Haridwar Union APMC,Cauliflower,Other,Local,29/08/2026,1000,1500,1200
Tamil Nadu,Ramanathapuram,Paramakudi(Uzhavar Sandhai ),Cauliflower,Ranchi,Local,29/08/2026,5500,5800,5650
Tamil Nadu,Sivaganga,Tirupatthur(Uzhavar Sandhai ),Cauliflower,Ranchi,Local,29/08/2026,3500,4000,3750
Tamil Nadu,Thirupur,Kangayam(Uzhavar Sandhai ),Cauliflower,Ranchi,Local,29/08/2026,3000,3500,3250
Tamil Nadu,Namakkal,Kumarapalayam(Uzhavar Sandhai ),Cauliflower,Ranchi,Local,29/08/2026,3500,4000,3750
Tamil Nadu,Coimbatore,Udumalpet APMC,Cauliflower,Ranchi,Local,29/08/2026,3000,3800,3400
Tamil Nadu,Thiruvannamalai,Chengam(Uzhavar Sandhai ),Cauliflower,Ranchi,Local,29/08/2026,3300,4000,3650
Tamil Nadu,Thiruchirappalli,Thiruverumbur(Uzhavar Sandhai ),Cauliflower,Ranchi,Local,29/08/2026,5000,5000,5000
Tamil Nadu,Salem,Edapadi (Uzhavar Sandhai ),Cauliflower,Ranchi,Local,29/08/2026,2800,3000,2900
Tamil Nadu,Kancheepuram,Kundrathur(Uzhavar Sandhai ),Cauliflower,Ranchi,Local,29/08/2026,3000,3500,3250
Tamil Nadu,Namakkal,Rasipuram(Uzhavar Sandhai ),Cauliflower,Ranchi,Local,29/08/2026,3000,4000,3500
Tamil Nadu,Theni,Bodinayakanur(Uzhavar Sandhai ),Cauliflower,Ranchi,Local,29/08/2026,3500,3500,3500
Tamil Nadu,Thiruchirappalli,Manachanallur(Uzhavar Sandhai ),Cauliflower,Ranchi,Local,29/08/2026,4500,5000,4750
Tamil Nadu,Nagercoil (Kannyiakumari),Myladi(Uzhavar Sandhai ),Cauliflower,Ranchi,Local,29/08/2026,4500,5000,4750
Tamil Nadu,Nagapattinam,Mayiladuthurai(Uzhavar Sandhai ),Cauliflower,Ranchi,Local,29/08/2026,5000,5000,5000
Tamil Nadu,Thirupur,Dharapuram(Uzhavar Sandhai ),Cauliflower,Ranchi,Local,29/08/2026,3000,3200,3100
Tamil Nadu,Theni,Chinnamanur(Uzhavar Sandhai ),Cauliflower,Ranchi,Local,29/08/2026,2000,3000,2500
Tamil Nadu,Erode,Thalavadi(Uzhavar Sandhai ),Cauliflower,Ranchi,Local,29/08/2026,2800,3200,3000
Tamil Nadu,Virudhunagar,Sivakasi(Uzhavar Sandhai ),Cauliflower,Ranchi,Local,29/08/2026,5000,6000,5500
Tamil Nadu,Virudhunagar,Srivilliputhur(Uzhavar Sandhai ),Cauliflower,Ranchi,Local,29/08/2026,2500,3000,2750
Tamil Nadu,Perambalur,Perambalur(Uzhavar Sandhai ),Cauliflower,Ranchi,Local,29/08/2026,5000,6000,5500
Tamil Nadu,Nagercoil (Kannyiakumari),Vadaseri APMC,Cauliflower,Ranchi,Local,29/08/2026,5000,5500,5250
Tamil Nadu,Erode,Gobichettipalayam(Uzhavar Sandhai ),Cauliflower,Ranchi,Local,29/08/2026,4000,4500,4250
Punjab,Jalandhar,Mehatpur APMC,Brinjal,Brinjal,Local,29/08/2026,1400,1600,1500
Odisha,Sundergarh,Panposh APMC,Brinjal,Brinjal,FAQ,29/08/2026,3000,4000,3500
Punjab,Amritsar,Rayya APMC,Brinjal,Brinjal,FAQ,29/08/2026,500,500,500
Odisha,Kalahandi,Bhawanipatna APMC,Brinjal,Brinjal,Local,29/08/2026,2800,2800,2800
Odisha,Mayurbhanja,Betnoti APMC,Brinjal,Brinjal,FAQ,29/08/2026,4600,5000,4800
Uttarakhand,Haridwar,Roorkee APMC,Brinjal,Other,Local,29/08/2026,700,1000,800
Uttarakhand,Haridwar,Haridwar Union APMC,Brinjal,Other,Local,29/08/2026,800,1000,900
Tamil Nadu,Salem,Elampillai(Uzhavar Sandhai ),Brinjal,Other,Local,29/08/2026,2500,3000,2750
Tamil Nadu,Thirupur,Tiruppur (South) (Uzhavar Sandhai ),Brinjal,Other,Local,29/08/2026,5000,6000,5500
Tamil Nadu,Thiruchirappalli,Manachanallur(Uzhavar Sandhai ),Brinjal,Other,Local,29/08/2026,3000,3500,3250
Tamil Nadu,Salem,Vazhapadi(Uzhavar Sandhai),Brinjal,Other,Local,29/08/2026,2800,2800,2800
Tamil Nadu,Vellore,Gudiyatham(Uzhavar Sandhai ),Brinjal,Other,Local,29/08/2026,2500,2500,2500
Tamil Nadu,Cuddalore,Vadalur(Uzhavar Sandhai ),Brinjal,Other,Local,29/08/2026,3500,4000,3750
Tamil Nadu,Karur,Vengamedu(Uzhavar Sandhai ),Brinjal,Other,Local,29/08/2026,4000,5000,4500
Tamil Nadu,Karur,Kulithalai(Uzhavar Sandhai ),Brinjal,Other,Local,29/08/2026,3000,3600,3300
Tamil Nadu,Tuticorin,Kovilpatti(Uzhavar Sandhai ),Brinjal,Other,Local,29/08/2026,3000,3500,3250
Tamil Nadu,Coimbatore,Kurichi(Uzhavar Sandhai ),Brinjal,Other,Local,29/08/2026,4500,5000,4750
Tamil Nadu,Thirupur,Palladam(Uzhavar Sandhai ),Brinjal,Other,Local,29/08/2026,3500,4000,3750
Tamil Nadu,Dindigul,Chinnalapatti(Uzhavar Sandhai ),Brinjal,Other,Local,29/08/2026,6000,7000,6500
Tamil Nadu,Salem,Edapadi (Uzhavar Sandhai ),Brinjal,Other,Local,29/08/2026,3400,3600,3500
Tamil Nadu,Madurai,Anaiyur(Uzhavar Sandhai ),Brinjal,Round,Local,29/08/2026,4000,4500,4250
Tamil Nadu,Virudhunagar,Virudhunagar(Uzhavar Sandhai ),Brinjal,Round,Local,29/08/2026,3400,3500,3450
Tamil Nadu,Salem,Attayampatti(Uzhavar Sandhai ),Brinjal,Round,Local,29/08/2026,4000,4000,4000
Tamil Nadu,Villupuram,Tindivanam APMC,Brinjal,Round,Local,29/08/2026,4000,4000,4000
Tamil Nadu,Chengalpattu,Madhuranthagam(Uzhavar Sandhai ),Brinjal,Round,Local,29/08/2026,5000,5000,5000
Tamil Nadu,Thiruvannamalai,Tamarainagar(Uzhavar Sandhai ),Brinjal,Round,Local,29/08/2026,6000,7000,6500
Tamil Nadu,Thiruvannamalai,Chengam(Uzhavar Sandhai ),Brinjal,Round,Local,29/08/2026,3300,4000,3650
Tamil Nadu,Madurai,Usilampatti(Uzhavar Sandhai ),Brinjal,Round,Local,29/08/2026,3600,4000,3800
Tamil Nadu,Thiruvannamalai,Tiruvannamalai(Uzhavar Sandhai ),Brinjal,Round,Local,29/08/2026,6400,7200,6800
Tamil Nadu,Ramanathapuram,Ramanathapuram(Uzhavar Sandhai ),Brinjal,Round,Local,29/08/2026,7500,8000,7750
Tamil Nadu,Namakkal,Paramathivelur(Uzhavar Sandhai ),Brinjal,Round,Local,29/08/2026,5000,5500,5250
Tamil Nadu,Thiruvarur,Valangaiman APMC,Brinjal,Round,Local,29/08/2026,4000,4000,4000
Tamil Nadu,Cuddalore,Viruthachalam(Uzhavar Sandhai ),Brinjal,Round,Local,29/08/2026,5000,6000,5500
Tamil Nadu,Salem,Jalagandapuram(Uzhavar Sandhai ),Brinjal,Round,Local,29/08/2026,3600,4000,3800
Tamil Nadu,Salem,Hasthampatti(Uzhavar Sandhai ),Brinjal,Round,Local,29/08/2026,3000,3500,3250
Tamil Nadu,Thanjavur,Thanjavur(Uzhavar Sandhai ),Brinjal,Round,Local,29/08/2026,5600,6400,6000
Andhra Pradesh,Anakapally,Payakaraopeta APMC,Cashewnuts,Local(Raw),Local,29/08/2026,10000,11000,10500
Andhra Pradesh,Anakapally,Chodavaram APMC,Cashewnuts,Local(Raw),Local,29/08/2026,8000,12000,10000
Tamil Nadu,Krishnagiri,Kaveripattinam(Uzhavar Sandhai ),Coriander(Leaves),I Sort,Local,29/08/2026,6000,6000,6000
Tamil Nadu,Salem,Ammapet(Uzhavar Sandhai ),Coriander(Leaves),I Sort,Local,29/08/2026,3200,3600,3400
Tamil Nadu,Coimbatore,Udumalpet APMC,Coriander(Leaves),I Sort,Local,29/08/2026,5000,5500,5250
Tamil Nadu,The Nilgiris,Gudalur(Uzhavar Sandhai ),Coriander(Leaves),I Sort,Local,29/08/2026,6000,7000,6500
Tamil Nadu,Dindigul,Palani(Uzhavar Sandhai ),Coriander(Leaves),I Sort,Local,29/08/2026,4000,5000,4500
Tamil Nadu,Thiruvannamalai,Arani(Uzhavar Sandhai ),Coriander(Leaves),I Sort,Local,29/08/2026,4000,5000,4500
Tamil Nadu,Krishnagiri,Avallapalli(Uzhavar Sandhai ),Coriander(Leaves),I Sort,Local,29/08/2026,3500,4000,3750
Tamil Nadu,Salem,Jalagandapuram(Uzhavar Sandhai ),Coriander(Leaves),I Sort,Local,29/08/2026,1600,2000,1800
Tamil Nadu,Cuddalore,Panruti(Uzhavar Sandhai ),Coriander(Leaves),I Sort,Local,29/08/2026,5000,5000,5000
Tamil Nadu,Salem,Athur(Uzhavar Sandhai ),Coriander(Leaves),I Sort,Local,29/08/2026,2000,2500,2250
Tamil Nadu,Theni,Kambam(Uzhavar Sandhai ),Coriander(Leaves),I Sort,Local,29/08/2026,3000,3000,3000
Tamil Nadu,Karur,Karur(Uzhavar Sandhai ),Coriander(Leaves),I Sort,Local,29/08/2026,5000,5500,5250
Tamil Nadu,Coimbatore,RSPuram(Uzhavar Sandhai ),Coriander(Leaves),I Sort,Local,29/08/2026,3500,4000,3750
Tamil Nadu,Erode,Sathiyamagalam(Uzhavar Sandhai ),Coriander(Leaves),I Sort,Local,29/08/2026,4500,5000,4750
Tamil Nadu,Thiruchirappalli,Thuraiyur APMC,Coriander(Leaves),I Sort,Local,29/08/2026,2500,3000,2750
Tamil Nadu,Krishnagiri,Denkanikottai(Uzhavar Sandhai ),Coriander(Leaves),I Sort,Local,29/08/2026,3500,4000,3750
Tamil Nadu,Nagapattinam,Vedaranyam(Uzhavar Sandhai),Coriander(Leaves),I Sort,Local,29/08/2026,4500,4500,4500
Tamil Nadu,Ramanathapuram,Ramanathapuram(Uzhavar Sandhai ),Coriander(Leaves),I Sort,Local,29/08/2026,6500,7000,6750
Tamil Nadu,Sivaganga,Devakottai (Uzhavar Sandhai ),Coriander(Leaves),I Sort,Local,29/08/2026,4400,4800,4600
Tamil Nadu,Thirupur,Palladam(Uzhavar Sandhai ),Coriander(Leaves),I Sort,Local,29/08/2026,3500,4000,3750
Tamil Nadu,Madurai,Melur(Uzhavar Sandhai ),Coriander(Leaves),I Sort,Local,29/08/2026,4000,4500,4250
Tamil Nadu,Erode,Gobichettipalayam(Uzhavar Sandhai ),Coriander(Leaves),I Sort,Local,29/08/2026,6200,6500,6350
Tamil Nadu,Ranipet,Arcot(Uzhavar Sandhai ),Coriander(Leaves),I Sort,Local,29/08/2026,3000,3000,3000
Tamil Nadu,Sivaganga,Singampunari(Uzhavar Sandhai ),Coriander(Leaves),I Sort,Local,29/08/2026,4200,4600,4400
Tamil Nadu,Sivaganga,Tirupatthur(Uzhavar Sandhai ),Coriander(Leaves),I Sort,Local,29/08/2026,4500,5000,4750
Tamil Nadu,Theni,Theni(Uzhavar Sandhai ),Coriander(Leaves),I Sort,Local,29/08/2026,3000,3000,3000
Tamil Nadu,Krishnagiri,Hosur(Uzhavar Sandhai ),Coriander(Leaves),I Sort,Local,29/08/2026,3500,4000,3750
Andhra Pradesh,Palnadu,Narasaraopet APMC,Red gram/Arhar/Tur(whole),Local,FAQ,29/08/2026,8000,8000,8000
Tamil Nadu,Salem,Thathakapatti(Uzhavar Sandhai ),Green Peas,Green Peas,Local,29/08/2026,12000,13000,12500
Tamil Nadu,Krishnagiri,Hosur(Uzhavar Sandhai ),Green Peas,Green Peas,Local,29/08/2026,12000,13000,12500
Tamil Nadu,Coimbatore,Mettupalayam(Uzhavar Sandhai ),Chikoos(Sapota),Sapota,Local,29/08/2026,4500,5000,4750
Tamil Nadu,Karur,Pallapatti (Uzhavar Sandhai ),Chikoos(Sapota),Sapota,Local,29/08/2026,3500,4000,3750
Tamil Nadu,Namakkal,Namakkal(Uzhavar Sandhai ),Chikoos(Sapota),Sapota,Local,29/08/2026,4500,5000,4750
Tamil Nadu,Karur,Gandhigramam(Uzhavar Sandhai),Chikoos(Sapota),Sapota,Local,29/08/2026,4500,5000,4750
Tamil Nadu,Tuticorin,Kovilpatti(Uzhavar Sandhai ),Chikoos(Sapota),Sapota,Local,29/08/2026,5000,5500,5250
Tamil Nadu,Salem,Vazhapadi(Uzhavar Sandhai),Chikoos(Sapota),Sapota,Local,29/08/2026,4500,4500,4500
Tamil Nadu,Sivaganga,Devakottai (Uzhavar Sandhai ),Chikoos(Sapota),Sapota,Local,29/08/2026,4400,6200,5300
Punjab,Bhatinda,Rampuraphul(Nabha Mandi) APMC,Papaya,Papaya,Grade A,29/08/2026,2500,3500,3000
Tamil Nadu,Pudukkottai,Pudukottai(Uzhavar Sandhai ),Papaya,Papaya,Local,29/08/2026,3000,4000,3500
Tamil Nadu,Dharmapuri,Harur(Uzhavar Sandhai ),Papaya,Papaya,Local,29/08/2026,2000,2500,2250
Tamil Nadu,Nagapattinam,Sirkali(Uzhavar Sandhai ),Papaya,Papaya,Local,29/08/2026,2500,3000,2750
Tamil Nadu,Thirupur,Kangayam(Uzhavar Sandhai ),Papaya,Papaya,Local,29/08/2026,2000,2500,2250
Tamil Nadu,Coimbatore,Vadavalli(Uzhavar Sandhai ),Papaya,Papaya,Local,29/08/2026,4400,4800,4600
Tamil Nadu,Thirupur,Tiruppur (North) (Uzhavar Sandhai ),Papaya,Papaya,Local,29/08/2026,2500,3000,2750
Tamil Nadu,Theni,Periyakulam(Uzhavar Sandhai ),Papaya,Papaya,Local,29/08/2026,2500,3000,2750
Tamil Nadu,Kallakuruchi,Sankarapuram(Uzhavar Sandhai ),Papaya,Papaya,Local,29/08/2026,3500,3500,3500
Tamil Nadu,Dharmapuri,AJattihalli(Uzhavar Sandhai ),Papaya,Papaya,Local,29/08/2026,3500,3800,3650
Tamil Nadu,Theni,Devaram(Uzhavar Sandhai ),Papaya,Papaya,Local,29/08/2026,3000,3000,3000
Tamil Nadu,Thiruvannamalai,Tamarainagar(Uzhavar Sandhai ),Papaya,Papaya,Local,29/08/2026,3500,4000,3750
Tamil Nadu,Krishnagiri,Denkanikottai(Uzhavar Sandhai ),Papaya,Papaya,Local,29/08/2026,3500,4000,3750
Tamil Nadu,Virudhunagar,Sivakasi(Uzhavar Sandhai ),Papaya,Papaya,Local,29/08/2026,2500,3000,2750
Tamil Nadu,Pudukkottai,Gandarvakottai(Uzhavar Sandhai ),Papaya,Papaya,Local,29/08/2026,2000,3000,2500
Tamil Nadu,Salem,Hasthampatti(Uzhavar Sandhai ),Papaya,Papaya,Local,29/08/2026,3000,3500,3250
Tamil Nadu,Dharmapuri,Pennagaram(Uzhavar Sandhai ),Papaya,Papaya,Local,29/08/2026,3300,3500,3400
Tamil Nadu,Sivaganga,Karaikudi(Uzhavar Sandhai ),Papaya,Papaya,Local,29/08/2026,4500,4800,4650
Tamil Nadu,Thiruvannamalai,Polur(Uzhavar Sandhai ),Papaya,Papaya,Local,29/08/2026,2500,3000,2750
Tamil Nadu,Karur,Kulithalai(Uzhavar Sandhai ),Papaya,Papaya,Local,29/08/2026,2500,3000,2750
Tamil Nadu,Madurai,Thirumangalam(Uzhavar Sandhai ),Papaya,Papaya,Local,29/08/2026,4000,4500,4250
Tamil Nadu,Erode,Gobichettipalayam(Uzhavar Sandhai ),Papaya,Papaya,Local,29/08/2026,3000,3600,3300
Tamil Nadu,Tuticorin,Tuticorin(Uzhavar Sandhai ),Papaya,Papaya,Local,29/08/2026,3500,4000,3750
Tamil Nadu,Vellore,Kahithapattarai(Uzhavar Sandhai ),Papaya,Papaya,Local,29/08/2026,4500,4500,4500
Tamil Nadu,Namakkal,Namakkal(Uzhavar Sandhai ),Water Melon,Water Melon,Local,29/08/2026,1000,1200,1100
Tamil Nadu,Karur,Kulithalai(Uzhavar Sandhai ),Water Melon,Water Melon,Local,29/08/2026,2500,3000,2750
Tamil Nadu,Madurai,Anaiyur(Uzhavar Sandhai ),Water Melon,Water Melon,Local,29/08/2026,2000,2500,2250
Tamil Nadu,Salem,Vazhapadi(Uzhavar Sandhai),Water Melon,Water Melon,Local,29/08/2026,2000,2000,2000
Tamil Nadu,Villupuram,Tindivanam APMC,Water Melon,Water Melon,Local,29/08/2026,1500,1500,1500
Tamil Nadu,Thiruvannamalai,Chengam(Uzhavar Sandhai ),Water Melon,Water Melon,Local,29/08/2026,1200,1500,1350
Andhra Pradesh,Chittor,S.R.Puram APMC,Gur(Jaggery),NO 3,Local,29/08/2026,1600,2000,1800
Punjab,Ropar (Rupnagar),Morinda APMC,Mousambi(Sweet Lime),Mousambi,Medium,29/08/2026,4000,4000,4000
Tamil Nadu,Vellore,Kahithapattarai(Uzhavar Sandhai ),Mousambi(Sweet Lime),Mousambi,Local,29/08/2026,6000,7000,6500
Tamil Nadu,Madurai,Palanganatham(Uzhavar Sandhai ),Mousambi(Sweet Lime),Mousambi,Local,29/08/2026,6500,7000,6750
Tamil Nadu,Salem,Elampillai(Uzhavar Sandhai ),Mousambi(Sweet Lime),Mousambi,Local,29/08/2026,3000,3500,3250
Tamil Nadu,Sivaganga,Karaikudi(Uzhavar Sandhai ),Tomato,Deshi,Local,29/08/2026,2400,2800,2600
Tamil Nadu,Thiruvellore,Naravarikuppam(Uzhavar Sandhai ),Tomato,Deshi,Local,29/08/2026,2500,2500,2500
Tamil Nadu,Coimbatore,Pollachi(Uzhavar Sandhai ),Tomato,Deshi,Local,29/08/2026,1200,1500,1350
Tamil Nadu,The Nilgiris,Gudalur(Uzhavar Sandhai ),Tomato,Deshi,Local,29/08/2026,2000,2500,2250
Tamil Nadu,Madurai,Melur(Uzhavar Sandhai ),Tomato,Deshi,Local,29/08/2026,2000,2400,2200
Tamil Nadu,Dharmapuri,AJattihalli(Uzhavar Sandhai ),Tomato,Deshi,Local,29/08/2026,1600,2000,1800
Tamil Nadu,Coimbatore,Singanallur(Uzhavar Sandhai ),Tomato,Deshi,Local,29/08/2026,1600,1800,1700
Tamil Nadu,Kallakuruchi,Kallakurichi(Uzhavar Sandhai ),Tomato,Deshi,Local,29/08/2026,2500,2500,2500
Tamil Nadu,Villupuram,Tindivanam APMC,Tomato,Deshi,Local,29/08/2026,2000,2000,2000
Tamil Nadu,Chengalpattu,Madhuranthagam(Uzhavar Sandhai ),Tomato,Deshi,Local,29/08/2026,2500,2500,2500
Tamil Nadu,Thiruvarur,Valangaiman APMC,Tomato,Deshi,Local,29/08/2026,2400,2400,2400
Tamil Nadu,Cuddalore,Cuddalore(Uzhavar Sandhai ),Tomato,Deshi,Local,29/08/2026,2200,2200,2200
Tamil Nadu,Virudhunagar,Thalavaipuram(Uzhavar Sandhai ),Tomato,Deshi,Local,29/08/2026,1500,1800,1650
Tamil Nadu,Virudhunagar,Srivilliputhur(Uzhavar Sandhai ),Tomato,Deshi,Local,29/08/2026,1700,2000,1850
Tamil Nadu,Ramanathapuram,Ramanathapuram(Uzhavar Sandhai ),Tomato,Deshi,Local,29/08/2026,3000,3200,3100
Tamil Nadu,Chengalpattu,Nanganallur(Uzhavar Sandhai ),Tomato,Deshi,Local,29/08/2026,2000,2500,2250
Tamil Nadu,Namakkal,Paramathivelur(Uzhavar Sandhai ),Tomato,Deshi,Local,29/08/2026,2000,2500,2250
Tamil Nadu,Dindigul,Chinnalapatti(Uzhavar Sandhai ),Tomato,Deshi,Local,29/08/2026,2000,2200,2100
Tamil Nadu,Thiruvannamalai,Arani(Uzhavar Sandhai ),Tomato,Deshi,Local,29/08/2026,2000,2500,2250
Tamil Nadu,Salem,Attayampatti(Uzhavar Sandhai ),Tomato,Deshi,Local,29/08/2026,1800,2000,1900
Tamil Nadu,Ramanathapuram,Kamuthi(Uzhavar Sandhai ),Tomato,Deshi,Local,29/08/2026,2000,2500,2250
Odisha,Sundergarh,Panposh APMC,Tomato,Hybrid,FAQ,29/08/2026,3500,4200,4000
Tamil Nadu,Coimbatore,RSPuram(Uzhavar Sandhai ),Tomato,Local,Local,29/08/2026,1700,1900,1800
Tamil Nadu,Thiruvannamalai,Chengam(Uzhavar Sandhai ),Tomato,Local,Local,29/08/2026,2000,2500,2250
Tamil Nadu,Thiruvannamalai,Polur(Uzhavar Sandhai ),Tomato,Local,Local,29/08/2026,2000,2500,2250
Tamil Nadu,Salem,Athur(Uzhavar Sandhai ),Tomato,Local,Local,29/08/2026,1500,2000,1750
Tamil Nadu,Thirupur,Kangayam(Uzhavar Sandhai ),Tomato,Local,Local,29/08/2026,1000,1500,1250
Tamil Nadu,Coimbatore,Sulur(Uzhavar Sandhai ),Tomato,Local,Local,29/08/2026,1500,1800,1650
Tamil Nadu,Thirupur,Tiruppur (South) (Uzhavar Sandhai ),Tomato,Local,Local,29/08/2026,1000,1200,1100
Uttarakhand,Haridwar,Roorkee APMC,Tomato,Other,Medium,29/08/2026,1200,2200,1600
Tamil Nadu,Thiruchirappalli,Manachanallur(Uzhavar Sandhai ),Tomato,Other,Local,29/08/2026,2000,2400,2200
Tamil Nadu,Karur,Pallapatti (Uzhavar Sandhai ),Tomato,Other,Local,29/08/2026,1800,2000,1900
Telangana,Ranga Reddy,"Vanasthalipuram,RBZ ",Tomato,Other,Grade A,29/08/2026,1500,1500,1500
Punjab,Hoshiarpur,Mukerian(Talwara) APMC,Tomato,Tomato,FAQ,29/08/2026,3000,4000,3500
Punjab,Ropar (Rupnagar),Morinda APMC,Tomato,Tomato,Medium,29/08/2026,3500,3500,3500
Chandigarh,Chandigarh,Chandigarh (Grain/F&V) APMC,Tomato,Tomato,FAQ,29/08/2026,400,1600,1400
Tamil Nadu,Perambalur,Perambalur(Uzhavar Sandhai ),Cluster beans,Cluster Beans,Local,29/08/2026,4400,4600,4500
Tamil Nadu,Dindigul,Chinnalapatti(Uzhavar Sandhai ),Cluster beans,Cluster Beans,Local,29/08/2026,3600,4000,3800
Tamil Nadu,Thiruvannamalai,Tamarainagar(Uzhavar Sandhai ),Cluster beans,Cluster Beans,Local,29/08/2026,3500,4000,3750
Tamil Nadu,Madurai,Chokkikulam(Uzhavar Sandhai ),Cluster beans,Cluster Beans,Local,29/08/2026,3000,3600,3300
Tamil Nadu,Krishnagiri,Denkanikottai(Uzhavar Sandhai ),Cluster beans,Cluster Beans,Local,29/08/2026,2500,3000,2750
Tamil Nadu,Pudukkottai,Gandarvakottai(Uzhavar Sandhai ),Cluster beans,Cluster Beans,Local,29/08/2026,3600,4000,3800
Tamil Nadu,Salem,Hasthampatti(Uzhavar Sandhai ),Cluster beans,Cluster Beans,Local,29/08/2026,3000,3500,3250
Tamil Nadu,Salem,Mettur(Uzhavar Sandhai ),Cluster beans,Cluster Beans,Local,29/08/2026,3000,3500,3250
Tamil Nadu,Theni,Bodinayakanur(Uzhavar Sandhai ),Cluster beans,Cluster Beans,Local,29/08/2026,3000,3000,3000
Tamil Nadu,Coimbatore,Udumalpet APMC,Cluster beans,Cluster Beans,Local,29/08/2026,3500,4000,3750
Tamil Nadu,Erode,Sathiyamagalam(Uzhavar Sandhai ),Cluster beans,Cluster Beans,Local,29/08/2026,3000,3500,3250
Tamil Nadu,Salem,Edapadi (Uzhavar Sandhai ),Cluster beans,Cluster Beans,Local,29/08/2026,3000,3500,3250
Tamil Nadu,Villupuram,Ulundurpettai APMC,Cluster beans,Cluster Beans,Local,29/08/2026,5000,5000,5000
Tamil Nadu,Pudukkottai,Aranthangi(Uzhavar Sandhai ),Cluster beans,Cluster Beans,Local,29/08/2026,3500,4000,3750
Tamil Nadu,Sivaganga,Devakottai (Uzhavar Sandhai ),Cluster beans,Cluster Beans,Local,29/08/2026,3400,3800,3600
Tamil Nadu,Thanjavur,Thanjavur(Uzhavar Sandhai ),Cluster beans,Cluster Beans,Local,29/08/2026,3600,3600,3600
Tamil Nadu,Thiruvannamalai,Chengam(Uzhavar Sandhai ),Cluster beans,Cluster Beans,Local,29/08/2026,4000,4800,4400
Tamil Nadu,Erode,Gobichettipalayam(Uzhavar Sandhai ),Cluster beans,Cluster Beans,Local,29/08/2026,3200,3500,3350
Tamil Nadu,Madurai,Anna nagar(Uzhavar Sandhai ),Cluster beans,Cluster Beans,Local,29/08/2026,3000,3600,3300
Tamil Nadu,Vellore,Kahithapattarai(Uzhavar Sandhai ),Cluster beans,Cluster Beans,Local,29/08/2026,2000,2000,2000
Tamil Nadu,Virudhunagar,Srivilliputhur(Uzhavar Sandhai ),Cluster beans,Cluster Beans,Local,29/08/2026,3500,4000,3750
Tamil Nadu,Pudukkottai,Pudukottai(Uzhavar Sandhai ),Cluster beans,Cluster Beans,Local,29/08/2026,3000,4000,3500
Tamil Nadu,Ramanathapuram,Paramakudi(Uzhavar Sandhai ),Cluster beans,Cluster Beans,Local,29/08/2026,3800,4000,3900
Tamil Nadu,Sivaganga,Tirupatthur(Uzhavar Sandhai ),Cluster beans,Cluster Beans,Local,29/08/2026,3500,4000,3750
Tamil Nadu,Theni,Chinnamanur(Uzhavar Sandhai ),Cluster beans,Cluster Beans,Local,29/08/2026,3000,3000,3000
Tamil Nadu,Namakkal,Kumarapalayam(Uzhavar Sandhai ),Cluster beans,Cluster Beans,Local,29/08/2026,3000,3500,3250
Tamil Nadu,Namakkal,Rasipuram(Uzhavar Sandhai ),Cluster beans,Cluster Beans,Local,29/08/2026,3000,3400,3200
Tamil Nadu,Thirupur,Tiruppur (North) (Uzhavar Sandhai ),Cluster beans,Cluster Beans,Local,29/08/2026,3500,4000,3750
Tamil Nadu,Theni,Periyakulam(Uzhavar Sandhai ),Cluster beans,Cluster Beans,Local,29/08/2026,3000,3000,3000
Tamil Nadu,Coimbatore,RSPuram(Uzhavar Sandhai ),Cluster beans,Cluster Beans,Local,29/08/2026,2800,3400,3100
Tamil Nadu,Pudukkottai,Ponnamaravathi(Uzhavar Sandhai),Cluster beans,Cluster Beans,Local,29/08/2026,3500,4000,3750
Tamil Nadu,Vellore,Thirupathur APMC,Cluster beans,Cluster Beans,Local,29/08/2026,4000,4000,4000
Tamil Nadu,Villupuram,Tindivanam APMC,Cluster beans,Cluster Beans,Local,29/08/2026,4000,4000,4000
Tamil Nadu,Ranipet,Arcot(Uzhavar Sandhai ),Cluster beans,Cluster Beans,Local,29/08/2026,3000,3000,3000
Punjab,Tarntaran,Harike APMC,Bitter gourd,Bitter Gourd,FAQ,29/08/2026,500,600,550
Tamil Nadu,Thiruvellore,Tiruthani(Uzhavar Sandhai ),Bitter gourd,Bitter Gourd,Local,29/08/2026,6000,6000,6000
Tamil Nadu,Kancheepuram,Sunguvarchatram(Uzhavar Sandhai ),Bitter gourd,Bitter Gourd,Local,29/08/2026,4000,4000,4000
Tamil Nadu,Theni,Bodinayakanur(Uzhavar Sandhai ),Bitter gourd,Bitter Gourd,Local,29/08/2026,3000,3000,3000
Tamil Nadu,Vellore,Perampet(Uzhavar Sandhai),Bitter gourd,Bitter Gourd,Local,29/08/2026,4500,4500,4500
Tamil Nadu,Thiruchirappalli,Musiri(Uzhavar Sandhai ),Bitter gourd,Bitter Gourd,Local,29/08/2026,6000,6500,6250
Tamil Nadu,Salem,Jalagandapuram(Uzhavar Sandhai ),Bitter gourd,Bitter Gourd,Local,29/08/2026,4600,5000,4800
Tamil Nadu,Virudhunagar,Sivakasi(Uzhavar Sandhai ),Bitter gourd,Bitter Gourd,Local,29/08/2026,5000,6000,5500
Tamil Nadu,Thiruvarur,Valangaiman APMC,Bitter gourd,Bitter Gourd,Local,29/08/2026,6000,6000,6000
Tamil Nadu,Madurai,Anaiyur(Uzhavar Sandhai ),Bitter gourd,Bitter Gourd,Local,29/08/2026,6500,7000,6750
Tamil Nadu,Vellore,Kahithapattarai(Uzhavar Sandhai ),Bitter gourd,Bitter Gourd,Local,29/08/2026,4600,4600,4600
Tamil Nadu,Perambalur,Perambalur(Uzhavar Sandhai ),Bitter gourd,Bitter Gourd,Local,29/08/2026,5600,6000,5800
Odisha,Sundergarh,Panposh APMC,Bitter gourd,Other,FAQ,29/08/2026,4000,5000,4500
Tamil Nadu,Salem,Athur(Uzhavar Sandhai ),Bitter gourd,Other,Local,29/08/2026,4000,4500,4250
Tamil Nadu,Thirupur,Tiruppur (North) (Uzhavar Sandhai ),Bitter gourd,Other,Local,29/08/2026,4500,5000,4750
Tamil Nadu,Thiruvannamalai,Vandavasi(Uzhavar Sandhai ),Bitter gourd,Other,Local,29/08/2026,3500,4000,3750
Tamil Nadu,Thiruchirappalli,Thiruverumbur(Uzhavar Sandhai ),Bitter gourd,Other,Local,29/08/2026,5000,6000,5500
Tamil Nadu,Virudhunagar,Thalavaipuram(Uzhavar Sandhai ),Bitter gourd,Other,Local,29/08/2026,6500,8000,7250
Tamil Nadu,Dharmapuri,Karimangalam(Uzhavar Sandhai),Bitter gourd,Other,Local,29/08/2026,4500,5000,4750
Tamil Nadu,Madurai,Melur(Uzhavar Sandhai ),Bitter gourd,Other,Local,29/08/2026,5000,5500,5250
Tamil Nadu,Salem,Hasthampatti(Uzhavar Sandhai ),Bitter gourd,Other,Local,29/08/2026,4000,4500,4250
Tamil Nadu,Sivaganga,Singampunari(Uzhavar Sandhai ),Bitter gourd,Other,Local,29/08/2026,5200,5600,5400
Tamil Nadu,Sivaganga,Tirupatthur(Uzhavar Sandhai ),Bitter gourd,Other,Local,29/08/2026,6000,6500,6250
Punjab,Tarntaran,Patti APMC,Bitter gourd,Other,Local,29/08/2026,0.18,0.18,0.18
Uttar Pradesh,Mau(Maunathbhanjan),Kopaganj APMC,Bottle gourd,Bottle Gourd,FAQ,29/08/2026,1300,1400,1350
Tamil Nadu,Madurai,Thirumangalam(Uzhavar Sandhai ),Bottle gourd,Bottle Gourd,Local,29/08/2026,2400,2800,2600
Tamil Nadu,Salem,Vazhapadi(Uzhavar Sandhai),Bottle gourd,Bottle Gourd,Local,29/08/2026,2500,3000,2750
Tamil Nadu,Pudukkottai,Karambakkudi(Uzhavar Sandhai ),Bottle gourd,Bottle Gourd,Local,29/08/2026,2000,2500,2250
Tamil Nadu,Dharmapuri,Pennagaram(Uzhavar Sandhai ),Bottle gourd,Bottle Gourd,Local,29/08/2026,2200,2400,2300
Tamil Nadu,Sivaganga,Tirupatthur(Uzhavar Sandhai ),Bottle gourd,Bottle Gourd,Local,29/08/2026,3200,3500,3350
Tamil Nadu,Sivaganga,Karaikudi(Uzhavar Sandhai ),Bottle gourd,Bottle Gourd,Local,29/08/2026,3200,3600,3400
Tamil Nadu,The Nilgiris,Gudalur(Uzhavar Sandhai ),Bottle gourd,Bottle Gourd,Local,29/08/2026,2500,2800,2650
Tamil Nadu,The Nilgiris,Coonoor(Uzhavar Sandhai ),Bottle gourd,Bottle Gourd,Local,29/08/2026,3400,3800,3600
Tamil Nadu,Salem,Jalagandapuram(Uzhavar Sandhai ),Bottle gourd,Bottle Gourd,Local,29/08/2026,2600,3000,2800
Tamil Nadu,Salem,Thammampatti (Uzhavar Sandhai ),Bottle gourd,Bottle Gourd,Local,29/08/2026,2000,2500,2250
Tamil Nadu,Karur,Karur(Uzhavar Sandhai ),Bottle gourd,Bottle Gourd,Local,29/08/2026,2500,3000,2750
Tamil Nadu,Thiruchirappalli,Manachanallur(Uzhavar Sandhai ),Bottle gourd,Bottle Gourd,Local,29/08/2026,2500,3000,2750
Tamil Nadu,Tuticorin,Tuticorin(Uzhavar Sandhai ),Bottle gourd,Bottle Gourd,Local,29/08/2026,1500,2000,1750
Tamil Nadu,Pudukkottai,Viralimalai(Uzhavar Sandhai ),Bottle gourd,Bottle Gourd,Local,29/08/2026,2500,3000,2750
Tamil Nadu,Vellore,Kahithapattarai(Uzhavar Sandhai ),Bottle gourd,Bottle Gourd,Local,29/08/2026,1500,1500,1500
Tamil Nadu,Dharmapuri,Harur(Uzhavar Sandhai ),Bottle gourd,Bottle Gourd,Local,29/08/2026,1500,1800,1650
Tamil Nadu,Thiruchirappalli,Lalgudi(Uzhavar Sandhai ),Bottle gourd,Bottle Gourd,Local,29/08/2026,3000,3000,3000
Tamil Nadu,Madurai,Usilampatti(Uzhavar Sandhai ),Bottle gourd,Bottle Gourd,Local,29/08/2026,2800,3200,3000
Tamil Nadu,Villupuram,Ulundurpettai APMC,Bottle gourd,Bottle Gourd,Local,29/08/2026,2000,2000,2000
Tamil Nadu,Ramanathapuram,Ramanathapuram(Uzhavar Sandhai ),Bottle gourd,Bottle Gourd,Local,29/08/2026,2400,2600,2500
Tamil Nadu,Chengalpattu,Nanganallur(Uzhavar Sandhai ),Bottle gourd,Bottle Gourd,Local,29/08/2026,3500,4000,3750
Tamil Nadu,Sivaganga,Devakottai (Uzhavar Sandhai ),Bottle gourd,Bottle Gourd,Local,29/08/2026,3000,3400,3200
Tamil Nadu,Coimbatore,Vadavalli(Uzhavar Sandhai ),Bottle gourd,Bottle Gourd,Local,29/08/2026,2600,3000,2800
Tamil Nadu,Theni,Bodinayakanur(Uzhavar Sandhai ),Bottle gourd,Bottle Gourd,Local,29/08/2026,2000,2000,2000
Andaman and Nicobar,North and Middle Andaman ,Diglipur Vegetable Market (Subhashgram),Bottle gourd,Other,FAQ,29/08/2026,2500,5000,3500
Tamil Nadu,Ramanathapuram,Paramakudi(Uzhavar Sandhai ),Ashgourd,Gouard,Local,29/08/2026,2000,2500,2250
Tamil Nadu,Chengalpattu,Thirukalukundram(Uzhavar Sandhai ),Ashgourd,Gouard,Local,29/08/2026,2000,2500,2250
Tamil Nadu,Sivaganga,Tirupatthur(Uzhavar Sandhai ),Ashgourd,Gouard,Local,29/08/2026,2000,2500,2250
Tamil Nadu,Cuddalore,Cuddalore(Uzhavar Sandhai ),Ashgourd,Gouard,Local,29/08/2026,3000,3000,3000
Tamil Nadu,Thirupur,Kangayam(Uzhavar Sandhai ),Ashgourd,Gouard,Local,29/08/2026,2000,2200,2100
Tamil Nadu,Namakkal,Rasipuram(Uzhavar Sandhai ),Ashgourd,Gouard,Local,29/08/2026,2200,2600,2400
Tamil Nadu,Nagercoil (Kannyiakumari),Myladi(Uzhavar Sandhai ),Ashgourd,Gouard,Local,29/08/2026,2200,2500,2350
Tamil Nadu,Virudhunagar,Thalavaipuram(Uzhavar Sandhai ),Ashgourd,Gouard,Local,29/08/2026,2500,3000,2750
Tamil Nadu,Virudhunagar,Rajapalayam(Uzhavar Sandhai ),Ashgourd,Gouard,Local,29/08/2026,2000,2500,2250
Tamil Nadu,Ranipet,Arcot(Uzhavar Sandhai ),Ashgourd,Gouard,Local,29/08/2026,3000,3000,3000
Tamil Nadu,Dharmapuri,Palacode(Uzhavar Sandhai ),Ashgourd,Gouard,Local,29/08/2026,1400,1600,1500
Tamil Nadu,Cuddalore,Panruti(Uzhavar Sandhai ),Ashgourd,Gouard,Local,29/08/2026,2500,2500,2500
Tamil Nadu,Sivaganga,Sivagangai (Uzhavar Sandhai ),Ashgourd,Gouard,Local,29/08/2026,1800,2200,2000
Tamil Nadu,Thirupur,Tiruppur (South) (Uzhavar Sandhai ),Ashgourd,Gouard,Local,29/08/2026,1500,2000,1750
Tamil Nadu,Theni,Devaram(Uzhavar Sandhai ),Ashgourd,Gouard,Local,29/08/2026,1500,1500,1500
Tamil Nadu,Karur,Gandhigramam(Uzhavar Sandhai),Ashgourd,Gouard,Local,29/08/2026,2700,3000,2850
Tamil Nadu,Thiruvannamalai,Tamarainagar(Uzhavar Sandhai ),Ashgourd,Gouard,Local,29/08/2026,2000,2500,2250
Tamil Nadu,Tuticorin,Kovilpatti(Uzhavar Sandhai ),Ashgourd,Gouard,Local,29/08/2026,2500,3000,2750
Tamil Nadu,Madurai,Palanganatham(Uzhavar Sandhai ),Ashgourd,Gouard,Local,29/08/2026,1600,2000,1800
Tamil Nadu,Pudukkottai,Gandarvakottai(Uzhavar Sandhai ),Ashgourd,Gouard,Local,29/08/2026,1000,1500,1250
Tamil Nadu,Nagapattinam,Vedaranyam(Uzhavar Sandhai),Ashgourd,Gouard,Local,29/08/2026,2600,3300,2950
Tamil Nadu,The Nilgiris,Coonoor(Uzhavar Sandhai ),Ashgourd,Gouard,Local,29/08/2026,2600,2800,2700
Tamil Nadu,Thiruchirappalli,Musiri(Uzhavar Sandhai ),Ashgourd,Gouard,Local,29/08/2026,1500,2000,1750
Tamil Nadu,Salem,Edapadi (Uzhavar Sandhai ),Ashgourd,Gouard,Local,29/08/2026,2000,2500,2250
Tamil Nadu,Villupuram,Gingee(Uzhavar Sandhai ),Ashgourd,Gouard,Local,29/08/2026,2500,2500,2500
Tamil Nadu,Ramanathapuram,Ramanathapuram(Uzhavar Sandhai ),Ashgourd,Gouard,Local,29/08/2026,2500,2800,2650
Tamil Nadu,Cuddalore,Vadalur(Uzhavar Sandhai ),Ashgourd,Gouard,Local,29/08/2026,2000,2000,2000
Tamil Nadu,Thanjavur,Pattukottai(Uzhavar Sandhai ),Ashgourd,Gouard,Local,29/08/2026,3000,3000,3000
Tamil Nadu,Coimbatore,Singanallur(Uzhavar Sandhai ),Ashgourd,Gouard,Local,29/08/2026,1800,2000,1900
Tamil Nadu,Karur,Karur(Uzhavar Sandhai ),Ashgourd,Gouard,Local,29/08/2026,2500,3000,2750
Tamil Nadu,Erode,Gobichettipalayam(Uzhavar Sandhai ),Ashgourd,Gouard,Local,29/08/2026,3000,3500,3250
Tamil Nadu,Thiruvannamalai,Tiruvannamalai(Uzhavar Sandhai ),Ashgourd,Gouard,Local,29/08/2026,2000,2500,2250
Tamil Nadu,Tuticorin,Tuticorin(Uzhavar Sandhai ),Ashgourd,Gouard,Local,29/08/2026,1500,2000,1750
Tamil Nadu,Thirunelveli,NGO Colony(Uzhavar Sandhai ),Ashgourd,Gouard,Local,29/08/2026,1000,1200,1100
Tamil Nadu,Vellore,Gudiyatham(Uzhavar Sandhai ),Ashgourd,Gouard,Local,29/08/2026,2400,2400,2400
Tamil Nadu,Pudukkottai,Pudukottai(Uzhavar Sandhai ),Ashgourd,Gouard,Local,29/08/2026,1000,1500,1250
Punjab,Bhatinda,Rampuraphul(Nabha Mandi) APMC,Pumpkin,Other,Grade A,29/08/2026,900,1500,1000
Uttar Pradesh,Bulandshahar,Gulavati APMC,Pumpkin,Pumpkin,FAQ,29/08/2026,1000,1200,1100
Tamil Nadu,Tuticorin,Kovilpatti(Uzhavar Sandhai ),Pumpkin,Pumpkin,Local,29/08/2026,3000,3500,3250
Tamil Nadu,Thirunelveli,NGO Colony(Uzhavar Sandhai ),Pumpkin,Pumpkin,Local,29/08/2026,1000,1200,1100
Tamil Nadu,Salem,Mettur(Uzhavar Sandhai ),Pumpkin,Pumpkin,Local,29/08/2026,1500,2000,1750
Tamil Nadu,Kancheepuram,Sunguvarchatram(Uzhavar Sandhai ),Pumpkin,Pumpkin,Local,29/08/2026,2000,2000,2000
Tamil Nadu,Karur,Gandhigramam(Uzhavar Sandhai),Pumpkin,Pumpkin,Local,29/08/2026,2700,3000,2850
Tamil Nadu,Karur,Pallapatti (Uzhavar Sandhai ),Pumpkin,Pumpkin,Local,29/08/2026,2000,2500,2250
Tamil Nadu,Villupuram,Gingee(Uzhavar Sandhai ),Pumpkin,Pumpkin,Local,29/08/2026,2500,2500,2500
Tamil Nadu,Thanjavur,Pattukottai(Uzhavar Sandhai ),Pumpkin,Pumpkin,Local,29/08/2026,2600,2600,2600
Tamil Nadu,Coimbatore,Sulur(Uzhavar Sandhai ),Pumpkin,Pumpkin,Local,29/08/2026,1500,2000,1750
Tamil Nadu,Thirupur,Palladam(Uzhavar Sandhai ),Pumpkin,Pumpkin,Local,29/08/2026,1500,2000,1750
Tamil Nadu,Virudhunagar,Kariyapatti(Uzhavar Sandhai ),Pumpkin,Pumpkin,Local,29/08/2026,2500,3000,2750
Tamil Nadu,Cuddalore,Viruthachalam(Uzhavar Sandhai ),Pumpkin,Pumpkin,Local,29/08/2026,2500,2500,2500
Tamil Nadu,Thiruchirappalli,Manachanallur(Uzhavar Sandhai ),Pumpkin,Pumpkin,Local,29/08/2026,1600,2000,1800
Tamil Nadu,Thiruvannamalai,Chengam(Uzhavar Sandhai ),Pumpkin,Pumpkin,Local,29/08/2026,2000,2500,2250
Tamil Nadu,Madurai,Palanganatham(Uzhavar Sandhai ),Pumpkin,Pumpkin,Local,29/08/2026,1600,2000,1800
Tamil Nadu,Krishnagiri,Hosur(Uzhavar Sandhai ),Pumpkin,Pumpkin,Local,29/08/2026,1000,1500,1250
Tamil Nadu,Ramanathapuram,Paramakudi(Uzhavar Sandhai ),Pumpkin,Pumpkin,Local,29/08/2026,2200,2500,2350
Tamil Nadu,Villupuram,Tindivanam APMC,Pumpkin,Pumpkin,Local,29/08/2026,2000,2000,2000
Tamil Nadu,Kancheepuram,Padappai(Uzhavar Sandhai ),Pumpkin,Pumpkin,Local,29/08/2026,2000,3000,2500
Tamil Nadu,Coimbatore,Singanallur(Uzhavar Sandhai ),Pumpkin,Pumpkin,Local,29/08/2026,2000,2200,2100
Tamil Nadu,Thiruvannamalai,Vandavasi(Uzhavar Sandhai ),Pumpkin,Pumpkin,Local,29/08/2026,2500,3000,2750
Uttar Pradesh,Khiri (Lakhimpur),Maigalganj APMC,Pumpkin,Pumpkin,FAQ,29/08/2026,680,715,700
Bihar,East Champaran/ Motihari,Raxaul APMC,Bhindi(Ladies Finger),Bhindi,Grade A,29/08/2026,800,1000,900
Tamil Nadu,Vellore,Thirupathur APMC,Bhindi(Ladies Finger),Bhindi,Local,29/08/2026,3000,3000,3000
Tamil Nadu,Thiruvellore,Tiruthani(Uzhavar Sandhai ),Bhindi(Ladies Finger),Bhindi,Local,29/08/2026,4000,4000,4000
Tamil Nadu,Namakkal,Kumarapalayam(Uzhavar Sandhai ),Bhindi(Ladies Finger),Bhindi,Local,29/08/2026,2000,2500,2250
Tamil Nadu,Kancheepuram,Sunguvarchatram(Uzhavar Sandhai ),Bhindi(Ladies Finger),Bhindi,Local,29/08/2026,3500,4000,3750
Tamil Nadu,Perambalur,Perambalur(Uzhavar Sandhai ),Bhindi(Ladies Finger),Bhindi,Local,29/08/2026,3600,4000,3800
Tamil Nadu,Thiruvannamalai,Tamarainagar(Uzhavar Sandhai ),Bhindi(Ladies Finger),Bhindi,Local,29/08/2026,2500,3000,2750
Tamil Nadu,Thiruvannamalai,Chengam(Uzhavar Sandhai ),Bhindi(Ladies Finger),Bhindi,Local,29/08/2026,3300,4000,3650
Tamil Nadu,Krishnagiri,Krishnagiri(Uzhavar Sandhai ),Bhindi(Ladies Finger),Bhindi,Local,29/08/2026,2000,2400,2200
Tamil Nadu,Virudhunagar,Srivilliputhur(Uzhavar Sandhai ),Bhindi(Ladies Finger),Bhindi,Local,29/08/2026,3500,4000,3750
Tamil Nadu,Villupuram,Gingee(Uzhavar Sandhai ),Bhindi(Ladies Finger),Bhindi,Local,29/08/2026,2500,2500,2500
Tamil Nadu,Theni,Devaram(Uzhavar Sandhai ),Bhindi(Ladies Finger),Bhindi,Local,29/08/2026,3000,3000,3000
Tamil Nadu,Thirupur,Tiruppur (North) (Uzhavar Sandhai ),Bhindi(Ladies Finger),Bhindi,Local,29/08/2026,4000,5000,4500
Tamil Nadu,Namakkal,Tiruchengode APMC,Bhindi(Ladies Finger),Bhindi,Local,29/08/2026,2600,3000,2800
Tamil Nadu,Madurai,Thirumangalam(Uzhavar Sandhai ),Bhindi(Ladies Finger),Bhindi,Local,29/08/2026,2600,3000,2800
Tamil Nadu,Salem,Vazhapadi(Uzhavar Sandhai),Bhindi(Ladies Finger),Bhindi,Local,29/08/2026,3000,3000,3000
Tamil Nadu,Salem,Thammampatti (Uzhavar Sandhai ),Bhindi(Ladies Finger),Bhindi,Local,29/08/2026,3000,3500,3250
Tamil Nadu,Krishnagiri,Hosur(Uzhavar Sandhai ),Bhindi(Ladies Finger),Bhindi,Local,29/08/2026,2500,3000,2750
Tamil Nadu,Ramanathapuram,Paramakudi(Uzhavar Sandhai ),Bhindi(Ladies Finger),Bhindi,Local,29/08/2026,5500,6000,5750
Tamil Nadu,Dharmapuri,Pennagaram(Uzhavar Sandhai ),Bhindi(Ladies Finger),Bhindi,Local,29/08/2026,2800,3000,2900
Tamil Nadu,Madurai,Palanganatham(Uzhavar Sandhai ),Bhindi(Ladies Finger),Bhindi,Local,29/08/2026,2600,3000,2800
Tamil Nadu,Thiruchirappalli,Thuraiyur APMC,Bhindi(Ladies Finger),Bhindi,Local,29/08/2026,3500,4000,3750
Tamil Nadu,Salem,Jalagandapuram(Uzhavar Sandhai ),Bhindi(Ladies Finger),Bhindi,Local,29/08/2026,2500,3000,2750
Tamil Nadu,Salem,Hasthampatti(Uzhavar Sandhai ),Bhindi(Ladies Finger),Bhindi,Local,29/08/2026,2500,3000,2750
Tamil Nadu,Thirupur,Kangayam(Uzhavar Sandhai ),Bhindi(Ladies Finger),Bhindi,Local,29/08/2026,5000,5500,5250
Tamil Nadu,Karur,Vengamedu(Uzhavar Sandhai ),Bhindi(Ladies Finger),Bhindi,Local,29/08/2026,3000,3500,3250
Tamil Nadu,Karur,Pallapatti (Uzhavar Sandhai ),Bhindi(Ladies Finger),Bhindi,Local,29/08/2026,3500,4000,3750
Tamil Nadu,Karur,Karur(Uzhavar Sandhai ),Bhindi(Ladies Finger),Bhindi,Local,29/08/2026,3000,3500,3250
Tamil Nadu,Thiruvannamalai,Polur(Uzhavar Sandhai ),Bhindi(Ladies Finger),Bhindi,Local,29/08/2026,3300,4000,3650
Tamil Nadu,Vellore,Kahithapattarai(Uzhavar Sandhai ),Bhindi(Ladies Finger),Bhindi,Local,29/08/2026,3000,3000,3000
Tamil Nadu,Virudhunagar,Virudhunagar(Uzhavar Sandhai ),Bhindi(Ladies Finger),Bhindi,Local,29/08/2026,3500,3600,3550
Tamil Nadu,Pudukkottai,Aranthangi(Uzhavar Sandhai ),Bhindi(Ladies Finger),Bhindi,Local,29/08/2026,3500,4000,3750
Andaman and Nicobar,North and Middle Andaman ,Diglipur Vegetable Market (Subhashgram),Bhindi(Ladies Finger),Other,FAQ,29/08/2026,3000,6000,4500
Keralam,Alappuzha,Harippad Market,Bhindi(Ladies Finger),Other,FAQ,29/08/2026,4500,5000,4500
Tamil Nadu,Villupuram,Gingee(Uzhavar Sandhai ),Amaranthus,Amaranthus,Local,29/08/2026,4000,5000,4500
Tamil Nadu,Coimbatore,Vadavalli(Uzhavar Sandhai ),Amaranthus,Amaranthus,Local,29/08/2026,5400,6200,5800
Tamil Nadu,Kancheepuram,Kundrathur(Uzhavar Sandhai ),Amaranthus,Amaranthus,Local,29/08/2026,3000,3000,3000
Tamil Nadu,Coimbatore,Sulur(Uzhavar Sandhai ),Amaranthus,Amaranthus,Local,29/08/2026,4500,5000,4750
Tamil Nadu,Theni,Bodinayakanur(Uzhavar Sandhai ),Amaranthus,Amaranthus,Local,29/08/2026,2500,2500,2500
Tamil Nadu,Thirupur,Palladam(Uzhavar Sandhai ),Amaranthus,Amaranthus,Local,29/08/2026,2500,3000,2750
Tamil Nadu,Dindigul,Chinnalapatti(Uzhavar Sandhai ),Amaranthus,Amaranthus,Local,29/08/2026,2500,3000,2750
Tamil Nadu,Salem,Vazhapadi(Uzhavar Sandhai),Amaranthus,Amaranthus,Local,29/08/2026,1500,2000,1750
Tamil Nadu,Salem,Attayampatti(Uzhavar Sandhai ),Amaranthus,Amaranthus,Local,29/08/2026,2400,2800,2600
Tamil Nadu,Vellore,Thirupathur APMC,Amaranthus,Amaranthus,Local,29/08/2026,2000,2000,2000
Tamil Nadu,Sivaganga,Singampunari(Uzhavar Sandhai ),Amaranthus,Amaranthus,Local,29/08/2026,3000,4000,3500
Tamil Nadu,Dharmapuri,Pennagaram(Uzhavar Sandhai ),Amaranthus,Amaranthus,Local,29/08/2026,2400,2500,2450
Tamil Nadu,Kancheepuram,Sunguvarchatram(Uzhavar Sandhai ),Amaranthus,Amaranthus,Local,29/08/2026,3000,3000,3000
Tamil Nadu,Thiruvannamalai,Chengam(Uzhavar Sandhai ),Amaranthus,Amaranthus,Local,29/08/2026,1200,1500,1350
Tamil Nadu,Thiruchirappalli,Musiri(Uzhavar Sandhai ),Amaranthus,Amaranthus,Local,29/08/2026,2000,2000,2000
Tamil Nadu,Krishnagiri,Hosur(Uzhavar Sandhai ),Amaranthus,Amaranthus,Local,29/08/2026,5000,6000,5500
Tamil Nadu,Ramanathapuram,Paramakudi(Uzhavar Sandhai ),Amaranthus,Amaranthus,Local,29/08/2026,3800,4000,3900
Tamil Nadu,Dharmapuri,Palacode(Uzhavar Sandhai ),Amaranthus,Amaranthus,Local,29/08/2026,2000,2500,2250
Tamil Nadu,Coimbatore,Pollachi(Uzhavar Sandhai ),Amaranthus,Amaranthus,Local,29/08/2026,3000,4000,3500
Tamil Nadu,Virudhunagar,Thalavaipuram(Uzhavar Sandhai ),Amaranthus,Amaranthus,Local,29/08/2026,2800,3500,3150
Tamil Nadu,Salem,Mettur(Uzhavar Sandhai ),Amaranthus,Amaranthus,Local,29/08/2026,2000,2500,2250
Tamil Nadu,Thirupur,Kangayam(Uzhavar Sandhai ),Amaranthus,Amaranthus,Local,29/08/2026,2500,2700,2600
Tamil Nadu,Theni,Devaram(Uzhavar Sandhai ),Amaranthus,Amaranthus,Local,29/08/2026,2500,2500,2500
Tamil Nadu,Namakkal,Rasipuram(Uzhavar Sandhai ),Amaranthus,Amaranthus,Local,29/08/2026,3500,4000,3750
Tamil Nadu,Kancheepuram,Kancheepuram(Uzhavar Sandhai ),Amaranthus,Amaranthus,Local,29/08/2026,3000,4000,3500
Tamil Nadu,Erode,Sathiyamagalam(Uzhavar Sandhai ),Amaranthus,Amaranthus,Local,29/08/2026,3500,4000,3750
Tamil Nadu,Thiruchirappalli,Thuraiyur APMC,Amaranthus,Amaranthus,Local,29/08/2026,1500,2000,1750
Tamil Nadu,Krishnagiri,Denkanikottai(Uzhavar Sandhai ),Amaranthus,Amaranthus,Local,29/08/2026,3500,4000,3750
Tamil Nadu,Krishnagiri,Krishnagiri(Uzhavar Sandhai ),Amaranthus,Amaranthus,Local,29/08/2026,2000,3000,2500
Keralam,Alappuzha,Cherthala Market,Amaranthus,Amaranthus,FAQ,29/08/2026,8000,8200,8100
Tamil Nadu,Thiruvarur,Valangaiman APMC,Green Chilli,Green Chilly,Local,29/08/2026,6000,6000,6000
Tamil Nadu,Cuddalore,Viruthachalam(Uzhavar Sandhai ),Green Chilli,Green Chilly,Local,29/08/2026,5000,5000,5000
Tamil Nadu,Karur,Karur(Uzhavar Sandhai ),Green Chilli,Green Chilly,Local,29/08/2026,4000,5000,4500
Tamil Nadu,Ariyalur,Ariyalur(Uzhavar Sandhai),Green Chilli,Green Chilly,Local,29/08/2026,5500,6500,6000
Tamil Nadu,Tuticorin,Kovilpatti(Uzhavar Sandhai ),Green Chilli,Green Chilly,Local,29/08/2026,5500,6000,5750
Tamil Nadu,Salem,Edapadi (Uzhavar Sandhai ),Green Chilli,Green Chilly,Local,29/08/2026,5000,5500,5250
Tamil Nadu,Vellore,Pallikonda(Uzhavar Sandhai),Green Chilli,Green Chilly,Local,29/08/2026,4500,4500,4500
Tamil Nadu,Virudhunagar,Kariyapatti(Uzhavar Sandhai ),Green Chilli,Green Chilly,Local,29/08/2026,4500,5000,4750
Tamil Nadu,Salem,Hasthampatti(Uzhavar Sandhai ),Green Chilli,Green Chilly,Local,29/08/2026,4600,4800,4700
Tamil Nadu,Chengalpattu,Thirukalukundram(Uzhavar Sandhai ),Green Chilli,Green Chilly,Local,29/08/2026,5000,5000,5000
Tamil Nadu,Namakkal,Mohanur(Uzhavar Sandhai ),Green Chilli,Green Chilly,Local,29/08/2026,5500,6000,5750
Tamil Nadu,Thirupur,Kangayam(Uzhavar Sandhai ),Green Chilli,Green Chilly,Local,29/08/2026,5400,5800,5600
Tamil Nadu,Kancheepuram,Kundrathur(Uzhavar Sandhai ),Green Chilli,Green Chilly,Local,29/08/2026,6000,6000,6000
Tamil Nadu,Thirupur,Dharapuram(Uzhavar Sandhai ),Green Chilli,Green Chilly,Local,29/08/2026,5000,5400,5200
Tamil Nadu,Kancheepuram,Sunguvarchatram(Uzhavar Sandhai ),Green Chilli,Green Chilly,Local,29/08/2026,6000,6000,6000
Tamil Nadu,Erode,Sathiyamagalam(Uzhavar Sandhai ),Green Chilli,Green Chilly,Local,29/08/2026,4500,5000,4750
Tamil Nadu,Thiruvannamalai,Polur(Uzhavar Sandhai ),Green Chilli,Green Chilly,Local,29/08/2026,5000,6000,5500
Tamil Nadu,Krishnagiri,Avallapalli(Uzhavar Sandhai ),Green Chilli,Green Chilly,Local,29/08/2026,4500,5000,4750
Tamil Nadu,Salem,Attayampatti(Uzhavar Sandhai ),Green Chilli,Green Chilly,Local,29/08/2026,4800,5400,5100
Tamil Nadu,Ranipet,Arcot(Uzhavar Sandhai ),Green Chilli,Green Chilly,Local,29/08/2026,6000,6000,6000
Tamil Nadu,Chengalpattu,Madhuranthagam(Uzhavar Sandhai ),Green Chilli,Green Chilly,Local,29/08/2026,4000,4000,4000
Tamil Nadu,Thirupur,Tiruppur (South) (Uzhavar Sandhai ),Green Chilli,Green Chilly,Local,29/08/2026,4000,5000,4500
Tamil Nadu,Thiruvannamalai,Tamarainagar(Uzhavar Sandhai ),Green Chilli,Green Chilly,Local,29/08/2026,4000,5000,4500
Tamil Nadu,Nagercoil (Kannyiakumari),Vadaseri APMC,Green Chilli,Green Chilly,Local,29/08/2026,7000,7500,7250
Tamil Nadu,Villupuram,Gingee(Uzhavar Sandhai ),Green Chilli,Green Chilly,Local,29/08/2026,6000,6000,6000
Tamil Nadu,Krishnagiri,Kaveripattinam(Uzhavar Sandhai ),Green Chilli,Green Chilly,Local,29/08/2026,5000,5000,5000
Tamil Nadu,Chengalpattu,Nanganallur(Uzhavar Sandhai ),Green Chilli,Green Chilly,Local,29/08/2026,4500,5000,4750
Tamil Nadu,Thanjavur,Pattukottai(Uzhavar Sandhai ),Green Chilli,Green Chilly,Local,29/08/2026,5400,5400,5400
Tamil Nadu,Pudukkottai,Gandarvakottai(Uzhavar Sandhai ),Green Chilli,Green Chilly,Local,29/08/2026,5000,6000,5500
Tamil Nadu,Salem,Jalagandapuram(Uzhavar Sandhai ),Cowpea(Veg),Cowpea (Veg),Local,29/08/2026,4500,5000,4750
Tamil Nadu,Coimbatore,Sundarapuram(Uzhavar Sandhai ),Cowpea(Veg),Cowpea (Veg),Local,29/08/2026,3500,4000,3750
Tamil Nadu,Erode,Perundurai(Uzhavar Sandhai ),Cowpea(Veg),Cowpea (Veg),Local,29/08/2026,3600,4000,3800
Tamil Nadu,Dharmapuri,AJattihalli(Uzhavar Sandhai ),Cowpea(Veg),Cowpea (Veg),Local,29/08/2026,6000,6000,6000
Tamil Nadu,Dharmapuri,Pennagaram(Uzhavar Sandhai ),Cowpea(Veg),Cowpea (Veg),Local,29/08/2026,5500,6000,5750
Tamil Nadu,Theni,Kambam(Uzhavar Sandhai ),Cowpea(Veg),Cowpea (Veg),Local,29/08/2026,3000,4000,3500
Tamil Nadu,The Nilgiris,Udhagamandalam(Uzhavar Sandhai ),Cowpea(Veg),Cowpea (Veg),Local,29/08/2026,3500,4000,3750
Tamil Nadu,Thiruchirappalli,Manachanallur(Uzhavar Sandhai ),Cowpea(Veg),Cowpea (Veg),Local,29/08/2026,4000,4000,4000
Tamil Nadu,Perambalur,Perambalur(Uzhavar Sandhai ),Cowpea(Veg),Cowpea (Veg),Local,29/08/2026,5200,5200,5200
Tamil Nadu,Coimbatore,Udumalpet APMC,Cowpea(Veg),Cowpea (Veg),Local,29/08/2026,3500,4000,3750
Keralam,Kottayam,Avarma  VFPCK Market,Cowpea(Veg),Cowpea (Veg),Grade A,29/08/2026,6000,6500,6100
Tamil Nadu,Nagapattinam,Sirkali(Uzhavar Sandhai ),Banana - Green,Banana - Green,Local,29/08/2026,2500,3000,2750
Tamil Nadu,Thiruvellore,Tiruthani(Uzhavar Sandhai ),Banana - Green,Banana - Green,Local,29/08/2026,4000,4000,4000
Tamil Nadu,Kancheepuram,Kundrathur(Uzhavar Sandhai ),Banana - Green,Banana - Green,Local,29/08/2026,3000,3000,3000
Tamil Nadu,Namakkal,Kumarapalayam(Uzhavar Sandhai ),Banana - Green,Banana - Green,Local,29/08/2026,3500,4000,3750
Tamil Nadu,Coimbatore,Sulur(Uzhavar Sandhai ),Banana - Green,Banana - Green,Local,29/08/2026,4000,4500,4250
Tamil Nadu,Thirupur,Palladam(Uzhavar Sandhai ),Banana - Green,Banana - Green,Local,29/08/2026,2500,3000,2750
Tamil Nadu,Thiruvannamalai,Tamarainagar(Uzhavar Sandhai ),Banana - Green,Banana - Green,Local,29/08/2026,4500,5200,4850
Tamil Nadu,Thiruvannamalai,Polur(Uzhavar Sandhai ),Banana - Green,Banana - Green,Local,29/08/2026,1600,2000,1800
Tamil Nadu,Vellore,Vellore APMC,Banana - Green,Banana - Green,Local,29/08/2026,3000,3000,3000
Tamil Nadu,Vellore,Thirupathur APMC,Banana - Green,Banana - Green,Local,29/08/2026,2500,2500,2500
Tamil Nadu,Sivaganga,Singampunari(Uzhavar Sandhai ),Banana - Green,Banana - Green,Local,29/08/2026,2500,3000,2750
Tamil Nadu,Thanjavur,Kumbakonam (Uzhavar Sandhai ),Banana - Green,Banana - Green,Local,29/08/2026,4800,4800,4800
Tamil Nadu,Kancheepuram,Sunguvarchatram(Uzhavar Sandhai ),Banana - Green,Banana - Green,Local,29/08/2026,3000,3000,3000
Tamil Nadu,Thiruchirappalli,Manachanallur(Uzhavar Sandhai ),Banana - Green,Banana - Green,Local,29/08/2026,2000,2500,2250
Tamil Nadu,Thiruchirappalli,Thiruverumbur(Uzhavar Sandhai ),Banana - Green,Banana - Green,Local,29/08/2026,2500,2500,2500
Tamil Nadu,Ramanathapuram,Paramakudi(Uzhavar Sandhai ),Banana - Green,Banana - Green,Local,29/08/2026,3000,3500,3250
Tamil Nadu,Chengalpattu,Nanganallur(Uzhavar Sandhai ),Banana - Green,Banana - Green,Local,29/08/2026,3500,4000,3750
Tamil Nadu,Thiruvellore,Naravarikuppam(Uzhavar Sandhai ),Banana - Green,Banana - Green,Local,29/08/2026,4000,4000,4000
Tamil Nadu,Coimbatore,Pollachi(Uzhavar Sandhai ),Banana - Green,Banana - Green,Local,29/08/2026,4000,4500,4250
Tamil Nadu,Erode,Perundurai(Uzhavar Sandhai ),Banana - Green,Banana - Green,Local,29/08/2026,2600,3000,2800
Tamil Nadu,Tuticorin,Kovilpatti(Uzhavar Sandhai ),Banana - Green,Banana - Green,Local,29/08/2026,3500,4000,3750
Tamil Nadu,Salem,Mecheri(Uzhavar Sandhai),Banana - Green,Banana - Green,Local,29/08/2026,2000,2500,2250
Tamil Nadu,Virudhunagar,Rajapalayam(Uzhavar Sandhai ),Banana - Green,Banana - Green,Local,29/08/2026,3000,3600,3300
Tamil Nadu,Namakkal,Mohanur(Uzhavar Sandhai ),Banana - Green,Banana - Green,Local,29/08/2026,4400,4800,4600
Tamil Nadu,Theni,Kambam(Uzhavar Sandhai ),Banana - Green,Banana - Green,Local,29/08/2026,3000,3500,3250
Tamil Nadu,Karur,Karur(Uzhavar Sandhai ),Banana - Green,Banana - Green,Local,29/08/2026,2500,3000,2750
Tamil Nadu,Vellore,Perampet(Uzhavar Sandhai),Banana - Green,Banana - Green,Local,29/08/2026,3500,3500,3500
Tamil Nadu,Pudukkottai,Ponnamaravathi(Uzhavar Sandhai),Banana - Green,Banana - Green,Local,29/08/2026,2500,3000,2750
Tamil Nadu,Pudukkottai,Alangudi(Uzhavar Sandhai ),Banana - Green,Banana - Green,Local,29/08/2026,2500,3000,2750
Tamil Nadu,Villupuram,Gingee(Uzhavar Sandhai ),Banana - Green,Banana - Green,Local,29/08/2026,4000,4000,4000
Tamil Nadu,Salem,Sooramangalam(Uzhavar Sandhai ),Beans,Beans (Whole),Local,29/08/2026,7800,8000,7900
Tamil Nadu,Namakkal,Kumarapalayam(Uzhavar Sandhai ),Beans,Beans (Whole),Local,29/08/2026,9000,10000,9500
Tamil Nadu,Namakkal,Rasipuram(Uzhavar Sandhai ),Beans,Beans (Whole),Local,29/08/2026,8000,9000,8500
Tamil Nadu,Dindigul,Palani(Uzhavar Sandhai ),Beans,Beans (Whole),Local,29/08/2026,7000,8500,7750
Tamil Nadu,Thiruvannamalai,Chengam(Uzhavar Sandhai ),Beans,Beans (Whole),Local,29/08/2026,8000,10000,9000
Tamil Nadu,Thiruvannamalai,Polur(Uzhavar Sandhai ),Beans,Beans (Whole),Local,29/08/2026,5000,6000,5500
Tamil Nadu,Dharmapuri,Dharmapuri(Uzhavar Sandhai ),Beans,Beans (Whole),Local,29/08/2026,8400,8800,8600
Tamil Nadu,Theni,Periyakulam(Uzhavar Sandhai ),Beans,Beans (Whole),Local,29/08/2026,11500,11500,11500
Tamil Nadu,Erode,Sathiyamagalam(Uzhavar Sandhai ),Beans,Beans (Whole),Local,29/08/2026,7000,7600,7300
Tamil Nadu,Virudhunagar,Rajapalayam(Uzhavar Sandhai ),Beans,Beans (Whole),Local,29/08/2026,7000,8000,7500
Tamil Nadu,Krishnagiri,Kaveripattinam(Uzhavar Sandhai ),Beans,Beans (Whole),Local,29/08/2026,9000,9000,9000
Tamil Nadu,Cuddalore,Viruthachalam(Uzhavar Sandhai ),Beans,Beans (Whole),Local,29/08/2026,8000,10000,9000
Tamil Nadu,Sivaganga,Karaikudi(Uzhavar Sandhai ),Beans,Beans (Whole),Local,29/08/2026,10500,11500,11000
Tamil Nadu,Salem,Ammapet(Uzhavar Sandhai ),Beans,Beans (Whole),Local,29/08/2026,7500,8000,7750
Tamil Nadu,Thanjavur,Kumbakonam (Uzhavar Sandhai ),Beans,Beans (Whole),Local,29/08/2026,6600,8400,7500
Tamil Nadu,Coimbatore,Vadavalli(Uzhavar Sandhai ),Beans,Beans (Whole),Local,29/08/2026,7800,8200,8000
Tamil Nadu,Thirupur,Tiruppur (South) (Uzhavar Sandhai ),Beans,Beans (Whole),Local,29/08/2026,8000,9000,8500
Tamil Nadu,Thirupur,Tiruppur (North) (Uzhavar Sandhai ),Beans,Beans (Whole),Local,29/08/2026,7000,8000,7500
Tamil Nadu,Namakkal,Tiruchengode APMC,Beans,Beans (Whole),Local,29/08/2026,6000,7000,6500
Tamil Nadu,Erode,Perundurai(Uzhavar Sandhai ),Beans,Beans (Whole),Local,29/08/2026,6400,6800,6600
Tamil Nadu,Thiruchirappalli,Musiri(Uzhavar Sandhai ),Beans,Beans (Whole),Local,29/08/2026,7000,8000,7500
Tamil Nadu,Madurai,Palanganatham(Uzhavar Sandhai ),Beans,Beans (Whole),Local,29/08/2026,10000,11000,10500
Tamil Nadu,Madurai,Anna nagar(Uzhavar Sandhai ),Beans,Beans (Whole),Local,29/08/2026,10000,11000,10500
Tamil Nadu,Salem,Jalagandapuram(Uzhavar Sandhai ),Beans,Beans (Whole),Local,29/08/2026,7500,8000,7750
Tamil Nadu,Erode,Thalavadi(Uzhavar Sandhai ),Beans,Beans (Whole),Local,29/08/2026,6500,7500,7000
Tamil Nadu,Coimbatore,Singanallur(Uzhavar Sandhai ),Tapioca,Tapioca,Local,29/08/2026,3200,3600,3400
Tamil Nadu,Thiruchirappalli,Lalgudi(Uzhavar Sandhai ),Tapioca,Tapioca,Local,29/08/2026,4000,4000,4000
Tamil Nadu,Pudukkottai,Pudukottai(Uzhavar Sandhai ),Tapioca,Tapioca,Local,29/08/2026,3000,4000,3500
Tamil Nadu,Salem,Athur(Uzhavar Sandhai ),Tapioca,Tapioca,Local,29/08/2026,2500,3000,2750
Tamil Nadu,Thiruvannamalai,Tamarainagar(Uzhavar Sandhai ),Tapioca,Tapioca,Local,29/08/2026,2500,3000,2750
Tamil Nadu,Ranipet,Arcot(Uzhavar Sandhai ),Tapioca,Tapioca,Local,29/08/2026,3000,3000,3000
Tamil Nadu,Dindigul,Palani(Uzhavar Sandhai ),Tapioca,Tapioca,Local,29/08/2026,2500,3000,2750
Tamil Nadu,Coimbatore,Sundarapuram(Uzhavar Sandhai ),Ginger(Green),Green Ginger,Local,29/08/2026,16000,17000,16500
Tamil Nadu,Coimbatore,Pollachi(Uzhavar Sandhai ),Ginger(Green),Green Ginger,Local,29/08/2026,20000,22000,21000
Tamil Nadu,The Nilgiris,Udhagamandalam(Uzhavar Sandhai ),Ginger(Green),Green Ginger,Local,29/08/2026,15000,16000,15500
Tamil Nadu,Krishnagiri,Avallapalli(Uzhavar Sandhai ),Ginger(Green),Green Ginger,Local,29/08/2026,14000,15000,14500
Tamil Nadu,Villupuram,Tindivanam APMC,Ginger(Green),Green Ginger,Local,29/08/2026,10000,10000,10000
Tamil Nadu,Thirupur,Palladam(Uzhavar Sandhai ),Ginger(Green),Green Ginger,Local,29/08/2026,16000,17000,16500
Tamil Nadu,Erode,Thalavadi(Uzhavar Sandhai ),Ginger(Green),Green Ginger,Local,29/08/2026,13000,14000,13500
Tamil Nadu,Madurai,Anaiyur(Uzhavar Sandhai ),Ginger(Green),Green Ginger,Local,29/08/2026,17000,20000,18500
Tamil Nadu,Thiruchirappalli,Thiruverumbur(Uzhavar Sandhai ),Ginger(Green),Green Ginger,Local,29/08/2026,17500,17500,17500
Tamil Nadu,Virudhunagar,Rajapalayam(Uzhavar Sandhai ),Ginger(Green),Green Ginger,Local,29/08/2026,18000,19000,18500
Tamil Nadu,Krishnagiri,Kaveripattinam(Uzhavar Sandhai ),Ginger(Green),Green Ginger,Local,29/08/2026,18000,18000,18000
Tamil Nadu,Ranipet,Arcot(Uzhavar Sandhai ),Ginger(Green),Green Ginger,Local,29/08/2026,18000,18000,18000
Tamil Nadu,Dharmapuri,Pennagaram(Uzhavar Sandhai ),Ginger(Green),Green Ginger,Local,29/08/2026,19000,20000,19500
Tamil Nadu,Cuddalore,Viruthachalam(Uzhavar Sandhai ),Ginger(Green),Green Ginger,Local,29/08/2026,10000,20000,15000
Tamil Nadu,Thiruvellore,Tiruthani(Uzhavar Sandhai ),Ginger(Green),Green Ginger,Local,29/08/2026,10000,10000,10000
Tamil Nadu,Namakkal,Rasipuram(Uzhavar Sandhai ),Ginger(Green),Green Ginger,Local,29/08/2026,18000,19000,18500
Tamil Nadu,Thiruchirappalli,Thuraiyur APMC,Ginger(Green),Green Ginger,Local,29/08/2026,16000,17500,16750
Tamil Nadu,Villupuram,Gingee(Uzhavar Sandhai ),Ginger(Green),Green Ginger,Local,29/08/2026,13000,13000,13000
Tamil Nadu,Chengalpattu,Pallavaram(Uzhavar Sandhai ),Ginger(Green),Green Ginger,Local,29/08/2026,16000,18000,17000
Tamil Nadu,Thiruchirappalli,Lalgudi(Uzhavar Sandhai ),Ginger(Green),Green Ginger,Local,29/08/2026,18000,18000,18000
Tamil Nadu,Thiruchirappalli,Musiri(Uzhavar Sandhai ),Coconut,Coconut,Local,29/08/2026,6000,6500,6250
Tamil Nadu,Madurai,Palanganatham(Uzhavar Sandhai ),Coconut,Coconut,Local,29/08/2026,6500,6800,6650
Tamil Nadu,Vellore,Gudiyatham(Uzhavar Sandhai ),Coconut,Coconut,Local,29/08/2026,4000,4000,4000
Tamil Nadu,Dharmapuri,AJattihalli(Uzhavar Sandhai ),Coconut,Coconut,Local,29/08/2026,6000,7000,6500
Tamil Nadu,Thiruvarur,Valangaiman APMC,Coconut,Coconut,Local,29/08/2026,5000,5000,5000
Tamil Nadu,Thirupur,Dharapuram(Uzhavar Sandhai ),Coconut,Coconut,Local,29/08/2026,5400,5800,5600
Tamil Nadu,Dindigul,Chinnalapatti(Uzhavar Sandhai ),Coconut,Coconut,Local,29/08/2026,6000,6500,6250
Tamil Nadu,Thiruchirappalli,Thuraiyur APMC,Coconut,Coconut,Local,29/08/2026,6000,7000,6500
Tamil Nadu,Krishnagiri,Avallapalli(Uzhavar Sandhai ),Coconut,Coconut,Local,29/08/2026,5500,6000,5750
Tamil Nadu,Pudukkottai,Viralimalai(Uzhavar Sandhai ),Coconut,Coconut,Local,29/08/2026,3500,4000,3750
Tamil Nadu,Pudukkottai,Gandarvakottai(Uzhavar Sandhai ),Coconut,Coconut,Local,29/08/2026,3500,4000,3750
Tamil Nadu,Salem,Attayampatti(Uzhavar Sandhai ),Coconut,Coconut,Local,29/08/2026,6500,6500,6500
Tamil Nadu,Salem,Mettur(Uzhavar Sandhai ),Coconut,Coconut,Local,29/08/2026,5500,6000,5750
Tamil Nadu,Dharmapuri,Harur(Uzhavar Sandhai ),Coconut,Coconut,Local,29/08/2026,6000,7000,6500
Tamil Nadu,Thirupur,Kangayam(Uzhavar Sandhai ),Coconut,Coconut,Local,29/08/2026,5000,5200,5100
Tamil Nadu,Perambalur,Perambalur(Uzhavar Sandhai ),Coconut,Coconut,Local,29/08/2026,5000,6000,5500
Tamil Nadu,Madurai,Melur(Uzhavar Sandhai ),Coconut,Coconut,Local,29/08/2026,6500,6800,6650
Tamil Nadu,Tuticorin,Kovilpatti(Uzhavar Sandhai ),Coconut,Coconut,Local,29/08/2026,6500,7000,6750
Tamil Nadu,Ramanathapuram,Ramanathapuram(Uzhavar Sandhai ),Coconut,Coconut,Local,29/08/2026,6800,7000,6900
Tamil Nadu,Chengalpattu,Pallavaram(Uzhavar Sandhai ),Coconut,Coconut,Local,29/08/2026,6000,7000,6500
Tamil Nadu,Kancheepuram,Sunguvarchatram(Uzhavar Sandhai ),Coconut,Coconut,Local,29/08/2026,5000,6000,5500
Tamil Nadu,Nagercoil (Kannyiakumari),Myladi(Uzhavar Sandhai ),Coconut,Coconut,Local,29/08/2026,5800,6000,5900
Tamil Nadu,Salem,Vazhapadi(Uzhavar Sandhai),Coconut,Coconut,Local,29/08/2026,6000,6500,6250
Tamil Nadu,Vellore,Perampet(Uzhavar Sandhai),Coconut,Coconut,Local,29/08/2026,3500,3500,3500
Tamil Nadu,Cuddalore,Viruthachalam(Uzhavar Sandhai ),Coconut,Coconut,Local,29/08/2026,6000,6000,6000
Tamil Nadu,Coimbatore,Vadavalli(Uzhavar Sandhai ),Coconut,Coconut,Local,29/08/2026,5400,5800,5600
Tamil Nadu,Namakkal,Paramathivelur(Uzhavar Sandhai ),Coconut,Coconut,Local,29/08/2026,5800,6000,5900
Tamil Nadu,Thirupur,Tiruppur (South) (Uzhavar Sandhai ),Coconut,Coconut,Local,29/08/2026,5000,5500,5250
Tamil Nadu,Karur,Kulithalai(Uzhavar Sandhai ),Coconut,Coconut,Local,29/08/2026,6000,6500,6250
Tamil Nadu,Karur,Kulithalai(Uzhavar Sandhai ),Betal Leaves,Mysore,Local,29/08/2026,9000,10000,9500
Tamil Nadu,Thiruchirappalli,Musiri(Uzhavar Sandhai ),Betal Leaves,Mysore,Local,29/08/2026,7000,8000,7500
Tamil Nadu,Madurai,Anaiyur(Uzhavar Sandhai ),Sweet Potato,Hosur Red,Local,29/08/2026,4500,5000,4750
Tamil Nadu,Salem,Jalagandapuram(Uzhavar Sandhai ),Sweet Potato,Hosur Red,Local,29/08/2026,4000,4500,4250
Tamil Nadu,Salem,Hasthampatti(Uzhavar Sandhai ),Sweet Potato,Hosur Red,Local,29/08/2026,3500,4000,3750
Tamil Nadu,Karur,Pallapatti (Uzhavar Sandhai ),Sweet Potato,Hosur Red,Local,29/08/2026,4500,5000,4750
Tamil Nadu,Nagercoil (Kannyiakumari),Vadaseri APMC,Sweet Potato,Hosur Red,Local,29/08/2026,3500,4000,3750
Tamil Nadu,Perambalur,Perambalur(Uzhavar Sandhai ),Sweet Potato,Hosur Red,Local,29/08/2026,6000,6400,6200
Tamil Nadu,Coimbatore,Singanallur(Uzhavar Sandhai ),Sweet Potato,Hosur Red,Local,29/08/2026,4500,5000,4750
Tamil Nadu,Thiruchirappalli,Lalgudi(Uzhavar Sandhai ),Sweet Potato,Hosur Red,Local,29/08/2026,5000,5000,5000
Tamil Nadu,Krishnagiri,Avallapalli(Uzhavar Sandhai ),Sweet Potato,Hosur Red,Local,29/08/2026,5500,6000,5750
Tamil Nadu,Salem,Attayampatti(Uzhavar Sandhai ),Sweet Potato,Hosur Red,Local,29/08/2026,5000,5000,5000
Tamil Nadu,Salem,Ammapet(Uzhavar Sandhai ),Sweet Potato,Hosur Red,Local,29/08/2026,4500,5000,4750
Tamil Nadu,Krishnagiri,Krishnagiri(Uzhavar Sandhai ),Sweet Potato,Hosur Red,Local,29/08/2026,2000,2800,2400
Bihar,Khagaria,Khagaria APMC,Carrot,Carrot,Grade A,29/08/2026,4166.66625,4416.666225,4299.99957
Chandigarh,Chandigarh,Chandigarh (Grain/F&V) APMC,Carrot,Carrot,FAQ,29/08/2026,1500,2000,1800
Tamil Nadu,Chengalpattu,Pallavaram(Uzhavar Sandhai ),Carrot,Pusakesar,Local,29/08/2026,6000,7000,6500
Tamil Nadu,Thanjavur,Kumbakonam (Uzhavar Sandhai ),Carrot,Pusakesar,Local,29/08/2026,6600,8400,7500
Tamil Nadu,Namakkal,Paramathivelur(Uzhavar Sandhai ),Carrot,Pusakesar,Local,29/08/2026,8000,9000,8500
Tamil Nadu,The Nilgiris,Coonoor(Uzhavar Sandhai ),Carrot,Pusakesar,Local,29/08/2026,5500,6000,5750
Tamil Nadu,Karur,Kulithalai(Uzhavar Sandhai ),Carrot,Pusakesar,Local,29/08/2026,7000,8000,7500
Tamil Nadu,Dharmapuri,Harur(Uzhavar Sandhai ),Carrot,Pusakesar,Local,29/08/2026,7000,8000,7500
Tamil Nadu,Sivaganga,Tirupatthur(Uzhavar Sandhai ),Carrot,Pusakesar,Local,29/08/2026,5400,7500,6450
Tamil Nadu,Thirupur,Palladam(Uzhavar Sandhai ),Carrot,Pusakesar,Local,29/08/2026,7000,7500,7250
Tamil Nadu,Virudhunagar,Srivilliputhur(Uzhavar Sandhai ),Carrot,Pusakesar,Local,29/08/2026,4500,5000,4750
Tamil Nadu,Ramanathapuram,Ramanathapuram(Uzhavar Sandhai ),Carrot,Pusakesar,Local,29/08/2026,8000,8500,8250
Tamil Nadu,Ranipet,Arcot(Uzhavar Sandhai ),Carrot,Pusakesar,Local,29/08/2026,6000,6000,6000
Tamil Nadu,Thiruvellore,Tiruthani(Uzhavar Sandhai ),Carrot,Pusakesar,Local,29/08/2026,6000,6000,6000
Tamil Nadu,Kancheepuram,Kundrathur(Uzhavar Sandhai ),Carrot,Pusakesar,Local,29/08/2026,5500,5500,5500
Tamil Nadu,Kancheepuram,Sunguvarchatram(Uzhavar Sandhai ),Carrot,Pusakesar,Local,29/08/2026,7000,7000,7000
Tamil Nadu,Namakkal,Namakkal(Uzhavar Sandhai ),Carrot,Pusakesar,Local,29/08/2026,7000,7500,7250
Tamil Nadu,Thiruvannamalai,Cheyyar(Uzhavar Sandhai ),Carrot,Pusakesar,Local,29/08/2026,4800,6000,5400
Tamil Nadu,Nagercoil (Kannyiakumari),Vadaseri APMC,Carrot,Pusakesar,Local,29/08/2026,7000,7500,7250
Tamil Nadu,Salem,Vazhapadi(Uzhavar Sandhai),Carrot,Pusakesar,Local,29/08/2026,6500,7000,6750
Tamil Nadu,Tuticorin,Tuticorin(Uzhavar Sandhai ),Carrot,Pusakesar,Local,29/08/2026,7500,8000,7750
Tamil Nadu,Sivaganga,Tirupatthur(Uzhavar Sandhai ),Cabbage,Cabbage,Local,29/08/2026,2800,3000,2900
Tamil Nadu,Cuddalore,Viruthachalam(Uzhavar Sandhai ),Cabbage,Cabbage,Local,29/08/2026,4000,4000,4000
Tamil Nadu,Theni,Theni(Uzhavar Sandhai ),Cabbage,Cabbage,Local,29/08/2026,3000,3000,3000
Tamil Nadu,Nagercoil (Kannyiakumari),Vadaseri APMC,Cabbage,Cabbage,Local,29/08/2026,5000,5500,5250
Tamil Nadu,Vellore,Gudiyatham(Uzhavar Sandhai ),Cabbage,Cabbage,Local,29/08/2026,3000,3000,3000
Tamil Nadu,Salem,Elampillai(Uzhavar Sandhai ),Cabbage,Cabbage,Local,29/08/2026,3000,3500,3250
Tamil Nadu,Perambalur,Perambalur(Uzhavar Sandhai ),Cabbage,Cabbage,Local,29/08/2026,3800,4000,3900
Tamil Nadu,Dindigul,Palani(Uzhavar Sandhai ),Cabbage,Cabbage,Local,29/08/2026,3000,3500,3250
Tamil Nadu,Tuticorin,Tuticorin(Uzhavar Sandhai ),Cabbage,Cabbage,Local,29/08/2026,3500,4000,3750
Tamil Nadu,Thirunelveli,NGO Colony(Uzhavar Sandhai ),Cabbage,Cabbage,Local,29/08/2026,2500,3400,2950
Tamil Nadu,Madurai,Anna nagar(Uzhavar Sandhai ),Cabbage,Cabbage,Local,29/08/2026,2600,3000,2800
Tamil Nadu,Salem,Mettur(Uzhavar Sandhai ),Cabbage,Cabbage,Local,29/08/2026,3000,3500,3250
Tamil Nadu,Nagapattinam,Nagapattinam(Uzhavar Sandhai ),Cabbage,Cabbage,Local,29/08/2026,4000,4500,4250
Tamil Nadu,Theni,Chinnamanur(Uzhavar Sandhai ),Cabbage,Cabbage,Local,29/08/2026,3000,3000,3000
Tamil Nadu,Namakkal,Rasipuram(Uzhavar Sandhai ),Cabbage,Cabbage,Local,29/08/2026,3600,3800,3700
Tamil Nadu,Karur,Karur(Uzhavar Sandhai ),Cabbage,Cabbage,Local,29/08/2026,4500,5000,4750
Tamil Nadu,Coimbatore,RSPuram(Uzhavar Sandhai ),Cabbage,Cabbage,Local,29/08/2026,2200,2500,2350
Tamil Nadu,Madurai,Anaiyur(Uzhavar Sandhai ),Cabbage,Cabbage,Local,29/08/2026,2600,3000,2800
Tamil Nadu,Thiruchirappalli,Thuraiyur APMC,Cabbage,Cabbage,Local,29/08/2026,2500,3000,2750
Tamil Nadu,Krishnagiri,Avallapalli(Uzhavar Sandhai ),Cabbage,Cabbage,Local,29/08/2026,1000,1500,1250
Tamil Nadu,Virudhunagar,Sivakasi(Uzhavar Sandhai ),Cabbage,Cabbage,Local,29/08/2026,3500,4000,3750
Tamil Nadu,Villupuram,Gingee(Uzhavar Sandhai ),Cabbage,Cabbage,Local,29/08/2026,4000,4000,4000
Tamil Nadu,Cuddalore,Cuddalore(Uzhavar Sandhai ),Cabbage,Cabbage,Local,29/08/2026,3000,3000,3000
Tamil Nadu,Sivaganga,Devakottai (Uzhavar Sandhai ),Cabbage,Cabbage,Local,29/08/2026,2800,3000,2900
Tamil Nadu,Chengalpattu,Pallavaram(Uzhavar Sandhai ),Cabbage,Cabbage,Local,29/08/2026,2000,2500,2250
Tamil Nadu,Kancheepuram,Kundrathur(Uzhavar Sandhai ),Cabbage,Cabbage,Local,29/08/2026,3000,3000,3000
Tamil Nadu,Coimbatore,Sulur(Uzhavar Sandhai ),Cabbage,Cabbage,Local,29/08/2026,2800,3200,3000
Tamil Nadu,Theni,Bodinayakanur(Uzhavar Sandhai ),Cabbage,Cabbage,Local,29/08/2026,3000,3000,3000
Tamil Nadu,Erode,Gobichettipalayam(Uzhavar Sandhai ),Cabbage,Cabbage,Local,29/08/2026,2000,2400,2200
Tamil Nadu,Vellore,Kahithapattarai(Uzhavar Sandhai ),Cabbage,Cabbage,Local,29/08/2026,2500,2500,2500
Tamil Nadu,Virudhunagar,Kariyapatti(Uzhavar Sandhai ),Cabbage,Cabbage,Local,29/08/2026,3500,4000,3750
Tamil Nadu,Vellore,Vellore APMC,Cabbage,Cabbage,Local,29/08/2026,2000,2500,2250
Tamil Nadu,Kallakuruchi,Kallakurichi(Uzhavar Sandhai ),Cabbage,Cabbage,Local,29/08/2026,4000,4000,4000
Tamil Nadu,Cuddalore,Vadalur(Uzhavar Sandhai ),Cabbage,Cabbage,Local,29/08/2026,3500,3500,3500
Uttar Pradesh,Khiri (Lakhimpur),Maigalganj APMC,Cabbage,Cabbage,FAQ,29/08/2026,900,940,920
Tamil Nadu,Dharmapuri,Harur(Uzhavar Sandhai ),Snakeguard,Snakeguard,Local,29/08/2026,2500,3000,2750
Tamil Nadu,Namakkal,Kumarapalayam(Uzhavar Sandhai ),Snakeguard,Snakeguard,Local,29/08/2026,4500,5000,4750
Tamil Nadu,Nagapattinam,Vedaranyam(Uzhavar Sandhai),Snakeguard,Snakeguard,Local,29/08/2026,3200,3500,3350
Tamil Nadu,Namakkal,Tiruchengode APMC,Snakeguard,Snakeguard,Local,29/08/2026,4500,5000,4750
Tamil Nadu,Salem,Vazhapadi(Uzhavar Sandhai),Snakeguard,Snakeguard,Local,29/08/2026,2000,2500,2250
Tamil Nadu,Thirunelveli,NGO Colony(Uzhavar Sandhai ),Snakeguard,Snakeguard,Local,29/08/2026,3000,3500,3250
Tamil Nadu,Dharmapuri,AJattihalli(Uzhavar Sandhai ),Snakeguard,Snakeguard,Local,29/08/2026,2500,3000,2750
Tamil Nadu,Cuddalore,Vadalur(Uzhavar Sandhai ),Snakeguard,Snakeguard,Local,29/08/2026,3000,3000,3000
Tamil Nadu,Cuddalore,Panruti(Uzhavar Sandhai ),Snakeguard,Snakeguard,Local,29/08/2026,3000,3000,3000
Tamil Nadu,The Nilgiris,Gudalur(Uzhavar Sandhai ),Snakeguard,Snakeguard,Local,29/08/2026,3000,3500,3250
Tamil Nadu,Erode,Thalavadi(Uzhavar Sandhai ),Snakeguard,Snakeguard,Local,29/08/2026,4000,4600,4300
Tamil Nadu,Pudukkottai,Gandarvakottai(Uzhavar Sandhai ),Snakeguard,Snakeguard,Local,29/08/2026,3500,4000,3750
Tamil Nadu,Salem,Mettur(Uzhavar Sandhai ),Snakeguard,Snakeguard,Local,29/08/2026,3500,3800,3650
Tamil Nadu,Theni,Chinnamanur(Uzhavar Sandhai ),Snakeguard,Snakeguard,Local,29/08/2026,4800,4800,4800
Tamil Nadu,Karur,Pallapatti (Uzhavar Sandhai ),Snakeguard,Snakeguard,Local,29/08/2026,3500,4000,3750
Tamil Nadu,Coimbatore,Pollachi(Uzhavar Sandhai ),Snakeguard,Snakeguard,Local,29/08/2026,3500,4000,3750
Tamil Nadu,Thiruchirappalli,Manachanallur(Uzhavar Sandhai ),Snakeguard,Snakeguard,Local,29/08/2026,3000,3600,3300
Tamil Nadu,Tuticorin,Kovilpatti(Uzhavar Sandhai ),Snakeguard,Snakeguard,Local,29/08/2026,4500,5000,4750
Tamil Nadu,Salem,Mecheri(Uzhavar Sandhai),Snakeguard,Snakeguard,Local,29/08/2026,3500,3800,3650
Tamil Nadu,Tuticorin,Tuticorin(Uzhavar Sandhai ),Snakeguard,Snakeguard,Local,29/08/2026,3500,4000,3750
Tamil Nadu,Salem,Elampillai(Uzhavar Sandhai ),Snakeguard,Snakeguard,Local,29/08/2026,3800,4000,3900
Tamil Nadu,Thiruchirappalli,Lalgudi(Uzhavar Sandhai ),Beetroot,Beetroot,Local,29/08/2026,5000,5000,5000
Tamil Nadu,Tuticorin,Kovilpatti(Uzhavar Sandhai ),Beetroot,Beetroot,Local,29/08/2026,5000,5500,5250
Tamil Nadu,Salem,Mettur(Uzhavar Sandhai ),Beetroot,Beetroot,Local,29/08/2026,7000,7500,7250
Tamil Nadu,Karur,Karur(Uzhavar Sandhai ),Beetroot,Beetroot,Local,29/08/2026,8500,9000,8750
Tamil Nadu,Thiruvannamalai,Arani(Uzhavar Sandhai ),Beetroot,Beetroot,Local,29/08/2026,3500,4200,3850
Tamil Nadu,Vellore,Perampet(Uzhavar Sandhai),Beetroot,Beetroot,Local,29/08/2026,4600,4600,4600
Tamil Nadu,Virudhunagar,Sivakasi(Uzhavar Sandhai ),Beetroot,Beetroot,Local,29/08/2026,4000,5000,4500
Tamil Nadu,Nagapattinam,Sirkali(Uzhavar Sandhai ),Beetroot,Beetroot,Local,29/08/2026,4500,5000,4750
Tamil Nadu,Salem,Thathakapatti(Uzhavar Sandhai ),Beetroot,Beetroot,Local,29/08/2026,7600,8000,7800
Tamil Nadu,Coimbatore,Sundarapuram(Uzhavar Sandhai ),Beetroot,Beetroot,Local,29/08/2026,7000,7500,7250
Tamil Nadu,Thirupur,Palladam(Uzhavar Sandhai ),Beetroot,Beetroot,Local,29/08/2026,2500,3000,2750
Tamil Nadu,Dharmapuri,AJattihalli(Uzhavar Sandhai ),Beetroot,Beetroot,Local,29/08/2026,5000,5600,5300
Tamil Nadu,Theni,Theni(Uzhavar Sandhai ),Beetroot,Beetroot,Local,29/08/2026,3500,3500,3500
Tamil Nadu,Thiruvannamalai,Chengam(Uzhavar Sandhai ),Beetroot,Beetroot,Local,29/08/2026,4200,5000,4600
Tamil Nadu,Thiruchirappalli,Thiruverumbur(Uzhavar Sandhai ),Beetroot,Beetroot,Local,29/08/2026,5000,5000,5000
Tamil Nadu,Thiruchirappalli,Musiri(Uzhavar Sandhai ),Beetroot,Beetroot,Local,29/08/2026,4500,5000,4750
Tamil Nadu,Salem,Thammampatti (Uzhavar Sandhai ),Beetroot,Beetroot,Local,29/08/2026,6500,7000,6750
Tamil Nadu,Vellore,Gudiyatham(Uzhavar Sandhai ),Beetroot,Beetroot,Local,29/08/2026,4600,4600,4600
Tamil Nadu,Virudhunagar,Srivilliputhur(Uzhavar Sandhai ),Beetroot,Beetroot,Local,29/08/2026,4500,5000,4750
Tamil Nadu,Dharmapuri,Palacode(Uzhavar Sandhai ),Beetroot,Beetroot,Local,29/08/2026,5000,5500,5250
Tamil Nadu,Salem,Sooramangalam(Uzhavar Sandhai ),Beetroot,Beetroot,Local,29/08/2026,8000,8600,8300
Tamil Nadu,Thirupur,Tiruppur (South) (Uzhavar Sandhai ),Beetroot,Beetroot,Local,29/08/2026,6000,7000,6500
Tamil Nadu,Coimbatore,Mettupalayam(Uzhavar Sandhai ),Beetroot,Beetroot,Local,29/08/2026,5500,6000,5750
Punjab,Ropar (Rupnagar),Morinda APMC,Cucumbar(Kheera),Cucumbar,Medium,29/08/2026,1750,2250,2000
Uttar Pradesh,Mau(Maunathbhanjan),Kopaganj APMC,Cucumbar(Kheera),Cucumbar,FAQ,29/08/2026,1600,1700,1690
Punjab,Bhatinda,Rampuraphul(Nabha Mandi) APMC,Cucumbar(Kheera),Cucumbar,Grade A,29/08/2026,2000,3000,2500
Tamil Nadu,Salem,Mettur(Uzhavar Sandhai ),Cucumbar(Kheera),Cucumbar,Local,29/08/2026,3500,4000,3750
Tamil Nadu,Ranipet,Arcot(Uzhavar Sandhai ),Cucumbar(Kheera),Cucumbar,Local,29/08/2026,4000,4000,4000
Tamil Nadu,Nagercoil (Kannyiakumari),Vadaseri APMC,Cucumbar(Kheera),Cucumbar,Local,29/08/2026,1700,2000,1850
Tamil Nadu,Coimbatore,Vadavalli(Uzhavar Sandhai ),Cucumbar(Kheera),Cucumbar,Local,29/08/2026,3400,3800,3600
Tamil Nadu,Coimbatore,Udumalpet APMC,Cucumbar(Kheera),Cucumbar,Local,29/08/2026,5000,6500,5750
Tamil Nadu,Tuticorin,Tuticorin(Uzhavar Sandhai ),Cucumbar(Kheera),Cucumbar,Local,29/08/2026,5000,6000,5500
Tamil Nadu,Krishnagiri,Krishnagiri(Uzhavar Sandhai ),Cucumbar(Kheera),Cucumbar,Local,29/08/2026,2500,2800,2650
Tamil Nadu,Dharmapuri,AJattihalli(Uzhavar Sandhai ),Cucumbar(Kheera),Cucumbar,Local,29/08/2026,4500,4500,4500
Tamil Nadu,Theni,Bodinayakanur(Uzhavar Sandhai ),Cucumbar(Kheera),Cucumbar,Local,29/08/2026,2000,2000,2000
Tamil Nadu,Madurai,Anaiyur(Uzhavar Sandhai ),Cucumbar(Kheera),Cucumbar,Local,29/08/2026,5000,6000,5500
Tamil Nadu,Madurai,Melur(Uzhavar Sandhai ),Cucumbar(Kheera),Cucumbar,Local,29/08/2026,4000,5000,4500
Tamil Nadu,Vellore,Gudiyatham(Uzhavar Sandhai ),Cucumbar(Kheera),Cucumbar,Local,29/08/2026,4000,4000,4000
Tamil Nadu,Thiruvannamalai,Tamarainagar(Uzhavar Sandhai ),Cucumbar(Kheera),Cucumbar,Local,29/08/2026,5000,6000,5500
Tamil Nadu,Karur,Karur(Uzhavar Sandhai ),Cucumbar(Kheera),Cucumbar,Local,29/08/2026,7500,8000,7750
Chandigarh,Chandigarh,Chandigarh (Grain/F&V) APMC,Cucumbar(Kheera),Cucumbar,FAQ,29/08/2026,1200,2200,1800
Andaman and Nicobar,North and Middle Andaman ,Diglipur Vegetable Market (Subhashgram),Ridgeguard(Tori),Other,FAQ,29/08/2026,2000,4000,3000
Punjab,Amritsar,Rayya APMC,Ridgeguard(Tori),Other,FAQ,29/08/2026,2058,2058,2058
Punjab,Bhatinda,Rampuraphul(Nabha Mandi) APMC,Ridgeguard(Tori),Ridgeguard(Tori),Grade A,29/08/2026,2000,3000,2500
Tamil Nadu,Sivaganga,Karaikudi(Uzhavar Sandhai ),Ridgeguard(Tori),Ridgeguard(Tori),Local,29/08/2026,4400,5400,4900
Tamil Nadu,Thirupur,Palladam(Uzhavar Sandhai ),Ridgeguard(Tori),Ridgeguard(Tori),Local,29/08/2026,4000,5000,4500
Tamil Nadu,Thiruchirappalli,Thuraiyur APMC,Ridgeguard(Tori),Ridgeguard(Tori),Local,29/08/2026,5000,5600,5300
Tamil Nadu,Vellore,Pallikonda(Uzhavar Sandhai),Ridgeguard(Tori),Ridgeguard(Tori),Local,29/08/2026,3500,4000,3750
Tamil Nadu,Vellore,Gudiyatham(Uzhavar Sandhai ),Ridgeguard(Tori),Ridgeguard(Tori),Local,29/08/2026,3600,3600,3600
Tamil Nadu,Salem,Hasthampatti(Uzhavar Sandhai ),Ridgeguard(Tori),Ridgeguard(Tori),Local,29/08/2026,3500,4000,3750
Tamil Nadu,Dharmapuri,Palacode(Uzhavar Sandhai ),Ridgeguard(Tori),Ridgeguard(Tori),Local,29/08/2026,3200,3500,3350
Tamil Nadu,Namakkal,Rasipuram(Uzhavar Sandhai ),Ridgeguard(Tori),Ridgeguard(Tori),Local,29/08/2026,5000,5500,5250
Tamil Nadu,Coimbatore,Pollachi(Uzhavar Sandhai ),Ridgeguard(Tori),Ridgeguard(Tori),Local,29/08/2026,4500,5000,4750
Tamil Nadu,Tuticorin,Kovilpatti(Uzhavar Sandhai ),Ridgeguard(Tori),Ridgeguard(Tori),Local,29/08/2026,8500,9000,8750
Tamil Nadu,Salem,Mecheri(Uzhavar Sandhai),Ridgeguard(Tori),Ridgeguard(Tori),Local,29/08/2026,3500,4000,3750
Tamil Nadu,Krishnagiri,Denkanikottai(Uzhavar Sandhai ),Ridgeguard(Tori),Ridgeguard(Tori),Local,29/08/2026,2000,2500,2250
Tamil Nadu,Theni,Periyakulam(Uzhavar Sandhai ),Ridgeguard(Tori),Ridgeguard(Tori),Local,29/08/2026,3800,3800,3800
Tamil Nadu,Sivaganga,Singampunari(Uzhavar Sandhai ),Ridgeguard(Tori),Ridgeguard(Tori),Local,29/08/2026,4400,5200,4800
Tamil Nadu,Thanjavur,Pattukottai(Uzhavar Sandhai ),Ridgeguard(Tori),Ridgeguard(Tori),Local,29/08/2026,5600,5600,5600
Tamil Nadu,Sivaganga,Devakottai (Uzhavar Sandhai ),Ridgeguard(Tori),Ridgeguard(Tori),Local,29/08/2026,4400,5200,4800
Tamil Nadu,Thirupur,Tiruppur (North) (Uzhavar Sandhai ),Ridgeguard(Tori),Ridgeguard(Tori),Local,29/08/2026,4500,5000,4750
Tamil Nadu,Madurai,Thirumangalam(Uzhavar Sandhai ),Ridgeguard(Tori),Ridgeguard(Tori),Local,29/08/2026,5000,5500,5250
Tamil Nadu,Pudukkottai,Karambakkudi(Uzhavar Sandhai ),Ridgeguard(Tori),Ridgeguard(Tori),Local,29/08/2026,5000,6000,5500
Tamil Nadu,Pudukkottai,Alangudi(Uzhavar Sandhai ),Ridgeguard(Tori),Ridgeguard(Tori),Local,29/08/2026,5000,6000,5500
Tamil Nadu,Dharmapuri,AJattihalli(Uzhavar Sandhai ),Ridgeguard(Tori),Ridgeguard(Tori),Local,29/08/2026,3000,3000,3000
Tamil Nadu,Madurai,Thirumangalam(Uzhavar Sandhai ),Raddish,Raddish,Local,29/08/2026,2400,2800,2600
Tamil Nadu,Thiruvannamalai,Arani(Uzhavar Sandhai ),Raddish,Raddish,Local,29/08/2026,2500,3000,2750
Tamil Nadu,Salem,Vazhapadi(Uzhavar Sandhai),Raddish,Raddish,Local,29/08/2026,3000,3000,3000
Tamil Nadu,Sivaganga,Singampunari(Uzhavar Sandhai ),Raddish,Raddish,Local,29/08/2026,2600,3000,2800
Tamil Nadu,Dharmapuri,Pennagaram(Uzhavar Sandhai ),Raddish,Raddish,Local,29/08/2026,2400,2500,2450
Tamil Nadu,Sivaganga,Karaikudi(Uzhavar Sandhai ),Raddish,Raddish,Local,29/08/2026,2800,3200,3000
Tamil Nadu,Salem,Ammapet(Uzhavar Sandhai ),Raddish,Raddish,Local,29/08/2026,2000,2500,2250
Tamil Nadu,Coimbatore,Vadavalli(Uzhavar Sandhai ),Raddish,Raddish,Local,29/08/2026,2400,2800,2600
Tamil Nadu,Namakkal,Paramathivelur(Uzhavar Sandhai ),Raddish,Raddish,Local,29/08/2026,4000,4500,4250
Tamil Nadu,Theni,Theni(Uzhavar Sandhai ),Raddish,Raddish,Local,29/08/2026,2000,2000,2000
Tamil Nadu,Madurai,Anna nagar(Uzhavar Sandhai ),Raddish,Raddish,Local,29/08/2026,2400,2800,2600
Tamil Nadu,Dharmapuri,AJattihalli(Uzhavar Sandhai ),Raddish,Raddish,Local,29/08/2026,1600,1600,1600
Tamil Nadu,Cuddalore,Vadalur(Uzhavar Sandhai ),Raddish,Raddish,Local,29/08/2026,3000,3000,3000
Tamil Nadu,Sivaganga,Tirupatthur(Uzhavar Sandhai ),Raddish,Raddish,Local,29/08/2026,2800,3000,2900
Tamil Nadu,Krishnagiri,Avallapalli(Uzhavar Sandhai ),Raddish,Raddish,Local,29/08/2026,1500,2000,1750
Tamil Nadu,Nagapattinam,Sirkali(Uzhavar Sandhai ),Raddish,Raddish,Local,29/08/2026,3600,4000,3800
Tamil Nadu,Nagapattinam,Nagapattinam(Uzhavar Sandhai ),Raddish,Raddish,Local,29/08/2026,3700,3700,3700
Tamil Nadu,Thirupur,Kangayam(Uzhavar Sandhai ),Raddish,Raddish,Local,29/08/2026,2500,3000,2750
Tamil Nadu,Karur,Karur(Uzhavar Sandhai ),Raddish,Raddish,Local,29/08/2026,2500,3000,2750
Tamil Nadu,Thiruvannamalai,Chengam(Uzhavar Sandhai ),Raddish,Raddish,Local,29/08/2026,3300,4000,3650
Tamil Nadu,Salem,Mecheri(Uzhavar Sandhai),Raddish,Raddish,Local,29/08/2026,2000,2500,2250
Tamil Nadu,Salem,Edapadi (Uzhavar Sandhai ),Raddish,Raddish,Local,29/08/2026,2200,2600,2400
Tamil Nadu,Pudukkottai,Ponnamaravathi(Uzhavar Sandhai),Raddish,Raddish,Local,29/08/2026,3500,4000,3750
Tamil Nadu,Krishnagiri,Krishnagiri(Uzhavar Sandhai ),Raddish,Raddish,Local,29/08/2026,1000,1200,1100
Tamil Nadu,Salem,Elampillai(Uzhavar Sandhai ),Raddish,Raddish,Local,29/08/2026,2500,2800,2650
Tamil Nadu,Villupuram,Ulundurpettai APMC,Raddish,Raddish,Local,29/08/2026,4000,4000,4000
Tamil Nadu,Pudukkottai,Aranthangi(Uzhavar Sandhai ),Raddish,Raddish,Local,29/08/2026,3500,4000,3750
Tamil Nadu,Kallakuruchi,Kallakurichi(Uzhavar Sandhai ),Raddish,Raddish,Local,29/08/2026,5000,5000,5000
Tamil Nadu,Chengalpattu,Nanganallur(Uzhavar Sandhai ),Raddish,Raddish,Local,29/08/2026,3500,4000,3750
Tamil Nadu,Thiruvellore,Tiruthani(Uzhavar Sandhai ),Raddish,Raddish,Local,29/08/2026,4000,4000,4000
Tamil Nadu,Kancheepuram,Sunguvarchatram(Uzhavar Sandhai ),Raddish,Raddish,Local,29/08/2026,3500,3500,3500
Tamil Nadu,Theni,Devaram(Uzhavar Sandhai ),Raddish,Raddish,Local,29/08/2026,2000,2000,2000
Tamil Nadu,Theni,Periyakulam(Uzhavar Sandhai ),Raddish,Raddish,Local,29/08/2026,2000,2000,2000
Tamil Nadu,Theni,Kambam(Uzhavar Sandhai ),Raddish,Raddish,Local,29/08/2026,2000,2000,2000
Uttar Pradesh,Khiri (Lakhimpur),Maigalganj APMC,Raddish,Raddish,FAQ,29/08/2026,1220,1260,1240
Tamil Nadu,Namakkal,Namakkal(Uzhavar Sandhai ),Thondekai,Thondekai,Local,29/08/2026,3500,4000,3750
Tamil Nadu,Vellore,Thirupathur APMC,Thondekai,Thondekai,Local,29/08/2026,4000,4000,4000
Tamil Nadu,Thiruchirappalli,Thiruverumbur(Uzhavar Sandhai ),Thondekai,Thondekai,Local,29/08/2026,4600,4600,4600
Tamil Nadu,Kallakuruchi,Kallakurichi(Uzhavar Sandhai ),Thondekai,Thondekai,Local,29/08/2026,5000,5000,5000
Tamil Nadu,Coimbatore,Sulur(Uzhavar Sandhai ),Thondekai,Thondekai,Local,29/08/2026,3500,4200,3850
Tamil Nadu,Cuddalore,Vadalur(Uzhavar Sandhai ),Thondekai,Thondekai,Local,29/08/2026,5000,5000,5000
Tamil Nadu,Theni,Bodinayakanur(Uzhavar Sandhai ),Thondekai,Thondekai,Local,29/08/2026,2400,2400,2400
Tamil Nadu,Salem,Thammampatti (Uzhavar Sandhai ),Thondekai,Thondekai,Local,29/08/2026,4500,5000,4750
Tamil Nadu,Coimbatore,Sundarapuram(Uzhavar Sandhai ),Capsicum,Capsicum,Local,29/08/2026,5500,6000,5750
Tamil Nadu,Namakkal,Namakkal(Uzhavar Sandhai ),Capsicum,Capsicum,Local,29/08/2026,5000,6000,5500
Tamil Nadu,Thiruchirappalli,Thuraiyur APMC,Capsicum,Capsicum,Local,29/08/2026,5000,5600,5300
Tamil Nadu,Vellore,Kahithapattarai(Uzhavar Sandhai ),Capsicum,Capsicum,Local,29/08/2026,4600,4600,4600
Tamil Nadu,Salem,Thammampatti (Uzhavar Sandhai ),Capsicum,Capsicum,Local,29/08/2026,7000,7000,7000
Tamil Nadu,Salem,Hasthampatti(Uzhavar Sandhai ),Capsicum,Capsicum,Local,29/08/2026,5500,6000,5750
Tamil Nadu,Kancheepuram,Sunguvarchatram(Uzhavar Sandhai ),Capsicum,Capsicum,Local,29/08/2026,5000,5000,5000
Tamil Nadu,Vellore,Thirupathur APMC,Capsicum,Capsicum,Local,29/08/2026,5000,5000,5000
Tamil Nadu,Tuticorin,Kovilpatti(Uzhavar Sandhai ),Capsicum,Capsicum,Local,29/08/2026,7500,8000,7750
Tamil Nadu,Salem,Thathakapatti(Uzhavar Sandhai ),Capsicum,Capsicum,Local,29/08/2026,5000,6000,5500
Tamil Nadu,Chengalpattu,Pallavaram(Uzhavar Sandhai ),Capsicum,Capsicum,Local,29/08/2026,6000,7000,6500
Tamil Nadu,Thiruchirappalli,Thiruverumbur(Uzhavar Sandhai ),Capsicum,Capsicum,Local,29/08/2026,6000,6000,6000
Tamil Nadu,Thiruchirappalli,Thuraiyur APMC,Green Avare(W),Green Avare (W),Local,29/08/2026,5500,6500,6000
Tamil Nadu,Virudhunagar,Kariyapatti(Uzhavar Sandhai ),Green Avare(W),Green Avare (W),Local,29/08/2026,7500,8000,7750
Tamil Nadu,Thiruvarur,Needamangalam(Uzhavar Sandhai ),Green Avare(W),Green Avare (W),Local,29/08/2026,4800,4800,4800
Tamil Nadu,Thiruvannamalai,Tamarainagar(Uzhavar Sandhai ),Green Avare(W),Green Avare (W),Local,29/08/2026,5000,6000,5500
Tamil Nadu,Thiruvannamalai,Tiruvannamalai(Uzhavar Sandhai ),Green Avare(W),Green Avare (W),Local,29/08/2026,5000,6000,5500
Tamil Nadu,Chengalpattu,Nanganallur(Uzhavar Sandhai ),Green Avare(W),Green Avare (W),Local,29/08/2026,3500,4000,3750
Tamil Nadu,Thiruvellore,Tiruthani(Uzhavar Sandhai ),Green Avare(W),Green Avare (W),Local,29/08/2026,6000,6000,6000
Tamil Nadu,Kancheepuram,Kundrathur(Uzhavar Sandhai ),Green Avare(W),Green Avare (W),Local,29/08/2026,4000,4000,4000
Tamil Nadu,Kancheepuram,Sunguvarchatram(Uzhavar Sandhai ),Green Avare(W),Green Avare (W),Local,29/08/2026,4000,4000,4000
Tamil Nadu,Ariyalur,Ariyalur(Uzhavar Sandhai),Green Avare(W),Green Avare (W),Local,29/08/2026,7000,8000,7500
Tamil Nadu,Nagercoil (Kannyiakumari),Vadaseri APMC,Green Avare(W),Green Avare (W),Local,29/08/2026,4000,4500,4250
Tamil Nadu,Thirunelveli,NGO Colony(Uzhavar Sandhai ),Green Avare(W),Green Avare (W),Local,29/08/2026,5000,6000,5500
Tamil Nadu,Krishnagiri,Hosur(Uzhavar Sandhai ),Green Avare(W),Green Avare (W),Local,29/08/2026,5000,5500,5250
Tamil Nadu,Villupuram,Gingee(Uzhavar Sandhai ),Green Avare(W),Green Avare (W),Local,29/08/2026,5000,5000,5000
Tamil Nadu,Namakkal,Paramathivelur(Uzhavar Sandhai ),Green Avare(W),Green Avare (W),Local,29/08/2026,8000,9000,8500
Tamil Nadu,Vellore,Gudiyatham(Uzhavar Sandhai ),Green Avare(W),Green Avare (W),Local,29/08/2026,4600,4600,4600
Tamil Nadu,Chengalpattu,Madhuranthagam(Uzhavar Sandhai ),Green Avare(W),Green Avare (W),Local,29/08/2026,5000,5000,5000
Tamil Nadu,Coimbatore,Sundarapuram(Uzhavar Sandhai ),Green Avare(W),Green Avare (W),Local,29/08/2026,5000,5500,5250
Tamil Nadu,Thiruvannamalai,Vandavasi(Uzhavar Sandhai ),Green Avare(W),Other,Local,29/08/2026,4000,5000,4500
Tamil Nadu,Thiruchirappalli,Thiruverumbur(Uzhavar Sandhai ),Green Avare(W),Other,Local,29/08/2026,5000,5000,5000
Tamil Nadu,Erode,Sathiyamagalam(Uzhavar Sandhai ),Green Avare(W),Other,Local,29/08/2026,5000,5400,5200
Tamil Nadu,Thiruvannamalai,Cheyyar(Uzhavar Sandhai ),Green Avare(W),Other,Local,29/08/2026,4000,5000,4500
Tamil Nadu,Tuticorin,Kovilpatti(Uzhavar Sandhai ),Green Avare(W),Other,Local,29/08/2026,3500,4000,3750
Tamil Nadu,Chengalpattu,Pallavaram(Uzhavar Sandhai ),Green Avare(W),Other,Local,29/08/2026,4000,5000,4500
Tamil Nadu,Vellore,Kahithapattarai(Uzhavar Sandhai ),Green Avare(W),Other,Local,29/08/2026,3500,3500,3500
Tamil Nadu,Sivaganga,Tirupatthur(Uzhavar Sandhai ),Green Avare(W),Other,Local,29/08/2026,4000,4500,4250
Tamil Nadu,Nagapattinam,Mayiladuthurai(Uzhavar Sandhai ),Chow Chow,Chow Chow,Local,29/08/2026,4000,4000,4000
Tamil Nadu,Sivaganga,Karaikudi(Uzhavar Sandhai ),Chow Chow,Chow Chow,Local,29/08/2026,3000,3500,3250
Tamil Nadu,Namakkal,Rasipuram(Uzhavar Sandhai ),Chow Chow,Chow Chow,Local,29/08/2026,2500,3000,2750
Tamil Nadu,Karur,Gandhigramam(Uzhavar Sandhai),Chow Chow,Chow Chow,Local,29/08/2026,3500,4000,3750
Tamil Nadu,Thanjavur,Pattukottai(Uzhavar Sandhai ),Chow Chow,Chow Chow,Local,29/08/2026,4400,4400,4400
Tamil Nadu,Sivaganga,Devakottai (Uzhavar Sandhai ),Chow Chow,Chow Chow,Local,29/08/2026,3000,3400,3200
Tamil Nadu,Vellore,Kahithapattarai(Uzhavar Sandhai ),Chow Chow,Chow Chow,Local,29/08/2026,4000,4000,4000
Tamil Nadu,Kallakuruchi,Kallakurichi(Uzhavar Sandhai ),Chow Chow,Chow Chow,Local,29/08/2026,5000,5000,5000
Tamil Nadu,Dharmapuri,AJattihalli(Uzhavar Sandhai ),Chow Chow,Chow Chow,Local,29/08/2026,4800,4800,4800
Tamil Nadu,Ranipet,Arcot(Uzhavar Sandhai ),Chow Chow,Chow Chow,Local,29/08/2026,4000,4000,4000
Tamil Nadu,Dharmapuri,Pennagaram(Uzhavar Sandhai ),Chow Chow,Chow Chow,Local,29/08/2026,4600,5000,4800
Tamil Nadu,The Nilgiris,Coonoor(Uzhavar Sandhai ),Chow Chow,Chow Chow,Local,29/08/2026,2500,3000,2750
Tamil Nadu,Thiruchirappalli,Manachanallur(Uzhavar Sandhai ),Chow Chow,Chow Chow,Local,29/08/2026,3500,4000,3750
Tamil Nadu,Thiruchirappalli,Thiruverumbur(Uzhavar Sandhai ),Chow Chow,Chow Chow,Local,29/08/2026,4000,4000,4000
Tamil Nadu,Thiruchirappalli,Musiri(Uzhavar Sandhai ),Chow Chow,Chow Chow,Local,29/08/2026,3500,4000,3750
Tamil Nadu,Vellore,Pallikonda(Uzhavar Sandhai),Chow Chow,Chow Chow,Local,29/08/2026,3500,3500,3500
Tamil Nadu,Dharmapuri,Palacode(Uzhavar Sandhai ),Chow Chow,Chow Chow,Local,29/08/2026,4500,4800,4650
Tamil Nadu,Thiruvellore,Tiruthani(Uzhavar Sandhai ),Chow Chow,Chow Chow,Local,29/08/2026,4000,4000,4000
Tamil Nadu,Thiruvannamalai,Cheyyar(Uzhavar Sandhai ),Chow Chow,Chow Chow,Local,29/08/2026,3000,3600,3300
Tamil Nadu,Virudhunagar,Virudhunagar(Uzhavar Sandhai ),Chow Chow,Chow Chow,Local,29/08/2026,3400,3500,3450
Tamil Nadu,Virudhunagar,Rajapalayam(Uzhavar Sandhai ),Chow Chow,Chow Chow,Local,29/08/2026,3000,3500,3250
Tamil Nadu,Coimbatore,Pollachi(Uzhavar Sandhai ),Drumstick,Drumstick,Local,29/08/2026,3500,4000,3750
Tamil Nadu,Madurai,Anaiyur(Uzhavar Sandhai ),Drumstick,Drumstick,Local,29/08/2026,4000,5000,4500
Tamil Nadu,Madurai,Melur(Uzhavar Sandhai ),Drumstick,Drumstick,Local,29/08/2026,4000,5000,4500
Tamil Nadu,Tuticorin,Kovilpatti(Uzhavar Sandhai ),Drumstick,Drumstick,Local,29/08/2026,3000,3500,3250
Tamil Nadu,Tuticorin,Tuticorin(Uzhavar Sandhai ),Drumstick,Drumstick,Local,29/08/2026,5000,6000,5500
Tamil Nadu,Kallakuruchi,Sankarapuram(Uzhavar Sandhai ),Drumstick,Drumstick,Local,29/08/2026,3000,3000,3000
Tamil Nadu,Pudukkottai,Aranthangi(Uzhavar Sandhai ),Drumstick,Drumstick,Local,29/08/2026,4500,5000,4750
Tamil Nadu,Vellore,Thirupathur APMC,Drumstick,Drumstick,Local,29/08/2026,4000,4000,4000
Tamil Nadu,Chengalpattu,Pallavaram(Uzhavar Sandhai ),Drumstick,Drumstick,Local,29/08/2026,6000,7000,6500
Tamil Nadu,Coimbatore,Kurichi(Uzhavar Sandhai ),Drumstick,Drumstick,Local,29/08/2026,2500,3000,2750
Tamil Nadu,Coimbatore,Singanallur(Uzhavar Sandhai ),Drumstick,Drumstick,Local,29/08/2026,2800,3200,3000
Tamil Nadu,Thiruvannamalai,Chengam(Uzhavar Sandhai ),Drumstick,Drumstick,Local,29/08/2026,3300,4000,3650
Tamil Nadu,Thiruchirappalli,Lalgudi(Uzhavar Sandhai ),Drumstick,Drumstick,Local,29/08/2026,4600,4600,4600
Tamil Nadu,Nagercoil (Kannyiakumari),Myladi(Uzhavar Sandhai ),Drumstick,Drumstick,Local,29/08/2026,2500,3000,2750
Tamil Nadu,Nagercoil (Kannyiakumari),Vadaseri APMC,Drumstick,Drumstick,Local,29/08/2026,4000,4500,4250
Tamil Nadu,Nagapattinam,Vedaranyam(Uzhavar Sandhai),Drumstick,Drumstick,Local,29/08/2026,3600,4500,4050
Tamil Nadu,Cuddalore,Vadalur(Uzhavar Sandhai ),Drumstick,Drumstick,Local,29/08/2026,3000,3000,3000
Tamil Nadu,Sivaganga,Sivagangai (Uzhavar Sandhai ),Drumstick,Drumstick,Local,29/08/2026,3200,5200,4200
Tamil Nadu,Namakkal,Tiruchengode APMC,Drumstick,Drumstick,Local,29/08/2026,1800,2000,1900
Tamil Nadu,Erode,Perundurai(Uzhavar Sandhai ),Drumstick,Drumstick,Local,29/08/2026,2200,2500,2350
Tamil Nadu,Dharmapuri,Pennagaram(Uzhavar Sandhai ),Drumstick,Drumstick,Local,29/08/2026,2800,3000,2900
Tamil Nadu,Sivaganga,Tirupatthur(Uzhavar Sandhai ),Drumstick,Drumstick,Local,29/08/2026,3000,3500,3250
Tamil Nadu,Sivaganga,Karaikudi(Uzhavar Sandhai ),Drumstick,Drumstick,Local,29/08/2026,4400,5400,4900
Tamil Nadu,Coimbatore,Mettupalayam(Uzhavar Sandhai ),Drumstick,Drumstick,Local,29/08/2026,2000,2800,2400
Tamil Nadu,Vellore,Pallikonda(Uzhavar Sandhai),Drumstick,Drumstick,Local,29/08/2026,2500,2500,2500
Tamil Nadu,Virudhunagar,Kariyapatti(Uzhavar Sandhai ),Drumstick,Drumstick,Local,29/08/2026,3500,4000,3750
Tamil Nadu,Nagapattinam,Nagapattinam(Uzhavar Sandhai ),Mango(Raw-Ripe),Mango - Raw-Ripe,Local,29/08/2026,5600,6500,6050
Tamil Nadu,Cuddalore,Panruti(Uzhavar Sandhai ),Mango(Raw-Ripe),Mango - Raw-Ripe,Local,29/08/2026,9000,9000,9000
Tamil Nadu,Nagercoil (Kannyiakumari),Vadaseri APMC,Mango(Raw-Ripe),Mango - Raw-Ripe,Local,29/08/2026,6500,7000,6750
Tamil Nadu,Thiruchirappalli,Thuraiyur APMC,Mango(Raw-Ripe),Mango - Raw-Ripe,Local,29/08/2026,10000,12000,11000
Tamil Nadu,Coimbatore,Singanallur(Uzhavar Sandhai ),Mango(Raw-Ripe),Mango - Raw-Ripe,Local,29/08/2026,6000,6500,6250
Tamil Nadu,Thiruvannamalai,Polur(Uzhavar Sandhai ),Mango(Raw-Ripe),Mango - Raw-Ripe,Local,29/08/2026,4200,5000,4600
Tamil Nadu,Sivaganga,Singampunari(Uzhavar Sandhai ),Mango(Raw-Ripe),Mango - Raw-Ripe,Local,29/08/2026,6000,8000,7000
Tamil Nadu,Cuddalore,Vadalur(Uzhavar Sandhai ),Mango(Raw-Ripe),Mango - Raw-Ripe,Local,29/08/2026,5000,5000,5000
Tamil Nadu,Nagapattinam,Mayiladuthurai(Uzhavar Sandhai ),Mango(Raw-Ripe),Mango - Raw-Ripe,Local,29/08/2026,5500,6000,5750
Tamil Nadu,Cuddalore,Cuddalore(Uzhavar Sandhai ),Mango(Raw-Ripe),Mango - Raw-Ripe,Local,29/08/2026,9000,14000,11500
Tamil Nadu,Chengalpattu,Pallavaram(Uzhavar Sandhai ),Mango(Raw-Ripe),Mango - Raw-Ripe,Local,29/08/2026,5000,6000,5500
Tamil Nadu,Karur,Gandhigramam(Uzhavar Sandhai),Mango(Raw-Ripe),Mango - Raw-Ripe,Local,29/08/2026,8000,9000,8500
Tamil Nadu,Thiruvannamalai,Polur(Uzhavar Sandhai ),Knool Khol,Knool Khol,Local,29/08/2026,3300,4000,3650
Tamil Nadu,Kallakuruchi,Kallakurichi(Uzhavar Sandhai ),Knool Khol,Knool Khol,Local,29/08/2026,7000,7000,7000
Tamil Nadu,Coimbatore,RSPuram(Uzhavar Sandhai ),Knool Khol,Knool Khol,Local,29/08/2026,5000,5500,5250
Tamil Nadu,Salem,Hasthampatti(Uzhavar Sandhai ),Knool Khol,Knool Khol,Local,29/08/2026,3500,4000,3750
Tamil Nadu,Villupuram,Tindivanam APMC,Knool Khol,Knool Khol,Local,29/08/2026,4500,4500,4500
Tamil Nadu,Theni,Theni(Uzhavar Sandhai ),Knool Khol,Knool Khol,Local,29/08/2026,3200,3200,3200
Tamil Nadu,Virudhunagar,Rajapalayam(Uzhavar Sandhai ),Knool Khol,Knool Khol,Local,29/08/2026,5000,6000,5500
Tamil Nadu,Ramanathapuram,Ramanathapuram(Uzhavar Sandhai ),Lime,Lime,Local,29/08/2026,13000,13500,13250
Tamil Nadu,Thanjavur,Pattukottai(Uzhavar Sandhai ),Lime,Lime,Local,29/08/2026,4000,4000,4000
Tamil Nadu,Theni,Theni(Uzhavar Sandhai ),Lime,Lime,Local,29/08/2026,10000,11500,10750
Tamil Nadu,The Nilgiris,Coonoor(Uzhavar Sandhai ),Lime,Lime,Local,29/08/2026,10000,11000,10500
Tamil Nadu,Pudukkottai,Pudukottai(Uzhavar Sandhai ),Lime,Lime,Local,29/08/2026,1500,2000,1750
Tamil Nadu,Virudhunagar,Rajapalayam(Uzhavar Sandhai ),Lime,Lime,Local,29/08/2026,11000,12000,11500
Tamil Nadu,Coimbatore,Mettupalayam(Uzhavar Sandhai ),Lime,Lime,Local,29/08/2026,10000,13000,11500
Tamil Nadu,Krishnagiri,Hosur(Uzhavar Sandhai ),Lime,Lime,Local,29/08/2026,8000,10800,9400
Tamil Nadu,Theni,Chinnamanur(Uzhavar Sandhai ),Lime,Lime,Local,29/08/2026,11000,11500,11250
Tamil Nadu,Thiruvannamalai,Polur(Uzhavar Sandhai ),Jack Fruit(Ripe),Jack Fruit,Local,29/08/2026,1600,2000,1800
Tamil Nadu,Vellore,Thirupathur APMC,Jack Fruit(Ripe),Jack Fruit,Local,29/08/2026,3000,3000,3000
Tamil Nadu,Coimbatore,Mettupalayam(Uzhavar Sandhai ),Jack Fruit(Ripe),Jack Fruit,Local,29/08/2026,3500,4000,3750
Punjab,Ropar (Rupnagar),Morinda APMC,Guava,Guava,Local,29/08/2026,2500,2500,2500
Tamil Nadu,Salem,Ammapet(Uzhavar Sandhai ),Guava,Guava Allahabad,Local,29/08/2026,4500,5000,4750
Tamil Nadu,Vellore,Pallikonda(Uzhavar Sandhai),Guava,Guava Allahabad,Local,29/08/2026,4500,5000,4750
Tamil Nadu,Virudhunagar,Srivilliputhur(Uzhavar Sandhai ),Guava,Guava Allahabad,Local,29/08/2026,4500,5000,4750
Tamil Nadu,Namakkal,Kumarapalayam(Uzhavar Sandhai ),Guava,Guava Allahabad,Local,29/08/2026,5500,6000,5750
Tamil Nadu,Coimbatore,Kurichi(Uzhavar Sandhai ),Guava,Guava Allahabad,Local,29/08/2026,5500,6000,5750
Tamil Nadu,Karur,Pallapatti (Uzhavar Sandhai ),Guava,Guava Allahabad,Local,29/08/2026,5500,6000,5750
Tamil Nadu,Namakkal,Namakkal(Uzhavar Sandhai ),Guava,Guava Allahabad,Local,29/08/2026,5000,6000,5500
Tamil Nadu,The Nilgiris,Udhagamandalam(Uzhavar Sandhai ),Guava,Guava Allahabad,Local,29/08/2026,7000,8000,7500
Tamil Nadu,Madurai,Anaiyur(Uzhavar Sandhai ),Guava,Guava Allahabad,Local,29/08/2026,5000,6000,5500
Tamil Nadu,Virudhunagar,Thalavaipuram(Uzhavar Sandhai ),Guava,Guava Allahabad,Local,29/08/2026,3200,4000,3600
Tamil Nadu,Vellore,Kahithapattarai(Uzhavar Sandhai ),Guava,Guava Allahabad,Local,29/08/2026,4500,4500,4500
Tamil Nadu,Virudhunagar,Rajapalayam(Uzhavar Sandhai ),Guava,Guava Allahabad,Local,29/08/2026,3500,4000,3750
Tamil Nadu,Villupuram,Tindivanam APMC,Guava,Guava Allahabad,Local,29/08/2026,6000,6000,6000
Tamil Nadu,Kallakuruchi,Sankarapuram(Uzhavar Sandhai ),Guava,Guava Allahabad,Local,29/08/2026,6000,6000,6000
Tamil Nadu,Kancheepuram,Padappai(Uzhavar Sandhai ),Guava,Guava Allahabad,Local,29/08/2026,3000,4000,3500
Tamil Nadu,Thiruvannamalai,Tamarainagar(Uzhavar Sandhai ),Guava,Guava Allahabad,Local,29/08/2026,5000,6000,5500
Tamil Nadu,Thiruchirappalli,Thuraiyur APMC,Guava,Guava Allahabad,Local,29/08/2026,5000,6000,5500
Tamil Nadu,Salem,Thammampatti (Uzhavar Sandhai ),Guava,Guava Allahabad,Local,29/08/2026,6000,6000,6000
Tamil Nadu,Salem,Elampillai(Uzhavar Sandhai ),Guava,Guava Allahabad,Local,29/08/2026,3000,4000,3500
Tamil Nadu,Chengalpattu,Nanganallur(Uzhavar Sandhai ),Karbuja(Musk Melon),Karbhuja,Local,29/08/2026,4500,5000,4750
Tamil Nadu,Namakkal,Namakkal(Uzhavar Sandhai ),Karbuja(Musk Melon),Karbhuja,Local,29/08/2026,2500,3000,2750
Tamil Nadu,Madurai,Anna nagar(Uzhavar Sandhai ),Pomegranate,Pomogranate,Local,29/08/2026,20000,22000,21000
Tamil Nadu,Kancheepuram,Kundrathur(Uzhavar Sandhai ),Pomegranate,Pomogranate,Local,29/08/2026,15000,15000,15000
Tamil Nadu,Madurai,Palanganatham(Uzhavar Sandhai ),Pomegranate,Pomogranate,Local,29/08/2026,18000,22000,20000
Tamil Nadu,Vellore,Vellore APMC,Pomegranate,Pomogranate,Local,29/08/2026,15000,15000,15000
Tamil Nadu,Chengalpattu,Nanganallur(Uzhavar Sandhai ),Tender Coconut,Tender Coconut,Local,29/08/2026,5500,6000,5750
Tamil Nadu,Nagercoil (Kannyiakumari),Vadaseri APMC,Tender Coconut,Tender Coconut,Local,29/08/2026,4500,5000,4750
Tamil Nadu,Thiruvannamalai,Arani(Uzhavar Sandhai ),Tender Coconut,Tender Coconut,Local,29/08/2026,1500,2000,1750
Tamil Nadu,Virudhunagar,Srivilliputhur(Uzhavar Sandhai ),Tender Coconut,Tender Coconut,Local,29/08/2026,2000,2500,2250
Tamil Nadu,Villupuram,Gingee(Uzhavar Sandhai ),Tender Coconut,Tender Coconut,Local,29/08/2026,3500,4000,3750
Tamil Nadu,Salem,Thammampatti (Uzhavar Sandhai ),Tender Coconut,Tender Coconut,Local,29/08/2026,3000,4000,3500
Tamil Nadu,Kallakuruchi,Kallakurichi(Uzhavar Sandhai ),Tender Coconut,Tender Coconut,Local,29/08/2026,3000,3000,3000
Tamil Nadu,Chengalpattu,Madhuranthagam(Uzhavar Sandhai ),Tender Coconut,Tender Coconut,Local,29/08/2026,3000,4000,3500
Tamil Nadu,Villupuram,Ulundurpettai APMC,Tender Coconut,Tender Coconut,Local,29/08/2026,3000,3000,3000
Tamil Nadu,Salem,Jalagandapuram(Uzhavar Sandhai ),Tender Coconut,Tender Coconut,Local,29/08/2026,3000,3500,3250
Madhya Pradesh,Morena,Kailaras APMC,Seetapal,Seethaphal,Large,29/08/2026,1200,1200,1200
Tamil Nadu,Ramanathapuram,Ramanathapuram(Uzhavar Sandhai ),Jasmine,Jasmine,Local,29/08/2026,60000,65000,62500
Tamil Nadu,Salem,Thathakapatti(Uzhavar Sandhai ),Jasmine,Jasmine,Local,29/08/2026,45000,50000,47500
Tamil Nadu,Salem,Vazhapadi(Uzhavar Sandhai),Jasmine,Jasmine,Local,29/08/2026,56000,56000,56000
Tamil Nadu,Ramanathapuram,Ramanathapuram(Uzhavar Sandhai ),Kakada,Kakada,Local,29/08/2026,60000,65000,62500
Tamil Nadu,Salem,Vazhapadi(Uzhavar Sandhai),Kakada,Kakada,Local,29/08/2026,25000,25000,25000
Tamil Nadu,Krishnagiri,Hosur(Uzhavar Sandhai ),Tube Flower,Tube Flower,Local,29/08/2026,80000,100000,90000
Tamil Nadu,Ramanathapuram,Paramakudi(Uzhavar Sandhai ),Tube Flower,Tube Flower,Local,29/08/2026,60000,70000,65000
Tamil Nadu,Ramanathapuram,Ramanathapuram(Uzhavar Sandhai ),Tube Flower,Tube Flower,Local,29/08/2026,80000,85000,82500
Tamil Nadu,Ramanathapuram,Paramakudi(Uzhavar Sandhai ),Marigold(Calcutta),Marigold(Calcutta),Local,29/08/2026,8000,9000,8500
Tamil Nadu,Nagapattinam,Sirkali(Uzhavar Sandhai ),Tamarind Fruit,Tamarind Fruit,Local,29/08/2026,15000,15000,15000
Tamil Nadu,Thiruvannamalai,Chengam(Uzhavar Sandhai ),Tamarind Fruit,Tamarind Fruit,Local,29/08/2026,8000,10000,9000
Tamil Nadu,Theni,Theni(Uzhavar Sandhai ),Elephant Yam(Suran)/Amorphophallus,Elephant Yam (Suran),Local,29/08/2026,4000,4000,4000
Tamil Nadu,Madurai,Melur(Uzhavar Sandhai ),Elephant Yam(Suran)/Amorphophallus,Elephant Yam (Suran),Local,29/08/2026,4000,4500,4250
Tamil Nadu,Sivaganga,Karaikudi(Uzhavar Sandhai ),Elephant Yam(Suran)/Amorphophallus,Elephant Yam (Suran),Local,29/08/2026,5000,5500,5250
Tamil Nadu,Theni,Bodinayakanur(Uzhavar Sandhai ),Elephant Yam(Suran)/Amorphophallus,Elephant Yam (Suran),Local,29/08/2026,4000,4000,4000
Tamil Nadu,Dindigul,Chinnalapatti(Uzhavar Sandhai ),Elephant Yam(Suran)/Amorphophallus,Elephant Yam (Suran),Local,29/08/2026,5600,6000,5800
Tamil Nadu,Thiruchirappalli,Musiri(Uzhavar Sandhai ),Elephant Yam(Suran)/Amorphophallus,Elephant Yam (Suran),Local,29/08/2026,3500,4000,3750
Tamil Nadu,Salem,Vazhapadi(Uzhavar Sandhai),Elephant Yam(Suran)/Amorphophallus,Elephant Yam (Suran),Local,29/08/2026,2000,2000,2000
Tamil Nadu,Virudhunagar,Kariyapatti(Uzhavar Sandhai ),Elephant Yam(Suran)/Amorphophallus,Elephant Yam (Suran),Local,29/08/2026,4500,5000,4750
Tamil Nadu,Erode,Gobichettipalayam(Uzhavar Sandhai ),Elephant Yam(Suran)/Amorphophallus,Elephant Yam (Suran),Local,29/08/2026,3400,3600,3500
Tamil Nadu,Virudhunagar,Srivilliputhur(Uzhavar Sandhai ),Elephant Yam(Suran)/Amorphophallus,Elephant Yam (Suran),Local,29/08/2026,4500,5000,4750
Tamil Nadu,Pudukkottai,Pudukottai(Uzhavar Sandhai ),Elephant Yam(Suran)/Amorphophallus,Elephant Yam (Suran),Local,29/08/2026,5000,6000,5500
Tamil Nadu,Salem,Thathakapatti(Uzhavar Sandhai ),Elephant Yam(Suran)/Amorphophallus,Elephant Yam (Suran),Local,29/08/2026,5000,5500,5250
Tamil Nadu,Nagercoil (Kannyiakumari),Myladi(Uzhavar Sandhai ),Elephant Yam(Suran)/Amorphophallus,Elephant Yam (Suran),Local,29/08/2026,4500,5000,4750
Tamil Nadu,Dharmapuri,Palacode(Uzhavar Sandhai ),Elephant Yam(Suran)/Amorphophallus,Elephant Yam (Suran),Local,29/08/2026,5500,6000,5750
Tamil Nadu,Thanjavur,Kumbakonam (Uzhavar Sandhai ),Elephant Yam(Suran)/Amorphophallus,Elephant Yam (Suran),Local,29/08/2026,4800,4800,4800
Tamil Nadu,Sivaganga,Sivagangai (Uzhavar Sandhai ),Yam(Ratalu),Yam (Ratalu),Local,29/08/2026,7400,7600,7500
Tamil Nadu,Coimbatore,Udumalpet APMC,Yam(Ratalu),Yam (Ratalu),Local,29/08/2026,10000,10500,10250
Tamil Nadu,Ramanathapuram,Paramakudi(Uzhavar Sandhai ),Yam(Ratalu),Yam (Ratalu),Local,29/08/2026,6000,7000,6500
Tamil Nadu,Nagapattinam,Sirkali(Uzhavar Sandhai ),Yam(Ratalu),Yam (Ratalu),Local,29/08/2026,5500,6000,5750
Tamil Nadu,Madurai,Thirumangalam(Uzhavar Sandhai ),Yam(Ratalu),Yam (Ratalu),Local,29/08/2026,7000,7500,7250
Tamil Nadu,Villupuram,Gingee(Uzhavar Sandhai ),Yam(Ratalu),Yam (Ratalu),Local,29/08/2026,6000,6000,6000
Tamil Nadu,Dharmapuri,Dharmapuri(Uzhavar Sandhai ),Yam(Ratalu),Yam (Ratalu),Local,29/08/2026,7500,8000,7750
Tamil Nadu,Vellore,Vellore APMC,Yam(Ratalu),Yam (Ratalu),Local,29/08/2026,4000,5500,4750
Tamil Nadu,Karur,Karur(Uzhavar Sandhai ),Yam(Ratalu),Yam (Ratalu),Local,29/08/2026,9000,10000,9500
Tamil Nadu,Vellore,Gudiyatham(Uzhavar Sandhai ),Yam(Ratalu),Yam (Ratalu),Local,29/08/2026,6600,6600,6600
Tamil Nadu,Virudhunagar,Rajapalayam(Uzhavar Sandhai ),Yam(Ratalu),Yam (Ratalu),Local,29/08/2026,9000,10000,9500
Tamil Nadu,Salem,Ammapet(Uzhavar Sandhai ),Indian Beans(Seam),Indian Beans (Seam),Local,29/08/2026,5500,6000,5750
Tamil Nadu,Coimbatore,Udumalpet APMC,Indian Beans(Seam),Indian Beans (Seam),Local,29/08/2026,6500,7500,7000
Tamil Nadu,Madurai,Usilampatti(Uzhavar Sandhai ),Indian Beans(Seam),Indian Beans (Seam),Local,29/08/2026,5500,6000,5750
Tamil Nadu,Theni,Devaram(Uzhavar Sandhai ),Indian Beans(Seam),Indian Beans (Seam),Local,29/08/2026,4500,4500,4500
Tamil Nadu,Krishnagiri,Hosur(Uzhavar Sandhai ),Indian Beans(Seam),Indian Beans (Seam),Local,29/08/2026,3500,4000,3750
Tamil Nadu,Thiruchirappalli,Thiruverumbur(Uzhavar Sandhai ),Indian Beans(Seam),Indian Beans (Seam),Local,29/08/2026,6000,6000,6000
Bihar,Khagaria,Khagaria APMC,Little gourd(Kundru),Little gourd (Kundru),Grade A,29/08/2026,1199.99988,1366.66653,1299.99987
Punjab,Tarntaran,Harike APMC,Round gourd,Round gourd,FAQ,29/08/2026,700,800,750
Tamil Nadu,Cuddalore,Vadalur(Uzhavar Sandhai ),Lemon,Lemon,Local,29/08/2026,9000,10000,9500
Tamil Nadu,Dharmapuri,Pennagaram(Uzhavar Sandhai ),Lemon,Lemon,Local,29/08/2026,17000,18000,17500
Tamil Nadu,Thiruchirappalli,Musiri(Uzhavar Sandhai ),Lemon,Lemon,Local,29/08/2026,12000,14000,13000
Tamil Nadu,Salem,Thammampatti (Uzhavar Sandhai ),Lemon,Lemon,Local,29/08/2026,6000,8000,7000
Tamil Nadu,Vellore,Gudiyatham(Uzhavar Sandhai ),Lemon,Lemon,Local,29/08/2026,9000,9000,9000
Tamil Nadu,Dharmapuri,Palacode(Uzhavar Sandhai ),Lemon,Lemon,Local,29/08/2026,19000,19500,19250
Tamil Nadu,Perambalur,Perambalur(Uzhavar Sandhai ),Lemon,Lemon,Local,29/08/2026,8000,10000,9000
Tamil Nadu,Coimbatore,Mettupalayam(Uzhavar Sandhai ),Lemon,Lemon,Local,29/08/2026,18000,21000,19500
Tamil Nadu,Thiruvannamalai,Cheyyar(Uzhavar Sandhai ),Lemon,Lemon,Local,29/08/2026,10000,12000,11000
Tamil Nadu,Thirupur,Kangayam(Uzhavar Sandhai ),Lemon,Lemon,Local,29/08/2026,14000,15000,14500
Tamil Nadu,Karur,Gandhigramam(Uzhavar Sandhai),Lemon,Lemon,Local,29/08/2026,25000,28000,26500
Tamil Nadu,Theni,Periyakulam(Uzhavar Sandhai ),Lemon,Lemon,Local,29/08/2026,10000,13000,11500
Tamil Nadu,Theni,Kambam(Uzhavar Sandhai ),Lemon,Lemon,Local,29/08/2026,13000,13000,13000
Tamil Nadu,Madurai,Anaiyur(Uzhavar Sandhai ),Lemon,Lemon,Local,29/08/2026,15000,17000,16000
Tamil Nadu,Madurai,Thirumangalam(Uzhavar Sandhai ),Lemon,Lemon,Local,29/08/2026,15000,17000,16000
Tamil Nadu,Pudukkottai,Ponnamaravathi(Uzhavar Sandhai),Lemon,Lemon,Local,29/08/2026,12500,13000,12750
Tamil Nadu,Virudhunagar,Sivakasi(Uzhavar Sandhai ),Lemon,Lemon,Local,29/08/2026,14000,16000,15000
Tamil Nadu,Villupuram,Gingee(Uzhavar Sandhai ),Lemon,Lemon,Local,29/08/2026,10000,10000,10000
Tamil Nadu,Nagapattinam,Sirkali(Uzhavar Sandhai ),Lemon,Lemon,Local,29/08/2026,9000,10000,9500
Tamil Nadu,Thanjavur,Pattukottai(Uzhavar Sandhai ),Lemon,Lemon,Local,29/08/2026,13600,13600,13600
Tamil Nadu,Chengalpattu,Pallavaram(Uzhavar Sandhai ),Lemon,Lemon,Local,29/08/2026,20000,22000,21000
Tamil Nadu,Namakkal,Kumarapalayam(Uzhavar Sandhai ),Lemon,Lemon,Local,29/08/2026,6500,7500,7000
Tamil Nadu,Coimbatore,Sulur(Uzhavar Sandhai ),Lemon,Lemon,Local,29/08/2026,14000,16000,15000
Tamil Nadu,Karur,Vengamedu(Uzhavar Sandhai ),Lemon,Lemon,Local,29/08/2026,27500,28000,27750
Tamil Nadu,Madurai,Melur(Uzhavar Sandhai ),Lemon,Lemon,Local,29/08/2026,15000,17000,16000
Tamil Nadu,Erode,Gobichettipalayam(Uzhavar Sandhai ),Lemon,Lemon,Local,29/08/2026,14500,15000,14750
Tamil Nadu,Salem,Vazhapadi(Uzhavar Sandhai),Lemon,Lemon,Local,29/08/2026,8000,8000,8000
Tamil Nadu,Pudukkottai,Gandarvakottai(Uzhavar Sandhai ),Lemon,Lemon,Local,29/08/2026,10000,12000,11000
Tamil Nadu,Salem,Hasthampatti(Uzhavar Sandhai ),Lemon,Lemon,Local,29/08/2026,3000,7000,5000
Tamil Nadu,Kallakuruchi,Kallakurichi(Uzhavar Sandhai ),Lemon,Lemon,Local,29/08/2026,7000,7000,7000
Tamil Nadu,Dharmapuri,AJattihalli(Uzhavar Sandhai ),Lemon,Lemon,Local,29/08/2026,15000,20000,17500
Andaman and Nicobar,North and Middle Andaman ,Diglipur Vegetable Market (Subhashgram),Lemon,Other,FAQ,29/08/2026,3,7,5
Tamil Nadu,Karur,Karur(Uzhavar Sandhai ),Colacasia,Colacasia,Local,29/08/2026,6500,7000,6750
Tamil Nadu,Thiruvannamalai,Arani(Uzhavar Sandhai ),Colacasia,Colacasia,Local,29/08/2026,3500,4200,3850
Tamil Nadu,Ranipet,Arcot(Uzhavar Sandhai ),Colacasia,Colacasia,Local,29/08/2026,4000,4000,4000
Tamil Nadu,Thiruchirappalli,Musiri(Uzhavar Sandhai ),Colacasia,Colacasia,Local,29/08/2026,4500,5000,4750
Tamil Nadu,Thiruvannamalai,Polur(Uzhavar Sandhai ),Colacasia,Colacasia,Local,29/08/2026,4000,4800,4400
Tamil Nadu,Kallakuruchi,Kallakurichi(Uzhavar Sandhai ),Colacasia,Colacasia,Local,29/08/2026,4000,4000,4000
Punjab,Tarntaran,Patti APMC,Colacasia,Other,Local,29/08/2026,0.28,0.28,0.28
Tamil Nadu,Thiruchirappalli,Musiri(Uzhavar Sandhai ),Mashrooms,Mashrooms,Local,29/08/2026,18000,20000,19000
Tamil Nadu,Krishnagiri,Hosur(Uzhavar Sandhai ),Mashrooms,Mashrooms,Local,29/08/2026,15000,20000,17500
Tamil Nadu,Coimbatore,RSPuram(Uzhavar Sandhai ),Mashrooms,Mashrooms,Local,29/08/2026,20000,25000,22500
Punjab,Amritsar,Rayya APMC,Tinda,Other,FAQ,29/08/2026,1792,1792,1792
Tamil Nadu,Salem,Thammampatti (Uzhavar Sandhai ),Custard Apple(Sharifa),Custard Apple(Sharifa),Local,29/08/2026,4000,4000,4000
Tamil Nadu,Coimbatore,RSPuram(Uzhavar Sandhai ),Custard Apple(Sharifa),Custard Apple(Sharifa),Local,29/08/2026,5000,6000,5500
Tamil Nadu,Karur,Gandhigramam(Uzhavar Sandhai),Amla(Nelli Kai),Amla,Local,29/08/2026,7500,8500,8000
Tamil Nadu,Namakkal,Tiruchengode APMC,Amla(Nelli Kai),Amla,Local,29/08/2026,7200,8000,7600
Tamil Nadu,Karur,Pallapatti (Uzhavar Sandhai ),Amla(Nelli Kai),Amla,Local,29/08/2026,6500,7000,6750
Tamil Nadu,Coimbatore,Sulur(Uzhavar Sandhai ),Amla(Nelli Kai),Amla,Local,29/08/2026,8500,9000,8750
Tamil Nadu,Thiruvannamalai,Tamarainagar(Uzhavar Sandhai ),Amla(Nelli Kai),Amla,Local,29/08/2026,10000,12000,11000
Tamil Nadu,Dharmapuri,Karimangalam(Uzhavar Sandhai),Amla(Nelli Kai),Amla,Local,29/08/2026,7000,8000,7500
Tamil Nadu,Vellore,Thirupathur APMC,Amla(Nelli Kai),Amla,Local,29/08/2026,8000,8000,8000
Tamil Nadu,Nagercoil (Kannyiakumari),Vadaseri APMC,Amla(Nelli Kai),Amla,Local,29/08/2026,6500,7000,6750
Tamil Nadu,Madurai,Palanganatham(Uzhavar Sandhai ),Amla(Nelli Kai),Amla,Local,29/08/2026,7000,8000,7500
Tamil Nadu,Coimbatore,Pollachi(Uzhavar Sandhai ),Amla(Nelli Kai),Amla,Local,29/08/2026,7000,8000,7500
Tamil Nadu,Dharmapuri,AJattihalli(Uzhavar Sandhai ),Onion Green,Onion Green,Local,29/08/2026,6000,6500,6250
Tamil Nadu,Nagapattinam,Nagapattinam(Uzhavar Sandhai ),Onion Green,Onion Green,Local,29/08/2026,7000,8000,7500
Tamil Nadu,Namakkal,Kumarapalayam(Uzhavar Sandhai ),Onion Green,Onion Green,Local,29/08/2026,6500,7500,7000
Tamil Nadu,Kancheepuram,Padappai(Uzhavar Sandhai ),Onion Green,Onion Green,Local,29/08/2026,5500,6500,6000
Tamil Nadu,Karur,Kulithalai(Uzhavar Sandhai ),Onion Green,Onion Green,Local,29/08/2026,7500,8000,7750
Tamil Nadu,Erode,Gobichettipalayam(Uzhavar Sandhai ),Onion Green,Onion Green,Local,29/08/2026,7000,7500,7250
Tamil Nadu,Pudukkottai,Karambakkudi(Uzhavar Sandhai ),Onion Green,Onion Green,Local,29/08/2026,7000,8000,7500
Tamil Nadu,Villupuram,Ulundurpettai APMC,Onion Green,Onion Green,Local,29/08/2026,7000,7000,7000
Tamil Nadu,Salem,Athur(Uzhavar Sandhai ),Onion Green,Onion Green,Local,29/08/2026,5000,6000,5500
Tamil Nadu,Coimbatore,Sulur(Uzhavar Sandhai ),Onion Green,Onion Green,Local,29/08/2026,7000,7500,7250
Tamil Nadu,Coimbatore,Udumalpet APMC,Onion Green,Onion Green,Local,29/08/2026,6500,7500,7000
Tamil Nadu,Theni,Kambam(Uzhavar Sandhai ),Onion Green,Onion Green,Local,29/08/2026,5700,5800,5750
Tamil Nadu,Thirunelveli,NGO Colony(Uzhavar Sandhai ),Onion Green,Onion Green,Local,29/08/2026,7000,8000,7500
Tamil Nadu,Virudhunagar,Rajapalayam(Uzhavar Sandhai ),Onion Green,Onion Green,Local,29/08/2026,6000,7000,6500
Tamil Nadu,Cuddalore,Viruthachalam(Uzhavar Sandhai ),Onion Green,Onion Green,Local,29/08/2026,7000,8000,7500
Tamil Nadu,Coimbatore,Sundarapuram(Uzhavar Sandhai ),Onion Green,Onion Green,Local,29/08/2026,7000,7500,7250
Tamil Nadu,Theni,Chinnamanur(Uzhavar Sandhai ),Onion Green,Onion Green,Local,29/08/2026,6600,7000,6800
Tamil Nadu,Kancheepuram,Kancheepuram(Uzhavar Sandhai ),Onion Green,Onion Green,Local,29/08/2026,6000,7000,6500
Tamil Nadu,Vellore,Kahithapattarai(Uzhavar Sandhai ),Onion Green,Onion Green,Local,29/08/2026,9000,9000,9000
Tamil Nadu,Virudhunagar,Virudhunagar(Uzhavar Sandhai ),Onion Green,Onion Green,Local,29/08/2026,5900,6100,6000
Tamil Nadu,Pudukkottai,Aranthangi(Uzhavar Sandhai ),Onion Green,Onion Green,Local,29/08/2026,7000,8000,7500
Tamil Nadu,Salem,Hasthampatti(Uzhavar Sandhai ),Onion Green,Onion Green,Local,29/08/2026,6000,6200,6100
Tamil Nadu,Thirupur,Dharapuram(Uzhavar Sandhai ),Onion Green,Onion Green,Local,29/08/2026,6500,7000,6750
Tamil Nadu,Coimbatore,Kurichi(Uzhavar Sandhai ),Onion Green,Onion Green,Local,29/08/2026,7000,7500,7250
Tamil Nadu,Dindigul,Palani(Uzhavar Sandhai ),Onion Green,Onion Green,Local,29/08/2026,5000,7000,6000
Tamil Nadu,Madurai,Anaiyur(Uzhavar Sandhai ),Onion Green,Onion Green,Local,29/08/2026,7500,8000,7750
Tamil Nadu,Vellore,Perampet(Uzhavar Sandhai),Onion Green,Onion Green,Local,29/08/2026,9000,9000,9000
Tamil Nadu,Krishnagiri,Avallapalli(Uzhavar Sandhai ),Mint(Pudina),Mint(Pudina),Local,29/08/2026,3500,4000,3750
Tamil Nadu,Salem,Mettur(Uzhavar Sandhai ),Mint(Pudina),Mint(Pudina),Local,29/08/2026,2500,3000,2750
Tamil Nadu,Thiruvarur,Needamangalam(Uzhavar Sandhai ),Mint(Pudina),Mint(Pudina),Local,29/08/2026,6000,6000,6000
Tamil Nadu,Sivaganga,Karaikudi(Uzhavar Sandhai ),Mint(Pudina),Mint(Pudina),Local,29/08/2026,4800,5400,5100
Tamil Nadu,Theni,Devaram(Uzhavar Sandhai ),Mint(Pudina),Mint(Pudina),Local,29/08/2026,5000,5000,5000
Tamil Nadu,Karur,Gandhigramam(Uzhavar Sandhai),Mint(Pudina),Mint(Pudina),Local,29/08/2026,5000,5500,5250
Tamil Nadu,Madurai,Anaiyur(Uzhavar Sandhai ),Mint(Pudina),Mint(Pudina),Local,29/08/2026,4000,4500,4250
Tamil Nadu,Erode,Sathiyamagalam(Uzhavar Sandhai ),Mint(Pudina),Mint(Pudina),Local,29/08/2026,4500,5000,4750
Tamil Nadu,Thiruchirappalli,Thuraiyur APMC,Mint(Pudina),Mint(Pudina),Local,29/08/2026,5000,5600,5300
Tamil Nadu,Pudukkottai,Viralimalai(Uzhavar Sandhai ),Mint(Pudina),Mint(Pudina),Local,29/08/2026,4500,5000,4750
Tamil Nadu,Krishnagiri,Krishnagiri(Uzhavar Sandhai ),Mint(Pudina),Mint(Pudina),Local,29/08/2026,2000,3000,2500
Tamil Nadu,Pudukkottai,Karambakkudi(Uzhavar Sandhai ),Mint(Pudina),Mint(Pudina),Local,29/08/2026,4500,5000,4750
Tamil Nadu,Kallakuruchi,Sankarapuram(Uzhavar Sandhai ),Mint(Pudina),Mint(Pudina),Local,29/08/2026,3000,3000,3000
Tamil Nadu,Cuddalore,Cuddalore(Uzhavar Sandhai ),Mint(Pudina),Mint(Pudina),Local,29/08/2026,5000,5000,5000
Tamil Nadu,Sivaganga,Devakottai (Uzhavar Sandhai ),Mint(Pudina),Mint(Pudina),Local,29/08/2026,5000,5400,5200
Tamil Nadu,Chengalpattu,Pallavaram(Uzhavar Sandhai ),Mint(Pudina),Mint(Pudina),Local,29/08/2026,3500,4000,3750
Tamil Nadu,Erode,Gobichettipalayam(Uzhavar Sandhai ),Mint(Pudina),Mint(Pudina),Local,29/08/2026,3800,4000,3900
Tamil Nadu,Pudukkottai,Gandarvakottai(Uzhavar Sandhai ),Mint(Pudina),Mint(Pudina),Local,29/08/2026,4500,5000,4750
Tamil Nadu,Dharmapuri,AJattihalli(Uzhavar Sandhai ),Mint(Pudina),Mint(Pudina),Local,29/08/2026,4000,5000,4500
Tamil Nadu,Sivaganga,Singampunari(Uzhavar Sandhai ),Mint(Pudina),Mint(Pudina),Local,29/08/2026,4600,5200,4900
Tamil Nadu,Dharmapuri,Pennagaram(Uzhavar Sandhai ),Mint(Pudina),Mint(Pudina),Local,29/08/2026,5500,6000,5750
Tamil Nadu,Thiruvellore,Tiruthani(Uzhavar Sandhai ),Mint(Pudina),Mint(Pudina),Local,29/08/2026,5000,5000,5000
Tamil Nadu,Theni,Theni(Uzhavar Sandhai ),Mint(Pudina),Mint(Pudina),Local,29/08/2026,5000,5000,5000
Tamil Nadu,Thiruchirappalli,Manachanallur(Uzhavar Sandhai ),Mint(Pudina),Mint(Pudina),Local,29/08/2026,5500,6000,5750
Tamil Nadu,Thiruchirappalli,Musiri(Uzhavar Sandhai ),Mint(Pudina),Mint(Pudina),Local,29/08/2026,5000,5600,5300
Tamil Nadu,Vellore,Pallikonda(Uzhavar Sandhai),Mint(Pudina),Mint(Pudina),Local,29/08/2026,3500,3500,3500
Tamil Nadu,Vellore,Gudiyatham(Uzhavar Sandhai ),Mint(Pudina),Mint(Pudina),Local,29/08/2026,4000,4000,4000
Tamil Nadu,Ramanathapuram,Paramakudi(Uzhavar Sandhai ),Mint(Pudina),Mint(Pudina),Local,29/08/2026,5500,6000,5750
Tamil Nadu,Villupuram,Tindivanam APMC,Mint(Pudina),Mint(Pudina),Local,29/08/2026,3000,3000,3000
Tamil Nadu,Chengalpattu,Nanganallur(Uzhavar Sandhai ),Mint(Pudina),Mint(Pudina),Local,29/08/2026,2500,3000,2750
Tamil Nadu,Sivaganga,Sivagangai (Uzhavar Sandhai ),Mint(Pudina),Mint(Pudina),Local,29/08/2026,4800,5200,5000
Tamil Nadu,Coimbatore,Mettupalayam(Uzhavar Sandhai ),Mint(Pudina),Mint(Pudina),Local,29/08/2026,5500,6000,5750
Tamil Nadu,Salem,Thathakapatti(Uzhavar Sandhai ),Rose(Local),Rose (Local),Local,29/08/2026,15000,16000,15500
Tamil Nadu,Krishnagiri,Hosur(Uzhavar Sandhai ),Rose(Local),Rose (Local),Local,29/08/2026,7000,8000,7500
Tamil Nadu,Thiruvannamalai,Polur(Uzhavar Sandhai ),Rose(Local),Rose (Local),Local,29/08/2026,8000,10000,9000
Tamil Nadu,Salem,Ammapet(Uzhavar Sandhai ),Baby Corn,Baby Corn,Grade A,29/08/2026,2500,3000,2750
Tamil Nadu,Namakkal,Namakkal(Uzhavar Sandhai ),Baby Corn,Baby Corn,Grade A,29/08/2026,2400,2600,2500
Tamil Nadu,Namakkal,Kumarapalayam(Uzhavar Sandhai ),Baby Corn,Baby Corn,Grade A,29/08/2026,2500,3000,2750
Tamil Nadu,Karur,Pallapatti (Uzhavar Sandhai ),Baby Corn,Baby Corn,Grade A,29/08/2026,4500,5000,4750
Tamil Nadu,Coimbatore,RSPuram(Uzhavar Sandhai ),Baby Corn,Baby Corn,Grade A,29/08/2026,2200,2600,2400
Tamil Nadu,Erode,Perundurai(Uzhavar Sandhai ),Baby Corn,Baby Corn,Grade A,29/08/2026,2000,2500,2250
Tamil Nadu,Vellore,Gudiyatham(Uzhavar Sandhai ),Sweet Corn ,Sweet Corn ,Local,29/08/2026,2000,2000,2000
Tamil Nadu,Theni,Theni(Uzhavar Sandhai ),Sweet Corn ,Sweet Corn ,Local,29/08/2026,5000,5000,5000
Tamil Nadu,Thiruchirappalli,Musiri(Uzhavar Sandhai ),Sweet Corn ,Sweet Corn ,Local,29/08/2026,3500,4000,3750
Tamil Nadu,Chengalpattu,Pallavaram(Uzhavar Sandhai ),Sweet Corn ,Sweet Corn ,Local,29/08/2026,4000,4500,4250
Andhra Pradesh,Anakapally,Madugula APMC,Cashewnuts,Local,Local,29/08/2026,8000,12000,10000
Andhra Pradesh,Eluru,Polavaram APMC,Paddy(Common),1001,Local,29/08/2026,2445,2445,2445
Andhra Pradesh,East Godavari,Mandapeta APMC,Paddy(Common),1001,FAQ,29/08/2026,2369,2400,2389
Andhra Pradesh,Srikakulam,Srikakulam APMC,Paddy(Common),1001,FAQ,29/08/2026,2400,2400,2400
Andhra Pradesh,West Godavari,Tadepalligudem APMC,Paddy(Common),1001,FAQ,29/08/2026,2445,2445,2445
Andhra Pradesh,Kakinada,Jaggampet APMC,Paddy(Common),Common,FAQ,29/08/2026,2369,2380,2369
Andhra Pradesh,Anakapally,Madugula APMC,Paddy(Common),Paddy,Local,29/08/2026,2200,2400,2300
Tripura,North Tripura,Dasda APMC,Rice,Other,FAQ,29/08/2026,3300,3300,3300
Andhra Pradesh,Prakasam,Santhamaguluru APMC,Maize,Hybrid,FAQ,29/08/2026,2400,2480,2450
Andhra Pradesh,Vijayanagaram,Pusapatirega APMC,Maize,Local,FAQ,29/08/2026,4800,4800,4800
Andhra Pradesh,Ananthapuramu,Tadipatri APMC,Bengal Gram(Gram)(Whole),Average (Whole),Grade Range-1,29/08/2026,5700,5850,5800
Andhra Pradesh,Markapuram,Cumbum APMC,Bengal Gram(Gram)(Whole),Desi (Whole),FAQ,29/08/2026,5700,5900,5800
Tamil Nadu,Cuddalore,Cuddalore(Uzhavar Sandhai ),Groundnut,Big (With Shell),Local,29/08/2026,8000,8000,8000
Tamil Nadu,Madurai,Anaiyur(Uzhavar Sandhai ),Groundnut,Big (With Shell),Local,29/08/2026,7000,8000,7500
Tamil Nadu,Krishnagiri,Hosur(Uzhavar Sandhai ),Groundnut,Big (With Shell),Local,29/08/2026,8000,10000,9000
Tamil Nadu,Dharmapuri,Palacode(Uzhavar Sandhai ),Groundnut,Big (With Shell),Local,29/08/2026,6600,7000,6800
Tamil Nadu,Namakkal,Namakkal(Uzhavar Sandhai ),Groundnut,Big (With Shell),Local,29/08/2026,7000,7500,7250
Tamil Nadu,Dharmapuri,Dharmapuri(Uzhavar Sandhai ),Groundnut,Big (With Shell),Local,29/08/2026,6200,6600,6400
Tamil Nadu,Thiruvannamalai,Tamarainagar(Uzhavar Sandhai ),Groundnut,Big (With Shell),Local,29/08/2026,7500,9000,8250
Tamil Nadu,Thiruvannamalai,Polur(Uzhavar Sandhai ),Groundnut,Big (With Shell),Local,29/08/2026,5000,6000,5500
Tamil Nadu,Salem,Thammampatti (Uzhavar Sandhai ),Groundnut,Big (With Shell),Local,29/08/2026,6500,7000,6750
Tamil Nadu,Kallakuruchi,Sankarapuram(Uzhavar Sandhai ),Groundnut,Big (With Shell),Local,29/08/2026,7000,7000,7000
Tamil Nadu,Salem,Mettur(Uzhavar Sandhai ),Groundnut,Big (With Shell),Local,29/08/2026,5500,6000,5750
Andhra Pradesh,Sri Sathya Sai,Puttaparthi  APMC,Groundnut,F.A.Q,FAQ,29/08/2026,6400,6800,6600
Tamil Nadu,Madurai,Anna nagar(Uzhavar Sandhai ),Soyabean,Local,Local,29/08/2026,10000,11000,10500
Andhra Pradesh,Palnadu,Krosuru APMC,Cotton,Bramha,FAQ,29/08/2026,8000,8600,8300
Andhra Pradesh,Ananthapuramu,Gooti APMC,Cotton,Bramha,Grade Range-1,29/08/2026,6616,9889,9790
Andhra Pradesh,Palnadu,Macharla APMC,Cotton,Bunny,Grade Range-1,29/08/2026,9250,9250,9250
Uttar Pradesh,Mau(Maunathbhanjan),Kopaganj APMC,Apple,Apple,Grade B,29/08/2026,8999,9100,9000
Jammu and Kashmir,Baramulla,Sopore (Nowpora) (F&V),Apple,Other,Grade A,29/08/2026,7000,7000,7000
Tamil Nadu,Tuticorin,Tuticorin(Uzhavar Sandhai ),Orange,Darjeeling,Local,29/08/2026,9000,10000,9500
Tamil Nadu,Virudhunagar,Kariyapatti(Uzhavar Sandhai ),Banana,Besrai,Local,29/08/2026,3500,4000,3750
Tamil Nadu,Nagapattinam,Sirkali(Uzhavar Sandhai ),Banana,Besrai,Local,29/08/2026,4000,5000,4500
Tamil Nadu,Cuddalore,Cuddalore(Uzhavar Sandhai ),Banana,Besrai,Local,29/08/2026,4000,8000,6000
Tamil Nadu,Krishnagiri,Krishnagiri(Uzhavar Sandhai ),Banana,Besrai,Local,29/08/2026,6000,7000,6500
Tamil Nadu,Salem,Thathakapatti(Uzhavar Sandhai ),Banana,Besrai,Local,29/08/2026,4000,8000,6000
Tamil Nadu,Dharmapuri,Pennagaram(Uzhavar Sandhai ),Banana,Besrai,Local,29/08/2026,4600,5000,4800
Tamil Nadu,Thirupur,Kangayam(Uzhavar Sandhai ),Banana,Besrai,Local,29/08/2026,3500,4000,3750
Tamil Nadu,The Nilgiris,Gudalur(Uzhavar Sandhai ),Banana,Besrai,Local,29/08/2026,4000,5000,4500
Tamil Nadu,Dharmapuri,Karimangalam(Uzhavar Sandhai),Banana,Karpura,Local,29/08/2026,6500,7000,6750
Tamil Nadu,Ranipet,Arcot(Uzhavar Sandhai ),Banana,Other,Local,29/08/2026,6000,6000,6000
Tamil Nadu,Thiruvannamalai,Arani(Uzhavar Sandhai ),Banana,Other,Local,29/08/2026,5000,6000,5500
Tamil Nadu,Thiruchirappalli,Lalgudi(Uzhavar Sandhai ),Banana,Poovan,Local,29/08/2026,4000,5000,4500
Tamil Nadu,Erode,Perundurai(Uzhavar Sandhai ),Banana,Red Banana,Local,29/08/2026,5500,6000,5750
Tamil Nadu,Thirupur,Tiruppur (North) (Uzhavar Sandhai ),Banana,Red Banana,Local,29/08/2026,6000,7000,6500
Tamil Nadu,Pudukkottai,Gandarvakottai(Uzhavar Sandhai ),Banana,Red Banana,Local,29/08/2026,6000,7000,6500
Tamil Nadu,Coimbatore,Kurichi(Uzhavar Sandhai ),Banana,Red Banana,Local,29/08/2026,8000,8500,8250
Tamil Nadu,Namakkal,Tiruchengode APMC,Banana,Red Banana,Local,29/08/2026,7000,8000,7500
Tamil Nadu,Krishnagiri,Hosur(Uzhavar Sandhai ),Banana,Red Banana,Local,29/08/2026,8000,9000,8500
Tamil Nadu,Salem,Attayampatti(Uzhavar Sandhai ),Banana,Red Banana,Local,29/08/2026,7500,8000,7750
Tamil Nadu,Namakkal,Namakkal(Uzhavar Sandhai ),Mango,Neelam,Local,29/08/2026,7000,8500,7750
Tamil Nadu,Madurai,Melur(Uzhavar Sandhai ),Mango,Safeda,Local,29/08/2026,7500,8000,7750
Tamil Nadu,Madurai,Anaiyur(Uzhavar Sandhai ),Pineapple,Pine Apple,Local,29/08/2026,6000,7000,6500
Tamil Nadu,Namakkal,Namakkal(Uzhavar Sandhai ),Pineapple,Pine Apple,Local,29/08/2026,3000,4000,3500
Tamil Nadu,The Nilgiris,Udhagamandalam(Uzhavar Sandhai ),Pineapple,Pine Apple,Local,29/08/2026,8000,9000,8500
Tamil Nadu,Nagercoil (Kannyiakumari),Myladi(Uzhavar Sandhai ),Pineapple,Pine Apple,Local,29/08/2026,5500,6000,5750
Tamil Nadu,Coimbatore,Vadavalli(Uzhavar Sandhai ),Grapes,Annabesahai,Local,29/08/2026,9000,10000,9500
Tamil Nadu,Perambalur,Perambalur(Uzhavar Sandhai ),Grapes,Annabesahai,Local,29/08/2026,10000,12000,11000
Tamil Nadu,Madurai,Anaiyur(Uzhavar Sandhai ),Grapes,Annabesahai,Local,29/08/2026,11000,12000,11500
Tamil Nadu,Salem,Hasthampatti(Uzhavar Sandhai ),Grapes,Annabesahai,Local,29/08/2026,8000,10000,9000
Tamil Nadu,Nagapattinam,Vedaranyam(Uzhavar Sandhai),Onion,Bellary,Local,29/08/2026,3500,4000,3750
Tamil Nadu,Salem,Athur(Uzhavar Sandhai ),Onion,Bellary,Local,29/08/2026,5500,6000,5750
Tamil Nadu,Sivaganga,Tirupatthur(Uzhavar Sandhai ),Onion,Bellary,Local,29/08/2026,5500,6000,5750
Tamil Nadu,Coimbatore,Udumalpet APMC,Onion,Bellary,Local,29/08/2026,6000,6500,6250
Tamil Nadu,Madurai,Thirumangalam(Uzhavar Sandhai ),Onion,Bellary,Local,29/08/2026,6000,6500,6250
Tamil Nadu,Thiruchirappalli,Thuraiyur APMC,Onion,Bellary,Local,29/08/2026,5000,6500,5750
Tamil Nadu,Virudhunagar,Rajapalayam(Uzhavar Sandhai ),Onion,Bellary,Local,29/08/2026,5000,6000,5500
Tamil Nadu,Dharmapuri,Palacode(Uzhavar Sandhai ),Onion,Bellary,Local,29/08/2026,5500,5800,5650
Tamil Nadu,Salem,Thathakapatti(Uzhavar Sandhai ),Onion,Bellary,Local,29/08/2026,5000,6000,5500
Tamil Nadu,Cuddalore,Viruthachalam(Uzhavar Sandhai ),Onion,Bellary,Local,29/08/2026,5000,5000,5000
Tamil Nadu,The Nilgiris,Gudalur(Uzhavar Sandhai ),Onion,Bellary,Local,29/08/2026,5800,6000,5900
Tamil Nadu,Ariyalur,Ariyalur(Uzhavar Sandhai),Onion,Bellary,Local,29/08/2026,4000,4500,4250
Tamil Nadu,Vellore,Pallikonda(Uzhavar Sandhai),Onion,Bellary,Local,29/08/2026,5000,5500,5250
Tamil Nadu,Salem,Jalagandapuram(Uzhavar Sandhai ),Onion,Bellary,Local,29/08/2026,5500,6000,5750
Tamil Nadu,Salem,Hasthampatti(Uzhavar Sandhai ),Onion,Bellary,Local,29/08/2026,5500,6000,5750
Tamil Nadu,Thirupur,Kangayam(Uzhavar Sandhai ),Onion,Bellary,Local,29/08/2026,4000,4200,4100
Tamil Nadu,Kancheepuram,Sunguvarchatram(Uzhavar Sandhai ),Onion,Bellary,Local,29/08/2026,3500,4000,3750
Tamil Nadu,Thiruvannamalai,Vandavasi(Uzhavar Sandhai ),Onion,Bellary,Local,29/08/2026,3500,4000,3750
Tamil Nadu,Ariyalur,Jeyankondam (Uzhavar Sandhai ),Onion,Bellary,Local,29/08/2026,4800,5400,5100
Tamil Nadu,Madurai,Anaiyur(Uzhavar Sandhai ),Onion,Bellary,Local,29/08/2026,5000,6000,5500
Tamil Nadu,Erode,Sathiyamagalam(Uzhavar Sandhai ),Onion,Bellary,Local,29/08/2026,5400,5800,5600
Tamil Nadu,Sivaganga,Devakottai (Uzhavar Sandhai ),Onion,Bellary,Local,29/08/2026,5500,5800,5650
Tamil Nadu,Coimbatore,Vadavalli(Uzhavar Sandhai ),Onion,Bellary,Local,29/08/2026,4800,5300,5050
Tamil Nadu,Thirupur,Tiruppur (North) (Uzhavar Sandhai ),Onion,Bellary,Local,29/08/2026,5000,5500,5250
Tamil Nadu,Karur,Kulithalai(Uzhavar Sandhai ),Onion,Bellary,Local,29/08/2026,6000,6400,6200
Tamil Nadu,Nagercoil (Kannyiakumari),Vadaseri APMC,Onion,Bellary,Local,29/08/2026,6000,6500,6250
Tamil Nadu,Krishnagiri,Denkanikottai(Uzhavar Sandhai ),Potato,Red Nanital,Local,29/08/2026,2000,2500,2250
Tamil Nadu,Kallakuruchi,Sankarapuram(Uzhavar Sandhai ),Potato,Red Nanital,Local,29/08/2026,3500,3500,3500
Tamil Nadu,Nagercoil (Kannyiakumari),Myladi(Uzhavar Sandhai ),Potato,Red Nanital,Local,29/08/2026,2500,3000,2750
Tamil Nadu,Nagercoil (Kannyiakumari),Vadaseri APMC,Potato,Red Nanital,Local,29/08/2026,3000,3500,3250
Tamil Nadu,Salem,Vazhapadi(Uzhavar Sandhai),Potato,Red Nanital,Local,29/08/2026,3000,3000,3000
Tamil Nadu,Thanjavur,Pattukottai(Uzhavar Sandhai ),Potato,Red Nanital,Local,29/08/2026,3000,3000,3000
Tamil Nadu,Namakkal,Paramathivelur(Uzhavar Sandhai ),Potato,Red Nanital,Local,29/08/2026,3000,3500,3250
Tamil Nadu,Dindigul,Chinnalapatti(Uzhavar Sandhai ),Potato,Red Nanital,Local,29/08/2026,4000,6000,5000
Tamil Nadu,Thirunelveli,NGO Colony(Uzhavar Sandhai ),Potato,Red Nanital,Local,29/08/2026,2000,2600,2300
Tamil Nadu,Vellore,Gudiyatham(Uzhavar Sandhai ),Potato,Red Nanital,Local,29/08/2026,3000,3800,3400
Tamil Nadu,Cuddalore,Viruthachalam(Uzhavar Sandhai ),Potato,Red Nanital,Local,29/08/2026,4000,4000,4000
Tamil Nadu,Coimbatore,Pollachi(Uzhavar Sandhai ),Potato,Red Nanital,Local,29/08/2026,4000,4500,4250
Tamil Nadu,Ariyalur,Ariyalur(Uzhavar Sandhai),Potato,Red Nanital,Local,29/08/2026,4000,4500,4250
Tamil Nadu,Virudhunagar,Kariyapatti(Uzhavar Sandhai ),Potato,Red Nanital,Local,29/08/2026,3000,3500,3250
Tripura,North Tripura,Dasda APMC,Potato,Other,FAQ,29/08/2026,1400,1400,1400
Tamil Nadu,Pudukkottai,Alangudi(Uzhavar Sandhai ),Potato,Other,Local,29/08/2026,6000,7000,6500
Tamil Nadu,Namakkal,Namakkal(Uzhavar Sandhai ),Potato,Other,Local,29/08/2026,2500,3000,2750
Tamil Nadu,Salem,Edapadi (Uzhavar Sandhai ),Potato,Other,Local,29/08/2026,5800,6000,5900
Tamil Nadu,Salem,Hasthampatti(Uzhavar Sandhai ),Potato,Other,Local,29/08/2026,4500,5000,4750
Tamil Nadu,Namakkal,Mohanur(Uzhavar Sandhai ),Potato,Other,Local,29/08/2026,3000,3500,3250
Tamil Nadu,Thiruchirappalli,Thuraiyur APMC,Potato,Other,Local,29/08/2026,2500,3000,2750
Tamil Nadu,Coimbatore,Sulur(Uzhavar Sandhai ),Potato,Other,Local,29/08/2026,7500,8000,7750
Tamil Nadu,Thiruchirappalli,Thiruverumbur(Uzhavar Sandhai ),Potato,Other,Local,29/08/2026,3000,3000,3000
Punjab,Tarntaran,Tarantaran APMC,Potato,Other,Local,29/08/2026,850,850,850
Tamil Nadu,Nagercoil (Kannyiakumari),Myladi(Uzhavar Sandhai ),Garlic,Garlic,Local,29/08/2026,14000,15000,14500
Tamil Nadu,Vellore,Kahithapattarai(Uzhavar Sandhai ),Garlic,Garlic,Local,29/08/2026,21000,21000,21000
Tamil Nadu,Kallakuruchi,Kallakurichi(Uzhavar Sandhai ),Garlic,Garlic,Local,29/08/2026,26000,26000,26000
Tamil Nadu,Vellore,Thirupathur APMC,Garlic,Garlic,Local,29/08/2026,26000,26000,26000
Tamil Nadu,Dharmapuri,Palacode(Uzhavar Sandhai ),Garlic,Garlic,Local,29/08/2026,19500,20000,19750
Tamil Nadu,Thanjavur,Kumbakonam (Uzhavar Sandhai ),Garlic,Garlic,Local,29/08/2026,20000,20000,20000
Tamil Nadu,Namakkal,Tiruchengode APMC,Garlic,Garlic,Local,29/08/2026,25000,27000,26000
Tamil Nadu,Thiruvannamalai,Chengam(Uzhavar Sandhai ),Garlic,Garlic,Local,29/08/2026,20000,24000,22000
Tamil Nadu,Nagercoil (Kannyiakumari),Vadaseri APMC,Garlic,Garlic,Local,29/08/2026,20000,22000,21000
Tamil Nadu,Salem,Thammampatti (Uzhavar Sandhai ),Garlic,Garlic,Local,29/08/2026,24000,28000,26000
Tamil Nadu,Coimbatore,Mettupalayam(Uzhavar Sandhai ),Garlic,Garlic,Local,29/08/2026,15000,18000,16500
Tamil Nadu,Thiruchirappalli,Manachanallur(Uzhavar Sandhai ),Garlic,Garlic,Local,29/08/2026,16000,18000,17000
Tamil Nadu,Thiruchirappalli,Thiruverumbur(Uzhavar Sandhai ),Garlic,Garlic,Local,29/08/2026,16000,16000,16000
Tamil Nadu,Nagapattinam,Nagapattinam(Uzhavar Sandhai ),Garlic,Garlic,Local,29/08/2026,17100,20000,18550
Tamil Nadu,Dindigul,Palani(Uzhavar Sandhai ),Garlic,Garlic,Local,29/08/2026,16000,23000,19500
Tamil Nadu,Vellore,Perampet(Uzhavar Sandhai),Garlic,Garlic,Local,29/08/2026,22000,22000,22000
Tamil Nadu,Krishnagiri,Avallapalli(Uzhavar Sandhai ),Garlic,Garlic,Local,29/08/2026,22000,24000,23000
Tamil Nadu,Salem,Thathakapatti(Uzhavar Sandhai ),Garlic,Garlic,Local,29/08/2026,25000,28000,26500
Tamil Nadu,Chengalpattu,Madhuranthagam(Uzhavar Sandhai ),Garlic,Garlic,Local,29/08/2026,16000,16000,16000
Tamil Nadu,Chengalpattu,Pallavaram(Uzhavar Sandhai ),Garlic,Garlic,Local,29/08/2026,22000,30000,26000
Tamil Nadu,Namakkal,Namakkal(Uzhavar Sandhai ),Garlic,Garlic,Local,29/08/2026,25000,27000,26000
Andhra Pradesh,Prakasam,Maddipadu APMC,Bajra(Pearl Millet/Cumbu),Bold,FAQ,29/08/2026,2700,2700,2700
Uttar Pradesh,Bulandshahar,Gulavati APMC,Cauliflower,Cauliflower,FAQ,29/08/2026,2000,2200,2100
Punjab,Mohali,Lalru APMC,Cauliflower,Other,Local,29/08/2026,3000,3000,3000
Punjab,Tarntaran,Tarantaran APMC,Cauliflower,Other,Local,29/08/2026,2600,2600,2600
Tamil Nadu,Salem,Thathakapatti(Uzhavar Sandhai ),Cauliflower,Ranchi,Local,29/08/2026,2000,2500,2250
Tamil Nadu,Chengalpattu,Pallavaram(Uzhavar Sandhai ),Cauliflower,Ranchi,Local,29/08/2026,2500,3000,2750
Tamil Nadu,Namakkal,Paramathivelur(Uzhavar Sandhai ),Cauliflower,Ranchi,Local,29/08/2026,3000,4000,3500
Tamil Nadu,Coimbatore,Sulur(Uzhavar Sandhai ),Cauliflower,Ranchi,Local,29/08/2026,4500,5000,4750
Tamil Nadu,Virudhunagar,Thalavaipuram(Uzhavar Sandhai ),Cauliflower,Ranchi,Local,29/08/2026,2500,3000,2750
Tamil Nadu,Virudhunagar,Rajapalayam(Uzhavar Sandhai ),Cauliflower,Ranchi,Local,29/08/2026,2500,3000,2750
Tamil Nadu,Coimbatore,RSPuram(Uzhavar Sandhai ),Cauliflower,Ranchi,Local,29/08/2026,4500,4800,4650
Tamil Nadu,Madurai,Anaiyur(Uzhavar Sandhai ),Cauliflower,Ranchi,Local,29/08/2026,3500,4000,3750
Tamil Nadu,Salem,Hasthampatti(Uzhavar Sandhai ),Cauliflower,Ranchi,Local,29/08/2026,2500,3000,2750
Tamil Nadu,Thiruvellore,Tiruthani(Uzhavar Sandhai ),Cauliflower,Ranchi,Local,29/08/2026,4000,4000,4000
Tamil Nadu,Namakkal,Namakkal(Uzhavar Sandhai ),Cauliflower,Ranchi,Local,29/08/2026,2500,4000,3250
Tamil Nadu,Thiruchirappalli,Thuraiyur APMC,Cauliflower,Ranchi,Local,29/08/2026,4000,5000,4500
Tamil Nadu,Vellore,Thirupathur APMC,Cauliflower,Ranchi,Local,29/08/2026,3000,3000,3000
Tamil Nadu,Theni,Theni(Uzhavar Sandhai ),Cauliflower,Ranchi,Local,29/08/2026,3000,4000,3500
Tamil Nadu,The Nilgiris,Udhagamandalam(Uzhavar Sandhai ),Cauliflower,Ranchi,Local,29/08/2026,4000,4500,4250
Tamil Nadu,Salem,Mettur(Uzhavar Sandhai ),Cauliflower,Ranchi,Local,29/08/2026,2500,3000,2750
Gujarat,Amreli,Damnagar APMC,Brinjal,Other,Local,29/08/2026,3000,3000,3000
Tamil Nadu,Erode,Perundurai(Uzhavar Sandhai ),Brinjal,Other,Local,29/08/2026,4000,4400,4200
Tamil Nadu,Thiruchirappalli,Musiri(Uzhavar Sandhai ),Brinjal,Other,Local,29/08/2026,3000,3600,3300
Tamil Nadu,Pudukkottai,Karambakkudi(Uzhavar Sandhai ),Brinjal,Other,Local,29/08/2026,5000,6000,5500
Tamil Nadu,Kallakuruchi,Kallakurichi(Uzhavar Sandhai ),Brinjal,Other,Local,29/08/2026,6000,6000,6000
Tamil Nadu,Salem,Athur(Uzhavar Sandhai ),Brinjal,Other,Local,29/08/2026,2200,2500,2350
Tamil Nadu,Coimbatore,Sulur(Uzhavar Sandhai ),Brinjal,Other,Local,29/08/2026,4000,4500,4250
Tamil Nadu,Thirupur,Tiruppur (North) (Uzhavar Sandhai ),Brinjal,Other,Local,29/08/2026,2500,3000,2750
Tamil Nadu,Vellore,Perampet(Uzhavar Sandhai),Brinjal,Other,Local,29/08/2026,3000,3000,3000
Tamil Nadu,Coimbatore,Udumalpet APMC,Brinjal,Other,Local,29/08/2026,4000,4500,4250
Tamil Nadu,Ranipet,Arcot(Uzhavar Sandhai ),Brinjal,Other,Local,29/08/2026,5000,5000,5000
Tamil Nadu,Sivaganga,Singampunari(Uzhavar Sandhai ),Brinjal,Other,Local,29/08/2026,3800,4200,4000
Tamil Nadu,Perambalur,Perambalur(Uzhavar Sandhai ),Brinjal,Other,Local,29/08/2026,4400,4800,4600
Tamil Nadu,Namakkal,Tiruchengode APMC,Brinjal,Other,Local,29/08/2026,5400,6000,5700
Punjab,Tarntaran,Patti APMC,Brinjal,Other,Local,29/08/2026,0.2,0.2,0.2
Tamil Nadu,Madurai,Chokkikulam(Uzhavar Sandhai ),Brinjal,Round,Local,29/08/2026,3600,5000,4300
Tamil Nadu,Tuticorin,Tuticorin(Uzhavar Sandhai ),Brinjal,Round,Local,29/08/2026,3000,3500,3250
Tamil Nadu,Thiruvannamalai,Keelpennathur(Uzhavar Sandhai ),Brinjal,Round,Local,29/08/2026,3500,4000,3750
Tamil Nadu,Chengalpattu,Pallavaram(Uzhavar Sandhai ),Brinjal,Round,Local,29/08/2026,3500,4000,3750
Tamil Nadu,Coimbatore,Singanallur(Uzhavar Sandhai ),Brinjal,Round,Local,29/08/2026,4000,5000,4500
Tamil Nadu,Nagercoil (Kannyiakumari),Myladi(Uzhavar Sandhai ),Brinjal,Round,Local,29/08/2026,6500,7000,6750
Tamil Nadu,Dharmapuri,Dharmapuri(Uzhavar Sandhai ),Brinjal,Round,Local,29/08/2026,1800,2000,1900
Tamil Nadu,Theni,Kambam(Uzhavar Sandhai ),Brinjal,Round,Local,29/08/2026,3000,3500,3250
Tamil Nadu,Madurai,Thirumangalam(Uzhavar Sandhai ),Brinjal,Round,Local,29/08/2026,3600,4000,3800
Tamil Nadu,Thiruvannamalai,Arani(Uzhavar Sandhai ),Brinjal,Round,Local,29/08/2026,3500,4200,3850
Tamil Nadu,Thirunelveli,NGO Colony(Uzhavar Sandhai ),Brinjal,Round,Local,29/08/2026,4500,5000,4750
Tamil Nadu,Krishnagiri,Hosur(Uzhavar Sandhai ),Brinjal,Round,Local,29/08/2026,2500,3000,2750
Tamil Nadu,Ramanathapuram,Kamuthi(Uzhavar Sandhai ),Brinjal,Round,Local,29/08/2026,5500,6000,5750
Tamil Nadu,Coimbatore,Mettupalayam(Uzhavar Sandhai ),Brinjal,Round,Local,29/08/2026,2500,3000,2750
Tamil Nadu,The Nilgiris,Gudalur(Uzhavar Sandhai ),Brinjal,Round,Local,29/08/2026,3500,3800,3650
Tamil Nadu,Virudhunagar,Kariyapatti(Uzhavar Sandhai ),Brinjal,Round,Local,29/08/2026,3500,4000,3750
Tamil Nadu,Thiruvellore,Naravarikuppam(Uzhavar Sandhai ),Brinjal,Round,Local,29/08/2026,4000,4000,4000
Tripura,Dhalai,Kulai APMC,Brinjal,Round/Long,Grade B,29/08/2026,5600,6000,5800
Andaman and Nicobar,North and Middle Andaman ,Diglipur Vegetable Market (Subhashgram),Turmeric,Other,FAQ,29/08/2026,20000,30000,25000
Tamil Nadu,Villupuram,Tindivanam APMC,Coriander(Leaves),I Sort,Local,29/08/2026,4000,4000,4000
Tamil Nadu,Nagapattinam,Mayiladuthurai(Uzhavar Sandhai ),Coriander(Leaves),I Sort,Local,29/08/2026,3500,4000,3750
Tamil Nadu,The Nilgiris,Coonoor(Uzhavar Sandhai ),Coriander(Leaves),I Sort,Local,29/08/2026,5500,6000,5750
Tamil Nadu,Thiruchirappalli,Lalgudi(Uzhavar Sandhai ),Coriander(Leaves),I Sort,Local,29/08/2026,3000,3000,3000
Tamil Nadu,Erode,Perundurai(Uzhavar Sandhai ),Coriander(Leaves),I Sort,Local,29/08/2026,4000,4500,4250
Tamil Nadu,Tuticorin,Tuticorin(Uzhavar Sandhai ),Coriander(Leaves),I Sort,Local,29/08/2026,5000,6000,5500
Tamil Nadu,Thirupur,Kangayam(Uzhavar Sandhai ),Coriander(Leaves),I Sort,Local,29/08/2026,4000,4500,4250
Tamil Nadu,Theni,Chinnamanur(Uzhavar Sandhai ),Coriander(Leaves),I Sort,Local,29/08/2026,3000,3000,3000
Tamil Nadu,Namakkal,Tiruchengode APMC,Coriander(Leaves),I Sort,Local,29/08/2026,7000,8000,7500
Tamil Nadu,Madurai,Anaiyur(Uzhavar Sandhai ),Coriander(Leaves),I Sort,Local,29/08/2026,4000,4500,4250
Tamil Nadu,Krishnagiri,Krishnagiri(Uzhavar Sandhai ),Coriander(Leaves),I Sort,Local,29/08/2026,1500,2000,1750
Tamil Nadu,Pudukkottai,Karambakkudi(Uzhavar Sandhai ),Coriander(Leaves),I Sort,Local,29/08/2026,4500,5000,4750
Tamil Nadu,Virudhunagar,Sivakasi(Uzhavar Sandhai ),Coriander(Leaves),I Sort,Local,29/08/2026,4000,5000,4500
Tamil Nadu,Salem,Thathakapatti(Uzhavar Sandhai ),Coriander(Leaves),I Sort,Local,29/08/2026,3000,3500,3250
Tamil Nadu,Chengalpattu,Pallavaram(Uzhavar Sandhai ),Coriander(Leaves),I Sort,Local,29/08/2026,5000,6000,5500
Tamil Nadu,Namakkal,Kumarapalayam(Uzhavar Sandhai ),Coriander(Leaves),I Sort,Local,29/08/2026,7500,8500,8000
Tamil Nadu,Dindigul,Chinnalapatti(Uzhavar Sandhai ),Coriander(Leaves),I Sort,Local,29/08/2026,2500,3000,2750
Tamil Nadu,Thiruvannamalai,Tamarainagar(Uzhavar Sandhai ),Coriander(Leaves),I Sort,Local,29/08/2026,4000,5000,4500
Tamil Nadu,The Nilgiris,Udhagamandalam(Uzhavar Sandhai ),Coriander(Leaves),I Sort,Local,29/08/2026,6500,7000,6750
Tamil Nadu,Coimbatore,Kurichi(Uzhavar Sandhai ),Coriander(Leaves),I Sort,Local,29/08/2026,3500,4000,3750
Andhra Pradesh,Ananthapuramu,Tadipatri APMC,Red gram/Arhar/Tur(whole),Local,Grade Range-1,29/08/2026,5800,5900,5850
Tamil Nadu,Namakkal,Namakkal(Uzhavar Sandhai ),Green Peas,Green Peas,Local,29/08/2026,16000,18000,17000
Tamil Nadu,Theni,Theni(Uzhavar Sandhai ),Green Peas,Green Peas,Local,29/08/2026,14000,15500,14750
Tamil Nadu,Coimbatore,RSPuram(Uzhavar Sandhai ),Green Peas,Green Peas,Local,29/08/2026,22500,23500,23000
Tamil Nadu,The Nilgiris,Udhagamandalam(Uzhavar Sandhai ),Green Peas,Green Peas,Local,29/08/2026,10000,13000,11500
Tamil Nadu,Krishnagiri,Avallapalli(Uzhavar Sandhai ),Green Peas,Green Peas,Local,29/08/2026,13000,14000,13500
Tamil Nadu,Coimbatore,Mettupalayam(Uzhavar Sandhai ),Green Peas,Green Peas,Local,29/08/2026,14000,15000,14500
Tamil Nadu,Madurai,Anna nagar(Uzhavar Sandhai ),Green Peas,Green Peas,Local,29/08/2026,13000,14000,13500
Tamil Nadu,Sivaganga,Tirupatthur(Uzhavar Sandhai ),Chikoos(Sapota),Sapota,Local,29/08/2026,4400,6500,5450
Tamil Nadu,Salem,Thathakapatti(Uzhavar Sandhai ),Chikoos(Sapota),Sapota,Local,29/08/2026,3500,4000,3750
Tamil Nadu,Sivaganga,Sivagangai (Uzhavar Sandhai ),Chikoos(Sapota),Sapota,Local,29/08/2026,4200,6200,5200
Tamil Nadu,Vellore,Thirupathur APMC,Chikoos(Sapota),Sapota,Local,29/08/2026,4000,4000,4000
Tamil Nadu,Madurai,Thirumangalam(Uzhavar Sandhai ),Chikoos(Sapota),Sapota,Local,29/08/2026,4000,6000,5000
Tamil Nadu,Salem,Thammampatti (Uzhavar Sandhai ),Chikoos(Sapota),Sapota,Local,29/08/2026,4000,4000,4000
Tamil Nadu,Salem,Ammapet(Uzhavar Sandhai ),Chikoos(Sapota),Sapota,Local,29/08/2026,3500,4000,3750
Tamil Nadu,Erode,Gobichettipalayam(Uzhavar Sandhai ),Chikoos(Sapota),Sapota,Local,29/08/2026,3500,4000,3750
Tamil Nadu,Madurai,Anna nagar(Uzhavar Sandhai ),Chikoos(Sapota),Sapota,Local,29/08/2026,4000,6000,5000
Tamil Nadu,Virudhunagar,Srivilliputhur(Uzhavar Sandhai ),Chikoos(Sapota),Sapota,Local,29/08/2026,3500,4000,3750
Himachal Pradesh,Kangra,SMY Baijnath,Papaya,Other,Grade B,29/08/2026,4500,5000,4800
Tamil Nadu,Coimbatore,Mettupalayam(Uzhavar Sandhai ),Papaya,Papaya,Local,29/08/2026,3500,4000,3750
Tamil Nadu,Karur,Pallapatti (Uzhavar Sandhai ),Papaya,Papaya,Local,29/08/2026,3000,3500,3250
Tamil Nadu,Theni,Theni(Uzhavar Sandhai ),Papaya,Papaya,Local,29/08/2026,3000,3500,3250
Tamil Nadu,Coimbatore,RSPuram(Uzhavar Sandhai ),Papaya,Papaya,Local,29/08/2026,4400,4800,4600
Tamil Nadu,Nagercoil (Kannyiakumari),Myladi(Uzhavar Sandhai ),Papaya,Papaya,Local,29/08/2026,2500,3000,2750
Tamil Nadu,Pudukkottai,Karambakkudi(Uzhavar Sandhai ),Papaya,Papaya,Local,29/08/2026,2500,3000,2750
Tamil Nadu,Pudukkottai,Alangudi(Uzhavar Sandhai ),Papaya,Papaya,Local,29/08/2026,2500,3000,2750
Tamil Nadu,Villupuram,Tindivanam APMC,Papaya,Papaya,Local,29/08/2026,4000,4000,4000
Tamil Nadu,Perambalur,Perambalur(Uzhavar Sandhai ),Papaya,Papaya,Local,29/08/2026,4500,5000,4750
Tamil Nadu,Thirupur,Palladam(Uzhavar Sandhai ),Papaya,Papaya,Local,29/08/2026,2000,2500,2250
Tamil Nadu,Erode,Perundurai(Uzhavar Sandhai ),Papaya,Papaya,Local,29/08/2026,3000,3400,3200
Tamil Nadu,Madurai,Melur(Uzhavar Sandhai ),Papaya,Papaya,Local,29/08/2026,4000,4500,4250
Tamil Nadu,Nagercoil (Kannyiakumari),Vadaseri APMC,Papaya,Papaya,Local,29/08/2026,3500,4000,3750
Tamil Nadu,Madurai,Palanganatham(Uzhavar Sandhai ),Papaya,Papaya,Local,29/08/2026,4000,4500,4250
Tamil Nadu,Vellore,Perampet(Uzhavar Sandhai),Papaya,Papaya,Local,29/08/2026,3500,3500,3500
Tamil Nadu,Salem,Mettur(Uzhavar Sandhai ),Papaya,Papaya,Local,29/08/2026,2500,3000,2750
Tamil Nadu,Salem,Vazhapadi(Uzhavar Sandhai),Papaya,Papaya,Local,29/08/2026,4000,4000,4000
Tamil Nadu,Virudhunagar,Kariyapatti(Uzhavar Sandhai ),Papaya,Papaya,Local,29/08/2026,3000,3500,3250
Tamil Nadu,Salem,Elampillai(Uzhavar Sandhai ),Papaya,Papaya,Local,29/08/2026,2500,3000,2750
Tamil Nadu,Villupuram,Gingee(Uzhavar Sandhai ),Papaya,Papaya,Local,29/08/2026,5000,5000,5000
Tamil Nadu,Sivaganga,Devakottai (Uzhavar Sandhai ),Papaya,Papaya,Local,29/08/2026,4000,4800,4400
Tamil Nadu,Salem,Thathakapatti(Uzhavar Sandhai ),Water Melon,Water Melon,Local,29/08/2026,1500,1800,1650
Tamil Nadu,Chengalpattu,Nanganallur(Uzhavar Sandhai ),Water Melon,Water Melon,Local,29/08/2026,2000,2500,2250
Tamil Nadu,Thiruvannamalai,Tamarainagar(Uzhavar Sandhai ),Water Melon,Water Melon,Local,29/08/2026,2000,2500,2250
Tamil Nadu,Theni,Theni(Uzhavar Sandhai ),Water Melon,Water Melon,Local,29/08/2026,2000,2500,2250
Tamil Nadu,Kancheepuram,Kancheepuram(Uzhavar Sandhai ),Water Melon,Water Melon,Local,29/08/2026,1500,2000,1750
Tamil Nadu,Kallakuruchi,Kallakurichi(Uzhavar Sandhai ),Water Melon,Water Melon,Local,29/08/2026,1000,1000,1000
Tamil Nadu,Namakkal,Kumarapalayam(Uzhavar Sandhai ),Water Melon,Water Melon,Local,29/08/2026,1800,2000,1900
Tamil Nadu,Vellore,Vellore APMC,Water Melon,Water Melon,Local,29/08/2026,2000,2000,2000
Chandigarh,Chandigarh,Chandigarh (Grain/F&V) APMC,Mousambi(Sweet Lime),Mousambi,Medium,29/08/2026,2000,4000,3500
Tamil Nadu,Theni,Theni(Uzhavar Sandhai ),Mousambi(Sweet Lime),Mousambi,Local,29/08/2026,7000,7000,7000
Tamil Nadu,Erode,Gobichettipalayam(Uzhavar Sandhai ),Mousambi(Sweet Lime),Mousambi,Local,29/08/2026,2600,3000,2800
Bihar,Khagaria,Khagaria APMC,Tomato,Deshi,Grade A,29/08/2026,2199.99978,2416.666425,2266.66644
Tamil Nadu,Ramanathapuram,Paramakudi(Uzhavar Sandhai ),Tomato,Deshi,Local,29/08/2026,2500,2800,2650
Tamil Nadu,Perambalur,Perambalur(Uzhavar Sandhai ),Tomato,Deshi,Local,29/08/2026,2600,3200,2900
Tamil Nadu,Vellore,Pallikonda(Uzhavar Sandhai),Tomato,Deshi,Local,29/08/2026,2200,2400,2300
Tamil Nadu,Pudukkottai,Viralimalai(Uzhavar Sandhai ),Tomato,Deshi,Local,29/08/2026,1500,2000,1750
Tamil Nadu,Virudhunagar,Kariyapatti(Uzhavar Sandhai ),Tomato,Deshi,Local,29/08/2026,1500,1800,1650
Tamil Nadu,Thiruvellore,Tiruthani(Uzhavar Sandhai ),Tomato,Deshi,Local,29/08/2026,2000,2000,2000
Tamil Nadu,The Nilgiris,Udhagamandalam(Uzhavar Sandhai ),Tomato,Deshi,Local,29/08/2026,2000,2300,2150
Tamil Nadu,Madurai,Usilampatti(Uzhavar Sandhai ),Tomato,Deshi,Local,29/08/2026,2000,2400,2200
Tamil Nadu,Krishnagiri,Avallapalli(Uzhavar Sandhai ),Tomato,Deshi,Local,29/08/2026,1000,1500,1250
Tamil Nadu,Kallakuruchi,Sankarapuram(Uzhavar Sandhai ),Tomato,Deshi,Local,29/08/2026,2000,2000,2000
Tamil Nadu,Pudukkottai,Pudukottai(Uzhavar Sandhai ),Tomato,Deshi,Local,29/08/2026,2200,2600,2400
Tamil Nadu,Nagapattinam,Sirkali(Uzhavar Sandhai ),Tomato,Deshi,Local,29/08/2026,2500,3000,2750
Tamil Nadu,Madurai,Thirumangalam(Uzhavar Sandhai ),Tomato,Deshi,Local,29/08/2026,2000,2400,2200
Tamil Nadu,Salem,Mecheri(Uzhavar Sandhai),Tomato,Deshi,Local,29/08/2026,1500,2000,1750
Tamil Nadu,Krishnagiri,Krishnagiri(Uzhavar Sandhai ),Tomato,Deshi,Local,29/08/2026,1600,1800,1700
Tamil Nadu,Theni,Bodinayakanur(Uzhavar Sandhai ),Tomato,Deshi,Local,29/08/2026,1800,1800,1800
Tamil Nadu,Coimbatore,Udumalpet APMC,Tomato,Deshi,Local,29/08/2026,1500,2000,1750
Tamil Nadu,Thirunelveli,NGO Colony(Uzhavar Sandhai ),Tomato,Deshi,Local,29/08/2026,2000,2500,2250
Tamil Nadu,Vellore,Gudiyatham(Uzhavar Sandhai ),Tomato,Deshi,Local,29/08/2026,1400,1800,1600
Punjab,Ludhiana,Doraha APMC,Tomato,Deshi,Local,29/08/2026,2000,2500,2300
Tamil Nadu,Thirupur,Palladam(Uzhavar Sandhai ),Tomato,Local,Local,29/08/2026,1000,1400,1200
Tamil Nadu,Thiruchirappalli,Musiri(Uzhavar Sandhai ),Tomato,Local,Local,29/08/2026,2000,2400,2200
Tamil Nadu,Erode,Sathiyamagalam(Uzhavar Sandhai ),Tomato,Local,Local,29/08/2026,1500,2000,1750
Tamil Nadu,Krishnagiri,Kaveripattinam(Uzhavar Sandhai ),Tomato,Local,Local,29/08/2026,2500,2500,2500
Tamil Nadu,Cuddalore,Vadalur(Uzhavar Sandhai ),Tomato,Local,Local,29/08/2026,2500,2500,2500
Tamil Nadu,Dharmapuri,Pennagaram(Uzhavar Sandhai ),Tomato,Local,Local,29/08/2026,2400,2500,2450
Tamil Nadu,Krishnagiri,Denkanikottai(Uzhavar Sandhai ),Tomato,Local,Local,29/08/2026,1000,1500,1250
Tamil Nadu,Chengalpattu,Pallavaram(Uzhavar Sandhai ),Tomato,Other,Local,29/08/2026,2200,2500,2350
Tamil Nadu,Pudukkottai,Karambakkudi(Uzhavar Sandhai ),Tomato,Other,Local,29/08/2026,2000,2500,2250
Tamil Nadu,Salem,Jalagandapuram(Uzhavar Sandhai ),Tomato,Other,Local,29/08/2026,1600,2000,1800
Tamil Nadu,Coimbatore,Pollachi(Uzhavar Sandhai ),Cluster beans,Cluster Beans,Local,29/08/2026,4000,4500,4250
Tamil Nadu,Madurai,Melur(Uzhavar Sandhai ),Cluster beans,Cluster Beans,Local,29/08/2026,3000,3600,3300
Tamil Nadu,Virudhunagar,Sivakasi(Uzhavar Sandhai ),Cluster beans,Cluster Beans,Local,29/08/2026,4000,5000,4500
Tamil Nadu,Nagapattinam,Vedaranyam(Uzhavar Sandhai),Cluster beans,Cluster Beans,Local,29/08/2026,3000,3800,3400
Tamil Nadu,Nagapattinam,Nagapattinam(Uzhavar Sandhai ),Cluster beans,Cluster Beans,Local,29/08/2026,4100,4100,4100
Tamil Nadu,Sivaganga,Karaikudi(Uzhavar Sandhai ),Cluster beans,Cluster Beans,Local,29/08/2026,3400,4000,3700
Tamil Nadu,Thiruvellore,Naravarikuppam(Uzhavar Sandhai ),Cluster beans,Cluster Beans,Local,29/08/2026,5000,5000,5000
Tamil Nadu,Thirupur,Dharapuram(Uzhavar Sandhai ),Cluster beans,Cluster Beans,Local,29/08/2026,4000,4200,4100
Tamil Nadu,Thiruchirappalli,Thuraiyur APMC,Cluster beans,Cluster Beans,Local,29/08/2026,3000,3500,3250
Tamil Nadu,Vellore,Pallikonda(Uzhavar Sandhai),Cluster beans,Cluster Beans,Local,29/08/2026,3000,3000,3000
Tamil Nadu,Salem,Attayampatti(Uzhavar Sandhai ),Cluster beans,Cluster Beans,Local,29/08/2026,3200,3200,3200
Tamil Nadu,Cuddalore,Vadalur(Uzhavar Sandhai ),Cluster beans,Cluster Beans,Local,29/08/2026,4000,4000,4000
Tamil Nadu,Salem,Athur(Uzhavar Sandhai ),Cluster beans,Cluster Beans,Local,29/08/2026,3000,3000,3000
Tamil Nadu,Salem,Ammapet(Uzhavar Sandhai ),Cluster beans,Cluster Beans,Local,29/08/2026,2600,3000,2800
Tamil Nadu,Karur,Vengamedu(Uzhavar Sandhai ),Cluster beans,Cluster Beans,Local,29/08/2026,3500,4000,3750
Tamil Nadu,Coimbatore,Singanallur(Uzhavar Sandhai ),Cluster beans,Cluster Beans,Local,29/08/2026,3000,3500,3250
Tamil Nadu,Thiruchirappalli,Manachanallur(Uzhavar Sandhai ),Cluster beans,Cluster Beans,Local,29/08/2026,3000,3500,3250
Tamil Nadu,Ramanathapuram,Kamuthi(Uzhavar Sandhai ),Cluster beans,Cluster Beans,Local,29/08/2026,4000,4500,4250
Tamil Nadu,Krishnagiri,Kaveripattinam(Uzhavar Sandhai ),Cluster beans,Cluster Beans,Local,29/08/2026,4000,4000,4000
Tamil Nadu,Coimbatore,Mettupalayam(Uzhavar Sandhai ),Cluster beans,Cluster Beans,Local,29/08/2026,3000,3500,3250
Tamil Nadu,Karur,Pallapatti (Uzhavar Sandhai ),Cluster beans,Cluster Beans,Local,29/08/2026,3500,4000,3750
Tamil Nadu,Karur,Velayuthampalayam(Uzhavar Sandhai ),Cluster beans,Cluster Beans,Local,29/08/2026,3200,4000,3600
Tamil Nadu,Theni,Theni(Uzhavar Sandhai ),Cluster beans,Cluster Beans,Local,29/08/2026,3000,3000,3000
Tamil Nadu,Namakkal,Namakkal(Uzhavar Sandhai ),Cluster beans,Cluster Beans,Local,29/08/2026,3000,3600,3300
Tamil Nadu,The Nilgiris,Udhagamandalam(Uzhavar Sandhai ),Cluster beans,Cluster Beans,Local,29/08/2026,3500,4000,3750
Tamil Nadu,Madurai,Usilampatti(Uzhavar Sandhai ),Cluster beans,Cluster Beans,Local,29/08/2026,3000,3600,3300
Tamil Nadu,Pudukkottai,Karambakkudi(Uzhavar Sandhai ),Cluster beans,Cluster Beans,Local,29/08/2026,3500,4000,3750
Tamil Nadu,Pudukkottai,Alangudi(Uzhavar Sandhai ),Cluster beans,Cluster Beans,Local,29/08/2026,3500,4000,3750
Tamil Nadu,Virudhunagar,Rajapalayam(Uzhavar Sandhai ),Cluster beans,Cluster Beans,Local,29/08/2026,3000,3500,3250
Tamil Nadu,Thiruvarur,Valangaiman APMC,Cluster beans,Cluster Beans,Local,29/08/2026,4000,4000,4000
Tamil Nadu,Sivaganga,Sivagangai (Uzhavar Sandhai ),Cluster beans,Cluster Beans,Local,29/08/2026,3400,3800,3600
Bihar,Khagaria,Khagaria APMC,Bitter gourd,Bitter Gourd,Grade A,29/08/2026,1999.9998,2333.3331,2199.99978
Tamil Nadu,Nagapattinam,Vedaranyam(Uzhavar Sandhai),Bitter gourd,Bitter Gourd,Local,29/08/2026,4200,4800,4500
Tamil Nadu,Ramanathapuram,Ramanathapuram(Uzhavar Sandhai ),Bitter gourd,Bitter Gourd,Local,29/08/2026,5500,6000,5750
Tamil Nadu,Ranipet,Arcot(Uzhavar Sandhai ),Bitter gourd,Bitter Gourd,Local,29/08/2026,5000,6000,5500
Tamil Nadu,Thanjavur,Pattukottai(Uzhavar Sandhai ),Bitter gourd,Bitter Gourd,Local,29/08/2026,6000,6000,6000
Tamil Nadu,Theni,Devaram(Uzhavar Sandhai ),Bitter gourd,Bitter Gourd,Local,29/08/2026,3000,3000,3000
Tamil Nadu,Theni,Kambam(Uzhavar Sandhai ),Bitter gourd,Bitter Gourd,Local,29/08/2026,3000,3000,3000
Tamil Nadu,Madurai,Thirumangalam(Uzhavar Sandhai ),Bitter gourd,Bitter Gourd,Local,29/08/2026,5000,5500,5250
Tamil Nadu,Thirunelveli,NGO Colony(Uzhavar Sandhai ),Bitter gourd,Bitter Gourd,Local,29/08/2026,5000,5500,5250
Tamil Nadu,Dharmapuri,Pennagaram(Uzhavar Sandhai ),Bitter gourd,Bitter Gourd,Local,29/08/2026,5500,6000,5750
Tamil Nadu,Coimbatore,Mettupalayam(Uzhavar Sandhai ),Bitter gourd,Bitter Gourd,Local,29/08/2026,3500,4000,3750
Tamil Nadu,Madurai,Palanganatham(Uzhavar Sandhai ),Bitter gourd,Bitter Gourd,Local,29/08/2026,5000,5500,5250
Tamil Nadu,Nagapattinam,Mayiladuthurai(Uzhavar Sandhai ),Bitter gourd,Bitter Gourd,Local,29/08/2026,5500,6000,5750
Tamil Nadu,Thiruvarur,Needamangalam(Uzhavar Sandhai ),Bitter gourd,Bitter Gourd,Local,29/08/2026,5600,5600,5600
Tamil Nadu,Coimbatore,Pollachi(Uzhavar Sandhai ),Bitter gourd,Bitter Gourd,Local,29/08/2026,5500,6000,5750
Tamil Nadu,Kallakuruchi,Sankarapuram(Uzhavar Sandhai ),Bitter gourd,Bitter Gourd,Local,29/08/2026,7000,7000,7000
Tamil Nadu,Salem,Attayampatti(Uzhavar Sandhai ),Bitter gourd,Bitter Gourd,Local,29/08/2026,5000,5500,5250
Tamil Nadu,Villupuram,Tindivanam APMC,Bitter gourd,Bitter Gourd,Local,29/08/2026,5000,5000,5000
Tamil Nadu,Coimbatore,Singanallur(Uzhavar Sandhai ),Bitter gourd,Bitter Gourd,Local,29/08/2026,4000,4500,4250
Tamil Nadu,Dindigul,Palani(Uzhavar Sandhai ),Bitter gourd,Bitter Gourd,Local,29/08/2026,4000,4800,4400
Tamil Nadu,Virudhunagar,Srivilliputhur(Uzhavar Sandhai ),Bitter gourd,Bitter Gourd,Local,29/08/2026,7000,8000,7500
Keralam,Kottayam,Vempally  VFPCK Market,Bitter gourd,Bitter Gourd,Grade A,29/08/2026,6000,7000,6500
Chandigarh,Chandigarh,Chandigarh (Grain/F&V) APMC,Bitter gourd,Bitter Gourd,FAQ,29/08/2026,800,1500,1300
Keralam,Alappuzha,Harippad Market,Bitter gourd,Other,FAQ,29/08/2026,7000,7500,7000
Tamil Nadu,Karur,Gandhigramam(Uzhavar Sandhai),Bitter gourd,Other,Local,29/08/2026,5500,6000,5750
Tamil Nadu,Theni,Theni(Uzhavar Sandhai ),Bitter gourd,Other,Local,29/08/2026,3000,3000,3000
Tamil Nadu,Erode,Sathiyamagalam(Uzhavar Sandhai ),Bitter gourd,Other,Local,29/08/2026,5000,5500,5250
Tamil Nadu,Salem,Ammapet(Uzhavar Sandhai ),Bitter gourd,Other,Local,29/08/2026,4500,5000,4750
Tamil Nadu,Karur,Vengamedu(Uzhavar Sandhai ),Bitter gourd,Other,Local,29/08/2026,5500,6000,5750
Tamil Nadu,Kancheepuram,Padappai(Uzhavar Sandhai ),Bitter gourd,Other,Local,29/08/2026,3000,4000,3500
Tamil Nadu,Theni,Chinnamanur(Uzhavar Sandhai ),Bitter gourd,Other,Local,29/08/2026,3000,3000,3000
Tamil Nadu,Theni,Periyakulam(Uzhavar Sandhai ),Bitter gourd,Other,Local,29/08/2026,3000,3000,3000
Tamil Nadu,Thiruchirappalli,Thuraiyur APMC,Bitter gourd,Other,Local,29/08/2026,5500,6600,6050
Tamil Nadu,Virudhunagar,Kariyapatti(Uzhavar Sandhai ),Bitter gourd,Other,Local,29/08/2026,7500,8000,7750
Tamil Nadu,Pudukkottai,Karambakkudi(Uzhavar Sandhai ),Bitter gourd,Other,Local,29/08/2026,7000,8000,7500
Tamil Nadu,Pudukkottai,Aranthangi(Uzhavar Sandhai ),Bitter gourd,Other,Local,29/08/2026,7000,8000,7500
Tamil Nadu,Salem,Mettur(Uzhavar Sandhai ),Bitter gourd,Other,Local,29/08/2026,4500,5000,4750
Tamil Nadu,Erode,Perundurai(Uzhavar Sandhai ),Bottle gourd,Bottle Gourd,Local,29/08/2026,1800,2000,1900
Tamil Nadu,Nagercoil (Kannyiakumari),Myladi(Uzhavar Sandhai ),Bottle gourd,Bottle Gourd,Local,29/08/2026,2200,2500,2350
Tamil Nadu,Dharmapuri,AJattihalli(Uzhavar Sandhai ),Bottle gourd,Bottle Gourd,Local,29/08/2026,1600,1600,1600
Tamil Nadu,Cuddalore,Panruti(Uzhavar Sandhai ),Bottle gourd,Bottle Gourd,Local,29/08/2026,2000,2000,2000
Tamil Nadu,Coimbatore,Mettupalayam(Uzhavar Sandhai ),Bottle gourd,Bottle Gourd,Local,29/08/2026,2500,2800,2650
Tamil Nadu,Coimbatore,RSPuram(Uzhavar Sandhai ),Bottle gourd,Bottle Gourd,Local,29/08/2026,2600,3000,2800
Tamil Nadu,Erode,Thalavadi(Uzhavar Sandhai ),Bottle gourd,Bottle Gourd,Local,29/08/2026,2000,2500,2250
Tamil Nadu,Thiruvannamalai,Tiruvannamalai(Uzhavar Sandhai ),Bottle gourd,Bottle Gourd,Local,29/08/2026,2000,2500,2250
Tamil Nadu,Thiruchirappalli,Thuraiyur APMC,Bottle gourd,Bottle Gourd,Local,29/08/2026,2500,3000,2750
Tamil Nadu,Vellore,Pallikonda(Uzhavar Sandhai),Bottle gourd,Bottle Gourd,Local,29/08/2026,2000,2500,2250
Tamil Nadu,Namakkal,Namakkal(Uzhavar Sandhai ),Bottle gourd,Bottle Gourd,Local,29/08/2026,1000,2000,1500
Tamil Nadu,Madurai,Melur(Uzhavar Sandhai ),Bottle gourd,Bottle Gourd,Local,29/08/2026,2400,2800,2600
Tamil Nadu,Salem,Edapadi (Uzhavar Sandhai ),Bottle gourd,Bottle Gourd,Local,29/08/2026,2400,2800,2600
Tamil Nadu,Salem,Elampillai(Uzhavar Sandhai ),Bottle gourd,Bottle Gourd,Local,29/08/2026,2500,3000,2750
Tamil Nadu,Nagapattinam,Nagapattinam(Uzhavar Sandhai ),Bottle gourd,Bottle Gourd,Local,29/08/2026,3000,3300,3150
Tamil Nadu,Chengalpattu,Pallavaram(Uzhavar Sandhai ),Bottle gourd,Bottle Gourd,Local,29/08/2026,3500,4000,3750
Tamil Nadu,Namakkal,Mohanur(Uzhavar Sandhai ),Bottle gourd,Bottle Gourd,Local,29/08/2026,1500,2000,1750
Tamil Nadu,Dindigul,Palani(Uzhavar Sandhai ),Bottle gourd,Bottle Gourd,Local,29/08/2026,1000,1400,1200
Tamil Nadu,Erode,Sathiyamagalam(Uzhavar Sandhai ),Bottle gourd,Bottle Gourd,Local,29/08/2026,1500,2000,1750
Tamil Nadu,Pudukkottai,Ponnamaravathi(Uzhavar Sandhai),Bottle gourd,Bottle Gourd,Local,29/08/2026,2000,2500,2250
Tamil Nadu,Virudhunagar,Srivilliputhur(Uzhavar Sandhai ),Bottle gourd,Bottle Gourd,Local,29/08/2026,1700,2000,1850
Tamil Nadu,Kallakuruchi,Kallakurichi(Uzhavar Sandhai ),Bottle gourd,Bottle Gourd,Local,29/08/2026,1500,1500,1500
Tamil Nadu,Pudukkottai,Pudukottai(Uzhavar Sandhai ),Bottle gourd,Bottle Gourd,Local,29/08/2026,2500,3000,2750
Tamil Nadu,Kancheepuram,Sunguvarchatram(Uzhavar Sandhai ),Bottle gourd,Bottle Gourd,Local,29/08/2026,3000,3000,3000
Tamil Nadu,Theni,Devaram(Uzhavar Sandhai ),Bottle gourd,Bottle Gourd,Local,29/08/2026,2000,2000,2000
Tamil Nadu,Kancheepuram,Padappai(Uzhavar Sandhai ),Bottle gourd,Bottle Gourd,Local,29/08/2026,2500,3000,2750
Uttar Pradesh,Khiri (Lakhimpur),Maigalganj APMC,Bottle gourd,Bottle Gourd,FAQ,29/08/2026,980,1015,1000
Chandigarh,Chandigarh,Chandigarh (Grain/F&V) APMC,Bottle gourd,Bottle Gourd,FAQ,29/08/2026,1000,1300,1100
Uttarakhand,Haridwar,Haridwar Union APMC,Bottle gourd,Other,Local,29/08/2026,650,850,750
Tamil Nadu,Krishnagiri,Kaveripattinam(Uzhavar Sandhai ),Ashgourd,Gouard,Local,29/08/2026,2500,2500,2500
Tamil Nadu,Salem,Thathakapatti(Uzhavar Sandhai ),Ashgourd,Gouard,Local,29/08/2026,1800,2000,1900
Tamil Nadu,Namakkal,Mohanur(Uzhavar Sandhai ),Ashgourd,Gouard,Local,29/08/2026,2000,2500,2250
Tamil Nadu,Coimbatore,Vadavalli(Uzhavar Sandhai ),Ashgourd,Gouard,Local,29/08/2026,1800,2000,1900
Tamil Nadu,Coimbatore,Mettupalayam(Uzhavar Sandhai ),Ashgourd,Gouard,Local,29/08/2026,1500,2200,1850
Tamil Nadu,Theni,Kambam(Uzhavar Sandhai ),Ashgourd,Gouard,Local,29/08/2026,1500,1800,1650
Tamil Nadu,Coimbatore,RSPuram(Uzhavar Sandhai ),Ashgourd,Gouard,Local,29/08/2026,1800,2000,1900
Tamil Nadu,Madurai,Usilampatti(Uzhavar Sandhai ),Ashgourd,Gouard,Local,29/08/2026,1600,2000,1800
Tamil Nadu,Pudukkottai,Viralimalai(Uzhavar Sandhai ),Ashgourd,Gouard,Local,29/08/2026,1000,1500,1250
Tamil Nadu,Pudukkottai,Karambakkudi(Uzhavar Sandhai ),Ashgourd,Gouard,Local,29/08/2026,1000,1500,1250
Tamil Nadu,Thiruvarur,Valangaiman APMC,Ashgourd,Gouard,Local,29/08/2026,2400,2400,2400
Tamil Nadu,Thanjavur,Kumbakonam (Uzhavar Sandhai ),Ashgourd,Gouard,Local,29/08/2026,2400,2400,2400
Tamil Nadu,Kancheepuram,Kancheepuram(Uzhavar Sandhai ),Ashgourd,Gouard,Local,29/08/2026,2000,2500,2250
Tamil Nadu,Coimbatore,Pollachi(Uzhavar Sandhai ),Ashgourd,Gouard,Local,29/08/2026,1800,2200,2000
Tamil Nadu,Madurai,Melur(Uzhavar Sandhai ),Ashgourd,Gouard,Local,29/08/2026,1600,2000,1800
Tamil Nadu,Krishnagiri,Hosur(Uzhavar Sandhai ),Ashgourd,Gouard,Local,29/08/2026,1500,2000,1750
Tamil Nadu,Salem,Hasthampatti(Uzhavar Sandhai ),Ashgourd,Gouard,Local,29/08/2026,2000,2400,2200
Tamil Nadu,Nagapattinam,Nagapattinam(Uzhavar Sandhai ),Ashgourd,Gouard,Local,29/08/2026,3200,3800,3500
Tamil Nadu,Thiruvarur,Mannargudi I(Uzhavar Sandhai ),Ashgourd,Gouard,Local,29/08/2026,3000,3000,3000
Tamil Nadu,Virudhunagar,Kariyapatti(Uzhavar Sandhai ),Ashgourd,Gouard,Local,29/08/2026,3500,4000,3750
Tamil Nadu,Sivaganga,Devakottai (Uzhavar Sandhai ),Ashgourd,Gouard,Local,29/08/2026,2200,2600,2400
Tamil Nadu,Karur,Kulithalai(Uzhavar Sandhai ),Ashgourd,Gouard,Local,29/08/2026,2500,3000,2750
Tamil Nadu,Vellore,Vellore APMC,Ashgourd,Gouard,Local,29/08/2026,2000,2500,2250
Keralam,Alappuzha,Harippad Market,Ashgourd,Other,FAQ,29/08/2026,4000,4500,4000
Keralam,Alappuzha,Cherthala Market,Ashgourd,Other,FAQ,29/08/2026,3500,3700,3600
Uttar Pradesh,Hathras,Shadabad APMC,Pumpkin,Pumpkin,Small,29/08/2026,800,900,850
Tamil Nadu,Nagercoil (Kannyiakumari),Myladi(Uzhavar Sandhai ),Pumpkin,Pumpkin,Local,29/08/2026,1800,2000,1900
Tamil Nadu,Tuticorin,Tuticorin(Uzhavar Sandhai ),Pumpkin,Pumpkin,Local,29/08/2026,1500,2000,1750
Tamil Nadu,Villupuram,Ulundurpettai APMC,Pumpkin,Pumpkin,Local,29/08/2026,2500,2500,2500
Tamil Nadu,Namakkal,Mohanur(Uzhavar Sandhai ),Pumpkin,Pumpkin,Local,29/08/2026,2000,2500,2250
Tamil Nadu,Theni,Chinnamanur(Uzhavar Sandhai ),Pumpkin,Pumpkin,Local,29/08/2026,1500,2000,1750
Tamil Nadu,Theni,Kambam(Uzhavar Sandhai ),Pumpkin,Pumpkin,Local,29/08/2026,1800,1800,1800
Tamil Nadu,Karur,Kulithalai(Uzhavar Sandhai ),Pumpkin,Pumpkin,Local,29/08/2026,2500,3000,2750
Tamil Nadu,Coimbatore,RSPuram(Uzhavar Sandhai ),Pumpkin,Pumpkin,Local,29/08/2026,1600,1800,1700
Tamil Nadu,Thiruchirappalli,Thuraiyur APMC,Pumpkin,Pumpkin,Local,29/08/2026,1200,1800,1500
Tamil Nadu,Vellore,Perampet(Uzhavar Sandhai),Pumpkin,Pumpkin,Local,29/08/2026,2400,2400,2400
Tamil Nadu,Pudukkottai,Aranthangi(Uzhavar Sandhai ),Pumpkin,Pumpkin,Local,29/08/2026,1000,1500,1250
Tamil Nadu,Pudukkottai,Pudukottai(Uzhavar Sandhai ),Pumpkin,Pumpkin,Local,29/08/2026,1000,1500,1250
Tamil Nadu,Nagapattinam,Sirkali(Uzhavar Sandhai ),Pumpkin,Pumpkin,Local,29/08/2026,2500,3000,2750
Tamil Nadu,Sivaganga,Devakottai (Uzhavar Sandhai ),Pumpkin,Pumpkin,Local,29/08/2026,2200,2600,2400
Tamil Nadu,Coimbatore,Vadavalli(Uzhavar Sandhai ),Pumpkin,Pumpkin,Local,29/08/2026,1500,1800,1650
Tamil Nadu,Namakkal,Kumarapalayam(Uzhavar Sandhai ),Pumpkin,Pumpkin,Local,29/08/2026,2500,3000,2750
Tamil Nadu,Thiruvannamalai,Tamarainagar(Uzhavar Sandhai ),Pumpkin,Pumpkin,Local,29/08/2026,2200,2600,2400
Tamil Nadu,The Nilgiris,Udhagamandalam(Uzhavar Sandhai ),Pumpkin,Pumpkin,Local,29/08/2026,1500,2000,1750
Tamil Nadu,Madurai,Melur(Uzhavar Sandhai ),Pumpkin,Pumpkin,Local,29/08/2026,1600,2000,1800
Tamil Nadu,Dharmapuri,Karimangalam(Uzhavar Sandhai),Pumpkin,Pumpkin,Local,29/08/2026,2300,2500,2400
Tamil Nadu,Dharmapuri,AJattihalli(Uzhavar Sandhai ),Pumpkin,Pumpkin,Local,29/08/2026,1600,1600,1600
Tamil Nadu,Vellore,Thirupathur APMC,Pumpkin,Pumpkin,Local,29/08/2026,2000,2000,2000
Tamil Nadu,Sivaganga,Tirupatthur(Uzhavar Sandhai ),Pumpkin,Pumpkin,Local,29/08/2026,2500,2800,2650
Tamil Nadu,Dharmapuri,Dharmapuri(Uzhavar Sandhai ),Pumpkin,Pumpkin,Local,29/08/2026,1500,1600,1550
Tamil Nadu,Thirupur,Tiruppur (North) (Uzhavar Sandhai ),Pumpkin,Pumpkin,Local,29/08/2026,1200,1500,1350
Tamil Nadu,Nagercoil (Kannyiakumari),Vadaseri APMC,Pumpkin,Pumpkin,Local,29/08/2026,1700,2000,1850
Tamil Nadu,Salem,Thammampatti (Uzhavar Sandhai ),Pumpkin,Pumpkin,Local,29/08/2026,2000,2000,2000
Tamil Nadu,Thirupur,Tiruppur (South) (Uzhavar Sandhai ),Pumpkin,Pumpkin,Local,29/08/2026,1500,2000,1750
Odisha,Mayurbhanja,Betnoti APMC,Pumpkin,Pumpkin,FAQ,29/08/2026,2000,2400,2200
Punjab,Tarntaran,Harike APMC,Bhindi(Ladies Finger),Bhindi,FAQ,29/08/2026,1100,1200,1150
Punjab,Bhatinda,Rampuraphul(Nabha Mandi) APMC,Bhindi(Ladies Finger),Bhindi,Grade A,29/08/2026,2000,3000,2500
Himachal Pradesh,Kangra,SMY Baijnath,Bhindi(Ladies Finger),Bhindi,Grade A,29/08/2026,2800,3000,2800
Tamil Nadu,Chengalpattu,Madhuranthagam(Uzhavar Sandhai ),Bhindi(Ladies Finger),Bhindi,Local,29/08/2026,3000,4000,3500
Tamil Nadu,Erode,Sathiyamagalam(Uzhavar Sandhai ),Bhindi(Ladies Finger),Bhindi,Local,29/08/2026,3500,4000,3750
Tamil Nadu,Erode,Gobichettipalayam(Uzhavar Sandhai ),Bhindi(Ladies Finger),Bhindi,Local,29/08/2026,2200,2500,2350
Tamil Nadu,Villupuram,Ulundurpettai APMC,Bhindi(Ladies Finger),Bhindi,Local,29/08/2026,4000,4000,4000
Tamil Nadu,Dharmapuri,AJattihalli(Uzhavar Sandhai ),Bhindi(Ladies Finger),Bhindi,Local,29/08/2026,2000,2000,2000
Tamil Nadu,Ramanathapuram,Ramanathapuram(Uzhavar Sandhai ),Bhindi(Ladies Finger),Bhindi,Local,29/08/2026,5500,6000,5750
Tamil Nadu,Ranipet,Arcot(Uzhavar Sandhai ),Bhindi(Ladies Finger),Bhindi,Local,29/08/2026,3000,3000,3000
Tamil Nadu,Sivaganga,Singampunari(Uzhavar Sandhai ),Bhindi(Ladies Finger),Bhindi,Local,29/08/2026,2800,3200,3000
Tamil Nadu,Dharmapuri,Dharmapuri(Uzhavar Sandhai ),Bhindi(Ladies Finger),Bhindi,Local,29/08/2026,1800,2000,1900
Tamil Nadu,Chengalpattu,Nanganallur(Uzhavar Sandhai ),Bhindi(Ladies Finger),Bhindi,Local,29/08/2026,2500,3000,2750
Tamil Nadu,Sivaganga,Devakottai (Uzhavar Sandhai ),Bhindi(Ladies Finger),Bhindi,Local,29/08/2026,3000,3500,3250
Tamil Nadu,Coimbatore,Vadavalli(Uzhavar Sandhai ),Bhindi(Ladies Finger),Bhindi,Local,29/08/2026,3400,4000,3700
Tamil Nadu,Thirupur,Tiruppur (South) (Uzhavar Sandhai ),Bhindi(Ladies Finger),Bhindi,Local,29/08/2026,4000,5000,4500
Tamil Nadu,Theni,Bodinayakanur(Uzhavar Sandhai ),Bhindi(Ladies Finger),Bhindi,Local,29/08/2026,3000,3000,3000
Tamil Nadu,Karur,Kulithalai(Uzhavar Sandhai ),Bhindi(Ladies Finger),Bhindi,Local,29/08/2026,3600,4000,3800
Tamil Nadu,The Nilgiris,Udhagamandalam(Uzhavar Sandhai ),Bhindi(Ladies Finger),Bhindi,Local,29/08/2026,3500,4000,3750
Tamil Nadu,Virudhunagar,Rajapalayam(Uzhavar Sandhai ),Bhindi(Ladies Finger),Bhindi,Local,29/08/2026,3500,4000,3750
Tamil Nadu,Salem,Thathakapatti(Uzhavar Sandhai ),Bhindi(Ladies Finger),Bhindi,Local,29/08/2026,2500,2800,2650
Tamil Nadu,Thiruvarur,Needamangalam(Uzhavar Sandhai ),Bhindi(Ladies Finger),Bhindi,Local,29/08/2026,3800,3800,3800
Tamil Nadu,Salem,Sooramangalam(Uzhavar Sandhai ),Bhindi(Ladies Finger),Bhindi,Local,29/08/2026,2400,2600,2500
Tamil Nadu,Coimbatore,Sulur(Uzhavar Sandhai ),Bhindi(Ladies Finger),Bhindi,Local,29/08/2026,3800,4200,4000
Tamil Nadu,Vellore,Pallikonda(Uzhavar Sandhai),Bhindi(Ladies Finger),Bhindi,Local,29/08/2026,2500,3000,2750
Tamil Nadu,Madurai,Anna nagar(Uzhavar Sandhai ),Bhindi(Ladies Finger),Bhindi,Local,29/08/2026,2600,3000,2800
Tamil Nadu,Virudhunagar,Kariyapatti(Uzhavar Sandhai ),Bhindi(Ladies Finger),Bhindi,Local,29/08/2026,3000,3500,3250
Tamil Nadu,Salem,Mettur(Uzhavar Sandhai ),Bhindi(Ladies Finger),Bhindi,Local,29/08/2026,2000,2500,2250
Tamil Nadu,Thirupur,Dharapuram(Uzhavar Sandhai ),Bhindi(Ladies Finger),Bhindi,Local,29/08/2026,5000,5500,5250
Tamil Nadu,Kancheepuram,Kancheepuram(Uzhavar Sandhai ),Bhindi(Ladies Finger),Bhindi,Local,29/08/2026,3000,3500,3250
Tamil Nadu,Karur,Gandhigramam(Uzhavar Sandhai),Bhindi(Ladies Finger),Bhindi,Local,29/08/2026,3000,3500,3250
Tamil Nadu,Coimbatore,Pollachi(Uzhavar Sandhai ),Bhindi(Ladies Finger),Bhindi,Local,29/08/2026,4500,5000,4750
Tamil Nadu,Tuticorin,Kovilpatti(Uzhavar Sandhai ),Bhindi(Ladies Finger),Bhindi,Local,29/08/2026,3000,3500,3250
Tamil Nadu,Pudukkottai,Viralimalai(Uzhavar Sandhai ),Bhindi(Ladies Finger),Bhindi,Local,29/08/2026,3000,3500,3250
Chandigarh,Chandigarh,Chandigarh (Grain/F&V) APMC,Bhindi(Ladies Finger),Bhindi,FAQ,29/08/2026,800,1600,1400
Odisha,Sundergarh,Panposh APMC,Bhindi(Ladies Finger),Other,FAQ,29/08/2026,3000,4000,3500
Punjab,Tarntaran,Patti APMC,Bhindi(Ladies Finger),Other,Local,29/08/2026,0.22,0.22,0.22
Tamil Nadu,Ramanathapuram,Ramanathapuram(Uzhavar Sandhai ),Amaranthus,Amaranthus,Local,29/08/2026,3500,4000,3750
Tamil Nadu,Chengalpattu,Madhuranthagam(Uzhavar Sandhai ),Amaranthus,Amaranthus,Local,29/08/2026,4000,4000,4000
Tamil Nadu,Sivaganga,Devakottai (Uzhavar Sandhai ),Amaranthus,Amaranthus,Local,29/08/2026,3500,4000,3750
Tamil Nadu,Namakkal,Kumarapalayam(Uzhavar Sandhai ),Amaranthus,Amaranthus,Local,29/08/2026,4500,5000,4750
Tamil Nadu,Erode,Thalavadi(Uzhavar Sandhai ),Amaranthus,Amaranthus,Local,29/08/2026,3500,4000,3750
Tamil Nadu,Thiruvannamalai,Polur(Uzhavar Sandhai ),Amaranthus,Amaranthus,Local,29/08/2026,1600,2000,1800
Tamil Nadu,Dharmapuri,Karimangalam(Uzhavar Sandhai),Amaranthus,Amaranthus,Local,29/08/2026,2300,2500,2400
Tamil Nadu,Dharmapuri,AJattihalli(Uzhavar Sandhai ),Amaranthus,Amaranthus,Local,29/08/2026,2500,2500,2500
Tamil Nadu,Ranipet,Arcot(Uzhavar Sandhai ),Amaranthus,Amaranthus,Local,29/08/2026,2500,3000,2750
Tamil Nadu,Cuddalore,Viruthachalam(Uzhavar Sandhai ),Amaranthus,Amaranthus,Local,29/08/2026,2000,2500,2250
Tamil Nadu,Thiruchirappalli,Manachanallur(Uzhavar Sandhai ),Amaranthus,Amaranthus,Local,29/08/2026,1500,2000,1750
Tamil Nadu,Madurai,Usilampatti(Uzhavar Sandhai ),Amaranthus,Amaranthus,Local,29/08/2026,3000,3600,3300
Tamil Nadu,Villupuram,Tindivanam APMC,Amaranthus,Amaranthus,Local,29/08/2026,4000,4000,4000
Tamil Nadu,Chengalpattu,Nanganallur(Uzhavar Sandhai ),Amaranthus,Amaranthus,Local,29/08/2026,2000,2500,2250
Tamil Nadu,Salem,Ammapet(Uzhavar Sandhai ),Amaranthus,Amaranthus,Local,29/08/2026,2000,2400,2200
Tamil Nadu,Coimbatore,Singanallur(Uzhavar Sandhai ),Amaranthus,Amaranthus,Local,29/08/2026,4500,5000,4750
Tamil Nadu,Salem,Edapadi (Uzhavar Sandhai ),Amaranthus,Amaranthus,Local,29/08/2026,2400,2600,2500
Tamil Nadu,Madurai,Anna nagar(Uzhavar Sandhai ),Amaranthus,Amaranthus,Local,29/08/2026,3000,3600,3300
Tamil Nadu,Thiruvarur,Needamangalam(Uzhavar Sandhai ),Amaranthus,Amaranthus,Local,29/08/2026,2000,2000,2000
Tamil Nadu,Theni,Chinnamanur(Uzhavar Sandhai ),Amaranthus,Amaranthus,Local,29/08/2026,2500,2500,2500
Tamil Nadu,Karur,Gandhigramam(Uzhavar Sandhai),Amaranthus,Amaranthus,Local,29/08/2026,2000,2500,2250
Tamil Nadu,Theni,Periyakulam(Uzhavar Sandhai ),Amaranthus,Amaranthus,Local,29/08/2026,2000,2500,2250
Tamil Nadu,Theni,Kambam(Uzhavar Sandhai ),Amaranthus,Amaranthus,Local,29/08/2026,2000,2500,2250
Tamil Nadu,Pudukkottai,Ponnamaravathi(Uzhavar Sandhai),Amaranthus,Amaranthus,Local,29/08/2026,1500,2000,1750
Tamil Nadu,Pudukkottai,Viralimalai(Uzhavar Sandhai ),Amaranthus,Amaranthus,Local,29/08/2026,1500,2000,1750
Tamil Nadu,Pudukkottai,Karambakkudi(Uzhavar Sandhai ),Amaranthus,Amaranthus,Local,29/08/2026,1500,2000,1750
Punjab,Jalandhar,Mehatpur APMC,Green Chilli,Green Chilly,Local,29/08/2026,2300,2500,2400
Bihar,Khagaria,Khagaria APMC,Green Chilli,Green Chilly,Grade A,29/08/2026,1999.9998,2283.333105,2199.99978
Punjab,Ropar (Rupnagar),Morinda APMC,Green Chilli,Green Chilly,Local,29/08/2026,4300,4700,4500
Tamil Nadu,Salem,Mettur(Uzhavar Sandhai ),Green Chilli,Green Chilly,Local,29/08/2026,4500,5000,4750
Tamil Nadu,Nagapattinam,Mayiladuthurai(Uzhavar Sandhai ),Green Chilli,Green Chilly,Local,29/08/2026,5500,6000,5750
Tamil Nadu,Thiruvarur,Needamangalam(Uzhavar Sandhai ),Green Chilli,Green Chilly,Local,29/08/2026,4800,4800,4800
Tamil Nadu,Theni,Chinnamanur(Uzhavar Sandhai ),Green Chilli,Green Chilly,Local,29/08/2026,5500,5500,5500
Tamil Nadu,Coimbatore,Pollachi(Uzhavar Sandhai ),Green Chilli,Green Chilly,Local,29/08/2026,5000,5500,5250
Tamil Nadu,Thiruchirappalli,Manachanallur(Uzhavar Sandhai ),Green Chilli,Green Chilly,Local,29/08/2026,4400,5000,4700
Tamil Nadu,Erode,Thalavadi(Uzhavar Sandhai ),Green Chilli,Green Chilly,Local,29/08/2026,4000,4500,4250
Tamil Nadu,Thiruvannamalai,Cheyyar(Uzhavar Sandhai ),Green Chilli,Green Chilly,Local,29/08/2026,4800,6000,5400
Tamil Nadu,Salem,Jalagandapuram(Uzhavar Sandhai ),Green Chilli,Green Chilly,Local,29/08/2026,4500,4800,4650
Tamil Nadu,Thiruvellore,Naravarikuppam(Uzhavar Sandhai ),Green Chilli,Green Chilly,Local,29/08/2026,5000,5000,5000
Tamil Nadu,Perambalur,Perambalur(Uzhavar Sandhai ),Green Chilli,Green Chilly,Local,29/08/2026,6000,6000,6000
Tamil Nadu,Thiruvannamalai,Vandavasi(Uzhavar Sandhai ),Green Chilli,Green Chilly,Local,29/08/2026,5000,6000,5500
Tamil Nadu,Nagapattinam,Nagapattinam(Uzhavar Sandhai ),Green Chilli,Green Chilly,Local,29/08/2026,3800,4500,4150
Tamil Nadu,Thiruvellore,Tiruthani(Uzhavar Sandhai ),Green Chilli,Green Chilly,Local,29/08/2026,6000,6000,6000
Tamil Nadu,Coimbatore,Vadavalli(Uzhavar Sandhai ),Green Chilli,Green Chilly,Local,29/08/2026,4400,4800,4600
Tamil Nadu,Kancheepuram,Padappai(Uzhavar Sandhai ),Green Chilli,Green Chilly,Local,29/08/2026,4500,5500,5000
Tamil Nadu,Thirupur,Tiruppur (North) (Uzhavar Sandhai ),Green Chilli,Green Chilly,Local,29/08/2026,4500,5000,4750
Tamil Nadu,Karur,Kulithalai(Uzhavar Sandhai ),Green Chilli,Green Chilly,Local,29/08/2026,4600,5000,4800
Tamil Nadu,Erode,Gobichettipalayam(Uzhavar Sandhai ),Green Chilli,Green Chilly,Local,29/08/2026,5000,5200,5100
Tamil Nadu,Salem,Vazhapadi(Uzhavar Sandhai),Green Chilli,Green Chilly,Local,29/08/2026,4500,5000,4750
Tamil Nadu,Virudhunagar,Thalavaipuram(Uzhavar Sandhai ),Green Chilli,Green Chilly,Local,29/08/2026,5000,6000,5500
Tamil Nadu,Krishnagiri,Krishnagiri(Uzhavar Sandhai ),Green Chilli,Green Chilly,Local,29/08/2026,3000,3600,3300
Tamil Nadu,Pudukkottai,Karambakkudi(Uzhavar Sandhai ),Green Chilli,Green Chilly,Local,29/08/2026,5000,6000,5500
Tamil Nadu,Pudukkottai,Alangudi(Uzhavar Sandhai ),Green Chilli,Green Chilly,Local,29/08/2026,5000,6000,5500
Tamil Nadu,Vellore,Vellore APMC,Green Chilli,Green Chilly,Local,29/08/2026,3500,4000,3750
Tamil Nadu,Nagapattinam,Vedaranyam(Uzhavar Sandhai),Green Chilli,Green Chilly,Local,29/08/2026,4000,4000,4000
Tamil Nadu,Ramanathapuram,Ramanathapuram(Uzhavar Sandhai ),Green Chilli,Green Chilly,Local,29/08/2026,6000,6500,6250
Tamil Nadu,Sivaganga,Tirupatthur(Uzhavar Sandhai ),Green Chilli,Green Chilly,Local,29/08/2026,6500,7000,6750
Tamil Nadu,Sivaganga,Sivagangai (Uzhavar Sandhai ),Green Chilli,Green Chilly,Local,29/08/2026,5200,6200,5700
Tamil Nadu,Coimbatore,Sulur(Uzhavar Sandhai ),Green Chilli,Green Chilly,Local,29/08/2026,4200,5000,4600
Tamil Nadu,Thirupur,Palladam(Uzhavar Sandhai ),Green Chilli,Green Chilly,Local,29/08/2026,4000,4500,4250
Tamil Nadu,Theni,Kambam(Uzhavar Sandhai ),Green Chilli,Green Chilly,Local,29/08/2026,4800,5000,4900
Tamil Nadu,Thiruchirappalli,Thiruverumbur(Uzhavar Sandhai ),Green Chilli,Green Chilly,Local,29/08/2026,5000,5000,5000
Tamil Nadu,Madurai,Thirumangalam(Uzhavar Sandhai ),Green Chilli,Green Chilly,Local,29/08/2026,5000,6000,5500
Tamil Nadu,Salem,Thammampatti (Uzhavar Sandhai ),Green Chilli,Green Chilly,Local,29/08/2026,4500,5000,4750
Tamil Nadu,Vellore,Gudiyatham(Uzhavar Sandhai ),Green Chilli,Green Chilly,Local,29/08/2026,4600,4600,4600
Tamil Nadu,Virudhunagar,Rajapalayam(Uzhavar Sandhai ),Green Chilli,Green Chilly,Local,29/08/2026,5000,6000,5500
Andaman and Nicobar,North and Middle Andaman ,Diglipur Vegetable Market (Subhashgram),Cowpea(Veg),Cowpea (Veg),FAQ,29/08/2026,2000,4000,3000
Keralam,Palakad,Vaniyamkulam  VFPCK Market,Cowpea(Veg),Cowpea (Veg),Grade A,29/08/2026,6200,6400,6300
Tamil Nadu,Tuticorin,Tuticorin(Uzhavar Sandhai ),Cowpea(Veg),Cowpea (Veg),Local,29/08/2026,3000,3500,3250
Tamil Nadu,Vellore,Perampet(Uzhavar Sandhai),Cowpea(Veg),Cowpea (Veg),Local,29/08/2026,5000,5000,5000
Tamil Nadu,Krishnagiri,Krishnagiri(Uzhavar Sandhai ),Cowpea(Veg),Cowpea (Veg),Local,29/08/2026,5000,6000,5500
Tamil Nadu,Chengalpattu,Pallavaram(Uzhavar Sandhai ),Cowpea(Veg),Cowpea (Veg),Local,29/08/2026,6000,7000,6500
Tamil Nadu,Coimbatore,RSPuram(Uzhavar Sandhai ),Cowpea(Veg),Cowpea (Veg),Local,29/08/2026,3000,3400,3200
Tamil Nadu,Thirupur,Dharapuram(Uzhavar Sandhai ),Cowpea(Veg),Cowpea (Veg),Local,29/08/2026,3500,4000,3750
Tamil Nadu,Krishnagiri,Hosur(Uzhavar Sandhai ),Cowpea(Veg),Cowpea (Veg),Local,29/08/2026,5000,6000,5500
Tamil Nadu,Thirupur,Tiruppur (North) (Uzhavar Sandhai ),Cowpea(Veg),Cowpea (Veg),Local,29/08/2026,3500,4000,3750
Tamil Nadu,The Nilgiris,Coonoor(Uzhavar Sandhai ),Cowpea(Veg),Cowpea (Veg),Local,29/08/2026,4500,5000,4750
Tamil Nadu,Thiruchirappalli,Musiri(Uzhavar Sandhai ),Cowpea(Veg),Cowpea (Veg),Local,29/08/2026,3000,3600,3300
Tamil Nadu,Salem,Ammapet(Uzhavar Sandhai ),Cowpea(Veg),Cowpea (Veg),Local,29/08/2026,4000,4500,4250
Uttar Pradesh,Mau(Maunathbhanjan),Kopaganj APMC,Banana - Green,Banana - Green,FAQ,29/08/2026,1740,1790,1780
Keralam,Kottayam,Parathode VFPCK Market,Banana - Green,Banana - Green,Grade A,29/08/2026,6700,6900,6800
Tamil Nadu,Coimbatore,Sundarapuram(Uzhavar Sandhai ),Banana - Green,Banana - Green,Local,29/08/2026,4000,4500,4250
Tamil Nadu,Kallakuruchi,Kallakurichi(Uzhavar Sandhai ),Banana - Green,Banana - Green,Local,29/08/2026,3000,3000,3000
Tamil Nadu,Ranipet,Arcot(Uzhavar Sandhai ),Banana - Green,Banana - Green,Local,29/08/2026,4000,5000,4500
Tamil Nadu,Thiruvarur,Mannargudi I(Uzhavar Sandhai ),Banana - Green,Banana - Green,Local,29/08/2026,4800,4800,4800
Tamil Nadu,Salem,Sooramangalam(Uzhavar Sandhai ),Banana - Green,Banana - Green,Local,29/08/2026,2000,2400,2200
Tamil Nadu,Thirupur,Tiruppur (North) (Uzhavar Sandhai ),Banana - Green,Banana - Green,Local,29/08/2026,2500,3000,2750
Tamil Nadu,Thiruvannamalai,Chengam(Uzhavar Sandhai ),Banana - Green,Banana - Green,Local,29/08/2026,1200,1500,1350
Tamil Nadu,Madurai,Usilampatti(Uzhavar Sandhai ),Banana - Green,Banana - Green,Local,29/08/2026,2500,3000,2750
Tamil Nadu,Coimbatore,Mettupalayam(Uzhavar Sandhai ),Banana - Green,Banana - Green,Local,29/08/2026,4500,5000,4750
Tamil Nadu,Dindigul,Palani(Uzhavar Sandhai ),Banana - Green,Banana - Green,Local,29/08/2026,3000,3600,3300
Tamil Nadu,Virudhunagar,Thalavaipuram(Uzhavar Sandhai ),Banana - Green,Banana - Green,Local,29/08/2026,2800,3500,3150
Tamil Nadu,Salem,Mettur(Uzhavar Sandhai ),Banana - Green,Banana - Green,Local,29/08/2026,2500,3000,2750
Tamil Nadu,Dharmapuri,Harur(Uzhavar Sandhai ),Banana - Green,Banana - Green,Local,29/08/2026,2000,2500,2250
Tamil Nadu,Thiruvannamalai,Keelpennathur(Uzhavar Sandhai ),Banana - Green,Banana - Green,Local,29/08/2026,3500,4000,3750
Tamil Nadu,Thiruvarur,Valangaiman APMC,Banana - Green,Banana - Green,Local,29/08/2026,4000,4000,4000
Tamil Nadu,Thiruvarur,Needamangalam(Uzhavar Sandhai ),Banana - Green,Banana - Green,Local,29/08/2026,4000,4000,4000
Tamil Nadu,Sivaganga,Karaikudi(Uzhavar Sandhai ),Banana - Green,Banana - Green,Local,29/08/2026,3500,4000,3750
Tamil Nadu,Theni,Devaram(Uzhavar Sandhai ),Banana - Green,Banana - Green,Local,29/08/2026,3500,3500,3500
Tamil Nadu,Namakkal,Tiruchengode APMC,Banana - Green,Banana - Green,Local,29/08/2026,4000,4500,4250
Tamil Nadu,Erode,Sathiyamagalam(Uzhavar Sandhai ),Banana - Green,Banana - Green,Local,29/08/2026,3000,3500,3250
Tamil Nadu,Krishnagiri,Denkanikottai(Uzhavar Sandhai ),Banana - Green,Banana - Green,Local,29/08/2026,4000,4500,4250
Keralam,Alappuzha,Cherthala Market,Banana - Green,Banana - Green,FAQ,29/08/2026,3200,3400,3300
Andaman and Nicobar,North and Middle Andaman ,Diglipur Vegetable Market (Subhashgram),Banana - Green,Other,FAQ,29/08/2026,2000,4000,3000
Tamil Nadu,Dharmapuri,Palacode(Uzhavar Sandhai ),Beans,Beans (Whole),Local,29/08/2026,8000,8500,8250
Tamil Nadu,Perambalur,Perambalur(Uzhavar Sandhai ),Beans,Beans (Whole),Local,29/08/2026,8800,9600,9200
Tamil Nadu,Thiruvannamalai,Cheyyar(Uzhavar Sandhai ),Beans,Beans (Whole),Local,29/08/2026,4800,6000,5400
Tamil Nadu,Virudhunagar,Srivilliputhur(Uzhavar Sandhai ),Beans,Beans (Whole),Local,29/08/2026,7000,8000,7500
Tamil Nadu,Chengalpattu,Nanganallur(Uzhavar Sandhai ),Beans,Beans (Whole),Local,29/08/2026,6500,7000,6750
Tamil Nadu,Kancheepuram,Sunguvarchatram(Uzhavar Sandhai ),Beans,Beans (Whole),Local,29/08/2026,7000,7000,7000
Tamil Nadu,The Nilgiris,Coonoor(Uzhavar Sandhai ),Beans,Beans (Whole),Local,29/08/2026,6500,7000,6750
Tamil Nadu,Thiruvannamalai,Arani(Uzhavar Sandhai ),Beans,Beans (Whole),Local,29/08/2026,5000,6000,5500
Tamil Nadu,Vellore,Perampet(Uzhavar Sandhai),Beans,Beans (Whole),Local,29/08/2026,7000,7000,7000
Tamil Nadu,Dharmapuri,Karimangalam(Uzhavar Sandhai),Beans,Beans (Whole),Local,29/08/2026,8500,9000,8750
Tamil Nadu,Villupuram,Gingee(Uzhavar Sandhai ),Beans,Beans (Whole),Local,29/08/2026,9000,9000,9000
Tamil Nadu,Sivaganga,Devakottai (Uzhavar Sandhai ),Beans,Beans (Whole),Local,29/08/2026,10200,11200,10700
Tamil Nadu,The Nilgiris,Gudalur(Uzhavar Sandhai ),Beans,Beans (Whole),Local,29/08/2026,8000,9000,8500
Tamil Nadu,Karur,Kulithalai(Uzhavar Sandhai ),Beans,Beans (Whole),Local,29/08/2026,7000,8000,7500
Tamil Nadu,Madurai,Chokkikulam(Uzhavar Sandhai ),Beans,Beans (Whole),Local,29/08/2026,10000,11000,10500
Tamil Nadu,Dharmapuri,AJattihalli(Uzhavar Sandhai ),Beans,Beans (Whole),Local,29/08/2026,8800,8800,8800
Tamil Nadu,Coimbatore,Sundarapuram(Uzhavar Sandhai ),Beans,Beans (Whole),Local,29/08/2026,8000,8500,8250
Tamil Nadu,Thirupur,Dharapuram(Uzhavar Sandhai ),Beans,Beans (Whole),Local,29/08/2026,8500,9000,8750
Tamil Nadu,Thirupur,Palladam(Uzhavar Sandhai ),Beans,Beans (Whole),Local,29/08/2026,7000,7500,7250
Tamil Nadu,Coimbatore,RSPuram(Uzhavar Sandhai ),Beans,Beans (Whole),Local,29/08/2026,7600,8000,7800
Tamil Nadu,Thiruchirappalli,Thuraiyur APMC,Beans,Beans (Whole),Local,29/08/2026,6500,7600,7050
Tamil Nadu,Krishnagiri,Avallapalli(Uzhavar Sandhai ),Beans,Beans (Whole),Local,29/08/2026,7000,7500,7250
Tamil Nadu,Krishnagiri,Denkanikottai(Uzhavar Sandhai ),Beans,Beans (Whole),Local,29/08/2026,7000,7500,7250
Tamil Nadu,Virudhunagar,Kariyapatti(Uzhavar Sandhai ),Beans,Beans (Whole),Local,29/08/2026,7500,8000,7750
Tamil Nadu,Kallakuruchi,Sankarapuram(Uzhavar Sandhai ),Beans,Beans (Whole),Local,29/08/2026,10000,10000,10000
Tamil Nadu,Salem,Hasthampatti(Uzhavar Sandhai ),Beans,Beans (Whole),Local,29/08/2026,7500,8000,7750
Tamil Nadu,Nagercoil (Kannyiakumari),Vadaseri APMC,Tapioca,Tapioca,Local,29/08/2026,3500,4000,3750
Tamil Nadu,Krishnagiri,Avallapalli(Uzhavar Sandhai ),Tapioca,Tapioca,Local,29/08/2026,3500,4000,3750
Tamil Nadu,Thirupur,Tiruppur (South) (Uzhavar Sandhai ),Tapioca,Tapioca,Local,29/08/2026,2500,3000,2750
Tamil Nadu,Nagapattinam,Sirkali(Uzhavar Sandhai ),Tapioca,Tapioca,Local,29/08/2026,4500,5000,4750
Tamil Nadu,Coimbatore,Sundarapuram(Uzhavar Sandhai ),Tapioca,Tapioca,Local,29/08/2026,3000,3500,3250
Tamil Nadu,Theni,Kambam(Uzhavar Sandhai ),Tapioca,Tapioca,Local,29/08/2026,3400,3400,3400
Tamil Nadu,Namakkal,Namakkal(Uzhavar Sandhai ),Tapioca,Tapioca,Local,29/08/2026,2500,3000,2750
Tamil Nadu,Madurai,Anaiyur(Uzhavar Sandhai ),Tapioca,Tapioca,Local,29/08/2026,3600,4000,3800
Tamil Nadu,Nagercoil (Kannyiakumari),Myladi(Uzhavar Sandhai ),Tapioca,Tapioca,Local,29/08/2026,3500,4000,3750
Tamil Nadu,Vellore,Kahithapattarai(Uzhavar Sandhai ),Tapioca,Tapioca,Local,29/08/2026,3500,3500,3500
Tamil Nadu,Salem,Thathakapatti(Uzhavar Sandhai ),Tapioca,Tapioca,Local,29/08/2026,3000,4000,3500
Tamil Nadu,Chengalpattu,Pallavaram(Uzhavar Sandhai ),Tapioca,Tapioca,Local,29/08/2026,3500,4000,3750
Tamil Nadu,The Nilgiris,Gudalur(Uzhavar Sandhai ),Tapioca,Tapioca,Local,29/08/2026,3000,3500,3250
Tamil Nadu,The Nilgiris,Udhagamandalam(Uzhavar Sandhai ),Tapioca,Tapioca,Local,29/08/2026,3000,3500,3250
Tamil Nadu,Vellore,Gudiyatham(Uzhavar Sandhai ),Tapioca,Tapioca,Local,29/08/2026,3000,3000,3000
Tamil Nadu,Dharmapuri,Karimangalam(Uzhavar Sandhai),Tapioca,Tapioca,Local,29/08/2026,2800,3000,2900
Tamil Nadu,Nagapattinam,Vedaranyam(Uzhavar Sandhai),Ginger(Green),Green Ginger,Local,29/08/2026,12000,15000,13500
Tamil Nadu,Dharmapuri,Harur(Uzhavar Sandhai ),Ginger(Green),Green Ginger,Local,29/08/2026,14000,17000,15500
Tamil Nadu,Krishnagiri,Denkanikottai(Uzhavar Sandhai ),Ginger(Green),Green Ginger,Local,29/08/2026,12000,15000,13500
Tamil Nadu,Vellore,Vellore APMC,Ginger(Green),Green Ginger,Local,29/08/2026,16000,16000,16000
Tamil Nadu,Chengalpattu,Madhuranthagam(Uzhavar Sandhai ),Ginger(Green),Green Ginger,Local,29/08/2026,12000,12000,12000
Tamil Nadu,Coimbatore,Mettupalayam(Uzhavar Sandhai ),Ginger(Green),Green Ginger,Local,29/08/2026,7000,15000,11000
Tamil Nadu,Virudhunagar,Thalavaipuram(Uzhavar Sandhai ),Ginger(Green),Green Ginger,Local,29/08/2026,11000,13000,12000
Tamil Nadu,Sivaganga,Karaikudi(Uzhavar Sandhai ),Ginger(Green),Green Ginger,Local,29/08/2026,18500,19500,19000
Tamil Nadu,Theni,Chinnamanur(Uzhavar Sandhai ),Ginger(Green),Green Ginger,Local,29/08/2026,8000,15000,11500
Tamil Nadu,Kancheepuram,Padappai(Uzhavar Sandhai ),Ginger(Green),Green Ginger,Local,29/08/2026,13000,16000,14500
Tamil Nadu,Karur,Gandhigramam(Uzhavar Sandhai),Ginger(Green),Green Ginger,Local,29/08/2026,16000,18000,17000
Tamil Nadu,Karur,Velayuthampalayam(Uzhavar Sandhai ),Ginger(Green),Green Ginger,Local,29/08/2026,17000,18000,17500
Tamil Nadu,Karur,Karur(Uzhavar Sandhai ),Ginger(Green),Green Ginger,Local,29/08/2026,17500,18000,17750
Tamil Nadu,Vellore,Perampet(Uzhavar Sandhai),Ginger(Green),Green Ginger,Local,29/08/2026,19000,19000,19000
Tamil Nadu,Sivaganga,Singampunari(Uzhavar Sandhai ),Ginger(Green),Green Ginger,Local,29/08/2026,12000,18000,15000
Tamil Nadu,Namakkal,Paramathivelur(Uzhavar Sandhai ),Ginger(Green),Green Ginger,Local,29/08/2026,20000,21000,20500
Tamil Nadu,Theni,Kambam(Uzhavar Sandhai ),Ginger(Green),Green Ginger,Local,29/08/2026,9000,15000,12000
Tamil Nadu,Theni,Theni(Uzhavar Sandhai ),Ginger(Green),Green Ginger,Local,29/08/2026,8000,14000,11000
Tamil Nadu,Salem,Thammampatti (Uzhavar Sandhai ),Ginger(Green),Green Ginger,Local,29/08/2026,17000,17500,17250
Tamil Nadu,Dharmapuri,Karimangalam(Uzhavar Sandhai),Ginger(Green),Green Ginger,Local,29/08/2026,20000,21000,20500
Tamil Nadu,Pudukkottai,Pudukottai(Uzhavar Sandhai ),Ginger(Green),Green Ginger,Local,29/08/2026,27000,28000,27500
Andaman and Nicobar,North and Middle Andaman ,Diglipur Vegetable Market (Subhashgram),Ginger(Green),Other,FAQ,29/08/2026,15000,25000,20000
Tamil Nadu,Vellore,Pallikonda(Uzhavar Sandhai),Coconut,Coconut,Local,29/08/2026,3500,4000,3750
Tamil Nadu,Salem,Thammampatti (Uzhavar Sandhai ),Coconut,Coconut,Local,29/08/2026,6000,6500,6250
Tamil Nadu,Pudukkottai,Karambakkudi(Uzhavar Sandhai ),Coconut,Coconut,Local,29/08/2026,3500,4000,3750
Tamil Nadu,Pudukkottai,Alangudi(Uzhavar Sandhai ),Coconut,Coconut,Local,29/08/2026,3500,4000,3750
Tamil Nadu,Coimbatore,Sundarapuram(Uzhavar Sandhai ),Coconut,Coconut,Local,29/08/2026,5500,6000,5750
Tamil Nadu,Coimbatore,Pollachi(Uzhavar Sandhai ),Coconut,Coconut,Local,29/08/2026,5500,6000,5750
Tamil Nadu,Coimbatore,RSPuram(Uzhavar Sandhai ),Coconut,Coconut,Local,29/08/2026,5400,5800,5600
Tamil Nadu,Thiruchirappalli,Thiruverumbur(Uzhavar Sandhai ),Coconut,Coconut,Local,29/08/2026,7000,7000,7000
Tamil Nadu,Thiruvannamalai,Tiruvannamalai(Uzhavar Sandhai ),Coconut,Coconut,Local,29/08/2026,4000,5000,4500
Tamil Nadu,Vellore,Kahithapattarai(Uzhavar Sandhai ),Coconut,Coconut,Local,29/08/2026,2500,2500,2500
Tamil Nadu,Salem,Hasthampatti(Uzhavar Sandhai ),Coconut,Coconut,Local,29/08/2026,6000,6500,6250
Tamil Nadu,Vellore,Thirupathur APMC,Coconut,Coconut,Local,29/08/2026,5000,5000,5000
Tamil Nadu,Villupuram,Tindivanam APMC,Coconut,Coconut,Local,29/08/2026,6000,6000,6000
Tamil Nadu,Nagapattinam,Sirkali(Uzhavar Sandhai ),Coconut,Coconut,Local,29/08/2026,3500,4000,3750
Tamil Nadu,Theni,Chinnamanur(Uzhavar Sandhai ),Coconut,Coconut,Local,29/08/2026,5500,5500,5500
Tamil Nadu,Coimbatore,Kurichi(Uzhavar Sandhai ),Coconut,Coconut,Local,29/08/2026,5500,6000,5750
Tamil Nadu,Karur,Vengamedu(Uzhavar Sandhai ),Coconut,Coconut,Local,29/08/2026,5500,6000,5750
Tamil Nadu,Thiruchirappalli,Manachanallur(Uzhavar Sandhai ),Coconut,Coconut,Local,29/08/2026,6000,6500,6250
Tamil Nadu,Thiruvannamalai,Chengam(Uzhavar Sandhai ),Coconut,Coconut,Local,29/08/2026,4200,5000,4600
Tamil Nadu,Salem,Edapadi (Uzhavar Sandhai ),Coconut,Coconut,Local,29/08/2026,5000,5500,5250
Tamil Nadu,Pudukkottai,Ponnamaravathi(Uzhavar Sandhai),Coconut,Coconut,Local,29/08/2026,3500,4000,3750
Tamil Nadu,Krishnagiri,Krishnagiri(Uzhavar Sandhai ),Coconut,Coconut,Local,29/08/2026,5000,5400,5200
Tamil Nadu,Vellore,Vellore APMC,Coconut,Coconut,Local,29/08/2026,3000,4000,3500
Tamil Nadu,Thanjavur,Thanjavur(Uzhavar Sandhai ),Coconut,Coconut,Local,29/08/2026,6000,6000,6000
Tamil Nadu,Thiruchirappalli,Lalgudi(Uzhavar Sandhai ),Coconut,Coconut,Local,29/08/2026,7000,7000,7000
Tamil Nadu,Sivaganga,Devakottai (Uzhavar Sandhai ),Coconut,Coconut,Local,29/08/2026,6500,7000,6750
Tamil Nadu,Thiruvellore,Naravarikuppam(Uzhavar Sandhai ),Coconut,Coconut,Local,29/08/2026,6500,6500,6500
Tamil Nadu,Namakkal,Tiruchengode APMC,Coconut,Coconut,Local,29/08/2026,5400,6000,5700
Tamil Nadu,Karur,Velayuthampalayam(Uzhavar Sandhai ),Coconut,Coconut,Local,29/08/2026,5000,6000,5500
Tamil Nadu,Theni,Theni(Uzhavar Sandhai ),Coconut,Coconut,Local,29/08/2026,5600,5600,5600
Tamil Nadu,Theni,Theni(Uzhavar Sandhai ),Betal Leaves,Mysore,Local,29/08/2026,22000,22000,22000
Tamil Nadu,Thiruchirappalli,Thuraiyur APMC,Betal Leaves,Mysore,Local,29/08/2026,8000,9000,8500
Tamil Nadu,Thanjavur,Thanjavur(Uzhavar Sandhai ),Betal Leaves,Mysore,Local,29/08/2026,18000,18000,18000
Tamil Nadu,Coimbatore,Singanallur(Uzhavar Sandhai ),Betal Leaves,Mysore,Local,29/08/2026,21000,22000,21500
Tamil Nadu,Theni,Kambam(Uzhavar Sandhai ),Betal Leaves,Mysore,Local,29/08/2026,23000,23000,23000
Tamil Nadu,Namakkal,Namakkal(Uzhavar Sandhai ),Betal Leaves,Mysore,Local,29/08/2026,12000,13000,12500
Tamil Nadu,Krishnagiri,Hosur(Uzhavar Sandhai ),Betal Leaves,Mysore,Local,29/08/2026,10000,12000,11000
Tamil Nadu,Kancheepuram,Kancheepuram(Uzhavar Sandhai ),Sweet Potato,Hosur Red,Local,29/08/2026,3000,4000,3500
Tamil Nadu,Coimbatore,Sundarapuram(Uzhavar Sandhai ),Sweet Potato,Hosur Red,Local,29/08/2026,4500,5000,4750
Tamil Nadu,Salem,Athur(Uzhavar Sandhai ),Sweet Potato,Hosur Red,Local,29/08/2026,5000,5500,5250
Tamil Nadu,Cuddalore,Cuddalore(Uzhavar Sandhai ),Sweet Potato,Hosur Red,Local,29/08/2026,10000,10000,10000
Tamil Nadu,Chengalpattu,Pallavaram(Uzhavar Sandhai ),Sweet Potato,Hosur Red,Local,29/08/2026,6000,7000,6500
Tamil Nadu,Kancheepuram,Padappai(Uzhavar Sandhai ),Sweet Potato,Hosur Red,Local,29/08/2026,3000,4000,3500
Tamil Nadu,Dharmapuri,AJattihalli(Uzhavar Sandhai ),Sweet Potato,Hosur Red,Local,29/08/2026,3000,3000,3000
Punjab,Ropar (Rupnagar),Morinda APMC,Carrot,Carrot,Local,29/08/2026,2500,2500,2500
Tamil Nadu,Ramanathapuram,Paramakudi(Uzhavar Sandhai ),Carrot,Pusakesar,Local,29/08/2026,7000,8000,7500
Tamil Nadu,Krishnagiri,Kaveripattinam(Uzhavar Sandhai ),Carrot,Pusakesar,Local,29/08/2026,8000,8000,8000
Tamil Nadu,Sivaganga,Karaikudi(Uzhavar Sandhai ),Carrot,Pusakesar,Local,29/08/2026,5500,6500,6000
Tamil Nadu,Thiruvannamalai,Vandavasi(Uzhavar Sandhai ),Carrot,Pusakesar,Local,29/08/2026,5000,6000,5500
Tamil Nadu,Vellore,Gudiyatham(Uzhavar Sandhai ),Carrot,Pusakesar,Local,29/08/2026,6600,6600,6600
Tamil Nadu,Virudhunagar,Virudhunagar(Uzhavar Sandhai ),Carrot,Pusakesar,Local,29/08/2026,4500,4600,4550
Tamil Nadu,Salem,Athur(Uzhavar Sandhai ),Carrot,Pusakesar,Local,29/08/2026,7000,8000,7500
Tamil Nadu,Salem,Ammapet(Uzhavar Sandhai ),Carrot,Pusakesar,Local,29/08/2026,7500,8000,7750
Tamil Nadu,Coimbatore,Udumalpet APMC,Carrot,Pusakesar,Local,29/08/2026,7000,8000,7500
Tamil Nadu,Erode,Perundurai(Uzhavar Sandhai ),Carrot,Pusakesar,Local,29/08/2026,6500,7000,6750
Tamil Nadu,Nagercoil (Kannyiakumari),Myladi(Uzhavar Sandhai ),Carrot,Pusakesar,Local,29/08/2026,7500,8000,7750
Tamil Nadu,Thiruchirappalli,Thuraiyur APMC,Carrot,Pusakesar,Local,29/08/2026,7000,7600,7300
Tamil Nadu,Salem,Jalagandapuram(Uzhavar Sandhai ),Carrot,Pusakesar,Local,29/08/2026,7500,8000,7750
Tamil Nadu,Cuddalore,Cuddalore(Uzhavar Sandhai ),Carrot,Pusakesar,Local,29/08/2026,6000,6000,6000
Tamil Nadu,Coimbatore,Singanallur(Uzhavar Sandhai ),Carrot,Pusakesar,Local,29/08/2026,6000,6800,6400
Tamil Nadu,Dindigul,Chinnalapatti(Uzhavar Sandhai ),Carrot,Pusakesar,Local,29/08/2026,6000,8000,7000
Tamil Nadu,Vellore,Kahithapattarai(Uzhavar Sandhai ),Carrot,Pusakesar,Local,29/08/2026,5000,5000,5000
Tamil Nadu,Salem,Mettur(Uzhavar Sandhai ),Carrot,Pusakesar,Local,29/08/2026,8000,8500,8250
Tamil Nadu,Villupuram,Tindivanam APMC,Carrot,Pusakesar,Local,29/08/2026,7000,7000,7000
Tamil Nadu,Theni,Chinnamanur(Uzhavar Sandhai ),Carrot,Pusakesar,Local,29/08/2026,6000,6000,6000
Tamil Nadu,Karur,Gandhigramam(Uzhavar Sandhai),Carrot,Pusakesar,Local,29/08/2026,7000,8000,7500
Odisha,Sundergarh,Panposh APMC,Cabbage,Cabbage,FAQ,29/08/2026,2000,3000,2500
Tamil Nadu,The Nilgiris,Coonoor(Uzhavar Sandhai ),Cabbage,Cabbage,Local,29/08/2026,2400,2800,2600
Tamil Nadu,Thiruchirappalli,Thiruverumbur(Uzhavar Sandhai ),Cabbage,Cabbage,Local,29/08/2026,3000,3000,3000
Tamil Nadu,Salem,Thammampatti (Uzhavar Sandhai ),Cabbage,Cabbage,Local,29/08/2026,3500,4000,3750
Tamil Nadu,Ramanathapuram,Paramakudi(Uzhavar Sandhai ),Cabbage,Cabbage,Local,29/08/2026,4500,4800,4650
Tamil Nadu,Salem,Ammapet(Uzhavar Sandhai ),Cabbage,Cabbage,Local,29/08/2026,2500,3000,2750
Tamil Nadu,The Nilgiris,Gudalur(Uzhavar Sandhai ),Cabbage,Cabbage,Local,29/08/2026,2000,2500,2250
Tamil Nadu,Salem,Jalagandapuram(Uzhavar Sandhai ),Cabbage,Cabbage,Local,29/08/2026,2500,3000,2750
Tamil Nadu,Namakkal,Tiruchengode APMC,Cabbage,Cabbage,Local,29/08/2026,2600,3000,2800
Tamil Nadu,Erode,Sathiyamagalam(Uzhavar Sandhai ),Cabbage,Cabbage,Local,29/08/2026,3000,3400,3200
Tamil Nadu,Thanjavur,Pattukottai(Uzhavar Sandhai ),Cabbage,Cabbage,Local,29/08/2026,4400,4400,4400
Tamil Nadu,Thirupur,Dharapuram(Uzhavar Sandhai ),Cabbage,Cabbage,Local,29/08/2026,3000,3200,3100
Tamil Nadu,Dindigul,Chinnalapatti(Uzhavar Sandhai ),Cabbage,Cabbage,Local,29/08/2026,3600,4000,3800
Tamil Nadu,Krishnagiri,Denkanikottai(Uzhavar Sandhai ),Cabbage,Cabbage,Local,29/08/2026,1200,1500,1350
Tamil Nadu,Vellore,Thirupathur APMC,Cabbage,Cabbage,Local,29/08/2026,3400,3400,3400
Tamil Nadu,Dharmapuri,Pennagaram(Uzhavar Sandhai ),Cabbage,Cabbage,Local,29/08/2026,3600,4000,3800
Chandigarh,Chandigarh,Chandigarh (Grain/F&V) APMC,Cabbage,Cabbage,FAQ,29/08/2026,300,1600,1500
Telangana,Ranga Reddy,"Vanasthalipuram,RBZ ",Cabbage,Cabbage,Grade A,29/08/2026,1300,1300,1300
Tamil Nadu,Nagapattinam,Sirkali(Uzhavar Sandhai ),Snakeguard,Snakeguard,Local,29/08/2026,4500,5000,4750
Tamil Nadu,Cuddalore,Cuddalore(Uzhavar Sandhai ),Snakeguard,Snakeguard,Local,29/08/2026,3000,3000,3000
Tamil Nadu,Coimbatore,Kurichi(Uzhavar Sandhai ),Snakeguard,Snakeguard,Local,29/08/2026,3500,4000,3750
Tamil Nadu,Dindigul,Palani(Uzhavar Sandhai ),Snakeguard,Snakeguard,Local,29/08/2026,2000,3000,2500
Tamil Nadu,Thiruvannamalai,Vandavasi(Uzhavar Sandhai ),Snakeguard,Snakeguard,Local,29/08/2026,2500,3000,2750
Tamil Nadu,Thiruchirappalli,Lalgudi(Uzhavar Sandhai ),Snakeguard,Snakeguard,Local,29/08/2026,4600,4600,4600
Tamil Nadu,Erode,Sathiyamagalam(Uzhavar Sandhai ),Snakeguard,Snakeguard,Local,29/08/2026,3500,4000,3750
Tamil Nadu,Madurai,Usilampatti(Uzhavar Sandhai ),Snakeguard,Snakeguard,Local,29/08/2026,3600,4000,3800
Tamil Nadu,Krishnagiri,Krishnagiri(Uzhavar Sandhai ),Snakeguard,Snakeguard,Local,29/08/2026,3000,3600,3300
Tamil Nadu,Vellore,Vellore APMC,Snakeguard,Snakeguard,Local,29/08/2026,2000,2500,2250
Tamil Nadu,Dharmapuri,Karimangalam(Uzhavar Sandhai),Snakeguard,Snakeguard,Local,29/08/2026,2800,3000,2900
Tamil Nadu,Ranipet,Arcot(Uzhavar Sandhai ),Snakeguard,Snakeguard,Local,29/08/2026,3000,3000,3000
Tamil Nadu,Sivaganga,Singampunari(Uzhavar Sandhai ),Snakeguard,Snakeguard,Local,29/08/2026,3200,3800,3500
Tamil Nadu,Chengalpattu,Madhuranthagam(Uzhavar Sandhai ),Snakeguard,Snakeguard,Local,29/08/2026,4000,4000,4000
Tamil Nadu,Thanjavur,Pattukottai(Uzhavar Sandhai ),Snakeguard,Snakeguard,Local,29/08/2026,4400,4400,4400
Tamil Nadu,Thiruvellore,Tiruthani(Uzhavar Sandhai ),Snakeguard,Snakeguard,Local,29/08/2026,4000,4000,4000
Tamil Nadu,Namakkal,Paramathivelur(Uzhavar Sandhai ),Snakeguard,Snakeguard,Local,29/08/2026,4500,5000,4750
Tamil Nadu,Karur,Kulithalai(Uzhavar Sandhai ),Snakeguard,Snakeguard,Local,29/08/2026,3000,3600,3300
Tamil Nadu,The Nilgiris,Udhagamandalam(Uzhavar Sandhai ),Snakeguard,Snakeguard,Local,29/08/2026,3200,3600,3400
Tamil Nadu,Erode,Perundurai(Uzhavar Sandhai ),Snakeguard,Snakeguard,Local,29/08/2026,3000,3500,3250
Tamil Nadu,Nagercoil (Kannyiakumari),Myladi(Uzhavar Sandhai ),Snakeguard,Snakeguard,Local,29/08/2026,5500,6000,5750
Tamil Nadu,Ramanathapuram,Paramakudi(Uzhavar Sandhai ),Snakeguard,Snakeguard,Local,29/08/2026,5000,5200,5100
Tamil Nadu,Sivaganga,Tirupatthur(Uzhavar Sandhai ),Snakeguard,Snakeguard,Local,29/08/2026,3500,4000,3750
Tamil Nadu,Thanjavur,Kumbakonam (Uzhavar Sandhai ),Snakeguard,Snakeguard,Local,29/08/2026,4200,4200,4200
Tamil Nadu,Coimbatore,Udumalpet APMC,Snakeguard,Snakeguard,Local,29/08/2026,3000,4000,3500
Tamil Nadu,Thiruchirappalli,Thiruverumbur(Uzhavar Sandhai ),Snakeguard,Snakeguard,Local,29/08/2026,3600,3600,3600
Tamil Nadu,Madurai,Palanganatham(Uzhavar Sandhai ),Snakeguard,Snakeguard,Local,29/08/2026,3600,4000,3800
Tamil Nadu,Thiruchirappalli,Thuraiyur APMC,Snakeguard,Snakeguard,Local,29/08/2026,3600,4500,4050
Tamil Nadu,Vellore,Pallikonda(Uzhavar Sandhai),Snakeguard,Snakeguard,Local,29/08/2026,3000,3000,3000
Tamil Nadu,Virudhunagar,Sivakasi(Uzhavar Sandhai ),Snakeguard,Snakeguard,Local,29/08/2026,4000,5000,4500
Tamil Nadu,Salem,Hasthampatti(Uzhavar Sandhai ),Snakeguard,Snakeguard,Local,29/08/2026,3800,4000,3900
Tamil Nadu,Karur,Vengamedu(Uzhavar Sandhai ),Snakeguard,Snakeguard,Local,29/08/2026,3500,4000,3750
Tamil Nadu,Madurai,Anaiyur(Uzhavar Sandhai ),Snakeguard,Snakeguard,Local,29/08/2026,3500,4000,3750
Tamil Nadu,Madurai,Melur(Uzhavar Sandhai ),Snakeguard,Snakeguard,Local,29/08/2026,3600,4000,3800
Tamil Nadu,Salem,Edapadi (Uzhavar Sandhai ),Snakeguard,Snakeguard,Local,29/08/2026,3500,4000,3750
Tamil Nadu,Salem,Attayampatti(Uzhavar Sandhai ),Snakeguard,Snakeguard,Local,29/08/2026,3400,3800,3600
Tamil Nadu,Thiruvannamalai,Tiruvannamalai(Uzhavar Sandhai ),Beetroot,Beetroot,Local,29/08/2026,4000,4800,4400
Tamil Nadu,Tuticorin,Tuticorin(Uzhavar Sandhai ),Beetroot,Beetroot,Local,29/08/2026,5000,5500,5250
Tamil Nadu,Salem,Jalagandapuram(Uzhavar Sandhai ),Beetroot,Beetroot,Local,29/08/2026,5000,6000,5500
Tamil Nadu,Nagapattinam,Mayiladuthurai(Uzhavar Sandhai ),Beetroot,Beetroot,Local,29/08/2026,5500,6000,5750
Tamil Nadu,Thirupur,Kangayam(Uzhavar Sandhai ),Beetroot,Beetroot,Local,29/08/2026,2400,2800,2600
Tamil Nadu,Theni,Kambam(Uzhavar Sandhai ),Beetroot,Beetroot,Local,29/08/2026,3500,3500,3500
Tamil Nadu,Karur,Kulithalai(Uzhavar Sandhai ),Beetroot,Beetroot,Local,29/08/2026,4400,5000,4700
Tamil Nadu,Erode,Perundurai(Uzhavar Sandhai ),Beetroot,Beetroot,Local,29/08/2026,7500,8000,7750
Tamil Nadu,Erode,Sathiyamagalam(Uzhavar Sandhai ),Beetroot,Beetroot,Local,29/08/2026,6000,6500,6250
Tamil Nadu,Villupuram,Gingee(Uzhavar Sandhai ),Beetroot,Beetroot,Local,29/08/2026,5000,5000,5000
Tamil Nadu,Coimbatore,Vadavalli(Uzhavar Sandhai ),Beetroot,Beetroot,Local,29/08/2026,6500,7000,6750
Tamil Nadu,Erode,Thalavadi(Uzhavar Sandhai ),Beetroot,Beetroot,Local,29/08/2026,3400,3800,3600
Tamil Nadu,Thiruvannamalai,Polur(Uzhavar Sandhai ),Beetroot,Beetroot,Local,29/08/2026,4000,4800,4400
Tamil Nadu,Krishnagiri,Denkanikottai(Uzhavar Sandhai ),Beetroot,Beetroot,Local,29/08/2026,3000,3500,3250
Tamil Nadu,Vellore,Kahithapattarai(Uzhavar Sandhai ),Beetroot,Beetroot,Local,29/08/2026,3500,3500,3500
Tamil Nadu,Kallakuruchi,Kallakurichi(Uzhavar Sandhai ),Beetroot,Beetroot,Local,29/08/2026,6000,6000,6000
Tamil Nadu,Vellore,Thirupathur APMC,Beetroot,Beetroot,Local,29/08/2026,5600,5600,5600
Tamil Nadu,Ranipet,Arcot(Uzhavar Sandhai ),Beetroot,Beetroot,Local,29/08/2026,5000,5000,5000
Tamil Nadu,Thanjavur,Kumbakonam (Uzhavar Sandhai ),Beetroot,Beetroot,Local,29/08/2026,4800,6000,5400
Tamil Nadu,The Nilgiris,Coonoor(Uzhavar Sandhai ),Beetroot,Beetroot,Local,29/08/2026,5000,5500,5250
Tamil Nadu,Villupuram,Tindivanam APMC,Beetroot,Beetroot,Local,29/08/2026,4800,4800,4800
Tamil Nadu,Thiruvellore,Tiruthani(Uzhavar Sandhai ),Beetroot,Beetroot,Local,29/08/2026,6000,6000,6000
Tamil Nadu,Sivaganga,Sivagangai (Uzhavar Sandhai ),Beetroot,Beetroot,Local,29/08/2026,5400,5600,5500
Tamil Nadu,Namakkal,Namakkal(Uzhavar Sandhai ),Beetroot,Beetroot,Local,29/08/2026,8000,9000,8500
Himachal Pradesh,Kangra,SMY Baijnath,Cucumbar(Kheera),Cucumbar,Grade A,29/08/2026,2500,3300,3200
Tamil Nadu,Salem,Athur(Uzhavar Sandhai ),Cucumbar(Kheera),Cucumbar,Local,29/08/2026,6000,6500,6250
Tamil Nadu,Nagapattinam,Nagapattinam(Uzhavar Sandhai ),Cucumbar(Kheera),Cucumbar,Local,29/08/2026,8100,8100,8100
Tamil Nadu,Coimbatore,Sulur(Uzhavar Sandhai ),Cucumbar(Kheera),Cucumbar,Local,29/08/2026,3500,4000,3750
Tamil Nadu,Kancheepuram,Padappai(Uzhavar Sandhai ),Cucumbar(Kheera),Cucumbar,Local,29/08/2026,2000,3000,2500
Tamil Nadu,Erode,Sathiyamagalam(Uzhavar Sandhai ),Cucumbar(Kheera),Cucumbar,Local,29/08/2026,3000,3500,3250
Tamil Nadu,Salem,Attayampatti(Uzhavar Sandhai ),Cucumbar(Kheera),Cucumbar,Local,29/08/2026,5000,6000,5500
Tamil Nadu,Thanjavur,Kumbakonam (Uzhavar Sandhai ),Cucumbar(Kheera),Cucumbar,Local,29/08/2026,6000,6000,6000
Tamil Nadu,Karur,Kulithalai(Uzhavar Sandhai ),Cucumbar(Kheera),Cucumbar,Local,29/08/2026,6000,6500,6250
Tamil Nadu,Vellore,Perampet(Uzhavar Sandhai),Cucumbar(Kheera),Cucumbar,Local,29/08/2026,4000,4000,4000
Tamil Nadu,Salem,Hasthampatti(Uzhavar Sandhai ),Cucumbar(Kheera),Cucumbar,Local,29/08/2026,4000,5000,4500
Tamil Nadu,The Nilgiris,Coonoor(Uzhavar Sandhai ),Cucumbar(Kheera),Cucumbar,Local,29/08/2026,4500,5000,4750
Tamil Nadu,Thiruvannamalai,Cheyyar(Uzhavar Sandhai ),Cucumbar(Kheera),Cucumbar,Local,29/08/2026,2500,3000,2750
Punjab,Ludhiana,Doraha APMC,Ridgeguard(Tori),Other,Local,29/08/2026,1500,2000,1800
Tamil Nadu,Ramanathapuram,Paramakudi(Uzhavar Sandhai ),Ridgeguard(Tori),Ridgeguard(Tori),Local,29/08/2026,5500,6000,5750
Tamil Nadu,Dharmapuri,Pennagaram(Uzhavar Sandhai ),Ridgeguard(Tori),Ridgeguard(Tori),Local,29/08/2026,3300,3500,3400
Tamil Nadu,Thanjavur,Kumbakonam (Uzhavar Sandhai ),Ridgeguard(Tori),Ridgeguard(Tori),Local,29/08/2026,7200,7200,7200
Tamil Nadu,Coimbatore,Sulur(Uzhavar Sandhai ),Ridgeguard(Tori),Ridgeguard(Tori),Local,29/08/2026,3000,3500,3250
Tamil Nadu,Coimbatore,Mettupalayam(Uzhavar Sandhai ),Ridgeguard(Tori),Ridgeguard(Tori),Local,29/08/2026,3500,4500,4000
Tamil Nadu,Coimbatore,Udumalpet APMC,Ridgeguard(Tori),Ridgeguard(Tori),Local,29/08/2026,5000,5500,5250
Tamil Nadu,The Nilgiris,Gudalur(Uzhavar Sandhai ),Ridgeguard(Tori),Ridgeguard(Tori),Local,29/08/2026,4500,4800,4650
Tamil Nadu,Madurai,Anna nagar(Uzhavar Sandhai ),Ridgeguard(Tori),Ridgeguard(Tori),Local,29/08/2026,5000,5500,5250
Tamil Nadu,Thirupur,Kangayam(Uzhavar Sandhai ),Ridgeguard(Tori),Ridgeguard(Tori),Local,29/08/2026,5500,6000,5750
Tamil Nadu,Karur,Gandhigramam(Uzhavar Sandhai),Ridgeguard(Tori),Ridgeguard(Tori),Local,29/08/2026,4500,5000,4750
Tamil Nadu,Karur,Pallapatti (Uzhavar Sandhai ),Ridgeguard(Tori),Ridgeguard(Tori),Local,29/08/2026,5000,6000,5500
Tamil Nadu,Thiruchirappalli,Manachanallur(Uzhavar Sandhai ),Ridgeguard(Tori),Ridgeguard(Tori),Local,29/08/2026,5400,6000,5700
Tamil Nadu,Madurai,Melur(Uzhavar Sandhai ),Ridgeguard(Tori),Ridgeguard(Tori),Local,29/08/2026,5000,5500,5250
Tamil Nadu,Pudukkottai,Viralimalai(Uzhavar Sandhai ),Ridgeguard(Tori),Ridgeguard(Tori),Local,29/08/2026,4500,5000,4750
Tamil Nadu,Kallakuruchi,Sankarapuram(Uzhavar Sandhai ),Ridgeguard(Tori),Ridgeguard(Tori),Local,29/08/2026,4000,4000,4000
Tamil Nadu,Cuddalore,Cuddalore(Uzhavar Sandhai ),Ridgeguard(Tori),Ridgeguard(Tori),Local,29/08/2026,6000,6000,6000
Tamil Nadu,Chengalpattu,Pallavaram(Uzhavar Sandhai ),Ridgeguard(Tori),Ridgeguard(Tori),Local,29/08/2026,6000,7000,6500
Tamil Nadu,Perambalur,Perambalur(Uzhavar Sandhai ),Ridgeguard(Tori),Ridgeguard(Tori),Local,29/08/2026,6000,6200,6100
Tamil Nadu,Dharmapuri,Karimangalam(Uzhavar Sandhai),Ridgeguard(Tori),Ridgeguard(Tori),Local,29/08/2026,3800,4000,3900
Tamil Nadu,Salem,Ammapet(Uzhavar Sandhai ),Ridgeguard(Tori),Ridgeguard(Tori),Local,29/08/2026,3600,4000,3800
Tamil Nadu,Namakkal,Paramathivelur(Uzhavar Sandhai ),Ridgeguard(Tori),Ridgeguard(Tori),Local,29/08/2026,5500,6000,5750
Tamil Nadu,Theni,Kambam(Uzhavar Sandhai ),Ridgeguard(Tori),Ridgeguard(Tori),Local,29/08/2026,3600,3600,3600
Tamil Nadu,Theni,Theni(Uzhavar Sandhai ),Ridgeguard(Tori),Ridgeguard(Tori),Local,29/08/2026,3800,3800,3800
Punjab,Bhatinda,Rampuraphul(Nabha Mandi) APMC,Raddish,Other,Grade A,29/08/2026,1500,2500,2000
Tamil Nadu,Thiruchirappalli,Lalgudi(Uzhavar Sandhai ),Raddish,Raddish,Local,29/08/2026,4000,4000,4000
Tamil Nadu,Vellore,Perampet(Uzhavar Sandhai),Raddish,Raddish,Local,29/08/2026,2400,2400,2400
Tamil Nadu,Dharmapuri,Karimangalam(Uzhavar Sandhai),Raddish,Raddish,Local,29/08/2026,1800,2000,1900
Tamil Nadu,Pudukkottai,Pudukottai(Uzhavar Sandhai ),Raddish,Raddish,Local,29/08/2026,3000,4000,3500
Tamil Nadu,Villupuram,Gingee(Uzhavar Sandhai ),Raddish,Raddish,Local,29/08/2026,4000,4000,4000
Tamil Nadu,Thirupur,Tiruppur (South) (Uzhavar Sandhai ),Raddish,Raddish,Local,29/08/2026,1500,2000,1750
Tamil Nadu,Kancheepuram,Kancheepuram(Uzhavar Sandhai ),Raddish,Raddish,Local,29/08/2026,2500,3000,2750
Tamil Nadu,Thiruvarur,Valangaiman APMC,Raddish,Raddish,Local,29/08/2026,3000,3000,3000
Tamil Nadu,Coimbatore,Pollachi(Uzhavar Sandhai ),Raddish,Raddish,Local,29/08/2026,3500,4000,3750
Tamil Nadu,Virudhunagar,Kariyapatti(Uzhavar Sandhai ),Raddish,Raddish,Local,29/08/2026,3000,3500,3250
Tamil Nadu,Namakkal,Kumarapalayam(Uzhavar Sandhai ),Raddish,Raddish,Local,29/08/2026,2500,3000,2750
Tamil Nadu,Namakkal,Rasipuram(Uzhavar Sandhai ),Raddish,Raddish,Local,29/08/2026,3000,3500,3250
Tamil Nadu,Karur,Gandhigramam(Uzhavar Sandhai),Raddish,Raddish,Local,29/08/2026,2500,3000,2750
Tamil Nadu,Karur,Vengamedu(Uzhavar Sandhai ),Raddish,Raddish,Local,29/08/2026,2500,3000,2750
Tamil Nadu,Thiruvannamalai,Tamarainagar(Uzhavar Sandhai ),Raddish,Raddish,Local,29/08/2026,2500,3000,2750
Tamil Nadu,Tuticorin,Tuticorin(Uzhavar Sandhai ),Raddish,Raddish,Local,29/08/2026,3000,3500,3250
Tamil Nadu,Ramanathapuram,Ramanathapuram(Uzhavar Sandhai ),Raddish,Raddish,Local,29/08/2026,4200,4500,4350
Tamil Nadu,Dharmapuri,Dharmapuri(Uzhavar Sandhai ),Raddish,Raddish,Local,29/08/2026,1500,1600,1550
Tamil Nadu,Sivaganga,Sivagangai (Uzhavar Sandhai ),Raddish,Raddish,Local,29/08/2026,2800,3000,2900
Tamil Nadu,Kancheepuram,Kundrathur(Uzhavar Sandhai ),Raddish,Raddish,Local,29/08/2026,3500,3500,3500
Tamil Nadu,Thiruvannamalai,Vandavasi(Uzhavar Sandhai ),Raddish,Raddish,Local,29/08/2026,2500,3000,2750
Tamil Nadu,Thiruvellore,Tiruthani(Uzhavar Sandhai ),Thondekai,Thondekai,Local,29/08/2026,5000,5000,5000
Tamil Nadu,Coimbatore,Pollachi(Uzhavar Sandhai ),Thondekai,Thondekai,Local,29/08/2026,4000,4500,4250
Tamil Nadu,Thiruvannamalai,Cheyyar(Uzhavar Sandhai ),Thondekai,Thondekai,Local,29/08/2026,3200,4000,3600
Tamil Nadu,Krishnagiri,Denkanikottai(Uzhavar Sandhai ),Thondekai,Thondekai,Local,29/08/2026,3000,3500,3250
Tamil Nadu,Villupuram,Ulundurpettai APMC,Thondekai,Thondekai,Local,29/08/2026,5000,5000,5000
Tamil Nadu,Salem,Mettur(Uzhavar Sandhai ),Thondekai,Thondekai,Local,29/08/2026,4500,5000,4750
Tamil Nadu,Ranipet,Arcot(Uzhavar Sandhai ),Thondekai,Thondekai,Local,29/08/2026,4000,4000,4000
Tamil Nadu,Salem,Thathakapatti(Uzhavar Sandhai ),Thondekai,Thondekai,Local,29/08/2026,4000,5000,4500
Tamil Nadu,Coimbatore,Vadavalli(Uzhavar Sandhai ),Thondekai,Thondekai,Local,29/08/2026,3400,3800,3600
Tamil Nadu,Kancheepuram,Kundrathur(Uzhavar Sandhai ),Thondekai,Thondekai,Local,29/08/2026,3500,3500,3500
Tamil Nadu,Coimbatore,Kurichi(Uzhavar Sandhai ),Thondekai,Thondekai,Local,29/08/2026,3500,4000,3750
Tamil Nadu,Coimbatore,Mettupalayam(Uzhavar Sandhai ),Thondekai,Thondekai,Local,29/08/2026,2000,2600,2300
Tamil Nadu,Dindigul,Chinnalapatti(Uzhavar Sandhai ),Thondekai,Thondekai,Local,29/08/2026,3600,4000,3800
Tamil Nadu,Thiruchirappalli,Manachanallur(Uzhavar Sandhai ),Thondekai,Thondekai,Local,29/08/2026,3500,4000,3750
Tamil Nadu,Dharmapuri,AJattihalli(Uzhavar Sandhai ),Thondekai,Thondekai,Local,29/08/2026,5000,5000,5000
Tamil Nadu,Kancheepuram,Sunguvarchatram(Uzhavar Sandhai ),Thondekai,Thondekai,Local,29/08/2026,3500,3500,3500
Tamil Nadu,Salem,Vazhapadi(Uzhavar Sandhai),Thondekai,Thondekai,Local,29/08/2026,5000,5000,5000
Tamil Nadu,Vellore,Gudiyatham(Uzhavar Sandhai ),Thondekai,Thondekai,Local,29/08/2026,4600,4600,4600
Tamil Nadu,Virudhunagar,Srivilliputhur(Uzhavar Sandhai ),Thondekai,Thondekai,Local,29/08/2026,5000,6000,5500
Keralam,Alappuzha,Harippad Market,Capsicum,Capsicum,FAQ,29/08/2026,10000,10500,10000
Punjab,Ropar (Rupnagar),Morinda APMC,Capsicum,Capsicum,Medium,29/08/2026,4500,5000,4750
Tamil Nadu,Coimbatore,Singanallur(Uzhavar Sandhai ),Capsicum,Capsicum,Local,29/08/2026,5800,6200,6000
Tamil Nadu,Coimbatore,RSPuram(Uzhavar Sandhai ),Capsicum,Capsicum,Local,29/08/2026,5800,6200,6000
Tamil Nadu,Thiruvannamalai,Chengam(Uzhavar Sandhai ),Capsicum,Capsicum,Local,29/08/2026,7000,8000,7500
Tamil Nadu,Salem,Elampillai(Uzhavar Sandhai ),Capsicum,Capsicum,Local,29/08/2026,5500,6000,5750
Tamil Nadu,Dharmapuri,Dharmapuri(Uzhavar Sandhai ),Capsicum,Capsicum,Local,29/08/2026,7500,8000,7750
Tamil Nadu,Dharmapuri,Harur(Uzhavar Sandhai ),Capsicum,Capsicum,Local,29/08/2026,5000,6000,5500
Tamil Nadu,Coimbatore,Mettupalayam(Uzhavar Sandhai ),Capsicum,Capsicum,Local,29/08/2026,6500,7000,6750
Tamil Nadu,Coimbatore,Udumalpet APMC,Capsicum,Capsicum,Local,29/08/2026,9000,9500,9250
Tamil Nadu,Namakkal,Tiruchengode APMC,Capsicum,Capsicum,Local,29/08/2026,6200,7000,6600
Tamil Nadu,Salem,Edapadi (Uzhavar Sandhai ),Capsicum,Capsicum,Local,29/08/2026,4800,5000,4900
Tamil Nadu,Ranipet,Arcot(Uzhavar Sandhai ),Capsicum,Capsicum,Local,29/08/2026,6000,6000,6000
Tamil Nadu,Thanjavur,Kumbakonam (Uzhavar Sandhai ),Capsicum,Capsicum,Local,29/08/2026,9600,9600,9600
Tamil Nadu,Salem,Mettur(Uzhavar Sandhai ),Capsicum,Capsicum,Local,29/08/2026,5500,6000,5750
Tamil Nadu,Thiruvarur,Valangaiman APMC,Green Avare(W),Green Avare (W),Local,29/08/2026,6000,6000,6000
Tamil Nadu,Namakkal,Kumarapalayam(Uzhavar Sandhai ),Green Avare(W),Green Avare (W),Local,29/08/2026,8000,9000,8500
Tamil Nadu,Erode,Gobichettipalayam(Uzhavar Sandhai ),Green Avare(W),Green Avare (W),Local,29/08/2026,4600,5000,4800
Tamil Nadu,Thiruvannamalai,Polur(Uzhavar Sandhai ),Green Avare(W),Green Avare (W),Local,29/08/2026,5000,6000,5500
Tamil Nadu,Vellore,Vellore APMC,Green Avare(W),Green Avare (W),Local,29/08/2026,3500,4500,4000
Tamil Nadu,Ranipet,Arcot(Uzhavar Sandhai ),Green Avare(W),Green Avare (W),Local,29/08/2026,4800,4800,4800
Tamil Nadu,Dharmapuri,Dharmapuri(Uzhavar Sandhai ),Green Avare(W),Green Avare (W),Local,29/08/2026,3300,3600,3450
Tamil Nadu,Thiruvannamalai,Arani(Uzhavar Sandhai ),Green Avare(W),Green Avare (W),Local,29/08/2026,5000,6000,5500
Tamil Nadu,Villupuram,Ulundurpettai APMC,Green Avare(W),Green Avare (W),Local,29/08/2026,8000,8000,8000
Tamil Nadu,Nagapattinam,Vedaranyam(Uzhavar Sandhai),Green Avare(W),Green Avare (W),Local,29/08/2026,6600,7500,7050
Tamil Nadu,Cuddalore,Viruthachalam(Uzhavar Sandhai ),Green Avare(W),Green Avare (W),Local,29/08/2026,6000,10000,8000
Tamil Nadu,Theni,Devaram(Uzhavar Sandhai ),Green Avare(W),Green Avare (W),Local,29/08/2026,4500,4500,4500
Tamil Nadu,Madurai,Thirumangalam(Uzhavar Sandhai ),Green Avare(W),Green Avare (W),Local,29/08/2026,5500,6000,5750
Tamil Nadu,Madurai,Chokkikulam(Uzhavar Sandhai ),Green Avare(W),Green Avare (W),Local,29/08/2026,6000,9000,7500
Tamil Nadu,Virudhunagar,Sivakasi(Uzhavar Sandhai ),Green Avare(W),Green Avare (W),Local,29/08/2026,3500,4000,3750
Tamil Nadu,Dharmapuri,AJattihalli(Uzhavar Sandhai ),Green Avare(W),Green Avare (W),Local,29/08/2026,4000,4000,4000
Tamil Nadu,Cuddalore,Panruti(Uzhavar Sandhai ),Green Avare(W),Green Avare (W),Local,29/08/2026,5000,5000,5000
Tamil Nadu,Salem,Athur(Uzhavar Sandhai ),Green Avare(W),Green Avare (W),Local,29/08/2026,7000,7500,7250
Tamil Nadu,Thirupur,Dharapuram(Uzhavar Sandhai ),Green Avare(W),Green Avare (W),Local,29/08/2026,6000,6400,6200
Tamil Nadu,Theni,Theni(Uzhavar Sandhai ),Green Avare(W),Other,Local,29/08/2026,4400,5000,4700
Tamil Nadu,Pudukkottai,Gandarvakottai(Uzhavar Sandhai ),Green Avare(W),Other,Local,29/08/2026,5500,6000,5750
Tamil Nadu,Pudukkottai,Aranthangi(Uzhavar Sandhai ),Green Avare(W),Other,Local,29/08/2026,5000,6000,5500
Tamil Nadu,Dharmapuri,Karimangalam(Uzhavar Sandhai),Green Avare(W),Other,Local,29/08/2026,3800,4000,3900
Tamil Nadu,Sivaganga,Sivagangai (Uzhavar Sandhai ),Green Avare(W),Other,Local,29/08/2026,3400,3800,3600
Tamil Nadu,Karur,Velayuthampalayam(Uzhavar Sandhai ),Green Avare(W),Other,Local,29/08/2026,7000,8000,7500
Tamil Nadu,Thiruvarur,Mannargudi I(Uzhavar Sandhai ),Green Avare(W),Other,Local,29/08/2026,5000,5000,5000
Tamil Nadu,Karur,Vengamedu(Uzhavar Sandhai ),Green Avare(W),Other,Local,29/08/2026,7000,8000,7500
Tamil Nadu,Karur,Pallapatti (Uzhavar Sandhai ),Green Avare(W),Other,Local,29/08/2026,7000,8000,7500
Tamil Nadu,Coimbatore,RSPuram(Uzhavar Sandhai ),Green Avare(W),Other,Local,29/08/2026,4000,4600,4300
Tamil Nadu,Salem,Edapadi (Uzhavar Sandhai ),Green Avare(W),Other,Local,29/08/2026,7000,7500,7250
Tamil Nadu,Namakkal,Mohanur(Uzhavar Sandhai ),Green Avare(W),Other,Local,29/08/2026,7000,8000,7500
Tamil Nadu,The Nilgiris,Coonoor(Uzhavar Sandhai ),Green Avare(W),Other,Local,29/08/2026,5500,6000,5750
Tamil Nadu,Thirupur,Tiruppur (North) (Uzhavar Sandhai ),Green Avare(W),Other,Local,29/08/2026,6000,7000,6500
Tamil Nadu,Kancheepuram,Kancheepuram(Uzhavar Sandhai ),Green Avare(W),Other,Local,29/08/2026,5500,6500,6000
Tamil Nadu,Namakkal,Mohanur(Uzhavar Sandhai ),Chow Chow,Chow Chow,Local,29/08/2026,4000,5000,4500
Tamil Nadu,Theni,Chinnamanur(Uzhavar Sandhai ),Chow Chow,Chow Chow,Local,29/08/2026,3200,3200,3200
Tamil Nadu,Thiruchirappalli,Thuraiyur APMC,Chow Chow,Chow Chow,Local,29/08/2026,3500,4000,3750
Tamil Nadu,Krishnagiri,Krishnagiri(Uzhavar Sandhai ),Chow Chow,Chow Chow,Local,29/08/2026,3000,4000,3500
Tamil Nadu,Villupuram,Gingee(Uzhavar Sandhai ),Chow Chow,Chow Chow,Local,29/08/2026,4500,4500,4500
Tamil Nadu,Nagapattinam,Sirkali(Uzhavar Sandhai ),Chow Chow,Chow Chow,Local,29/08/2026,2500,3000,2750
Tamil Nadu,Theni,Bodinayakanur(Uzhavar Sandhai ),Chow Chow,Chow Chow,Local,29/08/2026,3200,3200,3200
Tamil Nadu,Thirupur,Palladam(Uzhavar Sandhai ),Chow Chow,Chow Chow,Local,29/08/2026,2500,3000,2750
Tamil Nadu,Dindigul,Chinnalapatti(Uzhavar Sandhai ),Chow Chow,Chow Chow,Local,29/08/2026,3600,4000,3800
Tamil Nadu,Erode,Thalavadi(Uzhavar Sandhai ),Chow Chow,Chow Chow,Local,29/08/2026,2500,3000,2750
Tamil Nadu,Salem,Hasthampatti(Uzhavar Sandhai ),Chow Chow,Chow Chow,Local,29/08/2026,4000,4500,4250
Tamil Nadu,Vellore,Vellore APMC,Chow Chow,Chow Chow,Local,29/08/2026,3000,3500,3250
Tamil Nadu,Theni,Theni(Uzhavar Sandhai ),Chow Chow,Chow Chow,Local,29/08/2026,3000,3000,3000
Tamil Nadu,Salem,Thammampatti (Uzhavar Sandhai ),Chow Chow,Chow Chow,Local,29/08/2026,4000,4000,4000
Tamil Nadu,Vellore,Gudiyatham(Uzhavar Sandhai ),Chow Chow,Chow Chow,Local,29/08/2026,4600,4600,4600
Tamil Nadu,Krishnagiri,Hosur(Uzhavar Sandhai ),Chow Chow,Chow Chow,Local,29/08/2026,1500,2000,1750
Tamil Nadu,Villupuram,Tindivanam APMC,Chow Chow,Chow Chow,Local,29/08/2026,4600,4600,4600
Tamil Nadu,Salem,Ammapet(Uzhavar Sandhai ),Chow Chow,Chow Chow,Local,29/08/2026,3600,4000,3800
Tamil Nadu,Perambalur,Perambalur(Uzhavar Sandhai ),Chow Chow,Chow Chow,Local,29/08/2026,4400,4400,4400
Tamil Nadu,Coimbatore,Udumalpet APMC,Chow Chow,Chow Chow,Local,29/08/2026,4000,4500,4250
Tamil Nadu,Coimbatore,Singanallur(Uzhavar Sandhai ),Chow Chow,Chow Chow,Local,29/08/2026,3200,3600,3400
Tamil Nadu,Salem,Jalagandapuram(Uzhavar Sandhai ),Chow Chow,Chow Chow,Local,29/08/2026,3600,4000,3800
Tamil Nadu,Thirupur,Dharapuram(Uzhavar Sandhai ),Drumstick,Drumstick,Local,29/08/2026,3000,3200,3100
Tamil Nadu,Karur,Vengamedu(Uzhavar Sandhai ),Drumstick,Drumstick,Local,29/08/2026,2000,2500,2250
Tamil Nadu,Thiruchirappalli,Manachanallur(Uzhavar Sandhai ),Drumstick,Drumstick,Local,29/08/2026,3500,4000,3750
Tamil Nadu,Salem,Edapadi (Uzhavar Sandhai ),Drumstick,Drumstick,Local,29/08/2026,2800,3000,2900
Tamil Nadu,Pudukkottai,Viralimalai(Uzhavar Sandhai ),Drumstick,Drumstick,Local,29/08/2026,4500,5000,4750
Tamil Nadu,Thiruvannamalai,Tamarainagar(Uzhavar Sandhai ),Drumstick,Drumstick,Local,29/08/2026,3500,4000,3750
Tamil Nadu,Thiruvannamalai,Vandavasi(Uzhavar Sandhai ),Drumstick,Drumstick,Local,29/08/2026,3500,4200,3850
Tamil Nadu,Vellore,Perampet(Uzhavar Sandhai),Drumstick,Drumstick,Local,29/08/2026,1500,1500,1500
Tamil Nadu,Virudhunagar,Thalavaipuram(Uzhavar Sandhai ),Drumstick,Drumstick,Local,29/08/2026,4000,5000,4500
Tamil Nadu,Villupuram,Ulundurpettai APMC,Drumstick,Drumstick,Local,29/08/2026,4000,4000,4000
Tamil Nadu,Virudhunagar,Srivilliputhur(Uzhavar Sandhai ),Drumstick,Drumstick,Local,29/08/2026,3500,4000,3750
Tamil Nadu,Dharmapuri,AJattihalli(Uzhavar Sandhai ),Drumstick,Drumstick,Local,29/08/2026,2500,3000,2750
Tamil Nadu,Ramanathapuram,Ramanathapuram(Uzhavar Sandhai ),Drumstick,Drumstick,Local,29/08/2026,6000,6500,6250
Tamil Nadu,Thanjavur,Pattukottai(Uzhavar Sandhai ),Drumstick,Drumstick,Local,29/08/2026,4400,4400,4400
Tamil Nadu,Sivaganga,Devakottai (Uzhavar Sandhai ),Drumstick,Drumstick,Local,29/08/2026,3200,3400,3300
Tamil Nadu,Coimbatore,Vadavalli(Uzhavar Sandhai ),Drumstick,Drumstick,Local,29/08/2026,2400,2800,2600
Tamil Nadu,Theni,Devaram(Uzhavar Sandhai ),Drumstick,Drumstick,Local,29/08/2026,2500,2500,2500
Tamil Nadu,Theni,Bodinayakanur(Uzhavar Sandhai ),Drumstick,Drumstick,Local,29/08/2026,3600,3600,3600
Tamil Nadu,Theni,Kambam(Uzhavar Sandhai ),Drumstick,Drumstick,Local,29/08/2026,3000,3500,3250
Tamil Nadu,Theni,Theni(Uzhavar Sandhai ),Drumstick,Drumstick,Local,29/08/2026,2000,4000,3000
Tamil Nadu,Karur,Kulithalai(Uzhavar Sandhai ),Drumstick,Drumstick,Local,29/08/2026,2000,2500,2250
Tamil Nadu,Pudukkottai,Karambakkudi(Uzhavar Sandhai ),Drumstick,Drumstick,Local,29/08/2026,4500,5000,4750
Tamil Nadu,Pudukkottai,Alangudi(Uzhavar Sandhai ),Drumstick,Drumstick,Local,29/08/2026,5000,6000,5500
Tamil Nadu,Virudhunagar,Rajapalayam(Uzhavar Sandhai ),Drumstick,Drumstick,Local,29/08/2026,4500,5000,4750
Tamil Nadu,Salem,Athur(Uzhavar Sandhai ),Drumstick,Drumstick,Local,29/08/2026,1500,2000,1750
Tamil Nadu,Thanjavur,Kumbakonam (Uzhavar Sandhai ),Drumstick,Drumstick,Local,29/08/2026,4800,6000,5400
Tamil Nadu,Coimbatore,Udumalpet APMC,Drumstick,Drumstick,Local,29/08/2026,2500,3000,2750
Tamil Nadu,Dindigul,Chinnalapatti(Uzhavar Sandhai ),Drumstick,Drumstick,Local,29/08/2026,3500,4000,3750
Andaman and Nicobar,North and Middle Andaman ,Diglipur Vegetable Market (Subhashgram),Drumstick,Other,FAQ,29/08/2026,10000,20000,15000
Tamil Nadu,Villupuram,Tindivanam APMC,Mango(Raw-Ripe),Mango - Raw-Ripe,Local,29/08/2026,6000,6000,6000
Tamil Nadu,Thiruvarur,Needamangalam(Uzhavar Sandhai ),Mango(Raw-Ripe),Mango - Raw-Ripe,Local,29/08/2026,8000,8000,8000
Tamil Nadu,Dindigul,Palani(Uzhavar Sandhai ),Mango(Raw-Ripe),Mango - Raw-Ripe,Local,29/08/2026,4000,5000,4500
Tamil Nadu,Nagapattinam,Vedaranyam(Uzhavar Sandhai),Mango(Raw-Ripe),Mango - Raw-Ripe,Local,29/08/2026,4000,5500,4750
Tamil Nadu,Ramanathapuram,Ramanathapuram(Uzhavar Sandhai ),Mango(Raw-Ripe),Mango - Raw-Ripe,Local,29/08/2026,5000,5500,5250
Tamil Nadu,Sivaganga,Devakottai (Uzhavar Sandhai ),Mango(Raw-Ripe),Mango - Raw-Ripe,Local,29/08/2026,5000,6000,5500
Tamil Nadu,Karur,Kulithalai(Uzhavar Sandhai ),Mango(Raw-Ripe),Mango - Raw-Ripe,Local,29/08/2026,7000,9000,8000
Tamil Nadu,Villupuram,Gingee(Uzhavar Sandhai ),Mango(Raw-Ripe),Mango - Raw-Ripe,Local,29/08/2026,7000,7000,7000
Tamil Nadu,Sivaganga,Tirupatthur(Uzhavar Sandhai ),Mango(Raw-Ripe),Mango - Raw-Ripe,Local,29/08/2026,6500,7000,6750
Tamil Nadu,Thiruchirappalli,Manachanallur(Uzhavar Sandhai ),Mango(Raw-Ripe),Mango - Raw-Ripe,Local,29/08/2026,9000,12000,10500
Tamil Nadu,Krishnagiri,Kaveripattinam(Uzhavar Sandhai ),Mango(Raw-Ripe),Mango - Raw-Ripe,Local,29/08/2026,8000,8000,8000
Tamil Nadu,Thanjavur,Kumbakonam (Uzhavar Sandhai ),Mango(Raw-Ripe),Mango - Raw-Ripe,Local,29/08/2026,10800,10800,10800
Tamil Nadu,Perambalur,Perambalur(Uzhavar Sandhai ),Mango(Raw-Ripe),Mango - Raw-Ripe,Local,29/08/2026,9000,9600,9300
Tamil Nadu,Theni,Theni(Uzhavar Sandhai ),Mango(Raw-Ripe),Mango - Raw-Ripe,Local,29/08/2026,4000,4000,4000
Tamil Nadu,Thiruvannamalai,Tamarainagar(Uzhavar Sandhai ),Mango(Raw-Ripe),Mango - Raw-Ripe,Local,29/08/2026,7000,8000,7500
Tamil Nadu,Thiruvannamalai,Vandavasi(Uzhavar Sandhai ),Knool Khol,Knool Khol,Local,29/08/2026,3500,4200,3850
Tamil Nadu,Dharmapuri,Pennagaram(Uzhavar Sandhai ),Knool Khol,Knool Khol,Local,29/08/2026,5200,5500,5350
Tamil Nadu,Sivaganga,Karaikudi(Uzhavar Sandhai ),Knool Khol,Knool Khol,Local,29/08/2026,4500,5500,5000
Tamil Nadu,Madurai,Anna nagar(Uzhavar Sandhai ),Knool Khol,Knool Khol,Local,29/08/2026,4000,5000,4500
Tamil Nadu,Vellore,Kahithapattarai(Uzhavar Sandhai ),Knool Khol,Knool Khol,Local,29/08/2026,3000,3000,3000
Tamil Nadu,Thiruvannamalai,Cheyyar(Uzhavar Sandhai ),Knool Khol,Knool Khol,Local,29/08/2026,3500,4200,3850
Tamil Nadu,Vellore,Vellore APMC,Knool Khol,Knool Khol,Local,29/08/2026,1500,2000,1750
Tamil Nadu,Sivaganga,Singampunari(Uzhavar Sandhai ),Knool Khol,Knool Khol,Local,29/08/2026,4200,5200,4700
Tamil Nadu,Dharmapuri,Dharmapuri(Uzhavar Sandhai ),Knool Khol,Knool Khol,Local,29/08/2026,4200,4500,4350
Tamil Nadu,Theni,Devaram(Uzhavar Sandhai ),Knool Khol,Knool Khol,Local,29/08/2026,3200,3200,3200
Tamil Nadu,Ramanathapuram,Paramakudi(Uzhavar Sandhai ),Knool Khol,Knool Khol,Local,29/08/2026,4500,5000,4750
Tamil Nadu,Karur,Pallapatti (Uzhavar Sandhai ),Lime,Lime,Local,29/08/2026,3500,4000,3750
Tamil Nadu,Salem,Jalagandapuram(Uzhavar Sandhai ),Lime,Lime,Local,29/08/2026,3600,4000,3800
Tamil Nadu,Nagapattinam,Vedaranyam(Uzhavar Sandhai),Lime,Lime,Local,29/08/2026,3000,3000,3000
Tamil Nadu,Madurai,Palanganatham(Uzhavar Sandhai ),Lime,Lime,Local,29/08/2026,12000,16000,14000
Tamil Nadu,Virudhunagar,Kariyapatti(Uzhavar Sandhai ),Lime,Lime,Local,29/08/2026,15000,16000,15500
Tamil Nadu,Salem,Thathakapatti(Uzhavar Sandhai ),Lime,Lime,Local,29/08/2026,3500,4000,3750
Tamil Nadu,Coimbatore,Singanallur(Uzhavar Sandhai ),Lime,Lime,Local,29/08/2026,14000,15000,14500
Tamil Nadu,Cuddalore,Panruti(Uzhavar Sandhai ),Jack Fruit(Ripe),Jack Fruit,Local,29/08/2026,8000,8000,8000
Tamil Nadu,Pudukkottai,Pudukottai(Uzhavar Sandhai ),Jack Fruit(Ripe),Jack Fruit,Local,29/08/2026,2500,3000,2750
Tamil Nadu,Namakkal,Namakkal(Uzhavar Sandhai ),Jack Fruit(Ripe),Jack Fruit,Local,29/08/2026,2500,3000,2750
Tamil Nadu,Villupuram,Gingee(Uzhavar Sandhai ),Guava,Guava Allahabad,Local,29/08/2026,6000,6000,6000
Tamil Nadu,Coimbatore,Singanallur(Uzhavar Sandhai ),Guava,Guava Allahabad,Local,29/08/2026,5500,6000,5750
Tamil Nadu,Pudukkottai,Pudukottai(Uzhavar Sandhai ),Guava,Guava Allahabad,Local,29/08/2026,7000,8000,7500
Tamil Nadu,Salem,Athur(Uzhavar Sandhai ),Guava,Guava Allahabad,Local,29/08/2026,5500,6000,5750
Tamil Nadu,Sivaganga,Tirupatthur(Uzhavar Sandhai ),Guava,Guava Allahabad,Local,29/08/2026,5400,6500,5950
Tamil Nadu,Salem,Thathakapatti(Uzhavar Sandhai ),Guava,Guava Allahabad,Local,29/08/2026,5000,6000,5500
Tamil Nadu,Thanjavur,Kumbakonam (Uzhavar Sandhai ),Guava,Guava Allahabad,Local,29/08/2026,8000,8000,8000
Tamil Nadu,Erode,Perundurai(Uzhavar Sandhai ),Guava,Guava Allahabad,Local,29/08/2026,4600,5000,4800
Tamil Nadu,Tuticorin,Kovilpatti(Uzhavar Sandhai ),Guava,Guava Allahabad,Local,29/08/2026,5500,6000,5750
Tamil Nadu,Madurai,Palanganatham(Uzhavar Sandhai ),Guava,Guava Allahabad,Local,29/08/2026,5000,6000,5500
Tamil Nadu,Virudhunagar,Sivakasi(Uzhavar Sandhai ),Guava,Guava Allahabad,Local,29/08/2026,5000,6000,5500
Tamil Nadu,Kallakuruchi,Kallakurichi(Uzhavar Sandhai ),Guava,Guava Allahabad,Local,29/08/2026,6000,6000,6000
Tamil Nadu,Chengalpattu,Nanganallur(Uzhavar Sandhai ),Guava,Guava Allahabad,Local,29/08/2026,6500,7000,6750
Tamil Nadu,Dindigul,Palani(Uzhavar Sandhai ),Guava,Guava Allahabad,Local,29/08/2026,4000,5000,4500
Tamil Nadu,Erode,Sathiyamagalam(Uzhavar Sandhai ),Guava,Guava Allahabad,Local,29/08/2026,5000,5400,5200
Tamil Nadu,Theni,Theni(Uzhavar Sandhai ),Karbuja(Musk Melon),Karbhuja,Local,29/08/2026,6000,6000,6000
Tamil Nadu,Coimbatore,Vadavalli(Uzhavar Sandhai ),Pomegranate,Pomogranate,Local,29/08/2026,10000,14000,12000
Tamil Nadu,Ranipet,Arcot(Uzhavar Sandhai ),Pomegranate,Pomogranate,Local,29/08/2026,15000,15000,15000
Tamil Nadu,Madurai,Anaiyur(Uzhavar Sandhai ),Pomegranate,Pomogranate,Local,29/08/2026,18000,23000,20500
Tamil Nadu,Cuddalore,Vadalur(Uzhavar Sandhai ),Tender Coconut,Tender Coconut,Local,29/08/2026,2500,3000,2750
Tamil Nadu,Namakkal,Namakkal(Uzhavar Sandhai ),Tender Coconut,Tender Coconut,Local,29/08/2026,1500,3500,2500
Tamil Nadu,Ranipet,Arcot(Uzhavar Sandhai ),Tender Coconut,Tender Coconut,Local,29/08/2026,2500,3000,2750
Tamil Nadu,Perambalur,Perambalur(Uzhavar Sandhai ),Tender Coconut,Tender Coconut,Local,29/08/2026,3500,4000,3750
Tamil Nadu,Vellore,Thirupathur APMC,Tender Coconut,Tender Coconut,Local,29/08/2026,3000,3000,3000
Tamil Nadu,Thirupur,Tiruppur (North) (Uzhavar Sandhai ),Tender Coconut,Tender Coconut,Local,29/08/2026,3000,3500,3250
Tamil Nadu,Vellore,Pallikonda(Uzhavar Sandhai),Tender Coconut,Tender Coconut,Local,29/08/2026,3500,4000,3750
Tamil Nadu,Kallakuruchi,Sankarapuram(Uzhavar Sandhai ),Tender Coconut,Tender Coconut,Local,29/08/2026,3000,3000,3000
Tamil Nadu,Thiruvannamalai,Tamarainagar(Uzhavar Sandhai ),Fig(Anjura/Anjeer),Anjura,Local,29/08/2026,5000,6000,5500
Tamil Nadu,Chengalpattu,Nanganallur(Uzhavar Sandhai ),Jasmine,Jasmine,Local,29/08/2026,40000,45000,42500
Tamil Nadu,Namakkal,Kumarapalayam(Uzhavar Sandhai ),Jasmine,Jasmine,Local,29/08/2026,50000,60000,55000
Tamil Nadu,Krishnagiri,Hosur(Uzhavar Sandhai ),Jasmine,Jasmine,Local,29/08/2026,60000,80000,70000
Tamil Nadu,Dharmapuri,Dharmapuri(Uzhavar Sandhai ),Marigold(Calcutta),Marigold(Calcutta),Local,29/08/2026,13000,14000,13500
Tamil Nadu,Salem,Elampillai(Uzhavar Sandhai ),Marigold(Calcutta),Marigold(Calcutta),Local,29/08/2026,17000,18000,17500
Tamil Nadu,Namakkal,Rasipuram(Uzhavar Sandhai ),Marigold(Calcutta),Marigold(Calcutta),Local,29/08/2026,26000,28000,27000
Tamil Nadu,Salem,Mettur(Uzhavar Sandhai ),Marigold(Calcutta),Marigold(Calcutta),Local,29/08/2026,18000,20000,19000
Tamil Nadu,Vellore,Gudiyatham(Uzhavar Sandhai ),Tamarind Fruit,Tamarind Fruit,Local,29/08/2026,15000,15000,15000
Tamil Nadu,Dharmapuri,Palacode(Uzhavar Sandhai ),Tamarind Fruit,Tamarind Fruit,Local,29/08/2026,11000,11500,11250
Tamil Nadu,Nagercoil (Kannyiakumari),Vadaseri APMC,Tamarind Fruit,Tamarind Fruit,Local,29/08/2026,13000,14000,13500
Tamil Nadu,Krishnagiri,Krishnagiri(Uzhavar Sandhai ),Tamarind Fruit,Tamarind Fruit,Local,29/08/2026,11000,12000,11500
Tamil Nadu,Perambalur,Perambalur(Uzhavar Sandhai ),Elephant Yam(Suran)/Amorphophallus,Elephant Yam (Suran),Local,29/08/2026,4800,5200,5000
Tamil Nadu,Theni,Periyakulam(Uzhavar Sandhai ),Elephant Yam(Suran)/Amorphophallus,Elephant Yam (Suran),Local,29/08/2026,4000,4000,4000
Tamil Nadu,Coimbatore,Pollachi(Uzhavar Sandhai ),Elephant Yam(Suran)/Amorphophallus,Elephant Yam (Suran),Local,29/08/2026,3500,4000,3750
Tamil Nadu,Salem,Thammampatti (Uzhavar Sandhai ),Elephant Yam(Suran)/Amorphophallus,Elephant Yam (Suran),Local,29/08/2026,2000,2500,2250
Tamil Nadu,Salem,Hasthampatti(Uzhavar Sandhai ),Elephant Yam(Suran)/Amorphophallus,Elephant Yam (Suran),Local,29/08/2026,3500,4000,3750
Tamil Nadu,Thirupur,Dharapuram(Uzhavar Sandhai ),Elephant Yam(Suran)/Amorphophallus,Elephant Yam (Suran),Local,29/08/2026,4500,5000,4750
Tamil Nadu,Coimbatore,Singanallur(Uzhavar Sandhai ),Elephant Yam(Suran)/Amorphophallus,Elephant Yam (Suran),Local,29/08/2026,3500,4000,3750
Tamil Nadu,Ramanathapuram,Paramakudi(Uzhavar Sandhai ),Elephant Yam(Suran)/Amorphophallus,Elephant Yam (Suran),Local,29/08/2026,6500,7000,6750
Tamil Nadu,Thirupur,Tiruppur (North) (Uzhavar Sandhai ),Elephant Yam(Suran)/Amorphophallus,Elephant Yam (Suran),Local,29/08/2026,3500,4000,3750
Tamil Nadu,Theni,Kambam(Uzhavar Sandhai ),Elephant Yam(Suran)/Amorphophallus,Elephant Yam (Suran),Local,29/08/2026,4000,4000,4000
Tamil Nadu,The Nilgiris,Gudalur(Uzhavar Sandhai ),Elephant Yam(Suran)/Amorphophallus,Elephant Yam (Suran),Local,29/08/2026,3500,4000,3750
Tamil Nadu,The Nilgiris,Udhagamandalam(Uzhavar Sandhai ),Elephant Yam(Suran)/Amorphophallus,Elephant Yam (Suran),Local,29/08/2026,3500,4000,3750
Tamil Nadu,Virudhunagar,Thalavaipuram(Uzhavar Sandhai ),Elephant Yam(Suran)/Amorphophallus,Elephant Yam (Suran),Local,29/08/2026,4000,5000,4500
Tamil Nadu,Nagapattinam,Mayiladuthurai(Uzhavar Sandhai ),Yam(Ratalu),Yam (Ratalu),Local,29/08/2026,8000,9000,8500
Tamil Nadu,Kancheepuram,Sunguvarchatram(Uzhavar Sandhai ),Yam(Ratalu),Yam (Ratalu),Local,29/08/2026,4000,4000,4000
Tamil Nadu,Madurai,Palanganatham(Uzhavar Sandhai ),Yam(Ratalu),Yam (Ratalu),Local,29/08/2026,7000,7500,7250
Tamil Nadu,Vellore,Pallikonda(Uzhavar Sandhai),Yam(Ratalu),Yam (Ratalu),Local,29/08/2026,5000,5500,5250
Tamil Nadu,Virudhunagar,Kariyapatti(Uzhavar Sandhai ),Yam(Ratalu),Yam (Ratalu),Local,29/08/2026,8500,9000,8750
Tamil Nadu,Salem,Thathakapatti(Uzhavar Sandhai ),Yam(Ratalu),Yam (Ratalu),Local,29/08/2026,7000,8000,7500
Tamil Nadu,Thiruvannamalai,Chengam(Uzhavar Sandhai ),Yam(Ratalu),Yam (Ratalu),Local,29/08/2026,5000,6000,5500
Tamil Nadu,Thiruvannamalai,Arani(Uzhavar Sandhai ),Yam(Ratalu),Yam (Ratalu),Local,29/08/2026,5000,6000,5500
Tamil Nadu,Sivaganga,Singampunari(Uzhavar Sandhai ),Yam(Ratalu),Yam (Ratalu),Local,29/08/2026,7200,7600,7400
Tamil Nadu,Perambalur,Perambalur(Uzhavar Sandhai ),Yam(Ratalu),Yam (Ratalu),Local,29/08/2026,6000,8000,7000
Tamil Nadu,Coimbatore,RSPuram(Uzhavar Sandhai ),Yam(Ratalu),Yam (Ratalu),Local,29/08/2026,7500,8000,7750
Tamil Nadu,Krishnagiri,Avallapalli(Uzhavar Sandhai ),Yam(Ratalu),Yam (Ratalu),Local,29/08/2026,4500,5000,4750
Tamil Nadu,Sivaganga,Karaikudi(Uzhavar Sandhai ),Yam(Ratalu),Yam (Ratalu),Local,29/08/2026,7500,8000,7750
Tamil Nadu,Karur,Kulithalai(Uzhavar Sandhai ),Yam(Ratalu),Yam (Ratalu),Local,29/08/2026,7000,8000,7500
Tamil Nadu,Theni,Theni(Uzhavar Sandhai ),Yam(Ratalu),Yam (Ratalu),Local,29/08/2026,8000,8000,8000
Tamil Nadu,Madurai,Melur(Uzhavar Sandhai ),Yam(Ratalu),Yam (Ratalu),Local,29/08/2026,7000,7500,7250
Tamil Nadu,Thiruvannamalai,Polur(Uzhavar Sandhai ),Yam(Ratalu),Yam (Ratalu),Local,29/08/2026,4000,4800,4400
Tamil Nadu,Nagapattinam,Vedaranyam(Uzhavar Sandhai),Yam(Ratalu),Yam (Ratalu),Local,29/08/2026,6800,7500,7150
Tamil Nadu,Vellore,Perampet(Uzhavar Sandhai),Indian Beans(Seam),Indian Beans (Seam),Local,29/08/2026,5600,5600,5600
Tamil Nadu,Krishnagiri,Avallapalli(Uzhavar Sandhai ),Indian Beans(Seam),Indian Beans (Seam),Local,29/08/2026,3500,4000,3750
Tamil Nadu,Salem,Hasthampatti(Uzhavar Sandhai ),Indian Beans(Seam),Indian Beans (Seam),Local,29/08/2026,5500,6000,5750
Tamil Nadu,Theni,Periyakulam(Uzhavar Sandhai ),Indian Beans(Seam),Indian Beans (Seam),Local,29/08/2026,4800,4800,4800
Tamil Nadu,Dharmapuri,Dharmapuri(Uzhavar Sandhai ),Indian Beans(Seam),Indian Beans (Seam),Local,29/08/2026,6200,6500,6350
Tripura,Dhalai,Kulai APMC,Indian Beans(Seam),Other,Grade B,29/08/2026,5500,6000,5700
Odisha,Mayurbhanja,Betnoti APMC,Pointed gourd(Parval),Other,FAQ,29/08/2026,3300,3700,3500
Uttar Pradesh,Khiri (Lakhimpur),Maigalganj APMC,Pointed gourd(Parval),Pointed gourd (Parval),FAQ,29/08/2026,2550,2590,2570
Punjab,Bhatinda,Rampuraphul(Nabha Mandi) APMC,Lemon,Lemon,Grade A,29/08/2026,6000,8000,7000
Tamil Nadu,Nagapattinam,Vedaranyam(Uzhavar Sandhai),Lemon,Lemon,Local,29/08/2026,8000,8000,8000
Tamil Nadu,Ranipet,Arcot(Uzhavar Sandhai ),Lemon,Lemon,Local,29/08/2026,12000,12000,12000
Tamil Nadu,Theni,Theni(Uzhavar Sandhai ),Lemon,Lemon,Local,29/08/2026,10000,13000,11500
Tamil Nadu,Thiruchirappalli,Manachanallur(Uzhavar Sandhai ),Lemon,Lemon,Local,29/08/2026,10000,12000,11000
Tamil Nadu,Madurai,Palanganatham(Uzhavar Sandhai ),Lemon,Lemon,Local,29/08/2026,18000,20000,19000
Tamil Nadu,Krishnagiri,Hosur(Uzhavar Sandhai ),Lemon,Lemon,Local,29/08/2026,13000,15000,14000
Tamil Nadu,Pudukkottai,Alangudi(Uzhavar Sandhai ),Lemon,Lemon,Local,29/08/2026,11000,12000,11500
Tamil Nadu,Ramanathapuram,Paramakudi(Uzhavar Sandhai ),Lemon,Lemon,Local,29/08/2026,8000,9000,8500
Tamil Nadu,Thiruvellore,Tiruthani(Uzhavar Sandhai ),Lemon,Lemon,Local,29/08/2026,12000,13000,12500
Tamil Nadu,Thirupur,Tiruppur (South) (Uzhavar Sandhai ),Lemon,Lemon,Local,29/08/2026,10000,11000,10500
Tamil Nadu,The Nilgiris,Gudalur(Uzhavar Sandhai ),Lemon,Lemon,Local,29/08/2026,14000,15000,14500
Tamil Nadu,Coimbatore,Singanallur(Uzhavar Sandhai ),Lemon,Lemon,Local,29/08/2026,13000,14500,13750
Tamil Nadu,Thiruchirappalli,Lalgudi(Uzhavar Sandhai ),Lemon,Lemon,Local,29/08/2026,15000,15000,15000
Tamil Nadu,Madurai,Anna nagar(Uzhavar Sandhai ),Lemon,Lemon,Local,29/08/2026,15000,17000,16000
Tamil Nadu,Virudhunagar,Thalavaipuram(Uzhavar Sandhai ),Lemon,Lemon,Local,29/08/2026,12000,15000,13500
Tamil Nadu,Thiruvannamalai,Arani(Uzhavar Sandhai ),Lemon,Lemon,Local,29/08/2026,10000,12000,11000
Tamil Nadu,Vellore,Perampet(Uzhavar Sandhai),Lemon,Lemon,Local,29/08/2026,10000,10000,10000
Tamil Nadu,Pudukkottai,Pudukottai(Uzhavar Sandhai ),Lemon,Lemon,Local,29/08/2026,13000,14000,13500
Tamil Nadu,Cuddalore,Cuddalore(Uzhavar Sandhai ),Lemon,Lemon,Local,29/08/2026,10000,12000,11000
Tamil Nadu,Coimbatore,Sundarapuram(Uzhavar Sandhai ),Lemon,Lemon,Local,29/08/2026,14500,15500,15000
Tamil Nadu,Thirupur,Dharapuram(Uzhavar Sandhai ),Lemon,Lemon,Local,29/08/2026,17000,18000,17500
Tamil Nadu,Vellore,Kahithapattarai(Uzhavar Sandhai ),Lemon,Lemon,Local,29/08/2026,13000,13000,13000
Tamil Nadu,Salem,Attayampatti(Uzhavar Sandhai ),Lemon,Lemon,Local,29/08/2026,5000,5000,5000
Tamil Nadu,Vellore,Kahithapattarai(Uzhavar Sandhai ),Colacasia,Colacasia,Local,29/08/2026,4500,4500,4500
Tamil Nadu,Coimbatore,RSPuram(Uzhavar Sandhai ),Colacasia,Colacasia,Local,29/08/2026,4500,5000,4750
Tamil Nadu,Virudhunagar,Thalavaipuram(Uzhavar Sandhai ),Colacasia,Colacasia,Local,29/08/2026,5500,7000,6250
Tamil Nadu,Vellore,Gudiyatham(Uzhavar Sandhai ),Colacasia,Colacasia,Local,29/08/2026,5600,5600,5600
Tamil Nadu,Thiruvannamalai,Vandavasi(Uzhavar Sandhai ),Colacasia,Colacasia,Local,29/08/2026,3500,4200,3850
Tamil Nadu,Madurai,Palanganatham(Uzhavar Sandhai ),Colacasia,Colacasia,Local,29/08/2026,5000,6000,5500
Tamil Nadu,Villupuram,Gingee(Uzhavar Sandhai ),Colacasia,Colacasia,Local,29/08/2026,6000,6000,6000
Tamil Nadu,Thanjavur,Kumbakonam (Uzhavar Sandhai ),Colacasia,Colacasia,Local,29/08/2026,6000,6000,6000
Tamil Nadu,Thiruchirappalli,Lalgudi(Uzhavar Sandhai ),Colacasia,Colacasia,Local,29/08/2026,5000,5000,5000
Tamil Nadu,Chengalpattu,Nanganallur(Uzhavar Sandhai ),Colacasia,Colacasia,Local,29/08/2026,4500,5000,4750
Uttar Pradesh,Bulandshahar,Gulavati APMC,Colacasia,Other,FAQ,29/08/2026,4000,4200,4100
Tamil Nadu,Dharmapuri,Dharmapuri(Uzhavar Sandhai ),Mashrooms,Mashrooms,Local,29/08/2026,15000,16000,15500
Tamil Nadu,Thanjavur,Kumbakonam (Uzhavar Sandhai ),Mashrooms,Mashrooms,Local,29/08/2026,30000,30000,30000
Tamil Nadu,Chengalpattu,Pallavaram(Uzhavar Sandhai ),Mashrooms,Mashrooms,Local,29/08/2026,23000,25000,24000
Tamil Nadu,Coimbatore,Mettupalayam(Uzhavar Sandhai ),Mashrooms,Mashrooms,Local,29/08/2026,18000,20000,19000
Tamil Nadu,Coimbatore,Pollachi(Uzhavar Sandhai ),Mashrooms,Mashrooms,Local,29/08/2026,18000,20000,19000
Tamil Nadu,Vellore,Kahithapattarai(Uzhavar Sandhai ),Mashrooms,Mashrooms,Local,29/08/2026,30000,30000,30000
Tamil Nadu,Thiruvellore,Tiruthani(Uzhavar Sandhai ),Turnip,Turnip,Local,29/08/2026,4000,4000,4000
Tamil Nadu,Dharmapuri,Karimangalam(Uzhavar Sandhai),Custard Apple(Sharifa),Custard Apple(Sharifa),Local,29/08/2026,4500,5000,4750
Tamil Nadu,Vellore,Kahithapattarai(Uzhavar Sandhai ),Custard Apple(Sharifa),Custard Apple(Sharifa),Local,29/08/2026,5000,5000,5000
Tamil Nadu,Namakkal,Rasipuram(Uzhavar Sandhai ),Custard Apple(Sharifa),Custard Apple(Sharifa),Local,29/08/2026,3500,4000,3750
Tamil Nadu,Dharmapuri,Harur(Uzhavar Sandhai ),Amla(Nelli Kai),Amla,Local,29/08/2026,6000,7000,6500
Tamil Nadu,Thiruvannamalai,Keelpennathur(Uzhavar Sandhai ),Amla(Nelli Kai),Amla,Local,29/08/2026,9000,10000,9500
Tamil Nadu,Kancheepuram,Kancheepuram(Uzhavar Sandhai ),Amla(Nelli Kai),Amla,Local,29/08/2026,8000,10000,9000
Tamil Nadu,Karur,Kulithalai(Uzhavar Sandhai ),Amla(Nelli Kai),Amla,Local,29/08/2026,7500,8000,7750
Tamil Nadu,Vellore,Perampet(Uzhavar Sandhai),Amla(Nelli Kai),Amla,Local,29/08/2026,12000,12000,12000
Tamil Nadu,Kallakuruchi,Sankarapuram(Uzhavar Sandhai ),Amla(Nelli Kai),Amla,Local,29/08/2026,8000,8000,8000
Tamil Nadu,Coimbatore,Vadavalli(Uzhavar Sandhai ),Amla(Nelli Kai),Amla,Local,29/08/2026,8500,9000,8750
Tamil Nadu,Thanjavur,Kumbakonam (Uzhavar Sandhai ),Amla(Nelli Kai),Amla,Local,29/08/2026,9600,9600,9600
Tamil Nadu,Theni,Theni(Uzhavar Sandhai ),Amla(Nelli Kai),Amla,Local,29/08/2026,6000,6000,6000
Tamil Nadu,Thiruvannamalai,Vandavasi(Uzhavar Sandhai ),Amla(Nelli Kai),Amla,Local,29/08/2026,5000,6000,5500
Tamil Nadu,Tuticorin,Tuticorin(Uzhavar Sandhai ),Amla(Nelli Kai),Amla,Local,29/08/2026,7000,7500,7250
Tamil Nadu,Salem,Edapadi (Uzhavar Sandhai ),Amla(Nelli Kai),Amla,Local,29/08/2026,7500,8000,7750
Tamil Nadu,Salem,Jalagandapuram(Uzhavar Sandhai ),Amla(Nelli Kai),Amla,Local,29/08/2026,6500,7000,6750
Tamil Nadu,Dharmapuri,Harur(Uzhavar Sandhai ),Onion Green,Onion Green,Local,29/08/2026,5000,6000,5500
Tamil Nadu,Villupuram,Tindivanam APMC,Onion Green,Onion Green,Local,29/08/2026,7600,7600,7600
Tamil Nadu,Nagapattinam,Sirkali(Uzhavar Sandhai ),Onion Green,Onion Green,Local,29/08/2026,5500,6000,5750
Tamil Nadu,Salem,Ammapet(Uzhavar Sandhai ),Onion Green,Onion Green,Local,29/08/2026,6000,6500,6250
Tamil Nadu,Thirupur,Tiruppur (North) (Uzhavar Sandhai ),Onion Green,Onion Green,Local,29/08/2026,6000,7000,6500
Tamil Nadu,Karur,Velayuthampalayam(Uzhavar Sandhai ),Onion Green,Onion Green,Local,29/08/2026,7000,8000,7500
Tamil Nadu,Thirupur,Palladam(Uzhavar Sandhai ),Onion Green,Onion Green,Local,29/08/2026,6000,7000,6500
Tamil Nadu,The Nilgiris,Udhagamandalam(Uzhavar Sandhai ),Onion Green,Onion Green,Local,29/08/2026,7000,7300,7150
Tamil Nadu,Erode,Perundurai(Uzhavar Sandhai ),Onion Green,Onion Green,Local,29/08/2026,6000,6500,6250
Tamil Nadu,Nagercoil (Kannyiakumari),Myladi(Uzhavar Sandhai ),Onion Green,Onion Green,Local,29/08/2026,7500,8000,7750
Tamil Nadu,Salem,Vazhapadi(Uzhavar Sandhai),Onion Green,Onion Green,Local,29/08/2026,6000,6500,6250
Tamil Nadu,Virudhunagar,Srivilliputhur(Uzhavar Sandhai ),Onion Green,Onion Green,Local,29/08/2026,6000,7000,6500
Tamil Nadu,Villupuram,Gingee(Uzhavar Sandhai ),Onion Green,Onion Green,Local,29/08/2026,7500,7500,7500
Tamil Nadu,Sivaganga,Sivagangai (Uzhavar Sandhai ),Onion Green,Onion Green,Local,29/08/2026,7800,8200,8000
Tamil Nadu,Theni,Devaram(Uzhavar Sandhai ),Onion Green,Onion Green,Local,29/08/2026,6500,6500,6500
Tamil Nadu,Thiruchirappalli,Thiruverumbur(Uzhavar Sandhai ),Onion Green,Onion Green,Local,29/08/2026,7000,8000,7500
Tamil Nadu,Salem,Thammampatti (Uzhavar Sandhai ),Onion Green,Onion Green,Local,29/08/2026,5000,6000,5500
Tamil Nadu,Dharmapuri,Pennagaram(Uzhavar Sandhai ),Onion Green,Onion Green,Local,29/08/2026,5500,6000,5750
Tamil Nadu,Cuddalore,Panruti(Uzhavar Sandhai ),Onion Green,Onion Green,Local,29/08/2026,7000,8000,7500
Tamil Nadu,Namakkal,Namakkal(Uzhavar Sandhai ),Onion Green,Onion Green,Local,29/08/2026,4000,7000,5500
Tamil Nadu,Thiruvannamalai,Cheyyar(Uzhavar Sandhai ),Onion Green,Onion Green,Local,29/08/2026,4800,6000,5400
Tamil Nadu,Tuticorin,Kovilpatti(Uzhavar Sandhai ),Onion Green,Onion Green,Local,29/08/2026,8000,8500,8250
Tamil Nadu,Virudhunagar,Kariyapatti(Uzhavar Sandhai ),Onion Green,Onion Green,Local,29/08/2026,7500,8000,7750
Tamil Nadu,Virudhunagar,Sivakasi(Uzhavar Sandhai ),Onion Green,Onion Green,Local,29/08/2026,7000,8000,7500
Tamil Nadu,Thiruvannamalai,Tamarainagar(Uzhavar Sandhai ),Onion Green,Onion Green,Local,29/08/2026,8000,10000,9000
Tamil Nadu,Thiruchirappalli,Lalgudi(Uzhavar Sandhai ),Onion Green,Onion Green,Local,29/08/2026,8000,8000,8000
Tamil Nadu,Tuticorin,Tuticorin(Uzhavar Sandhai ),Onion Green,Onion Green,Local,29/08/2026,7500,8000,7750
Tamil Nadu,Salem,Mecheri(Uzhavar Sandhai),Mint(Pudina),Mint(Pudina),Local,29/08/2026,3000,3500,3250
Tamil Nadu,Salem,Edapadi (Uzhavar Sandhai ),Mint(Pudina),Mint(Pudina),Local,29/08/2026,2800,3000,2900
Tamil Nadu,Villupuram,Ulundurpettai APMC,Mint(Pudina),Mint(Pudina),Local,29/08/2026,3000,3000,3000
Tamil Nadu,Virudhunagar,Rajapalayam(Uzhavar Sandhai ),Mint(Pudina),Mint(Pudina),Local,29/08/2026,5000,5500,5250
Tamil Nadu,Dharmapuri,Harur(Uzhavar Sandhai ),Mint(Pudina),Mint(Pudina),Local,29/08/2026,3500,4000,3750
Tamil Nadu,Cuddalore,Panruti(Uzhavar Sandhai ),Mint(Pudina),Mint(Pudina),Local,29/08/2026,5000,5000,5000
Tamil Nadu,Salem,Athur(Uzhavar Sandhai ),Mint(Pudina),Mint(Pudina),Local,29/08/2026,3000,3500,3250
Tamil Nadu,Theni,Chinnamanur(Uzhavar Sandhai ),Mint(Pudina),Mint(Pudina),Local,29/08/2026,5000,5000,5000
Tamil Nadu,Karur,Vengamedu(Uzhavar Sandhai ),Mint(Pudina),Mint(Pudina),Local,29/08/2026,5000,5500,5250
Tamil Nadu,Namakkal,Tiruchengode APMC,Mint(Pudina),Mint(Pudina),Local,29/08/2026,4500,5000,4750
Tamil Nadu,Theni,Kambam(Uzhavar Sandhai ),Mint(Pudina),Mint(Pudina),Local,29/08/2026,5000,5000,5000
Tamil Nadu,Karur,Karur(Uzhavar Sandhai ),Mint(Pudina),Mint(Pudina),Local,29/08/2026,5000,5500,5250
Tamil Nadu,Coimbatore,RSPuram(Uzhavar Sandhai ),Mint(Pudina),Mint(Pudina),Local,29/08/2026,4500,5000,4750
Tamil Nadu,Vellore,Perampet(Uzhavar Sandhai),Mint(Pudina),Mint(Pudina),Local,29/08/2026,4000,4000,4000
Tamil Nadu,Nagapattinam,Sirkali(Uzhavar Sandhai ),Mint(Pudina),Mint(Pudina),Local,29/08/2026,4000,4500,4250
Tamil Nadu,Namakkal,Kumarapalayam(Uzhavar Sandhai ),Mint(Pudina),Mint(Pudina),Local,29/08/2026,5500,6000,5750
Tamil Nadu,Coimbatore,Sulur(Uzhavar Sandhai ),Mint(Pudina),Mint(Pudina),Local,29/08/2026,4500,5000,4750
Tamil Nadu,Thiruvannamalai,Tamarainagar(Uzhavar Sandhai ),Mint(Pudina),Mint(Pudina),Local,29/08/2026,4000,5000,4500
Tamil Nadu,Madurai,Melur(Uzhavar Sandhai ),Mint(Pudina),Mint(Pudina),Local,29/08/2026,4500,5000,4750
Tamil Nadu,Salem,Hasthampatti(Uzhavar Sandhai ),Mint(Pudina),Mint(Pudina),Local,29/08/2026,2500,3000,2750
Tamil Nadu,Ranipet,Arcot(Uzhavar Sandhai ),Mint(Pudina),Mint(Pudina),Local,29/08/2026,3500,3500,3500
Tamil Nadu,Sivaganga,Tirupatthur(Uzhavar Sandhai ),Mint(Pudina),Mint(Pudina),Local,29/08/2026,5000,5500,5250
Tamil Nadu,Dharmapuri,Dharmapuri(Uzhavar Sandhai ),Mint(Pudina),Mint(Pudina),Local,29/08/2026,4600,5000,4800
Tamil Nadu,Thanjavur,Kumbakonam (Uzhavar Sandhai ),Mint(Pudina),Mint(Pudina),Local,29/08/2026,6000,6000,6000
Tamil Nadu,Thirupur,Tiruppur (North) (Uzhavar Sandhai ),Mint(Pudina),Mint(Pudina),Local,29/08/2026,2000,2500,2250
Tamil Nadu,Thiruchirappalli,Thiruverumbur(Uzhavar Sandhai ),Mint(Pudina),Mint(Pudina),Local,29/08/2026,6000,6000,6000
Tamil Nadu,Salem,Thammampatti (Uzhavar Sandhai ),Mint(Pudina),Mint(Pudina),Local,29/08/2026,4000,4500,4250
Tamil Nadu,Salem,Elampillai(Uzhavar Sandhai ),Mint(Pudina),Mint(Pudina),Local,29/08/2026,2500,3000,2750
Tamil Nadu,Krishnagiri,Hosur(Uzhavar Sandhai ),Mint(Pudina),Mint(Pudina),Local,29/08/2026,3500,4000,3750
Tamil Nadu,Nagapattinam,Mayiladuthurai(Uzhavar Sandhai ),Mint(Pudina),Mint(Pudina),Local,29/08/2026,4000,4500,4250
Tamil Nadu,Perambalur,Perambalur(Uzhavar Sandhai ),Mint(Pudina),Mint(Pudina),Local,29/08/2026,6000,6000,6000
Tamil Nadu,Coimbatore,Udumalpet APMC,Mint(Pudina),Mint(Pudina),Local,29/08/2026,4000,5000,4500
Tamil Nadu,Namakkal,Namakkal(Uzhavar Sandhai ),Mint(Pudina),Mint(Pudina),Local,29/08/2026,4500,5000,4750
Tamil Nadu,Vellore,Vellore APMC,Rose(Local),Rose (Local),Local,29/08/2026,14000,15000,14500
Tamil Nadu,Thiruvannamalai,Keelpennathur(Uzhavar Sandhai ),Rose(Local),Rose (Local),Local,29/08/2026,20000,23000,21500
Tamil Nadu,Salem,Athur(Uzhavar Sandhai ),Rose(Local),Rose (Local),Local,29/08/2026,16000,18000,17000
Tamil Nadu,Salem,Athur(Uzhavar Sandhai ),Tube Rose(Loose),Tube Rose (Loose),Local,29/08/2026,18000,25000,21500
Tamil Nadu,Coimbatore,Vadavalli(Uzhavar Sandhai ),Baby Corn,Baby Corn,Grade A,29/08/2026,2200,2600,2400
Tamil Nadu,Kallakuruchi,Kallakurichi(Uzhavar Sandhai ),Baby Corn,Baby Corn,Grade A,29/08/2026,3000,3000,3000
Tamil Nadu,Salem,Thammampatti (Uzhavar Sandhai ),Baby Corn,Baby Corn,Grade A,29/08/2026,2500,3000,2750
Tamil Nadu,Ranipet,Arcot(Uzhavar Sandhai ),Sweet Corn ,Sweet Corn ,Local,29/08/2026,4000,4000,4000
Tamil Nadu,Dindigul,Palani(Uzhavar Sandhai ),Sweet Corn ,Sweet Corn ,Local,29/08/2026,3000,5000,4000
Tamil Nadu,Kallakuruchi,Sankarapuram(Uzhavar Sandhai ),Sweet Corn ,Sweet Corn ,Local,29/08/2026,5000,5000,5000
Tamil Nadu,Kancheepuram,Padappai(Uzhavar Sandhai ),Sweet Corn ,Sweet Corn ,Local,29/08/2026,3000,4000,3500
Tamil Nadu,Namakkal,Rasipuram(Uzhavar Sandhai ),Sweet Corn ,Sweet Corn ,Local,29/08/2026,2000,2500,2250
Tamil Nadu,Namakkal,Tiruchengode APMC,Sweet Corn ,Sweet Corn ,Local,29/08/2026,4500,5000,4750
Tamil Nadu,Erode,Sathiyamagalam(Uzhavar Sandhai ),Sweet Corn ,Sweet Corn ,Local,29/08/2026,2500,3000,2750
Tamil Nadu,Salem,Hasthampatti(Uzhavar Sandhai ),Sweet Corn ,Sweet Corn ,Local,29/08/2026,3500,4000,3750
Andhra Pradesh,Polavaram,Rampachodvaram APMC,Paddy(Common),1001,Grade Range-2,29/08/2026,2369,2389,2379
Andhra Pradesh,Kakinada,Sampara (Kakinada Rural) APMC,Paddy(Common),1001,FAQ,29/08/2026,2369,2389,2379
Andhra Pradesh,Anakapally,Yellamanchili APMC,Paddy(Common),1001,Local,29/08/2026,2390,2450,2400
Andhra Pradesh,Prakasam,Santhamaguluru APMC,Paddy(Common),B P T,FAQ,29/08/2026,2500,2580,2550
Andhra Pradesh,Bapatla,Chirala APMC,Paddy(Common),B P T,Local,29/08/2026,2400,2500,2450
Andhra Pradesh,Palnadu,Macharla APMC,Paddy(Common),B P T,Grade Range-1,29/08/2026,3200,3200,3200
Andhra Pradesh,Kakinada,Kakinada (Urban) APMC,Paddy(Common),Common,FAQ,29/08/2026,2369,2390,2375
Andhra Pradesh,Srikakulam,Kothabommali APMC,Paddy(Common),Paddy,Local,29/08/2026,2800,2800,2800
Andhra Pradesh,Palnadu,Rompicherla APMC,Maize,Hybrid/Local,FAQ,29/08/2026,2300,2400,2400
Telangana,Mahbubnagar,Badepally APMC,Maize,Local,Local,29/08/2026,2222,2222,2222
Andhra Pradesh,Vijayanagaram,Bobbili APMC,Maize,Local,FAQ,29/08/2026,4800,4800,4800
Andhra Pradesh,Nandyal,Koilkunta APMC,Jowar(Sorghum),Jowar ( White),FAQ,29/08/2026,2900,3300,3100
Andhra Pradesh,Palnadu,Narasaraopet APMC,Black Gram(Urd Beans)(Whole),Black Gram (Whole),FAQ,29/08/2026,8500,8500,8500
Andhra Pradesh,Palnadu,Ipur APMC,Black Gram(Urd Beans)(Whole),Local,FAQ,29/08/2026,7500,7950,7600
Andaman and Nicobar,North and Middle Andaman ,Diglipur Vegetable Market (Subhashgram),Black Gram(Urd Beans)(Whole),Other,FAQ,29/08/2026,8000,12000,9500
Tamil Nadu,Salem,Thathakapatti(Uzhavar Sandhai ),Groundnut,Big (With Shell),Local,29/08/2026,7000,8000,7500
Tamil Nadu,Dharmapuri,Pennagaram(Uzhavar Sandhai ),Groundnut,Big (With Shell),Local,29/08/2026,6200,6500,6350
Tamil Nadu,Coimbatore,Mettupalayam(Uzhavar Sandhai ),Groundnut,Big (With Shell),Local,29/08/2026,7000,8000,7500
Tamil Nadu,Madurai,Anna nagar(Uzhavar Sandhai ),Groundnut,Big (With Shell),Local,29/08/2026,7000,8000,7500
Tamil Nadu,Villupuram,Gingee(Uzhavar Sandhai ),Groundnut,Big (With Shell),Local,29/08/2026,7000,7000,7000
Tamil Nadu,Nagapattinam,Nagapattinam(Uzhavar Sandhai ),Groundnut,Big (With Shell),Local,29/08/2026,5000,6100,5550
Tamil Nadu,Salem,Hasthampatti(Uzhavar Sandhai ),Groundnut,Big (With Shell),Local,29/08/2026,7000,7500,7250
Tamil Nadu,Vellore,Vellore APMC,Groundnut,Big (With Shell),Local,29/08/2026,7000,8000,7500
Tamil Nadu,Salem,Vazhapadi(Uzhavar Sandhai),Groundnut,Big (With Shell),Local,29/08/2026,8000,8000,8000
Tamil Nadu,Vellore,Thirupathur APMC,Groundnut,Big (With Shell),Local,29/08/2026,6000,6000,6000
Andhra Pradesh,Alluri Sitharama Raju,Chintapally APMC,Groundnut,Local,FAQ,29/08/2026,6700,7300,7000
Tamil Nadu,Ramanathapuram,Ramanathapuram(Uzhavar Sandhai ),Soyabean,Local,Local,29/08/2026,9000,9500,9250
Andhra Pradesh,Markapuram,Yerragondapalem APMC,Cotton,170-C2  (Ginned),FAQ,29/08/2026,7700,7700,7700
Tamil Nadu,The Nilgiris,Udhagamandalam(Uzhavar Sandhai ),Apple,American,Local,29/08/2026,20000,23000,21500
Tamil Nadu,Madurai,Palanganatham(Uzhavar Sandhai ),Apple,American,Local,29/08/2026,20000,27000,23500
Tamil Nadu,Vellore,Vellore APMC,Apple,American,Local,29/08/2026,26000,26000,26000
Tamil Nadu,Thanjavur,Thanjavur(Uzhavar Sandhai ),Apple,American,Local,29/08/2026,26000,26000,26000
Tamil Nadu,Salem,Ammapet(Uzhavar Sandhai ),Apple,American,Local,29/08/2026,24000,25000,24500
Punjab,Hoshiarpur,Mukerian(Talwara) APMC,Apple,Apple,Medium,29/08/2026,4000,8000,6000
Chandigarh,Chandigarh,Chandigarh (Grain/F&V) APMC,Apple,Apple,Medium,29/08/2026,6000,18000,15000
Jammu and Kashmir,Baramulla,Sopore (Nowpora) (F&V),Apple,Delicious,Grade A,29/08/2026,3200,3200,3200
Uttarakhand,Haridwar,Haridwar Union APMC,Apple,Other,Medium,29/08/2026,7500,10000,8500
Tamil Nadu,The Nilgiris,Udhagamandalam(Uzhavar Sandhai ),Orange,Darjeeling,Local,29/08/2026,10000,13000,11500
Tamil Nadu,Madurai,Anaiyur(Uzhavar Sandhai ),Orange,Darjeeling,Local,29/08/2026,14000,16000,15000
Andaman and Nicobar,North and Middle Andaman ,Diglipur Vegetable Market (Subhashgram),Banana,Banana - Ripe,Local,29/08/2026,3000,6000,4500
Punjab,Hoshiarpur,Mukerian(Talwara) APMC,Banana,Banana - Ripe,Medium,29/08/2026,2800,3400,3100
Keralam,Kottayam,Bharananganam VFPCK,Banana,Banana - Ripe,Grade A,29/08/2026,6800,7000,6900
Tamil Nadu,The Nilgiris,Udhagamandalam(Uzhavar Sandhai ),Banana,Besrai,Local,29/08/2026,3500,5000,4250
Tamil Nadu,Thiruvannamalai,Chengam(Uzhavar Sandhai ),Banana,Besrai,Local,29/08/2026,4200,5000,4600
Tamil Nadu,Tuticorin,Tuticorin(Uzhavar Sandhai ),Banana,Besrai,Local,29/08/2026,2500,3000,2750
Tamil Nadu,Namakkal,Kumarapalayam(Uzhavar Sandhai ),Banana,Besrai,Local,29/08/2026,3500,4000,3750
Tamil Nadu,Coimbatore,Sulur(Uzhavar Sandhai ),Banana,Besrai,Local,29/08/2026,4500,8000,6250
Tamil Nadu,Coimbatore,Mettupalayam(Uzhavar Sandhai ),Banana,Besrai,Local,29/08/2026,4000,8000,6000
Tamil Nadu,Thirunelveli,NGO Colony(Uzhavar Sandhai ),Banana,Besrai,Local,29/08/2026,5000,6000,5500
Tamil Nadu,Krishnagiri,Kaveripattinam(Uzhavar Sandhai ),Banana,Besrai,Local,29/08/2026,4000,7000,5500
Tamil Nadu,Cuddalore,Viruthachalam(Uzhavar Sandhai ),Banana,Besrai,Local,29/08/2026,4000,7000,5500
Tamil Nadu,Thirupur,Dharapuram(Uzhavar Sandhai ),Banana,Besrai,Local,29/08/2026,4500,5000,4750
Tamil Nadu,Virudhunagar,Sivakasi(Uzhavar Sandhai ),Banana,Besrai,Local,29/08/2026,4000,5000,4500
Tamil Nadu,Kallakuruchi,Sankarapuram(Uzhavar Sandhai ),Banana,Besrai,Local,29/08/2026,4000,4000,4000
Tamil Nadu,Sivaganga,Singampunari(Uzhavar Sandhai ),Banana,Karpura,Local,29/08/2026,3500,4000,3750
Tamil Nadu,Thiruchirappalli,Manachanallur(Uzhavar Sandhai ),Banana,Karpura,Local,29/08/2026,4000,5000,4500
Tamil Nadu,Sivaganga,Tirupatthur(Uzhavar Sandhai ),Banana,Karpura,Local,29/08/2026,4000,4000,4000
Tamil Nadu,Kancheepuram,Kancheepuram(Uzhavar Sandhai ),Banana,Karpura,Local,29/08/2026,4000,5000,4500
Tamil Nadu,Salem,Mecheri(Uzhavar Sandhai),Banana,Karpura,Local,29/08/2026,4000,4500,4250
Punjab,Ropar (Rupnagar),Morinda APMC,Banana,Medium,Medium,29/08/2026,3000,3500,3250
Andhra Pradesh,YSR Kadapa,Siddavatam APMC,Banana,Medium,Grade B,29/08/2026,1500,1700,1600
Uttarakhand,Haridwar,Haridwar Union APMC,Banana,Other,Medium,29/08/2026,1200,1600,1400
Punjab,Bhatinda,Rampuraphul(Nabha Mandi) APMC,Banana,Other,Grade A,29/08/2026,2000,3000,2500
Tamil Nadu,Sivaganga,Sivagangai (Uzhavar Sandhai ),Banana,Other,Local,29/08/2026,4000,4000,4000
Tamil Nadu,Nagapattinam,Vedaranyam(Uzhavar Sandhai),Banana,Poovan,Local,29/08/2026,4000,4500,4250
Tamil Nadu,Vellore,Gudiyatham(Uzhavar Sandhai ),Banana,Red Banana,Local,29/08/2026,8000,8000,8000
Tamil Nadu,Thanjavur,Thanjavur(Uzhavar Sandhai ),Banana,Red Banana,Local,29/08/2026,10000,10000,10000
Tamil Nadu,Coimbatore,Sundarapuram(Uzhavar Sandhai ),Banana,Red Banana,Local,29/08/2026,8000,8500,8250
Tamil Nadu,Coimbatore,Vadavalli(Uzhavar Sandhai ),Banana,Red Banana,Local,29/08/2026,8000,8600,8300
Tamil Nadu,Salem,Edapadi (Uzhavar Sandhai ),Banana,Red Banana,Local,29/08/2026,7500,8000,7750
Andhra Pradesh,Anakapally,Payakaraopeta APMC,Mango,Other,Local,29/08/2026,2400,2500,2450
Tamil Nadu,Madurai,Thirumangalam(Uzhavar Sandhai ),Mango,Safeda,Local,29/08/2026,7000,8000,7500
Tamil Nadu,Kallakuruchi,Sankarapuram(Uzhavar Sandhai ),Mango,Safeda,Local,29/08/2026,5000,5000,5000
Tamil Nadu,Theni,Kambam(Uzhavar Sandhai ),Mango,Safeda,Local,29/08/2026,5000,7000,6000
Tamil Nadu,Nagercoil (Kannyiakumari),Vadaseri APMC,Mango,Safeda,Local,29/08/2026,6500,7000,6750
Tamil Nadu,Tuticorin,Tuticorin(Uzhavar Sandhai ),Mango,Safeda,Local,29/08/2026,4500,5000,4750
Tamil Nadu,Madurai,Anaiyur(Uzhavar Sandhai ),Mango,Safeda,Local,29/08/2026,7000,8000,7500
Tamil Nadu,Namakkal,Rasipuram(Uzhavar Sandhai ),Pineapple,Pine Apple,Local,29/08/2026,4500,5500,5000
Tamil Nadu,Nagercoil (Kannyiakumari),Vadaseri APMC,Pineapple,Pine Apple,Local,29/08/2026,4500,5000,4750
Tamil Nadu,Tuticorin,Tuticorin(Uzhavar Sandhai ),Grapes,Annabesahai,Local,29/08/2026,9000,10000,9500
Bihar,East Champaran/ Motihari,Raxaul APMC,Onion,1st Sort,Grade A,29/08/2026,4200,4400,4300
Tamil Nadu,Ramanathapuram,Ramanathapuram(Uzhavar Sandhai ),Onion,Bellary,Local,29/08/2026,5500,6000,5750
Tamil Nadu,Chengalpattu,Nanganallur(Uzhavar Sandhai ),Onion,Bellary,Local,29/08/2026,5500,6000,5750
Tamil Nadu,Coimbatore,Sulur(Uzhavar Sandhai ),Onion,Bellary,Local,29/08/2026,5000,5300,5150
Tamil Nadu,Theni,Devaram(Uzhavar Sandhai ),Onion,Bellary,Local,29/08/2026,5500,5500,5500
Tamil Nadu,Theni,Bodinayakanur(Uzhavar Sandhai ),Onion,Bellary,Local,29/08/2026,5600,5600,5600
Tamil Nadu,Coimbatore,RSPuram(Uzhavar Sandhai ),Onion,Bellary,Local,29/08/2026,5000,5300,5150
Tamil Nadu,Thiruchirappalli,Thiruverumbur(Uzhavar Sandhai ),Onion,Bellary,Local,29/08/2026,4500,6000,5250
Tamil Nadu,Madurai,Palanganatham(Uzhavar Sandhai ),Onion,Bellary,Local,29/08/2026,4000,6500,5250
Tamil Nadu,Vellore,Gudiyatham(Uzhavar Sandhai ),Onion,Bellary,Local,29/08/2026,5000,6000,5500
Tamil Nadu,Sivaganga,Karaikudi(Uzhavar Sandhai ),Onion,Bellary,Local,29/08/2026,6400,6800,6600
Tamil Nadu,Theni,Chinnamanur(Uzhavar Sandhai ),Onion,Bellary,Local,29/08/2026,5800,6000,5900
Tamil Nadu,Kancheepuram,Kancheepuram(Uzhavar Sandhai ),Onion,Bellary,Local,29/08/2026,4500,5500,5000
Tamil Nadu,Coimbatore,Pollachi(Uzhavar Sandhai ),Onion,Bellary,Local,29/08/2026,5000,5800,5400
Tamil Nadu,Madurai,Anna nagar(Uzhavar Sandhai ),Onion,Bellary,Local,29/08/2026,6000,6500,6250
Tamil Nadu,Thiruvellore,Naravarikuppam(Uzhavar Sandhai ),Onion,Bellary,Local,29/08/2026,5500,5500,5500
Tamil Nadu,Madurai,Chokkikulam(Uzhavar Sandhai ),Onion,Bellary,Local,29/08/2026,6000,6500,6250
Tamil Nadu,Dharmapuri,AJattihalli(Uzhavar Sandhai ),Onion,Bellary,Local,29/08/2026,5000,5800,5400
Tamil Nadu,Villupuram,Tindivanam APMC,Onion,Bellary,Local,29/08/2026,4800,4800,4800
Tamil Nadu,Nagapattinam,Sirkali(Uzhavar Sandhai ),Onion,Bellary,Local,29/08/2026,4500,5000,4750
Tamil Nadu,Thiruvannamalai,Keelpennathur(Uzhavar Sandhai ),Onion,Bellary,Local,29/08/2026,5500,6000,5750
Tamil Nadu,Salem,Ammapet(Uzhavar Sandhai ),Onion,Bellary,Local,29/08/2026,5500,6000,5750
Tamil Nadu,Cuddalore,Cuddalore(Uzhavar Sandhai ),Onion,Bellary,Local,29/08/2026,5000,6000,5500
Tamil Nadu,Namakkal,Kumarapalayam(Uzhavar Sandhai ),Onion,Bellary,Local,29/08/2026,5500,6000,5750
Tamil Nadu,Coimbatore,Singanallur(Uzhavar Sandhai ),Onion,Bellary,Local,29/08/2026,5000,5300,5150
Tamil Nadu,The Nilgiris,Udhagamandalam(Uzhavar Sandhai ),Onion,Bellary,Local,29/08/2026,5500,6000,5750
Tamil Nadu,Salem,Vazhapadi(Uzhavar Sandhai),Onion,Bellary,Local,29/08/2026,6000,6500,6250
Tamil Nadu,Pudukkottai,Ponnamaravathi(Uzhavar Sandhai),Onion,Bellary,Local,29/08/2026,5500,6000,5750
Tamil Nadu,Krishnagiri,Krishnagiri(Uzhavar Sandhai ),Onion,Bellary,Local,29/08/2026,5000,5500,5250
Tamil Nadu,Vellore,Vellore APMC,Onion,Bellary,Local,29/08/2026,5000,5600,5300
Himachal Pradesh,Kangra,SMY Baijnath,Onion,Onion,Grade A,29/08/2026,4800,5300,5200
Punjab,Ropar (Rupnagar),Morinda APMC,Onion,Onion,Medium,29/08/2026,2700,3000,2850
Chandigarh,Chandigarh,Chandigarh (Grain/F&V) APMC,Onion,Onion,FAQ,29/08/2026,2000,4400,4000
Punjab,Bhatinda,Rampuraphul(Nabha Mandi) APMC,Onion,Other,Grade A,29/08/2026,2500,3500,3000
Punjab,Amritsar,Rayya APMC,Onion,Other,FAQ,29/08/2026,1416,1416,1416
Tamil Nadu,Dharmapuri,Harur(Uzhavar Sandhai ),Potato,Red Nanital,Local,29/08/2026,2500,3000,2750
Tamil Nadu,Chengalpattu,Madhuranthagam(Uzhavar Sandhai ),Potato,Red Nanital,Local,29/08/2026,4000,4000,4000
Tamil Nadu,Virudhunagar,Thalavaipuram(Uzhavar Sandhai ),Potato,Red Nanital,Local,29/08/2026,2500,3000,2750
Tamil Nadu,Virudhunagar,Srivilliputhur(Uzhavar Sandhai ),Potato,Red Nanital,Local,29/08/2026,2500,3000,2750
Tamil Nadu,Nagapattinam,Vedaranyam(Uzhavar Sandhai),Potato,Red Nanital,Local,29/08/2026,3200,4000,3600
Tamil Nadu,Ramanathapuram,Ramanathapuram(Uzhavar Sandhai ),Potato,Red Nanital,Local,29/08/2026,5200,5500,5350
Tamil Nadu,Krishnagiri,Kaveripattinam(Uzhavar Sandhai ),Potato,Red Nanital,Local,29/08/2026,4000,4000,4000
Tamil Nadu,Chengalpattu,Nanganallur(Uzhavar Sandhai ),Potato,Red Nanital,Local,29/08/2026,3500,4000,3750
Tamil Nadu,Coimbatore,Udumalpet APMC,Potato,Red Nanital,Local,29/08/2026,3500,4000,3750
Tamil Nadu,Krishnagiri,Hosur(Uzhavar Sandhai ),Potato,Red Nanital,Local,29/08/2026,2000,2500,2250
Tamil Nadu,Ramanathapuram,Paramakudi(Uzhavar Sandhai ),Potato,Red Nanital,Local,29/08/2026,5000,5500,5250
Tamil Nadu,Nagapattinam,Mayiladuthurai(Uzhavar Sandhai ),Potato,Red Nanital,Local,29/08/2026,3000,3000,3000
Tamil Nadu,The Nilgiris,Gudalur(Uzhavar Sandhai ),Potato,Red Nanital,Local,29/08/2026,5000,5500,5250
Tamil Nadu,Vellore,Pallikonda(Uzhavar Sandhai),Potato,Red Nanital,Local,29/08/2026,2500,3000,2750
Tamil Nadu,Virudhunagar,Sivakasi(Uzhavar Sandhai ),Potato,Red Nanital,Local,29/08/2026,3500,4000,3750
Tamil Nadu,Karur,Karur(Uzhavar Sandhai ),Potato,Other,Local,29/08/2026,5500,6000,5750
Tamil Nadu,Namakkal,Rasipuram(Uzhavar Sandhai ),Potato,Other,Local,29/08/2026,3000,3500,3250
Tamil Nadu,Salem,Jalagandapuram(Uzhavar Sandhai ),Potato,Other,Local,29/08/2026,2600,2800,2700
Tamil Nadu,Chengalpattu,Pallavaram(Uzhavar Sandhai ),Potato,Other,Local,29/08/2026,2500,3000,2750
Tamil Nadu,Vellore,Kahithapattarai(Uzhavar Sandhai ),Potato,Other,Local,29/08/2026,2200,2200,2200
Tamil Nadu,Kancheepuram,Kancheepuram(Uzhavar Sandhai ),Potato,Other,Local,29/08/2026,2200,3000,2600
Tamil Nadu,The Nilgiris,Udhagamandalam(Uzhavar Sandhai ),Potato,Other,Local,29/08/2026,5000,5500,5250
Tamil Nadu,Thiruvannamalai,Vandavasi(Uzhavar Sandhai ),Potato,Other,Local,29/08/2026,3500,4000,3750
Tamil Nadu,Pudukkottai,Pudukottai(Uzhavar Sandhai ),Potato,Other,Local,29/08/2026,6000,7000,6500
Punjab,Amritsar,Rayya APMC,Potato,Potato,FAQ,29/08/2026,752,752,752
Chandigarh,Chandigarh,Chandigarh (Grain/F&V) APMC,Potato,Potato,FAQ,29/08/2026,400,1400,1000
Tamil Nadu,Thiruvannamalai,Polur(Uzhavar Sandhai ),Garlic,Garlic,Local,29/08/2026,20000,24000,22000
Tamil Nadu,Vellore,Vellore APMC,Garlic,Garlic,Local,29/08/2026,19000,21000,20000
Tamil Nadu,Ranipet,Arcot(Uzhavar Sandhai ),Garlic,Garlic,Local,29/08/2026,20000,20000,20000
Tamil Nadu,Madurai,Palanganatham(Uzhavar Sandhai ),Garlic,Garlic,Local,29/08/2026,26000,27000,26500
Tamil Nadu,Salem,Vazhapadi(Uzhavar Sandhai),Garlic,Garlic,Local,29/08/2026,25000,25000,25000
Tamil Nadu,Vellore,Pallikonda(Uzhavar Sandhai),Garlic,Garlic,Local,29/08/2026,18000,19000,18500
Tamil Nadu,Salem,Elampillai(Uzhavar Sandhai ),Garlic,Garlic,Local,29/08/2026,19000,20000,19500
Tamil Nadu,Coimbatore,Singanallur(Uzhavar Sandhai ),Garlic,Garlic,Local,29/08/2026,22000,23000,22500
Tamil Nadu,Dharmapuri,Karimangalam(Uzhavar Sandhai),Garlic,Garlic,Local,29/08/2026,20000,21000,20500
Tamil Nadu,Perambalur,Perambalur(Uzhavar Sandhai ),Garlic,Garlic,Local,29/08/2026,18000,20000,19000
Tamil Nadu,Coimbatore,Pollachi(Uzhavar Sandhai ),Garlic,Garlic,Local,29/08/2026,18000,22000,20000
Tamil Nadu,Krishnagiri,Krishnagiri(Uzhavar Sandhai ),Garlic,Garlic,Local,29/08/2026,23000,24000,23500
Tamil Nadu,Thanjavur,Pattukottai(Uzhavar Sandhai ),Garlic,Garlic,Local,29/08/2026,16000,16000,16000
Andhra Pradesh,Visakhapatnam,Bhimunipatnam APMC,Ragi(Finger Millet),Local,Local,29/08/2026,5000,5000,5000
Bihar,Khagaria,Khagaria APMC,Cauliflower,African Sarson,Grade A,29/08/2026,4833.33285,5166.66615,4999.9995
Punjab,Ropar (Rupnagar),Morinda APMC,Cauliflower,Cauliflower,Local,29/08/2026,4500,5000,4750
Himachal Pradesh,Kangra,SMY Baijnath,Cauliflower,Cauliflower,Grade A,29/08/2026,5500,6000,6000
Uttar Pradesh,Khiri (Lakhimpur),Maigalganj APMC,Cauliflower,Cauliflower,FAQ,29/08/2026,1460,1500,1480
Telangana,Ranga Reddy,"Vanasthalipuram,RBZ ",Cauliflower,Cauliflower,Grade A,29/08/2026,2300,2300,2300
Odisha,Sundergarh,Panposh APMC,Cauliflower,Local,FAQ,29/08/2026,3500,4200,4000
Uttarakhand,Haridwar,Roorkee APMC,Cauliflower,Other,Local,29/08/2026,1000,1500,1200
Tamil Nadu,Dharmapuri,Harur(Uzhavar Sandhai ),Cauliflower,Ranchi,Local,29/08/2026,3500,4000,3750
Tamil Nadu,Kancheepuram,Padappai(Uzhavar Sandhai ),Cauliflower,Ranchi,Local,29/08/2026,3500,4500,4000
Tamil Nadu,Coimbatore,Mettupalayam(Uzhavar Sandhai ),Cauliflower,Ranchi,Local,29/08/2026,4000,4500,4250
Tamil Nadu,Namakkal,Tiruchengode APMC,Cauliflower,Ranchi,Local,29/08/2026,3000,3500,3250
Tamil Nadu,Madurai,Palanganatham(Uzhavar Sandhai ),Cauliflower,Ranchi,Local,29/08/2026,3500,4000,3750
Tamil Nadu,Madurai,Anna nagar(Uzhavar Sandhai ),Cauliflower,Ranchi,Local,29/08/2026,3500,4000,3750
Tamil Nadu,Kallakuruchi,Kallakurichi(Uzhavar Sandhai ),Cauliflower,Ranchi,Local,29/08/2026,3000,3000,3000
Tamil Nadu,Karur,Kulithalai(Uzhavar Sandhai ),Cauliflower,Ranchi,Local,29/08/2026,3500,4000,3750
Tamil Nadu,Dindigul,Chinnalapatti(Uzhavar Sandhai ),Cauliflower,Ranchi,Local,29/08/2026,4000,5000,4500
Tamil Nadu,Madurai,Chokkikulam(Uzhavar Sandhai ),Cauliflower,Ranchi,Local,29/08/2026,3500,4000,3750
Tamil Nadu,Thirunelveli,NGO Colony(Uzhavar Sandhai ),Cauliflower,Ranchi,Local,29/08/2026,4500,5000,4750
Tamil Nadu,Virudhunagar,Virudhunagar(Uzhavar Sandhai ),Cauliflower,Ranchi,Local,29/08/2026,3300,3500,3400
Tamil Nadu,Coimbatore,Sundarapuram(Uzhavar Sandhai ),Cauliflower,Ranchi,Local,29/08/2026,4500,5000,4750
Tamil Nadu,Thiruchirappalli,Musiri(Uzhavar Sandhai ),Cauliflower,Ranchi,Local,29/08/2026,3500,4000,3750
Tamil Nadu,Krishnagiri,Denkanikottai(Uzhavar Sandhai ),Cauliflower,Ranchi,Local,29/08/2026,3000,3500,3250
Tamil Nadu,Ranipet,Arcot(Uzhavar Sandhai ),Cauliflower,Ranchi,Local,29/08/2026,3000,4000,3500
Tamil Nadu,Coimbatore,Singanallur(Uzhavar Sandhai ),Cauliflower,Ranchi,Local,29/08/2026,4500,5000,4750
Tamil Nadu,Salem,Elampillai(Uzhavar Sandhai ),Cauliflower,Ranchi,Local,29/08/2026,2500,3000,2750
Punjab,Ropar (Rupnagar),Morinda APMC,Brinjal,Brinjal,Local,29/08/2026,2000,2500,2250
Uttar Pradesh,Bulandshahar,Gulavati APMC,Brinjal,Brinjal,FAQ,29/08/2026,1400,1600,1500
Tamil Nadu,Sivaganga,Devakottai (Uzhavar Sandhai ),Brinjal,Other,Local,29/08/2026,4200,4400,4300
Tamil Nadu,Dharmapuri,Karimangalam(Uzhavar Sandhai),Brinjal,Other,Local,29/08/2026,2800,3000,2900
Tamil Nadu,Kancheepuram,Sunguvarchatram(Uzhavar Sandhai ),Brinjal,Other,Local,29/08/2026,3500,4000,3750
Tamil Nadu,Karur,Karur(Uzhavar Sandhai ),Brinjal,Other,Local,29/08/2026,4000,5000,4500
Tamil Nadu,Salem,Sooramangalam(Uzhavar Sandhai ),Brinjal,Other,Local,29/08/2026,3000,3400,3200
Tamil Nadu,Namakkal,Namakkal(Uzhavar Sandhai ),Brinjal,Other,Local,29/08/2026,6000,6400,6200
Tamil Nadu,Coimbatore,RSPuram(Uzhavar Sandhai ),Brinjal,Other,Local,29/08/2026,3000,3500,3250
Tamil Nadu,Vellore,Kahithapattarai(Uzhavar Sandhai ),Brinjal,Other,Local,29/08/2026,3600,3600,3600
Tamil Nadu,Namakkal,Mohanur(Uzhavar Sandhai ),Brinjal,Other,Local,29/08/2026,5000,6000,5500
Punjab,Tarntaran,Tarantaran APMC,Brinjal,Other,Local,29/08/2026,2400,2400,2400
Tamil Nadu,Thiruvannamalai,Polur(Uzhavar Sandhai ),Brinjal,Round,Local,29/08/2026,4000,4800,4400
Tamil Nadu,Kallakuruchi,Sankarapuram(Uzhavar Sandhai ),Brinjal,Round,Local,29/08/2026,5000,5000,5000
Tamil Nadu,Vellore,Thirupathur APMC,Brinjal,Round,Local,29/08/2026,3500,3500,3500
Tamil Nadu,Nagapattinam,Sirkali(Uzhavar Sandhai ),Brinjal,Round,Local,29/08/2026,5000,5500,5250
Tamil Nadu,Nagapattinam,Nagapattinam(Uzhavar Sandhai ),Brinjal,Round,Local,29/08/2026,6300,6300,6300
Tamil Nadu,Kancheepuram,Padappai(Uzhavar Sandhai ),Brinjal,Round,Local,29/08/2026,2500,3500,3000
Tamil Nadu,Nagercoil (Kannyiakumari),Vadaseri APMC,Brinjal,Round,Local,29/08/2026,7500,8000,7750
Tamil Nadu,Krishnagiri,Krishnagiri(Uzhavar Sandhai ),Brinjal,Round,Local,29/08/2026,2500,3000,2750
Tamil Nadu,Krishnagiri,Kaveripattinam(Uzhavar Sandhai ),Brinjal,Round,Local,29/08/2026,5000,5000,5000
Tamil Nadu,Thanjavur,Pattukottai(Uzhavar Sandhai ),Brinjal,Round,Local,29/08/2026,5000,6400,5700
Tamil Nadu,Sivaganga,Sivagangai (Uzhavar Sandhai ),Brinjal,Round,Local,29/08/2026,3800,4200,4000
Tamil Nadu,Theni,Devaram(Uzhavar Sandhai ),Brinjal,Round,Local,29/08/2026,3500,3500,3500
Tamil Nadu,Virudhunagar,Rajapalayam(Uzhavar Sandhai ),Brinjal,Round,Local,29/08/2026,3500,4000,3750
Tamil Nadu,Ramanathapuram,Paramakudi(Uzhavar Sandhai ),Brinjal,Round,Local,29/08/2026,6000,7000,6500
Tamil Nadu,Thiruvarur,Needamangalam(Uzhavar Sandhai ),Brinjal,Round,Local,29/08/2026,3800,3800,3800
Tamil Nadu,Ariyalur,Ariyalur(Uzhavar Sandhai),Brinjal,Round,Local,29/08/2026,4500,5000,4750
Tamil Nadu,Madurai,Anna nagar(Uzhavar Sandhai ),Brinjal,Round,Local,29/08/2026,3600,4000,3800
Tamil Nadu,Chengalpattu,Thirukalukundram(Uzhavar Sandhai ),Brinjal,Round,Local,29/08/2026,4000,4500,4250
Tamil Nadu,Thirupur,Kangayam(Uzhavar Sandhai ),Brinjal,Round,Local,29/08/2026,6000,6500,6250
Tamil Nadu,Kancheepuram,Kancheepuram(Uzhavar Sandhai ),Brinjal,Round,Local,29/08/2026,2000,3500,2750
Madhya Pradesh,Morena,Kailaras APMC,Coriander(Leaves),Coriander,FAQ,29/08/2026,2500,2500,2500
Tamil Nadu,Dharmapuri,Palacode(Uzhavar Sandhai ),Coriander(Leaves),I Sort,Local,29/08/2026,4500,5000,4750
Tamil Nadu,Coimbatore,Pollachi(Uzhavar Sandhai ),Coriander(Leaves),I Sort,Local,29/08/2026,4500,5000,4750
Tamil Nadu,Tuticorin,Kovilpatti(Uzhavar Sandhai ),Coriander(Leaves),I Sort,Local,29/08/2026,4000,4500,4250
Tamil Nadu,Salem,Mecheri(Uzhavar Sandhai),Coriander(Leaves),I Sort,Local,29/08/2026,1500,2000,1750
Tamil Nadu,Salem,Edapadi (Uzhavar Sandhai ),Coriander(Leaves),I Sort,Local,29/08/2026,1800,2000,1900
Tamil Nadu,Salem,Mettur(Uzhavar Sandhai ),Coriander(Leaves),I Sort,Local,29/08/2026,3500,4000,3750
Tamil Nadu,Dharmapuri,Harur(Uzhavar Sandhai ),Coriander(Leaves),I Sort,Local,29/08/2026,3500,4000,3750
Tamil Nadu,Nagapattinam,Nagapattinam(Uzhavar Sandhai ),Coriander(Leaves),I Sort,Local,29/08/2026,4500,4500,4500
Tamil Nadu,Thiruvarur,Needamangalam(Uzhavar Sandhai ),Coriander(Leaves),I Sort,Local,29/08/2026,3500,3500,3500
Tamil Nadu,Namakkal,Mohanur(Uzhavar Sandhai ),Coriander(Leaves),I Sort,Local,29/08/2026,7000,8000,7500
Tamil Nadu,Namakkal,Rasipuram(Uzhavar Sandhai ),Coriander(Leaves),I Sort,Local,29/08/2026,7500,8000,7750
Tamil Nadu,Theni,Periyakulam(Uzhavar Sandhai ),Coriander(Leaves),I Sort,Local,29/08/2026,3000,3000,3000
Tamil Nadu,Villupuram,Gingee(Uzhavar Sandhai ),Coriander(Leaves),I Sort,Local,29/08/2026,4000,4000,4000
Tamil Nadu,Chengalpattu,Madhuranthagam(Uzhavar Sandhai ),Coriander(Leaves),I Sort,Local,29/08/2026,3000,3000,3000
Tamil Nadu,Coimbatore,Sulur(Uzhavar Sandhai ),Coriander(Leaves),I Sort,Local,29/08/2026,3200,4000,3600
Tamil Nadu,Ariyalur,Ariyalur(Uzhavar Sandhai),Coriander(Leaves),I Sort,Local,29/08/2026,4500,5000,4750
Tamil Nadu,Thiruvannamalai,Polur(Uzhavar Sandhai ),Coriander(Leaves),I Sort,Local,29/08/2026,4200,5000,4600
Tamil Nadu,Salem,Attayampatti(Uzhavar Sandhai ),Coriander(Leaves),I Sort,Local,29/08/2026,2500,2500,2500
Tamil Nadu,Vellore,Thirupathur APMC,Coriander(Leaves),I Sort,Local,29/08/2026,4000,4000,4000
Tamil Nadu,Thanjavur,Kumbakonam (Uzhavar Sandhai ),Coriander(Leaves),I Sort,Local,29/08/2026,4800,4800,4800
Tamil Nadu,Thirupur,Tiruppur (North) (Uzhavar Sandhai ),Coriander(Leaves),I Sort,Local,29/08/2026,2500,3000,2750
Tamil Nadu,Thiruchirappalli,Thiruverumbur(Uzhavar Sandhai ),Coriander(Leaves),I Sort,Local,29/08/2026,2800,2800,2800
Tamil Nadu,Nagercoil (Kannyiakumari),Vadaseri APMC,Coriander(Leaves),I Sort,Local,29/08/2026,4300,4800,4550
Tamil Nadu,Madurai,Chokkikulam(Uzhavar Sandhai ),Coriander(Leaves),I Sort,Local,29/08/2026,4000,4500,4250
Tamil Nadu,Salem,Thammampatti (Uzhavar Sandhai ),Coriander(Leaves),I Sort,Local,29/08/2026,3000,3500,3250
Tamil Nadu,Virudhunagar,Srivilliputhur(Uzhavar Sandhai ),Coriander(Leaves),I Sort,Local,29/08/2026,3500,4000,3750
Andhra Pradesh,Markapuram,Podili APMC,Red gram/Arhar/Tur(whole),Arhar (Whole),FAQ,29/08/2026,8000,8200,8100
Tamil Nadu,Madurai,Anaiyur(Uzhavar Sandhai ),Green Peas,Green Peas,Local,29/08/2026,18000,20000,19000
Tamil Nadu,Dharmapuri,Karimangalam(Uzhavar Sandhai),Green Peas,Green Peas,Local,29/08/2026,18000,19000,18500
Tamil Nadu,Erode,Sathiyamagalam(Uzhavar Sandhai ),Chikoos(Sapota),Sapota,Local,29/08/2026,3500,4000,3750
Tamil Nadu,Salem,Attayampatti(Uzhavar Sandhai ),Chikoos(Sapota),Sapota,Local,29/08/2026,5000,5000,5000
Tamil Nadu,Coimbatore,Singanallur(Uzhavar Sandhai ),Chikoos(Sapota),Sapota,Local,29/08/2026,4500,5000,4750
Andhra Pradesh,YSR Kadapa,Siddavatam APMC,Papaya,Papaya,Grade B,29/08/2026,1300,1500,1400
Tamil Nadu,Sivaganga,Tirupatthur(Uzhavar Sandhai ),Papaya,Papaya,Local,29/08/2026,4500,5000,4750
Tamil Nadu,Namakkal,Rasipuram(Uzhavar Sandhai ),Papaya,Papaya,Local,29/08/2026,3000,3500,3250
Tamil Nadu,The Nilgiris,Udhagamandalam(Uzhavar Sandhai ),Papaya,Papaya,Local,29/08/2026,4500,5000,4750
Tamil Nadu,Madurai,Anaiyur(Uzhavar Sandhai ),Papaya,Papaya,Local,29/08/2026,4000,4500,4250
Tamil Nadu,Dharmapuri,Palacode(Uzhavar Sandhai ),Papaya,Papaya,Local,29/08/2026,3000,3500,3250
Tamil Nadu,Thanjavur,Kumbakonam (Uzhavar Sandhai ),Papaya,Papaya,Local,29/08/2026,4000,4000,4000
Tamil Nadu,Sivaganga,Sivagangai (Uzhavar Sandhai ),Papaya,Papaya,Local,29/08/2026,4200,4600,4400
Tamil Nadu,Coimbatore,Sulur(Uzhavar Sandhai ),Papaya,Papaya,Local,29/08/2026,4500,4800,4650
Tamil Nadu,Karur,Gandhigramam(Uzhavar Sandhai),Papaya,Papaya,Local,29/08/2026,3500,4000,3750
Tamil Nadu,Erode,Thalavadi(Uzhavar Sandhai ),Papaya,Papaya,Local,29/08/2026,2000,2400,2200
Tamil Nadu,Krishnagiri,Avallapalli(Uzhavar Sandhai ),Papaya,Papaya,Local,29/08/2026,3500,4000,3750
Tamil Nadu,Krishnagiri,Krishnagiri(Uzhavar Sandhai ),Papaya,Papaya,Local,29/08/2026,2000,3000,2500
Tamil Nadu,Kallakuruchi,Kallakurichi(Uzhavar Sandhai ),Papaya,Papaya,Local,29/08/2026,3500,3500,3500
Tamil Nadu,Dindigul,Palani(Uzhavar Sandhai ),Papaya,Papaya,Local,29/08/2026,2500,3000,2750
Tamil Nadu,Cuddalore,Viruthachalam(Uzhavar Sandhai ),Papaya,Papaya,Local,29/08/2026,4000,4500,4250
Tamil Nadu,Vellore,Gudiyatham(Uzhavar Sandhai ),Papaya,Papaya,Local,29/08/2026,3500,3500,3500
Tamil Nadu,Virudhunagar,Srivilliputhur(Uzhavar Sandhai ),Papaya,Papaya,Local,29/08/2026,2500,3000,2750
Tamil Nadu,Namakkal,Rasipuram(Uzhavar Sandhai ),Water Melon,Water Melon,Local,29/08/2026,1500,2000,1750
Tamil Nadu,Coimbatore,Mettupalayam(Uzhavar Sandhai ),Water Melon,Water Melon,Local,29/08/2026,2000,2500,2250
Tamil Nadu,Krishnagiri,Krishnagiri(Uzhavar Sandhai ),Water Melon,Water Melon,Local,29/08/2026,1500,2000,1750
Tamil Nadu,Krishnagiri,Hosur(Uzhavar Sandhai ),Water Melon,Water Melon,Local,29/08/2026,2000,2500,2250
Gujarat,Amreli,Damnagar APMC,Guar,Gwar,Local,29/08/2026,7500,7500,7500
Himachal Pradesh,Kangra,SMY Baijnath,Mousambi(Sweet Lime),Mousambi,Grade B,29/08/2026,5500,6000,6000
Tamil Nadu,Salem,Ammapet(Uzhavar Sandhai ),Mousambi(Sweet Lime),Mousambi,Local,29/08/2026,3500,4000,3750
Tamil Nadu,Namakkal,Tiruchengode APMC,Mousambi(Sweet Lime),Mousambi,Local,29/08/2026,3000,3500,3250
Tamil Nadu,Namakkal,Rasipuram(Uzhavar Sandhai ),Mousambi(Sweet Lime),Mousambi,Local,29/08/2026,3500,4000,3750
Tamil Nadu,Vellore,Gudiyatham(Uzhavar Sandhai ),Mousambi(Sweet Lime),Mousambi,Local,29/08/2026,5000,5000,5000
Tamil Nadu,Namakkal,Namakkal(Uzhavar Sandhai ),Mousambi(Sweet Lime),Mousambi,Local,29/08/2026,3500,4000,3750
Tamil Nadu,Coimbatore,RSPuram(Uzhavar Sandhai ),Mousambi(Sweet Lime),Mousambi,Local,29/08/2026,4000,5000,4500
Tamil Nadu,Salem,Thathakapatti(Uzhavar Sandhai ),Tomato,Deshi,Local,29/08/2026,1600,2000,1800
Tamil Nadu,Nagapattinam,Mayiladuthurai(Uzhavar Sandhai ),Tomato,Deshi,Local,29/08/2026,2500,3000,2750
Tamil Nadu,Cuddalore,Viruthachalam(Uzhavar Sandhai ),Tomato,Deshi,Local,29/08/2026,2000,2000,2000
Tamil Nadu,Madurai,Anna nagar(Uzhavar Sandhai ),Tomato,Deshi,Local,29/08/2026,2000,2400,2200
Tamil Nadu,Karur,Kulithalai(Uzhavar Sandhai ),Tomato,Deshi,Local,29/08/2026,2000,2400,2200
Tamil Nadu,Pudukkottai,Ponnamaravathi(Uzhavar Sandhai),Tomato,Deshi,Local,29/08/2026,2000,2500,2250
Tamil Nadu,Vellore,Thirupathur APMC,Tomato,Deshi,Local,29/08/2026,2700,2700,2700
Tamil Nadu,Ranipet,Arcot(Uzhavar Sandhai ),Tomato,Deshi,Local,29/08/2026,2000,2000,2000
Tamil Nadu,Nagapattinam,Nagapattinam(Uzhavar Sandhai ),Tomato,Deshi,Local,29/08/2026,3500,4000,3750
Tamil Nadu,Nagercoil (Kannyiakumari),Myladi(Uzhavar Sandhai ),Tomato,Deshi,Local,29/08/2026,2000,2500,2250
Tamil Nadu,Erode,Gobichettipalayam(Uzhavar Sandhai ),Tomato,Deshi,Local,29/08/2026,1800,2000,1900
Tamil Nadu,Villupuram,Ulundurpettai APMC,Tomato,Deshi,Local,29/08/2026,2000,2000,2000
Tamil Nadu,Nagapattinam,Vedaranyam(Uzhavar Sandhai),Tomato,Deshi,Local,29/08/2026,3500,3500,3500
Tamil Nadu,Sivaganga,Sivagangai (Uzhavar Sandhai ),Tomato,Deshi,Local,29/08/2026,2200,2400,2300
Tamil Nadu,Virudhunagar,Virudhunagar(Uzhavar Sandhai ),Tomato,Deshi,Local,29/08/2026,1800,1900,1850
Tamil Nadu,Krishnagiri,Hosur(Uzhavar Sandhai ),Tomato,Deshi,Local,29/08/2026,1000,1500,1250
Himachal Pradesh,Kangra,SMY Baijnath,Tomato,Hybrid,Grade A,29/08/2026,2000,2300,2300
Gujarat,Amreli,Damnagar APMC,Tomato,Local,Local,29/08/2026,2500,2500,2500
Tamil Nadu,Dharmapuri,Dharmapuri(Uzhavar Sandhai ),Tomato,Local,Local,29/08/2026,1800,2000,1900
Tamil Nadu,Coimbatore,Kurichi(Uzhavar Sandhai ),Tomato,Local,Local,29/08/2026,1400,1800,1600
Tamil Nadu,Thiruchirappalli,Lalgudi(Uzhavar Sandhai ),Tomato,Local,Local,29/08/2026,2400,2400,2400
Tamil Nadu,Coimbatore,Vadavalli(Uzhavar Sandhai ),Tomato,Local,Local,29/08/2026,1700,1900,1800
Tamil Nadu,Theni,Chinnamanur(Uzhavar Sandhai ),Tomato,Local,Local,29/08/2026,1600,1800,1700
Tamil Nadu,Salem,Mettur(Uzhavar Sandhai ),Tomato,Local,Local,29/08/2026,1500,2000,1750
Tamil Nadu,Thirupur,Tiruppur (North) (Uzhavar Sandhai ),Tomato,Local,Local,29/08/2026,1200,1600,1400
Tamil Nadu,Salem,Ammapet(Uzhavar Sandhai ),Tomato,Local,Local,29/08/2026,1600,2000,1800
Tamil Nadu,Coimbatore,Sundarapuram(Uzhavar Sandhai ),Tomato,Local,Local,29/08/2026,1500,2000,1750
Tamil Nadu,Kancheepuram,Padappai(Uzhavar Sandhai ),Tomato,Local,Local,29/08/2026,1600,2400,2000
Tamil Nadu,Tuticorin,Tuticorin(Uzhavar Sandhai ),Tomato,Local,Local,29/08/2026,2000,2500,2250
Punjab,Amritsar,Rayya APMC,Tomato,Other,FAQ,29/08/2026,700,700,700
Tamil Nadu,Sivaganga,Singampunari(Uzhavar Sandhai ),Tomato,Other,Local,29/08/2026,2200,2600,2400
Tamil Nadu,Kancheepuram,Kundrathur(Uzhavar Sandhai ),Tomato,Other,Local,29/08/2026,2500,2500,2500
Tamil Nadu,Karur,Velayuthampalayam(Uzhavar Sandhai ),Tomato,Other,Local,29/08/2026,2000,2400,2200
Tamil Nadu,Erode,Perundurai(Uzhavar Sandhai ),Tomato,Other,Local,29/08/2026,2000,2400,2200
Tamil Nadu,Salem,Elampillai(Uzhavar Sandhai ),Tomato,Other,Local,29/08/2026,1600,2000,1800
Tamil Nadu,Pudukkottai,Aranthangi(Uzhavar Sandhai ),Tomato,Other,Local,29/08/2026,2500,3000,2750
Punjab,Tarntaran,Tarantaran APMC,Tomato,Other,Local,29/08/2026,2600,2600,2600
Odisha,Kalahandi,Bhawanipatna APMC,Tomato,Tomato,Local,29/08/2026,3300,3300,3300
Tamil Nadu,Coimbatore,Sulur(Uzhavar Sandhai ),Cluster beans,Cluster Beans,Local,29/08/2026,3200,3800,3500
Tamil Nadu,Karur,Gandhigramam(Uzhavar Sandhai),Cluster beans,Cluster Beans,Local,29/08/2026,3500,4000,3750
Tamil Nadu,Krishnagiri,Hosur(Uzhavar Sandhai ),Cluster beans,Cluster Beans,Local,29/08/2026,2500,3000,2750
Tamil Nadu,Kallakuruchi,Kallakurichi(Uzhavar Sandhai ),Cluster beans,Cluster Beans,Local,29/08/2026,5000,5000,5000
Tamil Nadu,Dharmapuri,Pennagaram(Uzhavar Sandhai ),Cluster beans,Cluster Beans,Local,29/08/2026,3600,4000,3800
Tamil Nadu,Thiruchirappalli,Musiri(Uzhavar Sandhai ),Cluster beans,Cluster Beans,Local,29/08/2026,3000,3600,3300
Tamil Nadu,Dharmapuri,Karimangalam(Uzhavar Sandhai),Cluster beans,Cluster Beans,Local,29/08/2026,2800,3000,2900
Tamil Nadu,Sivaganga,Singampunari(Uzhavar Sandhai ),Cluster beans,Cluster Beans,Local,29/08/2026,3200,3800,3500
Tamil Nadu,Namakkal,Paramathivelur(Uzhavar Sandhai ),Cluster beans,Cluster Beans,Local,29/08/2026,3000,4000,3500
Tamil Nadu,Karur,Kulithalai(Uzhavar Sandhai ),Cluster beans,Cluster Beans,Local,29/08/2026,3600,4000,3800
Tamil Nadu,Tuticorin,Tuticorin(Uzhavar Sandhai ),Cluster beans,Cluster Beans,Local,29/08/2026,4500,5000,4750
Tamil Nadu,Vellore,Gudiyatham(Uzhavar Sandhai ),Cluster beans,Cluster Beans,Local,29/08/2026,2400,2400,2400
Tamil Nadu,Salem,Thathakapatti(Uzhavar Sandhai ),Cluster beans,Cluster Beans,Local,29/08/2026,3000,3400,3200
Tamil Nadu,Nagapattinam,Mayiladuthurai(Uzhavar Sandhai ),Cluster beans,Cluster Beans,Local,29/08/2026,4500,5000,4750
Tamil Nadu,Cuddalore,Cuddalore(Uzhavar Sandhai ),Cluster beans,Cluster Beans,Local,29/08/2026,4000,4000,4000
Tamil Nadu,Coimbatore,Sundarapuram(Uzhavar Sandhai ),Cluster beans,Cluster Beans,Local,29/08/2026,3500,4000,3750
Tamil Nadu,Ariyalur,Ariyalur(Uzhavar Sandhai),Cluster beans,Cluster Beans,Local,29/08/2026,3500,4000,3750
Tamil Nadu,Kallakuruchi,Sankarapuram(Uzhavar Sandhai ),Cluster beans,Cluster Beans,Local,29/08/2026,5000,5000,5000
Tamil Nadu,Chengalpattu,Pallavaram(Uzhavar Sandhai ),Cluster beans,Cluster Beans,Local,29/08/2026,5000,6000,5500
Punjab,Ropar (Rupnagar),Morinda APMC,Bitter gourd,Bitter Gourd,Medium,29/08/2026,2000,2500,2250
Punjab,Hoshiarpur,Mukerian(Talwara) APMC,Bitter gourd,Bitter Gourd,FAQ,29/08/2026,1800,2400,2100
Punjab,Amritsar,Rayya APMC,Bitter gourd,Bitter Gourd,FAQ,29/08/2026,1362,1362,1362
Himachal Pradesh,Kangra,SMY Baijnath,Bitter gourd,Bitter Gourd,Grade A,29/08/2026,3000,3500,3200
Tamil Nadu,Salem,Vazhapadi(Uzhavar Sandhai),Bitter gourd,Bitter Gourd,Local,29/08/2026,5000,5500,5250
Tamil Nadu,Krishnagiri,Kaveripattinam(Uzhavar Sandhai ),Bitter gourd,Bitter Gourd,Local,29/08/2026,6000,6000,6000
Tamil Nadu,Cuddalore,Viruthachalam(Uzhavar Sandhai ),Bitter gourd,Bitter Gourd,Local,29/08/2026,6000,6000,6000
Tamil Nadu,Karur,Velayuthampalayam(Uzhavar Sandhai ),Bitter gourd,Bitter Gourd,Local,29/08/2026,5000,6000,5500
Tamil Nadu,Salem,Thammampatti (Uzhavar Sandhai ),Bitter gourd,Bitter Gourd,Local,29/08/2026,4500,5000,4750
Tamil Nadu,Vellore,Gudiyatham(Uzhavar Sandhai ),Bitter gourd,Bitter Gourd,Local,29/08/2026,4600,4600,4600
Tamil Nadu,Pudukkottai,Viralimalai(Uzhavar Sandhai ),Bitter gourd,Bitter Gourd,Local,29/08/2026,5000,6000,5500
Tamil Nadu,Vellore,Thirupathur APMC,Bitter gourd,Bitter Gourd,Local,29/08/2026,5000,5000,5000
Tamil Nadu,Nagapattinam,Nagapattinam(Uzhavar Sandhai ),Bitter gourd,Bitter Gourd,Local,29/08/2026,4000,5500,4750
Tamil Nadu,Cuddalore,Cuddalore(Uzhavar Sandhai ),Bitter gourd,Bitter Gourd,Local,29/08/2026,6000,7000,6500
Tamil Nadu,Thiruvannamalai,Tamarainagar(Uzhavar Sandhai ),Bitter gourd,Bitter Gourd,Local,29/08/2026,4000,5000,4500
Tamil Nadu,Erode,Gobichettipalayam(Uzhavar Sandhai ),Bitter gourd,Bitter Gourd,Local,29/08/2026,5000,5500,5250
Tamil Nadu,Thiruvannamalai,Polur(Uzhavar Sandhai ),Bitter gourd,Bitter Gourd,Local,29/08/2026,4000,4800,4400
Odisha,Mayurbhanja,Betnoti APMC,Bitter gourd,Bitter Gourd,FAQ,29/08/2026,4300,4700,4500
Tamil Nadu,Sivaganga,Devakottai (Uzhavar Sandhai ),Bitter gourd,Other,Local,29/08/2026,6000,6200,6100
Tamil Nadu,Thiruchirappalli,Manachanallur(Uzhavar Sandhai ),Bitter gourd,Other,Local,29/08/2026,5800,6600,6200
Tamil Nadu,Pudukkottai,Gandarvakottai(Uzhavar Sandhai ),Bitter gourd,Other,Local,29/08/2026,7500,8000,7750
Tamil Nadu,Karur,Pallapatti (Uzhavar Sandhai ),Bitter gourd,Other,Local,29/08/2026,5000,6000,5500
Tamil Nadu,Karur,Kulithalai(Uzhavar Sandhai ),Bitter gourd,Other,Local,29/08/2026,5000,6000,5500
Tamil Nadu,Tuticorin,Kovilpatti(Uzhavar Sandhai ),Bitter gourd,Other,Local,29/08/2026,11000,11500,11250
Tamil Nadu,Pudukkottai,Alangudi(Uzhavar Sandhai ),Bitter gourd,Other,Local,29/08/2026,7000,8000,7500
Tamil Nadu,Thirupur,Palladam(Uzhavar Sandhai ),Bitter gourd,Other,Local,29/08/2026,5000,6000,5500
Tamil Nadu,Namakkal,Namakkal(Uzhavar Sandhai ),Bitter gourd,Other,Local,29/08/2026,6000,6500,6250
Tamil Nadu,Thiruchirappalli,Lalgudi(Uzhavar Sandhai ),Bitter gourd,Other,Local,29/08/2026,6600,6600,6600
Tamil Nadu,Tuticorin,Tuticorin(Uzhavar Sandhai ),Bitter gourd,Other,Local,29/08/2026,7500,8000,7750
Tamil Nadu,Dharmapuri,AJattihalli(Uzhavar Sandhai ),Bitter gourd,Other,Local,29/08/2026,4500,4500,4500
Tamil Nadu,Namakkal,Mohanur(Uzhavar Sandhai ),Bitter gourd,Other,Local,29/08/2026,6200,6800,6500
Tamil Nadu,Erode,Perundurai(Uzhavar Sandhai ),Bitter gourd,Other,Local,29/08/2026,4200,4600,4400
Tamil Nadu,Madurai,Usilampatti(Uzhavar Sandhai ),Bitter gourd,Other,Local,29/08/2026,5000,5500,5250
Punjab,Ropar (Rupnagar),Morinda APMC,Bottle gourd,Bottle Gourd,Local,29/08/2026,1800,2000,1900
Uttar Pradesh,Bulandshahar,Gulavati APMC,Bottle gourd,Bottle Gourd,FAQ,29/08/2026,1400,1600,1500
Punjab,Tarntaran,Harike APMC,Bottle gourd,Bottle Gourd,FAQ,29/08/2026,500,600,550
Gujarat,Amreli,Damnagar APMC,Bottle gourd,Bottle Gourd,Local,29/08/2026,2500,2500,2500
Himachal Pradesh,Kangra,SMY Baijnath,Bottle gourd,Bottle Gourd,Grade A,29/08/2026,2500,3200,2800
Tamil Nadu,Thiruvannamalai,Arani(Uzhavar Sandhai ),Bottle gourd,Bottle Gourd,Local,29/08/2026,1500,2000,1750
Tamil Nadu,Nagercoil (Kannyiakumari),Vadaseri APMC,Bottle gourd,Bottle Gourd,Local,29/08/2026,2500,2800,2650
Tamil Nadu,Thirunelveli,NGO Colony(Uzhavar Sandhai ),Bottle gourd,Bottle Gourd,Local,29/08/2026,2200,3000,2600
Tamil Nadu,Pudukkottai,Alangudi(Uzhavar Sandhai ),Bottle gourd,Bottle Gourd,Local,29/08/2026,2000,2500,2250
Tamil Nadu,Krishnagiri,Hosur(Uzhavar Sandhai ),Bottle gourd,Bottle Gourd,Local,29/08/2026,1500,2000,1750
Tamil Nadu,Ramanathapuram,Paramakudi(Uzhavar Sandhai ),Bottle gourd,Bottle Gourd,Local,29/08/2026,2200,2500,2350
Tamil Nadu,Salem,Thathakapatti(Uzhavar Sandhai ),Bottle gourd,Bottle Gourd,Local,29/08/2026,2500,3000,2750
Tamil Nadu,Cuddalore,Viruthachalam(Uzhavar Sandhai ),Bottle gourd,Bottle Gourd,Local,29/08/2026,3000,3000,3000
Tamil Nadu,Thiruchirappalli,Thiruverumbur(Uzhavar Sandhai ),Bottle gourd,Bottle Gourd,Local,29/08/2026,3000,3000,3000
Tamil Nadu,Madurai,Anna nagar(Uzhavar Sandhai ),Bottle gourd,Bottle Gourd,Local,29/08/2026,2800,3200,3000
Tamil Nadu,Virudhunagar,Kariyapatti(Uzhavar Sandhai ),Bottle gourd,Bottle Gourd,Local,29/08/2026,1800,2000,1900
Tamil Nadu,Vellore,Gudiyatham(Uzhavar Sandhai ),Bottle gourd,Bottle Gourd,Local,29/08/2026,2000,2000,2000
Tamil Nadu,Salem,Mettur(Uzhavar Sandhai ),Bottle gourd,Bottle Gourd,Local,29/08/2026,1500,2000,1750
Tamil Nadu,Thirupur,Kangayam(Uzhavar Sandhai ),Bottle gourd,Bottle Gourd,Local,29/08/2026,1500,2000,1750
Tamil Nadu,Thirupur,Dharapuram(Uzhavar Sandhai ),Bottle gourd,Bottle Gourd,Local,29/08/2026,2000,2200,2100
Tamil Nadu,Namakkal,Rasipuram(Uzhavar Sandhai ),Bottle gourd,Bottle Gourd,Local,29/08/2026,1800,2500,2150
Tamil Nadu,Karur,Vengamedu(Uzhavar Sandhai ),Bottle gourd,Bottle Gourd,Local,29/08/2026,2500,3000,2750
Tamil Nadu,Coimbatore,Pollachi(Uzhavar Sandhai ),Bottle gourd,Bottle Gourd,Local,29/08/2026,3000,3500,3250
Tamil Nadu,Thiruvannamalai,Cheyyar(Uzhavar Sandhai ),Bottle gourd,Bottle Gourd,Local,29/08/2026,1500,2000,1750
Tamil Nadu,Tuticorin,Kovilpatti(Uzhavar Sandhai ),Bottle gourd,Bottle Gourd,Local,29/08/2026,3000,3500,3250
Tamil Nadu,Krishnagiri,Denkanikottai(Uzhavar Sandhai ),Bottle gourd,Bottle Gourd,Local,29/08/2026,1500,2000,1750
Tamil Nadu,Pudukkottai,Aranthangi(Uzhavar Sandhai ),Bottle gourd,Bottle Gourd,Local,29/08/2026,2000,2500,2250
Tamil Nadu,Villupuram,Tindivanam APMC,Bottle gourd,Bottle Gourd,Local,29/08/2026,2000,2000,2000
Tamil Nadu,Nagapattinam,Sirkali(Uzhavar Sandhai ),Bottle gourd,Bottle Gourd,Local,29/08/2026,2500,3000,2750
Tamil Nadu,Cuddalore,Cuddalore(Uzhavar Sandhai ),Bottle gourd,Bottle Gourd,Local,29/08/2026,2000,2500,2250
Tamil Nadu,Coimbatore,Kurichi(Uzhavar Sandhai ),Bottle gourd,Bottle Gourd,Local,29/08/2026,2800,3200,3000
Tamil Nadu,Theni,Periyakulam(Uzhavar Sandhai ),Bottle gourd,Bottle Gourd,Local,29/08/2026,1500,2000,1750
Tamil Nadu,Coimbatore,Singanallur(Uzhavar Sandhai ),Bottle gourd,Bottle Gourd,Local,29/08/2026,2800,3200,3000
Tamil Nadu,Thiruvannamalai,Vandavasi(Uzhavar Sandhai ),Bottle gourd,Bottle Gourd,Local,29/08/2026,1600,2000,1800
Tamil Nadu,Thiruvannamalai,Chengam(Uzhavar Sandhai ),Bottle gourd,Bottle Gourd,Local,29/08/2026,1600,2000,1800
Tamil Nadu,Madurai,Chokkikulam(Uzhavar Sandhai ),Bottle gourd,Bottle Gourd,Local,29/08/2026,2800,3200,3000
Tamil Nadu,Vellore,Perampet(Uzhavar Sandhai),Bottle gourd,Bottle Gourd,Local,29/08/2026,2000,2000,2000
Tamil Nadu,Nagapattinam,Vedaranyam(Uzhavar Sandhai),Bottle gourd,Bottle Gourd,Local,29/08/2026,3000,3500,3250
Tamil Nadu,Chengalpattu,Thirukalukundram(Uzhavar Sandhai ),Bottle gourd,Bottle Gourd,Local,29/08/2026,4000,4500,4250
Tamil Nadu,Chengalpattu,Madhuranthagam(Uzhavar Sandhai ),Bottle gourd,Bottle Gourd,Local,29/08/2026,4000,4000,4000
Tamil Nadu,Namakkal,Paramathivelur(Uzhavar Sandhai ),Bottle gourd,Bottle Gourd,Local,29/08/2026,1500,2000,1750
Tamil Nadu,Kancheepuram,Kundrathur(Uzhavar Sandhai ),Bottle gourd,Bottle Gourd,Local,29/08/2026,3000,3000,3000
Tamil Nadu,Thirupur,Tiruppur (North) (Uzhavar Sandhai ),Bottle gourd,Bottle Gourd,Local,29/08/2026,1200,1500,1350
Tamil Nadu,Theni,Theni(Uzhavar Sandhai ),Bottle gourd,Bottle Gourd,Local,29/08/2026,1500,2000,1750
Tamil Nadu,Karur,Kulithalai(Uzhavar Sandhai ),Bottle gourd,Bottle Gourd,Local,29/08/2026,1500,2000,1750
Tamil Nadu,Chengalpattu,Madhuranthagam(Uzhavar Sandhai ),Ashgourd,Gouard,Local,29/08/2026,3000,3000,3000
Tamil Nadu,Kancheepuram,Padappai(Uzhavar Sandhai ),Ashgourd,Gouard,Local,29/08/2026,2000,3000,2500
Tamil Nadu,Karur,Velayuthampalayam(Uzhavar Sandhai ),Ashgourd,Gouard,Local,29/08/2026,2400,3000,2700
Tamil Nadu,Madurai,Anaiyur(Uzhavar Sandhai ),Ashgourd,Gouard,Local,29/08/2026,1600,2000,1800
Tamil Nadu,Thiruvannamalai,Cheyyar(Uzhavar Sandhai ),Ashgourd,Gouard,Local,29/08/2026,2000,2500,2250
Tamil Nadu,Salem,Jalagandapuram(Uzhavar Sandhai ),Ashgourd,Gouard,Local,29/08/2026,2000,2400,2200
Tamil Nadu,Chengalpattu,Pallavaram(Uzhavar Sandhai ),Ashgourd,Gouard,Local,29/08/2026,3500,4000,3750
Tamil Nadu,Kancheepuram,Kundrathur(Uzhavar Sandhai ),Ashgourd,Gouard,Local,29/08/2026,2000,2000,2000
Tamil Nadu,Kancheepuram,Sunguvarchatram(Uzhavar Sandhai ),Ashgourd,Gouard,Local,29/08/2026,2000,2000,2000
Tamil Nadu,Coimbatore,Udumalpet APMC,Ashgourd,Gouard,Local,29/08/2026,1500,2000,1750
Tamil Nadu,Dindigul,Palani(Uzhavar Sandhai ),Ashgourd,Gouard,Local,29/08/2026,1600,2000,1800
Tamil Nadu,Erode,Thalavadi(Uzhavar Sandhai ),Ashgourd,Gouard,Local,29/08/2026,1400,1800,1600
Tamil Nadu,Salem,Vazhapadi(Uzhavar Sandhai),Ashgourd,Gouard,Local,29/08/2026,3000,3000,3000
Tamil Nadu,Thiruchirappalli,Thuraiyur APMC,Ashgourd,Gouard,Local,29/08/2026,1200,1800,1500
Tamil Nadu,Vellore,Pallikonda(Uzhavar Sandhai),Ashgourd,Gouard,Local,29/08/2026,3000,3000,3000
Tamil Nadu,Villupuram,Ulundurpettai APMC,Ashgourd,Gouard,Local,29/08/2026,2000,2000,2000
Tamil Nadu,Salem,Athur(Uzhavar Sandhai ),Ashgourd,Gouard,Local,29/08/2026,2000,2400,2200
Tamil Nadu,Salem,Sooramangalam(Uzhavar Sandhai ),Ashgourd,Gouard,Local,29/08/2026,1500,1800,1650
Tamil Nadu,Namakkal,Paramathivelur(Uzhavar Sandhai ),Ashgourd,Gouard,Local,29/08/2026,1500,2000,1750
Tamil Nadu,Thiruchirappalli,Manachanallur(Uzhavar Sandhai ),Ashgourd,Gouard,Local,29/08/2026,1600,2000,1800
Tamil Nadu,Madurai,Thirumangalam(Uzhavar Sandhai ),Ashgourd,Gouard,Local,29/08/2026,1600,2000,1800
Tamil Nadu,Vellore,Kahithapattarai(Uzhavar Sandhai ),Ashgourd,Gouard,Local,29/08/2026,2500,2500,2500
Tamil Nadu,Virudhunagar,Virudhunagar(Uzhavar Sandhai ),Ashgourd,Gouard,Local,29/08/2026,2200,2300,2250
Tamil Nadu,Virudhunagar,Srivilliputhur(Uzhavar Sandhai ),Ashgourd,Gouard,Local,29/08/2026,2500,3000,2750
Tripura,Dhalai,Kulai APMC,Pumpkin,Other,Grade B,29/08/2026,4000,4500,4200
Uttarakhand,Haridwar,Haridwar Union APMC,Pumpkin,Other,Local,29/08/2026,450,650,550
Punjab,Tarntaran,Harike APMC,Pumpkin,Pumpkin,FAQ,29/08/2026,200,300,250
Tamil Nadu,Thiruvannamalai,Cheyyar(Uzhavar Sandhai ),Pumpkin,Pumpkin,Local,29/08/2026,2500,3000,2750
Tamil Nadu,Salem,Jalagandapuram(Uzhavar Sandhai ),Pumpkin,Pumpkin,Local,29/08/2026,2000,2200,2100
Tamil Nadu,Virudhunagar,Rajapalayam(Uzhavar Sandhai ),Pumpkin,Pumpkin,Local,29/08/2026,2500,3000,2750
Tamil Nadu,Thirupur,Kangayam(Uzhavar Sandhai ),Pumpkin,Pumpkin,Local,29/08/2026,2000,2200,2100
Tamil Nadu,Theni,Devaram(Uzhavar Sandhai ),Pumpkin,Pumpkin,Local,29/08/2026,1800,1800,1800
Tamil Nadu,Theni,Periyakulam(Uzhavar Sandhai ),Pumpkin,Pumpkin,Local,29/08/2026,1500,1800,1650
Tamil Nadu,Namakkal,Tiruchengode APMC,Pumpkin,Pumpkin,Local,29/08/2026,2000,2400,2200
Tamil Nadu,Madurai,Anaiyur(Uzhavar Sandhai ),Pumpkin,Pumpkin,Local,29/08/2026,2000,2400,2200
Tamil Nadu,Madurai,Thirumangalam(Uzhavar Sandhai ),Pumpkin,Pumpkin,Local,29/08/2026,1600,2000,1800
Tamil Nadu,Pudukkottai,Ponnamaravathi(Uzhavar Sandhai),Pumpkin,Pumpkin,Local,29/08/2026,1000,1500,1250
Tamil Nadu,Virudhunagar,Sivakasi(Uzhavar Sandhai ),Pumpkin,Pumpkin,Local,29/08/2026,2000,2500,2250
Tamil Nadu,Chengalpattu,Madhuranthagam(Uzhavar Sandhai ),Pumpkin,Pumpkin,Local,29/08/2026,2000,2000,2000
Tamil Nadu,Coimbatore,Sundarapuram(Uzhavar Sandhai ),Pumpkin,Pumpkin,Local,29/08/2026,1500,2000,1750
Tamil Nadu,Theni,Bodinayakanur(Uzhavar Sandhai ),Pumpkin,Pumpkin,Local,29/08/2026,1800,1800,1800
Tamil Nadu,Thiruvannamalai,Polur(Uzhavar Sandhai ),Pumpkin,Pumpkin,Local,29/08/2026,2500,3000,2750
Tamil Nadu,Salem,Vazhapadi(Uzhavar Sandhai),Pumpkin,Pumpkin,Local,29/08/2026,2500,2500,2500
Tamil Nadu,Vellore,Kahithapattarai(Uzhavar Sandhai ),Pumpkin,Pumpkin,Local,29/08/2026,2000,2000,2000
Tamil Nadu,Sivaganga,Singampunari(Uzhavar Sandhai ),Pumpkin,Pumpkin,Local,29/08/2026,1800,2200,2000
Tamil Nadu,Cuddalore,Vadalur(Uzhavar Sandhai ),Pumpkin,Pumpkin,Local,29/08/2026,2500,2500,2500
Tamil Nadu,Dharmapuri,Pennagaram(Uzhavar Sandhai ),Pumpkin,Pumpkin,Local,29/08/2026,1800,2000,1900
Tamil Nadu,Theni,Theni(Uzhavar Sandhai ),Pumpkin,Pumpkin,Local,29/08/2026,1800,1800,1800
Tamil Nadu,Thiruchirappalli,Thiruverumbur(Uzhavar Sandhai ),Pumpkin,Pumpkin,Local,29/08/2026,2000,2000,2000
Tamil Nadu,Pudukkottai,Alangudi(Uzhavar Sandhai ),Pumpkin,Pumpkin,Local,29/08/2026,1000,1500,1250
Tamil Nadu,Virudhunagar,Srivilliputhur(Uzhavar Sandhai ),Pumpkin,Pumpkin,Local,29/08/2026,2500,3000,2750
Tamil Nadu,Krishnagiri,Kaveripattinam(Uzhavar Sandhai ),Pumpkin,Pumpkin,Local,29/08/2026,2500,2500,2500
Tamil Nadu,Dharmapuri,Palacode(Uzhavar Sandhai ),Pumpkin,Pumpkin,Local,29/08/2026,1800,2000,1900
Tamil Nadu,Sivaganga,Sivagangai (Uzhavar Sandhai ),Pumpkin,Pumpkin,Local,29/08/2026,2400,2600,2500
Tamil Nadu,Coimbatore,Mettupalayam(Uzhavar Sandhai ),Pumpkin,Pumpkin,Local,29/08/2026,1500,2000,1750
Tamil Nadu,The Nilgiris,Gudalur(Uzhavar Sandhai ),Pumpkin,Pumpkin,Local,29/08/2026,1500,2000,1750
Tamil Nadu,Dindigul,Palani(Uzhavar Sandhai ),Pumpkin,Pumpkin,Local,29/08/2026,1400,1600,1500
Bihar,Khagaria,Khagaria APMC,Bhindi(Ladies Finger),Bhindi,Grade A,29/08/2026,499.99995,566.66661,549.999945
Punjab,Amritsar,Rayya APMC,Bhindi(Ladies Finger),Bhindi,FAQ,29/08/2026,695,695,695
Gujarat,Amreli,Damnagar APMC,Bhindi(Ladies Finger),Bhindi,Local,29/08/2026,3500,3500,3500
Tamil Nadu,Cuddalore,Cuddalore(Uzhavar Sandhai ),Bhindi(Ladies Finger),Bhindi,Local,29/08/2026,4500,4500,4500
Tamil Nadu,Namakkal,Mohanur(Uzhavar Sandhai ),Bhindi(Ladies Finger),Bhindi,Local,29/08/2026,4000,4400,4200
Tamil Nadu,Kancheepuram,Kundrathur(Uzhavar Sandhai ),Bhindi(Ladies Finger),Bhindi,Local,29/08/2026,3500,4000,3750
Tamil Nadu,Kancheepuram,Padappai(Uzhavar Sandhai ),Bhindi(Ladies Finger),Bhindi,Local,29/08/2026,3000,3500,3250
Tamil Nadu,The Nilgiris,Coonoor(Uzhavar Sandhai ),Bhindi(Ladies Finger),Bhindi,Local,29/08/2026,3500,3800,3650
Tamil Nadu,Dindigul,Palani(Uzhavar Sandhai ),Bhindi(Ladies Finger),Bhindi,Local,29/08/2026,1600,2000,1800
Tamil Nadu,Nagercoil (Kannyiakumari),Myladi(Uzhavar Sandhai ),Bhindi(Ladies Finger),Bhindi,Local,29/08/2026,5500,6000,5750
Tamil Nadu,Thiruvannamalai,Tiruvannamalai(Uzhavar Sandhai ),Bhindi(Ladies Finger),Bhindi,Local,29/08/2026,2400,3000,2700
Tamil Nadu,Virudhunagar,Thalavaipuram(Uzhavar Sandhai ),Bhindi(Ladies Finger),Bhindi,Local,29/08/2026,3200,4000,3600
Tamil Nadu,Pudukkottai,Ponnamaravathi(Uzhavar Sandhai),Bhindi(Ladies Finger),Bhindi,Local,29/08/2026,3500,4000,3750
Tamil Nadu,Vellore,Vellore APMC,Bhindi(Ladies Finger),Bhindi,Local,29/08/2026,2500,3000,2750
Tamil Nadu,Dharmapuri,Karimangalam(Uzhavar Sandhai),Bhindi(Ladies Finger),Bhindi,Local,29/08/2026,2800,3000,2900
Tamil Nadu,Cuddalore,Vadalur(Uzhavar Sandhai ),Bhindi(Ladies Finger),Bhindi,Local,29/08/2026,3000,3000,3000
Tamil Nadu,Ramanathapuram,Kamuthi(Uzhavar Sandhai ),Bhindi(Ladies Finger),Bhindi,Local,29/08/2026,6000,6500,6250
Tamil Nadu,Cuddalore,Panruti(Uzhavar Sandhai ),Bhindi(Ladies Finger),Bhindi,Local,29/08/2026,3000,3000,3000
Tamil Nadu,Salem,Athur(Uzhavar Sandhai ),Bhindi(Ladies Finger),Bhindi,Local,29/08/2026,3000,3500,3250
Tamil Nadu,Thiruvarur,Valangaiman APMC,Bhindi(Ladies Finger),Bhindi,Local,29/08/2026,4000,4000,4000
Tamil Nadu,Cuddalore,Viruthachalam(Uzhavar Sandhai ),Bhindi(Ladies Finger),Bhindi,Local,29/08/2026,3000,3000,3000
Tamil Nadu,Sivaganga,Karaikudi(Uzhavar Sandhai ),Bhindi(Ladies Finger),Bhindi,Local,29/08/2026,3000,3500,3250
Tamil Nadu,Thirupur,Palladam(Uzhavar Sandhai ),Bhindi(Ladies Finger),Bhindi,Local,29/08/2026,4000,5000,4500
Tamil Nadu,The Nilgiris,Gudalur(Uzhavar Sandhai ),Bhindi(Ladies Finger),Bhindi,Local,29/08/2026,3500,4000,3750
Tamil Nadu,Coimbatore,RSPuram(Uzhavar Sandhai ),Bhindi(Ladies Finger),Bhindi,Local,29/08/2026,3500,4000,3750
Tamil Nadu,Ariyalur,Ariyalur(Uzhavar Sandhai),Bhindi(Ladies Finger),Bhindi,Local,29/08/2026,3500,4000,3750
Tamil Nadu,Thiruchirappalli,Thiruverumbur(Uzhavar Sandhai ),Bhindi(Ladies Finger),Bhindi,Local,29/08/2026,3600,3600,3600
Tamil Nadu,Vellore,Gudiyatham(Uzhavar Sandhai ),Bhindi(Ladies Finger),Bhindi,Local,29/08/2026,1800,1800,1800
Tamil Nadu,Thiruvellore,Naravarikuppam(Uzhavar Sandhai ),Bhindi(Ladies Finger),Bhindi,Local,29/08/2026,4000,4000,4000
Tamil Nadu,Thanjavur,Thanjavur(Uzhavar Sandhai ),Bhindi(Ladies Finger),Bhindi,Local,29/08/2026,3600,3600,3600
Tamil Nadu,Madurai,Melur(Uzhavar Sandhai ),Bhindi(Ladies Finger),Bhindi,Local,29/08/2026,2600,3000,2800
Tamil Nadu,Salem,Mecheri(Uzhavar Sandhai),Bhindi(Ladies Finger),Bhindi,Local,29/08/2026,2500,3000,2750
Tamil Nadu,Krishnagiri,Avallapalli(Uzhavar Sandhai ),Bhindi(Ladies Finger),Bhindi,Local,29/08/2026,2500,3000,2750
Tamil Nadu,Krishnagiri,Denkanikottai(Uzhavar Sandhai ),Bhindi(Ladies Finger),Bhindi,Local,29/08/2026,2500,3000,2750
Tamil Nadu,Salem,Elampillai(Uzhavar Sandhai ),Bhindi(Ladies Finger),Bhindi,Local,29/08/2026,2000,2500,2250
Uttar Pradesh,Khiri (Lakhimpur),Maigalganj APMC,Bhindi(Ladies Finger),Bhindi,FAQ,29/08/2026,2200,2240,2220
Uttarakhand,Haridwar,Haridwar Union APMC,Bhindi(Ladies Finger),Other,Local,29/08/2026,1000,1500,1200
Tamil Nadu,Pudukkottai,Alangudi(Uzhavar Sandhai ),Amaranthus,Amaranthus,Local,29/08/2026,1500,2000,1750
Tamil Nadu,Salem,Thathakapatti(Uzhavar Sandhai ),Amaranthus,Amaranthus,Local,29/08/2026,2000,2400,2200
Tamil Nadu,Thanjavur,Pattukottai(Uzhavar Sandhai ),Amaranthus,Amaranthus,Local,29/08/2026,2000,2000,2000
Tamil Nadu,Namakkal,Paramathivelur(Uzhavar Sandhai ),Amaranthus,Amaranthus,Local,29/08/2026,3000,4000,3500
Tamil Nadu,Virudhunagar,Kariyapatti(Uzhavar Sandhai ),Amaranthus,Amaranthus,Local,29/08/2026,3000,3500,3250
Tamil Nadu,Cuddalore,Vadalur(Uzhavar Sandhai ),Amaranthus,Amaranthus,Local,29/08/2026,3000,3500,3250
Tamil Nadu,Dharmapuri,Dharmapuri(Uzhavar Sandhai ),Amaranthus,Amaranthus,Local,29/08/2026,2400,2500,2450
Tamil Nadu,Theni,Theni(Uzhavar Sandhai ),Amaranthus,Amaranthus,Local,29/08/2026,2000,2000,2000
Tamil Nadu,Thiruchirappalli,Thiruverumbur(Uzhavar Sandhai ),Amaranthus,Amaranthus,Local,29/08/2026,1500,2000,1750
Tamil Nadu,Salem,Thammampatti (Uzhavar Sandhai ),Amaranthus,Amaranthus,Local,29/08/2026,2000,2500,2250
Tamil Nadu,Vellore,Gudiyatham(Uzhavar Sandhai ),Amaranthus,Amaranthus,Local,29/08/2026,4000,4000,4000
Tamil Nadu,Salem,Elampillai(Uzhavar Sandhai ),Amaranthus,Amaranthus,Local,29/08/2026,2000,2400,2200
Tamil Nadu,Virudhunagar,Srivilliputhur(Uzhavar Sandhai ),Amaranthus,Amaranthus,Local,29/08/2026,2500,3000,2750
Tamil Nadu,Pudukkottai,Aranthangi(Uzhavar Sandhai ),Amaranthus,Amaranthus,Local,29/08/2026,1500,2000,1750
Tamil Nadu,Krishnagiri,Kaveripattinam(Uzhavar Sandhai ),Amaranthus,Amaranthus,Local,29/08/2026,2000,2500,2250
Tamil Nadu,Kancheepuram,Padappai(Uzhavar Sandhai ),Amaranthus,Amaranthus,Local,29/08/2026,3000,4000,3500
Tamil Nadu,Dindigul,Palani(Uzhavar Sandhai ),Amaranthus,Amaranthus,Local,29/08/2026,3000,3500,3250
Tamil Nadu,Erode,Perundurai(Uzhavar Sandhai ),Amaranthus,Amaranthus,Local,29/08/2026,3000,3500,3250
Tamil Nadu,Thiruvannamalai,Arani(Uzhavar Sandhai ),Amaranthus,Amaranthus,Local,29/08/2026,1500,2000,1750
Tamil Nadu,Thirunelveli,NGO Colony(Uzhavar Sandhai ),Amaranthus,Amaranthus,Local,29/08/2026,1000,1500,1250
Tamil Nadu,Villupuram,Ulundurpettai APMC,Amaranthus,Amaranthus,Local,29/08/2026,2500,2500,2500
Tamil Nadu,Thiruvarur,Valangaiman APMC,Amaranthus,Amaranthus,Local,29/08/2026,2000,2000,2000
Tamil Nadu,Sivaganga,Karaikudi(Uzhavar Sandhai ),Amaranthus,Amaranthus,Local,29/08/2026,3500,4000,3750
Tamil Nadu,Karur,Vengamedu(Uzhavar Sandhai ),Amaranthus,Amaranthus,Local,29/08/2026,2000,2500,2250
Tamil Nadu,Namakkal,Tiruchengode APMC,Amaranthus,Amaranthus,Local,29/08/2026,3500,4000,3750
Tamil Nadu,Karur,Pallapatti (Uzhavar Sandhai ),Amaranthus,Amaranthus,Local,29/08/2026,2500,3000,2750
Tamil Nadu,Ariyalur,Jeyankondam (Uzhavar Sandhai ),Amaranthus,Amaranthus,Local,29/08/2026,2000,2500,2250
Tamil Nadu,Madurai,Anaiyur(Uzhavar Sandhai ),Amaranthus,Amaranthus,Local,29/08/2026,3000,3600,3300
Tamil Nadu,Virudhunagar,Sivakasi(Uzhavar Sandhai ),Amaranthus,Amaranthus,Local,29/08/2026,2500,3000,2750
Himachal Pradesh,Kangra,SMY Baijnath,Green Chilli,Green Chilly,Grade A,29/08/2026,4000,4600,4500
Tamil Nadu,Salem,Thathakapatti(Uzhavar Sandhai ),Green Chilli,Green Chilly,Local,29/08/2026,4400,4600,4500
Tamil Nadu,Dharmapuri,Pennagaram(Uzhavar Sandhai ),Green Chilli,Green Chilly,Local,29/08/2026,4500,5000,4750
Tamil Nadu,Sivaganga,Karaikudi(Uzhavar Sandhai ),Green Chilli,Green Chilly,Local,29/08/2026,4400,5400,4900
Tamil Nadu,Coimbatore,Sundarapuram(Uzhavar Sandhai ),Green Chilli,Green Chilly,Local,29/08/2026,5000,5500,5250
Tamil Nadu,Thanjavur,Kumbakonam (Uzhavar Sandhai ),Green Chilli,Green Chilly,Local,29/08/2026,6000,6000,6000
Tamil Nadu,Coimbatore,Mettupalayam(Uzhavar Sandhai ),Green Chilli,Green Chilly,Local,29/08/2026,4000,4800,4400
Tamil Nadu,Madurai,Anna nagar(Uzhavar Sandhai ),Green Chilli,Green Chilly,Local,29/08/2026,5000,6000,5500
Tamil Nadu,Theni,Periyakulam(Uzhavar Sandhai ),Green Chilli,Green Chilly,Local,29/08/2026,5000,5500,5250
Tamil Nadu,The Nilgiris,Coonoor(Uzhavar Sandhai ),Green Chilli,Green Chilly,Local,29/08/2026,4500,5000,4750
Tamil Nadu,Madurai,Melur(Uzhavar Sandhai ),Green Chilli,Green Chilly,Local,29/08/2026,5000,6000,5500
Tamil Nadu,Tuticorin,Tuticorin(Uzhavar Sandhai ),Green Chilli,Green Chilly,Local,29/08/2026,6500,7000,6750
Tamil Nadu,Kallakuruchi,Sankarapuram(Uzhavar Sandhai ),Green Chilli,Green Chilly,Local,29/08/2026,6000,6000,6000
Tamil Nadu,Kallakuruchi,Kallakurichi(Uzhavar Sandhai ),Green Chilli,Green Chilly,Local,29/08/2026,6000,6000,6000
Tamil Nadu,Dharmapuri,Harur(Uzhavar Sandhai ),Green Chilli,Green Chilly,Local,29/08/2026,4000,5000,4500
Tamil Nadu,Nagapattinam,Sirkali(Uzhavar Sandhai ),Green Chilli,Green Chilly,Local,29/08/2026,5500,6000,5750
Tamil Nadu,Chengalpattu,Pallavaram(Uzhavar Sandhai ),Green Chilli,Green Chilly,Local,29/08/2026,4000,5000,4500
Tamil Nadu,Theni,Theni(Uzhavar Sandhai ),Green Chilli,Green Chilly,Local,29/08/2026,5500,5500,5500
Tamil Nadu,The Nilgiris,Udhagamandalam(Uzhavar Sandhai ),Green Chilli,Green Chilly,Local,29/08/2026,4500,5000,4750
Tamil Nadu,Thiruvannamalai,Tiruvannamalai(Uzhavar Sandhai ),Green Chilli,Green Chilly,Local,29/08/2026,5000,6000,5500
Tamil Nadu,Pudukkottai,Pudukottai(Uzhavar Sandhai ),Green Chilli,Green Chilly,Local,29/08/2026,6000,7000,6500
Tamil Nadu,Theni,Devaram(Uzhavar Sandhai ),Green Chilli,Green Chilly,Local,29/08/2026,5500,5500,5500
Tamil Nadu,Theni,Bodinayakanur(Uzhavar Sandhai ),Green Chilli,Green Chilly,Local,29/08/2026,5400,5400,5400
Tamil Nadu,Thiruchirappalli,Musiri(Uzhavar Sandhai ),Green Chilli,Green Chilly,Local,29/08/2026,4500,5000,4750
Tamil Nadu,Madurai,Palanganatham(Uzhavar Sandhai ),Green Chilli,Green Chilly,Local,29/08/2026,5000,6000,5500
Tamil Nadu,Thiruchirappalli,Thuraiyur APMC,Green Chilli,Green Chilly,Local,29/08/2026,4500,5000,4750
Andaman and Nicobar,North and Middle Andaman ,Diglipur Vegetable Market (Subhashgram),Green Chilli,Other,FAQ,29/08/2026,55000,70000,65000
Tamil Nadu,Erode,Sathiyamagalam(Uzhavar Sandhai ),Cowpea(Veg),Cowpea (Veg),Local,29/08/2026,2000,2600,2300
Tamil Nadu,Vellore,Kahithapattarai(Uzhavar Sandhai ),Cowpea(Veg),Cowpea (Veg),Local,29/08/2026,2500,2500,2500
Tamil Nadu,Thirupur,Palladam(Uzhavar Sandhai ),Cowpea(Veg),Cowpea (Veg),Local,29/08/2026,3500,4000,3750
Tamil Nadu,Coimbatore,Mettupalayam(Uzhavar Sandhai ),Cowpea(Veg),Cowpea (Veg),Local,29/08/2026,2500,3000,2750
Tamil Nadu,Thiruchirappalli,Thiruverumbur(Uzhavar Sandhai ),Cowpea(Veg),Cowpea (Veg),Local,29/08/2026,3600,3600,3600
Tamil Nadu,Dharmapuri,Palacode(Uzhavar Sandhai ),Cowpea(Veg),Cowpea (Veg),Local,29/08/2026,4600,5000,4800
Tamil Nadu,Coimbatore,Pollachi(Uzhavar Sandhai ),Cowpea(Veg),Cowpea (Veg),Local,29/08/2026,4000,4500,4250
Tamil Nadu,Dindigul,Palani(Uzhavar Sandhai ),Cowpea(Veg),Cowpea (Veg),Local,29/08/2026,2000,2400,2200
Tamil Nadu,Ramanathapuram,Ramanathapuram(Uzhavar Sandhai ),Banana - Green,Banana - Green,Local,29/08/2026,3500,4000,3750
Tamil Nadu,Salem,Thathakapatti(Uzhavar Sandhai ),Banana - Green,Banana - Green,Local,29/08/2026,3000,4000,3500
Tamil Nadu,Cuddalore,Cuddalore(Uzhavar Sandhai ),Banana - Green,Banana - Green,Local,29/08/2026,2000,3000,2500
Tamil Nadu,Namakkal,Paramathivelur(Uzhavar Sandhai ),Banana - Green,Banana - Green,Local,29/08/2026,3000,4000,3500
Tamil Nadu,Theni,Bodinayakanur(Uzhavar Sandhai ),Banana - Green,Banana - Green,Local,29/08/2026,3600,3600,3600
Tamil Nadu,Madurai,Melur(Uzhavar Sandhai ),Banana - Green,Banana - Green,Local,29/08/2026,1800,2200,2000
Tamil Nadu,Vellore,Kahithapattarai(Uzhavar Sandhai ),Banana - Green,Banana - Green,Local,29/08/2026,6000,6000,6000
Tamil Nadu,Sivaganga,Tirupatthur(Uzhavar Sandhai ),Banana - Green,Banana - Green,Local,29/08/2026,2500,3000,2750
Tamil Nadu,The Nilgiris,Gudalur(Uzhavar Sandhai ),Banana - Green,Banana - Green,Local,29/08/2026,4000,4500,4250
Tamil Nadu,Salem,Thammampatti (Uzhavar Sandhai ),Banana - Green,Banana - Green,Local,29/08/2026,2000,2500,2250
Tamil Nadu,Vellore,Gudiyatham(Uzhavar Sandhai ),Banana - Green,Banana - Green,Local,29/08/2026,3500,3500,3500
Tamil Nadu,Salem,Elampillai(Uzhavar Sandhai ),Banana - Green,Banana - Green,Local,29/08/2026,2000,2400,2200
Tamil Nadu,Dharmapuri,Palacode(Uzhavar Sandhai ),Banana - Green,Banana - Green,Local,29/08/2026,2000,2500,2250
Tamil Nadu,Nagapattinam,Mayiladuthurai(Uzhavar Sandhai ),Banana - Green,Banana - Green,Local,29/08/2026,3000,3500,3250
Tamil Nadu,Salem,Ammapet(Uzhavar Sandhai ),Banana - Green,Banana - Green,Local,29/08/2026,2000,2400,2200
Tamil Nadu,Sivaganga,Sivagangai (Uzhavar Sandhai ),Banana - Green,Banana - Green,Local,29/08/2026,3000,3000,3000
Tamil Nadu,Thirupur,Tiruppur (South) (Uzhavar Sandhai ),Banana - Green,Banana - Green,Local,29/08/2026,2500,3000,2750
Tamil Nadu,Thiruchirappalli,Lalgudi(Uzhavar Sandhai ),Banana - Green,Banana - Green,Local,29/08/2026,3000,3000,3000
Tamil Nadu,Thiruvannamalai,Cheyyar(Uzhavar Sandhai ),Banana - Green,Banana - Green,Local,29/08/2026,1500,2000,1750
Tamil Nadu,Thiruvannamalai,Arani(Uzhavar Sandhai ),Banana - Green,Banana - Green,Local,29/08/2026,1500,2000,1750
Tamil Nadu,Krishnagiri,Avallapalli(Uzhavar Sandhai ),Banana - Green,Banana - Green,Local,29/08/2026,3500,4000,3750
Tamil Nadu,Salem,Edapadi (Uzhavar Sandhai ),Banana - Green,Banana - Green,Local,29/08/2026,2800,3000,2900
Tamil Nadu,Thirunelveli,NGO Colony(Uzhavar Sandhai ),Banana - Green,Banana - Green,Local,29/08/2026,2500,3000,2750
Tamil Nadu,Salem,Jalagandapuram(Uzhavar Sandhai ),Banana - Green,Banana - Green,Local,29/08/2026,2500,2800,2650
Tamil Nadu,Namakkal,Rasipuram(Uzhavar Sandhai ),Banana - Green,Banana - Green,Local,29/08/2026,3500,4000,3750
Tamil Nadu,Kancheepuram,Kancheepuram(Uzhavar Sandhai ),Banana - Green,Banana - Green,Local,29/08/2026,4000,4500,4250
Tamil Nadu,Karur,Vengamedu(Uzhavar Sandhai ),Banana - Green,Banana - Green,Local,29/08/2026,2500,3000,2750
Tamil Nadu,Karur,Pallapatti (Uzhavar Sandhai ),Banana - Green,Banana - Green,Local,29/08/2026,2500,3000,2750
Tamil Nadu,Karur,Velayuthampalayam(Uzhavar Sandhai ),Banana - Green,Banana - Green,Local,29/08/2026,2400,3000,2700
Tamil Nadu,Karur,Kulithalai(Uzhavar Sandhai ),Banana - Green,Banana - Green,Local,29/08/2026,3000,3500,3250
Tamil Nadu,Thiruchirappalli,Thuraiyur APMC,Banana - Green,Banana - Green,Local,29/08/2026,2000,2500,2250
Tamil Nadu,Pudukkottai,Karambakkudi(Uzhavar Sandhai ),Banana - Green,Banana - Green,Local,29/08/2026,2500,3000,2750
Uttar Pradesh,Khiri (Lakhimpur),Maigalganj APMC,Banana - Green,Banana - Green,FAQ,29/08/2026,1740,1780,1760
Keralam,Alappuzha,Harippad Market,Banana - Green,Other,FAQ,29/08/2026,7000,7500,7000
Tamil Nadu,Villupuram,Tindivanam APMC,Beans,Beans (Whole),Local,29/08/2026,9000,9000,9000
Tamil Nadu,Nagapattinam,Nagapattinam(Uzhavar Sandhai ),Beans,Beans (Whole),Local,29/08/2026,10000,11500,10750
Tamil Nadu,Coimbatore,Sulur(Uzhavar Sandhai ),Beans,Beans (Whole),Local,29/08/2026,7000,7500,7250
Tamil Nadu,Tuticorin,Tuticorin(Uzhavar Sandhai ),Beans,Beans (Whole),Local,29/08/2026,11000,12000,11500
Tamil Nadu,Salem,Edapadi (Uzhavar Sandhai ),Beans,Beans (Whole),Local,29/08/2026,8000,8500,8250
Tamil Nadu,Salem,Elampillai(Uzhavar Sandhai ),Beans,Beans (Whole),Local,29/08/2026,7000,8000,7500
Tamil Nadu,Vellore,Vellore APMC,Beans,Beans (Whole),Local,29/08/2026,5500,6500,6000
Tamil Nadu,Ramanathapuram,Ramanathapuram(Uzhavar Sandhai ),Beans,Beans (Whole),Local,29/08/2026,9000,9500,9250
Tamil Nadu,Chengalpattu,Pallavaram(Uzhavar Sandhai ),Beans,Beans (Whole),Local,29/08/2026,8000,9000,8500
Tamil Nadu,Thiruvellore,Tiruthani(Uzhavar Sandhai ),Beans,Beans (Whole),Local,29/08/2026,9000,9000,9000
Tamil Nadu,Thiruvannamalai,Vandavasi(Uzhavar Sandhai ),Beans,Beans (Whole),Local,29/08/2026,5000,6000,5500
Tamil Nadu,Ariyalur,Ariyalur(Uzhavar Sandhai),Beans,Beans (Whole),Local,29/08/2026,8000,9000,8500
Tamil Nadu,Ramanathapuram,Paramakudi(Uzhavar Sandhai ),Beans,Beans (Whole),Local,29/08/2026,8000,9000,8500
Tamil Nadu,Namakkal,Paramathivelur(Uzhavar Sandhai ),Beans,Beans (Whole),Local,29/08/2026,8000,9000,8500
Tamil Nadu,Coimbatore,Mettupalayam(Uzhavar Sandhai ),Beans,Beans (Whole),Local,29/08/2026,6500,7000,6750
Tamil Nadu,Thiruchirappalli,Thiruverumbur(Uzhavar Sandhai ),Beans,Beans (Whole),Local,29/08/2026,8000,8000,8000
Tamil Nadu,Krishnagiri,Hosur(Uzhavar Sandhai ),Tapioca,Tapioca,Local,29/08/2026,3500,4000,3750
Tamil Nadu,Kallakuruchi,Kallakurichi(Uzhavar Sandhai ),Tapioca,Tapioca,Local,29/08/2026,3000,3000,3000
Tamil Nadu,Tuticorin,Tuticorin(Uzhavar Sandhai ),Tapioca,Tapioca,Local,29/08/2026,3000,3500,3250
Tamil Nadu,Erode,Thalavadi(Uzhavar Sandhai ),Tapioca,Tapioca,Local,29/08/2026,2500,3000,2750
Tamil Nadu,Erode,Gobichettipalayam(Uzhavar Sandhai ),Tapioca,Tapioca,Local,29/08/2026,2000,2500,2250
Tamil Nadu,Cuddalore,Cuddalore(Uzhavar Sandhai ),Tapioca,Tapioca,Local,29/08/2026,5000,6000,5500
Tamil Nadu,Namakkal,Kumarapalayam(Uzhavar Sandhai ),Tapioca,Tapioca,Local,29/08/2026,2500,3000,2750
Tamil Nadu,Coimbatore,Sulur(Uzhavar Sandhai ),Tapioca,Tapioca,Local,29/08/2026,2500,3200,2850
Tamil Nadu,Karur,Gandhigramam(Uzhavar Sandhai),Tapioca,Tapioca,Local,29/08/2026,3000,3500,3250
Tamil Nadu,Thirupur,Tiruppur (North) (Uzhavar Sandhai ),Tapioca,Tapioca,Local,29/08/2026,2000,2500,2250
Tamil Nadu,Madurai,Usilampatti(Uzhavar Sandhai ),Tapioca,Tapioca,Local,29/08/2026,3600,4000,3800
Tamil Nadu,Dharmapuri,Dharmapuri(Uzhavar Sandhai ),Tapioca,Tapioca,Local,29/08/2026,2800,3000,2900
Tamil Nadu,Coimbatore,Vadavalli(Uzhavar Sandhai ),Tapioca,Tapioca,Local,29/08/2026,2500,3200,2850
Himachal Pradesh,Kangra,SMY Baijnath,Ginger(Green),Green Ginger,Grade A,29/08/2026,8000,13000,12000
Tamil Nadu,Cuddalore,Cuddalore(Uzhavar Sandhai ),Ginger(Green),Green Ginger,Local,29/08/2026,18000,18000,18000
Tamil Nadu,Sivaganga,Devakottai (Uzhavar Sandhai ),Ginger(Green),Green Ginger,Local,29/08/2026,12000,19200,15600
Tamil Nadu,Coimbatore,Vadavalli(Uzhavar Sandhai ),Ginger(Green),Green Ginger,Local,29/08/2026,15000,16000,15500
Tamil Nadu,Thirupur,Tiruppur (South) (Uzhavar Sandhai ),Ginger(Green),Green Ginger,Local,29/08/2026,14000,15000,14500
Tamil Nadu,Thirupur,Tiruppur (North) (Uzhavar Sandhai ),Ginger(Green),Green Ginger,Local,29/08/2026,15000,16000,15500
Tamil Nadu,Dindigul,Chinnalapatti(Uzhavar Sandhai ),Ginger(Green),Green Ginger,Local,29/08/2026,15000,16000,15500
Tamil Nadu,Nagercoil (Kannyiakumari),Vadaseri APMC,Ginger(Green),Green Ginger,Local,29/08/2026,17000,19000,18000
Tamil Nadu,Thanjavur,Pattukottai(Uzhavar Sandhai ),Ginger(Green),Green Ginger,Local,29/08/2026,12000,18000,15000
Tamil Nadu,Thanjavur,Kumbakonam (Uzhavar Sandhai ),Ginger(Green),Green Ginger,Local,29/08/2026,10800,22000,16400
Tamil Nadu,Perambalur,Perambalur(Uzhavar Sandhai ),Ginger(Green),Green Ginger,Local,29/08/2026,13000,16000,14500
Tamil Nadu,Madurai,Palanganatham(Uzhavar Sandhai ),Ginger(Green),Green Ginger,Local,29/08/2026,18000,19000,18500
Tamil Nadu,Thirunelveli,NGO Colony(Uzhavar Sandhai ),Ginger(Green),Green Ginger,Local,29/08/2026,15000,17000,16000
Tamil Nadu,Salem,Hasthampatti(Uzhavar Sandhai ),Ginger(Green),Green Ginger,Local,29/08/2026,16500,17000,16750
Tamil Nadu,Chengalpattu,Nanganallur(Uzhavar Sandhai ),Ginger(Green),Green Ginger,Local,29/08/2026,7500,8000,7750
Tamil Nadu,The Nilgiris,Gudalur(Uzhavar Sandhai ),Ginger(Green),Green Ginger,Local,29/08/2026,15000,16000,15500
Tamil Nadu,Thiruchirappalli,Musiri(Uzhavar Sandhai ),Ginger(Green),Green Ginger,Local,29/08/2026,14000,15500,14750
Tamil Nadu,Tuticorin,Kovilpatti(Uzhavar Sandhai ),Ginger(Green),Green Ginger,Local,29/08/2026,17000,17500,17250
Tamil Nadu,Salem,Vazhapadi(Uzhavar Sandhai),Ginger(Green),Green Ginger,Local,29/08/2026,10000,15000,12500
Tamil Nadu,Salem,Elampillai(Uzhavar Sandhai ),Ginger(Green),Green Ginger,Local,29/08/2026,16000,17000,16500
Tamil Nadu,Villupuram,Ulundurpettai APMC,Ginger(Green),Green Ginger,Local,29/08/2026,11000,11000,11000
Tamil Nadu,Theni,Periyakulam(Uzhavar Sandhai ),Ginger(Green),Green Ginger,Local,29/08/2026,9000,14000,11500
Tamil Nadu,Karur,Kulithalai(Uzhavar Sandhai ),Ginger(Green),Green Ginger,Local,29/08/2026,18000,18500,18250
Tamil Nadu,Erode,Sathiyamagalam(Uzhavar Sandhai ),Ginger(Green),Green Ginger,Local,29/08/2026,15000,16000,15500
Tamil Nadu,Virudhunagar,Kariyapatti(Uzhavar Sandhai ),Ginger(Green),Green Ginger,Local,29/08/2026,19000,20000,19500
Tamil Nadu,Vellore,Gudiyatham(Uzhavar Sandhai ),Ginger(Green),Green Ginger,Local,29/08/2026,20000,20000,20000
Tamil Nadu,Dharmapuri,AJattihalli(Uzhavar Sandhai ),Ginger(Green),Green Ginger,Local,29/08/2026,20000,22500,21250
Tamil Nadu,Madurai,Anna nagar(Uzhavar Sandhai ),Coconut,Coconut,Local,29/08/2026,6500,6800,6650
Tamil Nadu,Salem,Jalagandapuram(Uzhavar Sandhai ),Coconut,Coconut,Local,29/08/2026,5500,6000,5750
Tamil Nadu,Salem,Athur(Uzhavar Sandhai ),Coconut,Coconut,Local,29/08/2026,6000,6500,6250
Tamil Nadu,Sivaganga,Tirupatthur(Uzhavar Sandhai ),Coconut,Coconut,Local,29/08/2026,6500,7000,6750
Tamil Nadu,Thirupur,Palladam(Uzhavar Sandhai ),Coconut,Coconut,Local,29/08/2026,5500,5800,5650
Tamil Nadu,Krishnagiri,Denkanikottai(Uzhavar Sandhai ),Coconut,Coconut,Local,29/08/2026,5500,6000,5750
Tamil Nadu,Kallakuruchi,Sankarapuram(Uzhavar Sandhai ),Coconut,Coconut,Local,29/08/2026,6000,6000,6000
Tamil Nadu,Dharmapuri,Palacode(Uzhavar Sandhai ),Coconut,Coconut,Local,29/08/2026,6000,6500,6250
Tamil Nadu,Coimbatore,Sulur(Uzhavar Sandhai ),Coconut,Coconut,Local,29/08/2026,5500,5800,5650
Tamil Nadu,Karur,Gandhigramam(Uzhavar Sandhai),Coconut,Coconut,Local,29/08/2026,5500,6000,5750
Tamil Nadu,Namakkal,Namakkal(Uzhavar Sandhai ),Coconut,Coconut,Local,29/08/2026,5500,6000,5750
Tamil Nadu,Thiruvannamalai,Tamarainagar(Uzhavar Sandhai ),Coconut,Coconut,Local,29/08/2026,5800,6900,6350
Tamil Nadu,The Nilgiris,Coonoor(Uzhavar Sandhai ),Coconut,Coconut,Local,29/08/2026,6000,6400,6200
Tamil Nadu,Thiruvannamalai,Cheyyar(Uzhavar Sandhai ),Coconut,Coconut,Local,29/08/2026,3700,4500,4100
Tamil Nadu,Erode,Gobichettipalayam(Uzhavar Sandhai ),Coconut,Coconut,Local,29/08/2026,4700,5500,5100
Tamil Nadu,Salem,Elampillai(Uzhavar Sandhai ),Coconut,Coconut,Local,29/08/2026,6000,6500,6250
Tamil Nadu,Virudhunagar,Virudhunagar(Uzhavar Sandhai ),Coconut,Coconut,Local,29/08/2026,5500,5600,5550
Tamil Nadu,Pudukkottai,Aranthangi(Uzhavar Sandhai ),Coconut,Coconut,Local,29/08/2026,3500,4000,3750
Tamil Nadu,Nagapattinam,Vedaranyam(Uzhavar Sandhai),Coconut,Coconut,Local,29/08/2026,5000,5500,5250
Tamil Nadu,Chengalpattu,Madhuranthagam(Uzhavar Sandhai ),Coconut,Coconut,Local,29/08/2026,3000,4000,3500
Tamil Nadu,Dharmapuri,Dharmapuri(Uzhavar Sandhai ),Coconut,Coconut,Local,29/08/2026,6500,7000,6750
Tamil Nadu,Thiruvellore,Tiruthani(Uzhavar Sandhai ),Coconut,Coconut,Local,29/08/2026,6000,6000,6000
Tamil Nadu,Virudhunagar,Thalavaipuram(Uzhavar Sandhai ),Coconut,Coconut,Local,29/08/2026,5000,6000,5500
Tamil Nadu,Krishnagiri,Hosur(Uzhavar Sandhai ),Coconut,Coconut,Local,29/08/2026,5000,6000,5500
Tamil Nadu,Dharmapuri,Karimangalam(Uzhavar Sandhai),Coconut,Coconut,Local,29/08/2026,6500,7000,6750
Tamil Nadu,Ramanathapuram,Paramakudi(Uzhavar Sandhai ),Coconut,Coconut,Local,29/08/2026,6500,7000,6750
Tamil Nadu,Sivaganga,Singampunari(Uzhavar Sandhai ),Coconut,Coconut,Local,29/08/2026,6200,6600,6400
Tamil Nadu,Thanjavur,Kumbakonam (Uzhavar Sandhai ),Coconut,Coconut,Local,29/08/2026,6000,6000,6000
Tamil Nadu,Madurai,Anaiyur(Uzhavar Sandhai ),Betal Leaves,Mysore,Local,29/08/2026,18000,24000,21000
Tamil Nadu,Madurai,Palanganatham(Uzhavar Sandhai ),Betal Leaves,Mysore,Local,29/08/2026,20000,28000,24000
Tamil Nadu,Karur,Kulithalai(Uzhavar Sandhai ),Sweet Potato,Hosur Red,Local,29/08/2026,2500,3000,2750
Tamil Nadu,Coimbatore,RSPuram(Uzhavar Sandhai ),Sweet Potato,Hosur Red,Local,29/08/2026,4500,5000,4750
Tamil Nadu,Madurai,Melur(Uzhavar Sandhai ),Sweet Potato,Hosur Red,Local,29/08/2026,4500,5000,4750
Tamil Nadu,Thiruvannamalai,Arani(Uzhavar Sandhai ),Sweet Potato,Hosur Red,Local,29/08/2026,3500,4000,3750
Tamil Nadu,Vellore,Vellore APMC,Sweet Potato,Hosur Red,Local,29/08/2026,2500,3000,2750
Tamil Nadu,Thiruchirappalli,Musiri(Uzhavar Sandhai ),Sweet Potato,Hosur Red,Local,29/08/2026,4000,4600,4300
Tamil Nadu,Krishnagiri,Denkanikottai(Uzhavar Sandhai ),Sweet Potato,Hosur Red,Local,29/08/2026,5500,6000,5750
Tamil Nadu,Vellore,Thirupathur APMC,Sweet Potato,Hosur Red,Local,29/08/2026,4000,4000,4000
Tamil Nadu,Salem,Mettur(Uzhavar Sandhai ),Sweet Potato,Hosur Red,Local,29/08/2026,3500,4000,3750
Tamil Nadu,Theni,Theni(Uzhavar Sandhai ),Sweet Potato,Hosur Red,Local,29/08/2026,4800,4800,4800
Tamil Nadu,Coimbatore,Kurichi(Uzhavar Sandhai ),Sweet Potato,Hosur Red,Local,29/08/2026,4500,5000,4750
Tamil Nadu,Thirupur,Tiruppur (North) (Uzhavar Sandhai ),Sweet Potato,Hosur Red,Local,29/08/2026,3500,4000,3750
Tamil Nadu,Tuticorin,Tuticorin(Uzhavar Sandhai ),Sweet Potato,Hosur Red,Local,29/08/2026,7500,8000,7750
Tamil Nadu,Dharmapuri,Pennagaram(Uzhavar Sandhai ),Carrot,Pusakesar,Local,29/08/2026,7500,8000,7750
Tamil Nadu,Cuddalore,Viruthachalam(Uzhavar Sandhai ),Carrot,Pusakesar,Local,29/08/2026,7000,7000,7000
Tamil Nadu,Theni,Periyakulam(Uzhavar Sandhai ),Carrot,Pusakesar,Local,29/08/2026,5800,5800,5800
Tamil Nadu,Coimbatore,Mettupalayam(Uzhavar Sandhai ),Carrot,Pusakesar,Local,29/08/2026,7000,8000,7500
Tamil Nadu,Thiruchirappalli,Lalgudi(Uzhavar Sandhai ),Carrot,Pusakesar,Local,29/08/2026,8000,8000,8000
Tamil Nadu,Madurai,Palanganatham(Uzhavar Sandhai ),Carrot,Pusakesar,Local,29/08/2026,4000,6000,5000
Tamil Nadu,Vellore,Pallikonda(Uzhavar Sandhai),Carrot,Pusakesar,Local,29/08/2026,5000,5000,5000
Tamil Nadu,Madurai,Anna nagar(Uzhavar Sandhai ),Carrot,Pusakesar,Local,29/08/2026,5000,6000,5500
Tamil Nadu,Dharmapuri,Karimangalam(Uzhavar Sandhai),Carrot,Pusakesar,Local,29/08/2026,6500,7000,6750
Tamil Nadu,Pudukkottai,Pudukottai(Uzhavar Sandhai ),Carrot,Pusakesar,Local,29/08/2026,7000,8000,7500
Tamil Nadu,Namakkal,Tiruchengode APMC,Carrot,Pusakesar,Local,29/08/2026,6800,7500,7150
Tamil Nadu,Krishnagiri,Denkanikottai(Uzhavar Sandhai ),Carrot,Pusakesar,Local,29/08/2026,5000,5500,5250
Tamil Nadu,Virudhunagar,Kariyapatti(Uzhavar Sandhai ),Carrot,Pusakesar,Local,29/08/2026,7500,8000,7750
Tamil Nadu,Kallakuruchi,Sankarapuram(Uzhavar Sandhai ),Carrot,Pusakesar,Local,29/08/2026,8000,8000,8000
Tamil Nadu,Dharmapuri,Palacode(Uzhavar Sandhai ),Carrot,Pusakesar,Local,29/08/2026,6600,7000,6800
Tamil Nadu,Nagapattinam,Nagapattinam(Uzhavar Sandhai ),Carrot,Pusakesar,Local,29/08/2026,8000,9100,8550
Tamil Nadu,Cuddalore,Vadalur(Uzhavar Sandhai ),Carrot,Pusakesar,Local,29/08/2026,6000,6000,6000
Tamil Nadu,Thiruvannamalai,Chengam(Uzhavar Sandhai ),Carrot,Pusakesar,Local,29/08/2026,6000,7200,6600
Tamil Nadu,Thiruvannamalai,Tiruvannamalai(Uzhavar Sandhai ),Carrot,Pusakesar,Local,29/08/2026,6400,7200,6800
Tamil Nadu,Chengalpattu,Nanganallur(Uzhavar Sandhai ),Carrot,Pusakesar,Local,29/08/2026,6500,7000,6750
Tamil Nadu,Coimbatore,Sulur(Uzhavar Sandhai ),Carrot,Pusakesar,Local,29/08/2026,5800,6500,6150
Tamil Nadu,Namakkal,Rasipuram(Uzhavar Sandhai ),Carrot,Pusakesar,Local,29/08/2026,7000,8000,7500
Tamil Nadu,Theni,Kambam(Uzhavar Sandhai ),Carrot,Pusakesar,Local,29/08/2026,5500,5800,5650
Tamil Nadu,The Nilgiris,Udhagamandalam(Uzhavar Sandhai ),Carrot,Pusakesar,Local,29/08/2026,4500,5000,4750
Tamil Nadu,Ariyalur,Ariyalur(Uzhavar Sandhai),Carrot,Pusakesar,Local,29/08/2026,7000,8000,7500
Tamil Nadu,Salem,Edapadi (Uzhavar Sandhai ),Carrot,Pusakesar,Local,29/08/2026,8500,9000,8750
Tamil Nadu,Dharmapuri,Dharmapuri(Uzhavar Sandhai ),Cabbage,Cabbage,Local,29/08/2026,3200,3400,3300
Tamil Nadu,Thiruvannamalai,Chengam(Uzhavar Sandhai ),Cabbage,Cabbage,Local,29/08/2026,3300,4000,3650
Tamil Nadu,Thiruchirappalli,Musiri(Uzhavar Sandhai ),Cabbage,Cabbage,Local,29/08/2026,2600,3000,2800
Tamil Nadu,Salem,Vazhapadi(Uzhavar Sandhai),Cabbage,Cabbage,Local,29/08/2026,3400,3400,3400
Tamil Nadu,Krishnagiri,Hosur(Uzhavar Sandhai ),Cabbage,Cabbage,Local,29/08/2026,1000,1500,1250
Tamil Nadu,Thirupur,Tiruppur (South) (Uzhavar Sandhai ),Cabbage,Cabbage,Local,29/08/2026,2500,3000,2750
Tamil Nadu,Coimbatore,Pollachi(Uzhavar Sandhai ),Cabbage,Cabbage,Local,29/08/2026,3500,4000,3750
Tamil Nadu,Thiruchirappalli,Lalgudi(Uzhavar Sandhai ),Cabbage,Cabbage,Local,29/08/2026,3600,3600,3600
Tamil Nadu,Thiruvannamalai,Cheyyar(Uzhavar Sandhai ),Cabbage,Cabbage,Local,29/08/2026,2000,2500,2250
Tamil Nadu,Salem,Edapadi (Uzhavar Sandhai ),Cabbage,Cabbage,Local,29/08/2026,2800,3000,2900
Tamil Nadu,Theni,Periyakulam(Uzhavar Sandhai ),Cabbage,Cabbage,Local,29/08/2026,3000,3000,3000
Tamil Nadu,Theni,Kambam(Uzhavar Sandhai ),Cabbage,Cabbage,Local,29/08/2026,3000,3000,3000
Tamil Nadu,Madurai,Chokkikulam(Uzhavar Sandhai ),Cabbage,Cabbage,Local,29/08/2026,2600,3000,2800
Tamil Nadu,Dharmapuri,Karimangalam(Uzhavar Sandhai),Cabbage,Cabbage,Local,29/08/2026,3300,3500,3400
Tamil Nadu,Ranipet,Arcot(Uzhavar Sandhai ),Cabbage,Cabbage,Local,29/08/2026,3000,3000,3000
Tamil Nadu,Sivaganga,Singampunari(Uzhavar Sandhai ),Cabbage,Cabbage,Local,29/08/2026,2800,3200,3000
Punjab,Bhatinda,Rampuraphul(Nabha Mandi) APMC,Cabbage,Other,Grade A,29/08/2026,1000,2000,1500
Tamil Nadu,Villupuram,Tindivanam APMC,Snakeguard,Snakeguard,Local,29/08/2026,3000,3000,3000
Tamil Nadu,Namakkal,Mohanur(Uzhavar Sandhai ),Snakeguard,Snakeguard,Local,29/08/2026,4800,5400,5100
Tamil Nadu,Coimbatore,Singanallur(Uzhavar Sandhai ),Snakeguard,Snakeguard,Local,29/08/2026,3000,3500,3250
Tamil Nadu,Thiruvannamalai,Chengam(Uzhavar Sandhai ),Snakeguard,Snakeguard,Local,29/08/2026,3300,4000,3650
Tamil Nadu,Erode,Gobichettipalayam(Uzhavar Sandhai ),Snakeguard,Snakeguard,Local,29/08/2026,3500,3800,3650
Tamil Nadu,Thiruvannamalai,Polur(Uzhavar Sandhai ),Snakeguard,Snakeguard,Local,29/08/2026,2500,3000,2750
Tamil Nadu,Kancheepuram,Kundrathur(Uzhavar Sandhai ),Snakeguard,Snakeguard,Local,29/08/2026,3500,3500,3500
Tamil Nadu,Kancheepuram,Padappai(Uzhavar Sandhai ),Snakeguard,Snakeguard,Local,29/08/2026,3000,3500,3250
Tamil Nadu,Theni,Bodinayakanur(Uzhavar Sandhai ),Snakeguard,Snakeguard,Local,29/08/2026,3400,3400,3400
Tamil Nadu,Theni,Theni(Uzhavar Sandhai ),Snakeguard,Snakeguard,Local,29/08/2026,2500,2500,2500
Tamil Nadu,Madurai,Thirumangalam(Uzhavar Sandhai ),Snakeguard,Snakeguard,Local,29/08/2026,3000,3600,3300
Tamil Nadu,Virudhunagar,Rajapalayam(Uzhavar Sandhai ),Snakeguard,Snakeguard,Local,29/08/2026,3000,3500,3250
Tamil Nadu,Dharmapuri,Pennagaram(Uzhavar Sandhai ),Snakeguard,Snakeguard,Local,29/08/2026,3300,3500,3400
Tamil Nadu,Coimbatore,Mettupalayam(Uzhavar Sandhai ),Snakeguard,Snakeguard,Local,29/08/2026,3000,3500,3250
Tamil Nadu,Thirupur,Kangayam(Uzhavar Sandhai ),Snakeguard,Snakeguard,Local,29/08/2026,4000,4500,4250
Tamil Nadu,Namakkal,Namakkal(Uzhavar Sandhai ),Snakeguard,Snakeguard,Local,29/08/2026,5000,5400,5200
Tamil Nadu,Thiruvannamalai,Cheyyar(Uzhavar Sandhai ),Snakeguard,Snakeguard,Local,29/08/2026,2500,3000,2750
Tamil Nadu,Krishnagiri,Avallapalli(Uzhavar Sandhai ),Snakeguard,Snakeguard,Local,29/08/2026,3000,3500,3250
Tamil Nadu,Pudukkottai,Viralimalai(Uzhavar Sandhai ),Snakeguard,Snakeguard,Local,29/08/2026,3000,3500,3250
Tamil Nadu,Pudukkottai,Aranthangi(Uzhavar Sandhai ),Snakeguard,Snakeguard,Local,29/08/2026,3000,3500,3250
Keralam,Alappuzha,Harippad Market,Beetroot,Beetroot,FAQ,29/08/2026,6000,6500,6000
Tamil Nadu,Thiruvannamalai,Cheyyar(Uzhavar Sandhai ),Beetroot,Beetroot,Local,29/08/2026,3500,4200,3850
Tamil Nadu,Virudhunagar,Thalavaipuram(Uzhavar Sandhai ),Beetroot,Beetroot,Local,29/08/2026,4000,5000,4500
Tamil Nadu,Salem,Athur(Uzhavar Sandhai ),Beetroot,Beetroot,Local,29/08/2026,6000,7000,6500
Tamil Nadu,Kancheepuram,Kundrathur(Uzhavar Sandhai ),Beetroot,Beetroot,Local,29/08/2026,4000,4000,4000
Tamil Nadu,Theni,Chinnamanur(Uzhavar Sandhai ),Beetroot,Beetroot,Local,29/08/2026,3600,3600,3600
Tamil Nadu,Namakkal,Rasipuram(Uzhavar Sandhai ),Beetroot,Beetroot,Local,29/08/2026,7000,8000,7500
Tamil Nadu,Nagercoil (Kannyiakumari),Myladi(Uzhavar Sandhai ),Beetroot,Beetroot,Local,29/08/2026,4500,5000,4750
Tamil Nadu,Kallakuruchi,Sankarapuram(Uzhavar Sandhai ),Beetroot,Beetroot,Local,29/08/2026,6000,6000,6000
Tamil Nadu,Dharmapuri,Harur(Uzhavar Sandhai ),Beetroot,Beetroot,Local,29/08/2026,4000,5000,4500
Tamil Nadu,Ramanathapuram,Ramanathapuram(Uzhavar Sandhai ),Beetroot,Beetroot,Local,29/08/2026,5000,5500,5250
Tamil Nadu,Thanjavur,Pattukottai(Uzhavar Sandhai ),Beetroot,Beetroot,Local,29/08/2026,5400,5400,5400
Tamil Nadu,Theni,Bodinayakanur(Uzhavar Sandhai ),Beetroot,Beetroot,Local,29/08/2026,3600,3600,3600
Tamil Nadu,Madurai,Chokkikulam(Uzhavar Sandhai ),Beetroot,Beetroot,Local,29/08/2026,5000,5500,5250
Tamil Nadu,Sivaganga,Tirupatthur(Uzhavar Sandhai ),Beetroot,Beetroot,Local,29/08/2026,5500,6000,5750
Tamil Nadu,Dharmapuri,Dharmapuri(Uzhavar Sandhai ),Beetroot,Beetroot,Local,29/08/2026,5200,5600,5400
Tamil Nadu,Ariyalur,Ariyalur(Uzhavar Sandhai),Beetroot,Beetroot,Local,29/08/2026,4000,4500,4250
Tamil Nadu,Ramanathapuram,Paramakudi(Uzhavar Sandhai ),Beetroot,Beetroot,Local,29/08/2026,4500,5000,4750
Tamil Nadu,Salem,Ammapet(Uzhavar Sandhai ),Beetroot,Beetroot,Local,29/08/2026,7500,8000,7750
Tamil Nadu,Perambalur,Perambalur(Uzhavar Sandhai ),Beetroot,Beetroot,Local,29/08/2026,5200,5600,5400
Bihar,Khagaria,Khagaria APMC,Cucumbar(Kheera),Cucumbar,Grade A,29/08/2026,1999.9998,2249.999775,2166.66645
Punjab,Hoshiarpur,Mukerian(Talwara) APMC,Cucumbar(Kheera),Cucumbar,FAQ,29/08/2026,1800,2400,2100
Tamil Nadu,Coimbatore,Singanallur(Uzhavar Sandhai ),Cucumbar(Kheera),Cucumbar,Local,29/08/2026,4000,4500,4250
Tamil Nadu,Thiruchirappalli,Lalgudi(Uzhavar Sandhai ),Cucumbar(Kheera),Cucumbar,Local,29/08/2026,5000,5000,5000
Tamil Nadu,Thiruvannamalai,Polur(Uzhavar Sandhai ),Cucumbar(Kheera),Cucumbar,Local,29/08/2026,3300,4000,3650
Tamil Nadu,Vellore,Kahithapattarai(Uzhavar Sandhai ),Cucumbar(Kheera),Cucumbar,Local,29/08/2026,3000,3000,3000
Tamil Nadu,Villupuram,Tindivanam APMC,Cucumbar(Kheera),Cucumbar,Local,29/08/2026,4500,4500,4500
Tamil Nadu,The Nilgiris,Gudalur(Uzhavar Sandhai ),Cucumbar(Kheera),Cucumbar,Local,29/08/2026,4000,4500,4250
Tamil Nadu,Madurai,Chokkikulam(Uzhavar Sandhai ),Cucumbar(Kheera),Cucumbar,Local,29/08/2026,4000,5000,4500
Tamil Nadu,Dharmapuri,Palacode(Uzhavar Sandhai ),Cucumbar(Kheera),Cucumbar,Local,29/08/2026,4000,4500,4250
Tamil Nadu,Coimbatore,Sundarapuram(Uzhavar Sandhai ),Cucumbar(Kheera),Cucumbar,Local,29/08/2026,3500,4000,3750
Tamil Nadu,Theni,Chinnamanur(Uzhavar Sandhai ),Cucumbar(Kheera),Cucumbar,Local,29/08/2026,4000,4000,4000
Tamil Nadu,Erode,Thalavadi(Uzhavar Sandhai ),Cucumbar(Kheera),Cucumbar,Local,29/08/2026,2000,2600,2300
Tamil Nadu,Vellore,Thirupathur APMC,Cucumbar(Kheera),Cucumbar,Local,29/08/2026,4000,4000,4000
Uttar Pradesh,Khiri (Lakhimpur),Maigalganj APMC,Cucumbar(Kheera),Cucumbar,FAQ,29/08/2026,780,820,800
Andaman and Nicobar,North and Middle Andaman ,Diglipur Vegetable Market (Subhashgram),Cucumbar(Kheera),Other,FAQ,29/08/2026,2000,4000,3000
Uttarakhand,Haridwar,Roorkee APMC,Cucumbar(Kheera),Other,Local,29/08/2026,700,1000,800
Tamil Nadu,Cuddalore,Panruti(Uzhavar Sandhai ),Ridgeguard(Tori),Ridgeguard(Tori),Local,29/08/2026,5000,5000,5000
Tamil Nadu,Sivaganga,Tirupatthur(Uzhavar Sandhai ),Ridgeguard(Tori),Ridgeguard(Tori),Local,29/08/2026,4400,5500,4950
Tamil Nadu,Karur,Velayuthampalayam(Uzhavar Sandhai ),Ridgeguard(Tori),Ridgeguard(Tori),Local,29/08/2026,4000,5000,4500
Tamil Nadu,Virudhunagar,Sivakasi(Uzhavar Sandhai ),Ridgeguard(Tori),Ridgeguard(Tori),Local,29/08/2026,6000,7000,6500
Tamil Nadu,Pudukkottai,Gandarvakottai(Uzhavar Sandhai ),Ridgeguard(Tori),Ridgeguard(Tori),Local,29/08/2026,4000,5000,4500
Tamil Nadu,Thiruvarur,Valangaiman APMC,Ridgeguard(Tori),Ridgeguard(Tori),Local,29/08/2026,4000,4000,4000
Tamil Nadu,Thirupur,Dharapuram(Uzhavar Sandhai ),Ridgeguard(Tori),Ridgeguard(Tori),Local,29/08/2026,5400,5800,5600
Tamil Nadu,Theni,Chinnamanur(Uzhavar Sandhai ),Ridgeguard(Tori),Ridgeguard(Tori),Local,29/08/2026,3600,3600,3600
Tamil Nadu,Namakkal,Namakkal(Uzhavar Sandhai ),Ridgeguard(Tori),Ridgeguard(Tori),Local,29/08/2026,5000,5500,5250
Tamil Nadu,Karur,Karur(Uzhavar Sandhai ),Ridgeguard(Tori),Ridgeguard(Tori),Local,29/08/2026,4500,5000,4750
Tamil Nadu,Tuticorin,Tuticorin(Uzhavar Sandhai ),Ridgeguard(Tori),Ridgeguard(Tori),Local,29/08/2026,4500,5000,4750
Tamil Nadu,Salem,Edapadi (Uzhavar Sandhai ),Ridgeguard(Tori),Ridgeguard(Tori),Local,29/08/2026,3500,4000,3750
Tamil Nadu,Salem,Attayampatti(Uzhavar Sandhai ),Ridgeguard(Tori),Ridgeguard(Tori),Local,29/08/2026,4000,4000,4000
Tamil Nadu,Dharmapuri,Harur(Uzhavar Sandhai ),Ridgeguard(Tori),Ridgeguard(Tori),Local,29/08/2026,3000,3500,3250
Tamil Nadu,Nagapattinam,Nagapattinam(Uzhavar Sandhai ),Ridgeguard(Tori),Ridgeguard(Tori),Local,29/08/2026,5200,5200,5200
Tamil Nadu,Namakkal,Mohanur(Uzhavar Sandhai ),Ridgeguard(Tori),Ridgeguard(Tori),Local,29/08/2026,5000,6000,5500
Tamil Nadu,Coimbatore,Kurichi(Uzhavar Sandhai ),Ridgeguard(Tori),Ridgeguard(Tori),Local,29/08/2026,4000,4500,4250
Tamil Nadu,Erode,Sathiyamagalam(Uzhavar Sandhai ),Ridgeguard(Tori),Ridgeguard(Tori),Local,29/08/2026,3500,4000,3750
Tamil Nadu,Madurai,Usilampatti(Uzhavar Sandhai ),Ridgeguard(Tori),Ridgeguard(Tori),Local,29/08/2026,5000,5500,5250
Tamil Nadu,Pudukkottai,Ponnamaravathi(Uzhavar Sandhai),Ridgeguard(Tori),Ridgeguard(Tori),Local,29/08/2026,4500,5000,4750
Tamil Nadu,Virudhunagar,Srivilliputhur(Uzhavar Sandhai ),Ridgeguard(Tori),Ridgeguard(Tori),Local,29/08/2026,4500,5000,4750
Tamil Nadu,Pudukkottai,Pudukottai(Uzhavar Sandhai ),Ridgeguard(Tori),Ridgeguard(Tori),Local,29/08/2026,5000,5500,5250
Tamil Nadu,Nagapattinam,Vedaranyam(Uzhavar Sandhai),Ridgeguard(Tori),Ridgeguard(Tori),Local,29/08/2026,4000,4500,4250
Tamil Nadu,Ramanathapuram,Ramanathapuram(Uzhavar Sandhai ),Ridgeguard(Tori),Ridgeguard(Tori),Local,29/08/2026,6000,6500,6250
Tamil Nadu,Krishnagiri,Kaveripattinam(Uzhavar Sandhai ),Ridgeguard(Tori),Ridgeguard(Tori),Local,29/08/2026,6000,6000,6000
Tamil Nadu,Chengalpattu,Madhuranthagam(Uzhavar Sandhai ),Ridgeguard(Tori),Ridgeguard(Tori),Local,29/08/2026,4000,4000,4000
Tamil Nadu,Dharmapuri,Dharmapuri(Uzhavar Sandhai ),Ridgeguard(Tori),Ridgeguard(Tori),Local,29/08/2026,2800,3000,2900
Tamil Nadu,Coimbatore,Vadavalli(Uzhavar Sandhai ),Ridgeguard(Tori),Ridgeguard(Tori),Local,29/08/2026,3000,3600,3300
Tamil Nadu,Theni,Bodinayakanur(Uzhavar Sandhai ),Ridgeguard(Tori),Ridgeguard(Tori),Local,29/08/2026,3600,3600,3600
Tamil Nadu,Erode,Perundurai(Uzhavar Sandhai ),Ridgeguard(Tori),Ridgeguard(Tori),Local,29/08/2026,4000,4400,4200
Tamil Nadu,Thiruvannamalai,Arani(Uzhavar Sandhai ),Ridgeguard(Tori),Ridgeguard(Tori),Local,29/08/2026,3500,4200,3850
Tamil Nadu,Salem,Vazhapadi(Uzhavar Sandhai),Ridgeguard(Tori),Ridgeguard(Tori),Local,29/08/2026,3500,4000,3750
Uttar Pradesh,Hathras,Shadabad APMC,Raddish,Raddish,Small,29/08/2026,800,900,850
Tamil Nadu,Thirunelveli,NGO Colony(Uzhavar Sandhai ),Raddish,Raddish,Local,29/08/2026,3000,3500,3250
Tamil Nadu,Ramanathapuram,Paramakudi(Uzhavar Sandhai ),Raddish,Raddish,Local,29/08/2026,4500,4800,4650
Tamil Nadu,Krishnagiri,Kaveripattinam(Uzhavar Sandhai ),Raddish,Raddish,Local,29/08/2026,3500,3500,3500
Tamil Nadu,Cuddalore,Panruti(Uzhavar Sandhai ),Raddish,Raddish,Local,29/08/2026,3500,3500,3500
Tamil Nadu,Kancheepuram,Padappai(Uzhavar Sandhai ),Raddish,Raddish,Local,29/08/2026,2500,3500,3000
Tamil Nadu,Coimbatore,Mettupalayam(Uzhavar Sandhai ),Raddish,Raddish,Local,29/08/2026,3000,3500,3250
Tamil Nadu,Coimbatore,Udumalpet APMC,Raddish,Raddish,Local,29/08/2026,3000,3400,3200
Tamil Nadu,Madurai,Palanganatham(Uzhavar Sandhai ),Raddish,Raddish,Local,29/08/2026,2400,2800,2600
Tamil Nadu,Vellore,Pallikonda(Uzhavar Sandhai),Raddish,Raddish,Local,29/08/2026,2500,2500,2500
Tamil Nadu,Salem,Jalagandapuram(Uzhavar Sandhai ),Raddish,Raddish,Local,29/08/2026,2000,2500,2250
Tamil Nadu,Virudhunagar,Sivakasi(Uzhavar Sandhai ),Raddish,Raddish,Local,29/08/2026,3000,3500,3250
Tamil Nadu,Vellore,Gudiyatham(Uzhavar Sandhai ),Raddish,Raddish,Local,29/08/2026,2400,2400,2400
Tamil Nadu,Thiruvarur,Needamangalam(Uzhavar Sandhai ),Raddish,Raddish,Local,29/08/2026,2800,2800,2800
Tamil Nadu,Coimbatore,Sundarapuram(Uzhavar Sandhai ),Raddish,Raddish,Local,29/08/2026,3000,3500,3250
Tamil Nadu,Thirupur,Palladam(Uzhavar Sandhai ),Raddish,Raddish,Local,29/08/2026,3000,3500,3250
Tamil Nadu,Erode,Thalavadi(Uzhavar Sandhai ),Raddish,Raddish,Local,29/08/2026,2200,2600,2400
Tamil Nadu,Pudukkottai,Viralimalai(Uzhavar Sandhai ),Raddish,Raddish,Local,29/08/2026,3500,4000,3750
Tamil Nadu,Salem,Hasthampatti(Uzhavar Sandhai ),Raddish,Raddish,Local,29/08/2026,2600,2800,2700
Tamil Nadu,Salem,Attayampatti(Uzhavar Sandhai ),Raddish,Raddish,Local,29/08/2026,2600,2600,2600
Tamil Nadu,Dharmapuri,Palacode(Uzhavar Sandhai ),Raddish,Raddish,Local,29/08/2026,1400,1600,1500
Tamil Nadu,Cuddalore,Cuddalore(Uzhavar Sandhai ),Raddish,Raddish,Local,29/08/2026,2500,3000,2750
Tamil Nadu,Coimbatore,Sulur(Uzhavar Sandhai ),Raddish,Raddish,Local,29/08/2026,3500,4000,3750
Tamil Nadu,Perambalur,Perambalur(Uzhavar Sandhai ),Raddish,Raddish,Local,29/08/2026,3400,3600,3500
Tamil Nadu,Coimbatore,Kurichi(Uzhavar Sandhai ),Raddish,Raddish,Local,29/08/2026,3000,3500,3250
Tamil Nadu,Karur,Pallapatti (Uzhavar Sandhai ),Raddish,Raddish,Local,29/08/2026,3500,4000,3750
Tamil Nadu,Namakkal,Namakkal(Uzhavar Sandhai ),Raddish,Raddish,Local,29/08/2026,3000,3500,3250
Tamil Nadu,Thiruvannamalai,Cheyyar(Uzhavar Sandhai ),Raddish,Raddish,Local,29/08/2026,2500,3000,2750
Tamil Nadu,Madurai,Melur(Uzhavar Sandhai ),Raddish,Raddish,Local,29/08/2026,2400,2800,2600
Tamil Nadu,Erode,Gobichettipalayam(Uzhavar Sandhai ),Raddish,Raddish,Local,29/08/2026,2200,2400,2300
Tamil Nadu,Thiruvannamalai,Polur(Uzhavar Sandhai ),Raddish,Raddish,Local,29/08/2026,4000,4800,4400
Tamil Nadu,Ranipet,Arcot(Uzhavar Sandhai ),Raddish,Raddish,Local,29/08/2026,3000,3000,3000
Tamil Nadu,Theni,Bodinayakanur(Uzhavar Sandhai ),Raddish,Raddish,Local,29/08/2026,2000,2000,2000
Tamil Nadu,Thirupur,Tiruppur (South) (Uzhavar Sandhai ),Thondekai,Thondekai,Local,29/08/2026,3000,4000,3500
Tamil Nadu,Karur,Karur(Uzhavar Sandhai ),Thondekai,Thondekai,Local,29/08/2026,3000,3500,3250
Tamil Nadu,Thiruchirappalli,Musiri(Uzhavar Sandhai ),Thondekai,Thondekai,Local,29/08/2026,3500,4000,3750
Tamil Nadu,Salem,Elampillai(Uzhavar Sandhai ),Thondekai,Thondekai,Local,29/08/2026,3500,4000,3750
Tamil Nadu,Perambalur,Perambalur(Uzhavar Sandhai ),Thondekai,Thondekai,Local,29/08/2026,4800,4800,4800
Tamil Nadu,Theni,Devaram(Uzhavar Sandhai ),Thondekai,Thondekai,Local,29/08/2026,2600,2600,2600
Tamil Nadu,Salem,Edapadi (Uzhavar Sandhai ),Thondekai,Thondekai,Local,29/08/2026,3500,4000,3750
Tamil Nadu,Salem,Ammapet(Uzhavar Sandhai ),Thondekai,Thondekai,Local,29/08/2026,3500,4000,3750
Tamil Nadu,Namakkal,Rasipuram(Uzhavar Sandhai ),Thondekai,Thondekai,Local,29/08/2026,4500,5000,4750
Tamil Nadu,Coimbatore,Udumalpet APMC,Thondekai,Thondekai,Local,29/08/2026,4000,5000,4500
Tamil Nadu,Thiruvannamalai,Chengam(Uzhavar Sandhai ),Thondekai,Thondekai,Local,29/08/2026,4200,5000,4600
Tamil Nadu,Tuticorin,Tuticorin(Uzhavar Sandhai ),Thondekai,Thondekai,Local,29/08/2026,4500,5000,4750
Tamil Nadu,Madurai,Anna nagar(Uzhavar Sandhai ),Thondekai,Thondekai,Local,29/08/2026,2400,2600,2500
Tamil Nadu,Villupuram,Tindivanam APMC,Thondekai,Thondekai,Local,29/08/2026,3500,3500,3500
Tamil Nadu,Dindigul,Palani(Uzhavar Sandhai ),Thondekai,Thondekai,Local,29/08/2026,4000,5000,4500
Tamil Nadu,Coimbatore,RSPuram(Uzhavar Sandhai ),Thondekai,Thondekai,Local,29/08/2026,3500,4000,3750
Tamil Nadu,Madurai,Anaiyur(Uzhavar Sandhai ),Thondekai,Thondekai,Local,29/08/2026,4000,4500,4250
Tamil Nadu,Madurai,Melur(Uzhavar Sandhai ),Thondekai,Thondekai,Local,29/08/2026,3000,3600,3300
Tamil Nadu,Thiruvannamalai,Arani(Uzhavar Sandhai ),Thondekai,Thondekai,Local,29/08/2026,3500,4000,3750
Tamil Nadu,Krishnagiri,Hosur(Uzhavar Sandhai ),Thondekai,Thondekai,Local,29/08/2026,3000,3500,3250
Tamil Nadu,Salem,Hasthampatti(Uzhavar Sandhai ),Thondekai,Thondekai,Local,29/08/2026,3500,4000,3750
Tamil Nadu,Kancheepuram,Kundrathur(Uzhavar Sandhai ),Capsicum,Capsicum,Local,29/08/2026,5000,5000,5000
Tamil Nadu,Madurai,Palanganatham(Uzhavar Sandhai ),Capsicum,Capsicum,Local,29/08/2026,7000,8000,7500
Tamil Nadu,Kallakuruchi,Kallakurichi(Uzhavar Sandhai ),Capsicum,Capsicum,Local,29/08/2026,9000,9000,9000
Tamil Nadu,Theni,Kambam(Uzhavar Sandhai ),Capsicum,Capsicum,Local,29/08/2026,6000,6000,6000
Tamil Nadu,The Nilgiris,Coonoor(Uzhavar Sandhai ),Capsicum,Capsicum,Local,29/08/2026,7500,8000,7750
Tamil Nadu,Thiruchirappalli,Musiri(Uzhavar Sandhai ),Capsicum,Capsicum,Local,29/08/2026,5000,5500,5250
Tamil Nadu,Salem,Jalagandapuram(Uzhavar Sandhai ),Capsicum,Capsicum,Local,29/08/2026,5500,6000,5750
Tamil Nadu,Dharmapuri,Palacode(Uzhavar Sandhai ),Capsicum,Capsicum,Local,29/08/2026,7800,8000,7900
Tamil Nadu,Cuddalore,Cuddalore(Uzhavar Sandhai ),Capsicum,Capsicum,Local,29/08/2026,6000,6000,6000
Tamil Nadu,Chengalpattu,Nanganallur(Uzhavar Sandhai ),Capsicum,Capsicum,Local,29/08/2026,3500,4000,3750
Tamil Nadu,Perambalur,Perambalur(Uzhavar Sandhai ),Capsicum,Capsicum,Local,29/08/2026,6800,6800,6800
Tamil Nadu,Madurai,Anaiyur(Uzhavar Sandhai ),Capsicum,Capsicum,Local,29/08/2026,8000,9000,8500
Tamil Nadu,Thiruvannamalai,Tiruvannamalai(Uzhavar Sandhai ),Capsicum,Capsicum,Local,29/08/2026,5000,6000,5500
Chandigarh,Chandigarh,Chandigarh (Grain/F&V) APMC,Capsicum,Capsicum,FAQ,29/08/2026,2000,2500,2300
Tamil Nadu,Coimbatore,Pollachi(Uzhavar Sandhai ),Green Avare(W),Green Avare (W),Local,29/08/2026,5500,6000,5750
Tamil Nadu,Madurai,Anaiyur(Uzhavar Sandhai ),Green Avare(W),Green Avare (W),Local,29/08/2026,6000,7000,6500
Tamil Nadu,Krishnagiri,Denkanikottai(Uzhavar Sandhai ),Green Avare(W),Green Avare (W),Local,29/08/2026,5000,5500,5250
Tamil Nadu,Vellore,Thirupathur APMC,Green Avare(W),Green Avare (W),Local,29/08/2026,4600,4600,4600
Tamil Nadu,Dharmapuri,Palacode(Uzhavar Sandhai ),Green Avare(W),Green Avare (W),Local,29/08/2026,4000,4500,4250
Tamil Nadu,Chengalpattu,Thirukalukundram(Uzhavar Sandhai ),Green Avare(W),Green Avare (W),Local,29/08/2026,5000,5000,5000
Tamil Nadu,Virudhunagar,Srivilliputhur(Uzhavar Sandhai ),Green Avare(W),Green Avare (W),Local,29/08/2026,5000,6000,5500
Tamil Nadu,Salem,Attayampatti(Uzhavar Sandhai ),Green Avare(W),Green Avare (W),Local,29/08/2026,6000,6000,6000
Tamil Nadu,Chengalpattu,Chengalpet(Uzhavar Sandhai ),Green Avare(W),Green Avare (W),Local,29/08/2026,6000,7000,6500
Tamil Nadu,Thanjavur,Pattukottai(Uzhavar Sandhai ),Green Avare(W),Green Avare (W),Local,29/08/2026,5400,5400,5400
Tamil Nadu,Thirupur,Kangayam(Uzhavar Sandhai ),Green Avare(W),Green Avare (W),Local,29/08/2026,5800,6200,6000
Tamil Nadu,Theni,Kambam(Uzhavar Sandhai ),Green Avare(W),Green Avare (W),Local,29/08/2026,5000,5500,5250
Tamil Nadu,Madurai,Melur(Uzhavar Sandhai ),Green Avare(W),Green Avare (W),Local,29/08/2026,8000,9000,8500
Tamil Nadu,Ramanathapuram,Paramakudi(Uzhavar Sandhai ),Green Avare(W),Green Avare (W),Local,29/08/2026,7500,8000,7750
Tamil Nadu,Dharmapuri,Pennagaram(Uzhavar Sandhai ),Green Avare(W),Green Avare (W),Local,29/08/2026,6500,7000,6750
Tamil Nadu,Thanjavur,Kumbakonam (Uzhavar Sandhai ),Green Avare(W),Green Avare (W),Local,29/08/2026,7200,9600,8400
Tamil Nadu,Coimbatore,Mettupalayam(Uzhavar Sandhai ),Green Avare(W),Green Avare (W),Local,29/08/2026,4500,5200,4850
Tamil Nadu,The Nilgiris,Gudalur(Uzhavar Sandhai ),Green Avare(W),Green Avare (W),Local,29/08/2026,4000,4500,4250
Tamil Nadu,Vellore,Pallikonda(Uzhavar Sandhai),Green Avare(W),Green Avare (W),Local,29/08/2026,4000,4500,4250
Tamil Nadu,Virudhunagar,Virudhunagar(Uzhavar Sandhai ),Green Avare(W),Green Avare (W),Local,29/08/2026,4800,5000,4900
Tamil Nadu,Pudukkottai,Pudukottai(Uzhavar Sandhai ),Green Avare(W),Other,Local,29/08/2026,5000,6000,5500
Tamil Nadu,Karur,Kulithalai(Uzhavar Sandhai ),Green Avare(W),Other,Local,29/08/2026,5500,6000,5750
Tamil Nadu,Villupuram,Tindivanam APMC,Green Avare(W),Other,Local,29/08/2026,4800,4800,4800
Tamil Nadu,Namakkal,Rasipuram(Uzhavar Sandhai ),Green Avare(W),Other,Local,29/08/2026,6000,8000,7000
Tamil Nadu,Salem,Mecheri(Uzhavar Sandhai),Green Avare(W),Other,Local,29/08/2026,6000,6500,6250
Tamil Nadu,Salem,Jalagandapuram(Uzhavar Sandhai ),Green Avare(W),Other,Local,29/08/2026,6000,6500,6250
Tamil Nadu,Salem,Hasthampatti(Uzhavar Sandhai ),Green Avare(W),Other,Local,29/08/2026,5500,6000,5750
Tamil Nadu,Coimbatore,Vadavalli(Uzhavar Sandhai ),Green Avare(W),Other,Local,29/08/2026,4000,4600,4300
Tamil Nadu,Thirupur,Palladam(Uzhavar Sandhai ),Green Avare(W),Other,Local,29/08/2026,6000,7000,6500
Tamil Nadu,Dindigul,Chinnalapatti(Uzhavar Sandhai ),Green Avare(W),Other,Local,29/08/2026,7000,8000,7500
Tamil Nadu,Krishnagiri,Avallapalli(Uzhavar Sandhai ),Chow Chow,Chow Chow,Local,29/08/2026,1500,2000,1750
Tamil Nadu,Virudhunagar,Sivakasi(Uzhavar Sandhai ),Chow Chow,Chow Chow,Local,29/08/2026,3500,4000,3750
Tamil Nadu,Pudukkottai,Pudukottai(Uzhavar Sandhai ),Chow Chow,Chow Chow,Local,29/08/2026,3500,4000,3750
Tamil Nadu,Salem,Thathakapatti(Uzhavar Sandhai ),Chow Chow,Chow Chow,Local,29/08/2026,3500,4000,3750
Tamil Nadu,Thiruvannamalai,Polur(Uzhavar Sandhai ),Chow Chow,Chow Chow,Local,29/08/2026,3300,4000,3650
Tamil Nadu,Virudhunagar,Kariyapatti(Uzhavar Sandhai ),Chow Chow,Chow Chow,Local,29/08/2026,3000,3500,3250
Tamil Nadu,Cuddalore,Viruthachalam(Uzhavar Sandhai ),Chow Chow,Chow Chow,Local,29/08/2026,4000,4000,4000
Tamil Nadu,The Nilgiris,Udhagamandalam(Uzhavar Sandhai ),Chow Chow,Chow Chow,Local,29/08/2026,2000,2500,2250
Tamil Nadu,Madurai,Palanganatham(Uzhavar Sandhai ),Chow Chow,Chow Chow,Local,29/08/2026,2500,3000,2750
Tamil Nadu,Nagapattinam,Vedaranyam(Uzhavar Sandhai),Chow Chow,Chow Chow,Local,29/08/2026,2500,3500,3000
Tamil Nadu,Chengalpattu,Nanganallur(Uzhavar Sandhai ),Chow Chow,Chow Chow,Local,29/08/2026,4500,5000,4750
Tamil Nadu,Sivaganga,Sivagangai (Uzhavar Sandhai ),Chow Chow,Chow Chow,Local,29/08/2026,2800,3200,3000
Tamil Nadu,The Nilgiris,Gudalur(Uzhavar Sandhai ),Chow Chow,Chow Chow,Local,29/08/2026,2000,2500,2250
Tamil Nadu,Salem,Edapadi (Uzhavar Sandhai ),Chow Chow,Chow Chow,Local,29/08/2026,3800,4000,3900
Tamil Nadu,Pudukkottai,Gandarvakottai(Uzhavar Sandhai ),Drumstick,Drumstick,Local,29/08/2026,4500,5000,4750
Tamil Nadu,Namakkal,Rasipuram(Uzhavar Sandhai ),Drumstick,Drumstick,Local,29/08/2026,2000,2500,2250
Tamil Nadu,Kancheepuram,Kancheepuram(Uzhavar Sandhai ),Drumstick,Drumstick,Local,29/08/2026,2000,3000,2500
Tamil Nadu,Karur,Gandhigramam(Uzhavar Sandhai),Drumstick,Drumstick,Local,29/08/2026,2000,2500,2250
Tamil Nadu,Karur,Pallapatti (Uzhavar Sandhai ),Drumstick,Drumstick,Local,29/08/2026,2200,2500,2350
Tamil Nadu,Karur,Karur(Uzhavar Sandhai ),Drumstick,Drumstick,Local,29/08/2026,2000,2500,2250
Tamil Nadu,Krishnagiri,Avallapalli(Uzhavar Sandhai ),Drumstick,Drumstick,Local,29/08/2026,3500,4000,3750
Tamil Nadu,Dharmapuri,Harur(Uzhavar Sandhai ),Drumstick,Drumstick,Local,29/08/2026,2500,3000,2750
Tamil Nadu,Villupuram,Tindivanam APMC,Drumstick,Drumstick,Local,29/08/2026,4000,4000,4000
Tamil Nadu,Nagapattinam,Nagapattinam(Uzhavar Sandhai ),Drumstick,Drumstick,Local,29/08/2026,4000,4500,4250
Tamil Nadu,Kancheepuram,Sunguvarchatram(Uzhavar Sandhai ),Drumstick,Drumstick,Local,29/08/2026,5000,5000,5000
Tamil Nadu,Kancheepuram,Padappai(Uzhavar Sandhai ),Drumstick,Drumstick,Local,29/08/2026,3000,3500,3250
Tamil Nadu,Erode,Gobichettipalayam(Uzhavar Sandhai ),Drumstick,Drumstick,Local,29/08/2026,2500,3000,2750
Tamil Nadu,Pudukkottai,Ponnamaravathi(Uzhavar Sandhai),Drumstick,Drumstick,Local,29/08/2026,5500,6000,5750
Tamil Nadu,Krishnagiri,Krishnagiri(Uzhavar Sandhai ),Drumstick,Drumstick,Local,29/08/2026,2000,3000,2500
Tamil Nadu,Krishnagiri,Kaveripattinam(Uzhavar Sandhai ),Drumstick,Drumstick,Local,29/08/2026,2000,2500,2250
Tamil Nadu,Dharmapuri,Dharmapuri(Uzhavar Sandhai ),Drumstick,Drumstick,Local,29/08/2026,3600,4000,3800
Tamil Nadu,Chengalpattu,Nanganallur(Uzhavar Sandhai ),Drumstick,Drumstick,Local,29/08/2026,6500,7000,6750
Tamil Nadu,Namakkal,Paramathivelur(Uzhavar Sandhai ),Drumstick,Drumstick,Local,29/08/2026,2000,2500,2250
Tamil Nadu,Thirunelveli,NGO Colony(Uzhavar Sandhai ),Drumstick,Drumstick,Local,29/08/2026,3000,3600,3300
Tamil Nadu,Salem,Thammampatti (Uzhavar Sandhai ),Drumstick,Drumstick,Local,29/08/2026,2000,2000,2000
Tamil Nadu,Krishnagiri,Hosur(Uzhavar Sandhai ),Drumstick,Drumstick,Local,29/08/2026,3500,4000,3750
Tamil Nadu,Ramanathapuram,Paramakudi(Uzhavar Sandhai ),Drumstick,Drumstick,Local,29/08/2026,5000,6000,5500
Tamil Nadu,Salem,Thathakapatti(Uzhavar Sandhai ),Drumstick,Drumstick,Local,29/08/2026,2000,2500,2250
Tamil Nadu,Cuddalore,Panruti(Uzhavar Sandhai ),Drumstick,Drumstick,Local,29/08/2026,2500,2500,2500
Tamil Nadu,Ariyalur,Ariyalur(Uzhavar Sandhai),Drumstick,Drumstick,Local,29/08/2026,3500,4000,3750
Tamil Nadu,Thiruchirappalli,Musiri(Uzhavar Sandhai ),Drumstick,Drumstick,Local,29/08/2026,2500,3000,2750
Tamil Nadu,Thiruchirappalli,Thuraiyur APMC,Drumstick,Drumstick,Local,29/08/2026,3000,4000,3500
Tamil Nadu,Madurai,Anna nagar(Uzhavar Sandhai ),Drumstick,Drumstick,Local,29/08/2026,4000,5000,4500
Tamil Nadu,Chengalpattu,Nanganallur(Uzhavar Sandhai ),Mango(Raw-Ripe),Mango - Raw-Ripe,Local,29/08/2026,3500,4000,3750
Tamil Nadu,Villupuram,Ulundurpettai APMC,Mango(Raw-Ripe),Mango - Raw-Ripe,Local,29/08/2026,2000,2000,2000
Tamil Nadu,Thiruchirappalli,Lalgudi(Uzhavar Sandhai ),Mango(Raw-Ripe),Mango - Raw-Ripe,Local,29/08/2026,10000,10000,10000
Tamil Nadu,Madurai,Anna nagar(Uzhavar Sandhai ),Mango(Raw-Ripe),Mango - Raw-Ripe,Local,29/08/2026,6000,8000,7000
Tamil Nadu,Nagapattinam,Sirkali(Uzhavar Sandhai ),Mango(Raw-Ripe),Mango - Raw-Ripe,Local,29/08/2026,6500,7000,6750
Tamil Nadu,Cuddalore,Viruthachalam(Uzhavar Sandhai ),Mango(Raw-Ripe),Mango - Raw-Ripe,Local,29/08/2026,8000,8000,8000
Tamil Nadu,Coimbatore,Mettupalayam(Uzhavar Sandhai ),Mango(Raw-Ripe),Mango - Raw-Ripe,Local,29/08/2026,6500,7000,6750
Tamil Nadu,Kallakuruchi,Sankarapuram(Uzhavar Sandhai ),Mango(Raw-Ripe),Mango - Raw-Ripe,Local,29/08/2026,5000,5000,5000
Tamil Nadu,Vellore,Vellore APMC,Mango(Raw-Ripe),Mango - Raw-Ripe,Local,29/08/2026,9000,9000,9000
Tamil Nadu,Karur,Pallapatti (Uzhavar Sandhai ),Mango(Raw-Ripe),Mango - Raw-Ripe,Local,29/08/2026,7500,8000,7750
Tamil Nadu,Madurai,Melur(Uzhavar Sandhai ),Mango(Raw-Ripe),Mango - Raw-Ripe,Local,29/08/2026,6000,8000,7000
Tamil Nadu,Tuticorin,Kovilpatti(Uzhavar Sandhai ),Mango(Raw-Ripe),Mango - Raw-Ripe,Local,29/08/2026,7000,7500,7250
Tamil Nadu,Madurai,Palanganatham(Uzhavar Sandhai ),Mango(Raw-Ripe),Mango - Raw-Ripe,Local,29/08/2026,6000,8000,7000
Tamil Nadu,Ranipet,Arcot(Uzhavar Sandhai ),Knool Khol,Knool Khol,Local,29/08/2026,4000,4000,4000
Tamil Nadu,Theni,Bodinayakanur(Uzhavar Sandhai ),Knool Khol,Knool Khol,Local,29/08/2026,3200,3200,3200
Tamil Nadu,Karur,Karur(Uzhavar Sandhai ),Knool Khol,Knool Khol,Local,29/08/2026,5500,6000,5750
Tamil Nadu,Dindigul,Palani(Uzhavar Sandhai ),Knool Khol,Knool Khol,Local,29/08/2026,4000,5000,4500
Tamil Nadu,Salem,Mettur(Uzhavar Sandhai ),Knool Khol,Knool Khol,Local,29/08/2026,3500,4000,3750
Tamil Nadu,Ramanathapuram,Ramanathapuram(Uzhavar Sandhai ),Knool Khol,Knool Khol,Local,29/08/2026,5500,6000,5750
Tamil Nadu,Salem,Thathakapatti(Uzhavar Sandhai ),Knool Khol,Knool Khol,Local,29/08/2026,3500,4000,3750
Tamil Nadu,Cuddalore,Vadalur(Uzhavar Sandhai ),Knool Khol,Knool Khol,Local,29/08/2026,3000,3000,3000
Tamil Nadu,Theni,Chinnamanur(Uzhavar Sandhai ),Knool Khol,Knool Khol,Local,29/08/2026,3200,3200,3200
Tamil Nadu,Salem,Thammampatti (Uzhavar Sandhai ),Knool Khol,Knool Khol,Local,29/08/2026,4500,5000,4750
Tamil Nadu,Salem,Elampillai(Uzhavar Sandhai ),Knool Khol,Knool Khol,Local,29/08/2026,3500,4000,3750
Tamil Nadu,Villupuram,Gingee(Uzhavar Sandhai ),Knool Khol,Knool Khol,Local,29/08/2026,4500,4500,4500
Tamil Nadu,Dharmapuri,AJattihalli(Uzhavar Sandhai ),Knool Khol,Knool Khol,Local,29/08/2026,4500,4500,4500
Tamil Nadu,Salem,Athur(Uzhavar Sandhai ),Knool Khol,Knool Khol,Local,29/08/2026,4500,5000,4750
Tamil Nadu,Theni,Periyakulam(Uzhavar Sandhai ),Knool Khol,Knool Khol,Local,29/08/2026,3200,3200,3200
Tamil Nadu,Madurai,Melur(Uzhavar Sandhai ),Lime,Lime,Local,29/08/2026,3600,4000,3800
Tamil Nadu,Nagercoil (Kannyiakumari),Vadaseri APMC,Lime,Lime,Local,29/08/2026,4500,5000,4750
Tamil Nadu,Thiruchirappalli,Musiri(Uzhavar Sandhai ),Lime,Lime,Local,29/08/2026,4000,4000,4000
Tamil Nadu,Nagapattinam,Mayiladuthurai(Uzhavar Sandhai ),Lime,Lime,Local,29/08/2026,3500,4000,3750
Tamil Nadu,Tuticorin,Kovilpatti(Uzhavar Sandhai ),Lime,Lime,Local,29/08/2026,13000,13500,13250
Tamil Nadu,Salem,Hasthampatti(Uzhavar Sandhai ),Lime,Lime,Local,29/08/2026,3500,4000,3750
Tamil Nadu,Nagapattinam,Nagapattinam(Uzhavar Sandhai ),Lime,Lime,Local,29/08/2026,2500,2500,2500
Tamil Nadu,Madurai,Anaiyur(Uzhavar Sandhai ),Lime,Lime,Local,29/08/2026,14000,16000,15000
Tamil Nadu,Salem,Thammampatti (Uzhavar Sandhai ),Lime,Lime,Local,29/08/2026,4000,4000,4000
Tamil Nadu,Nagercoil (Kannyiakumari),Vadaseri APMC,Jack Fruit(Ripe),Jack Fruit,Local,29/08/2026,3000,3500,3250
Tamil Nadu,Tuticorin,Tuticorin(Uzhavar Sandhai ),Jack Fruit(Ripe),Jack Fruit,Local,29/08/2026,3500,4000,3750
Tamil Nadu,Salem,Attayampatti(Uzhavar Sandhai ),Guava,Guava Allahabad,Local,29/08/2026,5000,6000,5500
Tamil Nadu,Sivaganga,Devakottai (Uzhavar Sandhai ),Guava,Guava Allahabad,Local,29/08/2026,5200,6400,5800
Tamil Nadu,Namakkal,Tiruchengode APMC,Guava,Guava Allahabad,Local,29/08/2026,5400,6000,5700
Tamil Nadu,Karur,Kulithalai(Uzhavar Sandhai ),Guava,Guava Allahabad,Local,29/08/2026,4000,5000,4500
Tamil Nadu,Dharmapuri,Karimangalam(Uzhavar Sandhai),Guava,Guava Allahabad,Local,29/08/2026,3800,4000,3900
Tamil Nadu,Dharmapuri,Harur(Uzhavar Sandhai ),Guava,Guava Allahabad,Local,29/08/2026,4000,5000,4500
Tamil Nadu,Cuddalore,Cuddalore(Uzhavar Sandhai ),Guava,Guava Allahabad,Local,29/08/2026,4000,5000,4500
Tamil Nadu,Coimbatore,Sundarapuram(Uzhavar Sandhai ),Guava,Guava Allahabad,Local,29/08/2026,5500,6000,5750
Tamil Nadu,Sivaganga,Sivagangai (Uzhavar Sandhai ),Guava,Guava Allahabad,Local,29/08/2026,5200,6200,5700
Tamil Nadu,Coimbatore,Sulur(Uzhavar Sandhai ),Guava,Guava Allahabad,Local,29/08/2026,5000,5500,5250
Tamil Nadu,Perambalur,Perambalur(Uzhavar Sandhai ),Guava,Guava Allahabad,Local,29/08/2026,6000,7000,6500
Tamil Nadu,Krishnagiri,Hosur(Uzhavar Sandhai ),Guava,Guava Allahabad,Local,29/08/2026,5000,6000,5500
Tamil Nadu,Salem,Mettur(Uzhavar Sandhai ),Guava,Guava Allahabad,Local,29/08/2026,5000,6000,5500
Tamil Nadu,Vellore,Perampet(Uzhavar Sandhai),Guava,Guava Allahabad,Local,29/08/2026,4500,4500,4500
Tamil Nadu,Salem,Edapadi (Uzhavar Sandhai ),Guava,Guava Allahabad,Local,29/08/2026,4500,5000,4750
Tamil Nadu,Villupuram,Ulundurpettai APMC,Guava,Guava Allahabad,Local,29/08/2026,5000,5000,5000
Punjab,Bhatinda,Rampuraphul(Nabha Mandi) APMC,Guava,Other,Grade A,29/08/2026,2500,3500,3000
Tamil Nadu,Coimbatore,RSPuram(Uzhavar Sandhai ),Karbuja(Musk Melon),Karbhuja,Local,29/08/2026,3000,3400,3200
Tamil Nadu,Kallakuruchi,Kallakurichi(Uzhavar Sandhai ),Karbuja(Musk Melon),Karbhuja,Local,29/08/2026,5000,5000,5000
Tamil Nadu,Salem,Ammapet(Uzhavar Sandhai ),Pomegranate,Pomogranate,Local,29/08/2026,14000,15000,14500
Tamil Nadu,Theni,Theni(Uzhavar Sandhai ),Pomegranate,Pomogranate,Local,29/08/2026,16000,22000,19000
Tamil Nadu,Coimbatore,Udumalpet APMC,Pomegranate,Pomogranate,Local,29/08/2026,11000,13000,12000
Tamil Nadu,Perambalur,Perambalur(Uzhavar Sandhai ),Pomegranate,Pomogranate,Local,29/08/2026,18000,20000,19000
Tamil Nadu,Coimbatore,Singanallur(Uzhavar Sandhai ),Pomegranate,Pomogranate,Local,29/08/2026,13000,14000,13500
Tamil Nadu,Coimbatore,RSPuram(Uzhavar Sandhai ),Pomegranate,Pomogranate,Local,29/08/2026,10000,14000,12000
Tamil Nadu,The Nilgiris,Udhagamandalam(Uzhavar Sandhai ),Pomegranate,Pomogranate,Local,29/08/2026,10000,14000,12000
Tamil Nadu,Tuticorin,Tuticorin(Uzhavar Sandhai ),Pomegranate,Pomogranate,Local,29/08/2026,17000,18000,17500
Tamil Nadu,Vellore,Kahithapattarai(Uzhavar Sandhai ),Pomegranate,Pomogranate,Local,29/08/2026,14000,14000,14000
Tamil Nadu,Villupuram,Tindivanam APMC,Tender Coconut,Tender Coconut,Local,29/08/2026,3500,4000,3750
Tamil Nadu,Nagapattinam,Sirkali(Uzhavar Sandhai ),Tender Coconut,Tender Coconut,Local,29/08/2026,2000,2500,2250
Tamil Nadu,Namakkal,Kumarapalayam(Uzhavar Sandhai ),Tender Coconut,Tender Coconut,Local,29/08/2026,3000,3500,3250
Tamil Nadu,Thiruvannamalai,Cheyyar(Uzhavar Sandhai ),Tender Coconut,Tender Coconut,Local,29/08/2026,2000,2500,2250
Tamil Nadu,Vellore,Kahithapattarai(Uzhavar Sandhai ),Tender Coconut,Tender Coconut,Local,29/08/2026,3000,3000,3000
Tamil Nadu,Ramanathapuram,Ramanathapuram(Uzhavar Sandhai ),Tender Coconut,Tender Coconut,Local,29/08/2026,6000,6500,6250
Tamil Nadu,Namakkal,Mohanur(Uzhavar Sandhai ),Tender Coconut,Tender Coconut,Local,29/08/2026,3000,3500,3250
Tamil Nadu,Coimbatore,RSPuram(Uzhavar Sandhai ),Tender Coconut,Tender Coconut,Local,29/08/2026,4000,4500,4250
Tamil Nadu,Krishnagiri,Krishnagiri(Uzhavar Sandhai ),Tender Coconut,Tender Coconut,Local,29/08/2026,3000,4000,3500
Tamil Nadu,Vellore,Perampet(Uzhavar Sandhai),Tender Coconut,Tender Coconut,Local,29/08/2026,3500,3500,3500
Tamil Nadu,Vellore,Gudiyatham(Uzhavar Sandhai ),Tender Coconut,Tender Coconut,Local,29/08/2026,3000,3500,3250
Tamil Nadu,Thiruvannamalai,Keelpennathur(Uzhavar Sandhai ),Tender Coconut,Tender Coconut,Local,29/08/2026,5000,6000,5500
Tamil Nadu,Salem,Athur(Uzhavar Sandhai ),Tender Coconut,Tender Coconut,Local,29/08/2026,2500,3000,2750
Tamil Nadu,Villupuram,Tindivanam APMC,Fig(Anjura/Anjeer),Anjura,Local,29/08/2026,16000,16000,16000
Tamil Nadu,Namakkal,Namakkal(Uzhavar Sandhai ),Jasmine,Jasmine,Local,29/08/2026,50000,55000,52500
Tamil Nadu,Kallakuruchi,Kallakurichi(Uzhavar Sandhai ),Jasmine,Jasmine,Local,29/08/2026,60000,60000,60000
Tamil Nadu,Ramanathapuram,Ramanathapuram(Uzhavar Sandhai ),Marigold(Calcutta),Marigold(Calcutta),Local,29/08/2026,15000,15500,15250
Tamil Nadu,Vellore,Kahithapattarai(Uzhavar Sandhai ),Marigold(Calcutta),Marigold(Calcutta),Local,29/08/2026,12000,12000,12000
Tamil Nadu,Salem,Thathakapatti(Uzhavar Sandhai ),Marigold(Calcutta),Marigold(Calcutta),Local,29/08/2026,14000,15000,14500
Tamil Nadu,Kallakuruchi,Kallakurichi(Uzhavar Sandhai ),Marigold(Calcutta),Marigold(Calcutta),Local,29/08/2026,40000,40000,40000
Tamil Nadu,Salem,Hasthampatti(Uzhavar Sandhai ),Tamarind Fruit,Tamarind Fruit,Local,29/08/2026,14000,15000,14500
Tamil Nadu,Thiruvannamalai,Tamarainagar(Uzhavar Sandhai ),Tamarind Fruit,Tamarind Fruit,Local,29/08/2026,10000,12000,11000
Tamil Nadu,Nagercoil (Kannyiakumari),Myladi(Uzhavar Sandhai ),Tamarind Fruit,Tamarind Fruit,Local,29/08/2026,14000,15000,14500
Tamil Nadu,Nagapattinam,Nagapattinam(Uzhavar Sandhai ),Tamarind Fruit,Tamarind Fruit,Local,29/08/2026,10900,12000,11450
Tamil Nadu,Namakkal,Rasipuram(Uzhavar Sandhai ),Tamarind Fruit,Tamarind Fruit,Local,29/08/2026,13000,15000,14000
Tamil Nadu,Pudukkottai,Pudukottai(Uzhavar Sandhai ),Tamarind Fruit,Tamarind Fruit,Local,29/08/2026,6000,7000,6500
Tamil Nadu,Thiruvannamalai,Tamarainagar(Uzhavar Sandhai ),Elephant Yam(Suran)/Amorphophallus,Elephant Yam (Suran),Local,29/08/2026,5000,6000,5500
Tamil Nadu,Madurai,Palanganatham(Uzhavar Sandhai ),Elephant Yam(Suran)/Amorphophallus,Elephant Yam (Suran),Local,29/08/2026,4000,4500,4250
Tamil Nadu,Kallakuruchi,Kallakurichi(Uzhavar Sandhai ),Elephant Yam(Suran)/Amorphophallus,Elephant Yam (Suran),Local,29/08/2026,4000,4000,4000
Tamil Nadu,Chengalpattu,Nanganallur(Uzhavar Sandhai ),Elephant Yam(Suran)/Amorphophallus,Elephant Yam (Suran),Local,29/08/2026,5500,6000,5750
Tamil Nadu,Dindigul,Palani(Uzhavar Sandhai ),Elephant Yam(Suran)/Amorphophallus,Elephant Yam (Suran),Local,29/08/2026,4000,5000,4500
Tamil Nadu,Erode,Sathiyamagalam(Uzhavar Sandhai ),Elephant Yam(Suran)/Amorphophallus,Elephant Yam (Suran),Local,29/08/2026,3000,3600,3300
Tamil Nadu,Thiruchirappalli,Thuraiyur APMC,Elephant Yam(Suran)/Amorphophallus,Elephant Yam (Suran),Local,29/08/2026,3500,4000,3750
Tamil Nadu,Salem,Athur(Uzhavar Sandhai ),Elephant Yam(Suran)/Amorphophallus,Elephant Yam (Suran),Local,29/08/2026,3000,3500,3250
Tamil Nadu,Thiruchirappalli,Lalgudi(Uzhavar Sandhai ),Elephant Yam(Suran)/Amorphophallus,Elephant Yam (Suran),Local,29/08/2026,4000,4000,4000
Tamil Nadu,Nagapattinam,Sirkali(Uzhavar Sandhai ),Elephant Yam(Suran)/Amorphophallus,Elephant Yam (Suran),Local,29/08/2026,6500,7000,6750
Tamil Nadu,Sivaganga,Tirupatthur(Uzhavar Sandhai ),Elephant Yam(Suran)/Amorphophallus,Elephant Yam (Suran),Local,29/08/2026,4500,5000,4750
Tamil Nadu,Namakkal,Kumarapalayam(Uzhavar Sandhai ),Elephant Yam(Suran)/Amorphophallus,Elephant Yam (Suran),Local,29/08/2026,2500,3000,2750
Tamil Nadu,Coimbatore,RSPuram(Uzhavar Sandhai ),Elephant Yam(Suran)/Amorphophallus,Elephant Yam (Suran),Local,29/08/2026,3600,4000,3800
Tamil Nadu,Ranipet,Arcot(Uzhavar Sandhai ),Elephant Yam(Suran)/Amorphophallus,Elephant Yam (Suran),Local,29/08/2026,6000,6000,6000
Tamil Nadu,Dharmapuri,Dharmapuri(Uzhavar Sandhai ),Elephant Yam(Suran)/Amorphophallus,Elephant Yam (Suran),Local,29/08/2026,6200,6400,6300
Tamil Nadu,Tuticorin,Kovilpatti(Uzhavar Sandhai ),Yam(Ratalu),Yam (Ratalu),Local,29/08/2026,8500,9000,8750
Tamil Nadu,Nagapattinam,Nagapattinam(Uzhavar Sandhai ),Yam(Ratalu),Yam (Ratalu),Local,29/08/2026,6100,6800,6450
Tamil Nadu,Cuddalore,Cuddalore(Uzhavar Sandhai ),Yam(Ratalu),Yam (Ratalu),Local,29/08/2026,6000,6000,6000
Tamil Nadu,Coimbatore,Mettupalayam(Uzhavar Sandhai ),Yam(Ratalu),Yam (Ratalu),Local,29/08/2026,6500,7000,6750
Tamil Nadu,Virudhunagar,Sivakasi(Uzhavar Sandhai ),Yam(Ratalu),Yam (Ratalu),Local,29/08/2026,7000,8000,7500
Tamil Nadu,Sivaganga,Tirupatthur(Uzhavar Sandhai ),Yam(Ratalu),Yam (Ratalu),Local,29/08/2026,8400,9500,8950
Tamil Nadu,Kancheepuram,Kundrathur(Uzhavar Sandhai ),Yam(Ratalu),Yam (Ratalu),Local,29/08/2026,4000,4000,4000
Tamil Nadu,Theni,Chinnamanur(Uzhavar Sandhai ),Yam(Ratalu),Yam (Ratalu),Local,29/08/2026,7000,7000,7000
Tamil Nadu,Thiruchirappalli,Thuraiyur APMC,Yam(Ratalu),Yam (Ratalu),Local,29/08/2026,6500,7500,7000
Tamil Nadu,Vellore,Perampet(Uzhavar Sandhai),Yam(Ratalu),Yam (Ratalu),Local,29/08/2026,6600,6600,6600
Tamil Nadu,Madurai,Anna nagar(Uzhavar Sandhai ),Yam(Ratalu),Yam (Ratalu),Local,29/08/2026,7000,7500,7250
Tamil Nadu,Chengalpattu,Pallavaram(Uzhavar Sandhai ),Indian Beans(Seam),Indian Beans (Seam),Local,29/08/2026,7000,8000,7500
Tamil Nadu,Tuticorin,Kovilpatti(Uzhavar Sandhai ),Indian Beans(Seam),Indian Beans (Seam),Local,29/08/2026,6500,7000,6750
Tamil Nadu,Thiruchirappalli,Thuraiyur APMC,Indian Beans(Seam),Indian Beans (Seam),Local,29/08/2026,5600,6600,6100
Tamil Nadu,Vellore,Gudiyatham(Uzhavar Sandhai ),Indian Beans(Seam),Indian Beans (Seam),Local,29/08/2026,5000,5000,5000
Tamil Nadu,Vellore,Thirupathur APMC,Indian Beans(Seam),Indian Beans (Seam),Local,29/08/2026,6000,6000,6000
Tamil Nadu,Dindigul,Chinnalapatti(Uzhavar Sandhai ),Indian Beans(Seam),Indian Beans (Seam),Local,29/08/2026,6800,7000,6900
Andaman and Nicobar,North and Middle Andaman ,Diglipur Vegetable Market (Subhashgram),Little gourd(Kundru),Other,FAQ,29/08/2026,2500,5000,3500
Bihar,East Champaran/ Motihari,Raxaul APMC,Pointed gourd(Parval),Other,Grade A,29/08/2026,2600,2800,2700
Tamil Nadu,Vellore,Thirupathur APMC,Lemon,Lemon,Local,29/08/2026,5000,5000,5000
Tamil Nadu,Dharmapuri,Dharmapuri(Uzhavar Sandhai ),Lemon,Lemon,Local,29/08/2026,19000,19600,19300
Tamil Nadu,Vellore,Pallikonda(Uzhavar Sandhai),Lemon,Lemon,Local,29/08/2026,8000,9000,8500
Tamil Nadu,Salem,Ammapet(Uzhavar Sandhai ),Lemon,Lemon,Local,29/08/2026,4000,5000,4500
Tamil Nadu,Sivaganga,Sivagangai (Uzhavar Sandhai ),Lemon,Lemon,Local,29/08/2026,15500,17500,16500
Tamil Nadu,Namakkal,Namakkal(Uzhavar Sandhai ),Lemon,Lemon,Local,29/08/2026,9000,9500,9250
Tamil Nadu,Dindigul,Palani(Uzhavar Sandhai ),Lemon,Lemon,Local,29/08/2026,8000,14000,11000
Tamil Nadu,Thiruvannamalai,Vandavasi(Uzhavar Sandhai ),Lemon,Lemon,Local,29/08/2026,10000,12000,11000
Tamil Nadu,Salem,Jalagandapuram(Uzhavar Sandhai ),Lemon,Lemon,Local,29/08/2026,5500,6000,5750
Tamil Nadu,Villupuram,Ulundurpettai APMC,Lemon,Lemon,Local,29/08/2026,5000,5000,5000
Tamil Nadu,Virudhunagar,Rajapalayam(Uzhavar Sandhai ),Lemon,Lemon,Local,29/08/2026,14000,15000,14500
Tamil Nadu,Salem,Mettur(Uzhavar Sandhai ),Lemon,Lemon,Local,29/08/2026,9000,10000,9500
Tamil Nadu,Sivaganga,Karaikudi(Uzhavar Sandhai ),Lemon,Lemon,Local,29/08/2026,15500,17500,16500
Tamil Nadu,Theni,Chinnamanur(Uzhavar Sandhai ),Lemon,Lemon,Local,29/08/2026,12000,14000,13000
Tamil Nadu,Erode,Sathiyamagalam(Uzhavar Sandhai ),Lemon,Lemon,Local,29/08/2026,7500,8000,7750
Tamil Nadu,Pudukkottai,Viralimalai(Uzhavar Sandhai ),Lemon,Lemon,Local,29/08/2026,10000,12000,11000
Tamil Nadu,Pudukkottai,Karambakkudi(Uzhavar Sandhai ),Lemon,Lemon,Local,29/08/2026,11000,12000,11500
Tamil Nadu,Pudukkottai,Aranthangi(Uzhavar Sandhai ),Lemon,Lemon,Local,29/08/2026,11000,12000,11500
Tamil Nadu,Dharmapuri,Harur(Uzhavar Sandhai ),Lemon,Lemon,Local,29/08/2026,13000,14000,13500
Tamil Nadu,Cuddalore,Panruti(Uzhavar Sandhai ),Lemon,Lemon,Local,29/08/2026,8000,8000,8000
Tamil Nadu,Theni,Bodinayakanur(Uzhavar Sandhai ),Lemon,Lemon,Local,29/08/2026,13000,13000,13000
Tamil Nadu,Thirupur,Palladam(Uzhavar Sandhai ),Lemon,Lemon,Local,29/08/2026,14000,15000,14500
Tamil Nadu,Thiruvannamalai,Tamarainagar(Uzhavar Sandhai ),Lemon,Lemon,Local,29/08/2026,18000,22000,20000
Tamil Nadu,The Nilgiris,Udhagamandalam(Uzhavar Sandhai ),Lemon,Lemon,Local,29/08/2026,10000,15000,12500
Tamil Nadu,Krishnagiri,Denkanikottai(Uzhavar Sandhai ),Lemon,Lemon,Local,29/08/2026,12000,15000,13500
Tamil Nadu,Vellore,Vellore APMC,Lemon,Lemon,Local,29/08/2026,12000,12000,12000
Uttar Pradesh,Bulandshahar,Gulavati APMC,Sponge gourd,Other,FAQ,29/08/2026,2000,2200,2100
Tamil Nadu,Dharmapuri,AJattihalli(Uzhavar Sandhai ),Colacasia,Colacasia,Local,29/08/2026,6600,6600,6600
Tamil Nadu,Theni,Chinnamanur(Uzhavar Sandhai ),Colacasia,Colacasia,Local,29/08/2026,6000,6000,6000
Tamil Nadu,Madurai,Anaiyur(Uzhavar Sandhai ),Colacasia,Colacasia,Local,29/08/2026,5000,6000,5500
Tamil Nadu,Krishnagiri,Hosur(Uzhavar Sandhai ),Colacasia,Colacasia,Local,29/08/2026,4500,5000,4750
Tamil Nadu,Kancheepuram,Kundrathur(Uzhavar Sandhai ),Colacasia,Colacasia,Local,29/08/2026,3000,3000,3000
Tamil Nadu,Theni,Theni(Uzhavar Sandhai ),Colacasia,Colacasia,Local,29/08/2026,6000,6000,6000
Tamil Nadu,Madurai,Chokkikulam(Uzhavar Sandhai ),Colacasia,Colacasia,Local,29/08/2026,5000,6000,5500
Tamil Nadu,Salem,Thathakapatti(Uzhavar Sandhai ),Colacasia,Colacasia,Local,29/08/2026,5000,6000,5500
Tamil Nadu,Chengalpattu,Pallavaram(Uzhavar Sandhai ),Colacasia,Colacasia,Local,29/08/2026,5000,6000,5500
Tamil Nadu,Coimbatore,RSPuram(Uzhavar Sandhai ),Pear(Marasebu),Pears,Local,29/08/2026,14000,15000,14500
Punjab,Bhatinda,Rampuraphul(Nabha Mandi) APMC,Peach,Other,Grade A,29/08/2026,6000,8000,7000
Tamil Nadu,Perambalur,Perambalur(Uzhavar Sandhai ),Mashrooms,Mashrooms,Local,29/08/2026,18000,20000,19000
Tamil Nadu,Theni,Kambam(Uzhavar Sandhai ),Mashrooms,Mashrooms,Local,29/08/2026,25000,25000,25000
Tamil Nadu,Madurai,Palanganatham(Uzhavar Sandhai ),Mashrooms,Mashrooms,Local,29/08/2026,35000,40000,37500
Tamil Nadu,Karur,Kulithalai(Uzhavar Sandhai ),Turnip,Turnip,Local,29/08/2026,4000,5000,4500
Tamil Nadu,Thiruchirappalli,Musiri(Uzhavar Sandhai ),Turnip,Turnip,Local,29/08/2026,3000,3600,3300
Punjab,Ludhiana,Doraha APMC,Spinach,Spinach,Local,29/08/2026,2500,2500,2500
Tamil Nadu,Vellore,Thirupathur APMC,Custard Apple(Sharifa),Custard Apple(Sharifa),Local,29/08/2026,3000,3000,3000
Tamil Nadu,Salem,Mettur(Uzhavar Sandhai ),Amla(Nelli Kai),Amla,Local,29/08/2026,7500,8000,7750
Tamil Nadu,Namakkal,Rasipuram(Uzhavar Sandhai ),Amla(Nelli Kai),Amla,Local,29/08/2026,8500,9000,8750
Tamil Nadu,Theni,Kambam(Uzhavar Sandhai ),Amla(Nelli Kai),Amla,Local,29/08/2026,5000,6000,5500
Tamil Nadu,Krishnagiri,Krishnagiri(Uzhavar Sandhai ),Amla(Nelli Kai),Amla,Local,29/08/2026,8000,9000,8500
Tamil Nadu,Salem,Thathakapatti(Uzhavar Sandhai ),Amla(Nelli Kai),Amla,Local,29/08/2026,7000,7500,7250
Tamil Nadu,Salem,Hasthampatti(Uzhavar Sandhai ),Amla(Nelli Kai),Amla,Local,29/08/2026,7000,8000,7500
Tamil Nadu,Vellore,Vellore APMC,Amla(Nelli Kai),Amla,Local,29/08/2026,9000,10000,9500
Tamil Nadu,Ranipet,Arcot(Uzhavar Sandhai ),Amla(Nelli Kai),Amla,Local,29/08/2026,12000,12000,12000
Tamil Nadu,Thiruchirappalli,Musiri(Uzhavar Sandhai ),Amla(Nelli Kai),Amla,Local,29/08/2026,6000,7000,6500
Tamil Nadu,Thiruvannamalai,Tiruvannamalai(Uzhavar Sandhai ),Amla(Nelli Kai),Amla,Local,29/08/2026,8000,10000,9000
Tamil Nadu,Kancheepuram,Padappai(Uzhavar Sandhai ),Amla(Nelli Kai),Amla,Local,29/08/2026,8000,10000,9000
Tamil Nadu,Coimbatore,Mettupalayam(Uzhavar Sandhai ),Amla(Nelli Kai),Amla,Local,29/08/2026,8000,9000,8500
Tamil Nadu,Ranipet,Arcot(Uzhavar Sandhai ),Onion Green,Onion Green,Local,29/08/2026,8000,10000,9000
Tamil Nadu,Thirupur,Tiruppur (South) (Uzhavar Sandhai ),Onion Green,Onion Green,Local,29/08/2026,6000,7000,6500
Tamil Nadu,Thiruvannamalai,Chengam(Uzhavar Sandhai ),Onion Green,Onion Green,Local,29/08/2026,7000,8000,7500
Tamil Nadu,Pudukkottai,Alangudi(Uzhavar Sandhai ),Onion Green,Onion Green,Local,29/08/2026,7000,8000,7500
Tamil Nadu,Krishnagiri,Kaveripattinam(Uzhavar Sandhai ),Onion Green,Onion Green,Local,29/08/2026,7000,8000,7500
Tamil Nadu,Sivaganga,Tirupatthur(Uzhavar Sandhai ),Onion Green,Onion Green,Local,29/08/2026,7500,8000,7750
Tamil Nadu,Chengalpattu,Nanganallur(Uzhavar Sandhai ),Onion Green,Onion Green,Local,29/08/2026,7500,8000,7750
Tamil Nadu,Namakkal,Paramathivelur(Uzhavar Sandhai ),Onion Green,Onion Green,Local,29/08/2026,7000,8000,7500
Tamil Nadu,Karur,Vengamedu(Uzhavar Sandhai ),Onion Green,Onion Green,Local,29/08/2026,7500,8000,7750
Tamil Nadu,Theni,Bodinayakanur(Uzhavar Sandhai ),Onion Green,Onion Green,Local,29/08/2026,7000,7000,7000
Tamil Nadu,Karur,Pallapatti (Uzhavar Sandhai ),Onion Green,Onion Green,Local,29/08/2026,7500,8000,7750
Tamil Nadu,Thiruvannamalai,Arani(Uzhavar Sandhai ),Onion Green,Onion Green,Local,29/08/2026,5000,6000,5500
Tamil Nadu,Pudukkottai,Gandarvakottai(Uzhavar Sandhai ),Onion Green,Onion Green,Local,29/08/2026,7000,8000,7500
Tamil Nadu,Nagapattinam,Mayiladuthurai(Uzhavar Sandhai ),Onion Green,Onion Green,Local,29/08/2026,4500,5000,4750
Tamil Nadu,Thiruvarur,Needamangalam(Uzhavar Sandhai ),Onion Green,Onion Green,Local,29/08/2026,8000,8000,8000
Tamil Nadu,Namakkal,Rasipuram(Uzhavar Sandhai ),Onion Green,Onion Green,Local,29/08/2026,5400,8000,6700
Tamil Nadu,Karur,Gandhigramam(Uzhavar Sandhai),Onion Green,Onion Green,Local,29/08/2026,7500,8000,7750
Tamil Nadu,Coimbatore,Mettupalayam(Uzhavar Sandhai ),Onion Green,Onion Green,Local,29/08/2026,6500,7000,6750
Tamil Nadu,Erode,Thalavadi(Uzhavar Sandhai ),Onion Green,Onion Green,Local,29/08/2026,6000,6500,6250
Tamil Nadu,Salem,Jalagandapuram(Uzhavar Sandhai ),Onion Green,Onion Green,Local,29/08/2026,6000,6500,6250
Tamil Nadu,Salem,Attayampatti(Uzhavar Sandhai ),Onion Green,Onion Green,Local,29/08/2026,6000,6500,6250
Tamil Nadu,Thirupur,Kangayam(Uzhavar Sandhai ),Onion Green,Onion Green,Local,29/08/2026,6000,7200,6600
Tamil Nadu,Dharmapuri,Karimangalam(Uzhavar Sandhai),Onion Green,Onion Green,Local,29/08/2026,5500,6000,5750
Tamil Nadu,Coimbatore,Singanallur(Uzhavar Sandhai ),Mint(Pudina),Mint(Pudina),Local,29/08/2026,4500,5000,4750
Tamil Nadu,Dindigul,Palani(Uzhavar Sandhai ),Mint(Pudina),Mint(Pudina),Local,29/08/2026,6000,7000,6500
Tamil Nadu,Thiruvannamalai,Vandavasi(Uzhavar Sandhai ),Mint(Pudina),Mint(Pudina),Local,29/08/2026,3500,4000,3750
Tamil Nadu,Thiruchirappalli,Lalgudi(Uzhavar Sandhai ),Mint(Pudina),Mint(Pudina),Local,29/08/2026,5600,5600,5600
Tamil Nadu,Tuticorin,Kovilpatti(Uzhavar Sandhai ),Mint(Pudina),Mint(Pudina),Local,29/08/2026,5500,6000,5750
Tamil Nadu,Thirunelveli,NGO Colony(Uzhavar Sandhai ),Mint(Pudina),Mint(Pudina),Local,29/08/2026,5500,6000,5750
Tamil Nadu,Virudhunagar,Thalavaipuram(Uzhavar Sandhai ),Mint(Pudina),Mint(Pudina),Local,29/08/2026,4500,5500,5000
Tamil Nadu,Salem,Jalagandapuram(Uzhavar Sandhai ),Mint(Pudina),Mint(Pudina),Local,29/08/2026,3000,3500,3250
Tamil Nadu,Karur,Kulithalai(Uzhavar Sandhai ),Mint(Pudina),Mint(Pudina),Local,29/08/2026,4500,5000,4750
Tamil Nadu,Krishnagiri,Denkanikottai(Uzhavar Sandhai ),Mint(Pudina),Mint(Pudina),Local,29/08/2026,3500,4000,3750
Tamil Nadu,Thanjavur,Pattukottai(Uzhavar Sandhai ),Mint(Pudina),Mint(Pudina),Local,29/08/2026,5800,5800,5800
Tamil Nadu,Coimbatore,Vadavalli(Uzhavar Sandhai ),Mint(Pudina),Mint(Pudina),Local,29/08/2026,4500,5000,4750
Tamil Nadu,Thirupur,Dharapuram(Uzhavar Sandhai ),Mint(Pudina),Mint(Pudina),Local,29/08/2026,2500,3000,2750
Tamil Nadu,Erode,Thalavadi(Uzhavar Sandhai ),Mint(Pudina),Mint(Pudina),Local,29/08/2026,4400,4800,4600
Tamil Nadu,Thiruvannamalai,Polur(Uzhavar Sandhai ),Mint(Pudina),Mint(Pudina),Local,29/08/2026,3300,4000,3650
Tamil Nadu,Vellore,Vellore APMC,Mint(Pudina),Mint(Pudina),Local,29/08/2026,3500,3500,3500
Tamil Nadu,Kallakuruchi,Kallakurichi(Uzhavar Sandhai ),Mint(Pudina),Mint(Pudina),Local,29/08/2026,3000,3000,3000
Tamil Nadu,Vellore,Thirupathur APMC,Mint(Pudina),Mint(Pudina),Local,29/08/2026,5000,5000,5000
Tamil Nadu,Cuddalore,Viruthachalam(Uzhavar Sandhai ),Mint(Pudina),Mint(Pudina),Local,29/08/2026,5000,5000,5000
Tamil Nadu,Virudhunagar,Srivilliputhur(Uzhavar Sandhai ),Mint(Pudina),Mint(Pudina),Local,29/08/2026,5000,6000,5500
Tamil Nadu,Coimbatore,Pollachi(Uzhavar Sandhai ),Mint(Pudina),Mint(Pudina),Local,29/08/2026,5000,6000,5500
West Bengal,Medinipur(E),Kolaghat APMC,Rose(Local),Rose (Local),FAQ,29/08/2026,36000,38000,37000
Tamil Nadu,Namakkal,Rasipuram(Uzhavar Sandhai ),Rose(Local),Rose (Local),Local,29/08/2026,16000,18000,17000
Tamil Nadu,Salem,Mettur(Uzhavar Sandhai ),Rose(Local),Rose (Local),Local,29/08/2026,18000,20000,19000
Tamil Nadu,Salem,Ammapet(Uzhavar Sandhai ),Rose(Local),Rose (Local),Local,29/08/2026,13000,14000,13500
Tamil Nadu,Villupuram,Tindivanam APMC,Sweet Corn ,Sweet Corn ,Local,29/08/2026,3800,3800,3800
Tamil Nadu,Karur,Kulithalai(Uzhavar Sandhai ),Sweet Corn ,Sweet Corn ,Local,29/08/2026,4500,5000,4750
Tamil Nadu,Coimbatore,Sundarapuram(Uzhavar Sandhai ),Sweet Corn ,Sweet Corn ,Local,29/08/2026,3500,4000,3750
Tamil Nadu,Dharmapuri,Pennagaram(Uzhavar Sandhai ),Sweet Corn ,Sweet Corn ,Local,29/08/2026,1800,2000,1900
Tamil Nadu,Thiruvannamalai,Chengam(Uzhavar Sandhai ),Sweet Corn ,Sweet Corn ,Local,29/08/2026,3300,4000,3650
Tamil Nadu,Erode,Gobichettipalayam(Uzhavar Sandhai ),Sweet Corn ,Sweet Corn ,Local,29/08/2026,5000,5200,5100
Tamil Nadu,Namakkal,Paramathivelur(Uzhavar Sandhai ),Sweet Corn ,Sweet Corn ,Local,29/08/2026,4500,5000,4750
Tamil Nadu,Kancheepuram,Kancheepuram(Uzhavar Sandhai ),Sweet Corn ,Sweet Corn ,Local,29/08/2026,3000,3500,3250
Andhra Pradesh,Anakapally,Payakaraopeta APMC,Paddy(Common),1001,Local,29/08/2026,2349,2369,2359
Andhra Pradesh,Srikakulam,Etcherla APMC,Paddy(Common),1121,FAQ,29/08/2026,2369,2369,2369
Andhra Pradesh,Tirupathi,Vakadu APMC,Paddy(Common),B P T,Local,29/08/2026,2389,2410,2400
Andhra Pradesh,Palnadu,Krosuru APMC,Paddy(Common),B P T,FAQ,29/08/2026,2200,2600,2400
Andhra Pradesh,Prakasam,Darsi APMC,Paddy(Common),B P T,Local,29/08/2026,2500,2600,2600
Andhra Pradesh,Prakasam,Maddipadu APMC,Paddy(Common),B P T,FAQ,29/08/2026,2800,2800,2800
Andhra Pradesh,YSR Kadapa,Mydukur APMC,Paddy(Common),Masuri,Local,29/08/2026,2800,3200,3000
Andhra Pradesh,Kakinada,Samalkot APMC,Paddy(Common),Paddy,FAQ,29/08/2026,2359,2396,2365
Andhra Pradesh,Srikakulam,Amadalavalasa APMC,Paddy(Common),Paddy,FAQ,29/08/2026,2369,2369,2369
West Bengal,Medinipur(E),Kolaghat APMC,Rice,Common,FAQ,29/08/2026,3200,3400,3300
Andhra Pradesh,YSR Kadapa,Simhadhripuram APMC,Maize,Hybrid/Local,FAQ,29/08/2026,2200,2400,2300
Andhra Pradesh,Eluru,Polavaram APMC,Maize,Local,Local,29/08/2026,2415,2415,2415
Andhra Pradesh,Sri Sathya Sai,Puttaparthi  APMC,Maize,Local,FAQ,29/08/2026,2400,2500,2450
Telangana,Siddipet,Bejjenki APMC,Maize,Local,FAQ,29/08/2026,2250,2250,2250
Andhra Pradesh,Krishna,Divi (HQ-Avanigadda) APMC,Black Gram(Urd Beans)(Whole),Desi,FAQ,29/08/2026,8300,8800,8400
Tamil Nadu,Krishnagiri,Krishnagiri(Uzhavar Sandhai ),Groundnut,Big (With Shell),Local,29/08/2026,7000,7500,7250
Tamil Nadu,Kallakuruchi,Kallakurichi(Uzhavar Sandhai ),Groundnut,Big (With Shell),Local,29/08/2026,7000,7000,7000
Tamil Nadu,Nagapattinam,Sirkali(Uzhavar Sandhai ),Groundnut,Big (With Shell),Local,29/08/2026,5500,6000,5750
Tamil Nadu,Salem,Attayampatti(Uzhavar Sandhai ),Groundnut,Big (With Shell),Local,29/08/2026,7000,7000,7000
Tamil Nadu,Villupuram,Tindivanam APMC,Groundnut,Big (With Shell),Local,29/08/2026,7000,7000,7000
Tamil Nadu,Vellore,Gudiyatham(Uzhavar Sandhai ),Groundnut,Big (With Shell),Local,29/08/2026,7600,7600,7600
Tamil Nadu,Madurai,Palanganatham(Uzhavar Sandhai ),Soyabean,Local,Local,29/08/2026,10000,11000,10500
Tamil Nadu,Ramanathapuram,Paramakudi(Uzhavar Sandhai ),Soyabean,Local,Local,29/08/2026,9000,10000,9500
Andhra Pradesh,Markapuram,Cumbum APMC,Cotton,Other,FAQ,29/08/2026,7900,8100,8000
Tamil Nadu,Chengalpattu,Nanganallur(Uzhavar Sandhai ),Apple,American,Local,29/08/2026,18000,20000,19000
Tamil Nadu,Madurai,Anaiyur(Uzhavar Sandhai ),Apple,American,Local,29/08/2026,26000,27000,26500
Tamil Nadu,Krishnagiri,Hosur(Uzhavar Sandhai ),Apple,American,Local,29/08/2026,25000,28000,26500
Tamil Nadu,Coimbatore,Singanallur(Uzhavar Sandhai ),Apple,American,Local,29/08/2026,27000,28000,27500
Tamil Nadu,Vellore,Kahithapattarai(Uzhavar Sandhai ),Apple,American,Local,29/08/2026,25000,25000,25000
Tamil Nadu,Salem,Ammapet(Uzhavar Sandhai ),Orange,Darjeeling,Local,29/08/2026,13000,14000,13500
Tamil Nadu,Krishnagiri,Hosur(Uzhavar Sandhai ),Orange,Darjeeling,Local,29/08/2026,15000,18000,16500
Tamil Nadu,Theni,Kambam(Uzhavar Sandhai ),Banana,Besrai,Local,29/08/2026,3000,6000,4500
Tamil Nadu,Cuddalore,Panruti(Uzhavar Sandhai ),Banana,Besrai,Local,29/08/2026,4000,8000,6000
Tamil Nadu,Erode,Gobichettipalayam(Uzhavar Sandhai ),Banana,Besrai,Local,29/08/2026,2400,2800,2600
Tamil Nadu,Vellore,Kahithapattarai(Uzhavar Sandhai ),Banana,Besrai,Local,29/08/2026,5000,6000,5500
Tamil Nadu,Nagapattinam,Mayiladuthurai(Uzhavar Sandhai ),Banana,Besrai,Local,29/08/2026,3500,4000,3750
Tamil Nadu,Madurai,Palanganatham(Uzhavar Sandhai ),Banana,Besrai,Local,29/08/2026,3000,4000,3500
Tamil Nadu,Pudukkottai,Ponnamaravathi(Uzhavar Sandhai),Banana,Besrai,Local,29/08/2026,6500,7000,6750
Andhra Pradesh,Anakapally,Payakaraopeta APMC,Banana,Karpura,Local,29/08/2026,1550,1650,1600
Tamil Nadu,Coimbatore,Singanallur(Uzhavar Sandhai ),Banana,Karpura,Local,29/08/2026,5000,8600,6800
Tamil Nadu,Thiruvannamalai,Vandavasi(Uzhavar Sandhai ),Banana,Karpura,Local,29/08/2026,4000,5000,4500
Uttar Pradesh,Mau(Maunathbhanjan),Kopaganj APMC,Banana,Medium,Grade B,29/08/2026,3888,3999,3899
Tamil Nadu,Karur,Kulithalai(Uzhavar Sandhai ),Banana,Other,Local,29/08/2026,5500,6000,5750
Tamil Nadu,Thiruchirappalli,Musiri(Uzhavar Sandhai ),Banana,Other,Local,29/08/2026,4000,5000,4500
Tamil Nadu,Tuticorin,Kovilpatti(Uzhavar Sandhai ),Banana,Other,Local,29/08/2026,3500,4000,3750
Tamil Nadu,Vellore,Pallikonda(Uzhavar Sandhai),Banana,Other,Local,29/08/2026,5000,6000,5500
Tamil Nadu,Karur,Pallapatti (Uzhavar Sandhai ),Banana,Other,Local,29/08/2026,5500,6000,5750
Tamil Nadu,Pudukkottai,Aranthangi(Uzhavar Sandhai ),Banana,Poovan,Local,29/08/2026,4500,5000,4750
Tamil Nadu,Thiruvannamalai,Keelpennathur(Uzhavar Sandhai ),Banana,Poovan,Local,29/08/2026,4500,5000,4750
Tamil Nadu,Nagapattinam,Nagapattinam(Uzhavar Sandhai ),Banana,Poovan,Local,29/08/2026,3900,3900,3900
Tamil Nadu,Namakkal,Mohanur(Uzhavar Sandhai ),Banana,Red Banana,Local,29/08/2026,7000,8000,7500
Tamil Nadu,Thirupur,Tiruppur (South) (Uzhavar Sandhai ),Banana,Red Banana,Local,29/08/2026,5000,6000,5500
Tamil Nadu,Dindigul,Palani(Uzhavar Sandhai ),Banana,Red Banana,Local,29/08/2026,8000,9000,8500
Tamil Nadu,Coimbatore,Udumalpet APMC,Banana,Red Banana,Local,29/08/2026,7000,8000,7500
Tamil Nadu,Namakkal,Namakkal(Uzhavar Sandhai ),Banana,Red Banana,Local,29/08/2026,7000,8000,7500
Tamil Nadu,Erode,Sathiyamagalam(Uzhavar Sandhai ),Banana,Red Banana,Local,29/08/2026,5500,6000,5750
Tamil Nadu,Kancheepuram,Kundrathur(Uzhavar Sandhai ),Banana,Red Banana,Local,29/08/2026,7000,8000,7500
Tamil Nadu,Cuddalore,Vadalur(Uzhavar Sandhai ),Banana,Red Banana,Local,29/08/2026,7000,8000,7500
Tamil Nadu,Karur,Vengamedu(Uzhavar Sandhai ),Banana,Red Banana,Local,29/08/2026,5000,6000,5500
Tamil Nadu,Salem,Vazhapadi(Uzhavar Sandhai),Banana,Red Banana,Local,29/08/2026,7000,7000,7000
Tamil Nadu,Salem,Thammampatti (Uzhavar Sandhai ),Banana,Red Banana,Local,29/08/2026,6000,7000,6500
Tamil Nadu,Salem,Hasthampatti(Uzhavar Sandhai ),Banana,Red Banana,Local,29/08/2026,7500,8000,7750
Tamil Nadu,Kallakuruchi,Kallakurichi(Uzhavar Sandhai ),Banana,Red Banana,Local,29/08/2026,7000,7000,7000
Tamil Nadu,Vellore,Vellore APMC,Mango,Neelam,Local,29/08/2026,12000,15000,13500
Tamil Nadu,Vellore,Thirupathur APMC,Mango,Safeda,Local,29/08/2026,8000,8000,8000
Tamil Nadu,Thiruvannamalai,Polur(Uzhavar Sandhai ),Mango,Safeda,Local,29/08/2026,6000,8000,7000
Tamil Nadu,Coimbatore,Mettupalayam(Uzhavar Sandhai ),Pineapple,Pine Apple,Local,29/08/2026,3500,4000,3750
Tamil Nadu,The Nilgiris,Udhagamandalam(Uzhavar Sandhai ),Grapes,Annabesahai,Local,29/08/2026,8000,10000,9000
Tamil Nadu,Madurai,Palanganatham(Uzhavar Sandhai ),Grapes,Annabesahai,Local,29/08/2026,11000,12000,11500
Tamil Nadu,Thanjavur,Thanjavur(Uzhavar Sandhai ),Grapes,Annabesahai,Local,29/08/2026,12000,12000,12000
Tamil Nadu,Sivaganga,Sivagangai (Uzhavar Sandhai ),Onion,Bellary,Local,29/08/2026,6200,6600,6400
Tamil Nadu,Dindigul,Chinnalapatti(Uzhavar Sandhai ),Onion,Bellary,Local,29/08/2026,6000,7000,6500
Tamil Nadu,Pudukkottai,Gandarvakottai(Uzhavar Sandhai ),Onion,Bellary,Local,29/08/2026,5500,6000,5750
Tamil Nadu,Nagapattinam,Mayiladuthurai(Uzhavar Sandhai ),Onion,Bellary,Local,29/08/2026,3500,4000,3750
Tamil Nadu,Thiruvarur,Needamangalam(Uzhavar Sandhai ),Onion,Bellary,Local,29/08/2026,5000,5000,5000
Tamil Nadu,Thanjavur,Kumbakonam (Uzhavar Sandhai ),Onion,Bellary,Local,29/08/2026,4800,7200,6000
Tamil Nadu,Coimbatore,Mettupalayam(Uzhavar Sandhai ),Onion,Bellary,Local,29/08/2026,5000,5800,5400
Tamil Nadu,Namakkal,Namakkal(Uzhavar Sandhai ),Onion,Bellary,Local,29/08/2026,5000,5600,5300
Tamil Nadu,Karur,Karur(Uzhavar Sandhai ),Onion,Bellary,Local,29/08/2026,5500,6000,5750
Tamil Nadu,Salem,Edapadi (Uzhavar Sandhai ),Onion,Bellary,Local,29/08/2026,5500,6000,5750
Tamil Nadu,Virudhunagar,Kariyapatti(Uzhavar Sandhai ),Onion,Bellary,Local,29/08/2026,5500,6000,5750
Tamil Nadu,Thirupur,Dharapuram(Uzhavar Sandhai ),Onion,Bellary,Local,29/08/2026,5400,5800,5600
Tamil Nadu,The Nilgiris,Coonoor(Uzhavar Sandhai ),Onion,Bellary,Local,29/08/2026,5500,6000,5750
Tamil Nadu,Dindigul,Palani(Uzhavar Sandhai ),Onion,Bellary,Local,29/08/2026,5000,6000,5500
Tamil Nadu,Madurai,Melur(Uzhavar Sandhai ),Onion,Bellary,Local,29/08/2026,6000,6500,6250
Tamil Nadu,Vellore,Thirupathur APMC,Onion,Bellary,Local,29/08/2026,5000,5000,5000
Tamil Nadu,Cuddalore,Vadalur(Uzhavar Sandhai ),Onion,Bellary,Local,29/08/2026,5000,6000,5500
Tamil Nadu,Chengalpattu,Madhuranthagam(Uzhavar Sandhai ),Onion,Bellary,Local,29/08/2026,6500,6800,6650
Tamil Nadu,Thiruvellore,Tiruthani(Uzhavar Sandhai ),Onion,Bellary,Local,29/08/2026,5000,5000,5000
Tamil Nadu,Namakkal,Tiruchengode APMC,Onion,Bellary,Local,29/08/2026,5400,6000,5700
Tamil Nadu,Erode,Perundurai(Uzhavar Sandhai ),Onion,Bellary,Local,29/08/2026,5600,6000,5800
Tamil Nadu,Nagercoil (Kannyiakumari),Myladi(Uzhavar Sandhai ),Onion,Bellary,Local,29/08/2026,5500,6000,5750
Tamil Nadu,Thiruvannamalai,Tiruvannamalai(Uzhavar Sandhai ),Onion,Bellary,Local,29/08/2026,5500,6000,5750
Tamil Nadu,Villupuram,Ulundurpettai APMC,Onion,Bellary,Local,29/08/2026,4000,4000,4000
Bihar,East Champaran/ Motihari,Raxaul APMC,Potato,Red Nanital,Grade A,29/08/2026,1300,1500,1400
Tamil Nadu,Kallakuruchi,Kallakurichi(Uzhavar Sandhai ),Potato,Red Nanital,Local,29/08/2026,3500,3500,3500
Tamil Nadu,Villupuram,Tindivanam APMC,Potato,Red Nanital,Local,29/08/2026,3800,3800,3800
Tamil Nadu,Ranipet,Arcot(Uzhavar Sandhai ),Potato,Red Nanital,Local,29/08/2026,3000,3000,3000
Tamil Nadu,Thirupur,Palladam(Uzhavar Sandhai ),Potato,Red Nanital,Local,29/08/2026,2500,3000,2750
Tamil Nadu,Sivaganga,Tirupatthur(Uzhavar Sandhai ),Potato,Red Nanital,Local,29/08/2026,4500,5000,4750
Tamil Nadu,Dharmapuri,Dharmapuri(Uzhavar Sandhai ),Potato,Red Nanital,Local,29/08/2026,2600,2800,2700
Tamil Nadu,Sivaganga,Sivagangai (Uzhavar Sandhai ),Potato,Red Nanital,Local,29/08/2026,5800,6200,6000
Tamil Nadu,Theni,Bodinayakanur(Uzhavar Sandhai ),Potato,Red Nanital,Local,29/08/2026,2600,2600,2600
Tamil Nadu,Theni,Kambam(Uzhavar Sandhai ),Potato,Red Nanital,Local,29/08/2026,2500,2500,2500
Tamil Nadu,Thiruvannamalai,Arani(Uzhavar Sandhai ),Potato,Red Nanital,Local,29/08/2026,3500,4000,3750
Tamil Nadu,Virudhunagar,Rajapalayam(Uzhavar Sandhai ),Potato,Red Nanital,Local,29/08/2026,2500,3000,2750
Tamil Nadu,Thanjavur,Kumbakonam (Uzhavar Sandhai ),Potato,Red Nanital,Local,29/08/2026,3000,3600,3300
Tamil Nadu,Salem,Ammapet(Uzhavar Sandhai ),Potato,Other,Local,29/08/2026,4500,5000,4750
Tamil Nadu,Thirupur,Dharapuram(Uzhavar Sandhai ),Potato,Other,Local,29/08/2026,5400,5800,5600
Tamil Nadu,Salem,Thammampatti (Uzhavar Sandhai ),Potato,Other,Local,29/08/2026,2800,3000,2900
Tamil Nadu,Dharmapuri,Palacode(Uzhavar Sandhai ),Potato,Other,Local,29/08/2026,2600,3000,2800
Tamil Nadu,Coimbatore,RSPuram(Uzhavar Sandhai ),Potato,Other,Local,29/08/2026,7500,8000,7750
Tamil Nadu,Theni,Chinnamanur(Uzhavar Sandhai ),Potato,Other,Local,29/08/2026,5400,5400,5400
Tamil Nadu,Namakkal,Tiruchengode APMC,Potato,Other,Local,29/08/2026,2600,3000,2800
Tamil Nadu,Erode,Perundurai(Uzhavar Sandhai ),Potato,Other,Local,29/08/2026,3000,3500,3250
Tamil Nadu,Thiruchirappalli,Manachanallur(Uzhavar Sandhai ),Potato,Other,Local,29/08/2026,2500,3000,2750
Punjab,Hoshiarpur,Mukerian(Talwara) APMC,Potato,Potato,FAQ,29/08/2026,800,1600,1200
Punjab,Ropar (Rupnagar),Morinda APMC,Potato,Potato,Medium,29/08/2026,750,820,785
Punjab,Tarntaran,Patti APMC,Potato,Potato,Local,29/08/2026,0.15,0.15,0.15
Tamil Nadu,Tuticorin,Tuticorin(Uzhavar Sandhai ),Garlic,Garlic,Local,29/08/2026,21000,22000,21500
Tamil Nadu,Krishnagiri,Denkanikottai(Uzhavar Sandhai ),Garlic,Garlic,Local,29/08/2026,22000,24000,23000
Tamil Nadu,Dharmapuri,AJattihalli(Uzhavar Sandhai ),Garlic,Garlic,Local,29/08/2026,20000,23800,21900
Tamil Nadu,Cuddalore,Vadalur(Uzhavar Sandhai ),Garlic,Garlic,Local,29/08/2026,20000,23000,21500
Tamil Nadu,Theni,Chinnamanur(Uzhavar Sandhai ),Garlic,Garlic,Local,29/08/2026,12000,24000,18000
Tamil Nadu,Krishnagiri,Hosur(Uzhavar Sandhai ),Garlic,Garlic,Local,29/08/2026,22000,24000,23000
Tamil Nadu,Chengalpattu,Nanganallur(Uzhavar Sandhai ),Garlic,Garlic,Local,29/08/2026,22000,24000,23000
Tamil Nadu,Thiruvellore,Tiruthani(Uzhavar Sandhai ),Garlic,Garlic,Local,29/08/2026,24000,24000,24000
Tamil Nadu,The Nilgiris,Gudalur(Uzhavar Sandhai ),Garlic,Garlic,Local,29/08/2026,19000,20000,19500
Tamil Nadu,Pudukkottai,Pudukottai(Uzhavar Sandhai ),Garlic,Garlic,Local,29/08/2026,28000,30000,29000
Tamil Nadu,Coimbatore,RSPuram(Uzhavar Sandhai ),Garlic,Garlic,Local,29/08/2026,21500,23000,22250
Tamil Nadu,Namakkal,Rasipuram(Uzhavar Sandhai ),Chili Red,Bold,Local,29/08/2026,17000,18000,17500
Andhra Pradesh,Palnadu,Gurazala APMC,Chili Red,Red,Local,29/08/2026,15000,22500,19500
Andhra Pradesh,Palnadu,Gurazala APMC,Chili Red,Red,Grade Range-1,29/08/2026,17000,27500,24000
Chandigarh,Chandigarh,Chandigarh (Grain/F&V) APMC,Cauliflower,Cauliflower,FAQ,29/08/2026,2000,3000,2800
Madhya Pradesh,Morena,Kailaras APMC,Cauliflower,Other,FAQ,29/08/2026,1500,2500,2500
Tamil Nadu,Sivaganga,Singampunari(Uzhavar Sandhai ),Cauliflower,Ranchi,Local,29/08/2026,3600,4200,3900
Tamil Nadu,Salem,Ammapet(Uzhavar Sandhai ),Cauliflower,Ranchi,Local,29/08/2026,2500,3000,2750
Tamil Nadu,Theni,Periyakulam(Uzhavar Sandhai ),Cauliflower,Ranchi,Local,29/08/2026,3500,4000,3750
Tamil Nadu,Thiruvannamalai,Tiruvannamalai(Uzhavar Sandhai ),Cauliflower,Ranchi,Local,29/08/2026,3500,4000,3750
Tamil Nadu,Tuticorin,Tuticorin(Uzhavar Sandhai ),Cauliflower,Ranchi,Local,29/08/2026,5000,6000,5500
Tamil Nadu,Vellore,Kahithapattarai(Uzhavar Sandhai ),Cauliflower,Ranchi,Local,29/08/2026,2500,2500,2500
Tamil Nadu,Cuddalore,Cuddalore(Uzhavar Sandhai ),Cauliflower,Ranchi,Local,29/08/2026,4000,4000,4000
Tamil Nadu,Thanjavur,Kumbakonam (Uzhavar Sandhai ),Cauliflower,Ranchi,Local,29/08/2026,5400,5400,5400
Tamil Nadu,The Nilgiris,Gudalur(Uzhavar Sandhai ),Cauliflower,Ranchi,Local,29/08/2026,4000,4400,4200
Tamil Nadu,Krishnagiri,Hosur(Uzhavar Sandhai ),Cauliflower,Ranchi,Local,29/08/2026,3000,3500,3250
Tamil Nadu,Vellore,Vellore APMC,Cauliflower,Ranchi,Local,29/08/2026,2500,3000,2750
Tamil Nadu,Ramanathapuram,Ramanathapuram(Uzhavar Sandhai ),Cauliflower,Ranchi,Local,29/08/2026,5500,6000,5750
Tamil Nadu,Dharmapuri,Palacode(Uzhavar Sandhai ),Cauliflower,Ranchi,Local,29/08/2026,2500,3000,2750
Tamil Nadu,Sivaganga,Karaikudi(Uzhavar Sandhai ),Cauliflower,Ranchi,Local,29/08/2026,4000,4500,4250
Tamil Nadu,Kancheepuram,Sunguvarchatram(Uzhavar Sandhai ),Cauliflower,Ranchi,Local,29/08/2026,3000,3500,3250
Tamil Nadu,Thirupur,Tiruppur (North) (Uzhavar Sandhai ),Cauliflower,Ranchi,Local,29/08/2026,2500,3000,2750
Tamil Nadu,The Nilgiris,Coonoor(Uzhavar Sandhai ),Cauliflower,Ranchi,Local,29/08/2026,4000,4500,4250
Tamil Nadu,Karur,Karur(Uzhavar Sandhai ),Cauliflower,Ranchi,Local,29/08/2026,3500,4000,3750
Tamil Nadu,Dindigul,Palani(Uzhavar Sandhai ),Cauliflower,Ranchi,Local,29/08/2026,3000,4000,3500
Tamil Nadu,Salem,Vazhapadi(Uzhavar Sandhai),Cauliflower,Ranchi,Local,29/08/2026,3000,3000,3000
Tamil Nadu,Dharmapuri,Dharmapuri(Uzhavar Sandhai ),Cauliflower,Ranchi,Local,29/08/2026,3300,3500,3400
Tamil Nadu,Karur,Gandhigramam(Uzhavar Sandhai),Cauliflower,Ranchi,Local,29/08/2026,3500,4000,3750
Tamil Nadu,Thiruvannamalai,Polur(Uzhavar Sandhai ),Cauliflower,Ranchi,Local,29/08/2026,2500,3000,2750
Tamil Nadu,Tuticorin,Kovilpatti(Uzhavar Sandhai ),Cauliflower,Ranchi,Local,29/08/2026,5000,5500,5250
Tamil Nadu,Krishnagiri,Avallapalli(Uzhavar Sandhai ),Cauliflower,Ranchi,Local,29/08/2026,3000,3500,3250
Tamil Nadu,Salem,Jalagandapuram(Uzhavar Sandhai ),Cauliflower,Ranchi,Local,29/08/2026,2200,2500,2350
Tamil Nadu,Pudukkottai,Pudukottai(Uzhavar Sandhai ),Cauliflower,Ranchi,Local,29/08/2026,5000,6000,5500
Keralam,Alappuzha,Harippad Market,Brinjal,Brinjal,FAQ,29/08/2026,5500,6000,5500
Punjab,Tarntaran,Harike APMC,Brinjal,Brinjal,FAQ,29/08/2026,300,400,350
Punjab,Bhatinda,Rampuraphul(Nabha Mandi) APMC,Brinjal,Brinjal,Grade A,29/08/2026,1000,1500,1200
Andaman and Nicobar,North and Middle Andaman ,Diglipur Vegetable Market (Subhashgram),Brinjal,Other,FAQ,29/08/2026,5000,10000,7000
Madhya Pradesh,Morena,Kailaras APMC,Brinjal,Other,FAQ,29/08/2026,2000,2000,2000
Tamil Nadu,Salem,Mettur(Uzhavar Sandhai ),Brinjal,Other,Local,29/08/2026,3000,3500,3250
Tamil Nadu,Karur,Gandhigramam(Uzhavar Sandhai),Brinjal,Other,Local,29/08/2026,3500,4000,3750
Tamil Nadu,Dindigul,Palani(Uzhavar Sandhai ),Brinjal,Other,Local,29/08/2026,5000,6000,5500
Tamil Nadu,Thiruvannamalai,Vandavasi(Uzhavar Sandhai ),Brinjal,Other,Local,29/08/2026,3000,3500,3250
Tamil Nadu,Thiruchirappalli,Thiruverumbur(Uzhavar Sandhai ),Brinjal,Other,Local,29/08/2026,5000,6000,5500
Tamil Nadu,Pudukkottai,Gandarvakottai(Uzhavar Sandhai ),Brinjal,Other,Local,29/08/2026,4500,6000,5250
Tamil Nadu,Coimbatore,Sundarapuram(Uzhavar Sandhai ),Brinjal,Other,Local,29/08/2026,4000,4500,4250
Tamil Nadu,Thiruvannamalai,Cheyyar(Uzhavar Sandhai ),Brinjal,Other,Local,29/08/2026,3000,3500,3250
Tamil Nadu,Pudukkottai,Alangudi(Uzhavar Sandhai ),Brinjal,Other,Local,29/08/2026,5000,6000,5500
Tamil Nadu,Dharmapuri,Palacode(Uzhavar Sandhai ),Brinjal,Other,Local,29/08/2026,2500,3000,2750
Tamil Nadu,The Nilgiris,Coonoor(Uzhavar Sandhai ),Brinjal,Other,Local,29/08/2026,3500,4000,3750
Tamil Nadu,Coimbatore,Vadavalli(Uzhavar Sandhai ),Brinjal,Other,Local,29/08/2026,3000,3500,3250
Tamil Nadu,Kancheepuram,Kundrathur(Uzhavar Sandhai ),Brinjal,Other,Local,29/08/2026,3500,4000,3750
Tamil Nadu,Theni,Chinnamanur(Uzhavar Sandhai ),Brinjal,Other,Local,29/08/2026,3400,3600,3500
Tamil Nadu,Theni,Periyakulam(Uzhavar Sandhai ),Brinjal,Other,Local,29/08/2026,3000,3500,3250
Tamil Nadu,Karur,Velayuthampalayam(Uzhavar Sandhai ),Brinjal,Other,Local,29/08/2026,3200,4000,3600
Tamil Nadu,The Nilgiris,Udhagamandalam(Uzhavar Sandhai ),Brinjal,Other,Local,29/08/2026,3500,3800,3650
Tamil Nadu,Madurai,Melur(Uzhavar Sandhai ),Brinjal,Round,Local,29/08/2026,3000,3600,3300
Tamil Nadu,Krishnagiri,Denkanikottai(Uzhavar Sandhai ),Brinjal,Round,Local,29/08/2026,2500,3000,2750
Tamil Nadu,Cuddalore,Cuddalore(Uzhavar Sandhai ),Brinjal,Round,Local,29/08/2026,4000,7000,5500
Tamil Nadu,Namakkal,Kumarapalayam(Uzhavar Sandhai ),Brinjal,Round,Local,29/08/2026,4500,5000,4750
Tamil Nadu,Villupuram,Ulundurpettai APMC,Brinjal,Round,Local,29/08/2026,5000,5000,5000
Tamil Nadu,Vellore,Vellore APMC,Brinjal,Round,Local,29/08/2026,3500,4000,3750
Tamil Nadu,Pudukkottai,Pudukottai(Uzhavar Sandhai ),Brinjal,Round,Local,29/08/2026,6000,7000,6500
Tamil Nadu,Villupuram,Gingee(Uzhavar Sandhai ),Brinjal,Round,Local,29/08/2026,3500,4000,3750
Tamil Nadu,Theni,Bodinayakanur(Uzhavar Sandhai ),Brinjal,Round,Local,29/08/2026,3600,3600,3600
Tamil Nadu,Salem,Thathakapatti(Uzhavar Sandhai ),Brinjal,Round,Local,29/08/2026,3800,4400,4100
Tamil Nadu,Cuddalore,Panruti(Uzhavar Sandhai ),Brinjal,Round,Local,29/08/2026,4000,5000,4500
Tamil Nadu,Erode,Thalavadi(Uzhavar Sandhai ),Brinjal,Round,Local,29/08/2026,3000,3500,3250
Tamil Nadu,Virudhunagar,Sivakasi(Uzhavar Sandhai ),Brinjal,Round,Local,29/08/2026,3500,4000,3750
Tamil Nadu,Thirupur,Dharapuram(Uzhavar Sandhai ),Brinjal,Round,Local,29/08/2026,5000,5500,5250
Tripura,North Tripura,Dasda APMC,Brinjal,Round/Long,FAQ,29/08/2026,2750,2750,2750
Gujarat,Amreli,Damnagar APMC,Coriander(Leaves),Coriander,Local,29/08/2026,3000,3000,3000
Tamil Nadu,Ramanathapuram,Paramakudi(Uzhavar Sandhai ),Coriander(Leaves),I Sort,Local,29/08/2026,6000,7000,6500
Tamil Nadu,Thanjavur,Thanjavur(Uzhavar Sandhai ),Coriander(Leaves),I Sort,Local,29/08/2026,3500,3500,3500
Tamil Nadu,Perambalur,Perambalur(Uzhavar Sandhai ),Coriander(Leaves),I Sort,Local,29/08/2026,3200,3200,3200
Tamil Nadu,Thirupur,Tiruppur (South) (Uzhavar Sandhai ),Coriander(Leaves),I Sort,Local,29/08/2026,2500,3000,2750
Tamil Nadu,Thiruvannamalai,Vandavasi(Uzhavar Sandhai ),Coriander(Leaves),I Sort,Local,29/08/2026,4000,5000,4500
Tamil Nadu,Thiruvannamalai,Cheyyar(Uzhavar Sandhai ),Coriander(Leaves),I Sort,Local,29/08/2026,4000,5000,4500
Tamil Nadu,Thirunelveli,NGO Colony(Uzhavar Sandhai ),Coriander(Leaves),I Sort,Local,29/08/2026,3000,4000,3500
Tamil Nadu,Madurai,Anna nagar(Uzhavar Sandhai ),Coriander(Leaves),I Sort,Local,29/08/2026,4000,4500,4250
Tamil Nadu,Virudhunagar,Thalavaipuram(Uzhavar Sandhai ),Coriander(Leaves),I Sort,Local,29/08/2026,3600,4500,4050
Tamil Nadu,Sivaganga,Karaikudi(Uzhavar Sandhai ),Coriander(Leaves),I Sort,Local,29/08/2026,4400,4800,4600
Tamil Nadu,Theni,Devaram(Uzhavar Sandhai ),Coriander(Leaves),I Sort,Local,29/08/2026,3000,3000,3000
Tamil Nadu,Karur,Vengamedu(Uzhavar Sandhai ),Coriander(Leaves),I Sort,Local,29/08/2026,5000,5500,5250
Tamil Nadu,Karur,Pallapatti (Uzhavar Sandhai ),Coriander(Leaves),I Sort,Local,29/08/2026,4500,5000,4750
Tamil Nadu,Karur,Velayuthampalayam(Uzhavar Sandhai ),Coriander(Leaves),I Sort,Local,29/08/2026,4500,5500,5000
Tamil Nadu,Pudukkottai,Ponnamaravathi(Uzhavar Sandhai),Coriander(Leaves),I Sort,Local,29/08/2026,4500,5000,4750
Tamil Nadu,Pudukkottai,Viralimalai(Uzhavar Sandhai ),Coriander(Leaves),I Sort,Local,29/08/2026,4500,5000,4750
Tamil Nadu,Kallakuruchi,Sankarapuram(Uzhavar Sandhai ),Coriander(Leaves),I Sort,Local,29/08/2026,6000,6000,6000
Tamil Nadu,Pudukkottai,Pudukottai(Uzhavar Sandhai ),Coriander(Leaves),I Sort,Local,29/08/2026,4000,5000,4500
Tamil Nadu,Nagapattinam,Sirkali(Uzhavar Sandhai ),Coriander(Leaves),I Sort,Local,29/08/2026,3500,4000,3750
Tamil Nadu,Cuddalore,Cuddalore(Uzhavar Sandhai ),Coriander(Leaves),I Sort,Local,29/08/2026,5000,5000,5000
Tamil Nadu,Thanjavur,Pattukottai(Uzhavar Sandhai ),Coriander(Leaves),I Sort,Local,29/08/2026,3400,3400,3400
Tamil Nadu,Coimbatore,Sundarapuram(Uzhavar Sandhai ),Coriander(Leaves),I Sort,Local,29/08/2026,3500,4000,3750
Tamil Nadu,Coimbatore,Vadavalli(Uzhavar Sandhai ),Coriander(Leaves),I Sort,Local,29/08/2026,3500,4000,3750
Tamil Nadu,Namakkal,Paramathivelur(Uzhavar Sandhai ),Coriander(Leaves),I Sort,Local,29/08/2026,7000,8000,7500
Tamil Nadu,Thirupur,Dharapuram(Uzhavar Sandhai ),Coriander(Leaves),I Sort,Local,29/08/2026,4000,4500,4250
Tamil Nadu,Theni,Bodinayakanur(Uzhavar Sandhai ),Coriander(Leaves),I Sort,Local,29/08/2026,3000,3000,3000
Tamil Nadu,Erode,Thalavadi(Uzhavar Sandhai ),Coriander(Leaves),I Sort,Local,29/08/2026,3500,4000,3750
Tamil Nadu,Salem,Vazhapadi(Uzhavar Sandhai),Coriander(Leaves),I Sort,Local,29/08/2026,4500,5000,4750
Tamil Nadu,Salem,Hasthampatti(Uzhavar Sandhai ),Coriander(Leaves),I Sort,Local,29/08/2026,1600,1800,1700
Tamil Nadu,Vellore,Vellore APMC,Coriander(Leaves),I Sort,Local,29/08/2026,3000,3000,3000
Tamil Nadu,Dharmapuri,Karimangalam(Uzhavar Sandhai),Coriander(Leaves),I Sort,Local,29/08/2026,4500,5000,4750
Tamil Nadu,Dharmapuri,AJattihalli(Uzhavar Sandhai ),Coriander(Leaves),I Sort,Local,29/08/2026,4000,5000,4500
Tamil Nadu,Cuddalore,Vadalur(Uzhavar Sandhai ),Coriander(Leaves),I Sort,Local,29/08/2026,4000,4000,4000
Tamil Nadu,Dharmapuri,Pennagaram(Uzhavar Sandhai ),Coriander(Leaves),I Sort,Local,29/08/2026,5500,6000,5750
Tamil Nadu,Thiruvellore,Tiruthani(Uzhavar Sandhai ),Coriander(Leaves),I Sort,Local,29/08/2026,4000,4000,4000
Tamil Nadu,Thiruchirappalli,Manachanallur(Uzhavar Sandhai ),Coriander(Leaves),I Sort,Local,29/08/2026,2800,2800,2800
Tamil Nadu,Madurai,Usilampatti(Uzhavar Sandhai ),Coriander(Leaves),I Sort,Local,29/08/2026,4000,4500,4250
Andhra Pradesh,Ananthapuramu,Gooti APMC,Red gram/Arhar/Tur(whole),Local,Grade Range-1,29/08/2026,5050,6650,5900
Tamil Nadu,Coimbatore,Singanallur(Uzhavar Sandhai ),Green Peas,Green Peas,Local,29/08/2026,23000,24000,23500
Tamil Nadu,Madurai,Palanganatham(Uzhavar Sandhai ),Green Peas,Green Peas,Local,29/08/2026,13000,14000,13500
Tamil Nadu,Tuticorin,Tuticorin(Uzhavar Sandhai ),Green Peas,Green Peas,Local,29/08/2026,19000,20000,19500
Tamil Nadu,Salem,Hasthampatti(Uzhavar Sandhai ),Green Peas,Green Peas,Local,29/08/2026,12500,13000,12750
Tamil Nadu,Dharmapuri,Dharmapuri(Uzhavar Sandhai ),Green Peas,Green Peas,Local,29/08/2026,17800,18400,18100
Tamil Nadu,Vellore,Thirupathur APMC,Green Peas,Green Peas,Local,29/08/2026,10000,10000,10000
Punjab,Hoshiarpur,Mukerian(Talwara) APMC,Field Pea,Field Pea,FAQ,29/08/2026,8000,10000,9000
Tamil Nadu,Madurai,Anaiyur(Uzhavar Sandhai ),Chikoos(Sapota),Sapota,Local,29/08/2026,5000,6000,5500
Tamil Nadu,Thiruvannamalai,Arani(Uzhavar Sandhai ),Chikoos(Sapota),Sapota,Local,29/08/2026,5000,6000,5500
Tamil Nadu,Virudhunagar,Thalavaipuram(Uzhavar Sandhai ),Chikoos(Sapota),Sapota,Local,29/08/2026,2800,3500,3150
Tamil Nadu,Virudhunagar,Rajapalayam(Uzhavar Sandhai ),Chikoos(Sapota),Sapota,Local,29/08/2026,3000,3500,3250
Tamil Nadu,Madurai,Melur(Uzhavar Sandhai ),Chikoos(Sapota),Sapota,Local,29/08/2026,4000,6000,5000
Tamil Nadu,Virudhunagar,Sivakasi(Uzhavar Sandhai ),Chikoos(Sapota),Sapota,Local,29/08/2026,3500,4000,3750
Tamil Nadu,Kallakuruchi,Sankarapuram(Uzhavar Sandhai ),Chikoos(Sapota),Sapota,Local,29/08/2026,5000,5000,5000
Tamil Nadu,Salem,Thathakapatti(Uzhavar Sandhai ),Papaya,Papaya,Local,29/08/2026,3500,4000,3750
Tamil Nadu,Coimbatore,Sundarapuram(Uzhavar Sandhai ),Papaya,Papaya,Local,29/08/2026,4000,4500,4250
Tamil Nadu,Namakkal,Mohanur(Uzhavar Sandhai ),Papaya,Papaya,Local,29/08/2026,3200,3600,3400
Tamil Nadu,Namakkal,Kumarapalayam(Uzhavar Sandhai ),Papaya,Papaya,Local,29/08/2026,2500,3000,2750
Tamil Nadu,Namakkal,Namakkal(Uzhavar Sandhai ),Papaya,Papaya,Local,29/08/2026,3000,3500,3250
Tamil Nadu,Thiruvannamalai,Cheyyar(Uzhavar Sandhai ),Papaya,Papaya,Local,29/08/2026,3200,4000,3600
Tamil Nadu,Virudhunagar,Thalavaipuram(Uzhavar Sandhai ),Papaya,Papaya,Local,29/08/2026,2800,3500,3150
Tamil Nadu,Salem,Jalagandapuram(Uzhavar Sandhai ),Papaya,Papaya,Local,29/08/2026,3000,3500,3250
Tamil Nadu,Pudukkottai,Ponnamaravathi(Uzhavar Sandhai),Papaya,Papaya,Local,29/08/2026,2500,3000,2750
Tamil Nadu,Vellore,Thirupathur APMC,Papaya,Papaya,Local,29/08/2026,4000,4000,4000
Tamil Nadu,Dharmapuri,Dharmapuri(Uzhavar Sandhai ),Papaya,Papaya,Local,29/08/2026,3500,3800,3650
Tamil Nadu,Dindigul,Chinnalapatti(Uzhavar Sandhai ),Papaya,Papaya,Local,29/08/2026,3000,4000,3500
Tamil Nadu,Tuticorin,Kovilpatti(Uzhavar Sandhai ),Papaya,Papaya,Local,29/08/2026,3500,4000,3750
Tamil Nadu,Salem,Thammampatti (Uzhavar Sandhai ),Papaya,Papaya,Local,29/08/2026,2500,3000,2750
Tamil Nadu,Krishnagiri,Hosur(Uzhavar Sandhai ),Papaya,Papaya,Local,29/08/2026,3500,4000,3750
Tamil Nadu,Chengalpattu,Nanganallur(Uzhavar Sandhai ),Papaya,Papaya,Local,29/08/2026,5500,6000,5750
Tamil Nadu,Erode,Sathiyamagalam(Uzhavar Sandhai ),Papaya,Papaya,Local,29/08/2026,2000,2400,2200
Tamil Nadu,Pudukkottai,Aranthangi(Uzhavar Sandhai ),Papaya,Papaya,Local,29/08/2026,2500,3000,2750
Tamil Nadu,Dharmapuri,Karimangalam(Uzhavar Sandhai),Papaya,Papaya,Local,29/08/2026,3300,3500,3400
Tamil Nadu,Salem,Attayampatti(Uzhavar Sandhai ),Papaya,Papaya,Local,29/08/2026,3500,4000,3750
Tamil Nadu,Sivaganga,Singampunari(Uzhavar Sandhai ),Papaya,Papaya,Local,29/08/2026,4200,4600,4400
Tamil Nadu,Salem,Athur(Uzhavar Sandhai ),Papaya,Papaya,Local,29/08/2026,3000,3500,3250
Tamil Nadu,Namakkal,Tiruchengode APMC,Papaya,Papaya,Local,29/08/2026,3000,3500,3250
Tamil Nadu,Thiruchirappalli,Manachanallur(Uzhavar Sandhai ),Papaya,Papaya,Local,29/08/2026,3500,4000,3750
Tamil Nadu,Pudukkottai,Viralimalai(Uzhavar Sandhai ),Papaya,Papaya,Local,29/08/2026,3000,3500,3250
Tamil Nadu,Vellore,Vellore APMC,Papaya,Papaya,Local,29/08/2026,4000,4500,4250
Tamil Nadu,Namakkal,Tiruchengode APMC,Water Melon,Water Melon,Local,29/08/2026,800,1000,900
Tamil Nadu,Salem,Mettur(Uzhavar Sandhai ),Water Melon,Water Melon,Local,29/08/2026,2500,3000,2750
Tamil Nadu,Coimbatore,Vadavalli(Uzhavar Sandhai ),Water Melon,Water Melon,Local,29/08/2026,1500,2000,1750
Tamil Nadu,Dindigul,Palani(Uzhavar Sandhai ),Water Melon,Water Melon,Local,29/08/2026,1500,2000,1750
Punjab,Bhatinda,Rampuraphul(Nabha Mandi) APMC,Mousambi(Sweet Lime),Mousambi,Grade A,29/08/2026,3000,5000,4000
Tamil Nadu,Vellore,Vellore APMC,Mousambi(Sweet Lime),Mousambi,Local,29/08/2026,7000,7000,7000
Tamil Nadu,Salem,Edapadi (Uzhavar Sandhai ),Mousambi(Sweet Lime),Mousambi,Local,29/08/2026,2800,3000,2900
Tamil Nadu,Madurai,Anna nagar(Uzhavar Sandhai ),Mousambi(Sweet Lime),Mousambi,Local,29/08/2026,6500,7000,6750
Tamil Nadu,Perambalur,Perambalur(Uzhavar Sandhai ),Mousambi(Sweet Lime),Mousambi,Local,29/08/2026,8000,9000,8500
Tamil Nadu,The Nilgiris,Udhagamandalam(Uzhavar Sandhai ),Mousambi(Sweet Lime),Mousambi,Local,29/08/2026,8000,10000,9000
Tamil Nadu,Salem,Hasthampatti(Uzhavar Sandhai ),Mousambi(Sweet Lime),Mousambi,Local,29/08/2026,3000,3500,3250
Tamil Nadu,Cuddalore,Panruti(Uzhavar Sandhai ),Tomato,Deshi,Local,29/08/2026,2000,2000,2000
Tamil Nadu,Namakkal,Mohanur(Uzhavar Sandhai ),Tomato,Deshi,Local,29/08/2026,2400,2800,2600
Tamil Nadu,Coimbatore,Mettupalayam(Uzhavar Sandhai ),Tomato,Deshi,Local,29/08/2026,1500,2000,1750
Tamil Nadu,Thiruvannamalai,Tamarainagar(Uzhavar Sandhai ),Tomato,Deshi,Local,29/08/2026,2300,2700,2500
Tamil Nadu,Dindigul,Palani(Uzhavar Sandhai ),Tomato,Deshi,Local,29/08/2026,700,1500,1100
Tamil Nadu,Ariyalur,Jeyankondam (Uzhavar Sandhai ),Tomato,Deshi,Local,29/08/2026,2000,2500,2250
Tamil Nadu,Virudhunagar,Sivakasi(Uzhavar Sandhai ),Tomato,Deshi,Local,29/08/2026,1500,2000,1750
Tamil Nadu,Sivaganga,Devakottai (Uzhavar Sandhai ),Tomato,Deshi,Local,29/08/2026,2200,2500,2350
Tamil Nadu,Madurai,Anaiyur(Uzhavar Sandhai ),Tomato,Deshi,Local,29/08/2026,2000,2400,2200
Tamil Nadu,Salem,Thammampatti (Uzhavar Sandhai ),Tomato,Deshi,Local,29/08/2026,1500,2000,1750
Tamil Nadu,Vellore,Vellore APMC,Tomato,Deshi,Local,29/08/2026,2200,2400,2300
Tamil Nadu,Thiruvarur,Needamangalam(Uzhavar Sandhai ),Tomato,Deshi,Local,29/08/2026,2400,2400,2400
Tamil Nadu,Thanjavur,Pattukottai(Uzhavar Sandhai ),Tomato,Deshi,Local,29/08/2026,2800,2800,2800
Tamil Nadu,Theni,Devaram(Uzhavar Sandhai ),Tomato,Deshi,Local,29/08/2026,1800,1800,1800
Tamil Nadu,Virudhunagar,Rajapalayam(Uzhavar Sandhai ),Tomato,Deshi,Local,29/08/2026,1500,1800,1650
Tamil Nadu,Dharmapuri,Palacode(Uzhavar Sandhai ),Tomato,Local,Local,29/08/2026,1800,2000,1900
Tamil Nadu,Kancheepuram,Kancheepuram(Uzhavar Sandhai ),Tomato,Local,Local,29/08/2026,1600,2400,2000
Tamil Nadu,Nagercoil (Kannyiakumari),Vadaseri APMC,Tomato,Local,Local,29/08/2026,2200,2500,2350
Tamil Nadu,Salem,Hasthampatti(Uzhavar Sandhai ),Tomato,Local,Local,29/08/2026,1600,2000,1800
Uttarakhand,Haridwar,Haridwar Union APMC,Tomato,Other,Medium,29/08/2026,1200,2200,1600
Tamil Nadu,Thiruchirappalli,Thuraiyur APMC,Tomato,Other,Local,29/08/2026,2000,2400,2200
Tamil Nadu,Theni,Theni(Uzhavar Sandhai ),Tomato,Other,Local,29/08/2026,2000,2000,2000
Tamil Nadu,Pudukkottai,Alangudi(Uzhavar Sandhai ),Tomato,Other,Local,29/08/2026,2000,2500,2250
Tamil Nadu,Thirupur,Tiruppur (South) (Uzhavar Sandhai ),Cluster beans,Cluster Beans,Local,29/08/2026,3000,4000,3500
Tamil Nadu,Theni,Devaram(Uzhavar Sandhai ),Cluster beans,Cluster Beans,Local,29/08/2026,3000,3000,3000
Tamil Nadu,Thirupur,Palladam(Uzhavar Sandhai ),Cluster beans,Cluster Beans,Local,29/08/2026,3500,4000,3750
Tamil Nadu,Tuticorin,Kovilpatti(Uzhavar Sandhai ),Cluster beans,Cluster Beans,Local,29/08/2026,3500,4000,3750
Tamil Nadu,Madurai,Palanganatham(Uzhavar Sandhai ),Cluster beans,Cluster Beans,Local,29/08/2026,3000,3600,3300
Tamil Nadu,Krishnagiri,Krishnagiri(Uzhavar Sandhai ),Cluster beans,Cluster Beans,Local,29/08/2026,2500,3000,2750
Tamil Nadu,Salem,Thammampatti (Uzhavar Sandhai ),Cluster beans,Cluster Beans,Local,29/08/2026,4000,4000,4000
Tamil Nadu,Dindigul,Palani(Uzhavar Sandhai ),Cluster beans,Cluster Beans,Local,29/08/2026,2600,3000,2800
Tamil Nadu,Thiruvannamalai,Polur(Uzhavar Sandhai ),Cluster beans,Cluster Beans,Local,29/08/2026,4000,4800,4400
Tamil Nadu,Virudhunagar,Kariyapatti(Uzhavar Sandhai ),Cluster beans,Cluster Beans,Local,29/08/2026,3500,4000,3750
Tamil Nadu,Salem,Elampillai(Uzhavar Sandhai ),Cluster beans,Cluster Beans,Local,29/08/2026,3000,3500,3250
Tamil Nadu,Ramanathapuram,Ramanathapuram(Uzhavar Sandhai ),Cluster beans,Cluster Beans,Local,29/08/2026,4000,4500,4250
Tamil Nadu,Cuddalore,Viruthachalam(Uzhavar Sandhai ),Cluster beans,Cluster Beans,Local,29/08/2026,4000,4000,4000
Tamil Nadu,Thirunelveli,NGO Colony(Uzhavar Sandhai ),Cluster beans,Cluster Beans,Local,29/08/2026,2000,3000,2500
Tamil Nadu,Vellore,Vellore APMC,Cluster beans,Cluster Beans,Local,29/08/2026,2500,2500,2500
Tamil Nadu,Nagapattinam,Sirkali(Uzhavar Sandhai ),Cluster beans,Cluster Beans,Local,29/08/2026,4500,5000,4750
Tamil Nadu,Namakkal,Mohanur(Uzhavar Sandhai ),Cluster beans,Cluster Beans,Local,29/08/2026,4400,4800,4600
Tamil Nadu,Thirupur,Kangayam(Uzhavar Sandhai ),Cluster beans,Cluster Beans,Local,29/08/2026,4500,5000,4750
Tamil Nadu,Thiruvannamalai,Arani(Uzhavar Sandhai ),Cluster beans,Cluster Beans,Local,29/08/2026,3500,4200,3850
Tamil Nadu,Salem,Jalagandapuram(Uzhavar Sandhai ),Cluster beans,Cluster Beans,Local,29/08/2026,3000,3400,3200
Tamil Nadu,Dharmapuri,AJattihalli(Uzhavar Sandhai ),Cluster beans,Cluster Beans,Local,29/08/2026,2500,2500,2500
Tamil Nadu,Cuddalore,Panruti(Uzhavar Sandhai ),Cluster beans,Cluster Beans,Local,29/08/2026,4000,4000,4000
Tamil Nadu,Thiruvarur,Needamangalam(Uzhavar Sandhai ),Cluster beans,Cluster Beans,Local,29/08/2026,4000,4000,4000
Tamil Nadu,Thanjavur,Kumbakonam (Uzhavar Sandhai ),Cluster beans,Cluster Beans,Local,29/08/2026,4800,4800,4800
Tamil Nadu,Chengalpattu,Nanganallur(Uzhavar Sandhai ),Bitter gourd,Bitter Gourd,Local,29/08/2026,4500,5000,4750
Tamil Nadu,Sivaganga,Sivagangai (Uzhavar Sandhai ),Bitter gourd,Bitter Gourd,Local,29/08/2026,5800,6200,6000
Tamil Nadu,Kancheepuram,Kundrathur(Uzhavar Sandhai ),Bitter gourd,Bitter Gourd,Local,29/08/2026,4000,4000,4000
Tamil Nadu,Nagercoil (Kannyiakumari),Myladi(Uzhavar Sandhai ),Bitter gourd,Bitter Gourd,Local,29/08/2026,6500,7000,6750
Tamil Nadu,Nagercoil (Kannyiakumari),Vadaseri APMC,Bitter gourd,Bitter Gourd,Local,29/08/2026,5500,6000,5750
Tamil Nadu,Virudhunagar,Rajapalayam(Uzhavar Sandhai ),Bitter gourd,Bitter Gourd,Local,29/08/2026,7000,8000,7500
Tamil Nadu,Cuddalore,Panruti(Uzhavar Sandhai ),Bitter gourd,Bitter Gourd,Local,29/08/2026,5000,5000,5000
Tamil Nadu,The Nilgiris,Gudalur(Uzhavar Sandhai ),Bitter gourd,Bitter Gourd,Local,29/08/2026,5400,5800,5600
Tamil Nadu,Vellore,Pallikonda(Uzhavar Sandhai),Bitter gourd,Bitter Gourd,Local,29/08/2026,4500,4500,4500
Tamil Nadu,Madurai,Anna nagar(Uzhavar Sandhai ),Bitter gourd,Bitter Gourd,Local,29/08/2026,5000,7000,6000
Tamil Nadu,Coimbatore,Sundarapuram(Uzhavar Sandhai ),Bitter gourd,Bitter Gourd,Local,29/08/2026,5500,6000,5750
Tamil Nadu,Thirupur,Dharapuram(Uzhavar Sandhai ),Bitter gourd,Bitter Gourd,Local,29/08/2026,6000,6400,6200
Tamil Nadu,Thiruvannamalai,Tiruvannamalai(Uzhavar Sandhai ),Bitter gourd,Bitter Gourd,Local,29/08/2026,4000,5000,4500
Tamil Nadu,Krishnagiri,Denkanikottai(Uzhavar Sandhai ),Bitter gourd,Bitter Gourd,Local,29/08/2026,4500,5000,4750
Tamil Nadu,Namakkal,Kumarapalayam(Uzhavar Sandhai ),Bitter gourd,Bitter Gourd,Local,29/08/2026,5000,5500,5250
Tamil Nadu,Coimbatore,Kurichi(Uzhavar Sandhai ),Bitter gourd,Bitter Gourd,Local,29/08/2026,5500,6000,5750
Tamil Nadu,Thiruvannamalai,Chengam(Uzhavar Sandhai ),Bitter gourd,Bitter Gourd,Local,29/08/2026,5000,6000,5500
Tamil Nadu,Krishnagiri,Krishnagiri(Uzhavar Sandhai ),Bitter gourd,Bitter Gourd,Local,29/08/2026,3000,4000,3500
Tamil Nadu,Villupuram,Ulundurpettai APMC,Bitter gourd,Bitter Gourd,Local,29/08/2026,6000,6000,6000
Tamil Nadu,Vellore,Vellore APMC,Bitter gourd,Bitter Gourd,Local,29/08/2026,3500,4500,4000
Tamil Nadu,Kallakuruchi,Kallakurichi(Uzhavar Sandhai ),Bitter gourd,Bitter Gourd,Local,29/08/2026,6000,6000,6000
Andaman and Nicobar,North and Middle Andaman ,Diglipur Vegetable Market (Subhashgram),Bitter gourd,Other,FAQ,29/08/2026,2500,5000,3500
Uttarakhand,Haridwar,Roorkee APMC,Bitter gourd,Other,Local,29/08/2026,650,850,750
Tamil Nadu,Pudukkottai,Pudukottai(Uzhavar Sandhai ),Bitter gourd,Other,Local,29/08/2026,8000,9000,8500
Tamil Nadu,Thirupur,Kangayam(Uzhavar Sandhai ),Bitter gourd,Other,Local,29/08/2026,5500,6000,5750
Tamil Nadu,Thiruvannamalai,Cheyyar(Uzhavar Sandhai ),Bitter gourd,Other,Local,29/08/2026,3200,4000,3600
Tamil Nadu,The Nilgiris,Coonoor(Uzhavar Sandhai ),Bitter gourd,Other,Local,29/08/2026,4500,5000,4750
Tamil Nadu,Coimbatore,RSPuram(Uzhavar Sandhai ),Bitter gourd,Other,Local,29/08/2026,4000,4800,4400
Tamil Nadu,Coimbatore,Vadavalli(Uzhavar Sandhai ),Bitter gourd,Other,Local,29/08/2026,4000,4800,4400
Tamil Nadu,Namakkal,Tiruchengode APMC,Bitter gourd,Other,Local,29/08/2026,5400,6000,5700
Tamil Nadu,Salem,Elampillai(Uzhavar Sandhai ),Bitter gourd,Other,Local,29/08/2026,4500,5000,4750
Odisha,Sundergarh,Panposh APMC,Bottle gourd,Bottle Gourd,FAQ,29/08/2026,2000,2500,2200
Tamil Nadu,Villupuram,Gingee(Uzhavar Sandhai ),Bottle gourd,Bottle Gourd,Local,29/08/2026,2500,2500,2500
Tamil Nadu,Salem,Athur(Uzhavar Sandhai ),Bottle gourd,Bottle Gourd,Local,29/08/2026,2200,2500,2350
Tamil Nadu,Thanjavur,Kumbakonam (Uzhavar Sandhai ),Bottle gourd,Bottle Gourd,Local,29/08/2026,2400,2400,2400
Tamil Nadu,Coimbatore,Udumalpet APMC,Bottle gourd,Bottle Gourd,Local,29/08/2026,1500,2200,1850
Tamil Nadu,Dindigul,Chinnalapatti(Uzhavar Sandhai ),Bottle gourd,Bottle Gourd,Local,29/08/2026,2500,3000,2750
Tamil Nadu,Virudhunagar,Sivakasi(Uzhavar Sandhai ),Bottle gourd,Bottle Gourd,Local,29/08/2026,2500,3000,2750
Tamil Nadu,Salem,Hasthampatti(Uzhavar Sandhai ),Bottle gourd,Bottle Gourd,Local,29/08/2026,2500,3000,2750
Tamil Nadu,Dharmapuri,Palacode(Uzhavar Sandhai ),Bottle gourd,Bottle Gourd,Local,29/08/2026,1800,2000,1900
Tamil Nadu,Nagapattinam,Mayiladuthurai(Uzhavar Sandhai ),Bottle gourd,Bottle Gourd,Local,29/08/2026,2500,3000,2750
Tamil Nadu,Thiruvarur,Valangaiman APMC,Bottle gourd,Bottle Gourd,Local,29/08/2026,3000,3000,3000
Tamil Nadu,Coimbatore,Sundarapuram(Uzhavar Sandhai ),Bottle gourd,Bottle Gourd,Local,29/08/2026,2800,3200,3000
Tamil Nadu,Theni,Chinnamanur(Uzhavar Sandhai ),Bottle gourd,Bottle Gourd,Local,29/08/2026,2600,2600,2600
Tamil Nadu,Karur,Gandhigramam(Uzhavar Sandhai),Bottle gourd,Bottle Gourd,Local,29/08/2026,2500,3000,2750
Tamil Nadu,Karur,Pallapatti (Uzhavar Sandhai ),Bottle gourd,Bottle Gourd,Local,29/08/2026,2500,3000,2750
Tamil Nadu,Madurai,Anaiyur(Uzhavar Sandhai ),Bottle gourd,Bottle Gourd,Local,29/08/2026,2800,3000,2900
Tamil Nadu,Kallakuruchi,Sankarapuram(Uzhavar Sandhai ),Bottle gourd,Bottle Gourd,Local,29/08/2026,1500,1500,1500
Tamil Nadu,Salem,Attayampatti(Uzhavar Sandhai ),Bottle gourd,Bottle Gourd,Local,29/08/2026,2800,3000,2900
Tamil Nadu,Salem,Sooramangalam(Uzhavar Sandhai ),Bottle gourd,Bottle Gourd,Local,29/08/2026,2000,3000,2500
Tamil Nadu,Namakkal,Kumarapalayam(Uzhavar Sandhai ),Bottle gourd,Bottle Gourd,Local,29/08/2026,1800,2000,1900
Tamil Nadu,Perambalur,Perambalur(Uzhavar Sandhai ),Bottle gourd,Bottle Gourd,Local,29/08/2026,1800,2200,2000
Tamil Nadu,Thiruvannamalai,Polur(Uzhavar Sandhai ),Bottle gourd,Bottle Gourd,Local,29/08/2026,1600,2000,1800
Tamil Nadu,Virudhunagar,Thalavaipuram(Uzhavar Sandhai ),Bottle gourd,Bottle Gourd,Local,29/08/2026,1600,2000,1800
Tamil Nadu,Dharmapuri,Karimangalam(Uzhavar Sandhai),Bottle gourd,Bottle Gourd,Local,29/08/2026,2300,2500,2400
Tamil Nadu,Dharmapuri,Dharmapuri(Uzhavar Sandhai ),Bottle gourd,Bottle Gourd,Local,29/08/2026,1500,1600,1550
Tamil Nadu,Sivaganga,Sivagangai (Uzhavar Sandhai ),Bottle gourd,Bottle Gourd,Local,29/08/2026,2800,3200,3000
Tamil Nadu,Namakkal,Tiruchengode APMC,Bottle gourd,Bottle Gourd,Local,29/08/2026,1800,2000,1900
Punjab,Mohali,Lalru APMC,Bottle gourd,Other,Local,29/08/2026,2000,2000,2000
Tamil Nadu,Nagapattinam,Mayiladuthurai(Uzhavar Sandhai ),Ashgourd,Gouard,Local,29/08/2026,1500,2000,1750
Tamil Nadu,Karur,Pallapatti (Uzhavar Sandhai ),Ashgourd,Gouard,Local,29/08/2026,2000,2500,2250
Tamil Nadu,Namakkal,Namakkal(Uzhavar Sandhai ),Ashgourd,Gouard,Local,29/08/2026,2000,2400,2200
Tamil Nadu,Thiruvannamalai,Vandavasi(Uzhavar Sandhai ),Ashgourd,Gouard,Local,29/08/2026,2000,2500,2250
Tamil Nadu,Thiruvannamalai,Arani(Uzhavar Sandhai ),Ashgourd,Gouard,Local,29/08/2026,2000,2500,2250
Tamil Nadu,Kallakuruchi,Sankarapuram(Uzhavar Sandhai ),Ashgourd,Gouard,Local,29/08/2026,3000,3000,3000
Tamil Nadu,Pudukkottai,Alangudi(Uzhavar Sandhai ),Ashgourd,Gouard,Local,29/08/2026,1000,1500,1250
Tamil Nadu,Dharmapuri,Dharmapuri(Uzhavar Sandhai ),Ashgourd,Gouard,Local,29/08/2026,1500,1600,1550
Tamil Nadu,Coimbatore,Sulur(Uzhavar Sandhai ),Ashgourd,Gouard,Local,29/08/2026,1500,2000,1750
Tamil Nadu,Perambalur,Perambalur(Uzhavar Sandhai ),Ashgourd,Gouard,Local,29/08/2026,2000,2500,2250
Tamil Nadu,Thirupur,Palladam(Uzhavar Sandhai ),Ashgourd,Gouard,Local,29/08/2026,2000,2500,2250
Tamil Nadu,Madurai,Chokkikulam(Uzhavar Sandhai ),Ashgourd,Gouard,Local,29/08/2026,1600,2000,1800
Tamil Nadu,Vellore,Perampet(Uzhavar Sandhai),Ashgourd,Gouard,Local,29/08/2026,2400,2400,2400
Tamil Nadu,Krishnagiri,Denkanikottai(Uzhavar Sandhai ),Ashgourd,Gouard,Local,29/08/2026,1500,2000,1750
Tamil Nadu,Salem,Thammampatti (Uzhavar Sandhai ),Ashgourd,Gouard,Local,29/08/2026,2000,2000,2000
Tamil Nadu,Virudhunagar,Sivakasi(Uzhavar Sandhai ),Ashgourd,Gouard,Local,29/08/2026,2500,3000,2750
Tamil Nadu,Sivaganga,Karaikudi(Uzhavar Sandhai ),Ashgourd,Gouard,Local,29/08/2026,2000,2400,2200
Tamil Nadu,Theni,Bodinayakanur(Uzhavar Sandhai ),Ashgourd,Gouard,Local,29/08/2026,2000,2000,2000
Tamil Nadu,Nagercoil (Kannyiakumari),Vadaseri APMC,Ashgourd,Gouard,Local,29/08/2026,2200,2500,2350
Tamil Nadu,Pudukkottai,Aranthangi(Uzhavar Sandhai ),Ashgourd,Gouard,Local,29/08/2026,1000,1500,1250
Tamil Nadu,Salem,Attayampatti(Uzhavar Sandhai ),Ashgourd,Gouard,Local,29/08/2026,2000,2400,2200
Tamil Nadu,Sivaganga,Singampunari(Uzhavar Sandhai ),Ashgourd,Gouard,Local,29/08/2026,1800,2200,2000
Tamil Nadu,Namakkal,Tiruchengode APMC,Ashgourd,Gouard,Local,29/08/2026,2200,2400,2300
Tamil Nadu,Thiruvannamalai,Chengam(Uzhavar Sandhai ),Ashgourd,Gouard,Local,29/08/2026,2000,2500,2250
Tamil Nadu,Thiruchirappalli,Lalgudi(Uzhavar Sandhai ),Ashgourd,Gouard,Local,29/08/2026,2000,2000,2000
Tamil Nadu,Thiruchirappalli,Thiruverumbur(Uzhavar Sandhai ),Ashgourd,Gouard,Local,29/08/2026,2000,2000,2000
Andaman and Nicobar,North and Middle Andaman ,Diglipur Vegetable Market (Subhashgram),Ashgourd,Other,FAQ,29/08/2026,2500,5000,3500
Uttarakhand,Haridwar,Roorkee APMC,Pumpkin,Other,Local,29/08/2026,400,600,500
Odisha,Sundergarh,Panposh APMC,Pumpkin,Other,FAQ,29/08/2026,1000,1400,1200
Himachal Pradesh,Kangra,SMY Baijnath,Pumpkin,Other,Grade A,29/08/2026,2400,2600,2500
Tamil Nadu,Erode,Perundurai(Uzhavar Sandhai ),Pumpkin,Pumpkin,Local,29/08/2026,2200,2500,2350
Tamil Nadu,Salem,Edapadi (Uzhavar Sandhai ),Pumpkin,Pumpkin,Local,29/08/2026,2200,2500,2350
Tamil Nadu,Virudhunagar,Thalavaipuram(Uzhavar Sandhai ),Pumpkin,Pumpkin,Local,29/08/2026,2000,2500,2250
Tamil Nadu,Nagapattinam,Nagapattinam(Uzhavar Sandhai ),Pumpkin,Pumpkin,Local,29/08/2026,3000,3500,3250
Tamil Nadu,Thiruvarur,Needamangalam(Uzhavar Sandhai ),Pumpkin,Pumpkin,Local,29/08/2026,2800,2800,2800
Tamil Nadu,Sivaganga,Karaikudi(Uzhavar Sandhai ),Pumpkin,Pumpkin,Local,29/08/2026,2000,2400,2200
Tamil Nadu,Namakkal,Rasipuram(Uzhavar Sandhai ),Pumpkin,Pumpkin,Local,29/08/2026,2400,2800,2600
Tamil Nadu,Karur,Velayuthampalayam(Uzhavar Sandhai ),Pumpkin,Pumpkin,Local,29/08/2026,2400,3000,2700
Tamil Nadu,Karur,Karur(Uzhavar Sandhai ),Pumpkin,Pumpkin,Local,29/08/2026,2500,3000,2750
Tamil Nadu,Pudukkottai,Viralimalai(Uzhavar Sandhai ),Pumpkin,Pumpkin,Local,29/08/2026,1000,1500,1250
Tamil Nadu,Krishnagiri,Krishnagiri(Uzhavar Sandhai ),Pumpkin,Pumpkin,Local,29/08/2026,1500,2000,1750
Tamil Nadu,Kallakuruchi,Sankarapuram(Uzhavar Sandhai ),Pumpkin,Pumpkin,Local,29/08/2026,2500,2500,2500
Tamil Nadu,Cuddalore,Cuddalore(Uzhavar Sandhai ),Pumpkin,Pumpkin,Local,29/08/2026,2000,2000,2000
Tamil Nadu,Thirupur,Dharapuram(Uzhavar Sandhai ),Pumpkin,Pumpkin,Local,29/08/2026,2000,2500,2250
Tamil Nadu,Pudukkottai,Gandarvakottai(Uzhavar Sandhai ),Pumpkin,Pumpkin,Local,29/08/2026,1000,1500,1250
Tamil Nadu,Vellore,Vellore APMC,Pumpkin,Pumpkin,Local,29/08/2026,2500,2500,2500
Tamil Nadu,Kallakuruchi,Kallakurichi(Uzhavar Sandhai ),Pumpkin,Pumpkin,Local,29/08/2026,2500,2500,2500
Tamil Nadu,Nagapattinam,Vedaranyam(Uzhavar Sandhai),Pumpkin,Pumpkin,Local,29/08/2026,2500,3000,2750
Tamil Nadu,Ranipet,Arcot(Uzhavar Sandhai ),Pumpkin,Pumpkin,Local,29/08/2026,3000,3000,3000
Tamil Nadu,Thanjavur,Kumbakonam (Uzhavar Sandhai ),Pumpkin,Pumpkin,Local,29/08/2026,2400,2400,2400
Tamil Nadu,Salem,Ammapet(Uzhavar Sandhai ),Pumpkin,Pumpkin,Local,29/08/2026,2000,2400,2200
Tamil Nadu,Perambalur,Perambalur(Uzhavar Sandhai ),Pumpkin,Pumpkin,Local,29/08/2026,2000,2500,2250
Tamil Nadu,Namakkal,Namakkal(Uzhavar Sandhai ),Pumpkin,Pumpkin,Local,29/08/2026,2000,2400,2200
Chandigarh,Chandigarh,Chandigarh (Grain/F&V) APMC,Pumpkin,Pumpkin,FAQ,29/08/2026,800,1000,900
Uttar Pradesh,Mau(Maunathbhanjan),Kopaganj APMC,Bhindi(Ladies Finger),Bhindi,FAQ,29/08/2026,1587,1600,1590
Tamil Nadu,Villupuram,Tindivanam APMC,Bhindi(Ladies Finger),Bhindi,Local,29/08/2026,2500,2500,2500
Tamil Nadu,Nagapattinam,Nagapattinam(Uzhavar Sandhai ),Bhindi(Ladies Finger),Bhindi,Local,29/08/2026,5500,6500,6000
Tamil Nadu,Chengalpattu,Pallavaram(Uzhavar Sandhai ),Bhindi(Ladies Finger),Bhindi,Local,29/08/2026,3500,4000,3750
Tamil Nadu,Coimbatore,Kurichi(Uzhavar Sandhai ),Bhindi(Ladies Finger),Bhindi,Local,29/08/2026,4000,4500,4250
Tamil Nadu,Ariyalur,Jeyankondam (Uzhavar Sandhai ),Bhindi(Ladies Finger),Bhindi,Local,29/08/2026,3500,4000,3750
Tamil Nadu,Thiruchirappalli,Lalgudi(Uzhavar Sandhai ),Bhindi(Ladies Finger),Bhindi,Local,29/08/2026,4000,4000,4000
Tamil Nadu,Nagercoil (Kannyiakumari),Vadaseri APMC,Bhindi(Ladies Finger),Bhindi,Local,29/08/2026,3500,4000,3750
Tamil Nadu,Kallakuruchi,Kallakurichi(Uzhavar Sandhai ),Bhindi(Ladies Finger),Bhindi,Local,29/08/2026,3000,3000,3000
Tamil Nadu,Pudukkottai,Pudukottai(Uzhavar Sandhai ),Bhindi(Ladies Finger),Bhindi,Local,29/08/2026,3000,4000,3500
Tamil Nadu,Nagapattinam,Vedaranyam(Uzhavar Sandhai),Bhindi(Ladies Finger),Bhindi,Local,29/08/2026,4400,5500,4950
Tamil Nadu,Salem,Ammapet(Uzhavar Sandhai ),Bhindi(Ladies Finger),Bhindi,Local,29/08/2026,2500,3000,2750
Tamil Nadu,Thanjavur,Pattukottai(Uzhavar Sandhai ),Bhindi(Ladies Finger),Bhindi,Local,29/08/2026,4400,4400,4400
Tamil Nadu,Sivaganga,Sivagangai (Uzhavar Sandhai ),Bhindi(Ladies Finger),Bhindi,Local,29/08/2026,2800,3200,3000
Tamil Nadu,Namakkal,Paramathivelur(Uzhavar Sandhai ),Bhindi(Ladies Finger),Bhindi,Local,29/08/2026,4000,5000,4500
Tamil Nadu,Theni,Kambam(Uzhavar Sandhai ),Bhindi(Ladies Finger),Bhindi,Local,29/08/2026,3000,3000,3000
Tamil Nadu,Pudukkottai,Karambakkudi(Uzhavar Sandhai ),Bhindi(Ladies Finger),Bhindi,Local,29/08/2026,3500,4000,3750
Tamil Nadu,Pudukkottai,Alangudi(Uzhavar Sandhai ),Bhindi(Ladies Finger),Bhindi,Local,29/08/2026,3500,4000,3750
Tamil Nadu,Nagapattinam,Mayiladuthurai(Uzhavar Sandhai ),Bhindi(Ladies Finger),Bhindi,Local,29/08/2026,4500,5000,4750
Tamil Nadu,Sivaganga,Tirupatthur(Uzhavar Sandhai ),Bhindi(Ladies Finger),Bhindi,Local,29/08/2026,3000,3500,3250
Tamil Nadu,Coimbatore,Udumalpet APMC,Bhindi(Ladies Finger),Bhindi,Local,29/08/2026,4000,4800,4400
Tamil Nadu,Karur,Velayuthampalayam(Uzhavar Sandhai ),Bhindi(Ladies Finger),Bhindi,Local,29/08/2026,2800,3500,3150
Tamil Nadu,Thiruchirappalli,Musiri(Uzhavar Sandhai ),Bhindi(Ladies Finger),Bhindi,Local,29/08/2026,3600,4000,3800
Tamil Nadu,Virudhunagar,Sivakasi(Uzhavar Sandhai ),Bhindi(Ladies Finger),Bhindi,Local,29/08/2026,3500,4000,3750
Tamil Nadu,Pudukkottai,Gandarvakottai(Uzhavar Sandhai ),Bhindi(Ladies Finger),Bhindi,Local,29/08/2026,3500,4000,3750
Tamil Nadu,Dharmapuri,Palacode(Uzhavar Sandhai ),Bhindi(Ladies Finger),Bhindi,Local,29/08/2026,2500,2800,2650
Tamil Nadu,Chengalpattu,Thirukalukundram(Uzhavar Sandhai ),Bhindi(Ladies Finger),Bhindi,Local,29/08/2026,4000,4500,4250
Tamil Nadu,Theni,Chinnamanur(Uzhavar Sandhai ),Bhindi(Ladies Finger),Bhindi,Local,29/08/2026,3000,3000,3000
Tamil Nadu,Namakkal,Rasipuram(Uzhavar Sandhai ),Bhindi(Ladies Finger),Bhindi,Local,29/08/2026,3800,4500,4150
Tamil Nadu,Thiruchirappalli,Manachanallur(Uzhavar Sandhai ),Bhindi(Ladies Finger),Bhindi,Local,29/08/2026,3500,4000,3750
Tamil Nadu,Thiruvannamalai,Cheyyar(Uzhavar Sandhai ),Bhindi(Ladies Finger),Bhindi,Local,29/08/2026,3200,4000,3600
Tamil Nadu,Madurai,Chokkikulam(Uzhavar Sandhai ),Bhindi(Ladies Finger),Bhindi,Local,29/08/2026,2500,3000,2750
Tamil Nadu,Tuticorin,Tuticorin(Uzhavar Sandhai ),Bhindi(Ladies Finger),Bhindi,Local,29/08/2026,3000,3500,3250
Tamil Nadu,Salem,Attayampatti(Uzhavar Sandhai ),Bhindi(Ladies Finger),Bhindi,Local,29/08/2026,3600,3600,3600
Tamil Nadu,Kallakuruchi,Sankarapuram(Uzhavar Sandhai ),Amaranthus,Amaranthus,Local,29/08/2026,4000,4000,4000
Tamil Nadu,Nagapattinam,Sirkali(Uzhavar Sandhai ),Amaranthus,Amaranthus,Local,29/08/2026,1500,2000,1750
Tamil Nadu,Cuddalore,Cuddalore(Uzhavar Sandhai ),Amaranthus,Amaranthus,Local,29/08/2026,2000,3000,2500
Tamil Nadu,The Nilgiris,Udhagamandalam(Uzhavar Sandhai ),Amaranthus,Amaranthus,Local,29/08/2026,5500,6000,5750
Tamil Nadu,Nagercoil (Kannyiakumari),Myladi(Uzhavar Sandhai ),Amaranthus,Amaranthus,Local,29/08/2026,1200,1500,1350
Tamil Nadu,Madurai,Melur(Uzhavar Sandhai ),Amaranthus,Amaranthus,Local,29/08/2026,3000,3600,3300
Tamil Nadu,Erode,Gobichettipalayam(Uzhavar Sandhai ),Amaranthus,Amaranthus,Local,29/08/2026,4200,4500,4350
Tamil Nadu,Vellore,Kahithapattarai(Uzhavar Sandhai ),Amaranthus,Amaranthus,Local,29/08/2026,3000,3600,3300
Tamil Nadu,Pudukkottai,Gandarvakottai(Uzhavar Sandhai ),Amaranthus,Amaranthus,Local,29/08/2026,1000,1500,1250
Tamil Nadu,Salem,Hasthampatti(Uzhavar Sandhai ),Amaranthus,Amaranthus,Local,29/08/2026,2000,2400,2200
Tamil Nadu,Thanjavur,Kumbakonam (Uzhavar Sandhai ),Amaranthus,Amaranthus,Local,29/08/2026,2000,2000,2000
Tamil Nadu,Nagercoil (Kannyiakumari),Vadaseri APMC,Amaranthus,Amaranthus,Local,29/08/2026,1500,2000,1750
Tamil Nadu,Madurai,Palanganatham(Uzhavar Sandhai ),Amaranthus,Amaranthus,Local,29/08/2026,3000,3600,3300
Tamil Nadu,Vellore,Pallikonda(Uzhavar Sandhai),Amaranthus,Amaranthus,Local,29/08/2026,3000,3500,3250
Tamil Nadu,Thiruvellore,Naravarikuppam(Uzhavar Sandhai ),Amaranthus,Amaranthus,Local,29/08/2026,3000,3000,3000
Tamil Nadu,Perambalur,Perambalur(Uzhavar Sandhai ),Amaranthus,Amaranthus,Local,29/08/2026,2000,3000,2500
Tamil Nadu,Thiruvannamalai,Vandavasi(Uzhavar Sandhai ),Amaranthus,Amaranthus,Local,29/08/2026,2500,3000,2750
Tamil Nadu,Thiruchirappalli,Lalgudi(Uzhavar Sandhai ),Amaranthus,Amaranthus,Local,29/08/2026,1500,1500,1500
Tamil Nadu,Thiruvannamalai,Cheyyar(Uzhavar Sandhai ),Amaranthus,Amaranthus,Local,29/08/2026,2000,2500,2250
Tamil Nadu,Tuticorin,Kovilpatti(Uzhavar Sandhai ),Amaranthus,Amaranthus,Local,29/08/2026,1800,2000,1900
Tamil Nadu,Salem,Mecheri(Uzhavar Sandhai),Amaranthus,Amaranthus,Local,29/08/2026,2000,2500,2250
Tamil Nadu,Krishnagiri,Avallapalli(Uzhavar Sandhai ),Amaranthus,Amaranthus,Local,29/08/2026,3500,4000,3750
Tamil Nadu,Virudhunagar,Rajapalayam(Uzhavar Sandhai ),Amaranthus,Amaranthus,Local,29/08/2026,2500,3000,2750
Tamil Nadu,Dharmapuri,Harur(Uzhavar Sandhai ),Amaranthus,Amaranthus,Local,29/08/2026,2500,3000,2750
Tamil Nadu,Namakkal,Mohanur(Uzhavar Sandhai ),Amaranthus,Amaranthus,Local,29/08/2026,4500,5000,4750
Tamil Nadu,Coimbatore,RSPuram(Uzhavar Sandhai ),Amaranthus,Amaranthus,Local,29/08/2026,5600,6500,6050
Tamil Nadu,Vellore,Perampet(Uzhavar Sandhai),Amaranthus,Amaranthus,Local,29/08/2026,4000,4000,4000
Tamil Nadu,Ramanathapuram,Paramakudi(Uzhavar Sandhai ),Green Chilli,Green Chilly,Local,29/08/2026,6500,7000,6750
Tamil Nadu,Dharmapuri,Palacode(Uzhavar Sandhai ),Green Chilli,Green Chilly,Local,29/08/2026,4500,4800,4650
Tamil Nadu,Cuddalore,Panruti(Uzhavar Sandhai ),Green Chilli,Green Chilly,Local,29/08/2026,5000,5000,5000
Tamil Nadu,Namakkal,Rasipuram(Uzhavar Sandhai ),Green Chilli,Green Chilly,Local,29/08/2026,5400,6000,5700
Tamil Nadu,The Nilgiris,Gudalur(Uzhavar Sandhai ),Green Chilli,Green Chilly,Local,29/08/2026,4500,4800,4650
Tamil Nadu,Salem,Mecheri(Uzhavar Sandhai),Green Chilli,Green Chilly,Local,29/08/2026,4500,5000,4750
Tamil Nadu,Salem,Elampillai(Uzhavar Sandhai ),Green Chilli,Green Chilly,Local,29/08/2026,4600,4800,4700
Tamil Nadu,Pudukkottai,Aranthangi(Uzhavar Sandhai ),Green Chilli,Green Chilly,Local,29/08/2026,5000,6000,5500
Tamil Nadu,Coimbatore,Kurichi(Uzhavar Sandhai ),Green Chilli,Green Chilly,Local,29/08/2026,5000,5500,5250
Tamil Nadu,Dindigul,Palani(Uzhavar Sandhai ),Green Chilli,Green Chilly,Local,29/08/2026,4000,4800,4400
Tamil Nadu,Thiruchirappalli,Lalgudi(Uzhavar Sandhai ),Green Chilli,Green Chilly,Local,29/08/2026,5000,5000,5000
Tamil Nadu,Madurai,Chokkikulam(Uzhavar Sandhai ),Green Chilli,Green Chilly,Local,29/08/2026,3000,3600,3300
Tamil Nadu,Krishnagiri,Denkanikottai(Uzhavar Sandhai ),Green Chilli,Green Chilly,Local,29/08/2026,4500,5000,4750
Tamil Nadu,Pudukkottai,Viralimalai(Uzhavar Sandhai ),Green Chilli,Green Chilly,Local,29/08/2026,5000,6000,5500
Tamil Nadu,Dharmapuri,Karimangalam(Uzhavar Sandhai),Green Chilli,Green Chilly,Local,29/08/2026,4500,5000,4750
Tamil Nadu,Dharmapuri,AJattihalli(Uzhavar Sandhai ),Green Chilli,Green Chilly,Local,29/08/2026,3500,4000,3750
Tamil Nadu,Sivaganga,Singampunari(Uzhavar Sandhai ),Green Chilli,Green Chilly,Local,29/08/2026,4400,5200,4800
Tamil Nadu,Cuddalore,Cuddalore(Uzhavar Sandhai ),Green Chilli,Green Chilly,Local,29/08/2026,5000,6000,5500
Tamil Nadu,Sivaganga,Devakottai (Uzhavar Sandhai ),Green Chilli,Green Chilly,Local,29/08/2026,6200,7000,6600
Tamil Nadu,Namakkal,Kumarapalayam(Uzhavar Sandhai ),Green Chilli,Green Chilly,Local,29/08/2026,5500,6000,5750
Tamil Nadu,Namakkal,Tiruchengode APMC,Green Chilli,Green Chilly,Local,29/08/2026,5400,6000,5700
Tamil Nadu,Erode,Perundurai(Uzhavar Sandhai ),Green Chilli,Green Chilly,Local,29/08/2026,5000,5400,5200
Tamil Nadu,Pudukkottai,Ponnamaravathi(Uzhavar Sandhai),Green Chilli,Green Chilly,Local,29/08/2026,6500,7000,6750
Tamil Nadu,Villupuram,Ulundurpettai APMC,Green Chilli,Green Chilly,Local,29/08/2026,6000,6000,6000
Tamil Nadu,Virudhunagar,Srivilliputhur(Uzhavar Sandhai ),Green Chilli,Green Chilly,Local,29/08/2026,5000,6000,5500
Tamil Nadu,Dharmapuri,Dharmapuri(Uzhavar Sandhai ),Green Chilli,Green Chilly,Local,29/08/2026,3000,3200,3100
Tamil Nadu,Coimbatore,Udumalpet APMC,Green Chilli,Green Chilly,Local,29/08/2026,4500,5500,5000
Tamil Nadu,Thirunelveli,NGO Colony(Uzhavar Sandhai ),Green Chilli,Green Chilly,Local,29/08/2026,3000,3600,3300
Tamil Nadu,Krishnagiri,Avallapalli(Uzhavar Sandhai ),Cowpea(Veg),Cowpea (Veg),Local,29/08/2026,5500,6000,5750
Tamil Nadu,Karur,Kulithalai(Uzhavar Sandhai ),Cowpea(Veg),Cowpea (Veg),Local,29/08/2026,2500,4000,3250
Tamil Nadu,Karur,Karur(Uzhavar Sandhai ),Cowpea(Veg),Cowpea (Veg),Local,29/08/2026,3500,4000,3750
Tamil Nadu,Krishnagiri,Denkanikottai(Uzhavar Sandhai ),Cowpea(Veg),Cowpea (Veg),Local,29/08/2026,5500,6000,5750
Tamil Nadu,Nagercoil (Kannyiakumari),Vadaseri APMC,Cowpea(Veg),Cowpea (Veg),Local,29/08/2026,4500,5000,4750
Tamil Nadu,Vellore,Gudiyatham(Uzhavar Sandhai ),Cowpea(Veg),Cowpea (Veg),Local,29/08/2026,5000,5000,5000
Tamil Nadu,The Nilgiris,Gudalur(Uzhavar Sandhai ),Cowpea(Veg),Cowpea (Veg),Local,29/08/2026,3000,3500,3250
Tamil Nadu,Namakkal,Namakkal(Uzhavar Sandhai ),Cowpea(Veg),Cowpea (Veg),Local,29/08/2026,4500,5000,4750
Tripura,Dhalai,Kulai APMC,Banana - Green,Banana - Green,Grade B,29/08/2026,2000,2500,2300
Tamil Nadu,Nagapattinam,Vedaranyam(Uzhavar Sandhai),Banana - Green,Banana - Green,Local,29/08/2026,1800,2500,2150
Tamil Nadu,Chengalpattu,Pallavaram(Uzhavar Sandhai ),Banana - Green,Banana - Green,Local,29/08/2026,3500,4000,3750
Tamil Nadu,Thirupur,Dharapuram(Uzhavar Sandhai ),Banana - Green,Banana - Green,Local,29/08/2026,2500,3000,2750
Tamil Nadu,Erode,Thalavadi(Uzhavar Sandhai ),Banana - Green,Banana - Green,Local,29/08/2026,3000,3500,3250
Tamil Nadu,Erode,Gobichettipalayam(Uzhavar Sandhai ),Banana - Green,Banana - Green,Local,29/08/2026,2600,3000,2800
Tamil Nadu,Pudukkottai,Gandarvakottai(Uzhavar Sandhai ),Banana - Green,Banana - Green,Local,29/08/2026,2500,3000,2750
Tamil Nadu,Salem,Hasthampatti(Uzhavar Sandhai ),Banana - Green,Banana - Green,Local,29/08/2026,2000,2400,2200
Tamil Nadu,Dharmapuri,Karimangalam(Uzhavar Sandhai),Banana - Green,Banana - Green,Local,29/08/2026,2800,3000,2900
Tamil Nadu,Cuddalore,Viruthachalam(Uzhavar Sandhai ),Banana - Green,Banana - Green,Local,29/08/2026,2500,3000,2750
Tamil Nadu,Dharmapuri,Dharmapuri(Uzhavar Sandhai ),Banana - Green,Banana - Green,Local,29/08/2026,2800,3000,2900
Tamil Nadu,Coimbatore,Kurichi(Uzhavar Sandhai ),Banana - Green,Banana - Green,Local,29/08/2026,4000,4500,4250
Tamil Nadu,The Nilgiris,Coonoor(Uzhavar Sandhai ),Banana - Green,Banana - Green,Local,29/08/2026,4500,5000,4750
Tamil Nadu,Nagercoil (Kannyiakumari),Vadaseri APMC,Banana - Green,Banana - Green,Local,29/08/2026,7500,8000,7750
Tamil Nadu,Thiruchirappalli,Musiri(Uzhavar Sandhai ),Banana - Green,Banana - Green,Local,29/08/2026,2500,2500,2500
Tamil Nadu,Vellore,Pallikonda(Uzhavar Sandhai),Banana - Green,Banana - Green,Local,29/08/2026,2500,3000,2750
Tamil Nadu,Pudukkottai,Aranthangi(Uzhavar Sandhai ),Banana - Green,Banana - Green,Local,29/08/2026,2500,3000,2750
Tamil Nadu,Thanjavur,Thanjavur(Uzhavar Sandhai ),Banana - Green,Banana - Green,Local,29/08/2026,4000,4000,4000
Tamil Nadu,Perambalur,Perambalur(Uzhavar Sandhai ),Banana - Green,Banana - Green,Local,29/08/2026,3000,4000,3500
Tamil Nadu,Coimbatore,Singanallur(Uzhavar Sandhai ),Banana - Green,Banana - Green,Local,29/08/2026,4000,4500,4250
Tamil Nadu,Thiruvannamalai,Vandavasi(Uzhavar Sandhai ),Banana - Green,Banana - Green,Local,29/08/2026,1600,2000,1800
Tamil Nadu,Tuticorin,Tuticorin(Uzhavar Sandhai ),Banana - Green,Banana - Green,Local,29/08/2026,2500,3000,2750
Tamil Nadu,Madurai,Anna nagar(Uzhavar Sandhai ),Banana - Green,Banana - Green,Local,29/08/2026,2500,3000,2750
Tamil Nadu,Virudhunagar,Virudhunagar(Uzhavar Sandhai ),Banana - Green,Banana - Green,Local,29/08/2026,3300,3400,3350
Tamil Nadu,Villupuram,Ulundurpettai APMC,Banana - Green,Banana - Green,Local,29/08/2026,3000,3000,3000
Tamil Nadu,Theni,Chinnamanur(Uzhavar Sandhai ),Banana - Green,Banana - Green,Local,29/08/2026,3600,3600,3600
Tamil Nadu,Theni,Periyakulam(Uzhavar Sandhai ),Banana - Green,Banana - Green,Local,29/08/2026,3000,3500,3250
Tamil Nadu,Coimbatore,RSPuram(Uzhavar Sandhai ),Banana - Green,Banana - Green,Local,29/08/2026,3600,4400,4000
Tamil Nadu,Pudukkottai,Viralimalai(Uzhavar Sandhai ),Banana - Green,Banana - Green,Local,29/08/2026,2500,3000,2750
Tamil Nadu,Krishnagiri,Krishnagiri(Uzhavar Sandhai ),Banana - Green,Banana - Green,Local,29/08/2026,2500,3000,2750
Tamil Nadu,Virudhunagar,Sivakasi(Uzhavar Sandhai ),Banana - Green,Banana - Green,Local,29/08/2026,3500,4000,3750
Tamil Nadu,Pudukkottai,Pudukottai(Uzhavar Sandhai ),Banana - Green,Banana - Green,Local,29/08/2026,2500,3000,2750
Tamil Nadu,Salem,Mettur(Uzhavar Sandhai ),Beans,Beans (Whole),Local,29/08/2026,8000,8500,8250
Tamil Nadu,Dharmapuri,Harur(Uzhavar Sandhai ),Beans,Beans (Whole),Local,29/08/2026,7000,8000,7500
Tamil Nadu,Nagapattinam,Sirkali(Uzhavar Sandhai ),Beans,Beans (Whole),Local,29/08/2026,9000,10000,9500
Tamil Nadu,Cuddalore,Cuddalore(Uzhavar Sandhai ),Beans,Beans (Whole),Local,29/08/2026,9000,9000,9000
Tamil Nadu,Karur,Gandhigramam(Uzhavar Sandhai),Beans,Beans (Whole),Local,29/08/2026,8000,9000,8500
Tamil Nadu,Coimbatore,Singanallur(Uzhavar Sandhai ),Beans,Beans (Whole),Local,29/08/2026,7500,8000,7750
Tamil Nadu,Karur,Karur(Uzhavar Sandhai ),Beans,Beans (Whole),Local,29/08/2026,8500,9000,8750
Tamil Nadu,Thiruchirappalli,Manachanallur(Uzhavar Sandhai ),Beans,Beans (Whole),Local,29/08/2026,7000,8000,7500
Tamil Nadu,Thiruvannamalai,Tiruvannamalai(Uzhavar Sandhai ),Beans,Beans (Whole),Local,29/08/2026,8000,10000,9000
Tamil Nadu,Krishnagiri,Krishnagiri(Uzhavar Sandhai ),Beans,Beans (Whole),Local,29/08/2026,5000,6000,5500
Tamil Nadu,Kallakuruchi,Kallakurichi(Uzhavar Sandhai ),Beans,Beans (Whole),Local,29/08/2026,8000,8000,8000
Tamil Nadu,Ranipet,Arcot(Uzhavar Sandhai ),Beans,Beans (Whole),Local,29/08/2026,8000,8000,8000
Tamil Nadu,Namakkal,Mohanur(Uzhavar Sandhai ),Beans,Beans (Whole),Local,29/08/2026,9000,10000,9500
Tamil Nadu,Kancheepuram,Kundrathur(Uzhavar Sandhai ),Beans,Beans (Whole),Local,29/08/2026,7000,7000,7000
Tamil Nadu,Theni,Kambam(Uzhavar Sandhai ),Beans,Beans (Whole),Local,29/08/2026,7500,11000,9250
Tamil Nadu,The Nilgiris,Udhagamandalam(Uzhavar Sandhai ),Beans,Beans (Whole),Local,29/08/2026,7000,8000,7500
Tamil Nadu,Thiruchirappalli,Lalgudi(Uzhavar Sandhai ),Beans,Beans (Whole),Local,29/08/2026,8000,8000,8000
Tamil Nadu,Salem,Vazhapadi(Uzhavar Sandhai),Beans,Beans (Whole),Local,29/08/2026,7000,8000,7500
Tamil Nadu,Krishnagiri,Hosur(Uzhavar Sandhai ),Beans,Beans (Whole),Local,29/08/2026,6000,7000,6500
Tamil Nadu,Pudukkottai,Pudukottai(Uzhavar Sandhai ),Beans,Beans (Whole),Local,29/08/2026,7000,8000,7500
Tamil Nadu,Salem,Thathakapatti(Uzhavar Sandhai ),Beans,Beans (Whole),Local,29/08/2026,7000,7600,7300
Tamil Nadu,Dharmapuri,Pennagaram(Uzhavar Sandhai ),Beans,Beans (Whole),Local,29/08/2026,7500,8000,7750
Tamil Nadu,Coimbatore,Udumalpet APMC,Beans,Beans (Whole),Local,29/08/2026,9000,10000,9500
Tamil Nadu,Theni,Theni(Uzhavar Sandhai ),Beans,Beans (Whole),Local,29/08/2026,7500,11500,9500
Tamil Nadu,Nagercoil (Kannyiakumari),Myladi(Uzhavar Sandhai ),Beans,Beans (Whole),Local,29/08/2026,10000,11000,10500
Tamil Nadu,Vellore,Pallikonda(Uzhavar Sandhai),Beans,Beans (Whole),Local,29/08/2026,6000,6500,6250
Tamil Nadu,Salem,Thammampatti (Uzhavar Sandhai ),Beans,Beans (Whole),Local,29/08/2026,7000,7000,7000
Tamil Nadu,Vellore,Gudiyatham(Uzhavar Sandhai ),Beans,Beans (Whole),Local,29/08/2026,6600,6600,6600
Tamil Nadu,Vellore,Kahithapattarai(Uzhavar Sandhai ),Beans,Beans (Whole),Local,29/08/2026,5000,5000,5000
Tamil Nadu,Coimbatore,Udumalpet APMC,Tapioca,Tapioca,Local,29/08/2026,3500,4000,3750
Tamil Nadu,Erode,Sathiyamagalam(Uzhavar Sandhai ),Tapioca,Tapioca,Local,29/08/2026,2500,3000,2750
Tamil Nadu,Salem,Mettur(Uzhavar Sandhai ),Tapioca,Tapioca,Local,29/08/2026,3000,3500,3250
Tamil Nadu,Namakkal,Rasipuram(Uzhavar Sandhai ),Tapioca,Tapioca,Local,29/08/2026,3800,4000,3900
Tamil Nadu,Coimbatore,Mettupalayam(Uzhavar Sandhai ),Tapioca,Tapioca,Local,29/08/2026,3000,3500,3250
Tamil Nadu,Namakkal,Tiruchengode APMC,Tapioca,Tapioca,Local,29/08/2026,2600,3000,2800
Tamil Nadu,Salem,Attayampatti(Uzhavar Sandhai ),Tapioca,Tapioca,Local,29/08/2026,3500,3500,3500
Tamil Nadu,Dharmapuri,Pennagaram(Uzhavar Sandhai ),Tapioca,Tapioca,Local,29/08/2026,2800,3000,2900
Tamil Nadu,Coimbatore,Kurichi(Uzhavar Sandhai ),Tapioca,Tapioca,Local,29/08/2026,3000,3500,3250
Tamil Nadu,Karur,Pallapatti (Uzhavar Sandhai ),Tapioca,Tapioca,Local,29/08/2026,2500,3000,2750
Tamil Nadu,Coimbatore,RSPuram(Uzhavar Sandhai ),Tapioca,Tapioca,Local,29/08/2026,2500,3200,2850
Tamil Nadu,Vellore,Thirupathur APMC,Tapioca,Tapioca,Local,29/08/2026,3000,3000,3000
Gujarat,Amreli,Damnagar APMC,Ginger(Green),Green Ginger,Local,29/08/2026,8000,8000,8000
Punjab,Ropar (Rupnagar),Morinda APMC,Ginger(Green),Green Ginger,Medium,29/08/2026,9000,9000,9000
Tamil Nadu,Nagapattinam,Sirkali(Uzhavar Sandhai ),Ginger(Green),Green Ginger,Local,29/08/2026,18000,20000,19000
Tamil Nadu,Salem,Athur(Uzhavar Sandhai ),Ginger(Green),Green Ginger,Local,29/08/2026,16000,17000,16500
Tamil Nadu,Salem,Ammapet(Uzhavar Sandhai ),Ginger(Green),Green Ginger,Local,29/08/2026,16000,17000,16500
Tamil Nadu,Erode,Gobichettipalayam(Uzhavar Sandhai ),Ginger(Green),Green Ginger,Local,29/08/2026,15600,15800,15700
Tamil Nadu,Tuticorin,Tuticorin(Uzhavar Sandhai ),Ginger(Green),Green Ginger,Local,29/08/2026,19000,20000,19500
Tamil Nadu,Salem,Jalagandapuram(Uzhavar Sandhai ),Ginger(Green),Green Ginger,Local,29/08/2026,16000,17000,16500
Tamil Nadu,Krishnagiri,Krishnagiri(Uzhavar Sandhai ),Ginger(Green),Green Ginger,Local,29/08/2026,17000,18000,17500
Tamil Nadu,Virudhunagar,Srivilliputhur(Uzhavar Sandhai ),Ginger(Green),Green Ginger,Local,29/08/2026,19000,20000,19500
Tamil Nadu,Dharmapuri,Palacode(Uzhavar Sandhai ),Ginger(Green),Green Ginger,Local,29/08/2026,21500,22000,21750
Tamil Nadu,Nagapattinam,Nagapattinam(Uzhavar Sandhai ),Ginger(Green),Green Ginger,Local,29/08/2026,14600,16000,15300
Tamil Nadu,Cuddalore,Vadalur(Uzhavar Sandhai ),Ginger(Green),Green Ginger,Local,29/08/2026,18000,18000,18000
Tamil Nadu,Sivaganga,Tirupatthur(Uzhavar Sandhai ),Ginger(Green),Green Ginger,Local,29/08/2026,12400,19500,15950
Tamil Nadu,Dharmapuri,Dharmapuri(Uzhavar Sandhai ),Ginger(Green),Green Ginger,Local,29/08/2026,21500,22500,22000
Tamil Nadu,Namakkal,Kumarapalayam(Uzhavar Sandhai ),Ginger(Green),Green Ginger,Local,29/08/2026,18000,19000,18500
Tamil Nadu,Coimbatore,Sulur(Uzhavar Sandhai ),Ginger(Green),Green Ginger,Local,29/08/2026,16000,17000,16500
Tamil Nadu,Coimbatore,RSPuram(Uzhavar Sandhai ),Ginger(Green),Green Ginger,Local,29/08/2026,15000,16000,15500
Tamil Nadu,Thiruvannamalai,Arani(Uzhavar Sandhai ),Ginger(Green),Green Ginger,Local,29/08/2026,15000,18000,16500
Tamil Nadu,Ramanathapuram,Paramakudi(Uzhavar Sandhai ),Ginger(Green),Green Ginger,Local,29/08/2026,16000,17000,16500
Tamil Nadu,Salem,Mettur(Uzhavar Sandhai ),Ginger(Green),Green Ginger,Local,29/08/2026,16000,17000,16500
Tamil Nadu,Sivaganga,Sivagangai (Uzhavar Sandhai ),Ginger(Green),Green Ginger,Local,29/08/2026,13000,20000,16500
Tamil Nadu,Thiruchirappalli,Manachanallur(Uzhavar Sandhai ),Ginger(Green),Green Ginger,Local,29/08/2026,16000,18000,17000
Tamil Nadu,Ariyalur,Ariyalur(Uzhavar Sandhai),Ginger(Green),Green Ginger,Local,29/08/2026,17000,18000,17500
Tamil Nadu,Kallakuruchi,Sankarapuram(Uzhavar Sandhai ),Ginger(Green),Green Ginger,Local,29/08/2026,18000,18000,18000
Tamil Nadu,Namakkal,Mohanur(Uzhavar Sandhai ),Ginger(Green),Green Ginger,Local,29/08/2026,20000,22000,21000
Tamil Nadu,Vellore,Pallikonda(Uzhavar Sandhai),Ginger(Green),Green Ginger,Local,29/08/2026,14000,15000,14500
Chandigarh,Chandigarh,Chandigarh (Grain/F&V) APMC,Ginger(Green),Green Ginger,FAQ,29/08/2026,4500,5500,5000
Tamil Nadu,Cuddalore,Vadalur(Uzhavar Sandhai ),Coconut,Coconut,Local,29/08/2026,5000,6000,5500
Tamil Nadu,Virudhunagar,Kariyapatti(Uzhavar Sandhai ),Coconut,Coconut,Local,29/08/2026,5500,6000,5750
Tamil Nadu,Cuddalore,Cuddalore(Uzhavar Sandhai ),Coconut,Coconut,Local,29/08/2026,5000,6000,5500
Tamil Nadu,Namakkal,Rasipuram(Uzhavar Sandhai ),Coconut,Coconut,Local,29/08/2026,5800,6000,5900
Tamil Nadu,Karur,Pallapatti (Uzhavar Sandhai ),Coconut,Coconut,Local,29/08/2026,5500,6000,5750
Tamil Nadu,Coimbatore,Singanallur(Uzhavar Sandhai ),Coconut,Coconut,Local,29/08/2026,5500,5800,5650
Tamil Nadu,Karur,Karur(Uzhavar Sandhai ),Coconut,Coconut,Local,29/08/2026,5500,6000,5750
Tamil Nadu,Dindigul,Palani(Uzhavar Sandhai ),Coconut,Coconut,Local,29/08/2026,5000,5500,5250
Tamil Nadu,Thiruvannamalai,Polur(Uzhavar Sandhai ),Coconut,Coconut,Local,29/08/2026,4000,4500,4250
Tamil Nadu,Salem,Mecheri(Uzhavar Sandhai),Coconut,Coconut,Local,29/08/2026,5500,6000,5750
Tamil Nadu,Tuticorin,Tuticorin(Uzhavar Sandhai ),Coconut,Coconut,Local,29/08/2026,6500,7000,6750
Tamil Nadu,Virudhunagar,Srivilliputhur(Uzhavar Sandhai ),Coconut,Coconut,Local,29/08/2026,5000,6000,5500
Tamil Nadu,Kallakuruchi,Kallakurichi(Uzhavar Sandhai ),Coconut,Coconut,Local,29/08/2026,6000,6000,6000
Tamil Nadu,Chengalpattu,Nanganallur(Uzhavar Sandhai ),Coconut,Coconut,Local,29/08/2026,7500,8000,7750
Tamil Nadu,Thanjavur,Pattukottai(Uzhavar Sandhai ),Coconut,Coconut,Local,29/08/2026,5000,5000,5000
Tamil Nadu,Namakkal,Mohanur(Uzhavar Sandhai ),Coconut,Coconut,Local,29/08/2026,5600,6000,5800
Tamil Nadu,Theni,Devaram(Uzhavar Sandhai ),Coconut,Coconut,Local,29/08/2026,5400,5400,5400
Tamil Nadu,Theni,Bodinayakanur(Uzhavar Sandhai ),Coconut,Coconut,Local,29/08/2026,5500,5500,5500
Tamil Nadu,Theni,Kambam(Uzhavar Sandhai ),Coconut,Coconut,Local,29/08/2026,5500,5500,5500
Tamil Nadu,The Nilgiris,Udhagamandalam(Uzhavar Sandhai ),Coconut,Coconut,Local,29/08/2026,6000,6500,6250
Tamil Nadu,Nagercoil (Kannyiakumari),Vadaseri APMC,Coconut,Coconut,Local,29/08/2026,6100,6300,6200
Tamil Nadu,Madurai,Usilampatti(Uzhavar Sandhai ),Coconut,Coconut,Local,29/08/2026,6500,6800,6650
Tamil Nadu,Madurai,Chokkikulam(Uzhavar Sandhai ),Coconut,Coconut,Local,29/08/2026,6500,6800,6650
Tamil Nadu,Thirunelveli,NGO Colony(Uzhavar Sandhai ),Coconut,Coconut,Local,29/08/2026,5000,6000,5500
Tamil Nadu,Virudhunagar,Rajapalayam(Uzhavar Sandhai ),Coconut,Coconut,Local,29/08/2026,5000,6000,5500
Tamil Nadu,Pudukkottai,Pudukottai(Uzhavar Sandhai ),Coconut,Coconut,Local,29/08/2026,3000,4000,3500
Tamil Nadu,Villupuram,Gingee(Uzhavar Sandhai ),Coconut,Coconut,Local,29/08/2026,6000,6000,6000
Tamil Nadu,Dharmapuri,Pennagaram(Uzhavar Sandhai ),Coconut,Coconut,Local,29/08/2026,4500,5000,4750
Tamil Nadu,Cuddalore,Panruti(Uzhavar Sandhai ),Coconut,Coconut,Local,29/08/2026,6000,6000,6000
Tamil Nadu,Salem,Ammapet(Uzhavar Sandhai ),Coconut,Coconut,Local,29/08/2026,5500,6500,6000
Tamil Nadu,Thirupur,Tiruppur (North) (Uzhavar Sandhai ),Coconut,Coconut,Local,29/08/2026,5000,6000,5500
Tamil Nadu,Coimbatore,Mettupalayam(Uzhavar Sandhai ),Coconut,Coconut,Local,29/08/2026,5500,6000,5750
Tamil Nadu,The Nilgiris,Gudalur(Uzhavar Sandhai ),Coconut,Coconut,Local,29/08/2026,6000,6500,6250
Tamil Nadu,Madurai,Chokkikulam(Uzhavar Sandhai ),Betal Leaves,Mysore,Local,29/08/2026,24000,28000,26000
Tamil Nadu,Madurai,Anna nagar(Uzhavar Sandhai ),Betal Leaves,Mysore,Local,29/08/2026,24000,28000,26000
Tamil Nadu,Thiruchirappalli,Thuraiyur APMC,Sweet Potato,Hosur Red,Local,29/08/2026,4000,4500,4250
Tamil Nadu,Kallakuruchi,Sankarapuram(Uzhavar Sandhai ),Sweet Potato,Hosur Red,Local,29/08/2026,6000,6000,6000
Tamil Nadu,Thiruvannamalai,Tamarainagar(Uzhavar Sandhai ),Sweet Potato,Hosur Red,Local,29/08/2026,4000,5000,4500
Tamil Nadu,Dharmapuri,Harur(Uzhavar Sandhai ),Sweet Potato,Hosur Red,Local,29/08/2026,4000,5000,4500
Tamil Nadu,Karur,Gandhigramam(Uzhavar Sandhai),Sweet Potato,Hosur Red,Local,29/08/2026,3500,4000,3750
Tamil Nadu,Nagapattinam,Sirkali(Uzhavar Sandhai ),Sweet Potato,Hosur Red,Local,29/08/2026,5500,6000,5750
Tamil Nadu,Coimbatore,Vadavalli(Uzhavar Sandhai ),Sweet Potato,Hosur Red,Local,29/08/2026,4500,5000,4750
Tamil Nadu,Madurai,Anna nagar(Uzhavar Sandhai ),Sweet Potato,Hosur Red,Local,29/08/2026,4500,5000,4750
Punjab,Tarntaran,Patti APMC,Carrot,Other,Local,29/08/2026,750,750,750
Tamil Nadu,Namakkal,Mohanur(Uzhavar Sandhai ),Carrot,Pusakesar,Local,29/08/2026,7000,8000,7500
Tamil Nadu,Sivaganga,Sivagangai (Uzhavar Sandhai ),Carrot,Pusakesar,Local,29/08/2026,4400,6200,5300
Tamil Nadu,The Nilgiris,Gudalur(Uzhavar Sandhai ),Carrot,Pusakesar,Local,29/08/2026,5000,5500,5250
Tamil Nadu,Thiruchirappalli,Musiri(Uzhavar Sandhai ),Carrot,Pusakesar,Local,29/08/2026,7000,8000,7500
Tamil Nadu,Madurai,Chokkikulam(Uzhavar Sandhai ),Carrot,Pusakesar,Local,29/08/2026,4000,6000,5000
Tamil Nadu,Salem,Thammampatti (Uzhavar Sandhai ),Carrot,Pusakesar,Local,29/08/2026,7500,8000,7750
Tamil Nadu,Virudhunagar,Sivakasi(Uzhavar Sandhai ),Carrot,Pusakesar,Local,29/08/2026,3500,4000,3750
Tamil Nadu,Dharmapuri,AJattihalli(Uzhavar Sandhai ),Carrot,Pusakesar,Local,29/08/2026,7000,7000,7000
Tamil Nadu,Coimbatore,Sundarapuram(Uzhavar Sandhai ),Carrot,Pusakesar,Local,29/08/2026,7500,8000,7750
Tamil Nadu,Sivaganga,Devakottai (Uzhavar Sandhai ),Carrot,Pusakesar,Local,29/08/2026,5200,7200,6200
Tamil Nadu,Thirupur,Tiruppur (North) (Uzhavar Sandhai ),Carrot,Pusakesar,Local,29/08/2026,5000,6000,5500
Tamil Nadu,Coimbatore,Pollachi(Uzhavar Sandhai ),Carrot,Pusakesar,Local,29/08/2026,7000,8000,7500
Tamil Nadu,Theni,Theni(Uzhavar Sandhai ),Carrot,Pusakesar,Local,29/08/2026,5800,5800,5800
Tamil Nadu,Madurai,Anaiyur(Uzhavar Sandhai ),Carrot,Pusakesar,Local,29/08/2026,7000,8000,7500
Tamil Nadu,Nagapattinam,Sirkali(Uzhavar Sandhai ),Carrot,Pusakesar,Local,29/08/2026,8500,9000,8750
Tamil Nadu,Perambalur,Perambalur(Uzhavar Sandhai ),Carrot,Pusakesar,Local,29/08/2026,8800,8800,8800
Tamil Nadu,Coimbatore,RSPuram(Uzhavar Sandhai ),Carrot,Pusakesar,Local,29/08/2026,5600,6500,6050
Tamil Nadu,Erode,Thalavadi(Uzhavar Sandhai ),Carrot,Pusakesar,Local,29/08/2026,7000,7500,7250
Tamil Nadu,Erode,Gobichettipalayam(Uzhavar Sandhai ),Carrot,Pusakesar,Local,29/08/2026,7600,7800,7700
Tamil Nadu,Krishnagiri,Krishnagiri(Uzhavar Sandhai ),Carrot,Pusakesar,Local,29/08/2026,8000,9000,8500
Tamil Nadu,Salem,Hasthampatti(Uzhavar Sandhai ),Carrot,Pusakesar,Local,29/08/2026,7500,8000,7750
Tamil Nadu,Vellore,Vellore APMC,Carrot,Pusakesar,Local,29/08/2026,4500,5000,4750
Tamil Nadu,Kallakuruchi,Kallakurichi(Uzhavar Sandhai ),Carrot,Pusakesar,Local,29/08/2026,8000,8000,8000
Tamil Nadu,Karur,Karur(Uzhavar Sandhai ),Carrot,Pusakesar,Local,29/08/2026,7500,8000,7750
Tamil Nadu,Dindigul,Palani(Uzhavar Sandhai ),Carrot,Pusakesar,Local,29/08/2026,6000,7000,6500
Tamil Nadu,Thiruvannamalai,Arani(Uzhavar Sandhai ),Carrot,Pusakesar,Local,29/08/2026,5000,6000,5500
Tamil Nadu,Virudhunagar,Thalavaipuram(Uzhavar Sandhai ),Carrot,Pusakesar,Local,29/08/2026,4000,5000,4500
Tamil Nadu,Salem,Elampillai(Uzhavar Sandhai ),Carrot,Pusakesar,Local,29/08/2026,8000,8500,8250
Gujarat,Amreli,Damnagar APMC,Cabbage,Cabbage,Local,29/08/2026,3500,3500,3500
Tamil Nadu,Thanjavur,Kumbakonam (Uzhavar Sandhai ),Cabbage,Cabbage,Local,29/08/2026,3600,3600,3600
Tamil Nadu,Namakkal,Paramathivelur(Uzhavar Sandhai ),Cabbage,Cabbage,Local,29/08/2026,2500,3000,2750
Tamil Nadu,Namakkal,Kumarapalayam(Uzhavar Sandhai ),Cabbage,Cabbage,Local,29/08/2026,3500,4000,3750
Tamil Nadu,Kancheepuram,Sunguvarchatram(Uzhavar Sandhai ),Cabbage,Cabbage,Local,29/08/2026,3000,3000,3000
Tamil Nadu,Thirupur,Tiruppur (North) (Uzhavar Sandhai ),Cabbage,Cabbage,Local,29/08/2026,2000,2500,2250
Tamil Nadu,The Nilgiris,Udhagamandalam(Uzhavar Sandhai ),Cabbage,Cabbage,Local,29/08/2026,2000,2500,2250
Tamil Nadu,Thiruchirappalli,Manachanallur(Uzhavar Sandhai ),Cabbage,Cabbage,Local,29/08/2026,2500,3000,2750
Tamil Nadu,Virudhunagar,Srivilliputhur(Uzhavar Sandhai ),Cabbage,Cabbage,Local,29/08/2026,3000,3500,3250
Tamil Nadu,Nagapattinam,Vedaranyam(Uzhavar Sandhai),Cabbage,Cabbage,Local,29/08/2026,3600,4000,3800
Tamil Nadu,Cuddalore,Panruti(Uzhavar Sandhai ),Cabbage,Cabbage,Local,29/08/2026,4000,4000,4000
Tamil Nadu,Thiruvellore,Tiruthani(Uzhavar Sandhai ),Cabbage,Cabbage,Local,29/08/2026,4000,4000,4000
Tamil Nadu,Sivaganga,Sivagangai (Uzhavar Sandhai ),Cabbage,Cabbage,Local,29/08/2026,2800,3200,3000
Tamil Nadu,Namakkal,Namakkal(Uzhavar Sandhai ),Cabbage,Cabbage,Local,29/08/2026,2500,2800,2650
Tamil Nadu,Virudhunagar,Thalavaipuram(Uzhavar Sandhai ),Cabbage,Cabbage,Local,29/08/2026,2600,3200,2900
Tamil Nadu,Sivaganga,Karaikudi(Uzhavar Sandhai ),Cabbage,Cabbage,Local,29/08/2026,3000,3500,3250
Tamil Nadu,Namakkal,Mohanur(Uzhavar Sandhai ),Cabbage,Cabbage,Local,29/08/2026,3000,3500,3250
Tamil Nadu,Karur,Gandhigramam(Uzhavar Sandhai),Cabbage,Cabbage,Local,29/08/2026,4500,5000,4750
Tamil Nadu,Krishnagiri,Krishnagiri(Uzhavar Sandhai ),Cabbage,Cabbage,Local,29/08/2026,2000,3000,2500
Tamil Nadu,Salem,Thathakapatti(Uzhavar Sandhai ),Cabbage,Cabbage,Local,29/08/2026,3000,3600,3300
Tamil Nadu,Coimbatore,Vadavalli(Uzhavar Sandhai ),Cabbage,Cabbage,Local,29/08/2026,2200,2600,2400
Tamil Nadu,Nagercoil (Kannyiakumari),Myladi(Uzhavar Sandhai ),Cabbage,Cabbage,Local,29/08/2026,4500,5000,4750
Andaman and Nicobar,North and Middle Andaman ,Diglipur Vegetable Market (Subhashgram),Snakeguard,Other,FAQ,29/08/2026,2000,4000,3000
Tamil Nadu,Vellore,Thirupathur APMC,Snakeguard,Snakeguard,Local,29/08/2026,3000,3000,3000
Tamil Nadu,Nagapattinam,Nagapattinam(Uzhavar Sandhai ),Snakeguard,Snakeguard,Local,29/08/2026,3000,3500,3250
Tamil Nadu,Thiruvannamalai,Tamarainagar(Uzhavar Sandhai ),Snakeguard,Snakeguard,Local,29/08/2026,3000,3600,3300
Tamil Nadu,Ariyalur,Ariyalur(Uzhavar Sandhai),Snakeguard,Snakeguard,Local,29/08/2026,4000,4500,4250
Tamil Nadu,Villupuram,Ulundurpettai APMC,Snakeguard,Snakeguard,Local,29/08/2026,4000,4000,4000
Tamil Nadu,Virudhunagar,Srivilliputhur(Uzhavar Sandhai ),Snakeguard,Snakeguard,Local,29/08/2026,3500,4000,3750
Tamil Nadu,Kallakuruchi,Kallakurichi(Uzhavar Sandhai ),Snakeguard,Snakeguard,Local,29/08/2026,4000,4000,4000
Tamil Nadu,Pudukkottai,Pudukottai(Uzhavar Sandhai ),Snakeguard,Snakeguard,Local,29/08/2026,3000,4000,3500
Tamil Nadu,Dharmapuri,Dharmapuri(Uzhavar Sandhai ),Snakeguard,Snakeguard,Local,29/08/2026,2400,2500,2450
Tamil Nadu,Sivaganga,Sivagangai (Uzhavar Sandhai ),Snakeguard,Snakeguard,Local,29/08/2026,3800,4200,4000
Tamil Nadu,Thirupur,Tiruppur (South) (Uzhavar Sandhai ),Snakeguard,Snakeguard,Local,29/08/2026,3000,4000,3500
Tamil Nadu,Thirupur,Tiruppur (North) (Uzhavar Sandhai ),Snakeguard,Snakeguard,Local,29/08/2026,3500,4000,3750
Tamil Nadu,Theni,Kambam(Uzhavar Sandhai ),Snakeguard,Snakeguard,Local,29/08/2026,3000,4400,3700
Tamil Nadu,Nagercoil (Kannyiakumari),Vadaseri APMC,Snakeguard,Snakeguard,Local,29/08/2026,4500,5000,4750
Tamil Nadu,Pudukkottai,Karambakkudi(Uzhavar Sandhai ),Snakeguard,Snakeguard,Local,29/08/2026,3500,4000,3750
Tamil Nadu,Salem,Thathakapatti(Uzhavar Sandhai ),Snakeguard,Snakeguard,Local,29/08/2026,3800,4000,3900
Tamil Nadu,Cuddalore,Viruthachalam(Uzhavar Sandhai ),Snakeguard,Snakeguard,Local,29/08/2026,3000,3000,3000
Tamil Nadu,Sivaganga,Karaikudi(Uzhavar Sandhai ),Snakeguard,Snakeguard,Local,29/08/2026,3400,4000,3700
Tamil Nadu,Karur,Velayuthampalayam(Uzhavar Sandhai ),Snakeguard,Snakeguard,Local,29/08/2026,3200,4000,3600
Tamil Nadu,Thirupur,Palladam(Uzhavar Sandhai ),Snakeguard,Snakeguard,Local,29/08/2026,3500,4000,3750
Tamil Nadu,Dindigul,Chinnalapatti(Uzhavar Sandhai ),Snakeguard,Snakeguard,Local,29/08/2026,4000,6000,5000
Tamil Nadu,Madurai,Anna nagar(Uzhavar Sandhai ),Snakeguard,Snakeguard,Local,29/08/2026,3600,4000,3800
Tamil Nadu,Salem,Jalagandapuram(Uzhavar Sandhai ),Snakeguard,Snakeguard,Local,29/08/2026,3500,3800,3650
Tamil Nadu,Dharmapuri,Palacode(Uzhavar Sandhai ),Snakeguard,Snakeguard,Local,29/08/2026,2400,2600,2500
Tamil Nadu,Thiruvarur,Valangaiman APMC,Snakeguard,Snakeguard,Local,29/08/2026,4000,4000,4000
Tamil Nadu,Thirupur,Dharapuram(Uzhavar Sandhai ),Snakeguard,Snakeguard,Local,29/08/2026,3800,4200,4000
Tamil Nadu,Namakkal,Rasipuram(Uzhavar Sandhai ),Snakeguard,Snakeguard,Local,29/08/2026,4500,5000,4750
Tamil Nadu,Karur,Gandhigramam(Uzhavar Sandhai),Snakeguard,Snakeguard,Local,29/08/2026,3500,4000,3750
Tamil Nadu,Kallakuruchi,Sankarapuram(Uzhavar Sandhai ),Snakeguard,Snakeguard,Local,29/08/2026,4000,4000,4000
Tamil Nadu,Coimbatore,Singanallur(Uzhavar Sandhai ),Beetroot,Beetroot,Local,29/08/2026,5000,7500,6250
Tamil Nadu,Dindigul,Palani(Uzhavar Sandhai ),Beetroot,Beetroot,Local,29/08/2026,3000,7500,5250
Tamil Nadu,Thiruvannamalai,Vandavasi(Uzhavar Sandhai ),Beetroot,Beetroot,Local,29/08/2026,3500,4200,3850
Tamil Nadu,Salem,Edapadi (Uzhavar Sandhai ),Beetroot,Beetroot,Local,29/08/2026,7500,8000,7750
Tamil Nadu,Madurai,Anna nagar(Uzhavar Sandhai ),Beetroot,Beetroot,Local,29/08/2026,5000,5500,5250
Tamil Nadu,Virudhunagar,Virudhunagar(Uzhavar Sandhai ),Beetroot,Beetroot,Local,29/08/2026,3900,4100,4000
Tamil Nadu,Virudhunagar,Rajapalayam(Uzhavar Sandhai ),Beetroot,Beetroot,Local,29/08/2026,4500,5000,4750
Tamil Nadu,Nagapattinam,Nagapattinam(Uzhavar Sandhai ),Beetroot,Beetroot,Local,29/08/2026,4400,4400,4400
Tamil Nadu,Sivaganga,Karaikudi(Uzhavar Sandhai ),Beetroot,Beetroot,Local,29/08/2026,5500,6000,5750
Tamil Nadu,Theni,Devaram(Uzhavar Sandhai ),Beetroot,Beetroot,Local,29/08/2026,3500,3500,3500
Tamil Nadu,Coimbatore,RSPuram(Uzhavar Sandhai ),Beetroot,Beetroot,Local,29/08/2026,7000,7500,7250
Tamil Nadu,Thiruchirappalli,Thuraiyur APMC,Beetroot,Beetroot,Local,29/08/2026,4500,5000,4750
Tamil Nadu,Krishnagiri,Avallapalli(Uzhavar Sandhai ),Beetroot,Beetroot,Local,29/08/2026,3000,3500,3250
Tamil Nadu,Pudukkottai,Pudukottai(Uzhavar Sandhai ),Beetroot,Beetroot,Local,29/08/2026,4000,5000,4500
Tamil Nadu,Cuddalore,Cuddalore(Uzhavar Sandhai ),Beetroot,Beetroot,Local,29/08/2026,5000,5000,5000
Tamil Nadu,Chengalpattu,Pallavaram(Uzhavar Sandhai ),Beetroot,Beetroot,Local,29/08/2026,4000,5000,4500
Tamil Nadu,Namakkal,Paramathivelur(Uzhavar Sandhai ),Beetroot,Beetroot,Local,29/08/2026,9000,10000,9500
Tamil Nadu,Thirupur,Dharapuram(Uzhavar Sandhai ),Beetroot,Beetroot,Local,29/08/2026,3500,7500,5500
Tamil Nadu,Namakkal,Kumarapalayam(Uzhavar Sandhai ),Beetroot,Beetroot,Local,29/08/2026,6000,7000,6500
Tamil Nadu,Coimbatore,Sulur(Uzhavar Sandhai ),Beetroot,Beetroot,Local,29/08/2026,5000,7500,6250
Tamil Nadu,Kancheepuram,Sunguvarchatram(Uzhavar Sandhai ),Beetroot,Beetroot,Local,29/08/2026,4000,4000,4000
Tamil Nadu,Dindigul,Chinnalapatti(Uzhavar Sandhai ),Beetroot,Beetroot,Local,29/08/2026,7000,8000,7500
Tamil Nadu,Erode,Gobichettipalayam(Uzhavar Sandhai ),Beetroot,Beetroot,Local,29/08/2026,6800,7000,6900
Tamil Nadu,Salem,Vazhapadi(Uzhavar Sandhai),Beetroot,Beetroot,Local,29/08/2026,5000,5000,5000
Tamil Nadu,Salem,Hasthampatti(Uzhavar Sandhai ),Beetroot,Beetroot,Local,29/08/2026,6400,7200,6800
Tamil Nadu,Vellore,Vellore APMC,Beetroot,Beetroot,Local,29/08/2026,3400,3800,3600
Tamil Nadu,Dharmapuri,Pennagaram(Uzhavar Sandhai ),Beetroot,Beetroot,Local,29/08/2026,5200,5500,5350
Tamil Nadu,Cuddalore,Viruthachalam(Uzhavar Sandhai ),Beetroot,Beetroot,Local,29/08/2026,5000,5000,5000
Tamil Nadu,Thirupur,Tiruppur (North) (Uzhavar Sandhai ),Beetroot,Beetroot,Local,29/08/2026,5000,6000,5500
Tamil Nadu,Thiruchirappalli,Manachanallur(Uzhavar Sandhai ),Beetroot,Beetroot,Local,29/08/2026,4400,5000,4700
Tamil Nadu,Madurai,Palanganatham(Uzhavar Sandhai ),Beetroot,Beetroot,Local,29/08/2026,5000,5500,5250
Tamil Nadu,Vellore,Pallikonda(Uzhavar Sandhai),Beetroot,Beetroot,Local,29/08/2026,3500,3500,3500
Tamil Nadu,Salem,Elampillai(Uzhavar Sandhai ),Beetroot,Beetroot,Local,29/08/2026,6000,6400,6200
Tamil Nadu,Coimbatore,Udumalpet APMC,Beetroot,Beetroot,Local,29/08/2026,3500,9000,6250
Tamil Nadu,Coimbatore,Pollachi(Uzhavar Sandhai ),Beetroot,Beetroot,Local,29/08/2026,4500,7000,5750
Uttar Pradesh,Bulandshahar,Gulavati APMC,Cucumbar(Kheera),Cucumbar,FAQ,29/08/2026,1400,1600,1500
Tamil Nadu,Karur,Gandhigramam(Uzhavar Sandhai),Cucumbar(Kheera),Cucumbar,Local,29/08/2026,4000,8000,6000
Tamil Nadu,The Nilgiris,Udhagamandalam(Uzhavar Sandhai ),Cucumbar(Kheera),Cucumbar,Local,29/08/2026,4000,4500,4250
Tamil Nadu,Krishnagiri,Avallapalli(Uzhavar Sandhai ),Cucumbar(Kheera),Cucumbar,Local,29/08/2026,2000,2500,2250
Tamil Nadu,Villupuram,Gingee(Uzhavar Sandhai ),Cucumbar(Kheera),Cucumbar,Local,29/08/2026,4500,4500,4500
Tamil Nadu,Dharmapuri,Harur(Uzhavar Sandhai ),Cucumbar(Kheera),Cucumbar,Local,29/08/2026,4000,5000,4500
Tamil Nadu,Salem,Thathakapatti(Uzhavar Sandhai ),Cucumbar(Kheera),Cucumbar,Local,29/08/2026,4000,5000,4500
Tamil Nadu,Dharmapuri,Pennagaram(Uzhavar Sandhai ),Cucumbar(Kheera),Cucumbar,Local,29/08/2026,3600,4000,3800
Tamil Nadu,Coimbatore,Kurichi(Uzhavar Sandhai ),Cucumbar(Kheera),Cucumbar,Local,29/08/2026,3500,4000,3750
Tamil Nadu,Theni,Kambam(Uzhavar Sandhai ),Cucumbar(Kheera),Cucumbar,Local,29/08/2026,1800,1800,1800
Tamil Nadu,Thiruvannamalai,Chengam(Uzhavar Sandhai ),Cucumbar(Kheera),Cucumbar,Local,29/08/2026,5000,6000,5500
Tamil Nadu,Madurai,Anna nagar(Uzhavar Sandhai ),Cucumbar(Kheera),Cucumbar,Local,29/08/2026,9000,10000,9500
Tamil Nadu,Chengalpattu,Nanganallur(Uzhavar Sandhai ),Cucumbar(Kheera),Cucumbar,Local,29/08/2026,4500,5000,4750
Tamil Nadu,Coimbatore,RSPuram(Uzhavar Sandhai ),Cucumbar(Kheera),Cucumbar,Local,29/08/2026,3400,3800,3600
Tamil Nadu,Nagercoil (Kannyiakumari),Myladi(Uzhavar Sandhai ),Cucumbar(Kheera),Cucumbar,Local,29/08/2026,2200,2500,2350
Tamil Nadu,Krishnagiri,Hosur(Uzhavar Sandhai ),Cucumbar(Kheera),Cucumbar,Local,29/08/2026,2000,2500,2250
Tamil Nadu,Vellore,Vellore APMC,Cucumbar(Kheera),Cucumbar,Local,29/08/2026,4000,4500,4250
Tamil Nadu,Thiruvellore,Tiruthani(Uzhavar Sandhai ),Cucumbar(Kheera),Cucumbar,Local,29/08/2026,5000,5000,5000
Tamil Nadu,Namakkal,Namakkal(Uzhavar Sandhai ),Cucumbar(Kheera),Cucumbar,Local,29/08/2026,7000,9000,8000
Punjab,Tarntaran,Patti APMC,Cucumbar(Kheera),Cucumbar,Local,29/08/2026,0.28,0.28,0.28
Punjab,Tarntaran,Tarantaran APMC,Cucumbar(Kheera),Cucumbar,Local,29/08/2026,2000,2000,2000
Tamil Nadu,Salem,Thathakapatti(Uzhavar Sandhai ),Ridgeguard(Tori),Ridgeguard(Tori),Local,29/08/2026,3500,4000,3750
Tamil Nadu,Cuddalore,Viruthachalam(Uzhavar Sandhai ),Ridgeguard(Tori),Ridgeguard(Tori),Local,29/08/2026,6000,6000,6000
Tamil Nadu,Dindigul,Chinnalapatti(Uzhavar Sandhai ),Ridgeguard(Tori),Ridgeguard(Tori),Local,29/08/2026,6000,7000,6500
Tamil Nadu,Thiruchirappalli,Thiruverumbur(Uzhavar Sandhai ),Ridgeguard(Tori),Ridgeguard(Tori),Local,29/08/2026,5600,5600,5600
Tamil Nadu,Thiruchirappalli,Musiri(Uzhavar Sandhai ),Ridgeguard(Tori),Ridgeguard(Tori),Local,29/08/2026,4000,5000,4500
Tamil Nadu,Salem,Jalagandapuram(Uzhavar Sandhai ),Ridgeguard(Tori),Ridgeguard(Tori),Local,29/08/2026,3500,4000,3750
Tamil Nadu,Virudhunagar,Kariyapatti(Uzhavar Sandhai ),Ridgeguard(Tori),Ridgeguard(Tori),Local,29/08/2026,5500,6000,5750
Tamil Nadu,Salem,Mettur(Uzhavar Sandhai ),Ridgeguard(Tori),Ridgeguard(Tori),Local,29/08/2026,3500,4000,3750
Tamil Nadu,Nagapattinam,Mayiladuthurai(Uzhavar Sandhai ),Ridgeguard(Tori),Ridgeguard(Tori),Local,29/08/2026,6000,7000,6500
Tamil Nadu,Coimbatore,Sundarapuram(Uzhavar Sandhai ),Ridgeguard(Tori),Ridgeguard(Tori),Local,29/08/2026,4000,4500,4250
Tamil Nadu,Madurai,Anaiyur(Uzhavar Sandhai ),Ridgeguard(Tori),Ridgeguard(Tori),Local,29/08/2026,6000,6500,6250
Tamil Nadu,Salem,Elampillai(Uzhavar Sandhai ),Ridgeguard(Tori),Ridgeguard(Tori),Local,29/08/2026,3500,4000,3750
Tamil Nadu,Pudukkottai,Aranthangi(Uzhavar Sandhai ),Ridgeguard(Tori),Ridgeguard(Tori),Local,29/08/2026,4500,5000,4750
Tamil Nadu,Coimbatore,Singanallur(Uzhavar Sandhai ),Ridgeguard(Tori),Ridgeguard(Tori),Local,29/08/2026,3000,3500,3250
Tamil Nadu,Thiruvannamalai,Tamarainagar(Uzhavar Sandhai ),Ridgeguard(Tori),Ridgeguard(Tori),Local,29/08/2026,4000,5000,4500
Tamil Nadu,Thiruvannamalai,Chengam(Uzhavar Sandhai ),Ridgeguard(Tori),Ridgeguard(Tori),Local,29/08/2026,5000,6000,5500
Tamil Nadu,Thiruchirappalli,Lalgudi(Uzhavar Sandhai ),Ridgeguard(Tori),Ridgeguard(Tori),Local,29/08/2026,5600,5600,5600
Tamil Nadu,Villupuram,Ulundurpettai APMC,Ridgeguard(Tori),Ridgeguard(Tori),Local,29/08/2026,6000,6000,6000
Tamil Nadu,Ranipet,Arcot(Uzhavar Sandhai ),Ridgeguard(Tori),Ridgeguard(Tori),Local,29/08/2026,5000,5000,5000
Tamil Nadu,Chengalpattu,Nanganallur(Uzhavar Sandhai ),Ridgeguard(Tori),Ridgeguard(Tori),Local,29/08/2026,4500,5000,4750
Tamil Nadu,Thiruvellore,Tiruthani(Uzhavar Sandhai ),Ridgeguard(Tori),Ridgeguard(Tori),Local,29/08/2026,6000,6000,6000
Tamil Nadu,Theni,Devaram(Uzhavar Sandhai ),Ridgeguard(Tori),Ridgeguard(Tori),Local,29/08/2026,3800,3800,3800
Tamil Nadu,Namakkal,Tiruchengode APMC,Ridgeguard(Tori),Ridgeguard(Tori),Local,29/08/2026,5400,6000,5700
Tamil Nadu,Virudhunagar,Rajapalayam(Uzhavar Sandhai ),Ridgeguard(Tori),Ridgeguard(Tori),Local,29/08/2026,3500,4000,3750
Tamil Nadu,Villupuram,Gingee(Uzhavar Sandhai ),Ridgeguard(Tori),Ridgeguard(Tori),Local,29/08/2026,4000,4000,4000
Telangana,Ranga Reddy,"Vanasthalipuram,RBZ ",Ridgeguard(Tori),Ridgeguard(Tori),Grade A,29/08/2026,2800,2800,2800
Himachal Pradesh,Kangra,SMY Baijnath,Raddish,Raddish,Grade A,29/08/2026,2400,2700,2600
Tamil Nadu,Ariyalur,Ariyalur(Uzhavar Sandhai),Raddish,Raddish,Local,29/08/2026,3500,4000,3750
Tamil Nadu,Erode,Sathiyamagalam(Uzhavar Sandhai ),Raddish,Raddish,Local,29/08/2026,2500,3000,2750
Tamil Nadu,Cuddalore,Viruthachalam(Uzhavar Sandhai ),Raddish,Raddish,Local,29/08/2026,4000,4000,4000
Tamil Nadu,Sivaganga,Devakottai (Uzhavar Sandhai ),Raddish,Raddish,Local,29/08/2026,2500,3000,2750
Tamil Nadu,Namakkal,Tiruchengode APMC,Raddish,Raddish,Local,29/08/2026,2400,2800,2600
Tamil Nadu,The Nilgiris,Gudalur(Uzhavar Sandhai ),Raddish,Raddish,Local,29/08/2026,2500,3000,2750
Tamil Nadu,Karur,Kulithalai(Uzhavar Sandhai ),Raddish,Raddish,Local,29/08/2026,3000,3200,3100
Tamil Nadu,Ariyalur,Jeyankondam (Uzhavar Sandhai ),Raddish,Raddish,Local,29/08/2026,3200,3600,3400
Tamil Nadu,Pudukkottai,Karambakkudi(Uzhavar Sandhai ),Raddish,Raddish,Local,29/08/2026,3500,4000,3750
Tamil Nadu,Pudukkottai,Alangudi(Uzhavar Sandhai ),Raddish,Raddish,Local,29/08/2026,3500,4000,3750
Tamil Nadu,Coimbatore,RSPuram(Uzhavar Sandhai ),Raddish,Raddish,Local,29/08/2026,2400,2600,2500
Tamil Nadu,Thiruchirappalli,Thiruverumbur(Uzhavar Sandhai ),Raddish,Raddish,Local,29/08/2026,3000,3000,3000
Tamil Nadu,Krishnagiri,Denkanikottai(Uzhavar Sandhai ),Raddish,Raddish,Local,29/08/2026,1500,2000,1750
Tamil Nadu,Dharmapuri,Harur(Uzhavar Sandhai ),Raddish,Raddish,Local,29/08/2026,1500,2000,1750
Tamil Nadu,Villupuram,Tindivanam APMC,Raddish,Raddish,Local,29/08/2026,3800,3800,3800
Tamil Nadu,Coimbatore,Singanallur(Uzhavar Sandhai ),Raddish,Raddish,Local,29/08/2026,3000,3500,3250
Tamil Nadu,Tuticorin,Kovilpatti(Uzhavar Sandhai ),Raddish,Raddish,Local,29/08/2026,3500,4000,3750
Tamil Nadu,Virudhunagar,Srivilliputhur(Uzhavar Sandhai ),Raddish,Raddish,Local,29/08/2026,3000,3500,3250
Tamil Nadu,Vellore,Vellore APMC,Raddish,Raddish,Local,29/08/2026,1500,2000,1750
Tamil Nadu,Nagapattinam,Vedaranyam(Uzhavar Sandhai),Raddish,Raddish,Local,29/08/2026,3000,3500,3250
Tamil Nadu,Thanjavur,Pattukottai(Uzhavar Sandhai ),Raddish,Raddish,Local,29/08/2026,4400,4400,4400
Tamil Nadu,Chengalpattu,Pallavaram(Uzhavar Sandhai ),Raddish,Raddish,Local,29/08/2026,3500,4000,3750
Tamil Nadu,Namakkal,Mohanur(Uzhavar Sandhai ),Raddish,Raddish,Local,29/08/2026,3500,4000,3750
Tamil Nadu,Dharmapuri,Palacode(Uzhavar Sandhai ),Thondekai,Thondekai,Local,29/08/2026,4800,5000,4900
Tamil Nadu,Theni,Chinnamanur(Uzhavar Sandhai ),Thondekai,Thondekai,Local,29/08/2026,2400,2400,2400
Tamil Nadu,Thiruvannamalai,Vandavasi(Uzhavar Sandhai ),Thondekai,Thondekai,Local,29/08/2026,3500,4000,3750
Tamil Nadu,Villupuram,Gingee(Uzhavar Sandhai ),Thondekai,Thondekai,Local,29/08/2026,3500,3500,3500
Tamil Nadu,Chengalpattu,Pallavaram(Uzhavar Sandhai ),Thondekai,Thondekai,Local,29/08/2026,3500,4000,3750
Tamil Nadu,Theni,Kambam(Uzhavar Sandhai ),Thondekai,Thondekai,Local,29/08/2026,2500,2500,2500
Tamil Nadu,Thirupur,Palladam(Uzhavar Sandhai ),Thondekai,Thondekai,Local,29/08/2026,3500,4000,3750
Tamil Nadu,Chengalpattu,Nanganallur(Uzhavar Sandhai ),Thondekai,Thondekai,Local,29/08/2026,3500,4000,3750
Tamil Nadu,Thiruvellore,Naravarikuppam(Uzhavar Sandhai ),Thondekai,Thondekai,Local,29/08/2026,5000,5000,5000
Tamil Nadu,Kallakuruchi,Sankarapuram(Uzhavar Sandhai ),Thondekai,Thondekai,Local,29/08/2026,6000,6000,6000
Tamil Nadu,Vellore,Vellore APMC,Thondekai,Thondekai,Local,29/08/2026,3000,3500,3250
Punjab,Hoshiarpur,Mukerian(Talwara) APMC,Capsicum,Capsicum,FAQ,29/08/2026,4000,6000,5000
Tamil Nadu,Sivaganga,Karaikudi(Uzhavar Sandhai ),Capsicum,Capsicum,Local,29/08/2026,7500,8500,8000
Tamil Nadu,Theni,Chinnamanur(Uzhavar Sandhai ),Capsicum,Capsicum,Local,29/08/2026,6000,6000,6000
Tamil Nadu,Madurai,Chokkikulam(Uzhavar Sandhai ),Capsicum,Capsicum,Local,29/08/2026,7000,8000,7500
Tamil Nadu,Pudukkottai,Pudukottai(Uzhavar Sandhai ),Capsicum,Capsicum,Local,29/08/2026,6000,7000,6500
Tamil Nadu,Kancheepuram,Padappai(Uzhavar Sandhai ),Capsicum,Capsicum,Local,29/08/2026,4000,5000,4500
Tamil Nadu,Salem,Athur(Uzhavar Sandhai ),Capsicum,Capsicum,Local,29/08/2026,7500,8000,7750
Tamil Nadu,Coimbatore,Vadavalli(Uzhavar Sandhai ),Capsicum,Capsicum,Local,29/08/2026,5000,6000,5500
Tamil Nadu,The Nilgiris,Gudalur(Uzhavar Sandhai ),Capsicum,Capsicum,Local,29/08/2026,7000,8000,7500
Tamil Nadu,Coimbatore,Sulur(Uzhavar Sandhai ),Capsicum,Capsicum,Local,29/08/2026,5800,6200,6000
Tamil Nadu,Krishnagiri,Hosur(Uzhavar Sandhai ),Capsicum,Capsicum,Local,29/08/2026,4500,5000,4750
Punjab,Mohali,Lalru APMC,Capsicum,Other,Local,29/08/2026,4500,4500,4500
Tamil Nadu,Krishnagiri,Avallapalli(Uzhavar Sandhai ),Green Avare(W),Green Avare (W),Local,29/08/2026,5000,5500,5250
Tamil Nadu,Kallakuruchi,Sankarapuram(Uzhavar Sandhai ),Green Avare(W),Green Avare (W),Local,29/08/2026,7000,7000,7000
Tamil Nadu,Dharmapuri,Harur(Uzhavar Sandhai ),Green Avare(W),Green Avare (W),Local,29/08/2026,5000,6000,5500
Tamil Nadu,Nagapattinam,Nagapattinam(Uzhavar Sandhai ),Green Avare(W),Green Avare (W),Local,29/08/2026,5900,6500,6200
Tamil Nadu,Perambalur,Perambalur(Uzhavar Sandhai ),Green Avare(W),Green Avare (W),Local,29/08/2026,6000,8600,7300
Tamil Nadu,Coimbatore,Singanallur(Uzhavar Sandhai ),Green Avare(W),Green Avare (W),Local,29/08/2026,4400,4800,4600
Tamil Nadu,Thiruvannamalai,Chengam(Uzhavar Sandhai ),Green Avare(W),Green Avare (W),Local,29/08/2026,5000,6000,5500
Tamil Nadu,Kallakuruchi,Kallakurichi(Uzhavar Sandhai ),Green Avare(W),Green Avare (W),Local,29/08/2026,7000,7000,7000
Tamil Nadu,Ramanathapuram,Ramanathapuram(Uzhavar Sandhai ),Green Avare(W),Green Avare (W),Local,29/08/2026,8500,9000,8750
Tamil Nadu,Vellore,Perampet(Uzhavar Sandhai),Green Avare(W),Green Avare (W),Local,29/08/2026,5000,5000,5000
Tamil Nadu,Virudhunagar,Thalavaipuram(Uzhavar Sandhai ),Green Avare(W),Green Avare (W),Local,29/08/2026,5500,7000,6250
Tamil Nadu,Salem,Thathakapatti(Uzhavar Sandhai ),Green Avare(W),Green Avare (W),Local,29/08/2026,5400,6400,5900
Tamil Nadu,Sivaganga,Karaikudi(Uzhavar Sandhai ),Green Avare(W),Green Avare (W),Local,29/08/2026,6000,6500,6250
Tamil Nadu,Thiruchirappalli,Musiri(Uzhavar Sandhai ),Green Avare(W),Green Avare (W),Local,29/08/2026,5000,6000,5500
Tamil Nadu,Madurai,Palanganatham(Uzhavar Sandhai ),Green Avare(W),Green Avare (W),Local,29/08/2026,6000,9000,7500
Tamil Nadu,Madurai,Anna nagar(Uzhavar Sandhai ),Green Avare(W),Green Avare (W),Local,29/08/2026,6000,9000,7500
Tamil Nadu,Salem,Thammampatti (Uzhavar Sandhai ),Green Avare(W),Green Avare (W),Local,29/08/2026,7000,7500,7250
Tamil Nadu,Coimbatore,Udumalpet APMC,Green Avare(W),Other,Local,29/08/2026,4500,5000,4750
Tamil Nadu,Pudukkottai,Karambakkudi(Uzhavar Sandhai ),Green Avare(W),Other,Local,29/08/2026,5000,6000,5500
Tamil Nadu,Dindigul,Palani(Uzhavar Sandhai ),Green Avare(W),Other,Local,29/08/2026,4000,4800,4400
Tamil Nadu,Kancheepuram,Padappai(Uzhavar Sandhai ),Green Avare(W),Other,Local,29/08/2026,5500,6500,6000
Tamil Nadu,Namakkal,Namakkal(Uzhavar Sandhai ),Green Avare(W),Other,Local,29/08/2026,8000,9000,8500
Tamil Nadu,Tuticorin,Tuticorin(Uzhavar Sandhai ),Green Avare(W),Other,Local,29/08/2026,7500,8000,7750
Tamil Nadu,Salem,Sooramangalam(Uzhavar Sandhai ),Green Avare(W),Other,Local,29/08/2026,4800,5000,4900
Tamil Nadu,Theni,Chinnamanur(Uzhavar Sandhai ),Green Avare(W),Other,Local,29/08/2026,4800,4800,4800
Tamil Nadu,Namakkal,Tiruchengode APMC,Green Avare(W),Other,Local,29/08/2026,4400,4800,4600
Tamil Nadu,Salem,Elampillai(Uzhavar Sandhai ),Green Avare(W),Other,Local,29/08/2026,5500,6000,5750
Tamil Nadu,Coimbatore,Sulur(Uzhavar Sandhai ),Green Avare(W),Other,Local,29/08/2026,4000,4400,4200
Tamil Nadu,Karur,Gandhigramam(Uzhavar Sandhai),Green Avare(W),Other,Local,29/08/2026,6000,8000,7000
Tamil Nadu,Salem,Mettur(Uzhavar Sandhai ),Chow Chow,Chow Chow,Local,29/08/2026,3500,4000,3750
Tamil Nadu,Krishnagiri,Kaveripattinam(Uzhavar Sandhai ),Chow Chow,Chow Chow,Local,29/08/2026,4000,4000,4000
Tamil Nadu,Namakkal,Tiruchengode APMC,Chow Chow,Chow Chow,Local,29/08/2026,2600,3000,2800
Tamil Nadu,Karur,Kulithalai(Uzhavar Sandhai ),Chow Chow,Chow Chow,Local,29/08/2026,3600,4000,3800
Tamil Nadu,Karur,Karur(Uzhavar Sandhai ),Chow Chow,Chow Chow,Local,29/08/2026,3500,4000,3750
Tamil Nadu,Madurai,Anaiyur(Uzhavar Sandhai ),Chow Chow,Chow Chow,Local,29/08/2026,2500,3000,2750
Tamil Nadu,Thiruvannamalai,Arani(Uzhavar Sandhai ),Chow Chow,Chow Chow,Local,29/08/2026,3000,3600,3300
Tamil Nadu,Ramanathapuram,Ramanathapuram(Uzhavar Sandhai ),Chow Chow,Chow Chow,Local,29/08/2026,4200,4500,4350
Tamil Nadu,Cuddalore,Cuddalore(Uzhavar Sandhai ),Chow Chow,Chow Chow,Local,29/08/2026,4000,4000,4000
Tamil Nadu,Chengalpattu,Pallavaram(Uzhavar Sandhai ),Chow Chow,Chow Chow,Local,29/08/2026,3500,4000,3750
Tamil Nadu,Thirupur,Dharapuram(Uzhavar Sandhai ),Chow Chow,Chow Chow,Local,29/08/2026,3400,3800,3600
Tamil Nadu,Coimbatore,Sulur(Uzhavar Sandhai ),Chow Chow,Chow Chow,Local,29/08/2026,2500,3000,2750
Tamil Nadu,Erode,Gobichettipalayam(Uzhavar Sandhai ),Chow Chow,Chow Chow,Local,29/08/2026,3400,3600,3500
Tamil Nadu,Madurai,Chokkikulam(Uzhavar Sandhai ),Chow Chow,Chow Chow,Local,29/08/2026,2500,3000,2750
Tamil Nadu,Dharmapuri,Dharmapuri(Uzhavar Sandhai ),Chow Chow,Chow Chow,Local,29/08/2026,4500,4800,4650
Tamil Nadu,Thanjavur,Kumbakonam (Uzhavar Sandhai ),Chow Chow,Chow Chow,Local,29/08/2026,3000,3600,3300
Tamil Nadu,Ariyalur,Ariyalur(Uzhavar Sandhai),Chow Chow,Chow Chow,Local,29/08/2026,3500,4000,3750
Tamil Nadu,Nagercoil (Kannyiakumari),Vadaseri APMC,Chow Chow,Chow Chow,Local,29/08/2026,4000,4500,4250
Tamil Nadu,Virudhunagar,Srivilliputhur(Uzhavar Sandhai ),Chow Chow,Chow Chow,Local,29/08/2026,3000,3500,3250
Tamil Nadu,Ramanathapuram,Paramakudi(Uzhavar Sandhai ),Chow Chow,Chow Chow,Local,29/08/2026,4500,5000,4750
Tamil Nadu,Coimbatore,Mettupalayam(Uzhavar Sandhai ),Chow Chow,Chow Chow,Local,29/08/2026,3000,3500,3250
Tamil Nadu,Thiruvannamalai,Tiruvannamalai(Uzhavar Sandhai ),Chow Chow,Chow Chow,Local,29/08/2026,3600,4000,3800
Tamil Nadu,Virudhunagar,Thalavaipuram(Uzhavar Sandhai ),Chow Chow,Chow Chow,Local,29/08/2026,2800,3500,3150
Tamil Nadu,Salem,Hasthampatti(Uzhavar Sandhai ),Drumstick,Drumstick,Local,29/08/2026,2500,3000,2750
Tamil Nadu,Salem,Mettur(Uzhavar Sandhai ),Drumstick,Drumstick,Local,29/08/2026,2500,3000,2750
Tamil Nadu,Coimbatore,Sundarapuram(Uzhavar Sandhai ),Drumstick,Drumstick,Local,29/08/2026,2500,3000,2750
Tamil Nadu,Namakkal,Namakkal(Uzhavar Sandhai ),Drumstick,Drumstick,Local,29/08/2026,1500,2000,1750
Tamil Nadu,Thiruvannamalai,Cheyyar(Uzhavar Sandhai ),Drumstick,Drumstick,Local,29/08/2026,3500,4200,3850
Tamil Nadu,Thiruvannamalai,Polur(Uzhavar Sandhai ),Drumstick,Drumstick,Local,29/08/2026,3300,4000,3650
Tamil Nadu,Salem,Mecheri(Uzhavar Sandhai),Drumstick,Drumstick,Local,29/08/2026,2500,3000,2750
Tamil Nadu,Madurai,Chokkikulam(Uzhavar Sandhai ),Drumstick,Drumstick,Local,29/08/2026,3000,5000,4000
Tamil Nadu,Krishnagiri,Denkanikottai(Uzhavar Sandhai ),Drumstick,Drumstick,Local,29/08/2026,3500,4000,3750
Tamil Nadu,Kancheepuram,Kundrathur(Uzhavar Sandhai ),Drumstick,Drumstick,Local,29/08/2026,5000,5000,5000
Tamil Nadu,Namakkal,Kumarapalayam(Uzhavar Sandhai ),Drumstick,Drumstick,Local,29/08/2026,2000,2500,2250
Tamil Nadu,Dindigul,Palani(Uzhavar Sandhai ),Drumstick,Drumstick,Local,29/08/2026,1400,2000,1700
Tamil Nadu,Vellore,Vellore APMC,Drumstick,Drumstick,Local,29/08/2026,3000,3500,3250
Tamil Nadu,Dharmapuri,Karimangalam(Uzhavar Sandhai),Drumstick,Drumstick,Local,29/08/2026,2800,3000,2900
Tamil Nadu,Kallakuruchi,Kallakurichi(Uzhavar Sandhai ),Drumstick,Drumstick,Local,29/08/2026,3000,3000,3000
Tamil Nadu,Pudukkottai,Pudukottai(Uzhavar Sandhai ),Drumstick,Drumstick,Local,29/08/2026,5000,6000,5500
Tamil Nadu,Ranipet,Arcot(Uzhavar Sandhai ),Drumstick,Drumstick,Local,29/08/2026,4000,4000,4000
Tamil Nadu,Salem,Ammapet(Uzhavar Sandhai ),Drumstick,Drumstick,Local,29/08/2026,2000,2500,2250
Tamil Nadu,Thirupur,Tiruppur (South) (Uzhavar Sandhai ),Drumstick,Drumstick,Local,29/08/2026,1500,2000,1750
Tamil Nadu,Thirupur,Tiruppur (North) (Uzhavar Sandhai ),Drumstick,Drumstick,Local,29/08/2026,2000,2500,2250
Tamil Nadu,Salem,Vazhapadi(Uzhavar Sandhai),Drumstick,Drumstick,Local,29/08/2026,1500,2000,1750
Tamil Nadu,Thiruvarur,Needamangalam(Uzhavar Sandhai ),Drumstick,Drumstick,Local,29/08/2026,4400,4400,4400
Tamil Nadu,Coimbatore,Sulur(Uzhavar Sandhai ),Drumstick,Drumstick,Local,29/08/2026,2800,3200,3000
Tamil Nadu,Karur,Velayuthampalayam(Uzhavar Sandhai ),Drumstick,Drumstick,Local,29/08/2026,2000,2500,2250
Tamil Nadu,Coimbatore,RSPuram(Uzhavar Sandhai ),Drumstick,Drumstick,Local,29/08/2026,2400,2600,2500
Tamil Nadu,Erode,Thalavadi(Uzhavar Sandhai ),Drumstick,Drumstick,Local,29/08/2026,2500,3000,2750
Tamil Nadu,Tuticorin,Tuticorin(Uzhavar Sandhai ),Mango(Raw-Ripe),Mango - Raw-Ripe,Local,29/08/2026,7500,8000,7750
Tamil Nadu,Coimbatore,Sundarapuram(Uzhavar Sandhai ),Mango(Raw-Ripe),Mango - Raw-Ripe,Local,29/08/2026,8000,9000,8500
Tamil Nadu,Namakkal,Rasipuram(Uzhavar Sandhai ),Mango(Raw-Ripe),Mango - Raw-Ripe,Local,29/08/2026,4500,5500,5000
Tamil Nadu,Theni,Kambam(Uzhavar Sandhai ),Mango(Raw-Ripe),Mango - Raw-Ripe,Local,29/08/2026,6000,6000,6000
Tamil Nadu,Namakkal,Namakkal(Uzhavar Sandhai ),Mango(Raw-Ripe),Mango - Raw-Ripe,Local,29/08/2026,4500,5000,4750
Tamil Nadu,Thiruchirappalli,Thiruverumbur(Uzhavar Sandhai ),Mango(Raw-Ripe),Mango - Raw-Ripe,Local,29/08/2026,10000,10000,10000
Tamil Nadu,Sivaganga,Sivagangai (Uzhavar Sandhai ),Mango(Raw-Ripe),Mango - Raw-Ripe,Local,29/08/2026,7000,7000,7000
Tamil Nadu,Thiruvannamalai,Arani(Uzhavar Sandhai ),Mango(Raw-Ripe),Mango - Raw-Ripe,Local,29/08/2026,7000,8000,7500
Punjab,Ludhiana,Doraha APMC,Peas Wet,Other,Local,29/08/2026,8000,9000,8500
Tamil Nadu,The Nilgiris,Gudalur(Uzhavar Sandhai ),Knool Khol,Knool Khol,Local,29/08/2026,4000,4500,4250
Tamil Nadu,Madurai,Anaiyur(Uzhavar Sandhai ),Knool Khol,Knool Khol,Local,29/08/2026,5000,6000,5500
Tamil Nadu,Thiruchirappalli,Thuraiyur APMC,Knool Khol,Knool Khol,Local,29/08/2026,3000,3500,3250
Tamil Nadu,Sivaganga,Sivagangai (Uzhavar Sandhai ),Knool Khol,Knool Khol,Local,29/08/2026,4400,5200,4800
Tamil Nadu,Namakkal,Namakkal(Uzhavar Sandhai ),Knool Khol,Knool Khol,Local,29/08/2026,2500,3000,2750
Tamil Nadu,Thiruchirappalli,Lalgudi(Uzhavar Sandhai ),Knool Khol,Knool Khol,Local,29/08/2026,4000,4000,4000
Tamil Nadu,Madurai,Palanganatham(Uzhavar Sandhai ),Knool Khol,Knool Khol,Local,29/08/2026,4000,5000,4500
Tamil Nadu,Dharmapuri,Palacode(Uzhavar Sandhai ),Knool Khol,Knool Khol,Local,29/08/2026,4400,4600,4500
Tamil Nadu,Sivaganga,Tirupatthur(Uzhavar Sandhai ),Knool Khol,Knool Khol,Local,29/08/2026,4500,5000,4750
Tamil Nadu,Cuddalore,Cuddalore(Uzhavar Sandhai ),Knool Khol,Knool Khol,Local,29/08/2026,3000,3000,3000
Tamil Nadu,Vellore,Gudiyatham(Uzhavar Sandhai ),Knool Khol,Knool Khol,Local,29/08/2026,3600,4000,3800
Tamil Nadu,Theni,Kambam(Uzhavar Sandhai ),Lime,Lime,Local,29/08/2026,12000,12000,12000
Tamil Nadu,Thanjavur,Kumbakonam (Uzhavar Sandhai ),Lime,Lime,Local,29/08/2026,4000,4000,4000
Tamil Nadu,The Nilgiris,Udhagamandalam(Uzhavar Sandhai ),Lime,Lime,Local,29/08/2026,5500,6000,5750
Tamil Nadu,Vellore,Gudiyatham(Uzhavar Sandhai ),Lime,Lime,Local,29/08/2026,5000,5000,5000
Tamil Nadu,Namakkal,Namakkal(Uzhavar Sandhai ),Lime,Lime,Local,29/08/2026,3500,4000,3750
Tamil Nadu,Thiruvannamalai,Tamarainagar(Uzhavar Sandhai ),Lime,Lime,Local,29/08/2026,4000,5000,4500
Tamil Nadu,Dindigul,Palani(Uzhavar Sandhai ),Lime,Lime,Local,29/08/2026,12000,14000,13000
Tamil Nadu,Ramanathapuram,Paramakudi(Uzhavar Sandhai ),Lime,Lime,Local,29/08/2026,11000,12000,11500
Tamil Nadu,Coimbatore,RSPuram(Uzhavar Sandhai ),Lime,Lime,Local,29/08/2026,12000,13500,12750
Tamil Nadu,Virudhunagar,Thalavaipuram(Uzhavar Sandhai ),Lime,Lime,Local,29/08/2026,10000,12000,11000
Tamil Nadu,Kallakuruchi,Sankarapuram(Uzhavar Sandhai ),Jack Fruit(Ripe),Jack Fruit,Local,29/08/2026,2000,2000,2000
Tamil Nadu,Pudukkottai,Pudukottai(Uzhavar Sandhai ),Jamun(Narale Hannu),Jamun,Local,29/08/2026,15000,16000,15500
Tamil Nadu,Sivaganga,Singampunari(Uzhavar Sandhai ),Guava,Guava Allahabad,Local,29/08/2026,5000,6000,5500
Tamil Nadu,Namakkal,Paramathivelur(Uzhavar Sandhai ),Guava,Guava Allahabad,Local,29/08/2026,5500,6000,5750
Tamil Nadu,Madurai,Anna nagar(Uzhavar Sandhai ),Guava,Guava Allahabad,Local,29/08/2026,5000,6000,5500
Tamil Nadu,Vellore,Gudiyatham(Uzhavar Sandhai ),Guava,Guava Allahabad,Local,29/08/2026,4500,4500,4500
Tamil Nadu,Nagapattinam,Sirkali(Uzhavar Sandhai ),Guava,Guava Allahabad,Local,29/08/2026,4000,5000,4500
Tamil Nadu,Coimbatore,Mettupalayam(Uzhavar Sandhai ),Guava,Guava Allahabad,Local,29/08/2026,5500,6000,5750
Tamil Nadu,Thiruvannamalai,Vandavasi(Uzhavar Sandhai ),Guava,Guava Allahabad,Local,29/08/2026,4000,5000,4500
Tamil Nadu,Thiruvannamalai,Chengam(Uzhavar Sandhai ),Guava,Guava Allahabad,Local,29/08/2026,5000,6000,5500
Tamil Nadu,Thiruvannamalai,Arani(Uzhavar Sandhai ),Guava,Guava Allahabad,Local,29/08/2026,4000,5000,4500
Tamil Nadu,Salem,Jalagandapuram(Uzhavar Sandhai ),Guava,Guava Allahabad,Local,29/08/2026,5000,6000,5500
Tamil Nadu,Cuddalore,Panruti(Uzhavar Sandhai ),Guava,Guava Allahabad,Local,29/08/2026,5000,5000,5000
Tamil Nadu,Dharmapuri,Dharmapuri(Uzhavar Sandhai ),Guava,Guava Allahabad,Local,29/08/2026,6500,7000,6750
Tamil Nadu,Karur,Gandhigramam(Uzhavar Sandhai),Guava,Guava Allahabad,Local,29/08/2026,5000,6000,5500
Tamil Nadu,Thirupur,Palladam(Uzhavar Sandhai ),Guava,Guava Allahabad,Local,29/08/2026,4000,5000,4500
Tamil Nadu,Coimbatore,RSPuram(Uzhavar Sandhai ),Guava,Guava Allahabad,Local,29/08/2026,4500,5500,5000
Tamil Nadu,Vellore,Thirupathur APMC,Guava,Guava Allahabad,Local,29/08/2026,5000,5000,5000
Tamil Nadu,Ranipet,Arcot(Uzhavar Sandhai ),Guava,Guava Allahabad,Local,29/08/2026,6000,6000,6000
Tamil Nadu,Dharmapuri,Pennagaram(Uzhavar Sandhai ),Guava,Guava Allahabad,Local,29/08/2026,5500,6000,5750
Tamil Nadu,Thirupur,Dharapuram(Uzhavar Sandhai ),Guava,Guava Allahabad,Local,29/08/2026,3500,4000,3750
Tamil Nadu,Thiruchirappalli,Musiri(Uzhavar Sandhai ),Guava,Guava Allahabad,Local,29/08/2026,4000,5000,4500
Tamil Nadu,Virudhunagar,Kariyapatti(Uzhavar Sandhai ),Guava,Guava Allahabad,Local,29/08/2026,3500,4000,3750
Punjab,Ropar (Rupnagar),Morinda APMC,Pomegranate,Pomogranate,Medium,29/08/2026,10000,10000,10000
Tamil Nadu,Nagercoil (Kannyiakumari),Myladi(Uzhavar Sandhai ),Pomegranate,Pomogranate,Local,29/08/2026,13000,14000,13500
Tamil Nadu,Chengalpattu,Nanganallur(Uzhavar Sandhai ),Pomegranate,Pomogranate,Local,29/08/2026,10000,11000,10500
Tamil Nadu,Krishnagiri,Hosur(Uzhavar Sandhai ),Pomegranate,Pomogranate,Local,29/08/2026,10000,12000,11000
Tamil Nadu,Salem,Hasthampatti(Uzhavar Sandhai ),Pomegranate,Pomogranate,Local,29/08/2026,10000,12000,11000
Tamil Nadu,Pudukkottai,Pudukottai(Uzhavar Sandhai ),Pomegranate,Pomogranate,Local,29/08/2026,24000,25000,24500
Chandigarh,Chandigarh,Chandigarh (Grain/F&V) APMC,Pomegranate,Pomogranate,Medium,29/08/2026,3000,10000,8000
Andaman and Nicobar,North and Middle Andaman ,Diglipur Vegetable Market (Subhashgram),Tender Coconut,Tender Coconut,Medium,29/08/2026,25,50,35
Tamil Nadu,Salem,Ammapet(Uzhavar Sandhai ),Tender Coconut,Tender Coconut,Local,29/08/2026,3000,4000,3500
Tamil Nadu,Coimbatore,Mettupalayam(Uzhavar Sandhai ),Tender Coconut,Tender Coconut,Local,29/08/2026,3500,4000,3750
Tamil Nadu,Coimbatore,Pollachi(Uzhavar Sandhai ),Tender Coconut,Tender Coconut,Local,29/08/2026,3500,4000,3750
Tamil Nadu,Krishnagiri,Hosur(Uzhavar Sandhai ),Tender Coconut,Tender Coconut,Local,29/08/2026,4500,5000,4750
Tamil Nadu,Thiruvannamalai,Polur(Uzhavar Sandhai ),Tender Coconut,Tender Coconut,Local,29/08/2026,1500,2000,1750
Tamil Nadu,Thiruchirappalli,Musiri(Uzhavar Sandhai ),Tender Coconut,Tender Coconut,Local,29/08/2026,3500,4000,3750
Tamil Nadu,Thiruchirappalli,Thuraiyur APMC,Tender Coconut,Tender Coconut,Local,29/08/2026,5000,6000,5500
Tamil Nadu,Vellore,Vellore APMC,Tender Coconut,Tender Coconut,Local,29/08/2026,2000,3000,2500
Tamil Nadu,Nagapattinam,Mayiladuthurai(Uzhavar Sandhai ),Tender Coconut,Tender Coconut,Local,29/08/2026,2000,2500,2250
Tamil Nadu,Thiruvannamalai,Keelpennathur(Uzhavar Sandhai ),Jasmine,Jasmine,Local,29/08/2026,40000,45000,42500
Tamil Nadu,Vellore,Kahithapattarai(Uzhavar Sandhai ),Jasmine,Jasmine,Local,29/08/2026,65000,65000,65000
Tamil Nadu,Namakkal,Rasipuram(Uzhavar Sandhai ),Jasmine,Jasmine,Local,29/08/2026,50000,60000,55000
Tamil Nadu,Ramanathapuram,Paramakudi(Uzhavar Sandhai ),Jasmine,Jasmine,Local,29/08/2026,45000,50000,47500
Tamil Nadu,Vellore,Vellore APMC,Jasmine,Jasmine,Local,29/08/2026,65000,70000,67500
Tamil Nadu,Thiruvannamalai,Keelpennathur(Uzhavar Sandhai ),Marigold(Calcutta),Marigold(Calcutta),Local,29/08/2026,30000,35000,32500
Tamil Nadu,Chengalpattu,Nanganallur(Uzhavar Sandhai ),Marigold(Calcutta),Marigold(Calcutta),Local,29/08/2026,32000,35000,33500
Tamil Nadu,Thiruvannamalai,Tamarainagar(Uzhavar Sandhai ),Marigold(Calcutta),Marigold(Calcutta),Local,29/08/2026,20000,25000,22500
Tamil Nadu,Salem,Athur(Uzhavar Sandhai ),Tamarind Fruit,Tamarind Fruit,Local,29/08/2026,13000,16000,14500
Tamil Nadu,Dharmapuri,Dharmapuri(Uzhavar Sandhai ),Tamarind Fruit,Tamarind Fruit,Local,29/08/2026,11000,11800,11400
Tamil Nadu,Krishnagiri,Hosur(Uzhavar Sandhai ),Tamarind Fruit,Tamarind Fruit,Local,29/08/2026,13000,15000,14000
Tamil Nadu,Coimbatore,Sulur(Uzhavar Sandhai ),Elephant Yam(Suran)/Amorphophallus,Elephant Yam (Suran),Local,29/08/2026,3500,4000,3750
Tamil Nadu,Erode,Perundurai(Uzhavar Sandhai ),Elephant Yam(Suran)/Amorphophallus,Elephant Yam (Suran),Local,29/08/2026,2600,3000,2800
Tamil Nadu,Nagercoil (Kannyiakumari),Vadaseri APMC,Elephant Yam(Suran)/Amorphophallus,Elephant Yam (Suran),Local,29/08/2026,5000,5500,5250
Tamil Nadu,Villupuram,Ulundurpettai APMC,Elephant Yam(Suran)/Amorphophallus,Elephant Yam (Suran),Local,29/08/2026,6000,6000,6000
Tamil Nadu,Ramanathapuram,Ramanathapuram(Uzhavar Sandhai ),Elephant Yam(Suran)/Amorphophallus,Elephant Yam (Suran),Local,29/08/2026,7000,7500,7250
Tamil Nadu,Salem,Ammapet(Uzhavar Sandhai ),Elephant Yam(Suran)/Amorphophallus,Elephant Yam (Suran),Local,29/08/2026,4500,5000,4750
Tamil Nadu,Sivaganga,Devakottai (Uzhavar Sandhai ),Elephant Yam(Suran)/Amorphophallus,Elephant Yam (Suran),Local,29/08/2026,4400,4800,4600
Tamil Nadu,Namakkal,Tiruchengode APMC,Elephant Yam(Suran)/Amorphophallus,Elephant Yam (Suran),Local,29/08/2026,3000,3500,3250
Tamil Nadu,Karur,Kulithalai(Uzhavar Sandhai ),Elephant Yam(Suran)/Amorphophallus,Elephant Yam (Suran),Local,29/08/2026,5000,5500,5250
Tamil Nadu,Karur,Karur(Uzhavar Sandhai ),Elephant Yam(Suran)/Amorphophallus,Elephant Yam (Suran),Local,29/08/2026,4500,5000,4750
Tamil Nadu,Tuticorin,Tuticorin(Uzhavar Sandhai ),Elephant Yam(Suran)/Amorphophallus,Elephant Yam (Suran),Local,29/08/2026,4500,5000,4750
Tamil Nadu,Coimbatore,Sundarapuram(Uzhavar Sandhai ),Elephant Yam(Suran)/Amorphophallus,Elephant Yam (Suran),Local,29/08/2026,3800,4200,4000
Tamil Nadu,Coimbatore,Kurichi(Uzhavar Sandhai ),Elephant Yam(Suran)/Amorphophallus,Elephant Yam (Suran),Local,29/08/2026,3800,4200,4000
Tamil Nadu,Madurai,Usilampatti(Uzhavar Sandhai ),Elephant Yam(Suran)/Amorphophallus,Elephant Yam (Suran),Local,29/08/2026,4000,4500,4250
Tamil Nadu,Kallakuruchi,Sankarapuram(Uzhavar Sandhai ),Elephant Yam(Suran)/Amorphophallus,Elephant Yam (Suran),Local,29/08/2026,4000,4000,4000
Tamil Nadu,Virudhunagar,Rajapalayam(Uzhavar Sandhai ),Elephant Yam(Suran)/Amorphophallus,Elephant Yam (Suran),Local,29/08/2026,4500,5000,4750
Tamil Nadu,Tuticorin,Tuticorin(Uzhavar Sandhai ),Yam(Ratalu),Yam (Ratalu),Local,29/08/2026,9000,10000,9500
Tamil Nadu,Madurai,Anaiyur(Uzhavar Sandhai ),Yam(Ratalu),Yam (Ratalu),Local,29/08/2026,8000,9000,8500
Tamil Nadu,Thiruchirappalli,Lalgudi(Uzhavar Sandhai ),Yam(Ratalu),Yam (Ratalu),Local,29/08/2026,7500,7500,7500
Tamil Nadu,Virudhunagar,Thalavaipuram(Uzhavar Sandhai ),Yam(Ratalu),Yam (Ratalu),Local,29/08/2026,8000,10000,9000
Tamil Nadu,Krishnagiri,Hosur(Uzhavar Sandhai ),Yam(Ratalu),Yam (Ratalu),Local,29/08/2026,4500,5000,4750
Tamil Nadu,Kallakuruchi,Kallakurichi(Uzhavar Sandhai ),Yam(Ratalu),Yam (Ratalu),Local,29/08/2026,3000,3000,3000
Tamil Nadu,Ramanathapuram,Ramanathapuram(Uzhavar Sandhai ),Yam(Ratalu),Yam (Ratalu),Local,29/08/2026,7200,7500,7350
Tamil Nadu,Sivaganga,Devakottai (Uzhavar Sandhai ),Yam(Ratalu),Yam (Ratalu),Local,29/08/2026,8200,9200,8700
Tamil Nadu,Salem,Ammapet(Uzhavar Sandhai ),Yam(Ratalu),Yam (Ratalu),Local,29/08/2026,6000,7000,6500
Tamil Nadu,Namakkal,Tiruchengode APMC,Yam(Ratalu),Yam (Ratalu),Local,29/08/2026,6000,7000,6500
Tamil Nadu,Thiruvannamalai,Vandavasi(Uzhavar Sandhai ),Yam(Ratalu),Yam (Ratalu),Local,29/08/2026,5000,6000,5500
Tamil Nadu,Thiruchirappalli,Musiri(Uzhavar Sandhai ),Yam(Ratalu),Yam (Ratalu),Local,29/08/2026,7000,7600,7300
Tamil Nadu,Villupuram,Ulundurpettai APMC,Yam(Ratalu),Yam (Ratalu),Local,29/08/2026,3000,3000,3000
Tamil Nadu,Perambalur,Perambalur(Uzhavar Sandhai ),Indian Beans(Seam),Indian Beans (Seam),Local,29/08/2026,8000,8000,8000
Tamil Nadu,Dindigul,Palani(Uzhavar Sandhai ),Indian Beans(Seam),Indian Beans (Seam),Local,29/08/2026,7000,8000,7500
Tamil Nadu,Vellore,Kahithapattarai(Uzhavar Sandhai ),Indian Beans(Seam),Indian Beans (Seam),Local,29/08/2026,5000,5000,5000
Gujarat,Amreli,Damnagar APMC,Lemon,Lemon,Local,29/08/2026,2500,2500,2500
Tamil Nadu,Sivaganga,Tirupatthur(Uzhavar Sandhai ),Lemon,Lemon,Local,29/08/2026,15400,17500,16450
Tamil Nadu,Cuddalore,Viruthachalam(Uzhavar Sandhai ),Lemon,Lemon,Local,29/08/2026,8000,8000,8000
Tamil Nadu,Coimbatore,Kurichi(Uzhavar Sandhai ),Lemon,Lemon,Local,29/08/2026,14500,15500,15000
Tamil Nadu,Thirupur,Tiruppur (North) (Uzhavar Sandhai ),Lemon,Lemon,Local,29/08/2026,11000,12000,11500
Tamil Nadu,Thiruvannamalai,Chengam(Uzhavar Sandhai ),Lemon,Lemon,Local,29/08/2026,7000,8000,7500
Tamil Nadu,Ariyalur,Ariyalur(Uzhavar Sandhai),Lemon,Lemon,Local,29/08/2026,3500,4000,3750
Tamil Nadu,Villupuram,Tindivanam APMC,Lemon,Lemon,Local,29/08/2026,10000,10000,10000
Tamil Nadu,Chengalpattu,Nanganallur(Uzhavar Sandhai ),Lemon,Lemon,Local,29/08/2026,10000,12000,11000
Tamil Nadu,Coimbatore,Pollachi(Uzhavar Sandhai ),Lemon,Lemon,Local,29/08/2026,12000,14000,13000
Tamil Nadu,Tuticorin,Kovilpatti(Uzhavar Sandhai ),Lemon,Lemon,Local,29/08/2026,17000,17500,17250
Tamil Nadu,Tuticorin,Tuticorin(Uzhavar Sandhai ),Lemon,Lemon,Local,29/08/2026,16000,17000,16500
Tamil Nadu,Thirunelveli,NGO Colony(Uzhavar Sandhai ),Lemon,Lemon,Local,29/08/2026,13000,13500,13250
Tamil Nadu,Nagapattinam,Nagapattinam(Uzhavar Sandhai ),Lemon,Lemon,Local,29/08/2026,9100,9100,9100
Tamil Nadu,Salem,Athur(Uzhavar Sandhai ),Lemon,Lemon,Local,29/08/2026,7500,8000,7750
Tamil Nadu,Namakkal,Mohanur(Uzhavar Sandhai ),Lemon,Lemon,Local,29/08/2026,8000,9000,8500
Tamil Nadu,Theni,Devaram(Uzhavar Sandhai ),Lemon,Lemon,Local,29/08/2026,12000,12000,12000
Tamil Nadu,Karur,Pallapatti (Uzhavar Sandhai ),Lemon,Lemon,Local,29/08/2026,10000,12000,11000
Tamil Nadu,Karur,Velayuthampalayam(Uzhavar Sandhai ),Lemon,Lemon,Local,29/08/2026,26000,28000,27000
Tamil Nadu,Karur,Karur(Uzhavar Sandhai ),Lemon,Lemon,Local,29/08/2026,27500,28000,27750
Tamil Nadu,Coimbatore,RSPuram(Uzhavar Sandhai ),Lemon,Lemon,Local,29/08/2026,14000,16000,15000
Tamil Nadu,Krishnagiri,Krishnagiri(Uzhavar Sandhai ),Lemon,Lemon,Local,29/08/2026,7000,8000,7500
Tamil Nadu,Kallakuruchi,Sankarapuram(Uzhavar Sandhai ),Lemon,Lemon,Local,29/08/2026,7000,7000,7000
Tamil Nadu,Salem,Thathakapatti(Uzhavar Sandhai ),Lemon,Lemon,Local,29/08/2026,14000,16000,15000
Tamil Nadu,Namakkal,Paramathivelur(Uzhavar Sandhai ),Lemon,Lemon,Local,29/08/2026,8000,9000,8500
Tamil Nadu,Erode,Thalavadi(Uzhavar Sandhai ),Lemon,Lemon,Local,29/08/2026,7500,8000,7750
Uttar Pradesh,Bulandshahar,Gulavati APMC,Lemon,Other,FAQ,29/08/2026,9000,9200,9100
Chandigarh,Chandigarh,Chandigarh (Grain/F&V) APMC,Lemon,Other,FAQ,29/08/2026,4000,5000,4500
Bihar,Khagaria,Khagaria APMC,Sponge gourd,Sponge gourd,Grade A,29/08/2026,1166.66655,1316.666535,1266.66654
Odisha,Mayurbhanja,Betnoti APMC,Papaya(Raw),Other,FAQ,29/08/2026,2500,2900,2700
Punjab,Jalandhar,Mehatpur APMC,Colacasia,Colacasia,Local,29/08/2026,1500,1700,1600
Tamil Nadu,Villupuram,Tindivanam APMC,Colacasia,Colacasia,Local,29/08/2026,5800,5800,5800
Tamil Nadu,Thiruvannamalai,Cheyyar(Uzhavar Sandhai ),Colacasia,Colacasia,Local,29/08/2026,3500,4200,3850
Tamil Nadu,Madurai,Melur(Uzhavar Sandhai ),Colacasia,Colacasia,Local,29/08/2026,5000,6000,5500
Tamil Nadu,Vellore,Vellore APMC,Colacasia,Colacasia,Local,29/08/2026,3500,4000,3750
Tamil Nadu,Thiruvannamalai,Tamarainagar(Uzhavar Sandhai ),Colacasia,Colacasia,Local,29/08/2026,3500,4000,3750
Tamil Nadu,Nagercoil (Kannyiakumari),Vadaseri APMC,Colacasia,Colacasia,Local,29/08/2026,8000,8500,8250
Tamil Nadu,Ramanathapuram,Ramanathapuram(Uzhavar Sandhai ),Colacasia,Colacasia,Local,29/08/2026,7000,7500,7250
Tamil Nadu,Perambalur,Perambalur(Uzhavar Sandhai ),Colacasia,Colacasia,Local,29/08/2026,6000,6000,6000
Tamil Nadu,Vellore,Perampet(Uzhavar Sandhai),Colacasia,Colacasia,Local,29/08/2026,5600,5600,5600
Tamil Nadu,Krishnagiri,Avallapalli(Uzhavar Sandhai ),Colacasia,Colacasia,Local,29/08/2026,4500,5000,4750
Tamil Nadu,Vellore,Pallikonda(Uzhavar Sandhai),Colacasia,Colacasia,Local,29/08/2026,4000,4500,4250
Tamil Nadu,Sivaganga,Sivagangai (Uzhavar Sandhai ),Colacasia,Colacasia,Local,29/08/2026,5400,6200,5800
Tamil Nadu,Salem,Hasthampatti(Uzhavar Sandhai ),Pear(Marasebu),Pears,Local,29/08/2026,10000,11000,10500
Tamil Nadu,Tuticorin,Tuticorin(Uzhavar Sandhai ),Mashrooms,Mashrooms,Local,29/08/2026,24000,25000,24500
Tamil Nadu,Madurai,Anna nagar(Uzhavar Sandhai ),Mashrooms,Mashrooms,Local,29/08/2026,36000,40000,38000
Tamil Nadu,Namakkal,Namakkal(Uzhavar Sandhai ),Mashrooms,Mashrooms,Local,29/08/2026,20000,25000,22500
Tamil Nadu,The Nilgiris,Gudalur(Uzhavar Sandhai ),Turnip,Turnip,Local,29/08/2026,2500,3000,2750
Tamil Nadu,Thiruvannamalai,Tamarainagar(Uzhavar Sandhai ),Custard Apple(Sharifa),Custard Apple(Sharifa),Local,29/08/2026,5000,6000,5500
Tamil Nadu,Salem,Athur(Uzhavar Sandhai ),Amla(Nelli Kai),Amla,Local,29/08/2026,7000,7500,7250
Tamil Nadu,Karur,Karur(Uzhavar Sandhai ),Amla(Nelli Kai),Amla,Local,29/08/2026,8000,8500,8250
Tamil Nadu,Cuddalore,Cuddalore(Uzhavar Sandhai ),Amla(Nelli Kai),Amla,Local,29/08/2026,10000,10000,10000
Tamil Nadu,Chengalpattu,Pallavaram(Uzhavar Sandhai ),Amla(Nelli Kai),Amla,Local,29/08/2026,10000,12000,11000
Tamil Nadu,The Nilgiris,Udhagamandalam(Uzhavar Sandhai ),Amla(Nelli Kai),Amla,Local,29/08/2026,8000,9000,8500
Tamil Nadu,Kallakuruchi,Kallakurichi(Uzhavar Sandhai ),Amla(Nelli Kai),Amla,Local,29/08/2026,8000,8000,8000
Tamil Nadu,Dharmapuri,Dharmapuri(Uzhavar Sandhai ),Amla(Nelli Kai),Amla,Local,29/08/2026,7500,8000,7750
Tamil Nadu,Thiruvannamalai,Chengam(Uzhavar Sandhai ),Amla(Nelli Kai),Amla,Local,29/08/2026,10000,12000,11000
Tamil Nadu,Krishnagiri,Hosur(Uzhavar Sandhai ),Amla(Nelli Kai),Amla,Local,29/08/2026,8000,10000,9000
Tamil Nadu,Chengalpattu,Nanganallur(Uzhavar Sandhai ),Amla(Nelli Kai),Amla,Local,29/08/2026,9000,10000,9500
Tamil Nadu,Madurai,Anna nagar(Uzhavar Sandhai ),Amla(Nelli Kai),Amla,Local,29/08/2026,7000,8000,7500
Tamil Nadu,Chengalpattu,Madhuranthagam(Uzhavar Sandhai ),Onion Green,Onion Green,Local,29/08/2026,6000,6000,6000
Tamil Nadu,Sivaganga,Devakottai (Uzhavar Sandhai ),Onion Green,Onion Green,Local,29/08/2026,7400,7800,7600
Tamil Nadu,Chengalpattu,Pallavaram(Uzhavar Sandhai ),Onion Green,Onion Green,Local,29/08/2026,9000,10000,9500
Tamil Nadu,Namakkal,Tiruchengode APMC,Onion Green,Onion Green,Local,29/08/2026,6200,7000,6600
Tamil Nadu,Theni,Theni(Uzhavar Sandhai ),Onion Green,Onion Green,Local,29/08/2026,6500,7500,7000
Tamil Nadu,Nagercoil (Kannyiakumari),Vadaseri APMC,Onion Green,Onion Green,Local,29/08/2026,8500,9000,8750
Tamil Nadu,Madurai,Usilampatti(Uzhavar Sandhai ),Onion Green,Onion Green,Local,29/08/2026,7500,8000,7750
Tamil Nadu,Virudhunagar,Thalavaipuram(Uzhavar Sandhai ),Onion Green,Onion Green,Local,29/08/2026,5500,7000,6250
Tamil Nadu,Pudukkottai,Ponnamaravathi(Uzhavar Sandhai),Onion Green,Onion Green,Local,29/08/2026,7500,8000,7750
Tamil Nadu,Krishnagiri,Krishnagiri(Uzhavar Sandhai ),Onion Green,Onion Green,Local,29/08/2026,6000,7000,6500
Tamil Nadu,Vellore,Vellore APMC,Onion Green,Onion Green,Local,29/08/2026,7000,8000,7500
Tamil Nadu,Pudukkottai,Pudukottai(Uzhavar Sandhai ),Onion Green,Onion Green,Local,29/08/2026,7000,8000,7500
Tamil Nadu,Thiruvarur,Valangaiman APMC,Onion Green,Onion Green,Local,29/08/2026,8000,8000,8000
Tamil Nadu,Thanjavur,Pattukottai(Uzhavar Sandhai ),Onion Green,Onion Green,Local,29/08/2026,7800,7800,7800
Tamil Nadu,Dindigul,Chinnalapatti(Uzhavar Sandhai ),Onion Green,Onion Green,Local,29/08/2026,6000,7000,6500
Tamil Nadu,Madurai,Palanganatham(Uzhavar Sandhai ),Onion Green,Onion Green,Local,29/08/2026,7500,8000,7750
Tamil Nadu,Vellore,Gudiyatham(Uzhavar Sandhai ),Onion Green,Onion Green,Local,29/08/2026,8600,8600,8600
Tamil Nadu,Salem,Thathakapatti(Uzhavar Sandhai ),Onion Green,Onion Green,Local,29/08/2026,6000,6500,6250
Tamil Nadu,Sivaganga,Karaikudi(Uzhavar Sandhai ),Onion Green,Onion Green,Local,29/08/2026,7800,8400,8100
Tamil Nadu,Thanjavur,Kumbakonam (Uzhavar Sandhai ),Onion Green,Onion Green,Local,29/08/2026,7200,8400,7800
Tamil Nadu,The Nilgiris,Gudalur(Uzhavar Sandhai ),Onion Green,Onion Green,Local,29/08/2026,7000,7300,7150
Tamil Nadu,Karur,Karur(Uzhavar Sandhai ),Onion Green,Onion Green,Local,29/08/2026,7500,8000,7750
Tamil Nadu,Salem,Edapadi (Uzhavar Sandhai ),Onion Green,Onion Green,Local,29/08/2026,6000,6500,6250
Tamil Nadu,Vellore,Pallikonda(Uzhavar Sandhai),Onion Green,Onion Green,Local,29/08/2026,7500,8000,7750
Tamil Nadu,Madurai,Anna nagar(Uzhavar Sandhai ),Onion Green,Onion Green,Local,29/08/2026,7500,8000,7750
Tamil Nadu,Salem,Elampillai(Uzhavar Sandhai ),Onion Green,Onion Green,Local,29/08/2026,6000,6500,6250
Tamil Nadu,Namakkal,Mohanur(Uzhavar Sandhai ),Onion Green,Onion Green,Local,29/08/2026,6000,7000,6500
Tamil Nadu,Kancheepuram,Sunguvarchatram(Uzhavar Sandhai ),Onion Green,Onion Green,Local,29/08/2026,6000,6000,6000
Tamil Nadu,Perambalur,Perambalur(Uzhavar Sandhai ),Onion Green,Onion Green,Local,29/08/2026,5000,7000,6000
Tamil Nadu,Thiruvannamalai,Vandavasi(Uzhavar Sandhai ),Onion Green,Onion Green,Local,29/08/2026,5000,6000,5500
Tamil Nadu,Ariyalur,Jeyankondam (Uzhavar Sandhai ),Onion Green,Onion Green,Local,29/08/2026,7000,8000,7500
Tamil Nadu,Krishnagiri,Avallapalli(Uzhavar Sandhai ),Onion Green,Onion Green,Local,29/08/2026,8000,8500,8250
Tamil Nadu,Pudukkottai,Viralimalai(Uzhavar Sandhai ),Onion Green,Onion Green,Local,29/08/2026,6000,7000,6500
Tamil Nadu,Kallakuruchi,Kallakurichi(Uzhavar Sandhai ),Onion Green,Onion Green,Local,29/08/2026,7000,7000,7000
Tamil Nadu,Madurai,Anna nagar(Uzhavar Sandhai ),Mint(Pudina),Mint(Pudina),Local,29/08/2026,4500,5000,4750
Tamil Nadu,Pudukkottai,Pudukottai(Uzhavar Sandhai ),Mint(Pudina),Mint(Pudina),Local,29/08/2026,4000,5000,4500
Tamil Nadu,Ramanathapuram,Ramanathapuram(Uzhavar Sandhai ),Mint(Pudina),Mint(Pudina),Local,29/08/2026,7000,7500,7250
Tamil Nadu,Salem,Thathakapatti(Uzhavar Sandhai ),Mint(Pudina),Mint(Pudina),Local,29/08/2026,3000,3400,3200
Tamil Nadu,Coimbatore,Sundarapuram(Uzhavar Sandhai ),Mint(Pudina),Mint(Pudina),Local,29/08/2026,4500,5000,4750
Tamil Nadu,Theni,Bodinayakanur(Uzhavar Sandhai ),Mint(Pudina),Mint(Pudina),Local,29/08/2026,5000,5000,5000
Tamil Nadu,Thirupur,Palladam(Uzhavar Sandhai ),Mint(Pudina),Mint(Pudina),Local,29/08/2026,2500,3000,2750
Tamil Nadu,The Nilgiris,Udhagamandalam(Uzhavar Sandhai ),Mint(Pudina),Mint(Pudina),Local,29/08/2026,5500,6000,5750
Tamil Nadu,Salem,Vazhapadi(Uzhavar Sandhai),Mint(Pudina),Mint(Pudina),Local,29/08/2026,4000,4000,4000
Tamil Nadu,Vellore,Kahithapattarai(Uzhavar Sandhai ),Mint(Pudina),Mint(Pudina),Local,29/08/2026,5000,5000,5000
Tamil Nadu,Coimbatore,Kurichi(Uzhavar Sandhai ),Mint(Pudina),Mint(Pudina),Local,29/08/2026,4500,5000,4750
Tamil Nadu,Thiruvannamalai,Chengam(Uzhavar Sandhai ),Mint(Pudina),Mint(Pudina),Local,29/08/2026,3300,4000,3650
Tamil Nadu,Madurai,Palanganatham(Uzhavar Sandhai ),Mint(Pudina),Mint(Pudina),Local,29/08/2026,4500,5000,4750
Tamil Nadu,Krishnagiri,Kaveripattinam(Uzhavar Sandhai ),Mint(Pudina),Mint(Pudina),Local,29/08/2026,5000,5000,5000
Tamil Nadu,Salem,Ammapet(Uzhavar Sandhai ),Mint(Pudina),Mint(Pudina),Local,29/08/2026,2600,3000,2800
Tamil Nadu,The Nilgiris,Gudalur(Uzhavar Sandhai ),Mint(Pudina),Mint(Pudina),Local,29/08/2026,4000,5000,4500
Tamil Nadu,Thiruvannamalai,Tamarainagar(Uzhavar Sandhai ),Rose(Local),Rose (Local),Local,29/08/2026,15000,20000,17500
Tamil Nadu,Kallakuruchi,Kallakurichi(Uzhavar Sandhai ),Rose(Local),Rose (Local),Local,29/08/2026,40000,40000,40000
Tamil Nadu,Vellore,Kahithapattarai(Uzhavar Sandhai ),Rose(Local),Rose (Local),Local,29/08/2026,11000,13000,12000
West Bengal,Medinipur(E),Kolaghat APMC,Marigold(loose),Marigold(Loose),FAQ,29/08/2026,4500,5500,5000
Tamil Nadu,Salem,Thathakapatti(Uzhavar Sandhai ),Tube Rose(Loose),Tube Rose (Loose),Local,29/08/2026,16000,18000,17000
Tamil Nadu,Thirupur,Tiruppur (North) (Uzhavar Sandhai ),Sweet Corn ,Sweet Corn ,Local,29/08/2026,1500,2000,1750
Tamil Nadu,Namakkal,Namakkal(Uzhavar Sandhai ),Sweet Corn ,Sweet Corn ,Local,29/08/2026,5000,5500,5250
Tamil Nadu,Coimbatore,RSPuram(Uzhavar Sandhai ),Sweet Corn ,Sweet Corn ,Local,29/08/2026,3500,4000,3750
Tamil Nadu,Vellore,Perampet(Uzhavar Sandhai),Sweet Corn ,Sweet Corn ,Local,29/08/2026,3000,3000,3000
Tamil Nadu,Vellore,Thirupathur APMC,Sweet Corn ,Sweet Corn ,Local,29/08/2026,3000,3000,3000
Tamil Nadu,Perambalur,Perambalur(Uzhavar Sandhai ),Sweet Corn ,Sweet Corn ,Local,29/08/2026,4000,5000,4500
Tamil Nadu,Thiruvannamalai,Tamarainagar(Uzhavar Sandhai ),Sweet Corn ,Sweet Corn ,Local,29/08/2026,3500,4000,3750
Tamil Nadu,Salem,Mettur(Uzhavar Sandhai ),Sweet Corn ,Sweet Corn ,Local,29/08/2026,3500,4000,3750
Tamil Nadu,Coimbatore,Vadavalli(Uzhavar Sandhai ),Sweet Corn ,Sweet Corn ,Local,29/08/2026,3500,4000,3750
Tamil Nadu,Coimbatore,Udumalpet APMC,Sweet Corn ,Sweet Corn ,Local,29/08/2026,4000,5000,4500
Tamil Nadu,Madurai,Anaiyur(Uzhavar Sandhai ),Sweet Corn ,Sweet Corn ,Local,29/08/2026,2000,2400,2200
Tamil Nadu,Tuticorin,Tuticorin(Uzhavar Sandhai ),Sweet Corn ,Sweet Corn ,Local,29/08/2026,5000,6000,5500
Tamil Nadu,Vellore,Kahithapattarai(Uzhavar Sandhai ),Sweet Corn ,Sweet Corn ,Local,29/08/2026,3500,3500,3500
Tamil Nadu,Krishnagiri,Hosur(Uzhavar Sandhai ),Sweet Corn ,Sweet Corn ,Local,29/08/2026,2500,3000,2750
Tamil Nadu,Vellore,Vellore APMC,Sweet Corn ,Sweet Corn ,Local,29/08/2026,2000,2500,2250
Andhra Pradesh,Srikakulam,Kanchili APMC,Paddy(Common),1001,FAQ,29/08/2026,2400,2400,2400
Andhra Pradesh,Kakinada,Peddapuram APMC,Paddy(Common),1001,FAQ,29/08/2026,2369,2390,2369
Andhra Pradesh,Kakinada,Pithapuram APMC,Paddy(Common),B P T,FAQ,29/08/2026,2369,2389,2379
Telangana,Siddipet,Dubbak APMC,Paddy(Common),I.R.-64,FAQ,29/08/2026,2400,2400,2400
Andhra Pradesh,Palnadu,Rompicherla APMC,Paddy(Common),Paddy,FAQ,29/08/2026,2300,2480,2450
Andhra Pradesh,Palnadu,Vinukonda APMC,Paddy(Common),Paddy,FAQ,29/08/2026,2300,2500,2400
West Bengal,Medinipur(E),Kolaghat APMC,Rice,Fine,FAQ,29/08/2026,4200,4400,4300
Andhra Pradesh,Nandyal,Allagadda APMC,Maize,Local,FAQ,29/08/2026,2000,2200,2100
Andhra Pradesh,Palnadu,Narasaraopet APMC,Bengal Gram(Gram)(Whole),Desi (Whole),FAQ,29/08/2026,6000,6000,6000
Andhra Pradesh,Prakasam,Maddipadu APMC,Bengal Gram(Gram)(Whole),Gulabi,FAQ,29/08/2026,6000,6000,6000
Tamil Nadu,Chengalpattu,Pallavaram(Uzhavar Sandhai ),Groundnut,Big (With Shell),Local,29/08/2026,7000,8000,7500
Tamil Nadu,Vellore,Perampet(Uzhavar Sandhai),Groundnut,Big (With Shell),Local,29/08/2026,8000,8000,8000
Tamil Nadu,Ranipet,Arcot(Uzhavar Sandhai ),Groundnut,Big (With Shell),Local,29/08/2026,6000,6000,6000
Tamil Nadu,Perambalur,Perambalur(Uzhavar Sandhai ),Groundnut,Big (With Shell),Local,29/08/2026,8000,9000,8500
Tamil Nadu,Theni,Theni(Uzhavar Sandhai ),Groundnut,Big (With Shell),Local,29/08/2026,6500,6500,6500
Tamil Nadu,Salem,Jalagandapuram(Uzhavar Sandhai ),Groundnut,Big (With Shell),Local,29/08/2026,6500,7000,6750
Andhra Pradesh,Ananthapuramu,Kalyandurg APMC,Groundnut,Local,Grade Range-1,29/08/2026,8000,8500,8300
Andhra Pradesh,Sri Sathya Sai,Penukonda APMC,Groundnut,Local,FAQ,29/08/2026,7400,7500,7450
Andhra Pradesh,Ananthapuramu,Gooti APMC,Groundnut,Local,Grade Range-1,29/08/2026,4899,6580,5670
Andhra Pradesh,Ananthapuramu,Singanamala APMC,Groundnut,Local,Grade Range-1,29/08/2026,6600,7800,7200
Andhra Pradesh,Palnadu,Narasaraopet APMC,Cotton,Bunny,FAQ,29/08/2026,8000,8000,8000
Tamil Nadu,Coimbatore,RSPuram(Uzhavar Sandhai ),Apple,American,Local,29/08/2026,20000,28000,24000
Tamil Nadu,Tuticorin,Tuticorin(Uzhavar Sandhai ),Apple,American,Local,29/08/2026,25000,26000,25500
Tamil Nadu,Salem,Hasthampatti(Uzhavar Sandhai ),Apple,American,Local,29/08/2026,20000,22000,21000
Tamil Nadu,Coimbatore,Vadavalli(Uzhavar Sandhai ),Apple,American,Local,29/08/2026,20000,28000,24000
Punjab,Ropar (Rupnagar),Morinda APMC,Apple,Apple,Medium,29/08/2026,6500,6500,6500
Himachal Pradesh,Kangra,SMY Baijnath,Apple,Apple,Grade B,29/08/2026,4000,10000,7000
Tamil Nadu,Coimbatore,Singanallur(Uzhavar Sandhai ),Orange,Darjeeling,Local,29/08/2026,8000,9000,8500
Tamil Nadu,Coimbatore,RSPuram(Uzhavar Sandhai ),Orange,Darjeeling,Local,29/08/2026,8000,14000,11000
Tamil Nadu,Coimbatore,Vadavalli(Uzhavar Sandhai ),Orange,Darjeeling,Local,29/08/2026,8000,14000,11000
Tamil Nadu,Chengalpattu,Nanganallur(Uzhavar Sandhai ),Orange,Darjeeling,Local,29/08/2026,14000,15000,14500
Punjab,Ludhiana,Doraha APMC,Banana,Amruthapani,Local,29/08/2026,2700,2700,2700
Tamil Nadu,Nagercoil (Kannyiakumari),Myladi(Uzhavar Sandhai ),Banana,Besrai,Local,29/08/2026,5500,6000,5750
Tamil Nadu,Thiruvannamalai,Polur(Uzhavar Sandhai ),Banana,Besrai,Local,29/08/2026,4200,5000,4600
Tamil Nadu,Nagercoil (Kannyiakumari),Vadaseri APMC,Banana,Besrai,Local,29/08/2026,5500,6000,5750
Tamil Nadu,Thiruvannamalai,Tiruvannamalai(Uzhavar Sandhai ),Banana,Besrai,Local,29/08/2026,4000,5000,4500
Tamil Nadu,Virudhunagar,Srivilliputhur(Uzhavar Sandhai ),Banana,Besrai,Local,29/08/2026,3500,4000,3750
Tamil Nadu,Villupuram,Tindivanam APMC,Banana,Besrai,Local,29/08/2026,6000,6000,6000
Tamil Nadu,Chengalpattu,Thirukalukundram(Uzhavar Sandhai ),Banana,Besrai,Local,29/08/2026,4000,6000,5000
Tamil Nadu,Dharmapuri,Dharmapuri(Uzhavar Sandhai ),Banana,Besrai,Local,29/08/2026,5200,5500,5350
Tamil Nadu,Thanjavur,Kumbakonam (Uzhavar Sandhai ),Banana,Besrai,Local,29/08/2026,4000,4000,4000
Tamil Nadu,Thiruvannamalai,Tamarainagar(Uzhavar Sandhai ),Banana,Besrai,Local,29/08/2026,5000,6000,5500
Tamil Nadu,Madurai,Melur(Uzhavar Sandhai ),Banana,Besrai,Local,29/08/2026,4000,5000,4500
Tamil Nadu,Virudhunagar,Rajapalayam(Uzhavar Sandhai ),Banana,Besrai,Local,29/08/2026,3500,4000,3750
Tamil Nadu,Ramanathapuram,Paramakudi(Uzhavar Sandhai ),Banana,Besrai,Local,29/08/2026,4500,5000,4750
Tamil Nadu,Sivaganga,Karaikudi(Uzhavar Sandhai ),Banana,Besrai,Local,29/08/2026,3500,4000,3750
Tamil Nadu,Madurai,Thirumangalam(Uzhavar Sandhai ),Banana,Besrai,Local,29/08/2026,3000,4000,3500
Tamil Nadu,Thiruchirappalli,Thuraiyur APMC,Banana,Besrai,Local,29/08/2026,5000,6000,5500
Tamil Nadu,Villupuram,Ulundurpettai APMC,Banana,Besrai,Local,29/08/2026,3000,4000,3500
Tamil Nadu,Theni,Periyakulam(Uzhavar Sandhai ),Banana,Karpura,Local,29/08/2026,5000,5000,5000
Tamil Nadu,Thirupur,Palladam(Uzhavar Sandhai ),Banana,Karpura,Local,29/08/2026,4000,5000,4500
Tamil Nadu,Villupuram,Gingee(Uzhavar Sandhai ),Banana,Karpura,Local,29/08/2026,4000,5000,4500
Keralam,Thiruvananthapuram,Parassala VFPCK Market,Banana,Nendra Bale,Grade A,29/08/2026,6000,6200,6100
Keralam,Kottayam,Kaithepalam VFPCK Market,Banana,Nendra Bale,Grade A,29/08/2026,6000,6200,6100
Uttarakhand,Haridwar,Roorkee APMC,Banana,Other,Medium,29/08/2026,800,1200,1000
Haryana,Rewari,Kosli APMC,Banana,Other,Medium,29/08/2026,2000,2000,2000
Keralam,Palakad,Vaniyamkulam  VFPCK Market,Banana,Poovan,Grade A,29/08/2026,4200,4400,4300
Tamil Nadu,Chengalpattu,Madhuranthagam(Uzhavar Sandhai ),Banana,Poovan,Local,29/08/2026,4000,4000,4000
Tamil Nadu,Thiruvannamalai,Cheyyar(Uzhavar Sandhai ),Banana,Poovan,Local,29/08/2026,4000,5000,4500
Keralam,Thiruvananthapuram,Parassala VFPCK Market,Banana,Rasakathai,Grade A,29/08/2026,7000,7200,7100
Tamil Nadu,Dharmapuri,AJattihalli(Uzhavar Sandhai ),Banana,Red Banana,Local,29/08/2026,9000,9000,9000
Tamil Nadu,Salem,Athur(Uzhavar Sandhai ),Banana,Red Banana,Local,29/08/2026,7000,7500,7250
Tamil Nadu,Namakkal,Rasipuram(Uzhavar Sandhai ),Banana,Red Banana,Local,29/08/2026,7000,7500,7250
Tamil Nadu,Salem,Jalagandapuram(Uzhavar Sandhai ),Banana,Red Banana,Local,29/08/2026,6500,7000,6750
Tamil Nadu,Salem,Elampillai(Uzhavar Sandhai ),Banana,Red Banana,Local,29/08/2026,7500,8000,7750
Tamil Nadu,Pudukkottai,Pudukottai(Uzhavar Sandhai ),Banana,Red Banana,Local,29/08/2026,8000,9000,8500
Tamil Nadu,Nagapattinam,Nagapattinam(Uzhavar Sandhai ),Mango,Neelam,Local,29/08/2026,4500,5000,4750
Tamil Nadu,Salem,Vazhapadi(Uzhavar Sandhai),Mango,Neelam,Local,29/08/2026,5000,5000,5000
Tamil Nadu,Dindigul,Palani(Uzhavar Sandhai ),Mango,Neelam,Local,29/08/2026,5000,6000,5500
Tamil Nadu,Coimbatore,Sundarapuram(Uzhavar Sandhai ),Mango,Other,Local,29/08/2026,8000,9000,8500
Tamil Nadu,Thiruvannamalai,Arani(Uzhavar Sandhai ),Mango,Safeda,Local,29/08/2026,5000,6000,5500
Tamil Nadu,Thanjavur,Kumbakonam (Uzhavar Sandhai ),Mango,Safeda,Local,29/08/2026,3000,8000,5500
Tamil Nadu,Sivaganga,Sivagangai (Uzhavar Sandhai ),Mango,Safeda,Local,29/08/2026,4500,4500,4500
Tamil Nadu,Krishnagiri,Hosur(Uzhavar Sandhai ),Pineapple,Pine Apple,Local,29/08/2026,8000,10000,9000
Tamil Nadu,Theni,Theni(Uzhavar Sandhai ),Pineapple,Pine Apple,Local,29/08/2026,8000,8000,8000
Tamil Nadu,Chengalpattu,Nanganallur(Uzhavar Sandhai ),Grapes,Annabesahai,Local,29/08/2026,9000,10000,9500
Tamil Nadu,Krishnagiri,Hosur(Uzhavar Sandhai ),Grapes,Annabesahai,Local,29/08/2026,14000,16000,15000
Tamil Nadu,Coimbatore,Singanallur(Uzhavar Sandhai ),Grapes,Annabesahai,Local,29/08/2026,9000,10000,9500
Tamil Nadu,Vellore,Vellore APMC,Grapes,Annabesahai,Local,29/08/2026,10000,10000,10000
Tamil Nadu,Theni,Theni(Uzhavar Sandhai ),Grapes,Annabesahai,Local,29/08/2026,12000,12000,12000
Tamil Nadu,Krishnagiri,Kaveripattinam(Uzhavar Sandhai ),Onion,Bellary,Local,29/08/2026,5000,5000,5000
Tamil Nadu,Thanjavur,Pattukottai(Uzhavar Sandhai ),Onion,Bellary,Local,29/08/2026,4600,6000,5300
Tamil Nadu,Theni,Kambam(Uzhavar Sandhai ),Onion,Bellary,Local,29/08/2026,5500,5500,5500
Tamil Nadu,Thiruchirappalli,Musiri(Uzhavar Sandhai ),Onion,Bellary,Local,29/08/2026,5000,6500,5750
Tamil Nadu,Thirunelveli,NGO Colony(Uzhavar Sandhai ),Onion,Bellary,Local,29/08/2026,5000,5600,5300
Tamil Nadu,Salem,Thammampatti (Uzhavar Sandhai ),Onion,Bellary,Local,29/08/2026,5500,6000,5750
Tamil Nadu,Krishnagiri,Hosur(Uzhavar Sandhai ),Onion,Bellary,Local,29/08/2026,5000,6000,5500
Tamil Nadu,Cuddalore,Panruti(Uzhavar Sandhai ),Onion,Bellary,Local,29/08/2026,5000,6000,5500
Tamil Nadu,Namakkal,Rasipuram(Uzhavar Sandhai ),Onion,Bellary,Local,29/08/2026,5600,6000,5800
Tamil Nadu,Karur,Gandhigramam(Uzhavar Sandhai),Onion,Bellary,Local,29/08/2026,5500,6000,5750
Tamil Nadu,Thiruchirappalli,Manachanallur(Uzhavar Sandhai ),Onion,Bellary,Local,29/08/2026,5000,6000,5500
Tamil Nadu,Erode,Thalavadi(Uzhavar Sandhai ),Onion,Bellary,Local,29/08/2026,5400,5800,5600
Tamil Nadu,Virudhunagar,Sivakasi(Uzhavar Sandhai ),Onion,Bellary,Local,29/08/2026,5000,6000,5500
Tamil Nadu,Perambalur,Perambalur(Uzhavar Sandhai ),Onion,Bellary,Local,29/08/2026,6000,6600,6300
Tamil Nadu,Coimbatore,Kurichi(Uzhavar Sandhai ),Onion,Bellary,Local,29/08/2026,5000,5500,5250
Tamil Nadu,Thiruchirappalli,Lalgudi(Uzhavar Sandhai ),Onion,Bellary,Local,29/08/2026,6000,6000,6000
Tamil Nadu,Thiruvannamalai,Polur(Uzhavar Sandhai ),Onion,Bellary,Local,29/08/2026,5000,6000,5500
Tamil Nadu,Vellore,Perampet(Uzhavar Sandhai),Onion,Bellary,Local,29/08/2026,5000,5000,5000
Tamil Nadu,Krishnagiri,Avallapalli(Uzhavar Sandhai ),Onion,Bellary,Local,29/08/2026,5500,6000,5750
Tamil Nadu,Krishnagiri,Denkanikottai(Uzhavar Sandhai ),Onion,Bellary,Local,29/08/2026,5500,6000,5750
Tamil Nadu,Pudukkottai,Viralimalai(Uzhavar Sandhai ),Onion,Bellary,Local,29/08/2026,5000,6000,5500
Tamil Nadu,Kallakuruchi,Sankarapuram(Uzhavar Sandhai ),Onion,Bellary,Local,29/08/2026,6000,6000,6000
Tamil Nadu,Dharmapuri,Karimangalam(Uzhavar Sandhai),Onion,Bellary,Local,29/08/2026,5000,5500,5250
Tamil Nadu,Dharmapuri,Harur(Uzhavar Sandhai ),Onion,Bellary,Local,29/08/2026,4500,5500,5000
Tamil Nadu,Sivaganga,Singampunari(Uzhavar Sandhai ),Onion,Bellary,Local,29/08/2026,4200,6000,5100
Tamil Nadu,Salem,Sooramangalam(Uzhavar Sandhai ),Onion,Bellary,Local,29/08/2026,5500,6000,5750
Tamil Nadu,Thirupur,Tiruppur (South) (Uzhavar Sandhai ),Onion,Bellary,Local,29/08/2026,4000,5000,4500
Tamil Nadu,Kancheepuram,Padappai(Uzhavar Sandhai ),Onion,Bellary,Local,29/08/2026,4500,5500,5000
Tamil Nadu,Virudhunagar,Srivilliputhur(Uzhavar Sandhai ),Onion,Bellary,Local,29/08/2026,4500,5500,5000
Uttarakhand,Haridwar,Haridwar Union APMC,Onion,Other,Medium,29/08/2026,2500,4500,3500
Punjab,Tarntaran,Tarantaran APMC,Onion,Other,Local,29/08/2026,2600,2600,2600
Bihar,Khagaria,Khagaria APMC,Onion,Red,Grade A,29/08/2026,3300,3700,3520
Tamil Nadu,Thiruvellore,Tiruthani(Uzhavar Sandhai ),Potato,Red Nanital,Local,29/08/2026,4000,4000,4000
Tamil Nadu,Thiruvannamalai,Polur(Uzhavar Sandhai ),Potato,Red Nanital,Local,29/08/2026,2500,3000,2750
Tamil Nadu,Krishnagiri,Avallapalli(Uzhavar Sandhai ),Potato,Red Nanital,Local,29/08/2026,2000,2500,2250
Tamil Nadu,Vellore,Thirupathur APMC,Potato,Red Nanital,Local,29/08/2026,3000,3000,3000
Tamil Nadu,Nagapattinam,Sirkali(Uzhavar Sandhai ),Potato,Red Nanital,Local,29/08/2026,3600,4000,3800
Tamil Nadu,Nagapattinam,Nagapattinam(Uzhavar Sandhai ),Potato,Red Nanital,Local,29/08/2026,4000,4500,4250
Tamil Nadu,Cuddalore,Cuddalore(Uzhavar Sandhai ),Potato,Red Nanital,Local,29/08/2026,4000,4000,4000
Tamil Nadu,Namakkal,Kumarapalayam(Uzhavar Sandhai ),Potato,Red Nanital,Local,29/08/2026,3000,3500,3250
Tamil Nadu,Thiruvannamalai,Chengam(Uzhavar Sandhai ),Potato,Red Nanital,Local,29/08/2026,3300,4000,3650
Tamil Nadu,Erode,Gobichettipalayam(Uzhavar Sandhai ),Potato,Red Nanital,Local,29/08/2026,3800,4000,3900
Tamil Nadu,Krishnagiri,Krishnagiri(Uzhavar Sandhai ),Potato,Red Nanital,Local,29/08/2026,2000,2600,2300
Tamil Nadu,Vellore,Vellore APMC,Potato,Red Nanital,Local,29/08/2026,2400,3400,2900
Tamil Nadu,Theni,Devaram(Uzhavar Sandhai ),Potato,Red Nanital,Local,29/08/2026,2500,2500,2500
Tamil Nadu,Salem,Thathakapatti(Uzhavar Sandhai ),Potato,Red Nanital,Local,29/08/2026,2800,7000,4900
Tamil Nadu,Cuddalore,Panruti(Uzhavar Sandhai ),Potato,Red Nanital,Local,29/08/2026,4000,4000,4000
Tamil Nadu,Sivaganga,Karaikudi(Uzhavar Sandhai ),Potato,Red Nanital,Local,29/08/2026,6000,6500,6250
Tamil Nadu,Erode,Thalavadi(Uzhavar Sandhai ),Potato,Red Nanital,Local,29/08/2026,3500,4000,3750
Himachal Pradesh,Kangra,SMY Baijnath,Potato,Desi,Grade A,29/08/2026,1900,2000,2000
Uttarakhand,Haridwar,Haridwar Union APMC,Potato,Other,Medium,29/08/2026,1000,1400,1200
Tamil Nadu,Karur,Kulithalai(Uzhavar Sandhai ),Potato,Other,Local,29/08/2026,5000,5500,5250
Tamil Nadu,Dindigul,Palani(Uzhavar Sandhai ),Potato,Other,Local,29/08/2026,3000,4000,3500
Tamil Nadu,Thiruvannamalai,Cheyyar(Uzhavar Sandhai ),Potato,Other,Local,29/08/2026,3200,4000,3600
Tamil Nadu,Kancheepuram,Sunguvarchatram(Uzhavar Sandhai ),Potato,Other,Local,29/08/2026,2600,2600,2600
Tamil Nadu,Thiruchirappalli,Lalgudi(Uzhavar Sandhai ),Potato,Other,Local,29/08/2026,3000,3000,3000
Tamil Nadu,Tuticorin,Tuticorin(Uzhavar Sandhai ),Potato,Other,Local,29/08/2026,2500,3000,2750
Tamil Nadu,Sivaganga,Singampunari(Uzhavar Sandhai ),Potato,Other,Local,29/08/2026,5600,6200,5900
Tamil Nadu,Coimbatore,Vadavalli(Uzhavar Sandhai ),Potato,Other,Local,29/08/2026,6500,7000,6750
Tamil Nadu,Theni,Periyakulam(Uzhavar Sandhai ),Potato,Other,Local,29/08/2026,2600,2600,2600
Tamil Nadu,Coimbatore,Singanallur(Uzhavar Sandhai ),Potato,Other,Local,29/08/2026,7200,8000,7600
Tamil Nadu,Salem,Mettur(Uzhavar Sandhai ),Potato,Other,Local,29/08/2026,4000,4500,4250
Tamil Nadu,Sivaganga,Devakottai (Uzhavar Sandhai ),Potato,Other,Local,29/08/2026,4200,5000,4600
Tamil Nadu,Thirupur,Tiruppur (South) (Uzhavar Sandhai ),Potato,Other,Local,29/08/2026,4000,5000,4500
Tamil Nadu,Karur,Gandhigramam(Uzhavar Sandhai),Potato,Other,Local,29/08/2026,3500,6000,4750
Tamil Nadu,Thirupur,Tiruppur (North) (Uzhavar Sandhai ),Potato,Other,Local,29/08/2026,5000,6000,5500
Bihar,Khagaria,Khagaria APMC,Potato,Red,Grade A,29/08/2026,1130,1250,1190
Punjab,Ropar (Rupnagar),Morinda APMC,Garlic,Garlic,Local,29/08/2026,9000,10000,9500
Tamil Nadu,Dharmapuri,Pennagaram(Uzhavar Sandhai ),Garlic,Garlic,Local,29/08/2026,21000,22000,21500
Tamil Nadu,Dharmapuri,Dharmapuri(Uzhavar Sandhai ),Garlic,Garlic,Local,29/08/2026,23000,23800,23400
Tamil Nadu,Coimbatore,Vadavalli(Uzhavar Sandhai ),Garlic,Garlic,Local,29/08/2026,21500,23000,22250
Tamil Nadu,The Nilgiris,Udhagamandalam(Uzhavar Sandhai ),Garlic,Garlic,Local,29/08/2026,18000,20000,19000
Tamil Nadu,Coimbatore,Sulur(Uzhavar Sandhai ),Garlic,Garlic,Local,29/08/2026,15000,20000,17500
Tamil Nadu,Thirupur,Tiruppur (South) (Uzhavar Sandhai ),Garlic,Garlic,Local,29/08/2026,21000,24000,22500
Tamil Nadu,Theni,Theni(Uzhavar Sandhai ),Garlic,Garlic,Local,29/08/2026,10000,20000,15000
Tamil Nadu,Salem,Athur(Uzhavar Sandhai ),Garlic,Garlic,Local,29/08/2026,22000,26000,24000
Tamil Nadu,Thiruvannamalai,Arani(Uzhavar Sandhai ),Garlic,Garlic,Local,29/08/2026,20000,24000,22000
Tamil Nadu,Dharmapuri,Harur(Uzhavar Sandhai ),Garlic,Garlic,Local,29/08/2026,18000,20000,19000
Madhya Pradesh,Morena,Kailaras APMC,Ginger(Dry),Other,FAQ,29/08/2026,8000,8000,8000
Punjab,Hoshiarpur,Mukerian(Talwara) APMC,Cauliflower,Cauliflower,FAQ,29/08/2026,4000,5000,4500
Gujarat,Amreli,Damnagar APMC,Cauliflower,Cauliflower,Local,29/08/2026,5000,5000,5000
Punjab,Amritsar,Rayya APMC,Cauliflower,Local,FAQ,29/08/2026,3184,3184,3184
Tamil Nadu,Dharmapuri,Pennagaram(Uzhavar Sandhai ),Cauliflower,Ranchi,Local,29/08/2026,2800,3000,2900
Tamil Nadu,Coimbatore,Vadavalli(Uzhavar Sandhai ),Cauliflower,Ranchi,Local,29/08/2026,4400,4800,4600
Tamil Nadu,Theni,Devaram(Uzhavar Sandhai ),Cauliflower,Ranchi,Local,29/08/2026,3000,3000,3000
Tamil Nadu,Theni,Kambam(Uzhavar Sandhai ),Cauliflower,Ranchi,Local,29/08/2026,3000,3500,3250
Tamil Nadu,Erode,Sathiyamagalam(Uzhavar Sandhai ),Cauliflower,Ranchi,Local,29/08/2026,3000,3400,3200
Tamil Nadu,Krishnagiri,Krishnagiri(Uzhavar Sandhai ),Cauliflower,Ranchi,Local,29/08/2026,2500,3000,2750
Tamil Nadu,Dharmapuri,AJattihalli(Uzhavar Sandhai ),Cauliflower,Ranchi,Local,29/08/2026,3500,3500,3500
Tamil Nadu,Nagapattinam,Sirkali(Uzhavar Sandhai ),Cauliflower,Ranchi,Local,29/08/2026,5000,5000,5000
Tamil Nadu,Chengalpattu,Nanganallur(Uzhavar Sandhai ),Cauliflower,Ranchi,Local,29/08/2026,2500,3000,2750
Tamil Nadu,Thirupur,Palladam(Uzhavar Sandhai ),Cauliflower,Ranchi,Local,29/08/2026,3000,3500,3250
Tamil Nadu,Dharmapuri,Karimangalam(Uzhavar Sandhai),Cauliflower,Ranchi,Local,29/08/2026,3800,4000,3900
Tamil Nadu,Thanjavur,Pattukottai(Uzhavar Sandhai ),Cauliflower,Ranchi,Local,29/08/2026,4800,4800,4800
Tamil Nadu,Sivaganga,Devakottai (Uzhavar Sandhai ),Cauliflower,Ranchi,Local,29/08/2026,3200,4000,3600
Tamil Nadu,Sivaganga,Sivagangai (Uzhavar Sandhai ),Cauliflower,Ranchi,Local,29/08/2026,3400,3600,3500
Tamil Nadu,Thirupur,Tiruppur (South) (Uzhavar Sandhai ),Cauliflower,Ranchi,Local,29/08/2026,3000,4000,3500
Tamil Nadu,Coimbatore,Pollachi(Uzhavar Sandhai ),Cauliflower,Ranchi,Local,29/08/2026,4500,5000,4750
Tamil Nadu,Thiruchirappalli,Lalgudi(Uzhavar Sandhai ),Cauliflower,Ranchi,Local,29/08/2026,4000,4000,4000
Tamil Nadu,Virudhunagar,Kariyapatti(Uzhavar Sandhai ),Cauliflower,Ranchi,Local,29/08/2026,3500,4000,3750
Uttar Pradesh,Mau(Maunathbhanjan),Kopaganj APMC,Brinjal,Brinjal,FAQ,29/08/2026,1450,1500,1490
Himachal Pradesh,Kangra,SMY Baijnath,Brinjal,Brinjal,Grade A,29/08/2026,2700,3300,3200
Chandigarh,Chandigarh,Chandigarh (Grain/F&V) APMC,Brinjal,Brinjal,FAQ,29/08/2026,1000,1500,1200
Tamil Nadu,Thiruchirappalli,Thuraiyur APMC,Brinjal,Other,Local,29/08/2026,3000,3500,3250
Tamil Nadu,Pudukkottai,Aranthangi(Uzhavar Sandhai ),Brinjal,Other,Local,29/08/2026,5000,6000,5500
Tamil Nadu,Theni,Theni(Uzhavar Sandhai ),Brinjal,Other,Local,29/08/2026,3000,3500,3250
Tamil Nadu,Erode,Sathiyamagalam(Uzhavar Sandhai ),Brinjal,Other,Local,29/08/2026,3800,4200,4000
Tamil Nadu,Salem,Mecheri(Uzhavar Sandhai),Brinjal,Other,Local,29/08/2026,3500,4000,3750
Tamil Nadu,Salem,Ammapet(Uzhavar Sandhai ),Brinjal,Other,Local,29/08/2026,3400,3600,3500
Tamil Nadu,Karur,Pallapatti (Uzhavar Sandhai ),Brinjal,Other,Local,29/08/2026,5000,6000,5500
Tamil Nadu,Namakkal,Rasipuram(Uzhavar Sandhai ),Brinjal,Other,Local,29/08/2026,5800,6500,6150
Tamil Nadu,Coimbatore,Pollachi(Uzhavar Sandhai ),Brinjal,Other,Local,29/08/2026,4000,4500,4250
Tamil Nadu,Thiruchirappalli,Lalgudi(Uzhavar Sandhai ),Brinjal,Other,Local,29/08/2026,5600,5600,5600
Tamil Nadu,Madurai,Palanganatham(Uzhavar Sandhai ),Brinjal,Other,Local,29/08/2026,3600,4000,3800
Tamil Nadu,Dharmapuri,AJattihalli(Uzhavar Sandhai ),Brinjal,Other,Local,29/08/2026,2000,2000,2000
Tamil Nadu,Sivaganga,Tirupatthur(Uzhavar Sandhai ),Brinjal,Other,Local,29/08/2026,4000,4500,4250
Tamil Nadu,Krishnagiri,Avallapalli(Uzhavar Sandhai ),Brinjal,Round,Local,29/08/2026,2500,3000,2750
Tamil Nadu,Pudukkottai,Viralimalai(Uzhavar Sandhai ),Brinjal,Round,Local,29/08/2026,5000,6000,5500
Tamil Nadu,Dharmapuri,Harur(Uzhavar Sandhai ),Brinjal,Round,Local,29/08/2026,2500,3000,2750
Tamil Nadu,Thiruvellore,Tiruthani(Uzhavar Sandhai ),Brinjal,Round,Local,29/08/2026,4000,4000,4000
Tamil Nadu,Ariyalur,Jeyankondam (Uzhavar Sandhai ),Brinjal,Round,Local,29/08/2026,4000,4600,4300
Tamil Nadu,Erode,Gobichettipalayam(Uzhavar Sandhai ),Brinjal,Round,Local,29/08/2026,4800,5000,4900
Tamil Nadu,Virudhunagar,Thalavaipuram(Uzhavar Sandhai ),Brinjal,Round,Local,29/08/2026,3200,4000,3600
Tamil Nadu,Pudukkottai,Ponnamaravathi(Uzhavar Sandhai),Brinjal,Round,Local,29/08/2026,6500,7000,6750
Tamil Nadu,Virudhunagar,Srivilliputhur(Uzhavar Sandhai ),Brinjal,Round,Local,29/08/2026,3000,3500,3250
Tamil Nadu,Nagapattinam,Vedaranyam(Uzhavar Sandhai),Brinjal,Round,Local,29/08/2026,6600,6600,6600
Tamil Nadu,Chengalpattu,Nanganallur(Uzhavar Sandhai ),Brinjal,Round,Local,29/08/2026,3500,4000,3750
Tamil Nadu,Salem,Thammampatti (Uzhavar Sandhai ),Brinjal,Round,Local,29/08/2026,3000,4000,3500
Tamil Nadu,Dharmapuri,Pennagaram(Uzhavar Sandhai ),Brinjal,Round,Local,29/08/2026,3300,3500,3400
Tamil Nadu,Nagapattinam,Mayiladuthurai(Uzhavar Sandhai ),Brinjal,Round,Local,29/08/2026,4500,5000,4750
Tamil Nadu,Sivaganga,Karaikudi(Uzhavar Sandhai ),Brinjal,Round,Local,29/08/2026,4000,4500,4250
Tamil Nadu,Thanjavur,Kumbakonam (Uzhavar Sandhai ),Brinjal,Round,Local,29/08/2026,4800,8400,6600
Tamil Nadu,Vellore,Pallikonda(Uzhavar Sandhai),Brinjal,Round,Local,29/08/2026,3500,4000,3750
Telangana,Ranga Reddy,"Vanasthalipuram,RBZ ",Brinjal,Round/Long,Grade A,29/08/2026,2300,2300,2300
Uttar Pradesh,Khiri (Lakhimpur),Maigalganj APMC,Brinjal,Round/Long,FAQ,29/08/2026,1100,1130,1115
Andhra Pradesh,Kakinada,Tuni APMC,Cashewnuts,Local(Raw),FAQ,29/08/2026,13000,13000,13000
Tamil Nadu,Chengalpattu,Nanganallur(Uzhavar Sandhai ),Coriander(Leaves),I Sort,Local,29/08/2026,2500,3000,2750
Tamil Nadu,Sivaganga,Sivagangai (Uzhavar Sandhai ),Coriander(Leaves),I Sort,Local,29/08/2026,4400,4600,4500
Tamil Nadu,Kancheepuram,Padappai(Uzhavar Sandhai ),Coriander(Leaves),I Sort,Local,29/08/2026,5000,6000,5500
Tamil Nadu,Coimbatore,Mettupalayam(Uzhavar Sandhai ),Coriander(Leaves),I Sort,Local,29/08/2026,4500,5000,4750
Tamil Nadu,Namakkal,Namakkal(Uzhavar Sandhai ),Coriander(Leaves),I Sort,Local,29/08/2026,7000,8000,7500
Tamil Nadu,Coimbatore,Singanallur(Uzhavar Sandhai ),Coriander(Leaves),I Sort,Local,29/08/2026,3500,4000,3750
Tamil Nadu,Villupuram,Ulundurpettai APMC,Coriander(Leaves),I Sort,Local,29/08/2026,6000,6000,6000
Tamil Nadu,Virudhunagar,Rajapalayam(Uzhavar Sandhai ),Coriander(Leaves),I Sort,Local,29/08/2026,4000,4500,4250
Tamil Nadu,Karur,Gandhigramam(Uzhavar Sandhai),Coriander(Leaves),I Sort,Local,29/08/2026,5000,5500,5250
Tamil Nadu,Karur,Kulithalai(Uzhavar Sandhai ),Coriander(Leaves),I Sort,Local,29/08/2026,2500,3000,2750
Tamil Nadu,Vellore,Perampet(Uzhavar Sandhai),Coriander(Leaves),I Sort,Local,29/08/2026,5000,5000,5000
Tamil Nadu,Vellore,Kahithapattarai(Uzhavar Sandhai ),Coriander(Leaves),I Sort,Local,29/08/2026,2500,2500,2500
Tamil Nadu,Virudhunagar,Kariyapatti(Uzhavar Sandhai ),Coriander(Leaves),I Sort,Local,29/08/2026,3500,4000,3750
Tamil Nadu,Pudukkottai,Gandarvakottai(Uzhavar Sandhai ),Coriander(Leaves),I Sort,Local,29/08/2026,4000,5000,4500
Tamil Nadu,Kallakuruchi,Kallakurichi(Uzhavar Sandhai ),Coriander(Leaves),I Sort,Local,29/08/2026,6000,6000,6000
Tamil Nadu,Cuddalore,Viruthachalam(Uzhavar Sandhai ),Coriander(Leaves),I Sort,Local,29/08/2026,5000,5000,5000
Tamil Nadu,Dharmapuri,Dharmapuri(Uzhavar Sandhai ),Coriander(Leaves),I Sort,Local,29/08/2026,4500,5000,4750
Tamil Nadu,Thiruvannamalai,Chengam(Uzhavar Sandhai ),Coriander(Leaves),I Sort,Local,29/08/2026,5000,6000,5500
Tamil Nadu,Thiruchirappalli,Musiri(Uzhavar Sandhai ),Coriander(Leaves),I Sort,Local,29/08/2026,2600,3000,2800
Tamil Nadu,Madurai,Palanganatham(Uzhavar Sandhai ),Coriander(Leaves),I Sort,Local,29/08/2026,4000,4500,4250
Tamil Nadu,Vellore,Pallikonda(Uzhavar Sandhai),Coriander(Leaves),I Sort,Local,29/08/2026,3000,3500,3250
Tamil Nadu,Vellore,Gudiyatham(Uzhavar Sandhai ),Coriander(Leaves),I Sort,Local,29/08/2026,5000,5000,5000
Tamil Nadu,Salem,Elampillai(Uzhavar Sandhai ),Coriander(Leaves),I Sort,Local,29/08/2026,3000,3600,3300
Andaman and Nicobar,North and Middle Andaman ,Diglipur Vegetable Market (Subhashgram),Coriander(Leaves),Local,FAQ,29/08/2026,20000,30000,25000
Andhra Pradesh,Palnadu,Macharla APMC,Red gram/Arhar/Tur(whole),Local,Grade Range-1,29/08/2026,8200,8200,8200
Tamil Nadu,Vellore,Vellore APMC,Green Peas,Green Peas,Local,29/08/2026,12000,14000,13000
Tamil Nadu,Namakkal,Kumarapalayam(Uzhavar Sandhai ),Chikoos(Sapota),Sapota,Local,29/08/2026,3500,4000,3750
Tamil Nadu,Namakkal,Rasipuram(Uzhavar Sandhai ),Chikoos(Sapota),Sapota,Local,29/08/2026,4000,4500,4250
Tamil Nadu,Virudhunagar,Kariyapatti(Uzhavar Sandhai ),Chikoos(Sapota),Sapota,Local,29/08/2026,3500,4000,3750
Tamil Nadu,Namakkal,Tiruchengode APMC,Chikoos(Sapota),Sapota,Local,29/08/2026,4000,4500,4250
Tamil Nadu,Tuticorin,Tuticorin(Uzhavar Sandhai ),Chikoos(Sapota),Sapota,Local,29/08/2026,4500,5000,4750
Tamil Nadu,Cuddalore,Cuddalore(Uzhavar Sandhai ),Papaya,Papaya,Local,29/08/2026,4000,4000,4000
Tamil Nadu,Coimbatore,Kurichi(Uzhavar Sandhai ),Papaya,Papaya,Local,29/08/2026,4000,4500,4250
Tamil Nadu,Theni,Kambam(Uzhavar Sandhai ),Papaya,Papaya,Local,29/08/2026,3500,3500,3500
Tamil Nadu,Thiruvannamalai,Vandavasi(Uzhavar Sandhai ),Papaya,Papaya,Local,29/08/2026,3500,4000,3750
Tamil Nadu,Thiruvannamalai,Arani(Uzhavar Sandhai ),Papaya,Papaya,Local,29/08/2026,3000,4000,3500
Tamil Nadu,Virudhunagar,Rajapalayam(Uzhavar Sandhai ),Papaya,Papaya,Local,29/08/2026,3000,3500,3250
Tamil Nadu,Ranipet,Arcot(Uzhavar Sandhai ),Papaya,Papaya,Local,29/08/2026,4000,4000,4000
Tamil Nadu,Cuddalore,Panruti(Uzhavar Sandhai ),Papaya,Papaya,Local,29/08/2026,4000,4000,4000
Tamil Nadu,Thirupur,Tiruppur (South) (Uzhavar Sandhai ),Papaya,Papaya,Local,29/08/2026,2500,3000,2750
Tamil Nadu,Coimbatore,Pollachi(Uzhavar Sandhai ),Papaya,Papaya,Local,29/08/2026,4000,4500,4250
Tamil Nadu,Nagapattinam,Nagapattinam(Uzhavar Sandhai ),Papaya,Papaya,Local,29/08/2026,4600,4600,4600
Tamil Nadu,Thirupur,Dharapuram(Uzhavar Sandhai ),Papaya,Papaya,Local,29/08/2026,2500,3000,2750
Tamil Nadu,Theni,Bodinayakanur(Uzhavar Sandhai ),Papaya,Papaya,Local,29/08/2026,3000,3000,3000
Tamil Nadu,Coimbatore,Udumalpet APMC,Papaya,Papaya,Local,29/08/2026,2500,3500,3000
Tamil Nadu,Thiruchirappalli,Musiri(Uzhavar Sandhai ),Papaya,Papaya,Local,29/08/2026,3500,4000,3750
Tamil Nadu,Thiruchirappalli,Thuraiyur APMC,Papaya,Papaya,Local,29/08/2026,3000,4000,3500
Tamil Nadu,Salem,Edapadi (Uzhavar Sandhai ),Papaya,Papaya,Local,29/08/2026,2800,3000,2900
Tamil Nadu,Vellore,Pallikonda(Uzhavar Sandhai),Papaya,Papaya,Local,29/08/2026,3500,4000,3750
Tamil Nadu,Villupuram,Ulundurpettai APMC,Papaya,Papaya,Local,29/08/2026,3000,3000,3000
Tamil Nadu,Namakkal,Paramathivelur(Uzhavar Sandhai ),Papaya,Papaya,Local,29/08/2026,2500,3000,2750
Tamil Nadu,Coimbatore,Singanallur(Uzhavar Sandhai ),Papaya,Papaya,Local,29/08/2026,4400,4800,4600
Tamil Nadu,Karur,Karur(Uzhavar Sandhai ),Papaya,Papaya,Local,29/08/2026,3500,4000,3750
Tamil Nadu,Thiruvannamalai,Chengam(Uzhavar Sandhai ),Papaya,Papaya,Local,29/08/2026,3000,3500,3250
Tamil Nadu,Thiruchirappalli,Lalgudi(Uzhavar Sandhai ),Papaya,Papaya,Local,29/08/2026,4600,4600,4600
Tamil Nadu,Madurai,Anna nagar(Uzhavar Sandhai ),Papaya,Papaya,Local,29/08/2026,4000,4500,4250
Chandigarh,Chandigarh,Chandigarh (Grain/F&V) APMC,Water Melon,Other,Medium,29/08/2026,1500,2500,2000
Tamil Nadu,Salem,Athur(Uzhavar Sandhai ),Water Melon,Water Melon,Local,29/08/2026,1500,2000,1750
Tamil Nadu,Coimbatore,RSPuram(Uzhavar Sandhai ),Water Melon,Water Melon,Local,29/08/2026,1500,2000,1750
Tamil Nadu,Namakkal,Mohanur(Uzhavar Sandhai ),Water Melon,Water Melon,Local,29/08/2026,1000,1200,1100
Tamil Nadu,Salem,Thathakapatti(Uzhavar Sandhai ),Mousambi(Sweet Lime),Mousambi,Local,29/08/2026,3500,4000,3750
Tamil Nadu,Coimbatore,Vadavalli(Uzhavar Sandhai ),Mousambi(Sweet Lime),Mousambi,Local,29/08/2026,4000,5000,4500
Tamil Nadu,Chengalpattu,Nanganallur(Uzhavar Sandhai ),Mousambi(Sweet Lime),Mousambi,Local,29/08/2026,3500,4000,3750
Tamil Nadu,Madurai,Anaiyur(Uzhavar Sandhai ),Mousambi(Sweet Lime),Mousambi,Local,29/08/2026,7000,7500,7250
Tamil Nadu,Salem,Mettur(Uzhavar Sandhai ),Mousambi(Sweet Lime),Mousambi,Local,29/08/2026,2500,3000,2750
Tamil Nadu,Thiruvannamalai,Keelpennathur(Uzhavar Sandhai ),Tomato,Deshi,Local,29/08/2026,2000,2500,2250
Tamil Nadu,Thanjavur,Kumbakonam (Uzhavar Sandhai ),Tomato,Deshi,Local,29/08/2026,2400,2800,2600
Tamil Nadu,Ariyalur,Ariyalur(Uzhavar Sandhai),Tomato,Deshi,Local,29/08/2026,2400,2800,2600
Tamil Nadu,Vellore,Perampet(Uzhavar Sandhai),Tomato,Deshi,Local,29/08/2026,1800,1800,1800
Tamil Nadu,Dharmapuri,Harur(Uzhavar Sandhai ),Tomato,Deshi,Local,29/08/2026,1500,2000,1750
Tamil Nadu,Namakkal,Kumarapalayam(Uzhavar Sandhai ),Tomato,Deshi,Local,29/08/2026,1800,2000,1900
Tamil Nadu,Karur,Vengamedu(Uzhavar Sandhai ),Tomato,Deshi,Local,29/08/2026,1900,2400,2150
Tamil Nadu,Salem,Vazhapadi(Uzhavar Sandhai),Tomato,Deshi,Local,29/08/2026,1400,2000,1700
Tamil Nadu,Madurai,Palanganatham(Uzhavar Sandhai ),Tomato,Deshi,Local,29/08/2026,2000,2400,2200
Tamil Nadu,Villupuram,Gingee(Uzhavar Sandhai ),Tomato,Deshi,Local,29/08/2026,1500,2000,1750
Tamil Nadu,Theni,Kambam(Uzhavar Sandhai ),Tomato,Deshi,Local,29/08/2026,1800,1800,1800
Tamil Nadu,Karur,Karur(Uzhavar Sandhai ),Tomato,Deshi,Local,29/08/2026,1900,2400,2150
Tamil Nadu,Vellore,Kahithapattarai(Uzhavar Sandhai ),Tomato,Deshi,Local,29/08/2026,2400,2400,2400
Andhra Pradesh,Kurnool,Pattikonda APMC,Tomato,Local,FAQ,29/08/2026,800,1200,1000
Tamil Nadu,Thirupur,Dharapuram(Uzhavar Sandhai ),Tomato,Local,Local,29/08/2026,1200,1700,1450
Tamil Nadu,Thiruvannamalai,Vandavasi(Uzhavar Sandhai ),Tomato,Local,Local,29/08/2026,2000,2500,2250
Tamil Nadu,Dharmapuri,Karimangalam(Uzhavar Sandhai),Tomato,Local,Local,29/08/2026,1800,2000,1900
Tamil Nadu,Thiruvannamalai,Cheyyar(Uzhavar Sandhai ),Tomato,Local,Local,29/08/2026,2000,2500,2250
Tamil Nadu,Tuticorin,Kovilpatti(Uzhavar Sandhai ),Tomato,Local,Local,29/08/2026,2000,2500,2250
Punjab,Bhatinda,Rampuraphul(Nabha Mandi) APMC,Tomato,Other,Grade A,29/08/2026,1500,2500,2000
Tamil Nadu,Namakkal,Rasipuram(Uzhavar Sandhai ),Tomato,Other,Local,29/08/2026,2000,2400,2200
Tamil Nadu,Salem,Edapadi (Uzhavar Sandhai ),Tomato,Other,Local,29/08/2026,2000,2200,2100
Tamil Nadu,Sivaganga,Tirupatthur(Uzhavar Sandhai ),Tomato,Other,Local,29/08/2026,2200,2500,2350
Tamil Nadu,Theni,Periyakulam(Uzhavar Sandhai ),Tomato,Other,Local,29/08/2026,1800,2000,1900
Tamil Nadu,Namakkal,Tiruchengode APMC,Tomato,Other,Local,29/08/2026,2000,2400,2200
Tamil Nadu,Erode,Thalavadi(Uzhavar Sandhai ),Tomato,Other,Local,29/08/2026,1200,1600,1400
Tamil Nadu,Karur,Gandhigramam(Uzhavar Sandhai),Tomato,Other,Local,29/08/2026,2200,2400,2300
Tamil Nadu,Thiruchirappalli,Thiruverumbur(Uzhavar Sandhai ),Tomato,Other,Local,29/08/2026,2400,2400,2400
Tamil Nadu,Pudukkottai,Gandarvakottai(Uzhavar Sandhai ),Tomato,Other,Local,29/08/2026,2000,2500,2250
Tamil Nadu,Kancheepuram,Sunguvarchatram(Uzhavar Sandhai ),Tomato,Other,Local,29/08/2026,2500,2500,2500
Odisha,Mayurbhanja,Betnoti APMC,Tomato,Tomato,FAQ,29/08/2026,3000,3400,3200
Tamil Nadu,Kancheepuram,Kundrathur(Uzhavar Sandhai ),Cluster beans,Cluster Beans,Local,29/08/2026,4000,4000,4000
Tamil Nadu,Erode,Perundurai(Uzhavar Sandhai ),Cluster beans,Cluster Beans,Local,29/08/2026,2600,3000,2800
Tamil Nadu,Vellore,Perampet(Uzhavar Sandhai),Cluster beans,Cluster Beans,Local,29/08/2026,2500,2500,2500
Tamil Nadu,Krishnagiri,Avallapalli(Uzhavar Sandhai ),Cluster beans,Cluster Beans,Local,29/08/2026,3000,3500,3250
Tamil Nadu,Chengalpattu,Nanganallur(Uzhavar Sandhai ),Cluster beans,Cluster Beans,Local,29/08/2026,2500,3000,2750
Tamil Nadu,The Nilgiris,Coonoor(Uzhavar Sandhai ),Cluster beans,Cluster Beans,Local,29/08/2026,3500,4000,3750
Tamil Nadu,Salem,Vazhapadi(Uzhavar Sandhai),Cluster beans,Cluster Beans,Local,29/08/2026,3400,3400,3400
Tamil Nadu,Villupuram,Gingee(Uzhavar Sandhai ),Cluster beans,Cluster Beans,Local,29/08/2026,3500,3500,3500
Tamil Nadu,Thanjavur,Pattukottai(Uzhavar Sandhai ),Cluster beans,Cluster Beans,Local,29/08/2026,4000,4000,4000
Tamil Nadu,Namakkal,Tiruchengode APMC,Cluster beans,Cluster Beans,Local,29/08/2026,3600,4000,3800
Tamil Nadu,Karur,Karur(Uzhavar Sandhai ),Cluster beans,Cluster Beans,Local,29/08/2026,3500,4000,3750
Tamil Nadu,Thiruchirappalli,Lalgudi(Uzhavar Sandhai ),Cluster beans,Cluster Beans,Local,29/08/2026,3600,3600,3600
Tamil Nadu,Thiruchirappalli,Thiruverumbur(Uzhavar Sandhai ),Cluster beans,Cluster Beans,Local,29/08/2026,3000,3000,3000
Tamil Nadu,Madurai,Thirumangalam(Uzhavar Sandhai ),Cluster beans,Cluster Beans,Local,29/08/2026,3000,3600,3300
Tamil Nadu,Thiruvannamalai,Tiruvannamalai(Uzhavar Sandhai ),Cluster beans,Cluster Beans,Local,29/08/2026,3600,4000,3800
Tamil Nadu,Salem,Mecheri(Uzhavar Sandhai),Cluster beans,Cluster Beans,Local,29/08/2026,3000,3500,3250
Tamil Nadu,Dharmapuri,Harur(Uzhavar Sandhai ),Cluster beans,Cluster Beans,Local,29/08/2026,3500,4000,3750
Tamil Nadu,Chengalpattu,Thirukalukundram(Uzhavar Sandhai ),Cluster beans,Cluster Beans,Local,29/08/2026,4000,5000,4500
Tamil Nadu,Thiruvellore,Tiruthani(Uzhavar Sandhai ),Cluster beans,Cluster Beans,Local,29/08/2026,4000,4000,4000
Tamil Nadu,Coimbatore,Vadavalli(Uzhavar Sandhai ),Cluster beans,Cluster Beans,Local,29/08/2026,3000,3400,3200
Tamil Nadu,Coimbatore,Kurichi(Uzhavar Sandhai ),Cluster beans,Cluster Beans,Local,29/08/2026,3500,4000,3750
Tamil Nadu,Theni,Kambam(Uzhavar Sandhai ),Cluster beans,Cluster Beans,Local,29/08/2026,3000,3500,3250
Tamil Nadu,The Nilgiris,Gudalur(Uzhavar Sandhai ),Cluster beans,Cluster Beans,Local,29/08/2026,3500,4000,3750
Tamil Nadu,Thiruvannamalai,Vandavasi(Uzhavar Sandhai ),Cluster beans,Cluster Beans,Local,29/08/2026,3500,4200,3850
Tamil Nadu,Madurai,Anaiyur(Uzhavar Sandhai ),Cluster beans,Cluster Beans,Local,29/08/2026,3600,4000,3800
Tamil Nadu,Nagercoil (Kannyiakumari),Myladi(Uzhavar Sandhai ),Cluster beans,Cluster Beans,Local,29/08/2026,3500,4000,3750
Tamil Nadu,Thiruvannamalai,Cheyyar(Uzhavar Sandhai ),Cluster beans,Cluster Beans,Local,29/08/2026,3500,4200,3850
Tamil Nadu,Virudhunagar,Thalavaipuram(Uzhavar Sandhai ),Cluster beans,Cluster Beans,Local,29/08/2026,2800,3500,3150
Tamil Nadu,Dharmapuri,Palacode(Uzhavar Sandhai ),Cluster beans,Cluster Beans,Local,29/08/2026,3000,3500,3250
Tamil Nadu,Dharmapuri,Dharmapuri(Uzhavar Sandhai ),Cluster beans,Cluster Beans,Local,29/08/2026,2400,2500,2450
Uttar Pradesh,Mau(Maunathbhanjan),Kopaganj APMC,Bitter gourd,Bitter Gourd,FAQ,29/08/2026,2090,2100,2096
Bihar,East Champaran/ Motihari,Raxaul APMC,Bitter gourd,Bitter Gourd,Grade A,29/08/2026,1000,1200,1100
Tamil Nadu,Chengalpattu,Madhuranthagam(Uzhavar Sandhai ),Bitter gourd,Bitter Gourd,Local,29/08/2026,4000,4000,4000
Tamil Nadu,Dharmapuri,Dharmapuri(Uzhavar Sandhai ),Bitter gourd,Bitter Gourd,Local,29/08/2026,3600,4000,3800
Tamil Nadu,Thanjavur,Thanjavur(Uzhavar Sandhai ),Bitter gourd,Bitter Gourd,Local,29/08/2026,6000,6000,6000
Tamil Nadu,The Nilgiris,Udhagamandalam(Uzhavar Sandhai ),Bitter gourd,Bitter Gourd,Local,29/08/2026,5500,5800,5650
Tamil Nadu,Thiruvannamalai,Arani(Uzhavar Sandhai ),Bitter gourd,Bitter Gourd,Local,29/08/2026,4000,4800,4400
Tamil Nadu,Krishnagiri,Hosur(Uzhavar Sandhai ),Bitter gourd,Bitter Gourd,Local,29/08/2026,4500,5000,4750
Tamil Nadu,Villupuram,Gingee(Uzhavar Sandhai ),Bitter gourd,Bitter Gourd,Local,29/08/2026,5000,7000,6000
Tamil Nadu,Ramanathapuram,Paramakudi(Uzhavar Sandhai ),Bitter gourd,Bitter Gourd,Local,29/08/2026,5500,6000,5750
Tamil Nadu,Salem,Thathakapatti(Uzhavar Sandhai ),Bitter gourd,Bitter Gourd,Local,29/08/2026,5000,5400,5200
Tamil Nadu,Chengalpattu,Thirukalukundram(Uzhavar Sandhai ),Bitter gourd,Bitter Gourd,Local,29/08/2026,5000,6000,5500
Tamil Nadu,Sivaganga,Karaikudi(Uzhavar Sandhai ),Bitter gourd,Bitter Gourd,Local,29/08/2026,5400,5800,5600
Tamil Nadu,Thanjavur,Kumbakonam (Uzhavar Sandhai ),Bitter gourd,Bitter Gourd,Local,29/08/2026,3600,7200,5400
Tamil Nadu,Coimbatore,Udumalpet APMC,Bitter gourd,Bitter Gourd,Local,29/08/2026,5000,6000,5500
Tamil Nadu,Krishnagiri,Avallapalli(Uzhavar Sandhai ),Bitter gourd,Bitter Gourd,Local,29/08/2026,4500,5000,4750
Tamil Nadu,Dharmapuri,Harur(Uzhavar Sandhai ),Bitter gourd,Bitter Gourd,Local,29/08/2026,5000,6000,5500
Tamil Nadu,Nagapattinam,Sirkali(Uzhavar Sandhai ),Bitter gourd,Bitter Gourd,Local,29/08/2026,5500,6000,5750
Tamil Nadu,Pudukkottai,Ponnamaravathi(Uzhavar Sandhai),Bitter gourd,Bitter Gourd,Local,29/08/2026,7500,8000,7750
Telangana,Ranga Reddy,"Vanasthalipuram,RBZ ",Bitter gourd,Bitter Gourd,Grade A,29/08/2026,2600,2600,2600
Uttarakhand,Haridwar,Haridwar Union APMC,Bitter gourd,Other,Local,29/08/2026,650,850,750
Tamil Nadu,Coimbatore,Sulur(Uzhavar Sandhai ),Bitter gourd,Other,Local,29/08/2026,4000,4500,4250
Tamil Nadu,Thirupur,Tiruppur (South) (Uzhavar Sandhai ),Bitter gourd,Other,Local,29/08/2026,5000,6000,5500
Tamil Nadu,Erode,Thalavadi(Uzhavar Sandhai ),Bitter gourd,Other,Local,29/08/2026,4500,5000,4750
Tamil Nadu,Karur,Karur(Uzhavar Sandhai ),Bitter gourd,Other,Local,29/08/2026,5500,6000,5750
Tamil Nadu,Dharmapuri,Palacode(Uzhavar Sandhai ),Bitter gourd,Other,Local,29/08/2026,4000,4400,4200
Tamil Nadu,Salem,Sooramangalam(Uzhavar Sandhai ),Bitter gourd,Other,Local,29/08/2026,4500,4800,4650
Tamil Nadu,Namakkal,Rasipuram(Uzhavar Sandhai ),Bitter gourd,Other,Local,29/08/2026,6000,6500,6250
Tamil Nadu,Dindigul,Chinnalapatti(Uzhavar Sandhai ),Bitter gourd,Other,Local,29/08/2026,5000,7000,6000
Tamil Nadu,Salem,Edapadi (Uzhavar Sandhai ),Bitter gourd,Other,Local,29/08/2026,4800,5000,4900
Tamil Nadu,Chengalpattu,Pallavaram(Uzhavar Sandhai ),Bitter gourd,Other,Local,29/08/2026,5000,6000,5500
Tripura,Dhalai,Kulai APMC,Bottle gourd,Bottle Gourd,Grade B,29/08/2026,2000,2500,2300
Bihar,Khagaria,Khagaria APMC,Bottle gourd,Bottle Gourd,Grade A,29/08/2026,1166.66655,1249.999875,1216.666545
Punjab,Hoshiarpur,Mukerian(Talwara) APMC,Bottle gourd,Bottle Gourd,FAQ,29/08/2026,1200,1800,1500
Uttar Pradesh,Hathras,Shadabad APMC,Bottle gourd,Bottle Gourd,Small,29/08/2026,800,900,850
Tamil Nadu,The Nilgiris,Udhagamandalam(Uzhavar Sandhai ),Bottle gourd,Bottle Gourd,Local,29/08/2026,2500,2800,2650
Tamil Nadu,Virudhunagar,Rajapalayam(Uzhavar Sandhai ),Bottle gourd,Bottle Gourd,Local,29/08/2026,1500,2000,1750
Tamil Nadu,Cuddalore,Vadalur(Uzhavar Sandhai ),Bottle gourd,Bottle Gourd,Local,29/08/2026,2000,2000,2000
Tamil Nadu,Coimbatore,Sulur(Uzhavar Sandhai ),Bottle gourd,Bottle Gourd,Local,29/08/2026,2500,3000,2750
Tamil Nadu,Karur,Velayuthampalayam(Uzhavar Sandhai ),Bottle gourd,Bottle Gourd,Local,29/08/2026,2400,3000,2700
Tamil Nadu,Thirupur,Palladam(Uzhavar Sandhai ),Bottle gourd,Bottle Gourd,Local,29/08/2026,1500,2000,1750
Tamil Nadu,Thiruchirappalli,Musiri(Uzhavar Sandhai ),Bottle gourd,Bottle Gourd,Local,29/08/2026,2000,2500,2250
Tamil Nadu,Madurai,Palanganatham(Uzhavar Sandhai ),Bottle gourd,Bottle Gourd,Local,29/08/2026,2800,3200,3000
Tamil Nadu,Pudukkottai,Gandarvakottai(Uzhavar Sandhai ),Bottle gourd,Bottle Gourd,Local,29/08/2026,2000,2500,2250
Tamil Nadu,Thiruvarur,Needamangalam(Uzhavar Sandhai ),Bottle gourd,Bottle Gourd,Local,29/08/2026,3000,3000,3000
Tamil Nadu,Salem,Mecheri(Uzhavar Sandhai),Bottle gourd,Bottle Gourd,Local,29/08/2026,2000,2500,2250
Tamil Nadu,Krishnagiri,Avallapalli(Uzhavar Sandhai ),Bottle gourd,Bottle Gourd,Local,29/08/2026,1500,2000,1750
Tamil Nadu,Vellore,Thirupathur APMC,Bottle gourd,Bottle Gourd,Local,29/08/2026,2000,2000,2000
Tamil Nadu,Thiruvellore,Naravarikuppam(Uzhavar Sandhai ),Bottle gourd,Bottle Gourd,Local,29/08/2026,4000,4000,4000
Tamil Nadu,Thanjavur,Thanjavur(Uzhavar Sandhai ),Bottle gourd,Bottle Gourd,Local,29/08/2026,3000,3000,3000
Tamil Nadu,Kancheepuram,Kancheepuram(Uzhavar Sandhai ),Bottle gourd,Bottle Gourd,Local,29/08/2026,2000,3000,2500
Tamil Nadu,Thiruvannamalai,Tamarainagar(Uzhavar Sandhai ),Bottle gourd,Bottle Gourd,Local,29/08/2026,2000,2500,2250
Tamil Nadu,Erode,Gobichettipalayam(Uzhavar Sandhai ),Bottle gourd,Bottle Gourd,Local,29/08/2026,1800,2000,1900
Tamil Nadu,Krishnagiri,Krishnagiri(Uzhavar Sandhai ),Bottle gourd,Bottle Gourd,Local,29/08/2026,1500,2000,1750
Tamil Nadu,Vellore,Vellore APMC,Bottle gourd,Bottle Gourd,Local,29/08/2026,1500,2000,1750
Tamil Nadu,Ranipet,Arcot(Uzhavar Sandhai ),Bottle gourd,Bottle Gourd,Local,29/08/2026,2000,2000,2000
Tamil Nadu,Sivaganga,Singampunari(Uzhavar Sandhai ),Bottle gourd,Bottle Gourd,Local,29/08/2026,2600,3200,2900
Tamil Nadu,Salem,Ammapet(Uzhavar Sandhai ),Bottle gourd,Bottle Gourd,Local,29/08/2026,2500,3000,2750
Tamil Nadu,Thanjavur,Pattukottai(Uzhavar Sandhai ),Bottle gourd,Bottle Gourd,Local,29/08/2026,2600,2600,2600
Tamil Nadu,Thiruvellore,Tiruthani(Uzhavar Sandhai ),Bottle gourd,Bottle Gourd,Local,29/08/2026,3000,3000,3000
Tamil Nadu,Thirupur,Tiruppur (South) (Uzhavar Sandhai ),Bottle gourd,Bottle Gourd,Local,29/08/2026,1500,2000,1750
Tamil Nadu,Theni,Kambam(Uzhavar Sandhai ),Bottle gourd,Bottle Gourd,Local,29/08/2026,2000,2000,2000
Odisha,Mayurbhanja,Betnoti APMC,Bottle gourd,Bottle Gourd,FAQ,29/08/2026,2800,3200,3000
Keralam,Alappuzha,Harippad Market,Bottle gourd,Other,FAQ,29/08/2026,2500,3000,2500
Uttarakhand,Haridwar,Roorkee APMC,Bottle gourd,Other,Local,29/08/2026,650,850,750
Tamil Nadu,Nagapattinam,Sirkali(Uzhavar Sandhai ),Ashgourd,Gouard,Local,29/08/2026,2500,3000,2750
Tamil Nadu,Coimbatore,Sundarapuram(Uzhavar Sandhai ),Ashgourd,Gouard,Local,29/08/2026,1500,2000,1750
Tamil Nadu,Namakkal,Kumarapalayam(Uzhavar Sandhai ),Ashgourd,Gouard,Local,29/08/2026,2500,3000,2750
Tamil Nadu,Coimbatore,Kurichi(Uzhavar Sandhai ),Ashgourd,Gouard,Local,29/08/2026,1500,2000,1750
Tamil Nadu,Thirupur,Tiruppur (North) (Uzhavar Sandhai ),Ashgourd,Gouard,Local,29/08/2026,1500,2000,1750
Tamil Nadu,The Nilgiris,Gudalur(Uzhavar Sandhai ),Ashgourd,Gouard,Local,29/08/2026,1500,2000,1750
Tamil Nadu,The Nilgiris,Udhagamandalam(Uzhavar Sandhai ),Ashgourd,Gouard,Local,29/08/2026,1500,2000,1750
Tamil Nadu,Pudukkottai,Ponnamaravathi(Uzhavar Sandhai),Ashgourd,Gouard,Local,29/08/2026,1000,1500,1250
Tamil Nadu,Vellore,Thirupathur APMC,Ashgourd,Gouard,Local,29/08/2026,2000,2000,2000
Tamil Nadu,Villupuram,Tindivanam APMC,Ashgourd,Gouard,Local,29/08/2026,1500,1500,1500
Tamil Nadu,Thiruvarur,Needamangalam(Uzhavar Sandhai ),Ashgourd,Gouard,Local,29/08/2026,3000,3000,3000
Tamil Nadu,Erode,Perundurai(Uzhavar Sandhai ),Ashgourd,Gouard,Local,29/08/2026,2200,2500,2350
Tamil Nadu,Krishnagiri,Avallapalli(Uzhavar Sandhai ),Ashgourd,Gouard,Local,29/08/2026,1500,2000,1750
Tamil Nadu,Kallakuruchi,Kallakurichi(Uzhavar Sandhai ),Ashgourd,Gouard,Local,29/08/2026,3000,3000,3000
Tamil Nadu,Salem,Mettur(Uzhavar Sandhai ),Ashgourd,Gouard,Local,29/08/2026,1500,2000,1750
Tamil Nadu,Chengalpattu,Nanganallur(Uzhavar Sandhai ),Ashgourd,Gouard,Local,29/08/2026,2500,3000,2750
Tamil Nadu,Thirupur,Dharapuram(Uzhavar Sandhai ),Ashgourd,Gouard,Local,29/08/2026,2000,2500,2250
Tamil Nadu,Erode,Sathiyamagalam(Uzhavar Sandhai ),Ashgourd,Gouard,Local,29/08/2026,2000,2400,2200
Tamil Nadu,Thiruvannamalai,Polur(Uzhavar Sandhai ),Ashgourd,Gouard,Local,29/08/2026,1600,2000,1800
Tamil Nadu,Salem,Elampillai(Uzhavar Sandhai ),Ashgourd,Gouard,Local,29/08/2026,2000,2400,2200
Tamil Nadu,Cuddalore,Viruthachalam(Uzhavar Sandhai ),Ashgourd,Gouard,Local,29/08/2026,2000,2000,2000
Tamil Nadu,Salem,Ammapet(Uzhavar Sandhai ),Ashgourd,Gouard,Local,29/08/2026,2000,2400,2200
Tamil Nadu,Salem,Mecheri(Uzhavar Sandhai),Ashgourd,Gouard,Local,29/08/2026,2000,2500,2250
Tamil Nadu,Madurai,Anna nagar(Uzhavar Sandhai ),Ashgourd,Gouard,Local,29/08/2026,1600,2000,1800
Andaman and Nicobar,North and Middle Andaman ,Diglipur Vegetable Market (Subhashgram),Pumpkin,Other,FAQ,29/08/2026,4000,8000,6000
Tamil Nadu,Thiruchirappalli,Lalgudi(Uzhavar Sandhai ),Pumpkin,Pumpkin,Local,29/08/2026,2000,2000,2000
Tamil Nadu,Salem,Mecheri(Uzhavar Sandhai),Pumpkin,Pumpkin,Local,29/08/2026,2000,2500,2250
Tamil Nadu,Madurai,Anna nagar(Uzhavar Sandhai ),Pumpkin,Pumpkin,Local,29/08/2026,1600,2000,1800
Tamil Nadu,Salem,Athur(Uzhavar Sandhai ),Pumpkin,Pumpkin,Local,29/08/2026,2000,2400,2200
Tamil Nadu,Erode,Sathiyamagalam(Uzhavar Sandhai ),Pumpkin,Pumpkin,Local,29/08/2026,2500,3000,2750
Tamil Nadu,Pudukkottai,Karambakkudi(Uzhavar Sandhai ),Pumpkin,Pumpkin,Local,29/08/2026,1000,1500,1250
Tamil Nadu,Ramanathapuram,Ramanathapuram(Uzhavar Sandhai ),Pumpkin,Pumpkin,Local,29/08/2026,2400,2600,2500
Tamil Nadu,Salem,Thathakapatti(Uzhavar Sandhai ),Pumpkin,Pumpkin,Local,29/08/2026,2000,2400,2200
Tamil Nadu,Chengalpattu,Pallavaram(Uzhavar Sandhai ),Pumpkin,Pumpkin,Local,29/08/2026,2500,3000,2750
Tamil Nadu,Namakkal,Paramathivelur(Uzhavar Sandhai ),Pumpkin,Pumpkin,Local,29/08/2026,1500,2000,1750
Tamil Nadu,Dindigul,Chinnalapatti(Uzhavar Sandhai ),Pumpkin,Pumpkin,Local,29/08/2026,1600,2000,1800
Tamil Nadu,Erode,Thalavadi(Uzhavar Sandhai ),Pumpkin,Pumpkin,Local,29/08/2026,1000,1300,1150
Tamil Nadu,Erode,Gobichettipalayam(Uzhavar Sandhai ),Pumpkin,Pumpkin,Local,29/08/2026,2500,3000,2750
Tamil Nadu,Salem,Hasthampatti(Uzhavar Sandhai ),Pumpkin,Pumpkin,Local,29/08/2026,2000,2400,2200
Tamil Nadu,Thiruvarur,Valangaiman APMC,Pumpkin,Pumpkin,Local,29/08/2026,2400,2400,2400
Tamil Nadu,Coimbatore,Kurichi(Uzhavar Sandhai ),Pumpkin,Pumpkin,Local,29/08/2026,1500,2000,1750
Tamil Nadu,Kancheepuram,Kancheepuram(Uzhavar Sandhai ),Pumpkin,Pumpkin,Local,29/08/2026,2000,3000,2500
Tamil Nadu,Thiruchirappalli,Musiri(Uzhavar Sandhai ),Pumpkin,Pumpkin,Local,29/08/2026,1500,2000,1750
Tamil Nadu,Vellore,Pallikonda(Uzhavar Sandhai),Pumpkin,Pumpkin,Local,29/08/2026,3000,3000,3000
Tamil Nadu,Vellore,Gudiyatham(Uzhavar Sandhai ),Pumpkin,Pumpkin,Local,29/08/2026,2400,2400,2400
Tamil Nadu,Salem,Elampillai(Uzhavar Sandhai ),Pumpkin,Pumpkin,Local,29/08/2026,2000,2400,2200
Tamil Nadu,Nagapattinam,Mayiladuthurai(Uzhavar Sandhai ),Pumpkin,Pumpkin,Local,29/08/2026,1500,2000,1750
Tamil Nadu,Chengalpattu,Nanganallur(Uzhavar Sandhai ),Pumpkin,Pumpkin,Local,29/08/2026,3500,4000,3750
Tamil Nadu,Kancheepuram,Kundrathur(Uzhavar Sandhai ),Pumpkin,Pumpkin,Local,29/08/2026,2000,2000,2000
Tamil Nadu,Coimbatore,Udumalpet APMC,Pumpkin,Pumpkin,Local,29/08/2026,1500,2000,1750
Tamil Nadu,Coimbatore,Pollachi(Uzhavar Sandhai ),Pumpkin,Pumpkin,Local,29/08/2026,2000,2500,2250
Tripura,Dhalai,Kulai APMC,Bhindi(Ladies Finger),Bhindi,Grade B,29/08/2026,5500,6000,5700
Uttar Pradesh,Bulandshahar,Gulavati APMC,Bhindi(Ladies Finger),Bhindi,FAQ,29/08/2026,3000,3200,3100
Punjab,Hoshiarpur,Mukerian(Talwara) APMC,Bhindi(Ladies Finger),Bhindi,FAQ,29/08/2026,1500,2200,1800
Madhya Pradesh,Morena,Kailaras APMC,Bhindi(Ladies Finger),Bhindi,FAQ,29/08/2026,2000,2000,2000
Tamil Nadu,Dharmapuri,Harur(Uzhavar Sandhai ),Bhindi(Ladies Finger),Bhindi,Local,29/08/2026,2000,2500,2250
Tamil Nadu,Nagapattinam,Sirkali(Uzhavar Sandhai ),Bhindi(Ladies Finger),Bhindi,Local,29/08/2026,4500,5000,4750
Tamil Nadu,Theni,Periyakulam(Uzhavar Sandhai ),Bhindi(Ladies Finger),Bhindi,Local,29/08/2026,3000,3400,3200
Tamil Nadu,Coimbatore,Singanallur(Uzhavar Sandhai ),Bhindi(Ladies Finger),Bhindi,Local,29/08/2026,3500,4000,3750
Tamil Nadu,Thiruvannamalai,Vandavasi(Uzhavar Sandhai ),Bhindi(Ladies Finger),Bhindi,Local,29/08/2026,3500,4000,3750
Tamil Nadu,Madurai,Usilampatti(Uzhavar Sandhai ),Bhindi(Ladies Finger),Bhindi,Local,29/08/2026,2600,3000,2800
Tamil Nadu,Vellore,Perampet(Uzhavar Sandhai),Bhindi(Ladies Finger),Bhindi,Local,29/08/2026,2000,2000,2000
Tamil Nadu,Krishnagiri,Kaveripattinam(Uzhavar Sandhai ),Bhindi(Ladies Finger),Bhindi,Local,29/08/2026,3000,3000,3000
Tamil Nadu,Theni,Theni(Uzhavar Sandhai ),Bhindi(Ladies Finger),Bhindi,Local,29/08/2026,3000,3400,3200
Tamil Nadu,Erode,Perundurai(Uzhavar Sandhai ),Bhindi(Ladies Finger),Bhindi,Local,29/08/2026,2200,2600,2400
Tamil Nadu,Thiruvannamalai,Arani(Uzhavar Sandhai ),Bhindi(Ladies Finger),Bhindi,Local,29/08/2026,3500,4000,3750
Tamil Nadu,Thanjavur,Kumbakonam (Uzhavar Sandhai ),Bhindi(Ladies Finger),Bhindi,Local,29/08/2026,4800,4800,4800
Tamil Nadu,Coimbatore,Mettupalayam(Uzhavar Sandhai ),Bhindi(Ladies Finger),Bhindi,Local,29/08/2026,2800,3200,3000
Tamil Nadu,Dindigul,Chinnalapatti(Uzhavar Sandhai ),Bhindi(Ladies Finger),Bhindi,Local,29/08/2026,3600,4000,3800
Tamil Nadu,Erode,Thalavadi(Uzhavar Sandhai ),Bhindi(Ladies Finger),Bhindi,Local,29/08/2026,3000,3400,3200
Tamil Nadu,Coimbatore,Sundarapuram(Uzhavar Sandhai ),Bhindi(Ladies Finger),Bhindi,Local,29/08/2026,4000,4500,4250
Tamil Nadu,Namakkal,Namakkal(Uzhavar Sandhai ),Bhindi(Ladies Finger),Bhindi,Local,29/08/2026,3500,4200,3850
Tamil Nadu,Madurai,Anaiyur(Uzhavar Sandhai ),Bhindi(Ladies Finger),Bhindi,Local,29/08/2026,5000,6000,5500
Tamil Nadu,Salem,Edapadi (Uzhavar Sandhai ),Bhindi(Ladies Finger),Bhindi,Local,29/08/2026,1800,2000,1900
Tamil Nadu,Kallakuruchi,Sankarapuram(Uzhavar Sandhai ),Bhindi(Ladies Finger),Bhindi,Local,29/08/2026,3000,3000,3000
Uttarakhand,Haridwar,Roorkee APMC,Bhindi(Ladies Finger),Other,Local,29/08/2026,1100,1500,1300
Tamil Nadu,Pudukkottai,Pudukottai(Uzhavar Sandhai ),Amaranthus,Amaranthus,Local,29/08/2026,1000,1500,1250
Tamil Nadu,Nagapattinam,Vedaranyam(Uzhavar Sandhai),Amaranthus,Amaranthus,Local,29/08/2026,2000,2500,2250
Tamil Nadu,Coimbatore,Sundarapuram(Uzhavar Sandhai ),Amaranthus,Amaranthus,Local,29/08/2026,4500,6500,5500
Tamil Nadu,Chengalpattu,Pallavaram(Uzhavar Sandhai ),Amaranthus,Amaranthus,Local,29/08/2026,2500,3000,2750
Tamil Nadu,Thirupur,Dharapuram(Uzhavar Sandhai ),Amaranthus,Amaranthus,Local,29/08/2026,2500,3000,2750
Tamil Nadu,Thiruvannamalai,Tamarainagar(Uzhavar Sandhai ),Amaranthus,Amaranthus,Local,29/08/2026,3400,4400,3900
Tamil Nadu,Ariyalur,Ariyalur(Uzhavar Sandhai),Amaranthus,Amaranthus,Local,29/08/2026,3000,3500,3250
Tamil Nadu,Vellore,Vellore APMC,Amaranthus,Amaranthus,Local,29/08/2026,4000,4000,4000
Tamil Nadu,Kallakuruchi,Kallakurichi(Uzhavar Sandhai ),Amaranthus,Amaranthus,Local,29/08/2026,3000,3000,3000
Tamil Nadu,Sivaganga,Tirupatthur(Uzhavar Sandhai ),Amaranthus,Amaranthus,Local,29/08/2026,3500,4000,3750
Tamil Nadu,Coimbatore,Kurichi(Uzhavar Sandhai ),Amaranthus,Amaranthus,Local,29/08/2026,4000,6500,5250
Tamil Nadu,Thirupur,Tiruppur (North) (Uzhavar Sandhai ),Amaranthus,Amaranthus,Local,29/08/2026,2000,2600,2300
Tamil Nadu,Madurai,Thirumangalam(Uzhavar Sandhai ),Amaranthus,Amaranthus,Local,29/08/2026,3000,3600,3300
Tamil Nadu,Nagapattinam,Mayiladuthurai(Uzhavar Sandhai ),Amaranthus,Amaranthus,Local,29/08/2026,1500,2000,1750
Tamil Nadu,Sivaganga,Sivagangai (Uzhavar Sandhai ),Amaranthus,Amaranthus,Local,29/08/2026,3000,4000,3500
Tamil Nadu,Thanjavur,Thanjavur(Uzhavar Sandhai ),Amaranthus,Amaranthus,Local,29/08/2026,2000,2000,2000
Tamil Nadu,Thirupur,Tiruppur (South) (Uzhavar Sandhai ),Amaranthus,Amaranthus,Local,29/08/2026,2500,3000,2750
Tamil Nadu,Coimbatore,Mettupalayam(Uzhavar Sandhai ),Amaranthus,Amaranthus,Local,29/08/2026,3500,4000,3750
Tamil Nadu,Coimbatore,Udumalpet APMC,Amaranthus,Amaranthus,Local,29/08/2026,2500,3000,2750
Tamil Nadu,Namakkal,Namakkal(Uzhavar Sandhai ),Amaranthus,Amaranthus,Local,29/08/2026,3000,3500,3250
Tamil Nadu,Tuticorin,Tuticorin(Uzhavar Sandhai ),Amaranthus,Amaranthus,Local,29/08/2026,800,1000,900
Tamil Nadu,Salem,Jalagandapuram(Uzhavar Sandhai ),Amaranthus,Amaranthus,Local,29/08/2026,2000,2400,2200
Tamil Nadu,Nagapattinam,Nagapattinam(Uzhavar Sandhai ),Amaranthus,Amaranthus,Local,29/08/2026,2200,2600,2400
Tamil Nadu,Cuddalore,Panruti(Uzhavar Sandhai ),Amaranthus,Amaranthus,Local,29/08/2026,2000,2000,2000
Tamil Nadu,Salem,Athur(Uzhavar Sandhai ),Amaranthus,Amaranthus,Local,29/08/2026,2000,2500,2250
Tamil Nadu,Karur,Velayuthampalayam(Uzhavar Sandhai ),Amaranthus,Amaranthus,Local,29/08/2026,2000,2500,2250
Tamil Nadu,Karur,Kulithalai(Uzhavar Sandhai ),Amaranthus,Amaranthus,Local,29/08/2026,2000,3000,2500
Tamil Nadu,Karur,Karur(Uzhavar Sandhai ),Amaranthus,Amaranthus,Local,29/08/2026,2000,2500,2250
Andaman and Nicobar,North and Middle Andaman ,Diglipur Vegetable Market (Subhashgram),Amaranthus,Other,FAQ,29/08/2026,3000,6000,4500
Keralam,Alappuzha,Harippad Market,Amaranthus,Other,FAQ,29/08/2026,5000,5500,5000
Punjab,Bhatinda,Rampuraphul(Nabha Mandi) APMC,Green Chilli,Green Chilly,Grade A,29/08/2026,2500,3500,3000
Punjab,Amritsar,Rayya APMC,Green Chilli,Green Chilly,FAQ,29/08/2026,1005,1005,1005
Gujarat,Amreli,Damnagar APMC,Green Chilli,Green Chilly,Local,29/08/2026,4000,4000,4000
Tamil Nadu,Karur,Gandhigramam(Uzhavar Sandhai),Green Chilli,Green Chilly,Local,29/08/2026,4000,5000,4500
Tamil Nadu,Karur,Vengamedu(Uzhavar Sandhai ),Green Chilli,Green Chilly,Local,29/08/2026,4000,5000,4500
Tamil Nadu,Karur,Pallapatti (Uzhavar Sandhai ),Green Chilli,Green Chilly,Local,29/08/2026,5000,6000,5500
Tamil Nadu,Namakkal,Namakkal(Uzhavar Sandhai ),Green Chilli,Green Chilly,Local,29/08/2026,5000,5800,5400
Tamil Nadu,Vellore,Kahithapattarai(Uzhavar Sandhai ),Green Chilli,Green Chilly,Local,29/08/2026,3600,4600,4100
Tamil Nadu,Virudhunagar,Sivakasi(Uzhavar Sandhai ),Green Chilli,Green Chilly,Local,29/08/2026,5000,6000,5500
Tamil Nadu,Madurai,Anaiyur(Uzhavar Sandhai ),Green Chilli,Green Chilly,Local,29/08/2026,6000,7000,6500
Tamil Nadu,Vellore,Perampet(Uzhavar Sandhai),Green Chilli,Green Chilly,Local,29/08/2026,5600,5600,5600
Tamil Nadu,Vellore,Thirupathur APMC,Green Chilli,Green Chilly,Local,29/08/2026,7000,7000,7000
Tamil Nadu,Villupuram,Tindivanam APMC,Green Chilli,Green Chilly,Local,29/08/2026,5500,5500,5500
Tamil Nadu,Thiruvannamalai,Keelpennathur(Uzhavar Sandhai ),Green Chilli,Green Chilly,Local,29/08/2026,4500,5000,4750
Tamil Nadu,Cuddalore,Vadalur(Uzhavar Sandhai ),Green Chilli,Green Chilly,Local,29/08/2026,6000,6000,6000
Tamil Nadu,Salem,Ammapet(Uzhavar Sandhai ),Green Chilli,Green Chilly,Local,29/08/2026,4600,4800,4700
Tamil Nadu,Coimbatore,Singanallur(Uzhavar Sandhai ),Green Chilli,Green Chilly,Local,29/08/2026,4500,5000,4750
Tamil Nadu,Thiruvannamalai,Chengam(Uzhavar Sandhai ),Green Chilli,Green Chilly,Local,29/08/2026,5000,6000,5500
Tamil Nadu,Nagercoil (Kannyiakumari),Myladi(Uzhavar Sandhai ),Green Chilli,Green Chilly,Local,29/08/2026,6500,7000,6750
Tamil Nadu,Madurai,Usilampatti(Uzhavar Sandhai ),Green Chilli,Green Chilly,Local,29/08/2026,5000,6000,5500
Tamil Nadu,Salem,Athur(Uzhavar Sandhai ),Green Chilli,Green Chilly,Local,29/08/2026,4500,4800,4650
Tamil Nadu,Namakkal,Paramathivelur(Uzhavar Sandhai ),Green Chilli,Green Chilly,Local,29/08/2026,5000,6500,5750
Tamil Nadu,Karur,Velayuthampalayam(Uzhavar Sandhai ),Green Chilli,Green Chilly,Local,29/08/2026,4000,5000,4500
Tamil Nadu,Dindigul,Chinnalapatti(Uzhavar Sandhai ),Green Chilli,Green Chilly,Local,29/08/2026,6000,7000,6500
Tamil Nadu,Coimbatore,RSPuram(Uzhavar Sandhai ),Green Chilli,Green Chilly,Local,29/08/2026,4000,4800,4400
Tamil Nadu,Thiruvannamalai,Arani(Uzhavar Sandhai ),Green Chilli,Green Chilly,Local,29/08/2026,5000,6000,5500
Tamil Nadu,Krishnagiri,Hosur(Uzhavar Sandhai ),Green Chilli,Green Chilly,Local,29/08/2026,4500,5000,4750
Chandigarh,Chandigarh,Chandigarh (Grain/F&V) APMC,Green Chilli,Green Chilly,FAQ,29/08/2026,1500,3000,2600
Telangana,Ranga Reddy,"Vanasthalipuram,RBZ ",Green Chilli,Green Chilly,Grade A,29/08/2026,1800,1800,1800
Punjab,Tarntaran,Patti APMC,Green Chilli,Other,Local,29/08/2026,0.16,0.16,0.16
Tamil Nadu,Thiruchirappalli,Lalgudi(Uzhavar Sandhai ),Cowpea(Veg),Cowpea (Veg),Local,29/08/2026,4600,4600,4600
Tamil Nadu,Pudukkottai,Ponnamaravathi(Uzhavar Sandhai),Cowpea(Veg),Cowpea (Veg),Local,29/08/2026,1500,2000,1750
Tamil Nadu,Salem,Thathakapatti(Uzhavar Sandhai ),Cowpea(Veg),Cowpea (Veg),Local,29/08/2026,4000,5000,4500
Tamil Nadu,Madurai,Melur(Uzhavar Sandhai ),Cowpea(Veg),Cowpea (Veg),Local,29/08/2026,3000,4000,3500
Tamil Nadu,Thiruchirappalli,Thuraiyur APMC,Cowpea(Veg),Cowpea (Veg),Local,29/08/2026,3500,4000,3750
Tamil Nadu,Salem,Hasthampatti(Uzhavar Sandhai ),Cowpea(Veg),Cowpea (Veg),Local,29/08/2026,4500,5000,4750
Tamil Nadu,Pudukkottai,Pudukottai(Uzhavar Sandhai ),Cowpea(Veg),Cowpea (Veg),Local,29/08/2026,1500,2000,1750
Tamil Nadu,Coimbatore,Sulur(Uzhavar Sandhai ),Cowpea(Veg),Cowpea (Veg),Local,29/08/2026,4000,4200,4100
Tamil Nadu,Vellore,Thirupathur APMC,Cowpea(Veg),Cowpea (Veg),Local,29/08/2026,6000,6000,6000
Tamil Nadu,Coimbatore,Singanallur(Uzhavar Sandhai ),Cowpea(Veg),Cowpea (Veg),Local,29/08/2026,4000,4500,4250
Tamil Nadu,Thirupur,Tiruppur (South) (Uzhavar Sandhai ),Cowpea(Veg),Cowpea (Veg),Local,29/08/2026,3000,4000,3500
Tamil Nadu,Thanjavur,Pattukottai(Uzhavar Sandhai ),Banana - Green,Banana - Green,Local,29/08/2026,3000,3000,3000
Tamil Nadu,Sivaganga,Devakottai (Uzhavar Sandhai ),Banana - Green,Banana - Green,Local,29/08/2026,2500,3000,2750
Tamil Nadu,Coimbatore,Vadavalli(Uzhavar Sandhai ),Banana - Green,Banana - Green,Local,29/08/2026,3600,4400,4000
Tamil Nadu,Dindigul,Chinnalapatti(Uzhavar Sandhai ),Banana - Green,Banana - Green,Local,29/08/2026,2800,3000,2900
Tamil Nadu,The Nilgiris,Udhagamandalam(Uzhavar Sandhai ),Banana - Green,Banana - Green,Local,29/08/2026,4000,4500,4250
Tamil Nadu,Nagercoil (Kannyiakumari),Myladi(Uzhavar Sandhai ),Banana - Green,Banana - Green,Local,29/08/2026,6500,7000,6750
Tamil Nadu,Salem,Vazhapadi(Uzhavar Sandhai),Banana - Green,Banana - Green,Local,29/08/2026,2500,2500,2500
Tamil Nadu,Madurai,Chokkikulam(Uzhavar Sandhai ),Banana - Green,Banana - Green,Local,29/08/2026,2000,2400,2200
Tamil Nadu,Virudhunagar,Kariyapatti(Uzhavar Sandhai ),Banana - Green,Banana - Green,Local,29/08/2026,3000,3500,3250
Tamil Nadu,Salem,Attayampatti(Uzhavar Sandhai ),Banana - Green,Banana - Green,Local,29/08/2026,2000,2400,2200
Tamil Nadu,Cuddalore,Vadalur(Uzhavar Sandhai ),Banana - Green,Banana - Green,Local,29/08/2026,3000,3000,3000
Tamil Nadu,Dharmapuri,Pennagaram(Uzhavar Sandhai ),Banana - Green,Banana - Green,Local,29/08/2026,2800,3000,2900
Tamil Nadu,Theni,Theni(Uzhavar Sandhai ),Banana - Green,Banana - Green,Local,29/08/2026,3000,3000,3000
Tamil Nadu,Madurai,Palanganatham(Uzhavar Sandhai ),Banana - Green,Banana - Green,Local,29/08/2026,1500,2000,1750
Tamil Nadu,Thiruvannamalai,Tiruvannamalai(Uzhavar Sandhai ),Banana - Green,Banana - Green,Local,29/08/2026,2500,3000,2750
Tamil Nadu,Krishnagiri,Hosur(Uzhavar Sandhai ),Banana - Green,Banana - Green,Local,29/08/2026,4500,5000,4750
Tamil Nadu,Virudhunagar,Srivilliputhur(Uzhavar Sandhai ),Banana - Green,Banana - Green,Local,29/08/2026,2500,3000,2750
Tamil Nadu,Villupuram,Tindivanam APMC,Banana - Green,Banana - Green,Local,29/08/2026,5000,5000,5000
Tamil Nadu,Krishnagiri,Kaveripattinam(Uzhavar Sandhai ),Banana - Green,Banana - Green,Local,29/08/2026,2500,3000,2750
Tamil Nadu,Kancheepuram,Padappai(Uzhavar Sandhai ),Banana - Green,Banana - Green,Local,29/08/2026,3500,4500,4000
Tamil Nadu,Coimbatore,Udumalpet APMC,Banana - Green,Banana - Green,Local,29/08/2026,2500,3000,2750
Tamil Nadu,Namakkal,Namakkal(Uzhavar Sandhai ),Banana - Green,Banana - Green,Local,29/08/2026,3500,4000,3750
Tamil Nadu,Nagapattinam,Nagapattinam(Uzhavar Sandhai ),Banana - Green,Banana - Green,Local,29/08/2026,3000,3300,3150
Tamil Nadu,Chengalpattu,Thirukalukundram(Uzhavar Sandhai ),Banana - Green,Banana - Green,Local,29/08/2026,3800,4000,3900
Tamil Nadu,Cuddalore,Panruti(Uzhavar Sandhai ),Banana - Green,Banana - Green,Local,29/08/2026,2500,2500,2500
Tamil Nadu,Salem,Athur(Uzhavar Sandhai ),Banana - Green,Banana - Green,Local,29/08/2026,2000,2400,2200
Tamil Nadu,Thirupur,Kangayam(Uzhavar Sandhai ),Banana - Green,Banana - Green,Local,29/08/2026,2500,3000,2750
Tamil Nadu,Karur,Gandhigramam(Uzhavar Sandhai),Banana - Green,Banana - Green,Local,29/08/2026,2000,3000,2500
Tamil Nadu,Madurai,Anaiyur(Uzhavar Sandhai ),Banana - Green,Banana - Green,Local,29/08/2026,1800,2400,2100
Tamil Nadu,Kallakuruchi,Sankarapuram(Uzhavar Sandhai ),Banana - Green,Banana - Green,Local,29/08/2026,3000,3000,3000
Tamil Nadu,Vellore,Thirupathur APMC,Beans,Beans (Whole),Local,29/08/2026,6000,6000,6000
Tamil Nadu,Namakkal,Namakkal(Uzhavar Sandhai ),Beans,Beans (Whole),Local,29/08/2026,7000,7500,7250
Tamil Nadu,Thiruvannamalai,Tamarainagar(Uzhavar Sandhai ),Beans,Beans (Whole),Local,29/08/2026,8000,10000,9000
Tamil Nadu,Erode,Gobichettipalayam(Uzhavar Sandhai ),Beans,Beans (Whole),Local,29/08/2026,7200,7500,7350
Tamil Nadu,Thanjavur,Pattukottai(Uzhavar Sandhai ),Beans,Beans (Whole),Local,29/08/2026,9000,9000,9000
Tamil Nadu,Sivaganga,Sivagangai (Uzhavar Sandhai ),Beans,Beans (Whole),Local,29/08/2026,10200,11200,10700
Tamil Nadu,Nagercoil (Kannyiakumari),Vadaseri APMC,Beans,Beans (Whole),Local,29/08/2026,10000,11000,10500
Tamil Nadu,Thirunelveli,NGO Colony(Uzhavar Sandhai ),Beans,Beans (Whole),Local,29/08/2026,8500,9000,8750
Tamil Nadu,Virudhunagar,Thalavaipuram(Uzhavar Sandhai ),Beans,Beans (Whole),Local,29/08/2026,6500,8000,7250
Tamil Nadu,Sivaganga,Singampunari(Uzhavar Sandhai ),Beans,Beans (Whole),Local,29/08/2026,10200,11200,10700
Tamil Nadu,Virudhunagar,Sivakasi(Uzhavar Sandhai ),Beans,Beans (Whole),Local,29/08/2026,8000,10000,9000
Tamil Nadu,Cuddalore,Vadalur(Uzhavar Sandhai ),Beans,Beans (Whole),Local,29/08/2026,7000,7000,7000
Tamil Nadu,Salem,Athur(Uzhavar Sandhai ),Beans,Beans (Whole),Local,29/08/2026,7000,8000,7500
Tamil Nadu,Sivaganga,Tirupatthur(Uzhavar Sandhai ),Beans,Beans (Whole),Local,29/08/2026,10400,11500,10950
Tamil Nadu,Thiruvarur,Mannargudi I(Uzhavar Sandhai ),Beans,Beans (Whole),Local,29/08/2026,7400,7400,7400
Tamil Nadu,Coimbatore,Pollachi(Uzhavar Sandhai ),Beans,Beans (Whole),Local,29/08/2026,7500,8500,8000
Tamil Nadu,Dindigul,Chinnalapatti(Uzhavar Sandhai ),Beans,Beans (Whole),Local,29/08/2026,8000,10000,9000
Tamil Nadu,Madurai,Anaiyur(Uzhavar Sandhai ),Beans,Beans (Whole),Local,29/08/2026,10000,11000,10500
Tamil Nadu,Thiruchirappalli,Musiri(Uzhavar Sandhai ),Tapioca,Tapioca,Local,29/08/2026,3000,3600,3300
Tamil Nadu,Salem,Hasthampatti(Uzhavar Sandhai ),Tapioca,Tapioca,Local,29/08/2026,3000,3500,3250
Tamil Nadu,Salem,Edapadi (Uzhavar Sandhai ),Tapioca,Tapioca,Local,29/08/2026,2800,3000,2900
Tamil Nadu,Madurai,Anna nagar(Uzhavar Sandhai ),Tapioca,Tapioca,Local,29/08/2026,3600,4000,3800
Tamil Nadu,Salem,Ammapet(Uzhavar Sandhai ),Tapioca,Tapioca,Local,29/08/2026,2500,3000,2750
Tamil Nadu,Krishnagiri,Krishnagiri(Uzhavar Sandhai ),Tapioca,Tapioca,Local,29/08/2026,2500,3000,2750
Tamil Nadu,Kallakuruchi,Sankarapuram(Uzhavar Sandhai ),Tapioca,Tapioca,Local,29/08/2026,3000,3000,3000
Tamil Nadu,Madurai,Melur(Uzhavar Sandhai ),Tapioca,Tapioca,Local,29/08/2026,3600,4000,3800
Tamil Nadu,Villupuram,Tindivanam APMC,Tapioca,Tapioca,Local,29/08/2026,4500,4500,4500
Tamil Nadu,Namakkal,Tiruchengode APMC,Ginger(Green),Green Ginger,Local,29/08/2026,17000,19000,18000
Tamil Nadu,Coimbatore,Singanallur(Uzhavar Sandhai ),Ginger(Green),Green Ginger,Local,29/08/2026,16000,17000,16500
Tamil Nadu,Thiruvannamalai,Chengam(Uzhavar Sandhai ),Ginger(Green),Green Ginger,Local,29/08/2026,16000,20000,18000
Tamil Nadu,Madurai,Anna nagar(Uzhavar Sandhai ),Ginger(Green),Green Ginger,Local,29/08/2026,18000,19000,18500
Tamil Nadu,Vellore,Kahithapattarai(Uzhavar Sandhai ),Ginger(Green),Green Ginger,Local,29/08/2026,7000,7000,7000
Tamil Nadu,Ramanathapuram,Ramanathapuram(Uzhavar Sandhai ),Ginger(Green),Green Ginger,Local,29/08/2026,20000,21000,20500
Tamil Nadu,Namakkal,Namakkal(Uzhavar Sandhai ),Ginger(Green),Green Ginger,Local,29/08/2026,15000,17000,16000
Tamil Nadu,Krishnagiri,Hosur(Uzhavar Sandhai ),Ginger(Green),Green Ginger,Local,29/08/2026,13000,15000,14000
Tamil Nadu,Kallakuruchi,Kallakurichi(Uzhavar Sandhai ),Ginger(Green),Green Ginger,Local,29/08/2026,22000,22000,22000
Tamil Nadu,Salem,Thathakapatti(Uzhavar Sandhai ),Ginger(Green),Green Ginger,Local,29/08/2026,14000,15000,14500
Tamil Nadu,Thirupur,Dharapuram(Uzhavar Sandhai ),Ginger(Green),Green Ginger,Local,29/08/2026,15000,16500,15750
Tamil Nadu,Dindigul,Palani(Uzhavar Sandhai ),Ginger(Green),Green Ginger,Local,29/08/2026,8000,15500,11750
Tamil Nadu,Salem,Edapadi (Uzhavar Sandhai ),Ginger(Green),Green Ginger,Local,29/08/2026,17000,18000,17500
Tamil Nadu,Virudhunagar,Sivakasi(Uzhavar Sandhai ),Ginger(Green),Green Ginger,Local,29/08/2026,16000,18000,17000
Tamil Nadu,Vellore,Thirupathur APMC,Ginger(Green),Green Ginger,Local,29/08/2026,20000,20000,20000
Tamil Nadu,Nagercoil (Kannyiakumari),Myladi(Uzhavar Sandhai ),Ginger(Green),Green Ginger,Local,29/08/2026,19000,20000,19500
Tamil Nadu,Thiruvannamalai,Polur(Uzhavar Sandhai ),Ginger(Green),Green Ginger,Local,29/08/2026,15000,18000,16500
Andaman and Nicobar,North and Middle Andaman ,Diglipur Vegetable Market (Subhashgram),Coconut,Coconut,FAQ,29/08/2026,20,40,30
Tamil Nadu,Erode,Perundurai(Uzhavar Sandhai ),Coconut,Coconut,Local,29/08/2026,5000,5500,5250
Tamil Nadu,Virudhunagar,Sivakasi(Uzhavar Sandhai ),Coconut,Coconut,Local,29/08/2026,6000,6500,6250
Tamil Nadu,Nagapattinam,Mayiladuthurai(Uzhavar Sandhai ),Coconut,Coconut,Local,29/08/2026,3000,4000,3500
Tamil Nadu,Thiruvarur,Needamangalam(Uzhavar Sandhai ),Coconut,Coconut,Local,29/08/2026,4000,4000,4000
Tamil Nadu,Erode,Thalavadi(Uzhavar Sandhai ),Coconut,Coconut,Local,29/08/2026,4000,5000,4500
Tamil Nadu,Madurai,Anaiyur(Uzhavar Sandhai ),Coconut,Coconut,Local,29/08/2026,6000,6800,6400
Tamil Nadu,Nagapattinam,Nagapattinam(Uzhavar Sandhai ),Coconut,Coconut,Local,29/08/2026,4800,5200,5000
Tamil Nadu,Namakkal,Kumarapalayam(Uzhavar Sandhai ),Coconut,Coconut,Local,29/08/2026,5500,6000,5750
Tamil Nadu,Villupuram,Ulundurpettai APMC,Coconut,Coconut,Local,29/08/2026,3000,3000,3000
Tamil Nadu,Ranipet,Arcot(Uzhavar Sandhai ),Coconut,Coconut,Local,29/08/2026,4000,5000,4500
Tamil Nadu,Sivaganga,Sivagangai (Uzhavar Sandhai ),Coconut,Coconut,Local,29/08/2026,6600,7000,6800
Tamil Nadu,Kancheepuram,Kundrathur(Uzhavar Sandhai ),Coconut,Coconut,Local,29/08/2026,5000,6000,5500
Tamil Nadu,Theni,Periyakulam(Uzhavar Sandhai ),Coconut,Coconut,Local,29/08/2026,5600,5600,5600
Tamil Nadu,Thiruvannamalai,Vandavasi(Uzhavar Sandhai ),Coconut,Coconut,Local,29/08/2026,4000,4500,4250
Tamil Nadu,Ariyalur,Ariyalur(Uzhavar Sandhai),Coconut,Coconut,Local,29/08/2026,5500,6500,6000
Tamil Nadu,Erode,Sathiyamagalam(Uzhavar Sandhai ),Coconut,Coconut,Local,29/08/2026,4500,5000,4750
Tamil Nadu,Madurai,Thirumangalam(Uzhavar Sandhai ),Coconut,Coconut,Local,29/08/2026,6500,6800,6650
Tamil Nadu,Thiruvannamalai,Arani(Uzhavar Sandhai ),Coconut,Coconut,Local,29/08/2026,3800,4500,4150
Tamil Nadu,Krishnagiri,Kaveripattinam(Uzhavar Sandhai ),Coconut,Coconut,Local,29/08/2026,5000,6000,5500
Tamil Nadu,Salem,Thathakapatti(Uzhavar Sandhai ),Coconut,Coconut,Local,29/08/2026,6000,6500,6250
Tamil Nadu,Chengalpattu,Thirukalukundram(Uzhavar Sandhai ),Coconut,Coconut,Local,29/08/2026,6000,7000,6500
Tamil Nadu,Sivaganga,Karaikudi(Uzhavar Sandhai ),Coconut,Coconut,Local,29/08/2026,6800,7200,7000
Tamil Nadu,Kancheepuram,Padappai(Uzhavar Sandhai ),Coconut,Coconut,Local,29/08/2026,5500,6500,6000
Tamil Nadu,Kancheepuram,Kancheepuram(Uzhavar Sandhai ),Coconut,Coconut,Local,29/08/2026,5500,6500,6000
Tamil Nadu,Coimbatore,Udumalpet APMC,Coconut,Coconut,Local,29/08/2026,5500,6000,5750
Andhra Pradesh,Dr.B.R.A.Konaseema,Razole APMC,Coconut,Medium,FAQ,29/08/2026,15600,16000,15600
Tamil Nadu,Vellore,Vellore APMC,Betal Leaves,Mysore,Local,29/08/2026,15000,15000,15000
Tamil Nadu,Villupuram,Tindivanam APMC,Sweet Potato,Hosur Red,Local,29/08/2026,4500,4500,4500
Tamil Nadu,Vellore,Gudiyatham(Uzhavar Sandhai ),Sweet Potato,Hosur Red,Local,29/08/2026,3600,3600,3600
Tamil Nadu,Krishnagiri,Hosur(Uzhavar Sandhai ),Sweet Potato,Hosur Red,Local,29/08/2026,3500,4000,3750
Tamil Nadu,Dharmapuri,Pennagaram(Uzhavar Sandhai ),Sweet Potato,Hosur Red,Local,29/08/2026,2800,3000,2900
Tamil Nadu,Namakkal,Tiruchengode APMC,Sweet Potato,Hosur Red,Local,29/08/2026,5400,6000,5700
Tamil Nadu,The Nilgiris,Udhagamandalam(Uzhavar Sandhai ),Sweet Potato,Hosur Red,Local,29/08/2026,4000,4500,4250
Tamil Nadu,Thiruchirappalli,Thiruverumbur(Uzhavar Sandhai ),Sweet Potato,Hosur Red,Local,29/08/2026,5000,5000,5000
Tamil Nadu,Salem,Thathakapatti(Uzhavar Sandhai ),Sweet Potato,Hosur Red,Local,29/08/2026,4000,5000,4500
Tamil Nadu,Coimbatore,Mettupalayam(Uzhavar Sandhai ),Sweet Potato,Hosur Red,Local,29/08/2026,3500,4000,3750
Tamil Nadu,Coimbatore,Udumalpet APMC,Sweet Potato,Hosur Red,Local,29/08/2026,6000,6500,6250
Tamil Nadu,Thiruchirappalli,Manachanallur(Uzhavar Sandhai ),Sweet Potato,Hosur Red,Local,29/08/2026,4000,4500,4250
Tamil Nadu,Thiruvannamalai,Chengam(Uzhavar Sandhai ),Sweet Potato,Hosur Red,Local,29/08/2026,3300,4000,3650
Tamil Nadu,Vellore,Kahithapattarai(Uzhavar Sandhai ),Sweet Potato,Hosur Red,Local,29/08/2026,3500,3500,3500
Uttar Pradesh,Khiri (Lakhimpur),Maigalganj APMC,Carrot,Carrot,FAQ,29/08/2026,1280,1315,1300
Keralam,Alappuzha,Harippad Market,Carrot,Other,FAQ,29/08/2026,8000,8500,8000
Punjab,Bhatinda,Rampuraphul(Nabha Mandi) APMC,Carrot,Other,Grade A,29/08/2026,2000,3000,2500
Tamil Nadu,Salem,Thathakapatti(Uzhavar Sandhai ),Carrot,Pusakesar,Local,29/08/2026,7000,7600,7300
Tamil Nadu,Erode,Sathiyamagalam(Uzhavar Sandhai ),Carrot,Pusakesar,Local,29/08/2026,6500,7000,6750
Tamil Nadu,Sivaganga,Singampunari(Uzhavar Sandhai ),Carrot,Pusakesar,Local,29/08/2026,4400,6200,5300
Tamil Nadu,Coimbatore,Vadavalli(Uzhavar Sandhai ),Carrot,Pusakesar,Local,29/08/2026,6000,6600,6300
Tamil Nadu,Thirupur,Dharapuram(Uzhavar Sandhai ),Carrot,Pusakesar,Local,29/08/2026,7000,7500,7250
Tamil Nadu,Thirupur,Tiruppur (South) (Uzhavar Sandhai ),Carrot,Pusakesar,Local,29/08/2026,5000,6000,5500
Tamil Nadu,Krishnagiri,Avallapalli(Uzhavar Sandhai ),Carrot,Pusakesar,Local,29/08/2026,5000,5500,5250
Tamil Nadu,Vellore,Thirupathur APMC,Carrot,Pusakesar,Local,29/08/2026,7000,7000,7000
Tamil Nadu,Thiruchirappalli,Thiruverumbur(Uzhavar Sandhai ),Carrot,Pusakesar,Local,29/08/2026,8000,8000,8000
Tamil Nadu,Thiruvannamalai,Polur(Uzhavar Sandhai ),Carrot,Pusakesar,Local,29/08/2026,5000,6000,5500
Tamil Nadu,Dharmapuri,Dharmapuri(Uzhavar Sandhai ),Carrot,Pusakesar,Local,29/08/2026,6600,7000,6800
Tamil Nadu,Thanjavur,Pattukottai(Uzhavar Sandhai ),Carrot,Pusakesar,Local,29/08/2026,8600,8600,8600
Tamil Nadu,Thiruchirappalli,Manachanallur(Uzhavar Sandhai ),Carrot,Pusakesar,Local,29/08/2026,7000,8000,7500
Tamil Nadu,Tuticorin,Kovilpatti(Uzhavar Sandhai ),Carrot,Pusakesar,Local,29/08/2026,6500,7000,6750
Tamil Nadu,Vellore,Perampet(Uzhavar Sandhai),Carrot,Pusakesar,Local,29/08/2026,6600,6600,6600
Tamil Nadu,Thirunelveli,NGO Colony(Uzhavar Sandhai ),Carrot,Pusakesar,Local,29/08/2026,6000,6800,6400
Tamil Nadu,Krishnagiri,Hosur(Uzhavar Sandhai ),Carrot,Pusakesar,Local,29/08/2026,5000,6000,5500
Tamil Nadu,Virudhunagar,Rajapalayam(Uzhavar Sandhai ),Carrot,Pusakesar,Local,29/08/2026,4500,5000,4750
Tamil Nadu,Villupuram,Gingee(Uzhavar Sandhai ),Carrot,Pusakesar,Local,29/08/2026,7000,7000,7000
Punjab,Ropar (Rupnagar),Morinda APMC,Cabbage,Cabbage,Local,29/08/2026,2000,2000,2000
Keralam,Alappuzha,Harippad Market,Cabbage,Cabbage,FAQ,29/08/2026,5000,5500,5000
Bihar,Khagaria,Khagaria APMC,Cabbage,Cabbage,Grade A,29/08/2026,1999.9998,2399.99976,2199.99978
Himachal Pradesh,Kangra,SMY Baijnath,Cabbage,Cabbage,Grade A,29/08/2026,2400,2500,2500
Tamil Nadu,Ariyalur,Ariyalur(Uzhavar Sandhai),Cabbage,Cabbage,Local,29/08/2026,4000,4500,4250
Tamil Nadu,Madurai,Palanganatham(Uzhavar Sandhai ),Cabbage,Cabbage,Local,29/08/2026,2600,3000,2800
Tamil Nadu,Vellore,Pallikonda(Uzhavar Sandhai),Cabbage,Cabbage,Local,29/08/2026,2500,2500,2500
Tamil Nadu,Villupuram,Tindivanam APMC,Cabbage,Cabbage,Local,29/08/2026,3500,3500,3500
Tamil Nadu,Dharmapuri,Palacode(Uzhavar Sandhai ),Cabbage,Cabbage,Local,29/08/2026,2600,3000,2800
Tamil Nadu,Chengalpattu,Nanganallur(Uzhavar Sandhai ),Cabbage,Cabbage,Local,29/08/2026,3500,4000,3750
Tamil Nadu,Coimbatore,Mettupalayam(Uzhavar Sandhai ),Cabbage,Cabbage,Local,29/08/2026,3000,3500,3250
Tamil Nadu,Coimbatore,Udumalpet APMC,Cabbage,Cabbage,Local,29/08/2026,3000,3500,3250
Tamil Nadu,Coimbatore,Singanallur(Uzhavar Sandhai ),Cabbage,Cabbage,Local,29/08/2026,2500,3000,2750
Tamil Nadu,Tuticorin,Kovilpatti(Uzhavar Sandhai ),Cabbage,Cabbage,Local,29/08/2026,3500,4000,3750
Tamil Nadu,Thiruvannamalai,Tiruvannamalai(Uzhavar Sandhai ),Cabbage,Cabbage,Local,29/08/2026,2500,3000,2750
Tamil Nadu,Virudhunagar,Virudhunagar(Uzhavar Sandhai ),Cabbage,Cabbage,Local,29/08/2026,3400,3500,3450
Tamil Nadu,Virudhunagar,Rajapalayam(Uzhavar Sandhai ),Cabbage,Cabbage,Local,29/08/2026,2700,3200,2950
Tamil Nadu,Nagapattinam,Mayiladuthurai(Uzhavar Sandhai ),Cabbage,Cabbage,Local,29/08/2026,4000,4000,4000
Tamil Nadu,Salem,Athur(Uzhavar Sandhai ),Cabbage,Cabbage,Local,29/08/2026,3000,3500,3250
Tamil Nadu,Theni,Devaram(Uzhavar Sandhai ),Cabbage,Cabbage,Local,29/08/2026,3000,3000,3000
Tamil Nadu,Karur,Kulithalai(Uzhavar Sandhai ),Cabbage,Cabbage,Local,29/08/2026,3000,3200,3100
Tamil Nadu,Erode,Perundurai(Uzhavar Sandhai ),Cabbage,Cabbage,Local,29/08/2026,2200,2500,2350
Tamil Nadu,Thiruvannamalai,Arani(Uzhavar Sandhai ),Cabbage,Cabbage,Local,29/08/2026,2000,2500,2250
Tamil Nadu,Vellore,Perampet(Uzhavar Sandhai),Cabbage,Cabbage,Local,29/08/2026,3000,3000,3000
Tamil Nadu,Pudukkottai,Pudukottai(Uzhavar Sandhai ),Cabbage,Cabbage,Local,29/08/2026,3000,3500,3250
Tamil Nadu,Dharmapuri,Harur(Uzhavar Sandhai ),Cabbage,Cabbage,Local,29/08/2026,3000,3500,3250
Tamil Nadu,Nagapattinam,Sirkali(Uzhavar Sandhai ),Cabbage,Cabbage,Local,29/08/2026,2500,3000,2750
Tamil Nadu,Ramanathapuram,Ramanathapuram(Uzhavar Sandhai ),Cabbage,Cabbage,Local,29/08/2026,4200,4500,4350
Tamil Nadu,Coimbatore,Sundarapuram(Uzhavar Sandhai ),Cabbage,Cabbage,Local,29/08/2026,2500,3000,2750
Tamil Nadu,Kancheepuram,Padappai(Uzhavar Sandhai ),Cabbage,Cabbage,Local,29/08/2026,2000,2500,2250
Tamil Nadu,Thirupur,Palladam(Uzhavar Sandhai ),Cabbage,Cabbage,Local,29/08/2026,2500,3000,2750
Tamil Nadu,Erode,Thalavadi(Uzhavar Sandhai ),Cabbage,Cabbage,Local,29/08/2026,1600,2000,1800
Tamil Nadu,Thiruvannamalai,Polur(Uzhavar Sandhai ),Cabbage,Cabbage,Local,29/08/2026,2500,3000,2750
Tamil Nadu,Salem,Hasthampatti(Uzhavar Sandhai ),Cabbage,Cabbage,Local,29/08/2026,3000,3500,3250
Tamil Nadu,Dharmapuri,AJattihalli(Uzhavar Sandhai ),Cabbage,Cabbage,Local,29/08/2026,3000,3400,3200
Telangana,Ranga Reddy,"Vanasthalipuram,RBZ ",Ladies Finger,Ladies Finger,Grade A,29/08/2026,2300,2300,2300
Tamil Nadu,Chengalpattu,Pallavaram(Uzhavar Sandhai ),Snakeguard,Snakeguard,Local,29/08/2026,3500,4000,3750
Tamil Nadu,Perambalur,Perambalur(Uzhavar Sandhai ),Snakeguard,Snakeguard,Local,29/08/2026,3200,3200,3200
Tamil Nadu,Theni,Periyakulam(Uzhavar Sandhai ),Snakeguard,Snakeguard,Local,29/08/2026,2500,2500,2500
Tamil Nadu,Virudhunagar,Thalavaipuram(Uzhavar Sandhai ),Snakeguard,Snakeguard,Local,29/08/2026,2800,3500,3150
Tamil Nadu,Pudukkottai,Ponnamaravathi(Uzhavar Sandhai),Snakeguard,Snakeguard,Local,29/08/2026,3500,4000,3750
Tamil Nadu,Ramanathapuram,Ramanathapuram(Uzhavar Sandhai ),Snakeguard,Snakeguard,Local,29/08/2026,5000,5500,5250
Tamil Nadu,Chengalpattu,Nanganallur(Uzhavar Sandhai ),Snakeguard,Snakeguard,Local,29/08/2026,3500,4000,3750
Tamil Nadu,Salem,Ammapet(Uzhavar Sandhai ),Snakeguard,Snakeguard,Local,29/08/2026,3500,3800,3650
Tamil Nadu,Sivaganga,Devakottai (Uzhavar Sandhai ),Snakeguard,Snakeguard,Local,29/08/2026,3200,3800,3500
Tamil Nadu,Coimbatore,Vadavalli(Uzhavar Sandhai ),Snakeguard,Snakeguard,Local,29/08/2026,3000,3600,3300
Tamil Nadu,Kancheepuram,Sunguvarchatram(Uzhavar Sandhai ),Snakeguard,Snakeguard,Local,29/08/2026,3500,3500,3500
Tamil Nadu,Theni,Devaram(Uzhavar Sandhai ),Snakeguard,Snakeguard,Local,29/08/2026,3000,3000,3000
Tamil Nadu,Thiruvannamalai,Arani(Uzhavar Sandhai ),Snakeguard,Snakeguard,Local,29/08/2026,2500,3000,2750
Tamil Nadu,Pudukkottai,Alangudi(Uzhavar Sandhai ),Snakeguard,Snakeguard,Local,29/08/2026,3500,4000,3750
Tamil Nadu,Krishnagiri,Hosur(Uzhavar Sandhai ),Snakeguard,Snakeguard,Local,29/08/2026,3000,3500,3250
Tamil Nadu,Villupuram,Gingee(Uzhavar Sandhai ),Snakeguard,Snakeguard,Local,29/08/2026,3000,3000,3000
Tamil Nadu,Krishnagiri,Kaveripattinam(Uzhavar Sandhai ),Snakeguard,Snakeguard,Local,29/08/2026,3000,3000,3000
Tamil Nadu,Salem,Athur(Uzhavar Sandhai ),Snakeguard,Snakeguard,Local,29/08/2026,2200,2500,2350
Tamil Nadu,Coimbatore,RSPuram(Uzhavar Sandhai ),Snakeguard,Snakeguard,Local,29/08/2026,3200,3500,3350
Tamil Nadu,Thiruchirappalli,Musiri(Uzhavar Sandhai ),Snakeguard,Snakeguard,Local,29/08/2026,3600,4000,3800
Tamil Nadu,Virudhunagar,Kariyapatti(Uzhavar Sandhai ),Snakeguard,Snakeguard,Local,29/08/2026,3500,4000,3750
Tamil Nadu,Salem,Thammampatti (Uzhavar Sandhai ),Snakeguard,Snakeguard,Local,29/08/2026,3000,3500,3250
Tamil Nadu,Vellore,Gudiyatham(Uzhavar Sandhai ),Snakeguard,Snakeguard,Local,29/08/2026,3000,3000,3000
Tamil Nadu,Nagapattinam,Mayiladuthurai(Uzhavar Sandhai ),Snakeguard,Snakeguard,Local,29/08/2026,4500,5000,4750
Tamil Nadu,Thiruvarur,Needamangalam(Uzhavar Sandhai ),Snakeguard,Snakeguard,Local,29/08/2026,3400,3400,3400
Tamil Nadu,Coimbatore,Sundarapuram(Uzhavar Sandhai ),Snakeguard,Snakeguard,Local,29/08/2026,3500,4000,3750
Tamil Nadu,Karur,Karur(Uzhavar Sandhai ),Snakeguard,Snakeguard,Local,29/08/2026,3500,4000,3750
Tamil Nadu,Krishnagiri,Denkanikottai(Uzhavar Sandhai ),Snakeguard,Snakeguard,Local,29/08/2026,3000,3500,3250
Tamil Nadu,Vellore,Kahithapattarai(Uzhavar Sandhai ),Snakeguard,Snakeguard,Local,29/08/2026,2000,2000,2000
Tamil Nadu,Thirunelveli,NGO Colony(Uzhavar Sandhai ),Beetroot,Beetroot,Local,29/08/2026,6500,7000,6750
Tamil Nadu,Namakkal,Mohanur(Uzhavar Sandhai ),Beetroot,Beetroot,Local,29/08/2026,6000,7000,6500
Tamil Nadu,Kancheepuram,Padappai(Uzhavar Sandhai ),Beetroot,Beetroot,Local,29/08/2026,3000,4000,3500
Tamil Nadu,Karur,Gandhigramam(Uzhavar Sandhai),Beetroot,Beetroot,Local,29/08/2026,8500,9000,8750
Tamil Nadu,Theni,Periyakulam(Uzhavar Sandhai ),Beetroot,Beetroot,Local,29/08/2026,3500,3500,3500
Tamil Nadu,Namakkal,Tiruchengode APMC,Beetroot,Beetroot,Local,29/08/2026,7200,8000,7600
Tamil Nadu,Madurai,Anaiyur(Uzhavar Sandhai ),Beetroot,Beetroot,Local,29/08/2026,5000,5500,5250
Tamil Nadu,Krishnagiri,Krishnagiri(Uzhavar Sandhai ),Beetroot,Beetroot,Local,29/08/2026,4000,5000,4500
Tamil Nadu,Sivaganga,Devakottai (Uzhavar Sandhai ),Beetroot,Beetroot,Local,29/08/2026,5000,5800,5400
Tamil Nadu,Virudhunagar,Kariyapatti(Uzhavar Sandhai ),Beetroot,Beetroot,Local,29/08/2026,4500,5000,4750
Tamil Nadu,Dharmapuri,Karimangalam(Uzhavar Sandhai),Beetroot,Beetroot,Local,29/08/2026,5000,5600,5300
Tamil Nadu,Sivaganga,Singampunari(Uzhavar Sandhai ),Beetroot,Beetroot,Local,29/08/2026,5200,5600,5400
Tamil Nadu,Cuddalore,Vadalur(Uzhavar Sandhai ),Beetroot,Beetroot,Local,29/08/2026,4000,5000,4500
Tamil Nadu,Nagercoil (Kannyiakumari),Vadaseri APMC,Beetroot,Beetroot,Local,29/08/2026,5000,5500,5250
Tamil Nadu,Krishnagiri,Hosur(Uzhavar Sandhai ),Beetroot,Beetroot,Local,29/08/2026,3000,3500,3250
Tamil Nadu,Nagapattinam,Vedaranyam(Uzhavar Sandhai),Beetroot,Beetroot,Local,29/08/2026,4200,4200,4200
Tamil Nadu,Chengalpattu,Nanganallur(Uzhavar Sandhai ),Beetroot,Beetroot,Local,29/08/2026,4500,5000,4750
Tamil Nadu,The Nilgiris,Gudalur(Uzhavar Sandhai ),Beetroot,Beetroot,Local,29/08/2026,4500,5000,4750
Tamil Nadu,Dharmapuri,Dharmapuri(Uzhavar Sandhai ),Cucumbar(Kheera),Cucumbar,Local,29/08/2026,4200,4500,4350
Tamil Nadu,Perambalur,Perambalur(Uzhavar Sandhai ),Cucumbar(Kheera),Cucumbar,Local,29/08/2026,5600,5600,5600
Tamil Nadu,Salem,Ammapet(Uzhavar Sandhai ),Cucumbar(Kheera),Cucumbar,Local,29/08/2026,4500,5000,4750
Tamil Nadu,Chengalpattu,Pallavaram(Uzhavar Sandhai ),Cucumbar(Kheera),Cucumbar,Local,29/08/2026,4000,5000,4500
Tamil Nadu,Coimbatore,Mettupalayam(Uzhavar Sandhai ),Cucumbar(Kheera),Cucumbar,Local,29/08/2026,3000,3200,3100
Tamil Nadu,Namakkal,Tiruchengode APMC,Cucumbar(Kheera),Cucumbar,Local,29/08/2026,8000,9000,8500
Tamil Nadu,Nagapattinam,Sirkali(Uzhavar Sandhai ),Cucumbar(Kheera),Cucumbar,Local,29/08/2026,2500,3000,2750
Tamil Nadu,Cuddalore,Vadalur(Uzhavar Sandhai ),Cucumbar(Kheera),Cucumbar,Local,29/08/2026,4000,4000,4000
Tamil Nadu,Vellore,Pallikonda(Uzhavar Sandhai),Cucumbar(Kheera),Cucumbar,Local,29/08/2026,4000,4000,4000
Tamil Nadu,Dharmapuri,Karimangalam(Uzhavar Sandhai),Cucumbar(Kheera),Cucumbar,Local,29/08/2026,4000,4500,4250
Tamil Nadu,Thiruchirappalli,Musiri(Uzhavar Sandhai ),Cucumbar(Kheera),Cucumbar,Local,29/08/2026,4000,4600,4300
Tamil Nadu,Krishnagiri,Denkanikottai(Uzhavar Sandhai ),Cucumbar(Kheera),Cucumbar,Local,29/08/2026,2000,2500,2250
Odisha,Mayurbhanja,Betnoti APMC,Cucumbar(Kheera),Cucumbar,FAQ,29/08/2026,2300,2700,2500
Odisha,Kalahandi,Bhawanipatna APMC,Cucumbar(Kheera),Cucumbar,Local,29/08/2026,2800,2800,2800
Uttarakhand,Haridwar,Haridwar Union APMC,Cucumbar(Kheera),Other,Local,29/08/2026,700,1000,800
Punjab,Tarntaran,Harike APMC,Ridgeguard(Tori),Ridgeguard(Tori),FAQ,29/08/2026,1100,1200,1150
Tamil Nadu,Salem,Athur(Uzhavar Sandhai ),Ridgeguard(Tori),Ridgeguard(Tori),Local,29/08/2026,3500,4000,3750
Tamil Nadu,Coimbatore,RSPuram(Uzhavar Sandhai ),Ridgeguard(Tori),Ridgeguard(Tori),Local,29/08/2026,3000,3600,3300
Tamil Nadu,Erode,Thalavadi(Uzhavar Sandhai ),Ridgeguard(Tori),Ridgeguard(Tori),Local,29/08/2026,3000,3600,3300
Tamil Nadu,Madurai,Palanganatham(Uzhavar Sandhai ),Ridgeguard(Tori),Ridgeguard(Tori),Local,29/08/2026,5000,5500,5250
Tamil Nadu,Karur,Vengamedu(Uzhavar Sandhai ),Ridgeguard(Tori),Ridgeguard(Tori),Local,29/08/2026,4500,5000,4750
Tamil Nadu,Thiruvannamalai,Cheyyar(Uzhavar Sandhai ),Ridgeguard(Tori),Ridgeguard(Tori),Local,29/08/2026,3500,4200,3850
Tamil Nadu,Krishnagiri,Avallapalli(Uzhavar Sandhai ),Ridgeguard(Tori),Ridgeguard(Tori),Local,29/08/2026,2000,2500,2250
Tamil Nadu,Vellore,Kahithapattarai(Uzhavar Sandhai ),Ridgeguard(Tori),Ridgeguard(Tori),Local,29/08/2026,3500,4000,3750
Tamil Nadu,Vellore,Thirupathur APMC,Ridgeguard(Tori),Ridgeguard(Tori),Local,29/08/2026,4000,4000,4000
Tamil Nadu,Villupuram,Tindivanam APMC,Ridgeguard(Tori),Ridgeguard(Tori),Local,29/08/2026,4000,4000,4000
Tamil Nadu,Nagapattinam,Sirkali(Uzhavar Sandhai ),Ridgeguard(Tori),Ridgeguard(Tori),Local,29/08/2026,5500,6000,5750
Tamil Nadu,Namakkal,Kumarapalayam(Uzhavar Sandhai ),Ridgeguard(Tori),Ridgeguard(Tori),Local,29/08/2026,4500,5000,4750
Tamil Nadu,Dindigul,Palani(Uzhavar Sandhai ),Ridgeguard(Tori),Ridgeguard(Tori),Local,29/08/2026,3000,5800,4400
Tamil Nadu,Thiruvannamalai,Vandavasi(Uzhavar Sandhai ),Ridgeguard(Tori),Ridgeguard(Tori),Local,29/08/2026,3500,4200,3850
Tamil Nadu,Erode,Gobichettipalayam(Uzhavar Sandhai ),Ridgeguard(Tori),Ridgeguard(Tori),Local,29/08/2026,4000,4200,4100
Tamil Nadu,Vellore,Perampet(Uzhavar Sandhai),Ridgeguard(Tori),Ridgeguard(Tori),Local,29/08/2026,3600,3600,3600
Tamil Nadu,Virudhunagar,Thalavaipuram(Uzhavar Sandhai ),Ridgeguard(Tori),Ridgeguard(Tori),Local,29/08/2026,3200,4000,3600
Tamil Nadu,Krishnagiri,Krishnagiri(Uzhavar Sandhai ),Ridgeguard(Tori),Ridgeguard(Tori),Local,29/08/2026,2000,2800,2400
Tamil Nadu,Vellore,Vellore APMC,Ridgeguard(Tori),Ridgeguard(Tori),Local,29/08/2026,3000,4000,3500
Tamil Nadu,Kallakuruchi,Kallakurichi(Uzhavar Sandhai ),Ridgeguard(Tori),Ridgeguard(Tori),Local,29/08/2026,4000,4000,4000
Tamil Nadu,Sivaganga,Sivagangai (Uzhavar Sandhai ),Ridgeguard(Tori),Ridgeguard(Tori),Local,29/08/2026,5200,6200,5700
Tamil Nadu,Thirupur,Tiruppur (South) (Uzhavar Sandhai ),Ridgeguard(Tori),Ridgeguard(Tori),Local,29/08/2026,4000,5000,4500
Tamil Nadu,Karur,Kulithalai(Uzhavar Sandhai ),Ridgeguard(Tori),Ridgeguard(Tori),Local,29/08/2026,4600,5000,4800
Tamil Nadu,The Nilgiris,Udhagamandalam(Uzhavar Sandhai ),Ridgeguard(Tori),Ridgeguard(Tori),Local,29/08/2026,4500,4800,4650
Tamil Nadu,Thirunelveli,NGO Colony(Uzhavar Sandhai ),Ridgeguard(Tori),Ridgeguard(Tori),Local,29/08/2026,3500,4000,3750
Tamil Nadu,Krishnagiri,Hosur(Uzhavar Sandhai ),Ridgeguard(Tori),Ridgeguard(Tori),Local,29/08/2026,2000,2500,2250
Tamil Nadu,The Nilgiris,Udhagamandalam(Uzhavar Sandhai ),Raddish,Raddish,Local,29/08/2026,2500,3000,2750
Tamil Nadu,Nagercoil (Kannyiakumari),Vadaseri APMC,Raddish,Raddish,Local,29/08/2026,4000,4500,4250
Tamil Nadu,Virudhunagar,Thalavaipuram(Uzhavar Sandhai ),Raddish,Raddish,Local,29/08/2026,3000,3600,3300
Tamil Nadu,Krishnagiri,Hosur(Uzhavar Sandhai ),Raddish,Raddish,Local,29/08/2026,1500,2000,1750
Tamil Nadu,Virudhunagar,Rajapalayam(Uzhavar Sandhai ),Raddish,Raddish,Local,29/08/2026,3000,3600,3300
Tamil Nadu,Salem,Thathakapatti(Uzhavar Sandhai ),Raddish,Raddish,Local,29/08/2026,2000,2400,2200
Tamil Nadu,Thanjavur,Kumbakonam (Uzhavar Sandhai ),Raddish,Raddish,Local,29/08/2026,3000,3000,3000
Tamil Nadu,Thirupur,Tiruppur (North) (Uzhavar Sandhai ),Raddish,Raddish,Local,29/08/2026,3000,3500,3250
Tamil Nadu,Karur,Velayuthampalayam(Uzhavar Sandhai ),Raddish,Raddish,Local,29/08/2026,2400,3000,2700
Tamil Nadu,Erode,Perundurai(Uzhavar Sandhai ),Raddish,Raddish,Local,29/08/2026,2000,2500,2250
Tamil Nadu,Thiruchirappalli,Musiri(Uzhavar Sandhai ),Raddish,Raddish,Local,29/08/2026,3000,3600,3300
Tamil Nadu,Salem,Thammampatti (Uzhavar Sandhai ),Raddish,Raddish,Local,29/08/2026,2000,2400,2200
Tamil Nadu,Nagapattinam,Mayiladuthurai(Uzhavar Sandhai ),Raddish,Raddish,Local,29/08/2026,3500,4000,3750
Tamil Nadu,Salem,Athur(Uzhavar Sandhai ),Raddish,Raddish,Local,29/08/2026,2000,2500,2250
Tamil Nadu,Thirupur,Dharapuram(Uzhavar Sandhai ),Raddish,Raddish,Local,29/08/2026,3000,3200,3100
Tamil Nadu,Dindigul,Chinnalapatti(Uzhavar Sandhai ),Raddish,Raddish,Local,29/08/2026,3600,4000,3800
Tamil Nadu,Madurai,Anaiyur(Uzhavar Sandhai ),Raddish,Raddish,Local,29/08/2026,2400,2800,2600
Tamil Nadu,Thiruchirappalli,Thuraiyur APMC,Raddish,Raddish,Local,29/08/2026,3000,3500,3250
Tamil Nadu,Vellore,Kahithapattarai(Uzhavar Sandhai ),Raddish,Raddish,Local,29/08/2026,2000,2000,2000
Tamil Nadu,Kallakuruchi,Sankarapuram(Uzhavar Sandhai ),Raddish,Raddish,Local,29/08/2026,5000,5000,5000
Tamil Nadu,Pudukkottai,Gandarvakottai(Uzhavar Sandhai ),Raddish,Raddish,Local,29/08/2026,3600,4000,3800
Tamil Nadu,Salem,Mettur(Uzhavar Sandhai ),Raddish,Raddish,Local,29/08/2026,1500,2000,1750
Tamil Nadu,Vellore,Thirupathur APMC,Raddish,Raddish,Local,29/08/2026,2400,2400,2400
Tamil Nadu,Theni,Chinnamanur(Uzhavar Sandhai ),Raddish,Raddish,Local,29/08/2026,2000,2000,2000
Tamil Nadu,Dindigul,Palani(Uzhavar Sandhai ),Raddish,Raddish,Local,29/08/2026,2500,3000,2750
Tamil Nadu,Thiruchirappalli,Manachanallur(Uzhavar Sandhai ),Raddish,Raddish,Local,29/08/2026,3000,3500,3250
Tamil Nadu,Coimbatore,Sundarapuram(Uzhavar Sandhai ),Thondekai,Thondekai,Local,29/08/2026,3500,4000,3750
Tamil Nadu,Theni,Theni(Uzhavar Sandhai ),Thondekai,Thondekai,Local,29/08/2026,2400,2400,2400
Tamil Nadu,Thiruvannamalai,Tamarainagar(Uzhavar Sandhai ),Thondekai,Thondekai,Local,29/08/2026,3000,3600,3300
Tamil Nadu,Tuticorin,Kovilpatti(Uzhavar Sandhai ),Thondekai,Thondekai,Local,29/08/2026,4000,4500,4250
Tamil Nadu,Pudukkottai,Pudukottai(Uzhavar Sandhai ),Thondekai,Thondekai,Local,29/08/2026,5000,6000,5500
Tamil Nadu,Salem,Athur(Uzhavar Sandhai ),Thondekai,Thondekai,Local,29/08/2026,5000,5000,5000
Tamil Nadu,Dharmapuri,Dharmapuri(Uzhavar Sandhai ),Thondekai,Thondekai,Local,29/08/2026,4600,5000,4800
Tamil Nadu,Karur,Gandhigramam(Uzhavar Sandhai),Thondekai,Thondekai,Local,29/08/2026,3000,3500,3250
Tamil Nadu,Theni,Periyakulam(Uzhavar Sandhai ),Thondekai,Thondekai,Local,29/08/2026,2600,2600,2600
Tamil Nadu,Coimbatore,Singanallur(Uzhavar Sandhai ),Thondekai,Thondekai,Local,29/08/2026,4000,4400,4200
Tamil Nadu,The Nilgiris,Udhagamandalam(Uzhavar Sandhai ),Thondekai,Thondekai,Local,29/08/2026,4500,5000,4750
Tamil Nadu,Thiruchirappalli,Lalgudi(Uzhavar Sandhai ),Thondekai,Thondekai,Local,29/08/2026,4600,4600,4600
Tamil Nadu,Thiruvannamalai,Polur(Uzhavar Sandhai ),Thondekai,Thondekai,Local,29/08/2026,3300,4000,3650
Tamil Nadu,Madurai,Palanganatham(Uzhavar Sandhai ),Thondekai,Thondekai,Local,29/08/2026,2600,3600,3100
Tamil Nadu,Krishnagiri,Avallapalli(Uzhavar Sandhai ),Thondekai,Thondekai,Local,29/08/2026,3000,3500,3250
Tamil Nadu,Kancheepuram,Padappai(Uzhavar Sandhai ),Thondekai,Thondekai,Local,29/08/2026,3000,4000,3500
Tamil Nadu,Vellore,Kahithapattarai(Uzhavar Sandhai ),Thondekai,Thondekai,Local,29/08/2026,3500,3500,3500
Tamil Nadu,Krishnagiri,Krishnagiri(Uzhavar Sandhai ),Thondekai,Thondekai,Local,29/08/2026,4000,5000,4500
Tamil Nadu,The Nilgiris,Gudalur(Uzhavar Sandhai ),Thondekai,Thondekai,Local,29/08/2026,4000,4500,4250
Tamil Nadu,Karur,Kulithalai(Uzhavar Sandhai ),Thondekai,Thondekai,Local,29/08/2026,4500,5000,4750
Tamil Nadu,Thiruchirappalli,Thuraiyur APMC,Thondekai,Thondekai,Local,29/08/2026,3500,4500,4000
Tamil Nadu,Dharmapuri,Karimangalam(Uzhavar Sandhai),Thondekai,Thondekai,Local,29/08/2026,5000,5500,5250
Punjab,Tarntaran,Harike APMC,Capsicum,Capsicum,FAQ,29/08/2026,1100,1200,1150
Tamil Nadu,Dharmapuri,Pennagaram(Uzhavar Sandhai ),Capsicum,Capsicum,Local,29/08/2026,6500,7000,6750
Tamil Nadu,The Nilgiris,Udhagamandalam(Uzhavar Sandhai ),Capsicum,Capsicum,Local,29/08/2026,6500,7000,6750
Tamil Nadu,Tuticorin,Tuticorin(Uzhavar Sandhai ),Capsicum,Capsicum,Local,29/08/2026,7500,8000,7750
Tamil Nadu,Krishnagiri,Avallapalli(Uzhavar Sandhai ),Capsicum,Capsicum,Local,29/08/2026,4500,5000,4750
Tamil Nadu,Thirunelveli,NGO Colony(Uzhavar Sandhai ),Capsicum,Capsicum,Local,29/08/2026,6000,6500,6250
Tamil Nadu,Krishnagiri,Denkanikottai(Uzhavar Sandhai ),Capsicum,Capsicum,Local,29/08/2026,4500,5000,4750
Tamil Nadu,Vellore,Vellore APMC,Capsicum,Capsicum,Local,29/08/2026,4500,4800,4650
Tamil Nadu,Salem,Ammapet(Uzhavar Sandhai ),Capsicum,Capsicum,Local,29/08/2026,5500,6000,5750
Tamil Nadu,Thanjavur,Pattukottai(Uzhavar Sandhai ),Capsicum,Capsicum,Local,29/08/2026,6000,6000,6000
Tamil Nadu,Krishnagiri,Krishnagiri(Uzhavar Sandhai ),Capsicum,Capsicum,Local,29/08/2026,5000,6000,5500
Tamil Nadu,Dharmapuri,AJattihalli(Uzhavar Sandhai ),Capsicum,Capsicum,Local,29/08/2026,8000,8000,8000
Tamil Nadu,Villupuram,Tindivanam APMC,Capsicum,Capsicum,Local,29/08/2026,6000,6000,6000
Punjab,Ludhiana,Doraha APMC,Capsicum,Capsicum,Local,29/08/2026,3000,5000,4000
Tamil Nadu,Madurai,Usilampatti(Uzhavar Sandhai ),Green Avare(W),Green Avare (W),Local,29/08/2026,8000,9000,8500
Tamil Nadu,Nagapattinam,Sirkali(Uzhavar Sandhai ),Green Avare(W),Green Avare (W),Local,29/08/2026,6500,7000,6750
Tamil Nadu,Nagapattinam,Mayiladuthurai(Uzhavar Sandhai ),Green Avare(W),Green Avare (W),Local,29/08/2026,7000,8000,7500
Tamil Nadu,Cuddalore,Cuddalore(Uzhavar Sandhai ),Green Avare(W),Green Avare (W),Local,29/08/2026,5000,5000,5000
Tamil Nadu,Pudukkottai,Viralimalai(Uzhavar Sandhai ),Green Avare(W),Green Avare (W),Local,29/08/2026,4500,5000,4750
Tamil Nadu,Krishnagiri,Krishnagiri(Uzhavar Sandhai ),Green Avare(W),Green Avare (W),Local,29/08/2026,3000,3400,3200
Tamil Nadu,Coimbatore,Kurichi(Uzhavar Sandhai ),Green Avare(W),Green Avare (W),Local,29/08/2026,5000,5500,5250
Tamil Nadu,The Nilgiris,Udhagamandalam(Uzhavar Sandhai ),Green Avare(W),Green Avare (W),Local,29/08/2026,4000,4500,4250
Tamil Nadu,Salem,Vazhapadi(Uzhavar Sandhai),Green Avare(W),Green Avare (W),Local,29/08/2026,8000,8000,8000
Tamil Nadu,Pudukkottai,Ponnamaravathi(Uzhavar Sandhai),Green Avare(W),Green Avare (W),Local,29/08/2026,5500,6000,5750
Tamil Nadu,Virudhunagar,Rajapalayam(Uzhavar Sandhai ),Green Avare(W),Green Avare (W),Local,29/08/2026,6000,7000,6500
Tamil Nadu,Krishnagiri,Kaveripattinam(Uzhavar Sandhai ),Green Avare(W),Green Avare (W),Local,29/08/2026,6000,6000,6000
Tamil Nadu,Thanjavur,Thanjavur(Uzhavar Sandhai ),Green Avare(W),Green Avare (W),Local,29/08/2026,5600,9000,7300
Tamil Nadu,Thiruchirappalli,Manachanallur(Uzhavar Sandhai ),Green Avare(W),Other,Local,29/08/2026,6500,7500,7000
Tamil Nadu,Salem,Ammapet(Uzhavar Sandhai ),Green Avare(W),Other,Local,29/08/2026,4500,5000,4750
Tamil Nadu,Karur,Karur(Uzhavar Sandhai ),Green Avare(W),Other,Local,29/08/2026,7000,8000,7500
Tamil Nadu,Erode,Thalavadi(Uzhavar Sandhai ),Green Avare(W),Other,Local,29/08/2026,3500,4000,3750
Tamil Nadu,Pudukkottai,Alangudi(Uzhavar Sandhai ),Green Avare(W),Other,Local,29/08/2026,5000,6000,5500
Tamil Nadu,Cuddalore,Vadalur(Uzhavar Sandhai ),Green Avare(W),Other,Local,29/08/2026,6000,6000,6000
Tamil Nadu,Thiruchirappalli,Lalgudi(Uzhavar Sandhai ),Green Avare(W),Other,Local,29/08/2026,6000,6000,6000
Tamil Nadu,Sivaganga,Singampunari(Uzhavar Sandhai ),Green Avare(W),Other,Local,29/08/2026,5400,6200,5800
Tamil Nadu,Theni,Periyakulam(Uzhavar Sandhai ),Green Avare(W),Other,Local,29/08/2026,5000,5000,5000
Tamil Nadu,Erode,Perundurai(Uzhavar Sandhai ),Green Avare(W),Other,Local,29/08/2026,5000,5400,5200
Tamil Nadu,Salem,Mettur(Uzhavar Sandhai ),Green Avare(W),Other,Local,29/08/2026,5000,5500,5250
Tamil Nadu,Sivaganga,Devakottai (Uzhavar Sandhai ),Green Avare(W),Other,Local,29/08/2026,4000,4500,4250
Tamil Nadu,Thirupur,Tiruppur (South) (Uzhavar Sandhai ),Green Avare(W),Other,Local,29/08/2026,5000,6000,5500
Tamil Nadu,Nagapattinam,Nagapattinam(Uzhavar Sandhai ),Chow Chow,Chow Chow,Local,29/08/2026,2700,2700,2700
Tamil Nadu,Salem,Athur(Uzhavar Sandhai ),Chow Chow,Chow Chow,Local,29/08/2026,4000,4500,4250
Tamil Nadu,Theni,Devaram(Uzhavar Sandhai ),Chow Chow,Chow Chow,Local,29/08/2026,2800,2800,2800
Tamil Nadu,Theni,Periyakulam(Uzhavar Sandhai ),Chow Chow,Chow Chow,Local,29/08/2026,3000,3000,3000
Tamil Nadu,Coimbatore,RSPuram(Uzhavar Sandhai ),Chow Chow,Chow Chow,Local,29/08/2026,2600,3000,2800
Tamil Nadu,Erode,Perundurai(Uzhavar Sandhai ),Chow Chow,Chow Chow,Local,29/08/2026,3000,3500,3250
Tamil Nadu,Erode,Sathiyamagalam(Uzhavar Sandhai ),Chow Chow,Chow Chow,Local,29/08/2026,2500,3000,2750
Tamil Nadu,Vellore,Perampet(Uzhavar Sandhai),Chow Chow,Chow Chow,Local,29/08/2026,4000,4000,4000
Tamil Nadu,Dharmapuri,Harur(Uzhavar Sandhai ),Chow Chow,Chow Chow,Local,29/08/2026,4000,5000,4500
Tamil Nadu,Coimbatore,Sundarapuram(Uzhavar Sandhai ),Chow Chow,Chow Chow,Local,29/08/2026,3400,3800,3600
Tamil Nadu,Coimbatore,Vadavalli(Uzhavar Sandhai ),Chow Chow,Chow Chow,Local,29/08/2026,2800,3200,3000
Tamil Nadu,Krishnagiri,Denkanikottai(Uzhavar Sandhai ),Chow Chow,Chow Chow,Local,29/08/2026,1500,2000,1750
Tamil Nadu,Dharmapuri,Karimangalam(Uzhavar Sandhai),Chow Chow,Chow Chow,Local,29/08/2026,4400,4800,4600
Tamil Nadu,Vellore,Thirupathur APMC,Chow Chow,Chow Chow,Local,29/08/2026,3000,3000,3000
Tamil Nadu,Sivaganga,Singampunari(Uzhavar Sandhai ),Chow Chow,Chow Chow,Local,29/08/2026,2600,3200,2900
Tamil Nadu,Cuddalore,Vadalur(Uzhavar Sandhai ),Chow Chow,Chow Chow,Local,29/08/2026,4000,4000,4000
Tamil Nadu,Sivaganga,Tirupatthur(Uzhavar Sandhai ),Chow Chow,Chow Chow,Local,29/08/2026,3000,3500,3250
Tamil Nadu,Thirupur,Tiruppur (North) (Uzhavar Sandhai ),Chow Chow,Chow Chow,Local,29/08/2026,2500,3000,2750
Tamil Nadu,Thiruvannamalai,Chengam(Uzhavar Sandhai ),Chow Chow,Chow Chow,Local,29/08/2026,3300,4000,3650
Tamil Nadu,Salem,Elampillai(Uzhavar Sandhai ),Chow Chow,Chow Chow,Local,29/08/2026,3000,3500,3250
Tamil Nadu,Thirupur,Tiruppur (South) (Uzhavar Sandhai ),Chow Chow,Chow Chow,Local,29/08/2026,2500,3000,2750
Tamil Nadu,Namakkal,Namakkal(Uzhavar Sandhai ),Chow Chow,Chow Chow,Local,29/08/2026,2500,3000,2750
Tamil Nadu,Dindigul,Palani(Uzhavar Sandhai ),Chow Chow,Chow Chow,Local,29/08/2026,3000,3500,3250
Tamil Nadu,Thiruvannamalai,Vandavasi(Uzhavar Sandhai ),Chow Chow,Chow Chow,Local,29/08/2026,3000,3600,3300
Tamil Nadu,Thiruchirappalli,Lalgudi(Uzhavar Sandhai ),Chow Chow,Chow Chow,Local,29/08/2026,4600,4600,4600
Tamil Nadu,Tuticorin,Kovilpatti(Uzhavar Sandhai ),Chow Chow,Chow Chow,Local,29/08/2026,4000,4500,4250
Tamil Nadu,Tuticorin,Tuticorin(Uzhavar Sandhai ),Chow Chow,Chow Chow,Local,29/08/2026,3500,4000,3750
Tamil Nadu,Thirunelveli,NGO Colony(Uzhavar Sandhai ),Chow Chow,Chow Chow,Local,29/08/2026,3000,3600,3300
Tamil Nadu,Madurai,Anna nagar(Uzhavar Sandhai ),Chow Chow,Chow Chow,Local,29/08/2026,2500,3000,2750
Tamil Nadu,Vellore,Gudiyatham(Uzhavar Sandhai ),Drumstick,Drumstick,Local,29/08/2026,1200,1200,1200
Tamil Nadu,Dharmapuri,Palacode(Uzhavar Sandhai ),Drumstick,Drumstick,Local,29/08/2026,2000,2500,2250
Tamil Nadu,Thiruvellore,Naravarikuppam(Uzhavar Sandhai ),Drumstick,Drumstick,Local,29/08/2026,7000,7000,7000
Tamil Nadu,Thirupur,Kangayam(Uzhavar Sandhai ),Drumstick,Drumstick,Local,29/08/2026,2000,2500,2250
Tamil Nadu,Thanjavur,Thanjavur(Uzhavar Sandhai ),Drumstick,Drumstick,Local,29/08/2026,3600,3600,3600
Tamil Nadu,Theni,Chinnamanur(Uzhavar Sandhai ),Drumstick,Drumstick,Local,29/08/2026,2500,2500,2500
Tamil Nadu,Vellore,Kahithapattarai(Uzhavar Sandhai ),Drumstick,Drumstick,Local,29/08/2026,3000,3000,3000
Tamil Nadu,Salem,Elampillai(Uzhavar Sandhai ),Drumstick,Drumstick,Local,29/08/2026,2500,3000,2750
Tamil Nadu,Salem,Attayampatti(Uzhavar Sandhai ),Drumstick,Drumstick,Local,29/08/2026,3000,3000,3000
Tamil Nadu,Nagapattinam,Sirkali(Uzhavar Sandhai ),Drumstick,Drumstick,Local,29/08/2026,5500,6000,5750
Tamil Nadu,Cuddalore,Cuddalore(Uzhavar Sandhai ),Drumstick,Drumstick,Local,29/08/2026,5000,5000,5000
Tamil Nadu,Namakkal,Mohanur(Uzhavar Sandhai ),Drumstick,Drumstick,Local,29/08/2026,2000,2400,2200
Tamil Nadu,Perambalur,Perambalur(Uzhavar Sandhai ),Drumstick,Drumstick,Local,29/08/2026,3200,3600,3400
Tamil Nadu,Theni,Periyakulam(Uzhavar Sandhai ),Drumstick,Drumstick,Local,29/08/2026,3000,4000,3500
Tamil Nadu,Erode,Sathiyamagalam(Uzhavar Sandhai ),Drumstick,Drumstick,Local,29/08/2026,2000,2500,2250
Tamil Nadu,Madurai,Usilampatti(Uzhavar Sandhai ),Drumstick,Drumstick,Local,29/08/2026,4000,5000,4500
Tamil Nadu,Sivaganga,Singampunari(Uzhavar Sandhai ),Drumstick,Drumstick,Local,29/08/2026,3400,5200,4300
Tamil Nadu,The Nilgiris,Udhagamandalam(Uzhavar Sandhai ),Drumstick,Drumstick,Local,29/08/2026,3000,3500,3250
Tamil Nadu,Madurai,Thirumangalam(Uzhavar Sandhai ),Drumstick,Drumstick,Local,29/08/2026,4000,5000,4500
Tamil Nadu,Thiruvannamalai,Arani(Uzhavar Sandhai ),Drumstick,Drumstick,Local,29/08/2026,3500,4000,3750
Tamil Nadu,Cuddalore,Viruthachalam(Uzhavar Sandhai ),Drumstick,Drumstick,Local,29/08/2026,3000,3000,3000
Tamil Nadu,Thirupur,Palladam(Uzhavar Sandhai ),Drumstick,Drumstick,Local,29/08/2026,2500,3000,2750
Tamil Nadu,The Nilgiris,Gudalur(Uzhavar Sandhai ),Drumstick,Drumstick,Local,29/08/2026,3000,3500,3250
Tamil Nadu,Thiruchirappalli,Thiruverumbur(Uzhavar Sandhai ),Drumstick,Drumstick,Local,29/08/2026,3000,3000,3000
Tamil Nadu,Madurai,Palanganatham(Uzhavar Sandhai ),Drumstick,Drumstick,Local,29/08/2026,4000,5000,4500
Tamil Nadu,Salem,Jalagandapuram(Uzhavar Sandhai ),Drumstick,Drumstick,Local,29/08/2026,2000,2500,2250
Tamil Nadu,Virudhunagar,Sivakasi(Uzhavar Sandhai ),Drumstick,Drumstick,Local,29/08/2026,3500,4000,3750
Tamil Nadu,Vellore,Thirupathur APMC,Mango(Raw-Ripe),Mango - Raw-Ripe,Local,29/08/2026,8000,8000,8000
Tamil Nadu,Thiruvarur,Valangaiman APMC,Mango(Raw-Ripe),Mango - Raw-Ripe,Local,29/08/2026,7000,7000,7000
Tamil Nadu,Sivaganga,Karaikudi(Uzhavar Sandhai ),Mango(Raw-Ripe),Mango - Raw-Ripe,Local,29/08/2026,6500,8500,7500
Tamil Nadu,Ariyalur,Ariyalur(Uzhavar Sandhai),Mango(Raw-Ripe),Mango - Raw-Ripe,Local,29/08/2026,3000,3500,3250
Tamil Nadu,Thiruchirappalli,Musiri(Uzhavar Sandhai ),Mango(Raw-Ripe),Mango - Raw-Ripe,Local,29/08/2026,10000,12000,11000
Tamil Nadu,Thanjavur,Pattukottai(Uzhavar Sandhai ),Mango(Raw-Ripe),Mango - Raw-Ripe,Local,29/08/2026,5000,5000,5000
Tamil Nadu,Karur,Karur(Uzhavar Sandhai ),Mango(Raw-Ripe),Mango - Raw-Ripe,Local,29/08/2026,8500,9000,8750
Tamil Nadu,Madurai,Anaiyur(Uzhavar Sandhai ),Mango(Raw-Ripe),Mango - Raw-Ripe,Local,29/08/2026,5000,5500,5250
Tamil Nadu,Nagercoil (Kannyiakumari),Myladi(Uzhavar Sandhai ),Mango(Raw-Ripe),Mango - Raw-Ripe,Local,29/08/2026,5500,6000,5750
Tamil Nadu,Vellore,Kahithapattarai(Uzhavar Sandhai ),Mango(Raw-Ripe),Mango - Raw-Ripe,Local,29/08/2026,9000,9000,9000
Tamil Nadu,Coimbatore,Sulur(Uzhavar Sandhai ),Mango(Raw-Ripe),Mango - Raw-Ripe,Local,29/08/2026,6000,6500,6250
Chandigarh,Chandigarh,Chandigarh (Grain/F&V) APMC,Peas Wet,Peas Wet,FAQ,29/08/2026,3000,7000,6000
Tamil Nadu,Chengalpattu,Nanganallur(Uzhavar Sandhai ),Knool Khol,Knool Khol,Local,29/08/2026,3500,4000,3750
Tamil Nadu,Chengalpattu,Pallavaram(Uzhavar Sandhai ),Knool Khol,Knool Khol,Local,29/08/2026,5000,6000,5500
Tamil Nadu,Coimbatore,Mettupalayam(Uzhavar Sandhai ),Knool Khol,Knool Khol,Local,29/08/2026,5000,6000,5500
Tamil Nadu,Thiruchirappalli,Manachanallur(Uzhavar Sandhai ),Knool Khol,Knool Khol,Local,29/08/2026,3000,3500,3250
Tamil Nadu,Dharmapuri,Karimangalam(Uzhavar Sandhai),Knool Khol,Knool Khol,Local,29/08/2026,4000,4500,4250
Tamil Nadu,Thiruvannamalai,Chengam(Uzhavar Sandhai ),Knool Khol,Knool Khol,Local,29/08/2026,4200,5000,4600
Tamil Nadu,Krishnagiri,Hosur(Uzhavar Sandhai ),Knool Khol,Knool Khol,Local,29/08/2026,800,1000,900
Tamil Nadu,Salem,Ammapet(Uzhavar Sandhai ),Knool Khol,Knool Khol,Local,29/08/2026,3600,4000,3800
Tamil Nadu,Theni,Kambam(Uzhavar Sandhai ),Knool Khol,Knool Khol,Local,29/08/2026,3200,3200,3200
Tamil Nadu,Coimbatore,Singanallur(Uzhavar Sandhai ),Knool Khol,Knool Khol,Local,29/08/2026,4000,4500,4250
Tamil Nadu,Karur,Kulithalai(Uzhavar Sandhai ),Knool Khol,Knool Khol,Local,29/08/2026,4500,5000,4750
Tamil Nadu,The Nilgiris,Udhagamandalam(Uzhavar Sandhai ),Knool Khol,Knool Khol,Local,29/08/2026,4000,4500,4250
Tamil Nadu,Thiruvannamalai,Arani(Uzhavar Sandhai ),Knool Khol,Knool Khol,Local,29/08/2026,3500,4200,3850
Tamil Nadu,Krishnagiri,Krishnagiri(Uzhavar Sandhai ),Knool Khol,Knool Khol,Local,29/08/2026,4000,5000,4500
Tamil Nadu,Dharmapuri,Harur(Uzhavar Sandhai ),Knool Khol,Knool Khol,Local,29/08/2026,5000,6000,5500
Tamil Nadu,Thiruchirappalli,Musiri(Uzhavar Sandhai ),Knool Khol,Knool Khol,Local,29/08/2026,3000,3600,3300
Tamil Nadu,Salem,Edapadi (Uzhavar Sandhai ),Knool Khol,Knool Khol,Local,29/08/2026,3800,4000,3900
Tamil Nadu,Vellore,Thirupathur APMC,Knool Khol,Knool Khol,Local,29/08/2026,4500,4500,4500
Tamil Nadu,Thiruvannamalai,Tiruvannamalai(Uzhavar Sandhai ),Lime,Lime,Local,29/08/2026,3500,4000,3750
Tamil Nadu,Namakkal,Kumarapalayam(Uzhavar Sandhai ),Lime,Lime,Local,29/08/2026,3000,3500,3250
Tamil Nadu,Nagapattinam,Sirkali(Uzhavar Sandhai ),Lime,Lime,Local,29/08/2026,4500,5000,4750
Tamil Nadu,Thanjavur,Kumbakonam (Uzhavar Sandhai ),Jack Fruit(Ripe),Jack Fruit,Local,29/08/2026,3000,3000,3000
Uttar Pradesh,Mau(Maunathbhanjan),Kopaganj APMC,Guava,Guava,Grade B,29/08/2026,4444,4500,4477
Tamil Nadu,Kancheepuram,Kancheepuram(Uzhavar Sandhai ),Guava,Guava Allahabad,Local,29/08/2026,4000,6000,5000
Tamil Nadu,Thiruchirappalli,Lalgudi(Uzhavar Sandhai ),Guava,Guava Allahabad,Local,29/08/2026,8000,8000,8000
Tamil Nadu,Erode,Gobichettipalayam(Uzhavar Sandhai ),Guava,Guava Allahabad,Local,29/08/2026,5500,6000,5750
Tamil Nadu,Thiruvannamalai,Polur(Uzhavar Sandhai ),Guava,Guava Allahabad,Local,29/08/2026,4200,5000,4600
Tamil Nadu,Tuticorin,Tuticorin(Uzhavar Sandhai ),Guava,Guava Allahabad,Local,29/08/2026,5000,6000,5500
Tamil Nadu,Coimbatore,Vadavalli(Uzhavar Sandhai ),Guava,Guava Allahabad,Local,29/08/2026,4500,5500,5000
Tamil Nadu,Thirupur,Tiruppur (North) (Uzhavar Sandhai ),Guava,Guava Allahabad,Local,29/08/2026,4500,5000,4750
Tamil Nadu,Vellore,Vellore APMC,Guava,Guava Allahabad,Local,29/08/2026,4000,5000,4500
Tamil Nadu,Dharmapuri,Palacode(Uzhavar Sandhai ),Guava,Guava Allahabad,Local,29/08/2026,6000,6500,6250
Tamil Nadu,Namakkal,Rasipuram(Uzhavar Sandhai ),Guava,Guava Allahabad,Local,29/08/2026,5000,6000,5500
Tamil Nadu,Erode,Thalavadi(Uzhavar Sandhai ),Guava,Guava Allahabad,Local,29/08/2026,5000,5500,5250
Tamil Nadu,Madurai,Melur(Uzhavar Sandhai ),Guava,Guava Allahabad,Local,29/08/2026,5000,6000,5500
Tamil Nadu,Salem,Hasthampatti(Uzhavar Sandhai ),Guava,Guava Allahabad,Local,29/08/2026,5000,6000,5500
Tamil Nadu,Sivaganga,Karaikudi(Uzhavar Sandhai ),Guava,Guava Allahabad,Local,29/08/2026,5500,6500,6000
Tamil Nadu,Coimbatore,Vadavalli(Uzhavar Sandhai ),Karbuja(Musk Melon),Karbhuja,Local,29/08/2026,3000,3400,3200
Tamil Nadu,Krishnagiri,Hosur(Uzhavar Sandhai ),Karbuja(Musk Melon),Karbhuja,Local,29/08/2026,4500,5000,4750
Tamil Nadu,Salem,Thathakapatti(Uzhavar Sandhai ),Pomegranate,Pomogranate,Local,29/08/2026,15000,16000,15500
Tamil Nadu,Kancheepuram,Padappai(Uzhavar Sandhai ),Tender Coconut,Tender Coconut,Local,29/08/2026,2200,2800,2500
Tamil Nadu,Erode,Gobichettipalayam(Uzhavar Sandhai ),Tender Coconut,Tender Coconut,Local,29/08/2026,3500,4000,3750
Tamil Nadu,Dharmapuri,AJattihalli(Uzhavar Sandhai ),Tender Coconut,Tender Coconut,Local,29/08/2026,3000,3500,3250
Tamil Nadu,Chengalpattu,Pallavaram(Uzhavar Sandhai ),Tender Coconut,Tender Coconut,Local,29/08/2026,2500,3000,2750
Tamil Nadu,Namakkal,Rasipuram(Uzhavar Sandhai ),Tender Coconut,Tender Coconut,Local,29/08/2026,3500,4000,3750
Tamil Nadu,Kancheepuram,Kancheepuram(Uzhavar Sandhai ),Tender Coconut,Tender Coconut,Local,29/08/2026,2200,2800,2500
Tamil Nadu,Pudukkottai,Pudukottai(Uzhavar Sandhai ),Tender Coconut,Tender Coconut,Local,29/08/2026,5000,6000,5500
Tamil Nadu,Namakkal,Paramathivelur(Uzhavar Sandhai ),Tender Coconut,Tender Coconut,Local,29/08/2026,3000,3500,3250
Tamil Nadu,Namakkal,Tiruchengode APMC,Tender Coconut,Tender Coconut,Local,29/08/2026,3500,4000,3750
Tamil Nadu,Salem,Mettur(Uzhavar Sandhai ),Tender Coconut,Tender Coconut,Local,29/08/2026,3500,4000,3750
Tamil Nadu,Salem,Thathakapatti(Uzhavar Sandhai ),Tender Coconut,Tender Coconut,Local,29/08/2026,4000,5000,4500
Tamil Nadu,Thirupur,Kangayam(Uzhavar Sandhai ),Tender Coconut,Tender Coconut,Local,29/08/2026,3000,3500,3250
Tamil Nadu,Thiruchirappalli,Manachanallur(Uzhavar Sandhai ),Tender Coconut,Tender Coconut,Local,29/08/2026,4000,5000,4500
Tamil Nadu,Namakkal,Rasipuram(Uzhavar Sandhai ),Fig(Anjura/Anjeer),Anjura,Local,29/08/2026,13000,15000,14000
Tamil Nadu,Nagercoil (Kannyiakumari),Vadaseri APMC,Jasmine,Jasmine,Local,29/08/2026,30000,35000,32500
Tamil Nadu,Salem,Thathakapatti(Uzhavar Sandhai ),Kakada,Kakada,Local,29/08/2026,35000,36000,35500
Tamil Nadu,Salem,Athur(Uzhavar Sandhai ),Kakada,Kakada,Local,29/08/2026,32000,36000,34000
Tamil Nadu,Ramanathapuram,Paramakudi(Uzhavar Sandhai ),Kakada,Kakada,Local,29/08/2026,40000,45000,42500
Tamil Nadu,Nagercoil (Kannyiakumari),Vadaseri APMC,Kakada,Kakada,Local,29/08/2026,35000,40000,37500
Tamil Nadu,Vellore,Vellore APMC,Marigold(Calcutta),Marigold(Calcutta),Local,29/08/2026,16000,18000,17000
Tamil Nadu,Villupuram,Tindivanam APMC,Marigold(Calcutta),Marigold(Calcutta),Local,29/08/2026,25000,25000,25000
Tamil Nadu,Salem,Ammapet(Uzhavar Sandhai ),Marigold(Calcutta),Marigold(Calcutta),Local,29/08/2026,15000,16000,15500
Tamil Nadu,Salem,Athur(Uzhavar Sandhai ),Marigold(Calcutta),Marigold(Calcutta),Local,29/08/2026,28000,32000,30000
Tamil Nadu,Salem,Thathakapatti(Uzhavar Sandhai ),Tamarind Fruit,Tamarind Fruit,Local,29/08/2026,14000,15000,14500
Tamil Nadu,Salem,Thammampatti (Uzhavar Sandhai ),Tamarind Fruit,Tamarind Fruit,Local,29/08/2026,13000,14000,13500
Tamil Nadu,Krishnagiri,Avallapalli(Uzhavar Sandhai ),Tamarind Fruit,Tamarind Fruit,Local,29/08/2026,9000,10000,9500
Andhra Pradesh,Ananthapuramu,Rapthadu APMC,Ground Nut Seed,Ground Nut Seed,Grade Range-1,29/08/2026,9500,11500,10500
Tamil Nadu,Karur,Gandhigramam(Uzhavar Sandhai),Elephant Yam(Suran)/Amorphophallus,Elephant Yam (Suran),Local,29/08/2026,4000,5000,4500
Tamil Nadu,Tuticorin,Kovilpatti(Uzhavar Sandhai ),Elephant Yam(Suran)/Amorphophallus,Elephant Yam (Suran),Local,29/08/2026,4500,5000,4750
Tamil Nadu,Krishnagiri,Avallapalli(Uzhavar Sandhai ),Elephant Yam(Suran)/Amorphophallus,Elephant Yam (Suran),Local,29/08/2026,4000,5000,4500
Tamil Nadu,Krishnagiri,Denkanikottai(Uzhavar Sandhai ),Elephant Yam(Suran)/Amorphophallus,Elephant Yam (Suran),Local,29/08/2026,4500,5000,4750
Tamil Nadu,Virudhunagar,Sivakasi(Uzhavar Sandhai ),Elephant Yam(Suran)/Amorphophallus,Elephant Yam (Suran),Local,29/08/2026,3500,4000,3750
Tamil Nadu,Krishnagiri,Hosur(Uzhavar Sandhai ),Elephant Yam(Suran)/Amorphophallus,Elephant Yam (Suran),Local,29/08/2026,4500,5000,4750
Tamil Nadu,Dharmapuri,AJattihalli(Uzhavar Sandhai ),Elephant Yam(Suran)/Amorphophallus,Elephant Yam (Suran),Local,29/08/2026,6400,6400,6400
Tamil Nadu,Nagapattinam,Nagapattinam(Uzhavar Sandhai ),Elephant Yam(Suran)/Amorphophallus,Elephant Yam (Suran),Local,29/08/2026,6300,7500,6900
Tamil Nadu,Coimbatore,Udumalpet APMC,Elephant Yam(Suran)/Amorphophallus,Elephant Yam (Suran),Local,29/08/2026,6000,7000,6500
Tamil Nadu,Salem,Edapadi (Uzhavar Sandhai ),Elephant Yam(Suran)/Amorphophallus,Elephant Yam (Suran),Local,29/08/2026,3800,4000,3900
Tamil Nadu,Thanjavur,Pattukottai(Uzhavar Sandhai ),Elephant Yam(Suran)/Amorphophallus,Elephant Yam (Suran),Local,29/08/2026,4500,4500,4500
Tamil Nadu,Namakkal,Paramathivelur(Uzhavar Sandhai ),Elephant Yam(Suran)/Amorphophallus,Elephant Yam (Suran),Local,29/08/2026,3000,4000,3500
Tamil Nadu,Madurai,Thirumangalam(Uzhavar Sandhai ),Elephant Yam(Suran)/Amorphophallus,Elephant Yam (Suran),Local,29/08/2026,4000,4500,4250
Tamil Nadu,Madurai,Anna nagar(Uzhavar Sandhai ),Elephant Yam(Suran)/Amorphophallus,Elephant Yam (Suran),Local,29/08/2026,4000,4500,4250
Tamil Nadu,Namakkal,Rasipuram(Uzhavar Sandhai ),Elephant Yam(Suran)/Amorphophallus,Elephant Yam (Suran),Local,29/08/2026,3500,4000,3750
Tamil Nadu,Coimbatore,Mettupalayam(Uzhavar Sandhai ),Elephant Yam(Suran)/Amorphophallus,Elephant Yam (Suran),Local,29/08/2026,3500,4000,3750
Tamil Nadu,Namakkal,Namakkal(Uzhavar Sandhai ),Elephant Yam(Suran)/Amorphophallus,Elephant Yam (Suran),Local,29/08/2026,3000,3500,3250
Tamil Nadu,Madurai,Anaiyur(Uzhavar Sandhai ),Elephant Yam(Suran)/Amorphophallus,Elephant Yam (Suran),Local,29/08/2026,4000,4500,4250
Tamil Nadu,Chengalpattu,Pallavaram(Uzhavar Sandhai ),Elephant Yam(Suran)/Amorphophallus,Elephant Yam (Suran),Local,29/08/2026,4000,5000,4500
Tamil Nadu,Sivaganga,Sivagangai (Uzhavar Sandhai ),Elephant Yam(Suran)/Amorphophallus,Elephant Yam (Suran),Local,29/08/2026,4400,4600,4500
Tamil Nadu,Theni,Chinnamanur(Uzhavar Sandhai ),Elephant Yam(Suran)/Amorphophallus,Elephant Yam (Suran),Local,29/08/2026,4000,4000,4000
Tamil Nadu,Thanjavur,Kumbakonam (Uzhavar Sandhai ),Yam(Ratalu),Yam (Ratalu),Local,29/08/2026,9600,9600,9600
Tamil Nadu,Dindigul,Chinnalapatti(Uzhavar Sandhai ),Yam(Ratalu),Yam (Ratalu),Local,29/08/2026,8000,10000,9000
Tamil Nadu,Vellore,Kahithapattarai(Uzhavar Sandhai ),Yam(Ratalu),Yam (Ratalu),Local,29/08/2026,5500,5500,5500
Tamil Nadu,Coimbatore,Pollachi(Uzhavar Sandhai ),Yam(Ratalu),Yam (Ratalu),Local,29/08/2026,5000,6000,5500
Tamil Nadu,Thiruvannamalai,Cheyyar(Uzhavar Sandhai ),Yam(Ratalu),Yam (Ratalu),Local,29/08/2026,4800,6000,5400
Tamil Nadu,Virudhunagar,Srivilliputhur(Uzhavar Sandhai ),Yam(Ratalu),Yam (Ratalu),Local,29/08/2026,8000,9000,8500
Tamil Nadu,Chengalpattu,Pallavaram(Uzhavar Sandhai ),Yam(Ratalu),Yam (Ratalu),Local,29/08/2026,6000,7000,6500
Tamil Nadu,Theni,Periyakulam(Uzhavar Sandhai ),Yam(Ratalu),Yam (Ratalu),Local,29/08/2026,8000,8000,8000
Tamil Nadu,Pudukkottai,Pudukottai(Uzhavar Sandhai ),Yam(Ratalu),Yam (Ratalu),Local,29/08/2026,8000,9000,8500
Tamil Nadu,Villupuram,Tindivanam APMC,Yam(Ratalu),Yam (Ratalu),Local,29/08/2026,6000,6000,6000
Tamil Nadu,Vellore,Thirupathur APMC,Yam(Ratalu),Yam (Ratalu),Local,29/08/2026,4000,4000,4000
Tamil Nadu,Theni,Theni(Uzhavar Sandhai ),Indian Beans(Seam),Indian Beans (Seam),Local,29/08/2026,4800,4800,4800
Tamil Nadu,Thiruchirappalli,Lalgudi(Uzhavar Sandhai ),Indian Beans(Seam),Indian Beans (Seam),Local,29/08/2026,7000,7000,7000
Tamil Nadu,Krishnagiri,Krishnagiri(Uzhavar Sandhai ),Indian Beans(Seam),Indian Beans (Seam),Local,29/08/2026,3000,3800,3400
Tamil Nadu,Salem,Thathakapatti(Uzhavar Sandhai ),Indian Beans(Seam),Indian Beans (Seam),Local,29/08/2026,5000,6000,5500
Tamil Nadu,Sivaganga,Sivagangai (Uzhavar Sandhai ),Indian Beans(Seam),Indian Beans (Seam),Local,29/08/2026,6200,6200,6200
Tamil Nadu,Madurai,Anna nagar(Uzhavar Sandhai ),Indian Beans(Seam),Indian Beans (Seam),Local,29/08/2026,5500,6000,5750
Tamil Nadu,Dharmapuri,AJattihalli(Uzhavar Sandhai ),Indian Beans(Seam),Indian Beans (Seam),Local,29/08/2026,6500,6500,6500
Tamil Nadu,Theni,Chinnamanur(Uzhavar Sandhai ),Indian Beans(Seam),Indian Beans (Seam),Local,29/08/2026,4800,5000,4900
Tamil Nadu,Vellore,Vellore APMC,Indian Beans(Seam),Indian Beans (Seam),Local,29/08/2026,4000,4500,4250
Tamil Nadu,Ranipet,Arcot(Uzhavar Sandhai ),Indian Beans(Seam),Indian Beans (Seam),Local,29/08/2026,6000,6000,6000
Tamil Nadu,Thiruchirappalli,Musiri(Uzhavar Sandhai ),Indian Beans(Seam),Indian Beans (Seam),Local,29/08/2026,6000,7000,6500
Tamil Nadu,Madurai,Palanganatham(Uzhavar Sandhai ),Indian Beans(Seam),Indian Beans (Seam),Local,29/08/2026,5500,6000,5750
Bihar,Khagaria,Khagaria APMC,Pointed gourd(Parval),Other,Grade A,29/08/2026,2499.99975,2733.33306,2549.999745
Odisha,Kalahandi,Bhawanipatna APMC,Pointed gourd(Parval),Pointed gourd (Parval),Local,29/08/2026,2900,2900,2900
Punjab,Ropar (Rupnagar),Morinda APMC,Lemon,Lemon,Medium,29/08/2026,8000,9000,8500
Tamil Nadu,Sivaganga,Singampunari(Uzhavar Sandhai ),Lemon,Lemon,Local,29/08/2026,15000,17000,16000
Tamil Nadu,Thanjavur,Kumbakonam (Uzhavar Sandhai ),Lemon,Lemon,Local,29/08/2026,22000,22000,22000
Tamil Nadu,Thiruchirappalli,Thiruverumbur(Uzhavar Sandhai ),Lemon,Lemon,Local,29/08/2026,16000,16000,16000
Tamil Nadu,Nagercoil (Kannyiakumari),Vadaseri APMC,Lemon,Lemon,Local,29/08/2026,16000,18000,17000
Tamil Nadu,Salem,Elampillai(Uzhavar Sandhai ),Lemon,Lemon,Local,29/08/2026,4000,5000,4500
Tamil Nadu,Virudhunagar,Srivilliputhur(Uzhavar Sandhai ),Lemon,Lemon,Local,29/08/2026,13000,14000,13500
Tamil Nadu,Krishnagiri,Kaveripattinam(Uzhavar Sandhai ),Lemon,Lemon,Local,29/08/2026,8000,8000,8000
Tamil Nadu,Coimbatore,Udumalpet APMC,Lemon,Lemon,Local,29/08/2026,16000,17000,16500
Tamil Nadu,Madurai,Usilampatti(Uzhavar Sandhai ),Lemon,Lemon,Local,29/08/2026,17000,20000,18500
Tamil Nadu,Salem,Edapadi (Uzhavar Sandhai ),Lemon,Lemon,Local,29/08/2026,14000,15000,14500
Tamil Nadu,Namakkal,Rasipuram(Uzhavar Sandhai ),Lemon,Lemon,Local,29/08/2026,8000,8500,8250
Tamil Nadu,Namakkal,Tiruchengode APMC,Lemon,Lemon,Local,29/08/2026,8000,9000,8500
Tamil Nadu,Thiruchirappalli,Thuraiyur APMC,Lemon,Lemon,Local,29/08/2026,10000,12000,11000
Tamil Nadu,Krishnagiri,Avallapalli(Uzhavar Sandhai ),Lemon,Lemon,Local,29/08/2026,14000,15000,14500
Tamil Nadu,Ramanathapuram,Ramanathapuram(Uzhavar Sandhai ),Lemon,Lemon,Local,29/08/2026,9000,9500,9250
Tamil Nadu,Sivaganga,Devakottai (Uzhavar Sandhai ),Lemon,Lemon,Local,29/08/2026,15000,17000,16000
Tamil Nadu,Coimbatore,Vadavalli(Uzhavar Sandhai ),Lemon,Lemon,Local,29/08/2026,14000,15000,14500
Tamil Nadu,Dindigul,Chinnalapatti(Uzhavar Sandhai ),Lemon,Lemon,Local,29/08/2026,6000,10000,8000
Tamil Nadu,Thiruvannamalai,Polur(Uzhavar Sandhai ),Lemon,Lemon,Local,29/08/2026,8000,10000,9000
Tamil Nadu,Virudhunagar,Kariyapatti(Uzhavar Sandhai ),Lemon,Lemon,Local,29/08/2026,12000,13000,12500
Tamil Nadu,Dharmapuri,Karimangalam(Uzhavar Sandhai),Lemon,Lemon,Local,29/08/2026,16000,17000,16500
Andaman and Nicobar,North and Middle Andaman ,Diglipur Vegetable Market (Subhashgram),Papaya(Raw),Other,FAQ,29/08/2026,2000,4000,3000
Tamil Nadu,Virudhunagar,Srivilliputhur(Uzhavar Sandhai ),Colacasia,Colacasia,Local,29/08/2026,5000,6000,5500
Tamil Nadu,Ramanathapuram,Paramakudi(Uzhavar Sandhai ),Colacasia,Colacasia,Local,29/08/2026,6500,6800,6650
Tamil Nadu,Karur,Kulithalai(Uzhavar Sandhai ),Colacasia,Colacasia,Local,29/08/2026,5500,6000,5750
Tamil Nadu,Thiruvannamalai,Tiruvannamalai(Uzhavar Sandhai ),Colacasia,Colacasia,Local,29/08/2026,3500,4000,3750
Tamil Nadu,Virudhunagar,Rajapalayam(Uzhavar Sandhai ),Colacasia,Colacasia,Local,29/08/2026,6000,7000,6500
Tamil Nadu,Pudukkottai,Pudukottai(Uzhavar Sandhai ),Colacasia,Colacasia,Local,29/08/2026,5000,6000,5500
Tamil Nadu,Dharmapuri,Dharmapuri(Uzhavar Sandhai ),Colacasia,Colacasia,Local,29/08/2026,6200,6600,6400
Tamil Nadu,Cuddalore,Cuddalore(Uzhavar Sandhai ),Colacasia,Colacasia,Local,29/08/2026,6000,6000,6000
Tamil Nadu,Coimbatore,Singanallur(Uzhavar Sandhai ),Colacasia,Colacasia,Local,29/08/2026,4500,5000,4750
Tamil Nadu,Thiruvellore,Naravarikuppam(Uzhavar Sandhai ),Colacasia,Colacasia,Local,29/08/2026,5000,5000,5000
Tamil Nadu,Kancheepuram,Sunguvarchatram(Uzhavar Sandhai ),Colacasia,Colacasia,Local,29/08/2026,3000,3000,3000
Tamil Nadu,Tuticorin,Tuticorin(Uzhavar Sandhai ),Colacasia,Colacasia,Local,29/08/2026,6500,7000,6750
Tamil Nadu,Madurai,Anna nagar(Uzhavar Sandhai ),Colacasia,Colacasia,Local,29/08/2026,5000,6000,5500
Tamil Nadu,Dharmapuri,Dharmapuri(Uzhavar Sandhai ),Pear(Marasebu),Pears,Local,29/08/2026,10000,11000,10500
Tamil Nadu,Theni,Theni(Uzhavar Sandhai ),Mashrooms,Mashrooms,Local,29/08/2026,25000,25000,25000
Tamil Nadu,Pudukkottai,Pudukottai(Uzhavar Sandhai ),Mashrooms,Mashrooms,Local,29/08/2026,24000,25000,24500
Tamil Nadu,Kancheepuram,Padappai(Uzhavar Sandhai ),Mashrooms,Mashrooms,Local,29/08/2026,22000,28000,25000
Tamil Nadu,Madurai,Anaiyur(Uzhavar Sandhai ),Mashrooms,Mashrooms,Local,29/08/2026,22500,25000,23750
Tamil Nadu,Kallakuruchi,Kallakurichi(Uzhavar Sandhai ),Mashrooms,Mashrooms,Local,29/08/2026,22500,22500,22500
Tamil Nadu,Karur,Kulithalai(Uzhavar Sandhai ),Mashrooms,Mashrooms,Local,29/08/2026,16000,20000,18000
Tamil Nadu,Madurai,Anna nagar(Uzhavar Sandhai ),Turnip,Turnip,Local,29/08/2026,5000,6000,5500
Punjab,Jalandhar,Mehatpur APMC,Spinach,Other,Local,29/08/2026,2300,2500,2400
Madhya Pradesh,Morena,Kailaras APMC,Spinach,Spinach,FAQ,29/08/2026,2000,2000,2000
Tamil Nadu,Vellore,Perampet(Uzhavar Sandhai),Custard Apple(Sharifa),Custard Apple(Sharifa),Local,29/08/2026,5000,5000,5000
Tamil Nadu,Thiruvannamalai,Polur(Uzhavar Sandhai ),Custard Apple(Sharifa),Custard Apple(Sharifa),Local,29/08/2026,3300,4000,3650
Tamil Nadu,Vellore,Pallikonda(Uzhavar Sandhai),Custard Apple(Sharifa),Custard Apple(Sharifa),Local,29/08/2026,4000,4500,4250
Tamil Nadu,Salem,Athur(Uzhavar Sandhai ),Custard Apple(Sharifa),Custard Apple(Sharifa),Local,29/08/2026,3500,4000,3750
Tamil Nadu,Thiruvannamalai,Chengam(Uzhavar Sandhai ),Custard Apple(Sharifa),Custard Apple(Sharifa),Local,29/08/2026,3300,4000,3650
Tamil Nadu,Vellore,Vellore APMC,Custard Apple(Sharifa),Custard Apple(Sharifa),Local,29/08/2026,4000,4500,4250
Tamil Nadu,Salem,Thathakapatti(Uzhavar Sandhai ),Custard Apple(Sharifa),Custard Apple(Sharifa),Local,29/08/2026,4000,5000,4500
Tamil Nadu,Kallakuruchi,Sankarapuram(Uzhavar Sandhai ),Custard Apple(Sharifa),Custard Apple(Sharifa),Local,29/08/2026,5000,5000,5000
Tamil Nadu,Theni,Devaram(Uzhavar Sandhai ),Amla(Nelli Kai),Amla,Local,29/08/2026,6000,6000,6000
Tamil Nadu,Coimbatore,RSPuram(Uzhavar Sandhai ),Amla(Nelli Kai),Amla,Local,29/08/2026,8500,9000,8750
Tamil Nadu,Madurai,Anaiyur(Uzhavar Sandhai ),Amla(Nelli Kai),Amla,Local,29/08/2026,7000,8000,7500
Tamil Nadu,Villupuram,Gingee(Uzhavar Sandhai ),Amla(Nelli Kai),Amla,Local,29/08/2026,8000,8000,8000
Tamil Nadu,Namakkal,Paramathivelur(Uzhavar Sandhai ),Amla(Nelli Kai),Amla,Local,29/08/2026,7000,8000,7500
Tamil Nadu,Madurai,Melur(Uzhavar Sandhai ),Amla(Nelli Kai),Amla,Local,29/08/2026,7000,8000,7500
Tamil Nadu,Madurai,Thirumangalam(Uzhavar Sandhai ),Amla(Nelli Kai),Amla,Local,29/08/2026,7000,8000,7500
Tamil Nadu,Salem,Thammampatti (Uzhavar Sandhai ),Amla(Nelli Kai),Amla,Local,29/08/2026,6000,7000,6500
Tamil Nadu,Dharmapuri,Palacode(Uzhavar Sandhai ),Amla(Nelli Kai),Amla,Local,29/08/2026,8500,9000,8750
Tamil Nadu,Salem,Ammapet(Uzhavar Sandhai ),Amla(Nelli Kai),Amla,Local,29/08/2026,6500,7000,6750
Tamil Nadu,Thirupur,Tiruppur (South) (Uzhavar Sandhai ),Amla(Nelli Kai),Amla,Local,29/08/2026,7000,8000,7500
Tamil Nadu,Coimbatore,Udumalpet APMC,Amla(Nelli Kai),Amla,Local,29/08/2026,7000,8000,7500
Tamil Nadu,Namakkal,Namakkal(Uzhavar Sandhai ),Amla(Nelli Kai),Amla,Local,29/08/2026,6000,7000,6500
Tamil Nadu,Coimbatore,Singanallur(Uzhavar Sandhai ),Amla(Nelli Kai),Amla,Local,29/08/2026,8000,9000,8500
Tamil Nadu,Thiruchirappalli,Lalgudi(Uzhavar Sandhai ),Amla(Nelli Kai),Amla,Local,29/08/2026,9000,9000,9000
Tamil Nadu,Villupuram,Ulundurpettai APMC,Amla(Nelli Kai),Amla,Local,29/08/2026,8000,8000,8000
Tamil Nadu,Vellore,Thirupathur APMC,Onion Green,Onion Green,Local,29/08/2026,7500,7500,7500
Tamil Nadu,Cuddalore,Vadalur(Uzhavar Sandhai ),Onion Green,Onion Green,Local,29/08/2026,8000,8000,8000
Tamil Nadu,Sivaganga,Singampunari(Uzhavar Sandhai ),Onion Green,Onion Green,Local,29/08/2026,7600,8200,7900
Tamil Nadu,Cuddalore,Cuddalore(Uzhavar Sandhai ),Onion Green,Onion Green,Local,29/08/2026,7000,8000,7500
Tamil Nadu,Coimbatore,Vadavalli(Uzhavar Sandhai ),Onion Green,Onion Green,Local,29/08/2026,6800,7200,7000
Tamil Nadu,Coimbatore,Singanallur(Uzhavar Sandhai ),Onion Green,Onion Green,Local,29/08/2026,7000,7500,7250
Tamil Nadu,Nagapattinam,Vedaranyam(Uzhavar Sandhai),Onion Green,Onion Green,Local,29/08/2026,6000,7000,6500
Tamil Nadu,Ramanathapuram,Ramanathapuram(Uzhavar Sandhai ),Onion Green,Onion Green,Local,29/08/2026,8000,8500,8250
Tamil Nadu,Dharmapuri,Dharmapuri(Uzhavar Sandhai ),Onion Green,Onion Green,Local,29/08/2026,5500,6000,5750
Tamil Nadu,Coimbatore,RSPuram(Uzhavar Sandhai ),Onion Green,Onion Green,Local,29/08/2026,6600,7200,6900
Tamil Nadu,Madurai,Thirumangalam(Uzhavar Sandhai ),Onion Green,Onion Green,Local,29/08/2026,7500,8000,7750
Tamil Nadu,Thiruchirappalli,Musiri(Uzhavar Sandhai ),Onion Green,Onion Green,Local,29/08/2026,5000,8000,6500
Tamil Nadu,Thiruchirappalli,Thuraiyur APMC,Onion Green,Onion Green,Local,29/08/2026,7000,8000,7500
Tamil Nadu,Salem,Mecheri(Uzhavar Sandhai),Onion Green,Onion Green,Local,29/08/2026,6000,6500,6250
Tamil Nadu,Krishnagiri,Hosur(Uzhavar Sandhai ),Onion Green,Onion Green,Local,29/08/2026,8000,8500,8250
Tamil Nadu,Ramanathapuram,Paramakudi(Uzhavar Sandhai ),Onion Green,Onion Green,Local,29/08/2026,7000,7500,7250
Tamil Nadu,Salem,Mettur(Uzhavar Sandhai ),Onion Green,Onion Green,Local,29/08/2026,5500,6500,6000
Tamil Nadu,Dharmapuri,Palacode(Uzhavar Sandhai ),Onion Green,Onion Green,Local,29/08/2026,6000,6500,6250
Tamil Nadu,Coimbatore,Pollachi(Uzhavar Sandhai ),Onion Green,Onion Green,Local,29/08/2026,7000,7500,7250
Tamil Nadu,Thiruchirappalli,Manachanallur(Uzhavar Sandhai ),Onion Green,Onion Green,Local,29/08/2026,7000,8000,7500
Tamil Nadu,Ariyalur,Ariyalur(Uzhavar Sandhai),Onion Green,Onion Green,Local,29/08/2026,6000,7000,6500
Tamil Nadu,Kancheepuram,Kundrathur(Uzhavar Sandhai ),Onion Green,Onion Green,Local,29/08/2026,6000,6000,6000
Tamil Nadu,Theni,Periyakulam(Uzhavar Sandhai ),Onion Green,Onion Green,Local,29/08/2026,6500,7500,7000
Tamil Nadu,Madurai,Melur(Uzhavar Sandhai ),Onion Green,Onion Green,Local,29/08/2026,7500,8000,7750
Tamil Nadu,Erode,Sathiyamagalam(Uzhavar Sandhai ),Onion Green,Onion Green,Local,29/08/2026,5500,6000,5750
Tamil Nadu,Thiruvannamalai,Polur(Uzhavar Sandhai ),Onion Green,Onion Green,Local,29/08/2026,5000,6000,5500
Tamil Nadu,Krishnagiri,Denkanikottai(Uzhavar Sandhai ),Onion Green,Onion Green,Local,29/08/2026,8000,8500,8250
Tamil Nadu,Kallakuruchi,Sankarapuram(Uzhavar Sandhai ),Onion Green,Onion Green,Local,29/08/2026,8000,8000,8000
Tamil Nadu,Erode,Perundurai(Uzhavar Sandhai ),Mint(Pudina),Mint(Pudina),Local,29/08/2026,4000,4500,4250
Tamil Nadu,Thiruvannamalai,Cheyyar(Uzhavar Sandhai ),Mint(Pudina),Mint(Pudina),Local,29/08/2026,3200,4000,3600
Tamil Nadu,Thiruvannamalai,Arani(Uzhavar Sandhai ),Mint(Pudina),Mint(Pudina),Local,29/08/2026,3500,4000,3750
Tamil Nadu,Tuticorin,Tuticorin(Uzhavar Sandhai ),Mint(Pudina),Mint(Pudina),Local,29/08/2026,4500,5000,4750
Tamil Nadu,Nagapattinam,Nagapattinam(Uzhavar Sandhai ),Mint(Pudina),Mint(Pudina),Local,29/08/2026,2900,3600,3250
Tamil Nadu,Namakkal,Mohanur(Uzhavar Sandhai ),Mint(Pudina),Mint(Pudina),Local,29/08/2026,5000,6000,5500
Tamil Nadu,Thirupur,Kangayam(Uzhavar Sandhai ),Mint(Pudina),Mint(Pudina),Local,29/08/2026,4400,4800,4600
Tamil Nadu,Namakkal,Rasipuram(Uzhavar Sandhai ),Mint(Pudina),Mint(Pudina),Local,29/08/2026,5500,6000,5750
Tamil Nadu,Theni,Periyakulam(Uzhavar Sandhai ),Mint(Pudina),Mint(Pudina),Local,29/08/2026,5000,5000,5000
Tamil Nadu,Karur,Pallapatti (Uzhavar Sandhai ),Mint(Pudina),Mint(Pudina),Local,29/08/2026,4500,5000,4750
Tamil Nadu,Karur,Velayuthampalayam(Uzhavar Sandhai ),Mint(Pudina),Mint(Pudina),Local,29/08/2026,4500,5500,5000
Tamil Nadu,Pudukkottai,Ponnamaravathi(Uzhavar Sandhai),Mint(Pudina),Mint(Pudina),Local,29/08/2026,4500,5000,4750
Tamil Nadu,Virudhunagar,Sivakasi(Uzhavar Sandhai ),Mint(Pudina),Mint(Pudina),Local,29/08/2026,5000,6000,5500
Tamil Nadu,Villupuram,Gingee(Uzhavar Sandhai ),Mint(Pudina),Mint(Pudina),Local,29/08/2026,3000,3000,3000
Tamil Nadu,Chengalpattu,Madhuranthagam(Uzhavar Sandhai ),Mint(Pudina),Mint(Pudina),Local,29/08/2026,5000,5000,5000
Tamil Nadu,Namakkal,Paramathivelur(Uzhavar Sandhai ),Mint(Pudina),Mint(Pudina),Local,29/08/2026,3000,4000,3500
Tamil Nadu,Dindigul,Chinnalapatti(Uzhavar Sandhai ),Mint(Pudina),Mint(Pudina),Local,29/08/2026,3000,3500,3250
Tamil Nadu,Ariyalur,Ariyalur(Uzhavar Sandhai),Mint(Pudina),Mint(Pudina),Local,29/08/2026,5000,5500,5250
Tamil Nadu,Virudhunagar,Kariyapatti(Uzhavar Sandhai ),Mint(Pudina),Mint(Pudina),Local,29/08/2026,5500,6000,5750
Tamil Nadu,Dharmapuri,Karimangalam(Uzhavar Sandhai),Mint(Pudina),Mint(Pudina),Local,29/08/2026,5500,6000,5750
Tamil Nadu,Salem,Attayampatti(Uzhavar Sandhai ),Mint(Pudina),Mint(Pudina),Local,29/08/2026,4000,4000,4000
Tamil Nadu,Cuddalore,Vadalur(Uzhavar Sandhai ),Mint(Pudina),Mint(Pudina),Local,29/08/2026,4000,4000,4000
Tamil Nadu,Nagercoil (Kannyiakumari),Vadaseri APMC,Mint(Pudina),Mint(Pudina),Local,29/08/2026,6500,7000,6750
Tamil Nadu,Madurai,Usilampatti(Uzhavar Sandhai ),Mint(Pudina),Mint(Pudina),Local,29/08/2026,4500,5000,4750
Tamil Nadu,Dharmapuri,Palacode(Uzhavar Sandhai ),Mint(Pudina),Mint(Pudina),Local,29/08/2026,5000,5500,5250
Tamil Nadu,Thirupur,Tiruppur (South) (Uzhavar Sandhai ),Mint(Pudina),Mint(Pudina),Local,29/08/2026,2500,3000,2750
Tamil Nadu,Kancheepuram,Padappai(Uzhavar Sandhai ),Mint(Pudina),Mint(Pudina),Local,29/08/2026,4000,5000,4500
Tamil Nadu,Villupuram,Tindivanam APMC,Rose(Local),Rose (Local),Local,29/08/2026,20000,20000,20000
Tamil Nadu,Chengalpattu,Nanganallur(Uzhavar Sandhai ),Rose(Local),Rose (Local),Local,29/08/2026,22000,23000,22500
Tamil Nadu,Krishnagiri,Hosur(Uzhavar Sandhai ),Tube Rose(Loose),Tube Rose (Loose),Local,29/08/2026,15000,20000,17500
West Bengal,Medinipur(E),Kolaghat APMC,Tube Rose(Loose),Tube Rose (Loose),FAQ,29/08/2026,5500,6500,6000
Madhya Pradesh,Morena,Kailaras APMC,Ramphal,Ramphal,Large,29/08/2026,400,400,400
Tamil Nadu,Coimbatore,Mettupalayam(Uzhavar Sandhai ),Baby Corn,Baby Corn,Grade A,29/08/2026,2500,3000,2750
Tamil Nadu,Karur,Gandhigramam(Uzhavar Sandhai),Baby Corn,Baby Corn,Grade A,29/08/2026,3500,4000,3750
Tamil Nadu,Salem,Sooramangalam(Uzhavar Sandhai ),Baby Corn,Baby Corn,Grade A,29/08/2026,2500,3000,2750
Tamil Nadu,Salem,Hasthampatti(Uzhavar Sandhai ),Baby Corn,Baby Corn,Grade A,29/08/2026,2000,2500,2250
Tamil Nadu,Dharmapuri,Palacode(Uzhavar Sandhai ),Sweet Corn ,Sweet Corn ,Local,29/08/2026,2800,3000,2900
Tamil Nadu,Dharmapuri,Dharmapuri(Uzhavar Sandhai ),Sweet Corn ,Sweet Corn ,Local,29/08/2026,2800,3000,2900
Tamil Nadu,Karur,Karur(Uzhavar Sandhai ),Sweet Corn ,Sweet Corn ,Local,29/08/2026,3500,4000,3750
Tamil Nadu,Vellore,Pallikonda(Uzhavar Sandhai),Sweet Corn ,Sweet Corn ,Local,29/08/2026,2500,3000,2750
Tamil Nadu,Salem,Thathakapatti(Uzhavar Sandhai ),Sweet Corn ,Sweet Corn ,Local,29/08/2026,3500,4000,3750
Tamil Nadu,Coimbatore,Mettupalayam(Uzhavar Sandhai ),Sweet Corn ,Sweet Corn ,Local,29/08/2026,3500,4000,3750
Tamil Nadu,Salem,Ammapet(Uzhavar Sandhai ),Sweet Corn ,Sweet Corn ,Local,29/08/2026,3200,3500,3350
Tamil Nadu,Dharmapuri,AJattihalli(Uzhavar Sandhai ),Sweet Corn ,Sweet Corn ,Local,29/08/2026,3500,3500,3500
Andhra Pradesh,Alluri Sitharama Raju,Araku Valley APMC,Other Pulses,Rajma,Grade Range-1,29/08/2026,7000,7500,7300
